tag_name,category,in_boiler_cats,in_minlp158,status,n_pi_deps,n_covered,n_blocked,blocked_pi_tags
Air_Comp_Flag,Boiler -- Air System,True,False,partially_blocked,14,2,12,AC_A_Flow_To_Header_raw; AC_B_Flow_To_Header_raw; AC_C_Flow_To_Header_raw; AC_D_Flow_To_Header_raw; Air_Compressor_B_Discharge_Pressure; Air_Compressor_C_Discharge_Pressure; Air_Compressor_Turbine_A_RPM; Air_Compressor_Turbine_D_RPM; Air_compressor_A_Discharge_flow_raw; Air_compressor_B_Discharge_flow_raw; Air_compressor_C_Discharge_flow_raw; Air_compressor_D_Discharge_flow_raw
Air_Compressor_Turbine_A_Steam,Steam Turbine,False,True,fully_computable,1,1,0,
Air_Compressor_Turbine_D_Steam,Steam Turbine,False,True,fully_computable,1,1,0,
Air_Imbalance,Boiler -- Air System,True,False,partially_blocked,21,2,19,AC_A_Flow_To_Header_raw; AC_B_Flow_To_Header_raw; AC_C_Flow_To_Header_raw; AC_D_Flow_To_Header_raw; Air_Compressor_B_Discharge_Pressure; Air_Compressor_C_Discharge_Pressure; Air_Compressor_Turbine_A_RPM; Air_Compressor_Turbine_D_RPM; Decoke_check; Instr_air_to_CW_in_m3ph; Instr_air_to_EG1_in_kgph; Instr_air_to_EG2_in_kgph; Instr_air_to_EG3_in_kgph; Instr_air_to_Eth_in_tph; Instr_air_to_LAO_in_kgph; Plant_air_to_EG1_in_kgph; Plant_air_to_EG2_in_kgph; Plant_air_to_EG3_in_kgph; Plant_air_to_LAO_in_kgph
Air_KPI_doller,Boiler -- Air System,True,False,partially_blocked,61,26,35,Air_Compressor_B_Discharge_Pressure; Air_Compressor_C_Discharge_Pressure; Air_Compressor_Motor_B_Amperes; Air_Compressor_Motor_C_Amperes; Air_Compressor_Turbine_A_RPM; Air_Compressor_Turbine_D_RPM; Air_compressor_A_Discharge_flow_raw; Air_compressor_B_Discharge_flow_raw; Air_compressor_C_Discharge_flow_raw; Air_compressor_D_Discharge_flow_raw; Arrazi_Plant_Load; BOILER_A_FLUE_GAS_OXGYGEN; BOILER_B_FLUE_GAS_OXGYGEN; BOILER_C_FLUE_GAS_OXGYGEN; BOILER_D_FLUE_GAS_OXGYGEN; BOILER_E_FLUE_GAS_OXGYGEN; Boielr_B_Fuel_Gas_Flow; Boiler_A_Combustion_Air_Temperature; Boiler_A_Main_Fuel_Gas_Temperature; Boiler_B_Combustion_Air_Temperature; Boiler_B_Main_Fuel_Gas_Temperature; Boiler_C_Combustion_Air_Temperature; Boiler_C_Main_Fuel_Gas_Temperature; Boiler_D_Combustion_Air_Temperature; Boiler_D_Main_Fuel_Gas_Temperature; Boiler_E_Combustion_Air_Temp; Boiler_E_Main_Fuel_Gas_Temperature; Fuel_BLR_1_raw; Fuel_BLR_2_raw; Fuel_BLR_3_raw; Fuel_BLR_4_raw; Fuel_BLR_5_raw; HP_Steam_Enthalpy; LHV; LP_Steam_Enthalpy
Air_cost_factor,Boiler -- Air System,True,False,depends_on_non_pi_refs,0,0,24,Air_Compressor_Motor_B_Power_actual; Air_Compressor_Motor_B_Power_optimum; Air_Compressor_Motor_C_Power_actual; Air_Compressor_Motor_C_Power_optimum; Air_Compressor_Turbine_A_Steam_actual; Air_Compressor_Turbine_A_Steam_optimum; Air_Compressor_Turbine_D_Steam_actual; Air_Compressor_Turbine_D_Steam_optimum; Air_compressor_A_Discharge_flow_actual; Air_compressor_A_Discharge_flow_optimum; Air_compressor_B_Discharge_flow_actual; Air_compressor_B_Discharge_flow_optimum; Air_compressor_C_Discharge_flow_actual; Air_compressor_C_Discharge_flow_optimum; Air_compressor_D_Discharge_flow_actual; Air_compressor_D_Discharge_flow_optimum; HP_Steam_Enthalpy_actual; HP_Steam_Enthalpy_optimum; HP_Steam_enthalpy_Cost_actual; HP_Steam_enthalpy_Cost_optimum; LP_Steam_Enthalpy_actual; LP_Steam_Enthalpy_optimum; Power_Rate_actual; Power_Rate_optimum
Air_cost_from_motors,Boiler -- Air System,True,False,fully_blocked,6,0,6,Air_Compressor_B_Discharge_Pressure; Air_Compressor_C_Discharge_Pressure; Air_Compressor_Motor_B_Amperes; Air_Compressor_Motor_C_Amperes; Air_compressor_B_Discharge_flow_raw; Air_compressor_C_Discharge_flow_raw
Air_cost_target,Boiler -- Air System,True,False,depends_on_non_pi_refs,0,0,2,Air_KPI_doller_actual; Air_cost_factor_actual
Air_density,Boiler -- Air System,True,False,literal_constant,0,0,0,
Air_vent_upper_bound,Boiler -- Air System,True,False,literal_constant,0,0,0,
BFW_A_Cost,Boiler -- BFW System,True,False,fully_blocked,3,0,3,BFW_A_AMPS; BFW_A_Bearing_temp; BFW_A_Vibrations
BFW_A_Motor_Power,Power & Electrical,False,True,fully_blocked,3,0,3,BFW_A_AMPS; BFW_A_Bearing_temp; BFW_A_Vibrations
BFW_A_Motor_Power_Imbalance,Power & Electrical,False,True,partially_blocked,38,8,30,BFW_A_AMPS; BFW_A_Bearing_temp; BFW_A_Vibrations; BFW_D_AMPS; BFW_D_Bearing_temp; BFW_D_Vibrations; BFW_TO_LAO_raw; BFW_to_EOEG_1_raw; BFW_to_EOEG_2_raw; BFW_to_EOEG_3_raw; DSP_BFW_TO_CAUSTIC_DILUTION_raw; DSP_BFW_TO_EG1_raw; DSP_BFW_TO_EG2_raw; DSP_BFW_TO_EG3_raw; DSP_BFW_TO_ETH_raw; EG1_DEG_production_flow; EG1_HEG_production_flow; EG1_MEG_production_flow; EG1_TEG_production_flow; EG2_DEG_production_flow; EG2_HEG_production_flow; EG2_MEG_production_flow; EG2_TEG_production_flow; EG3_DEG_production_flow; EG3_HEG_production_flow; EG3_MEG_production_flow; EG3_TEG_production_flow; LAO_Load_raw; PM7103F_CWP_MTR_BEARING; Total_Ethylene_Production_ETH_Plant
BFW_A_Motor_Power_Regression,Power & Electrical,False,True,partially_blocked,38,8,30,BFW_A_AMPS; BFW_A_Bearing_temp; BFW_A_Vibrations; BFW_D_AMPS; BFW_D_Bearing_temp; BFW_D_Vibrations; BFW_TO_LAO_raw; BFW_to_EOEG_1_raw; BFW_to_EOEG_2_raw; BFW_to_EOEG_3_raw; DSP_BFW_TO_CAUSTIC_DILUTION_raw; DSP_BFW_TO_EG1_raw; DSP_BFW_TO_EG2_raw; DSP_BFW_TO_EG3_raw; DSP_BFW_TO_ETH_raw; EG1_DEG_production_flow; EG1_HEG_production_flow; EG1_MEG_production_flow; EG1_TEG_production_flow; EG2_DEG_production_flow; EG2_HEG_production_flow; EG2_MEG_production_flow; EG2_TEG_production_flow; EG3_DEG_production_flow; EG3_HEG_production_flow; EG3_MEG_production_flow; EG3_TEG_production_flow; LAO_Load_raw; PM7103F_CWP_MTR_BEARING; Total_Ethylene_Production_ETH_Plant
BFW_A_Motor_Power_cons,Power & Electrical,False,True,partially_blocked,38,8,30,BFW_A_AMPS; BFW_A_Bearing_temp; BFW_A_Vibrations; BFW_D_AMPS; BFW_D_Bearing_temp; BFW_D_Vibrations; BFW_TO_LAO_raw; BFW_to_EOEG_1_raw; BFW_to_EOEG_2_raw; BFW_to_EOEG_3_raw; DSP_BFW_TO_CAUSTIC_DILUTION_raw; DSP_BFW_TO_EG1_raw; DSP_BFW_TO_EG2_raw; DSP_BFW_TO_EG3_raw; DSP_BFW_TO_ETH_raw; EG1_DEG_production_flow; EG1_HEG_production_flow; EG1_MEG_production_flow; EG1_TEG_production_flow; EG2_DEG_production_flow; EG2_HEG_production_flow; EG2_MEG_production_flow; EG2_TEG_production_flow; EG3_DEG_production_flow; EG3_HEG_production_flow; EG3_MEG_production_flow; EG3_TEG_production_flow; LAO_Load_raw; PM7103F_CWP_MTR_BEARING; Total_Ethylene_Production_ETH_Plant
BFW_A_Motor_Status,Boiler -- BFW System,True,True,fully_blocked,3,0,3,BFW_A_AMPS; BFW_A_Bearing_temp; BFW_A_Vibrations
BFW_B_Turb_Status,Boiler -- BFW System,True,True,fully_computable,1,1,0,
BFW_B_Turb_Steam,Steam Turbine,False,True,fully_computable,1,1,0,
BFW_B_Turb_Steam_Imbalance,Steam Turbine,False,True,partially_blocked,38,8,30,BFW_A_AMPS; BFW_A_Bearing_temp; BFW_A_Vibrations; BFW_D_AMPS; BFW_D_Bearing_temp; BFW_D_Vibrations; BFW_TO_LAO_raw; BFW_to_EOEG_1_raw; BFW_to_EOEG_2_raw; BFW_to_EOEG_3_raw; DSP_BFW_TO_CAUSTIC_DILUTION_raw; DSP_BFW_TO_EG1_raw; DSP_BFW_TO_EG2_raw; DSP_BFW_TO_EG3_raw; DSP_BFW_TO_ETH_raw; EG1_DEG_production_flow; EG1_HEG_production_flow; EG1_MEG_production_flow; EG1_TEG_production_flow; EG2_DEG_production_flow; EG2_HEG_production_flow; EG2_MEG_production_flow; EG2_TEG_production_flow; EG3_DEG_production_flow; EG3_HEG_production_flow; EG3_MEG_production_flow; EG3_TEG_production_flow; LAO_Load_raw; PM7103F_CWP_MTR_BEARING; Total_Ethylene_Production_ETH_Plant
BFW_B_Turb_Steam_Regression,Steam Turbine,False,True,partially_blocked,38,8,30,BFW_A_AMPS; BFW_A_Bearing_temp; BFW_A_Vibrations; BFW_D_AMPS; BFW_D_Bearing_temp; BFW_D_Vibrations; BFW_TO_LAO_raw; BFW_to_EOEG_1_raw; BFW_to_EOEG_2_raw; BFW_to_EOEG_3_raw; DSP_BFW_TO_CAUSTIC_DILUTION_raw; DSP_BFW_TO_EG1_raw; DSP_BFW_TO_EG2_raw; DSP_BFW_TO_EG3_raw; DSP_BFW_TO_ETH_raw; EG1_DEG_production_flow; EG1_HEG_production_flow; EG1_MEG_production_flow; EG1_TEG_production_flow; EG2_DEG_production_flow; EG2_HEG_production_flow; EG2_MEG_production_flow; EG2_TEG_production_flow; EG3_DEG_production_flow; EG3_HEG_production_flow; EG3_MEG_production_flow; EG3_TEG_production_flow; LAO_Load_raw; PM7103F_CWP_MTR_BEARING; Total_Ethylene_Production_ETH_Plant
BFW_B_Turb_Steam_cons,Steam Turbine,False,True,partially_blocked,38,8,30,BFW_A_AMPS; BFW_A_Bearing_temp; BFW_A_Vibrations; BFW_D_AMPS; BFW_D_Bearing_temp; BFW_D_Vibrations; BFW_TO_LAO_raw; BFW_to_EOEG_1_raw; BFW_to_EOEG_2_raw; BFW_to_EOEG_3_raw; DSP_BFW_TO_CAUSTIC_DILUTION_raw; DSP_BFW_TO_EG1_raw; DSP_BFW_TO_EG2_raw; DSP_BFW_TO_EG3_raw; DSP_BFW_TO_ETH_raw; EG1_DEG_production_flow; EG1_HEG_production_flow; EG1_MEG_production_flow; EG1_TEG_production_flow; EG2_DEG_production_flow; EG2_HEG_production_flow; EG2_MEG_production_flow; EG2_TEG_production_flow; EG3_DEG_production_flow; EG3_HEG_production_flow; EG3_MEG_production_flow; EG3_TEG_production_flow; LAO_Load_raw; PM7103F_CWP_MTR_BEARING; Total_Ethylene_Production_ETH_Plant
BFW_C_Turb_Status,Boiler -- BFW System,True,True,fully_computable,1,1,0,
BFW_C_Turb_Steam,Steam Turbine,False,True,fully_computable,1,1,0,
BFW_C_Turb_Steam_Imbalance,Steam Turbine,False,True,partially_blocked,38,8,30,BFW_A_AMPS; BFW_A_Bearing_temp; BFW_A_Vibrations; BFW_D_AMPS; BFW_D_Bearing_temp; BFW_D_Vibrations; BFW_TO_LAO_raw; BFW_to_EOEG_1_raw; BFW_to_EOEG_2_raw; BFW_to_EOEG_3_raw; DSP_BFW_TO_CAUSTIC_DILUTION_raw; DSP_BFW_TO_EG1_raw; DSP_BFW_TO_EG2_raw; DSP_BFW_TO_EG3_raw; DSP_BFW_TO_ETH_raw; EG1_DEG_production_flow; EG1_HEG_production_flow; EG1_MEG_production_flow; EG1_TEG_production_flow; EG2_DEG_production_flow; EG2_HEG_production_flow; EG2_MEG_production_flow; EG2_TEG_production_flow; EG3_DEG_production_flow; EG3_HEG_production_flow; EG3_MEG_production_flow; EG3_TEG_production_flow; LAO_Load_raw; PM7103F_CWP_MTR_BEARING; Total_Ethylene_Production_ETH_Plant
BFW_C_Turb_Steam_Regression,Steam Turbine,False,True,partially_blocked,38,8,30,BFW_A_AMPS; BFW_A_Bearing_temp; BFW_A_Vibrations; BFW_D_AMPS; BFW_D_Bearing_temp; BFW_D_Vibrations; BFW_TO_LAO_raw; BFW_to_EOEG_1_raw; BFW_to_EOEG_2_raw; BFW_to_EOEG_3_raw; DSP_BFW_TO_CAUSTIC_DILUTION_raw; DSP_BFW_TO_EG1_raw; DSP_BFW_TO_EG2_raw; DSP_BFW_TO_EG3_raw; DSP_BFW_TO_ETH_raw; EG1_DEG_production_flow; EG1_HEG_production_flow; EG1_MEG_production_flow; EG1_TEG_production_flow; EG2_DEG_production_flow; EG2_HEG_production_flow; EG2_MEG_production_flow; EG2_TEG_production_flow; EG3_DEG_production_flow; EG3_HEG_production_flow; EG3_MEG_production_flow; EG3_TEG_production_flow; LAO_Load_raw; PM7103F_CWP_MTR_BEARING; Total_Ethylene_Production_ETH_Plant
BFW_C_Turb_Steam_cons,Steam Turbine,False,True,partially_blocked,38,8,30,BFW_A_AMPS; BFW_A_Bearing_temp; BFW_A_Vibrations; BFW_D_AMPS; BFW_D_Bearing_temp; BFW_D_Vibrations; BFW_TO_LAO_raw; BFW_to_EOEG_1_raw; BFW_to_EOEG_2_raw; BFW_to_EOEG_3_raw; DSP_BFW_TO_CAUSTIC_DILUTION_raw; DSP_BFW_TO_EG1_raw; DSP_BFW_TO_EG2_raw; DSP_BFW_TO_EG3_raw; DSP_BFW_TO_ETH_raw; EG1_DEG_production_flow; EG1_HEG_production_flow; EG1_MEG_production_flow; EG1_TEG_production_flow; EG2_DEG_production_flow; EG2_HEG_production_flow; EG2_MEG_production_flow; EG2_TEG_production_flow; EG3_DEG_production_flow; EG3_HEG_production_flow; EG3_MEG_production_flow; EG3_TEG_production_flow; LAO_Load_raw; PM7103F_CWP_MTR_BEARING; Total_Ethylene_Production_ETH_Plant
BFW_Cost,Boiler -- BFW System,True,False,fully_computable,5,5,0,
BFW_D_Cost,Boiler -- BFW System,True,False,fully_blocked,3,0,3,BFW_D_AMPS; BFW_D_Bearing_temp; BFW_D_Vibrations
BFW_D_Motor_Power,Power & Electrical,False,True,fully_blocked,3,0,3,BFW_D_AMPS; BFW_D_Bearing_temp; BFW_D_Vibrations
BFW_D_Motor_Power_Imbalance,Power & Electrical,False,True,partially_blocked,38,8,30,BFW_A_AMPS; BFW_A_Bearing_temp; BFW_A_Vibrations; BFW_D_AMPS; BFW_D_Bearing_temp; BFW_D_Vibrations; BFW_TO_LAO_raw; BFW_to_EOEG_1_raw; BFW_to_EOEG_2_raw; BFW_to_EOEG_3_raw; DSP_BFW_TO_CAUSTIC_DILUTION_raw; DSP_BFW_TO_EG1_raw; DSP_BFW_TO_EG2_raw; DSP_BFW_TO_EG3_raw; DSP_BFW_TO_ETH_raw; EG1_DEG_production_flow; EG1_HEG_production_flow; EG1_MEG_production_flow; EG1_TEG_production_flow; EG2_DEG_production_flow; EG2_HEG_production_flow; EG2_MEG_production_flow; EG2_TEG_production_flow; EG3_DEG_production_flow; EG3_HEG_production_flow; EG3_MEG_production_flow; EG3_TEG_production_flow; LAO_Load_raw; PM7103F_CWP_MTR_BEARING; Total_Ethylene_Production_ETH_Plant
BFW_D_Motor_Power_Regression,Power & Electrical,False,True,partially_blocked,38,8,30,BFW_A_AMPS; BFW_A_Bearing_temp; BFW_A_Vibrations; BFW_D_AMPS; BFW_D_Bearing_temp; BFW_D_Vibrations; BFW_TO_LAO_raw; BFW_to_EOEG_1_raw; BFW_to_EOEG_2_raw; BFW_to_EOEG_3_raw; DSP_BFW_TO_CAUSTIC_DILUTION_raw; DSP_BFW_TO_EG1_raw; DSP_BFW_TO_EG2_raw; DSP_BFW_TO_EG3_raw; DSP_BFW_TO_ETH_raw; EG1_DEG_production_flow; EG1_HEG_production_flow; EG1_MEG_production_flow; EG1_TEG_production_flow; EG2_DEG_production_flow; EG2_HEG_production_flow; EG2_MEG_production_flow; EG2_TEG_production_flow; EG3_DEG_production_flow; EG3_HEG_production_flow; EG3_MEG_production_flow; EG3_TEG_production_flow; LAO_Load_raw; PM7103F_CWP_MTR_BEARING; Total_Ethylene_Production_ETH_Plant
BFW_D_Motor_Power_cons,Power & Electrical,False,True,partially_blocked,38,8,30,BFW_A_AMPS; BFW_A_Bearing_temp; BFW_A_Vibrations; BFW_D_AMPS; BFW_D_Bearing_temp; BFW_D_Vibrations; BFW_TO_LAO_raw; BFW_to_EOEG_1_raw; BFW_to_EOEG_2_raw; BFW_to_EOEG_3_raw; DSP_BFW_TO_CAUSTIC_DILUTION_raw; DSP_BFW_TO_EG1_raw; DSP_BFW_TO_EG2_raw; DSP_BFW_TO_EG3_raw; DSP_BFW_TO_ETH_raw; EG1_DEG_production_flow; EG1_HEG_production_flow; EG1_MEG_production_flow; EG1_TEG_production_flow; EG2_DEG_production_flow; EG2_HEG_production_flow; EG2_MEG_production_flow; EG2_TEG_production_flow; EG3_DEG_production_flow; EG3_HEG_production_flow; EG3_MEG_production_flow; EG3_TEG_production_flow; LAO_Load_raw; PM7103F_CWP_MTR_BEARING; Total_Ethylene_Production_ETH_Plant
BFW_D_Motor_Status,Boiler -- BFW System,True,True,fully_blocked,3,0,3,BFW_D_AMPS; BFW_D_Bearing_temp; BFW_D_Vibrations
BFW_Drives_Running,Boiler -- BFW System,True,True,partially_blocked,10,3,7,BFW_A_AMPS; BFW_A_Bearing_temp; BFW_A_Vibrations; BFW_D_AMPS; BFW_D_Bearing_temp; BFW_D_Vibrations; PM7103F_CWP_MTR_BEARING
BFW_E_Turb_Status,Boiler -- BFW System,True,True,fully_computable,1,1,0,
BFW_E_Turb_Steam,Steam Turbine,False,True,fully_computable,1,1,0,
BFW_E_Turb_Steam_Imbalance,Steam Turbine,False,True,partially_blocked,38,8,30,BFW_A_AMPS; BFW_A_Bearing_temp; BFW_A_Vibrations; BFW_D_AMPS; BFW_D_Bearing_temp; BFW_D_Vibrations; BFW_TO_LAO_raw; BFW_to_EOEG_1_raw; BFW_to_EOEG_2_raw; BFW_to_EOEG_3_raw; DSP_BFW_TO_CAUSTIC_DILUTION_raw; DSP_BFW_TO_EG1_raw; DSP_BFW_TO_EG2_raw; DSP_BFW_TO_EG3_raw; DSP_BFW_TO_ETH_raw; EG1_DEG_production_flow; EG1_HEG_production_flow; EG1_MEG_production_flow; EG1_TEG_production_flow; EG2_DEG_production_flow; EG2_HEG_production_flow; EG2_MEG_production_flow; EG2_TEG_production_flow; EG3_DEG_production_flow; EG3_HEG_production_flow; EG3_MEG_production_flow; EG3_TEG_production_flow; LAO_Load_raw; PM7103F_CWP_MTR_BEARING; Total_Ethylene_Production_ETH_Plant
BFW_E_Turb_Steam_Regression,Steam Turbine,False,True,partially_blocked,38,8,30,BFW_A_AMPS; BFW_A_Bearing_temp; BFW_A_Vibrations; BFW_D_AMPS; BFW_D_Bearing_temp; BFW_D_Vibrations; BFW_TO_LAO_raw; BFW_to_EOEG_1_raw; BFW_to_EOEG_2_raw; BFW_to_EOEG_3_raw; DSP_BFW_TO_CAUSTIC_DILUTION_raw; DSP_BFW_TO_EG1_raw; DSP_BFW_TO_EG2_raw; DSP_BFW_TO_EG3_raw; DSP_BFW_TO_ETH_raw; EG1_DEG_production_flow; EG1_HEG_production_flow; EG1_MEG_production_flow; EG1_TEG_production_flow; EG2_DEG_production_flow; EG2_HEG_production_flow; EG2_MEG_production_flow; EG2_TEG_production_flow; EG3_DEG_production_flow; EG3_HEG_production_flow; EG3_MEG_production_flow; EG3_TEG_production_flow; LAO_Load_raw; PM7103F_CWP_MTR_BEARING; Total_Ethylene_Production_ETH_Plant
BFW_E_Turb_Steam_cons,Steam Turbine,False,True,partially_blocked,38,8,30,BFW_A_AMPS; BFW_A_Bearing_temp; BFW_A_Vibrations; BFW_D_AMPS; BFW_D_Bearing_temp; BFW_D_Vibrations; BFW_TO_LAO_raw; BFW_to_EOEG_1_raw; BFW_to_EOEG_2_raw; BFW_to_EOEG_3_raw; DSP_BFW_TO_CAUSTIC_DILUTION_raw; DSP_BFW_TO_EG1_raw; DSP_BFW_TO_EG2_raw; DSP_BFW_TO_EG3_raw; DSP_BFW_TO_ETH_raw; EG1_DEG_production_flow; EG1_HEG_production_flow; EG1_MEG_production_flow; EG1_TEG_production_flow; EG2_DEG_production_flow; EG2_HEG_production_flow; EG2_MEG_production_flow; EG2_TEG_production_flow; EG3_DEG_production_flow; EG3_HEG_production_flow; EG3_MEG_production_flow; EG3_TEG_production_flow; LAO_Load_raw; PM7103F_CWP_MTR_BEARING; Total_Ethylene_Production_ETH_Plant
BFW_F_Cost,Boiler -- BFW System,True,False,fully_blocked,1,0,1,PM7103F_CWP_MTR_BEARING
BFW_F_Motor_Power,Power & Electrical,False,True,fully_blocked,1,0,1,PM7103F_CWP_MTR_BEARING
BFW_F_Motor_Power_Imbalance,Power & Electrical,False,True,partially_blocked,38,8,30,BFW_A_AMPS; BFW_A_Bearing_temp; BFW_A_Vibrations; BFW_D_AMPS; BFW_D_Bearing_temp; BFW_D_Vibrations; BFW_TO_LAO_raw; BFW_to_EOEG_1_raw; BFW_to_EOEG_2_raw; BFW_to_EOEG_3_raw; DSP_BFW_TO_CAUSTIC_DILUTION_raw; DSP_BFW_TO_EG1_raw; DSP_BFW_TO_EG2_raw; DSP_BFW_TO_EG3_raw; DSP_BFW_TO_ETH_raw; EG1_DEG_production_flow; EG1_HEG_production_flow; EG1_MEG_production_flow; EG1_TEG_production_flow; EG2_DEG_production_flow; EG2_HEG_production_flow; EG2_MEG_production_flow; EG2_TEG_production_flow; EG3_DEG_production_flow; EG3_HEG_production_flow; EG3_MEG_production_flow; EG3_TEG_production_flow; LAO_Load_raw; PM7103F_CWP_MTR_BEARING; Total_Ethylene_Production_ETH_Plant
BFW_F_Motor_Power_Regression,Power & Electrical,False,True,partially_blocked,38,8,30,BFW_A_AMPS; BFW_A_Bearing_temp; BFW_A_Vibrations; BFW_D_AMPS; BFW_D_Bearing_temp; BFW_D_Vibrations; BFW_TO_LAO_raw; BFW_to_EOEG_1_raw; BFW_to_EOEG_2_raw; BFW_to_EOEG_3_raw; DSP_BFW_TO_CAUSTIC_DILUTION_raw; DSP_BFW_TO_EG1_raw; DSP_BFW_TO_EG2_raw; DSP_BFW_TO_EG3_raw; DSP_BFW_TO_ETH_raw; EG1_DEG_production_flow; EG1_HEG_production_flow; EG1_MEG_production_flow; EG1_TEG_production_flow; EG2_DEG_production_flow; EG2_HEG_production_flow; EG2_MEG_production_flow; EG2_TEG_production_flow; EG3_DEG_production_flow; EG3_HEG_production_flow; EG3_MEG_production_flow; EG3_TEG_production_flow; LAO_Load_raw; PM7103F_CWP_MTR_BEARING; Total_Ethylene_Production_ETH_Plant
BFW_F_Motor_Power_cons,Power & Electrical,False,True,partially_blocked,38,8,30,BFW_A_AMPS; BFW_A_Bearing_temp; BFW_A_Vibrations; BFW_D_AMPS; BFW_D_Bearing_temp; BFW_D_Vibrations; BFW_TO_LAO_raw; BFW_to_EOEG_1_raw; BFW_to_EOEG_2_raw; BFW_to_EOEG_3_raw; DSP_BFW_TO_CAUSTIC_DILUTION_raw; DSP_BFW_TO_EG1_raw; DSP_BFW_TO_EG2_raw; DSP_BFW_TO_EG3_raw; DSP_BFW_TO_ETH_raw; EG1_DEG_production_flow; EG1_HEG_production_flow; EG1_MEG_production_flow; EG1_TEG_production_flow; EG2_DEG_production_flow; EG2_HEG_production_flow; EG2_MEG_production_flow; EG2_TEG_production_flow; EG3_DEG_production_flow; EG3_HEG_production_flow; EG3_MEG_production_flow; EG3_TEG_production_flow; LAO_Load_raw; PM7103F_CWP_MTR_BEARING; Total_Ethylene_Production_ETH_Plant
BFW_F_Motor_Status,Boiler -- BFW System,True,True,fully_blocked,1,0,1,PM7103F_CWP_MTR_BEARING
BFW_Flow_Consumption,Boiler -- BFW System,True,True,partially_blocked,28,5,23,BFW_TO_LAO_raw; BFW_to_EOEG_1_raw; BFW_to_EOEG_2_raw; BFW_to_EOEG_3_raw; DSP_BFW_TO_CAUSTIC_DILUTION_raw; DSP_BFW_TO_EG1_raw; DSP_BFW_TO_EG2_raw; DSP_BFW_TO_EG3_raw; DSP_BFW_TO_ETH_raw; EG1_DEG_production_flow; EG1_HEG_production_flow; EG1_MEG_production_flow; EG1_TEG_production_flow; EG2_DEG_production_flow; EG2_HEG_production_flow; EG2_MEG_production_flow; EG2_TEG_production_flow; EG3_DEG_production_flow; EG3_HEG_production_flow; EG3_MEG_production_flow; EG3_TEG_production_flow; LAO_Load_raw; Total_Ethylene_Production_ETH_Plant
BFW_Imbalance,Boiler -- BFW System,True,True,partially_blocked,60,8,52,BFW_TO_LAO_raw; BFW_to_EOEG_1_raw; BFW_to_EOEG_2_raw; BFW_to_EOEG_3_raw; BOILER_A_CBD; BOILER_B_CBD; BOILER_C_CBD; BOILER_D_CBD; BOILER_E_CBD; C2R_turbine_Inlet_steam_flow; C3R_turbine_Inlet_steam_flow; DMW_MAKEUP_Near_Clean_Condensate_Header; DMW_MAKEUP_Near_Suspect_Condensate_Header; DSP_BFW_TO_CAUSTIC_DILUTION_raw; DSP_BFW_TO_EG1_raw; DSP_BFW_TO_EG2_raw; DSP_BFW_TO_EG3_raw; DSP_BFW_TO_ETH_raw; Deaerator_A_LPS_raw; Deaerator_B_LPS_raw; EG1_CLEAN_COND_TO_U_O_raw; EG1_DEG_production_flow; EG1_HEG_production_flow; EG1_MEG_production_flow; EG1_TEG_production_flow; EG1_suspect_COND_TO_U_O_raw; EG2_CLEAN_COND_TO_U_O_raw; EG2_DEG_production_flow; EG2_HEG_production_flow; EG2_MEG_production_flow; EG2_TEG_production_flow; EG2_suspect_COND_TO_U_O_raw; EG3_CLEAN_COND_TO_U_O_raw; EG3_DEG_production_flow; EG3_HEG_production_flow; EG3_MEG_production_flow; EG3_TEG_production_flow; EG3_suspect_COND_TO_U_O_raw; ETH_CLEAN_COND_TO_U_O_raw; ETH_suspect_COND_TO_U_O_raw; HP_Steam_Vent_Valve_PC7027_Opening_ETH; HP_to_LP_Let_Down_Valve_Opening_HC7262_ETH; HP_to_LP_Let_Down_Valve_Opening_PC7026_ETH; LAO_Load_raw; Polished_Condenstae_to_Deaerator; Quench_water_pump_turbine_Inlet_steam_flow; Regeneration_Gas_Heater_Level; Total_Ethylene_Production_ETH_Plant; VHP_BFW_FROM_U_O; VHP_DESPHTR_BFW_FROM_U_O; VHP_to_HP_Let_Down_Valve_Opening_PX7024A_ETH; VHP_to_HP_Let_Down_Valve_Opening_PX7024B_ETH
BFW_Imbalance_Enthalpy,Boiler -- BFW System,True,False,partially_blocked,46,3,43,BOILER_A_CBD; BOILER_B_CBD; BOILER_C_CBD; BOILER_D_CBD; BOILER_E_CBD; C2R_turbine_Inlet_steam_flow; C3R_turbine_Inlet_steam_flow; DMW_MAKEUP_Near_Clean_Condensate_Header; DMW_MAKEUP_Near_Suspect_Condensate_Header; DSP_BFW_TO_ETH_raw; Deaerator_A_LPS_raw; Deaerator_B_LPS_raw; EG1_CLEAN_COND_TO_U_O_raw; EG1_DEG_production_flow; EG1_HEG_production_flow; EG1_MEG_production_flow; EG1_TEG_production_flow; EG1_suspect_COND_TO_U_O_raw; EG2_CLEAN_COND_TO_U_O_raw; EG2_DEG_production_flow; EG2_HEG_production_flow; EG2_MEG_production_flow; EG2_TEG_production_flow; EG2_suspect_COND_TO_U_O_raw; EG3_CLEAN_COND_TO_U_O_raw; EG3_DEG_production_flow; EG3_HEG_production_flow; EG3_MEG_production_flow; EG3_TEG_production_flow; EG3_suspect_COND_TO_U_O_raw; ETH_CLEAN_COND_TO_U_O_raw; ETH_suspect_COND_TO_U_O_raw; HP_Steam_Vent_Valve_PC7027_Opening_ETH; HP_to_LP_Let_Down_Valve_Opening_HC7262_ETH; HP_to_LP_Let_Down_Valve_Opening_PC7026_ETH; Polished_Condenstae_to_Deaerator; Quench_water_pump_turbine_Inlet_steam_flow; Regeneration_Gas_Heater_Level; Total_Ethylene_Production_ETH_Plant; VHP_BFW_FROM_U_O; VHP_DESPHTR_BFW_FROM_U_O; VHP_to_HP_Let_Down_Valve_Opening_PX7024A_ETH; VHP_to_HP_Let_Down_Valve_Opening_PX7024B_ETH
BFW_Motors_Running,Boiler -- BFW System,True,True,fully_blocked,7,0,7,BFW_A_AMPS; BFW_A_Bearing_temp; BFW_A_Vibrations; BFW_D_AMPS; BFW_D_Bearing_temp; BFW_D_Vibrations; PM7103F_CWP_MTR_BEARING
BFW_Pump_F_Ampere,Boiler -- BFW System,True,False,literal_constant,0,0,0,
BFW_Pump_Motor,Boiler -- BFW System,True,False,literal_constant,0,0,0,
BFW_QUALITY_RATE,Boiler -- BFW System,True,False,literal_constant,0,0,0,
BFW_TO_LAO,Boiler -- BFW System,True,True,fully_blocked,2,0,2,BFW_TO_LAO_raw; LAO_Load_raw
BFW_TO_LAO_benifit,Boiler -- BFW System,True,False,depends_on_non_pi_refs,0,0,3,BFW_Cost_actual; BFW_TO_LAO_actual; BFW_TO_LAO_optimum
BFW_Temp,Boiler -- BFW System,True,False,literal_constant,0,0,0,
BFW_Turbines_Running,Steam Turbine,False,True,fully_computable,3,3,0,
BFW_pump_Rated_Flow,Boiler -- BFW System,True,False,literal_constant,0,0,0,
BFW_to_Boilers,Boiler -- Performance & Energy,True,True,fully_computable,5,5,0,
BFW_to_Boilers_benefit,Boiler -- Performance & Energy,True,False,depends_on_non_pi_refs,0,0,3,BFW_Cost_actual; BFW_to_Boilers_actual; BFW_to_Boilers_optimum
BFW_to_EOEG_1,EG1 Plant,False,True,fully_blocked,5,0,5,BFW_to_EOEG_1_raw; EG1_DEG_production_flow; EG1_HEG_production_flow; EG1_MEG_production_flow; EG1_TEG_production_flow
BFW_to_EOEG_1_benifit,Boiler -- BFW System,True,False,depends_on_non_pi_refs,0,0,3,BFW_Cost_actual; BFW_to_EOEG_1_actual; BFW_to_EOEG_1_optimum
BFW_to_EOEG_2,EG2 Plant,False,True,fully_blocked,5,0,5,BFW_to_EOEG_2_raw; EG2_DEG_production_flow; EG2_HEG_production_flow; EG2_MEG_production_flow; EG2_TEG_production_flow
BFW_to_EOEG_2_benifit,Boiler -- BFW System,True,False,depends_on_non_pi_refs,0,0,3,BFW_Cost_actual; BFW_to_EOEG_2_actual; BFW_to_EOEG_2_optimum
BFW_to_EOEG_3,EG3 Plant,False,True,fully_blocked,5,0,5,BFW_to_EOEG_3_raw; EG3_DEG_production_flow; EG3_HEG_production_flow; EG3_MEG_production_flow; EG3_TEG_production_flow
BFW_to_EOEG_3_benifit,Boiler -- BFW System,True,False,depends_on_non_pi_refs,0,0,3,BFW_Cost_actual; BFW_to_EOEG_3_actual; BFW_to_EOEG_3_optimum
BFW_to_HP_to_MP_Letdown_Flow_In_PV0007A_UO,Letdown / Desuperheater,False,True,fully_blocked,1,0,1,HP_to_MP_Letdown_Valve_Opening_PV0007A_UO
BFW_to_HP_to_MP_Letdown_Flow_In_PV0007B_UO,Letdown / Desuperheater,False,True,fully_blocked,1,0,1,HP_to_MP_Letdown_Valve_Opening_PV0007B_UO
BLOWDOWN_CONDUCTIVITY,Boiler -- Blowdown,True,False,literal_constant,0,0,0,
BLR_1_Capacity,Boiler -- Performance & Energy,True,False,literal_constant,0,0,0,
BLR_1_HPS_Gen,Boiler -- Steam Generation,True,True,fully_computable,1,1,0,
BLR_1_HPS_Gen_Benefit,Boiler -- Steam Generation,True,False,depends_on_non_pi_refs,0,0,4,BLR_1_HPS_Gen_actual; BLR_1_HPS_Gen_optimum; HP_Steam_Enthalpy_actual; HP_Steam_enthalpy_Cost_actual
BLR_1_HPS_Gen_Energy,Boiler -- Steam Generation,True,False,partially_blocked,2,1,1,HP_Steam_Enthalpy
BLR_1_HPS_Gen_warmup,Boiler -- Steam Generation,True,False,fully_computable,1,1,0,
BLR_1_Status,Boiler -- Performance & Energy,True,True,fully_computable,1,1,0,
BLR_2_Capacity,Boiler -- Performance & Energy,True,False,literal_constant,0,0,0,
BLR_2_HPS_Gen,Boiler -- Steam Generation,True,True,fully_computable,1,1,0,
BLR_2_HPS_Gen_Benefit,Boiler -- Steam Generation,True,False,depends_on_non_pi_refs,0,0,4,BLR_2_HPS_Gen_actual; BLR_2_HPS_Gen_optimum; HP_Steam_Enthalpy_actual; HP_Steam_enthalpy_Cost_actual
BLR_2_HPS_Gen_Energy,Boiler -- Steam Generation,True,False,partially_blocked,2,1,1,HP_Steam_Enthalpy
BLR_2_HPS_Gen_warmup,Boiler -- Steam Generation,True,False,fully_computable,1,1,0,
BLR_2_Status,Boiler -- Performance & Energy,True,True,fully_computable,1,1,0,
BLR_3_Capacity,Boiler -- Performance & Energy,True,False,literal_constant,0,0,0,
BLR_3_HPS_Gen,Boiler -- Steam Generation,True,True,fully_computable,1,1,0,
BLR_3_HPS_Gen_Benefit,Boiler -- Steam Generation,True,False,depends_on_non_pi_refs,0,0,4,BLR_3_HPS_Gen_actual; BLR_3_HPS_Gen_optimum; HP_Steam_Enthalpy_actual; HP_Steam_enthalpy_Cost_actual
BLR_3_HPS_Gen_Energy,Boiler -- Steam Generation,True,False,partially_blocked,2,1,1,HP_Steam_Enthalpy
BLR_3_HPS_Gen_warmup,Boiler -- Steam Generation,True,False,fully_computable,1,1,0,
BLR_3_Status,Boiler -- Performance & Energy,True,True,fully_computable,1,1,0,
BLR_4_Capacity,Boiler -- Performance & Energy,True,False,literal_constant,0,0,0,
BLR_4_HPS_Gen,Boiler -- Steam Generation,True,True,fully_computable,1,1,0,
BLR_4_HPS_Gen_Benefit,Boiler -- Steam Generation,True,False,depends_on_non_pi_refs,0,0,4,BLR_4_HPS_Gen_actual; BLR_4_HPS_Gen_optimum; HP_Steam_Enthalpy_actual; HP_Steam_enthalpy_Cost_actual
BLR_4_HPS_Gen_Energy,Boiler -- Steam Generation,True,False,partially_blocked,2,1,1,HP_Steam_Enthalpy
BLR_4_HPS_Gen_warmup,Boiler -- Steam Generation,True,False,fully_computable,1,1,0,
BLR_4_Status,Boiler -- Performance & Energy,True,True,fully_computable,1,1,0,
BLR_5_Capacity,Boiler -- Performance & Energy,True,False,literal_constant,0,0,0,
BLR_5_HPS_Gen,Boiler -- Steam Generation,True,True,fully_computable,1,1,0,
BLR_5_HPS_Gen_Benefit,Boiler -- Steam Generation,True,False,depends_on_non_pi_refs,0,0,4,BLR_5_HPS_Gen_actual; BLR_5_HPS_Gen_optimum; HP_Steam_Enthalpy_actual; HP_Steam_enthalpy_Cost_actual
BLR_5_HPS_Gen_Energy,Boiler -- Steam Generation,True,False,partially_blocked,2,1,1,HP_Steam_Enthalpy
BLR_5_HPS_Gen_warmup,Boiler -- Steam Generation,True,False,fully_computable,1,1,0,
BLR_5_Status,Boiler -- Performance & Energy,True,True,fully_computable,1,1,0,
BLR_Fuel_saving_potential,Boiler -- Performance & Energy,True,False,partially_blocked,47,24,23,Arrazi_Plant_Load; BOILER_A_FLUE_GAS_OXGYGEN; BOILER_B_FLUE_GAS_OXGYGEN; BOILER_C_FLUE_GAS_OXGYGEN; BOILER_D_FLUE_GAS_OXGYGEN; BOILER_E_FLUE_GAS_OXGYGEN; Boielr_B_Fuel_Gas_Flow; Boiler_A_Combustion_Air_Temperature; Boiler_A_Main_Fuel_Gas_Temperature; Boiler_B_Combustion_Air_Temperature; Boiler_B_Main_Fuel_Gas_Temperature; Boiler_C_Combustion_Air_Temperature; Boiler_C_Main_Fuel_Gas_Temperature; Boiler_D_Combustion_Air_Temperature; Boiler_D_Main_Fuel_Gas_Temperature; Boiler_E_Combustion_Air_Temp; Boiler_E_Main_Fuel_Gas_Temperature; Fuel_BLR_1_raw; Fuel_BLR_2_raw; Fuel_BLR_3_raw; Fuel_BLR_4_raw; Fuel_BLR_5_raw; LHV
BLR_Fuel_saving_potential_switch,Boiler -- Performance & Energy,True,False,literal_constant,0,0,0,
BOILERS_ONLINE,Boiler -- Performance & Energy,True,False,literal_constant,0,0,0,
BOILER_A_ACTUAL_SP_ENERGY_DELTA,Boiler -- Performance & Energy,True,False,literal_constant,0,0,0,
BOILER_A_AIR_CP_FOR_SENSIBLE_HEAT_CORRECTED,Boiler -- Performance & Energy,True,False,literal_constant,0,0,0,
BOILER_A_AIR_CP_REF_T,Boiler -- Performance & Energy,True,False,literal_constant,0,0,0,
BOILER_A_AIR_FUEL_MASS_RATIO,Boiler -- Combustion & Fuel,True,False,literal_constant,0,0,0,
BOILER_A_AIR_MOISTURE,Boiler -- Performance & Energy,True,False,literal_constant,0,0,0,
BOILER_A_AIR_REQUIRED_FOR_CH4_COMBUSTION,Boiler -- Combustion & Fuel,True,False,literal_constant,0,0,0,
BOILER_A_AIR_REQUIRED_FOR_COMPLETE_COMBUSTION,Boiler -- Combustion & Fuel,True,False,literal_constant,0,0,0,
BOILER_A_AIR_REQUIRED_FOR_ETHANE_COMBUSTION,Boiler -- Combustion & Fuel,True,False,literal_constant,0,0,0,
BOILER_A_AIR_REQUIRED_FOR_ETHYLENE_COMBUSTION,Boiler -- Combustion & Fuel,True,False,literal_constant,0,0,0,
BOILER_A_AIR_REQUIRED_FOR_H2_COMBUSTION,Boiler -- Combustion & Fuel,True,False,literal_constant,0,0,0,
BOILER_A_AIR_REQUIRED_FOR_IC4_COMBUSTION,Boiler -- Combustion & Fuel,True,False,literal_constant,0,0,0,
BOILER_A_AIR_REQUIRED_FOR_IC5_COMBUSTION,Boiler -- Combustion & Fuel,True,False,literal_constant,0,0,0,
BOILER_A_AIR_REQUIRED_FOR_NC4_COMBUSTION,Boiler -- Combustion & Fuel,True,False,literal_constant,0,0,0,
BOILER_A_AIR_REQUIRED_FOR_NC5_COMBUSTION,Boiler -- Combustion & Fuel,True,False,literal_constant,0,0,0,
BOILER_A_AIR_REQUIRED_FOR_PROPANE_COMBUSTION,Boiler -- Combustion & Fuel,True,False,literal_constant,0,0,0,
BOILER_A_AVG_CP_OF_FLUE_GAS_AT_STACK_TEMP,Boiler -- Flue Gas & Stack,True,False,literal_constant,0,0,0,
BOILER_A_AVG_CP_OF_FUEL_GAS_SENSIBLE_HEAT_CORRECTED,Boiler -- Performance & Energy,True,False,literal_constant,0,0,0,
BOILER_A_BFW_ENERGY,Boiler -- Performance & Energy,True,False,literal_constant,0,0,0,
BOILER_A_BFW_ENTHALPY,Boiler -- Performance & Energy,True,False,literal_constant,0,0,0,
BOILER_A_BLOWDOWN_LOSS,Boiler -- Blowdown,True,False,literal_constant,0,0,0,
BOILER_A_BOILER_INDIRECT_EFFICIENCY,Boiler -- Performance & Energy,True,False,literal_constant,0,0,0,
BOILER_A_BOILER_LOAD,Boiler -- Performance & Energy,True,False,literal_constant,0,0,0,
BOILER_A_CALCULATED_AIRFLOW_NM3H,Boiler -- Performance & Energy,True,False,literal_constant,0,0,0,
BOILER_A_CH4_CO2_COMBUSTION,Boiler -- Combustion & Fuel,True,False,literal_constant,0,0,0,
BOILER_A_CH4_H2O_COMBUSTION,Boiler -- Combustion & Fuel,True,False,literal_constant,0,0,0,
BOILER_A_CH4_N2_COMBUSTION,Boiler -- Combustion & Fuel,True,False,literal_constant,0,0,0,
BOILER_A_CO2_EMISSIONS,Boiler -- Emissions,True,False,literal_constant,0,0,0,
BOILER_A_CO2_FORMED,Boiler -- Performance & Energy,True,False,literal_constant,0,0,0,
BOILER_A_CONVECTION_DUTY,Boiler -- Performance & Energy,True,False,literal_constant,0,0,0,
BOILER_A_CONVECTION_SECTION_EFFICIENCY,Boiler -- Performance & Energy,True,False,literal_constant,0,0,0,
BOILER_A_CORRECTED_BFW_FLOW,Boiler -- Performance & Energy,True,False,literal_constant,0,0,0,
BOILER_A_CORRECTED_COMBUSTION_AIR,Boiler -- Combustion & Fuel,True,False,literal_constant,0,0,0,
BOILER_A_CORRECTED_COMBUTION_H2O_FORMED,Boiler -- Performance & Energy,True,False,literal_constant,0,0,0,
BOILER_A_CORRECTED_FUEL_FLOW,Boiler -- Performance & Energy,True,False,literal_constant,0,0,0,
BOILER_A_CORRECTED_FUEL_GAS_ENERGY_INPUT,Boiler -- Performance & Energy,True,False,literal_constant,0,0,0,
BOILER_A_CP_AT_COMBUSTION_TEMPERATURE,Boiler -- Combustion & Fuel,True,False,literal_constant,0,0,0,
BOILER_A_CP_CH4_FUEL_TEMP,Boiler -- Performance & Energy,True,False,literal_constant,0,0,0,
BOILER_A_CP_ETHANE_FUEL_TEMP,Boiler -- Performance & Energy,True,False,literal_constant,0,0,0,
BOILER_A_CP_ETHYLENE_FUEL_TEMP,Boiler -- Performance & Energy,True,False,literal_constant,0,0,0,
BOILER_A_CP_FLUE_GAS_CO2_AT_STACK_TEMP,Boiler -- Flue Gas & Stack,True,False,literal_constant,0,0,0,
BOILER_A_CP_FLUE_GAS_H2O_AT_STACK_TEMP,Boiler -- Flue Gas & Stack,True,False,literal_constant,0,0,0,
BOILER_A_CP_FLUE_GAS_N2_AT_STACK_TEMP,Boiler -- Flue Gas & Stack,True,False,literal_constant,0,0,0,
BOILER_A_CP_H2_FUEL_TEMP,Boiler -- Performance & Energy,True,False,literal_constant,0,0,0,
BOILER_A_CP_IC4_FUEL_TEMP,Boiler -- Performance & Energy,True,False,literal_constant,0,0,0,
BOILER_A_CP_IC5_FUEL_TEMP,Boiler -- Performance & Energy,True,False,literal_constant,0,0,0,
BOILER_A_CP_NC4_FUEL_TEMP,Boiler -- Performance & Energy,True,False,literal_constant,0,0,0,
BOILER_A_CP_NC5_FUEL_TEMP,Boiler -- Performance & Energy,True,False,literal_constant,0,0,0,
BOILER_A_CP_OF_AIR_AT_STACK_TEMP,Boiler -- Flue Gas & Stack,True,False,literal_constant,0,0,0,
BOILER_A_CP_OF_H2O_AT_STACK_TEMP,Boiler -- Flue Gas & Stack,True,False,literal_constant,0,0,0,
BOILER_A_CP_PROPANE_FUEL_TEMP,Boiler -- Performance & Energy,True,False,literal_constant,0,0,0,
BOILER_A_CP_TOTAL_FUEL_AT_FUEL_TEMP,Boiler -- Performance & Energy,True,False,literal_constant,0,0,0,
BOILER_A_CP_TOTAL_FUEL_AT_REF_TEMP,Boiler -- Performance & Energy,True,False,literal_constant,0,0,0,
BOILER_A_DRY_FLUE_GAS_PER_FUEL_MASS_RATIO,Boiler -- Flue Gas & Stack,True,False,literal_constant,0,0,0,
BOILER_A_ECONOMIZER_DUTY,Boiler -- Performance & Energy,True,False,literal_constant,0,0,0,
BOILER_A_EFFICIENCY_LOSS_DUE_TO_BLOWDOWN,Boiler -- Blowdown,True,False,literal_constant,0,0,0,
BOILER_A_ENERGY_GAINED,Boiler -- Performance & Energy,True,False,literal_constant,0,0,0,
BOILER_A_ETHANE_CO2_COMBUSTION,Boiler -- Combustion & Fuel,True,False,literal_constant,0,0,0,
BOILER_A_ETHANE_H2O_COMBUSTION,Boiler -- Combustion & Fuel,True,False,literal_constant,0,0,0,
BOILER_A_ETHANE_N2_COMBUSTION,Boiler -- Combustion & Fuel,True,False,literal_constant,0,0,0,
BOILER_A_ETHYLENE_CO2_COMBUSTION,Boiler -- Combustion & Fuel,True,False,literal_constant,0,0,0,
BOILER_A_ETHYLENE_H2O_COMBUSTION,Boiler -- Combustion & Fuel,True,False,literal_constant,0,0,0,
BOILER_A_ETHYLENE_N2_COMBUSTION,Boiler -- Combustion & Fuel,True,False,literal_constant,0,0,0,
BOILER_A_EXCESS_AIR,Boiler -- Performance & Energy,True,False,literal_constant,0,0,0,
BOILER_A_FG_CH4_MASS_FRACTION,Boiler -- Combustion & Fuel,True,False,literal_constant,0,0,0,
BOILER_A_FG_CH4_MASS_PERCENTAGE,Boiler -- Combustion & Fuel,True,False,literal_constant,0,0,0,
BOILER_A_FG_DENSITY,Boiler -- Performance & Energy,True,False,literal_constant,0,0,0,
BOILER_A_FG_ETHANE_MASS_FRACTION,Boiler -- Combustion & Fuel,True,False,literal_constant,0,0,0,
BOILER_A_FG_ETHANE_MASS_PERCENTAGE,Boiler -- Combustion & Fuel,True,False,literal_constant,0,0,0,
BOILER_A_FG_ETHYLENE_MASS_FRACTION,Boiler -- Combustion & Fuel,True,False,literal_constant,0,0,0,
BOILER_A_FG_ETHYLENE_MASS_PERCENTAGE,Boiler -- Combustion & Fuel,True,False,literal_constant,0,0,0,
BOILER_A_FG_FLOW_RATE,Boiler -- Performance & Energy,True,False,literal_constant,0,0,0,
BOILER_A_FG_HYDROGEN_MASS_FRACTION,Boiler -- Combustion & Fuel,True,False,literal_constant,0,0,0,
BOILER_A_FG_HYDROGEN_MASS_PERCENTAGE,Boiler -- Combustion & Fuel,True,False,literal_constant,0,0,0,
BOILER_A_FG_IC4_MASS_FRACTION,Boiler -- Combustion & Fuel,True,False,literal_constant,0,0,0,
BOILER_A_FG_IC4_MASS_PERCENTAGE,Boiler -- Combustion & Fuel,True,False,literal_constant,0,0,0,
BOILER_A_FG_IC5_MASS_FRACTION,Boiler -- Combustion & Fuel,True,False,literal_constant,0,0,0,
BOILER_A_FG_IC5_MASS_PERCENTAGE,Boiler -- Combustion & Fuel,True,False,literal_constant,0,0,0,
BOILER_A_FG_NC4_MASS_FRACTION,Boiler -- Combustion & Fuel,True,False,literal_constant,0,0,0,
BOILER_A_FG_NC4_MASS_PERCENTAGE,Boiler -- Combustion & Fuel,True,False,literal_constant,0,0,0,
BOILER_A_FG_NC5_MASS_FRACTION,Boiler -- Combustion & Fuel,True,False,literal_constant,0,0,0,
BOILER_A_FG_NC5_MASS_PERCENTAGE,Boiler -- Combustion & Fuel,True,False,literal_constant,0,0,0,
BOILER_A_FG_NITROGEN_MASS_FRACTION,Boiler -- Combustion & Fuel,True,False,literal_constant,0,0,0,
BOILER_A_FG_NITROGEN_MASS_PERCENTAGE,Boiler -- Combustion & Fuel,True,False,literal_constant,0,0,0,
BOILER_A_FG_PROPANE_MASS_FRACTION,Boiler -- Combustion & Fuel,True,False,literal_constant,0,0,0,
BOILER_A_FG_PROPANE_MASS_PERCENTAGE,Boiler -- Combustion & Fuel,True,False,literal_constant,0,0,0,
BOILER_A_FLUE_GAS_OXGYGEN_flag,Boiler -- Flue Gas & Stack,True,False,fully_blocked,1,0,1,BOILER_A_FLUE_GAS_OXGYGEN
BOILER_A_FLUE_GAS_PER_FUEL_MASS_RATIO,Boiler -- Flue Gas & Stack,True,False,literal_constant,0,0,0,
BOILER_A_FOULING_INDEX,Boiler -- Performance & Energy,True,False,literal_constant,0,0,0,
BOILER_A_FUEL_COMPOSITION_TOTAL,Boiler -- Performance & Energy,True,False,literal_constant,0,0,0,
BOILER_A_FUEL_CONSUMPTION,Boiler -- Performance & Energy,True,False,literal_constant,0,0,0,
BOILER_A_FUEL_GAIN_LOSS,Boiler -- Performance & Energy,True,False,depends_on_non_pi_refs,0,0,2,BOILER_A_ACTUAL_SP_ENERGY_DELTA_actual; DESUPERHEATER_OUTLET_STEAM_FLOW_actual
BOILER_A_FUEL_GAS_CORRECTED_TPH,Boiler -- Performance & Energy,True,False,literal_constant,0,0,0,
BOILER_A_FUEL_GAS_ENERGY_INPUT,Boiler -- Performance & Energy,True,False,literal_constant,0,0,0,
BOILER_A_H2O_FORMED,Boiler -- Performance & Energy,True,False,literal_constant,0,0,0,
BOILER_A_H2_CO2_COMBUSTION,Boiler -- Combustion & Fuel,True,False,literal_constant,0,0,0,
BOILER_A_H2_H2O_COMBUSTION,Boiler -- Combustion & Fuel,True,False,literal_constant,0,0,0,
BOILER_A_H2_N2_COMBUSTION,Boiler -- Combustion & Fuel,True,False,literal_constant,0,0,0,
BOILER_A_HEAT_LOSS_DUE_TO_DRY_FLUE_GAS_L1,Boiler -- Flue Gas & Stack,True,False,literal_constant,0,0,0,
BOILER_A_HEAT_LOSS_DUE_TO_EVAPORATION_OF_WATER_FORMED_DUE_TO_H2_IN_FUEL_L2,Boiler -- Performance & Energy,True,False,literal_constant,0,0,0,
BOILER_A_HEAT_LOSS_DUE_TO_H2O_IN_STACK_L3,Boiler -- Flue Gas & Stack,True,False,literal_constant,0,0,0,
BOILER_A_HEAT_LOSS_DUE_TO_INCOMPLETE_COMBUSTIONL4,Boiler -- Performance & Energy,True,False,literal_constant,0,0,0,
BOILER_A_HP_STEAM_ENTHALPY,Boiler -- Performance & Energy,True,False,literal_constant,0,0,0,
BOILER_A_IC4_CO2_COMBUSTION,Boiler -- Combustion & Fuel,True,False,literal_constant,0,0,0,
BOILER_A_IC4_H2O_COMBUSTION,Boiler -- Combustion & Fuel,True,False,literal_constant,0,0,0,
BOILER_A_IC4_N2_COMBUSTION,Boiler -- Combustion & Fuel,True,False,literal_constant,0,0,0,
BOILER_A_IC5_CO2_COMBUSTION,Boiler -- Combustion & Fuel,True,False,literal_constant,0,0,0,
BOILER_A_IC5_H2O_COMBUSTION,Boiler -- Combustion & Fuel,True,False,literal_constant,0,0,0,
BOILER_A_IC5_N2_COMBUSTION,Boiler -- Combustion & Fuel,True,False,literal_constant,0,0,0,
BOILER_A_LMTD_ECONOMIZER,Boiler -- Performance & Energy,True,False,literal_constant,0,0,0,
BOILER_A_N2_FORMED,Boiler -- Performance & Energy,True,False,literal_constant,0,0,0,
BOILER_A_NC4_CO2_COMBUSTION,Boiler -- Combustion & Fuel,True,False,literal_constant,0,0,0,
BOILER_A_NC4_H2O_COMBUSTION,Boiler -- Combustion & Fuel,True,False,literal_constant,0,0,0,
BOILER_A_NC4_N2_COMBUSTION,Boiler -- Combustion & Fuel,True,False,literal_constant,0,0,0,
BOILER_A_NC5_CO2_COMBUSTION,Boiler -- Combustion & Fuel,True,False,literal_constant,0,0,0,
BOILER_A_NC5_H2O_COMBUSTION,Boiler -- Combustion & Fuel,True,False,literal_constant,0,0,0,
BOILER_A_NC5_N2_COMBUSTION,Boiler -- Combustion & Fuel,True,False,literal_constant,0,0,0,
BOILER_A_PERC_DUTY_GAINED_IN_CONVECTION_SECTION,Boiler -- Performance & Energy,True,False,literal_constant,0,0,0,
BOILER_A_PER_DUTY_GAINED_IN_RADIANT_SECTION,Boiler -- Performance & Energy,True,False,literal_constant,0,0,0,
BOILER_A_PH_ANALYZER_checked,Boiler -- Performance & Energy,True,False,fully_blocked,2,0,2,BOILER_A_PH_ANALYZER; UNITED_LIMS_CBD_A_PH
BOILER_A_PROPANE_CO2_COMBUSTION,Boiler -- Combustion & Fuel,True,False,literal_constant,0,0,0,
BOILER_A_PROPANE_H2O_COMBUSTION,Boiler -- Combustion & Fuel,True,False,literal_constant,0,0,0,
BOILER_A_PROPANE_N2_COMBUSTION,Boiler -- Combustion & Fuel,True,False,literal_constant,0,0,0,
BOILER_A_RADIATION_DUTY,Boiler -- Performance & Energy,True,False,literal_constant,0,0,0,
BOILER_A_RADIATION_DUTY_TO_CONVECTION_DUTY,Boiler -- Performance & Energy,True,False,literal_constant,0,0,0,
BOILER_A_RADIATION_LOSSES,Boiler -- Performance & Energy,True,False,literal_constant,0,0,0,
BOILER_A_RADIATION_SECTION_EFFICIENCY,Boiler -- Performance & Energy,True,False,literal_constant,0,0,0,
BOILER_A_SENSBILE_HEAT_CORRECTION_FOR_AIR,Boiler -- Performance & Energy,True,False,literal_constant,0,0,0,
BOILER_A_SENSIBLE_HEAT_CORRECTION_FOR_FUEL,Boiler -- Performance & Energy,True,False,literal_constant,0,0,0,
BOILER_A_SH_DUTY,Boiler -- Performance & Energy,True,False,literal_constant,0,0,0,
BOILER_A_SH_PERFORMANCE,Boiler -- Performance & Energy,True,False,literal_constant,0,0,0,
BOILER_A_SH_SPECIFIC_DUTY,Boiler -- Performance & Energy,True,False,literal_constant,0,0,0,
BOILER_A_SPECIFIC_ENERGY_CONSUMPTION_IN_GCAL,Boiler -- Performance & Energy,True,False,literal_constant,0,0,0,
BOILER_A_SPECIFIC_ENERGY_CONSUMPTION_IN_GJ,Boiler -- Performance & Energy,True,False,literal_constant,0,0,0,
BOILER_A_STACK_LOSS,Boiler -- Flue Gas & Stack,True,False,literal_constant,0,0,0,
BOILER_A_STACK_LOSS_CORRECTED,Boiler -- Flue Gas & Stack,True,False,literal_constant,0,0,0,
BOILER_A_STATUS,Boiler -- Performance & Energy,True,False,literal_constant,0,0,0,
BOILER_A_STEAM_DRUM_TEMP,Boiler -- Performance & Energy,True,False,literal_constant,0,0,0,
BOILER_A_STEAM_TO_FIRE_DUTY_RATIO,Boiler -- Performance & Energy,True,False,literal_constant,0,0,0,
BOILER_A_SUPERHEATED_STEAM_BFW_RATIO,Boiler -- Steam Generation,True,False,literal_constant,0,0,0,
BOILER_A_THERMAL_EFFICIENCY,Boiler -- Performance & Energy,True,False,literal_constant,0,0,0,
BOILER_A_TOTAL_BOILER_STACK_LOSS_PER_KG_FUEL,Boiler -- Flue Gas & Stack,True,False,literal_constant,0,0,0,
BOILER_A_TOTAL_FLUE_GAS_CORRECTED,Boiler -- Flue Gas & Stack,True,False,literal_constant,0,0,0,
BOILER_A_TOTAL_FLUE_GAS_GENERATED,Boiler -- Flue Gas & Stack,True,False,literal_constant,0,0,0,
BOILER_A_TOTAL_H2O_PER_KG_OF_FUEL,Boiler -- Performance & Energy,True,False,literal_constant,0,0,0,
BOILER_A_TOTAL_HEAT_ABSORBED_PER_KG_OF_FUEL,Boiler -- Performance & Energy,True,False,literal_constant,0,0,0,
BOILER_A_TOTAL_HEAT_INPUT_PER_KG_OF_FUEL,Boiler -- Performance & Energy,True,False,literal_constant,0,0,0,
BOILER_A_TOTAL_HEAT_LOSS_PER_KG_OF_FUEL,Boiler -- Performance & Energy,True,False,literal_constant,0,0,0,
BOILER_A_TOTAL_MOISTURE_WITH_AIR,Boiler -- Performance & Energy,True,False,literal_constant,0,0,0,
BOILER_A_TOTAL_STEAM_ENERGY,Boiler -- Performance & Energy,True,False,literal_constant,0,0,0,
BOILER_A_UA_ECONOMIZER,Boiler -- Performance & Energy,True,False,literal_constant,0,0,0,
BOILER_A_VAPOUR_PRESSURE_OF_H2O,Boiler -- Performance & Energy,True,False,literal_constant,0,0,0,
BOILER_B_ACTUAL_SP_ENERGY_DELTA,Boiler -- Performance & Energy,True,False,literal_constant,0,0,0,
BOILER_B_AIR_CP_FOR_SENSIBLE_HEAT_CORRECTED,Boiler -- Performance & Energy,True,False,literal_constant,0,0,0,
BOILER_B_AIR_CP_REF_T,Boiler -- Performance & Energy,True,False,literal_constant,0,0,0,
BOILER_B_AIR_FUEL_MASS_RATIO,Boiler -- Combustion & Fuel,True,False,literal_constant,0,0,0,
BOILER_B_AIR_MOISTURE,Boiler -- Performance & Energy,True,False,literal_constant,0,0,0,
BOILER_B_AIR_REQUIRED_FOR_CH4_COMBUSTION,Boiler -- Combustion & Fuel,True,False,literal_constant,0,0,0,
BOILER_B_AIR_REQUIRED_FOR_COMPLETE_COMBUSTION,Boiler -- Combustion & Fuel,True,False,literal_constant,0,0,0,
BOILER_B_AIR_REQUIRED_FOR_ETHANE_COMBUSTION,Boiler -- Combustion & Fuel,True,False,literal_constant,0,0,0,
BOILER_B_AIR_REQUIRED_FOR_ETHYLENE_COMBUSTION,Boiler -- Combustion & Fuel,True,False,literal_constant,0,0,0,
BOILER_B_AIR_REQUIRED_FOR_H2_COMBUSTION,Boiler -- Combustion & Fuel,True,False,literal_constant,0,0,0,
BOILER_B_AIR_REQUIRED_FOR_IC4_COMBUSTION,Boiler -- Combustion & Fuel,True,False,literal_constant,0,0,0,
BOILER_B_AIR_REQUIRED_FOR_IC5_COMBUSTION,Boiler -- Combustion & Fuel,True,False,literal_constant,0,0,0,
BOILER_B_AIR_REQUIRED_FOR_NC4_COMBUSTION,Boiler -- Combustion & Fuel,True,False,literal_constant,0,0,0,
BOILER_B_AIR_REQUIRED_FOR_NC5_COMBUSTION,Boiler -- Combustion & Fuel,True,False,literal_constant,0,0,0,
BOILER_B_AIR_REQUIRED_FOR_PROPANE_COMBUSTION,Boiler -- Combustion & Fuel,True,False,literal_constant,0,0,0,
BOILER_B_AVG_CP_OF_FLUE_GAS_AT_STACK_TEMP,Boiler -- Flue Gas & Stack,True,False,literal_constant,0,0,0,
BOILER_B_AVG_CP_OF_FUEL_GAS_SENSIBLE_HEAT_CORRECTED,Boiler -- Performance & Energy,True,False,literal_constant,0,0,0,
BOILER_B_BFW_ENERGY,Boiler -- Performance & Energy,True,False,literal_constant,0,0,0,
BOILER_B_BFW_ENTHALPY,Boiler -- Performance & Energy,True,False,literal_constant,0,0,0,
BOILER_B_BLOWDOWN_LOSS,Boiler -- Blowdown,True,False,literal_constant,0,0,0,
BOILER_B_BOILER_INDIRECT_EFFICIENCY,Boiler -- Performance & Energy,True,False,literal_constant,0,0,0,
BOILER_B_BOILER_LOAD,Boiler -- Performance & Energy,True,False,literal_constant,0,0,0,
BOILER_B_CALCULATED_AIRFLOW_NM3H,Boiler -- Performance & Energy,True,False,literal_constant,0,0,0,
BOILER_B_CH4_CO2_COMBUSTION,Boiler -- Combustion & Fuel,True,False,literal_constant,0,0,0,
BOILER_B_CH4_H2O_COMBUSTION,Boiler -- Combustion & Fuel,True,False,literal_constant,0,0,0,
BOILER_B_CH4_N2_COMBUSTION,Boiler -- Combustion & Fuel,True,False,literal_constant,0,0,0,
BOILER_B_CO2_EMISSIONS,Boiler -- Emissions,True,False,literal_constant,0,0,0,
BOILER_B_CO2_FORMED,Boiler -- Performance & Energy,True,False,literal_constant,0,0,0,
BOILER_B_CONVECTION_DUTY,Boiler -- Performance & Energy,True,False,literal_constant,0,0,0,
BOILER_B_CONVECTION_SECTION_EFFICIENCY,Boiler -- Performance & Energy,True,False,literal_constant,0,0,0,
BOILER_B_CORRECTED_BFW_FLOW,Boiler -- Performance & Energy,True,False,literal_constant,0,0,0,
BOILER_B_CORRECTED_COMBUSTION_AIR,Boiler -- Combustion & Fuel,True,False,literal_constant,0,0,0,
BOILER_B_CORRECTED_COMBUTION_H2O_FORMED,Boiler -- Performance & Energy,True,False,literal_constant,0,0,0,
BOILER_B_CORRECTED_FUEL_FLOW,Boiler -- Performance & Energy,True,False,literal_constant,0,0,0,
BOILER_B_CORRECTED_FUEL_GAS_ENERGY_INPUT,Boiler -- Performance & Energy,True,False,literal_constant,0,0,0,
BOILER_B_CP_AT_COMBUSTION_TEMPERATURE,Boiler -- Combustion & Fuel,True,False,literal_constant,0,0,0,
BOILER_B_CP_CH4_FUEL_TEMP,Boiler -- Performance & Energy,True,False,literal_constant,0,0,0,
BOILER_B_CP_ETHANE_FUEL_TEMP,Boiler -- Performance & Energy,True,False,literal_constant,0,0,0,
BOILER_B_CP_ETHYLENE_FUEL_TEMP,Boiler -- Performance & Energy,True,False,literal_constant,0,0,0,
BOILER_B_CP_FLUE_GAS_CO2_AT_STACK_TEMP,Boiler -- Flue Gas & Stack,True,False,literal_constant,0,0,0,
BOILER_B_CP_FLUE_GAS_H2O_AT_STACK_TEMP,Boiler -- Flue Gas & Stack,True,False,literal_constant,0,0,0,
BOILER_B_CP_FLUE_GAS_N2_AT_STACK_TEMP,Boiler -- Flue Gas & Stack,True,False,literal_constant,0,0,0,
BOILER_B_CP_H2_FUEL_TEMP,Boiler -- Performance & Energy,True,False,literal_constant,0,0,0,
BOILER_B_CP_IC4_FUEL_TEMP,Boiler -- Performance & Energy,True,False,literal_constant,0,0,0,
BOILER_B_CP_IC5_FUEL_TEMP,Boiler -- Performance & Energy,True,False,literal_constant,0,0,0,
BOILER_B_CP_NC4_FUEL_TEMP,Boiler -- Performance & Energy,True,False,literal_constant,0,0,0,
BOILER_B_CP_NC5_FUEL_TEMP,Boiler -- Performance & Energy,True,False,literal_constant,0,0,0,
BOILER_B_CP_OF_AIR_AT_STACK_TEMP,Boiler -- Flue Gas & Stack,True,False,literal_constant,0,0,0,
BOILER_B_CP_OF_H2O_AT_STACK_TEMP,Boiler -- Flue Gas & Stack,True,False,literal_constant,0,0,0,
BOILER_B_CP_PROPANE_FUEL_TEMP,Boiler -- Performance & Energy,True,False,literal_constant,0,0,0,
BOILER_B_CP_TOTAL_FUEL_AT_FUEL_TEMP,Boiler -- Performance & Energy,True,False,literal_constant,0,0,0,
BOILER_B_CP_TOTAL_FUEL_AT_REF_TEMP,Boiler -- Performance & Energy,True,False,literal_constant,0,0,0,
BOILER_B_DRY_FLUE_GAS_PER_FUEL_MASS_RATIO,Boiler -- Flue Gas & Stack,True,False,literal_constant,0,0,0,
BOILER_B_ECONOMIZER_DUTY,Boiler -- Performance & Energy,True,False,literal_constant,0,0,0,
BOILER_B_EFFICIENCY_LOSS_DUE_TO_BLOWDOWN,Boiler -- Blowdown,True,False,literal_constant,0,0,0,
BOILER_B_ENERGY_GAINED,Boiler -- Performance & Energy,True,False,literal_constant,0,0,0,
BOILER_B_ETHANE_CO2_COMBUSTION,Boiler -- Combustion & Fuel,True,False,literal_constant,0,0,0,
BOILER_B_ETHANE_H2O_COMBUSTION,Boiler -- Combustion & Fuel,True,False,literal_constant,0,0,0,
BOILER_B_ETHANE_N2_COMBUSTION,Boiler -- Combustion & Fuel,True,False,literal_constant,0,0,0,
BOILER_B_ETHYLENE_CO2_COMBUSTION,Boiler -- Combustion & Fuel,True,False,literal_constant,0,0,0,
BOILER_B_ETHYLENE_H2O_COMBUSTION,Boiler -- Combustion & Fuel,True,False,literal_constant,0,0,0,
BOILER_B_ETHYLENE_N2_COMBUSTION,Boiler -- Combustion & Fuel,True,False,literal_constant,0,0,0,
BOILER_B_EXCESS_AIR,Boiler -- Performance & Energy,True,False,literal_constant,0,0,0,
BOILER_B_FG_CH4_MASS_FRACTION,Boiler -- Combustion & Fuel,True,False,literal_constant,0,0,0,
BOILER_B_FG_CH4_MASS_PERCENTAGE,Boiler -- Combustion & Fuel,True,False,literal_constant,0,0,0,
BOILER_B_FG_DENSITY,Boiler -- Performance & Energy,True,False,literal_constant,0,0,0,
BOILER_B_FG_ETHANE_MASS_FRACTION,Boiler -- Combustion & Fuel,True,False,literal_constant,0,0,0,
BOILER_B_FG_ETHANE_MASS_PERCENTAGE,Boiler -- Combustion & Fuel,True,False,literal_constant,0,0,0,
BOILER_B_FG_ETHYLENE_MASS_FRACTION,Boiler -- Combustion & Fuel,True,False,literal_constant,0,0,0,
BOILER_B_FG_ETHYLENE_MASS_PERCENTAGE,Boiler -- Combustion & Fuel,True,False,literal_constant,0,0,0,
BOILER_B_FG_FLOW_RATE,Boiler -- Performance & Energy,True,False,literal_constant,0,0,0,
BOILER_B_FG_HYDROGEN_MASS_FRACTION,Boiler -- Combustion & Fuel,True,False,literal_constant,0,0,0,
BOILER_B_FG_HYDROGEN_MASS_PERCENTAGE,Boiler -- Combustion & Fuel,True,False,literal_constant,0,0,0,
BOILER_B_FG_IC4_MASS_FRACTION,Boiler -- Combustion & Fuel,True,False,literal_constant,0,0,0,
BOILER_B_FG_IC4_MASS_PERCENTAGE,Boiler -- Combustion & Fuel,True,False,literal_constant,0,0,0,
BOILER_B_FG_IC5_MASS_FRACTION,Boiler -- Combustion & Fuel,True,False,literal_constant,0,0,0,
BOILER_B_FG_IC5_MASS_PERCENTAGE,Boiler -- Combustion & Fuel,True,False,literal_constant,0,0,0,
BOILER_B_FG_NC4_MASS_FRACTION,Boiler -- Combustion & Fuel,True,False,literal_constant,0,0,0,
BOILER_B_FG_NC4_MASS_PERCENTAGE,Boiler -- Combustion & Fuel,True,False,literal_constant,0,0,0,
BOILER_B_FG_NC5_MASS_FRACTION,Boiler -- Combustion & Fuel,True,False,literal_constant,0,0,0,
BOILER_B_FG_NC5_MASS_PERCENTAGE,Boiler -- Combustion & Fuel,True,False,literal_constant,0,0,0,
BOILER_B_FG_NITROGEN_MASS_FRACTION,Boiler -- Combustion & Fuel,True,False,literal_constant,0,0,0,
BOILER_B_FG_NITROGEN_MASS_PERCENTAGE,Boiler -- Combustion & Fuel,True,False,literal_constant,0,0,0,
BOILER_B_FG_PROPANE_MASS_FRACTION,Boiler -- Combustion & Fuel,True,False,literal_constant,0,0,0,
BOILER_B_FG_PROPANE_MASS_PERCENTAGE,Boiler -- Combustion & Fuel,True,False,literal_constant,0,0,0,
BOILER_B_FLUE_GAS_OXGYGEN_flag,Boiler -- Flue Gas & Stack,True,False,fully_blocked,1,0,1,BOILER_B_FLUE_GAS_OXGYGEN
BOILER_B_FLUE_GAS_PER_FUEL_MASS_RATIO,Boiler -- Flue Gas & Stack,True,False,literal_constant,0,0,0,
BOILER_B_FOULING_INDEX,Boiler -- Performance & Energy,True,False,literal_constant,0,0,0,
BOILER_B_FUEL_COMPOSITION_TOTAL,Boiler -- Performance & Energy,True,False,literal_constant,0,0,0,
BOILER_B_FUEL_CONSUMPTION,Boiler -- Performance & Energy,True,False,literal_constant,0,0,0,
BOILER_B_FUEL_GAIN_LOSS,Boiler -- Performance & Energy,True,False,depends_on_non_pi_refs,0,0,2,BOILER_B_ACTUAL_SP_ENERGY_DELTA_actual; DESUPERHEATER_B_OUTLET_STEAM_FLOW_actual
BOILER_B_FUEL_GAS_CORRECTED_TPH,Boiler -- Performance & Energy,True,False,literal_constant,0,0,0,
BOILER_B_FUEL_GAS_ENERGY_INPUT,Boiler -- Performance & Energy,True,False,literal_constant,0,0,0,
BOILER_B_H2O_FORMED,Boiler -- Performance & Energy,True,False,literal_constant,0,0,0,
BOILER_B_H2_CO2_COMBUSTION,Boiler -- Combustion & Fuel,True,False,literal_constant,0,0,0,
BOILER_B_H2_H2O_COMBUSTION,Boiler -- Combustion & Fuel,True,False,literal_constant,0,0,0,
BOILER_B_H2_N2_COMBUSTION,Boiler -- Combustion & Fuel,True,False,literal_constant,0,0,0,
BOILER_B_HEAT_LOSS_DUE_TO_DRY_FLUE_GAS_L1,Boiler -- Flue Gas & Stack,True,False,literal_constant,0,0,0,
BOILER_B_HEAT_LOSS_DUE_TO_EVAPORATION_OF_WATER_FORMED_DUE_TO_H2_IN_FUEL_L2,Boiler -- Performance & Energy,True,False,literal_constant,0,0,0,
BOILER_B_HEAT_LOSS_DUE_TO_H2O_IN_STACK_L3,Boiler -- Flue Gas & Stack,True,False,literal_constant,0,0,0,
BOILER_B_HEAT_LOSS_DUE_TO_INCOMPLETE_COMBUSTIONL4,Boiler -- Performance & Energy,True,False,literal_constant,0,0,0,
BOILER_B_HP_STEAM_ENTHALPY,Boiler -- Performance & Energy,True,False,literal_constant,0,0,0,
BOILER_B_IC4_CO2_COMBUSTION,Boiler -- Combustion & Fuel,True,False,literal_constant,0,0,0,
BOILER_B_IC4_H2O_COMBUSTION,Boiler -- Combustion & Fuel,True,False,literal_constant,0,0,0,
BOILER_B_IC4_N2_COMBUSTION,Boiler -- Combustion & Fuel,True,False,literal_constant,0,0,0,
BOILER_B_IC5_CO2_COMBUSTION,Boiler -- Combustion & Fuel,True,False,literal_constant,0,0,0,
BOILER_B_IC5_H2O_COMBUSTION,Boiler -- Combustion & Fuel,True,False,literal_constant,0,0,0,
BOILER_B_IC5_N2_COMBUSTION,Boiler -- Combustion & Fuel,True,False,literal_constant,0,0,0,
BOILER_B_LMTD_ECONOMIZER,Boiler -- Performance & Energy,True,False,literal_constant,0,0,0,
BOILER_B_N2_FORMED,Boiler -- Performance & Energy,True,False,literal_constant,0,0,0,
BOILER_B_NC4_CO2_COMBUSTION,Boiler -- Combustion & Fuel,True,False,literal_constant,0,0,0,
BOILER_B_NC4_H2O_COMBUSTION,Boiler -- Combustion & Fuel,True,False,literal_constant,0,0,0,
BOILER_B_NC4_N2_COMBUSTION,Boiler -- Combustion & Fuel,True,False,literal_constant,0,0,0,
BOILER_B_NC5_CO2_COMBUSTION,Boiler -- Combustion & Fuel,True,False,literal_constant,0,0,0,
BOILER_B_NC5_H2O_COMBUSTION,Boiler -- Combustion & Fuel,True,False,literal_constant,0,0,0,
BOILER_B_NC5_N2_COMBUSTION,Boiler -- Combustion & Fuel,True,False,literal_constant,0,0,0,
BOILER_B_PERC_DUTY_GAINED_IN_CONVECTION_SECTION,Boiler -- Performance & Energy,True,False,literal_constant,0,0,0,
BOILER_B_PER_DUTY_GAINED_IN_RADIANT_SECTION,Boiler -- Performance & Energy,True,False,literal_constant,0,0,0,
BOILER_B_PH_ANALYZER_checked,Boiler -- Performance & Energy,True,False,fully_blocked,2,0,2,BOILER_B_PH_ANALYZER; UNITED_LIMS_CBD_B_PH
BOILER_B_PROPANE_CO2_COMBUSTION,Boiler -- Combustion & Fuel,True,False,literal_constant,0,0,0,
BOILER_B_PROPANE_H2O_COMBUSTION,Boiler -- Combustion & Fuel,True,False,literal_constant,0,0,0,
BOILER_B_PROPANE_N2_COMBUSTION,Boiler -- Combustion & Fuel,True,False,literal_constant,0,0,0,
BOILER_B_RADIATION_DUTY,Boiler -- Performance & Energy,True,False,literal_constant,0,0,0,
BOILER_B_RADIATION_DUTY_TO_CONVECTION_DUTY,Boiler -- Performance & Energy,True,False,literal_constant,0,0,0,
BOILER_B_RADIATION_LOSSES,Boiler -- Performance & Energy,True,False,literal_constant,0,0,0,
BOILER_B_RADIATION_SECTION_EFFICIENCY,Boiler -- Performance & Energy,True,False,literal_constant,0,0,0,
BOILER_B_SENSBILE_HEAT_CORRECTION_FOR_AIR,Boiler -- Performance & Energy,True,False,literal_constant,0,0,0,
BOILER_B_SENSIBLE_HEAT_CORRECTION_FOR_FUEL,Boiler -- Performance & Energy,True,False,literal_constant,0,0,0,
BOILER_B_SH_DUTY,Boiler -- Performance & Energy,True,False,literal_constant,0,0,0,
BOILER_B_SH_PERFORMANCE,Boiler -- Performance & Energy,True,False,literal_constant,0,0,0,
BOILER_B_SH_SPECIFIC_DUTY,Boiler -- Performance & Energy,True,False,literal_constant,0,0,0,
BOILER_B_SPECIFIC_ENERGY_CONSUMPTION_IN_GCAL,Boiler -- Performance & Energy,True,False,literal_constant,0,0,0,
BOILER_B_SPECIFIC_ENERGY_CONSUMPTION_IN_GJ,Boiler -- Performance & Energy,True,False,literal_constant,0,0,0,
BOILER_B_STACK_LOSS,Boiler -- Flue Gas & Stack,True,False,literal_constant,0,0,0,
BOILER_B_STACK_LOSS_CORRECTED,Boiler -- Flue Gas & Stack,True,False,literal_constant,0,0,0,
BOILER_B_STATUS,Boiler -- Performance & Energy,True,False,literal_constant,0,0,0,
BOILER_B_STEAM_DRUM_TEMP,Boiler -- Performance & Energy,True,False,literal_constant,0,0,0,
BOILER_B_STEAM_TO_FIRE_DUTY_RATIO,Boiler -- Performance & Energy,True,False,literal_constant,0,0,0,
BOILER_B_SUPERHEATED_STEAM_BFW_RATIO,Boiler -- Steam Generation,True,False,literal_constant,0,0,0,
BOILER_B_THERMAL_EFFICIENCY,Boiler -- Performance & Energy,True,False,literal_constant,0,0,0,
BOILER_B_TOTAL_BOILER_STACK_LOSS_PER_KG_FUEL,Boiler -- Flue Gas & Stack,True,False,literal_constant,0,0,0,
BOILER_B_TOTAL_FLUE_GAS_CORRECTED,Boiler -- Flue Gas & Stack,True,False,literal_constant,0,0,0,
BOILER_B_TOTAL_FLUE_GAS_GENERATED,Boiler -- Flue Gas & Stack,True,False,literal_constant,0,0,0,
BOILER_B_TOTAL_FUEL_COMPOSTION_MASS,Boiler -- Performance & Energy,True,False,literal_constant,0,0,0,
BOILER_B_TOTAL_H2O_PER_KG_OF_FUEL,Boiler -- Performance & Energy,True,False,literal_constant,0,0,0,
BOILER_B_TOTAL_HEAT_ABSORBED_PER_KG_OF_FUEL,Boiler -- Performance & Energy,True,False,literal_constant,0,0,0,
BOILER_B_TOTAL_HEAT_INPUT_PER_KG_OF_FUEL,Boiler -- Performance & Energy,True,False,literal_constant,0,0,0,
BOILER_B_TOTAL_HEAT_LOSS_PER_KG_OF_FUEL,Boiler -- Performance & Energy,True,False,literal_constant,0,0,0,
BOILER_B_TOTAL_MOISTURE_WITH_AIR,Boiler -- Performance & Energy,True,False,literal_constant,0,0,0,
BOILER_B_TOTAL_STEAM_ENERGY,Boiler -- Performance & Energy,True,False,literal_constant,0,0,0,
BOILER_B_UA_ECONOMIZER,Boiler -- Performance & Energy,True,False,literal_constant,0,0,0,
BOILER_B_VAPOUR_PRESSURE_OF_H2O,Boiler -- Performance & Energy,True,False,literal_constant,0,0,0,
BOILER_C_ACTUAL_SP_ENERGY_DELTA,Boiler -- Performance & Energy,True,False,literal_constant,0,0,0,
BOILER_C_AIR_CP_FOR_SENSIBLE_HEAT_CORRECTED,Boiler -- Performance & Energy,True,False,literal_constant,0,0,0,
BOILER_C_AIR_CP_REF_T,Boiler -- Performance & Energy,True,False,literal_constant,0,0,0,
BOILER_C_AIR_FUEL_MASS_RATIO,Boiler -- Combustion & Fuel,True,False,literal_constant,0,0,0,
BOILER_C_AIR_MOISTURE,Boiler -- Performance & Energy,True,False,literal_constant,0,0,0,
BOILER_C_AIR_REQUIRED_FOR_CH4_COMBUSTION,Boiler -- Combustion & Fuel,True,False,literal_constant,0,0,0,
BOILER_C_AIR_REQUIRED_FOR_COMPLETE_COMBUSTION,Boiler -- Combustion & Fuel,True,False,literal_constant,0,0,0,
BOILER_C_AIR_REQUIRED_FOR_ETHANE_COMBUSTION,Boiler -- Combustion & Fuel,True,False,literal_constant,0,0,0,
BOILER_C_AIR_REQUIRED_FOR_ETHYLENE_COMBUSTION,Boiler -- Combustion & Fuel,True,False,literal_constant,0,0,0,
BOILER_C_AIR_REQUIRED_FOR_H2_COMBUSTION,Boiler -- Combustion & Fuel,True,False,literal_constant,0,0,0,
BOILER_C_AIR_REQUIRED_FOR_IC4_COMBUSTION,Boiler -- Combustion & Fuel,True,False,literal_constant,0,0,0,
BOILER_C_AIR_REQUIRED_FOR_IC5_COMBUSTION,Boiler -- Combustion & Fuel,True,False,literal_constant,0,0,0,
BOILER_C_AIR_REQUIRED_FOR_NC4_COMBUSTION,Boiler -- Combustion & Fuel,True,False,literal_constant,0,0,0,
BOILER_C_AIR_REQUIRED_FOR_NC5_COMBUSTION,Boiler -- Combustion & Fuel,True,False,literal_constant,0,0,0,
BOILER_C_AIR_REQUIRED_FOR_PROPANE_COMBUSTION,Boiler -- Combustion & Fuel,True,False,literal_constant,0,0,0,
BOILER_C_AVG_CP_OF_FLUE_GAS_AT_STACK_TEMP,Boiler -- Flue Gas & Stack,True,False,literal_constant,0,0,0,
BOILER_C_AVG_CP_OF_FUEL_GAS_SENSIBLE_HEAT_CORRECTED,Boiler -- Performance & Energy,True,False,literal_constant,0,0,0,
BOILER_C_BFW_ENERGY,Boiler -- Performance & Energy,True,False,literal_constant,0,0,0,
BOILER_C_BFW_ENTHALPY,Boiler -- Performance & Energy,True,False,literal_constant,0,0,0,
BOILER_C_BLOWDOWN_LOSS,Boiler -- Blowdown,True,False,literal_constant,0,0,0,
BOILER_C_BOILER_INDIRECT_EFFICIENCY,Boiler -- Performance & Energy,True,False,literal_constant,0,0,0,
BOILER_C_BOILER_LOAD,Boiler -- Performance & Energy,True,False,literal_constant,0,0,0,
BOILER_C_CALCULATED_AIRFLOW_NM3H,Boiler -- Performance & Energy,True,False,literal_constant,0,0,0,
BOILER_C_CH4_CO2_COMBUSTION,Boiler -- Combustion & Fuel,True,False,literal_constant,0,0,0,
BOILER_C_CH4_H2O_COMBUSTION,Boiler -- Combustion & Fuel,True,False,literal_constant,0,0,0,
BOILER_C_CH4_N2_COMBUSTION,Boiler -- Combustion & Fuel,True,False,literal_constant,0,0,0,
BOILER_C_CO2_EMISSIONS,Boiler -- Emissions,True,False,literal_constant,0,0,0,
BOILER_C_CO2_FORMED,Boiler -- Performance & Energy,True,False,literal_constant,0,0,0,
BOILER_C_CONVECTION_DUTY,Boiler -- Performance & Energy,True,False,literal_constant,0,0,0,
BOILER_C_CONVECTION_SECTION_EFFICIENCY,Boiler -- Performance & Energy,True,False,literal_constant,0,0,0,
BOILER_C_CORRECTED_BFW_FLOW,Boiler -- Performance & Energy,True,False,literal_constant,0,0,0,
BOILER_C_CORRECTED_COMBUSTION_AIR,Boiler -- Combustion & Fuel,True,False,literal_constant,0,0,0,
BOILER_C_CORRECTED_COMBUTION_H2O_FORMED,Boiler -- Performance & Energy,True,False,literal_constant,0,0,0,
BOILER_C_CORRECTED_FUEL_FLOW,Boiler -- Performance & Energy,True,False,literal_constant,0,0,0,
BOILER_C_CORRECTED_FUEL_GAS_ENERGY_INPUT,Boiler -- Performance & Energy,True,False,literal_constant,0,0,0,
BOILER_C_CP_AT_COMBUSTION_TEMPERATURE,Boiler -- Combustion & Fuel,True,False,literal_constant,0,0,0,
BOILER_C_CP_CH4_FUEL_TEMP,Boiler -- Performance & Energy,True,False,literal_constant,0,0,0,
BOILER_C_CP_ETHANE_FUEL_TEMP,Boiler -- Performance & Energy,True,False,literal_constant,0,0,0,
BOILER_C_CP_ETHYLENE_FUEL_TEMP,Boiler -- Performance & Energy,True,False,literal_constant,0,0,0,
BOILER_C_CP_FLUE_GAS_CO2_AT_STACK_TEMP,Boiler -- Flue Gas & Stack,True,False,literal_constant,0,0,0,
BOILER_C_CP_FLUE_GAS_H2O_AT_STACK_TEMP,Boiler -- Flue Gas & Stack,True,False,literal_constant,0,0,0,
BOILER_C_CP_FLUE_GAS_N2_AT_STACK_TEMP,Boiler -- Flue Gas & Stack,True,False,literal_constant,0,0,0,
BOILER_C_CP_H2_FUEL_TEMP,Boiler -- Performance & Energy,True,False,literal_constant,0,0,0,
BOILER_C_CP_IC4_FUEL_TEMP,Boiler -- Performance & Energy,True,False,literal_constant,0,0,0,
BOILER_C_CP_IC5_FUEL_TEMP,Boiler -- Performance & Energy,True,False,literal_constant,0,0,0,
BOILER_C_CP_NC4_FUEL_TEMP,Boiler -- Performance & Energy,True,False,literal_constant,0,0,0,
BOILER_C_CP_NC5_FUEL_TEMP,Boiler -- Performance & Energy,True,False,literal_constant,0,0,0,
BOILER_C_CP_OF_AIR_AT_STACK_TEMP,Boiler -- Flue Gas & Stack,True,False,literal_constant,0,0,0,
BOILER_C_CP_OF_H2O_AT_STACK_TEMP,Boiler -- Flue Gas & Stack,True,False,literal_constant,0,0,0,
BOILER_C_CP_PROPANE_FUEL_TEMP,Boiler -- Performance & Energy,True,False,literal_constant,0,0,0,
BOILER_C_CP_TOTAL_FUEL_AT_FUEL_TEMP,Boiler -- Performance & Energy,True,False,literal_constant,0,0,0,
BOILER_C_CP_TOTAL_FUEL_AT_REF_TEMP,Boiler -- Performance & Energy,True,False,literal_constant,0,0,0,
BOILER_C_DRY_FLUE_GAS_PER_FUEL_MASS_RATIO,Boiler -- Flue Gas & Stack,True,False,literal_constant,0,0,0,
BOILER_C_ECONOMIZER_DUTY,Boiler -- Performance & Energy,True,False,literal_constant,0,0,0,
BOILER_C_EFFICIENCY_LOSS_DUE_TO_BLOWDOWN,Boiler -- Blowdown,True,False,literal_constant,0,0,0,
BOILER_C_ENERGY_GAINED,Boiler -- Performance & Energy,True,False,literal_constant,0,0,0,
BOILER_C_ETHANE_CO2_COMBUSTION,Boiler -- Combustion & Fuel,True,False,literal_constant,0,0,0,
BOILER_C_ETHANE_H2O_COMBUSTION,Boiler -- Combustion & Fuel,True,False,literal_constant,0,0,0,
BOILER_C_ETHANE_N2_COMBUSTION,Boiler -- Combustion & Fuel,True,False,literal_constant,0,0,0,
BOILER_C_ETHYLENE_CO2_COMBUSTION,Boiler -- Combustion & Fuel,True,False,literal_constant,0,0,0,
BOILER_C_ETHYLENE_H2O_COMBUSTION,Boiler -- Combustion & Fuel,True,False,literal_constant,0,0,0,
BOILER_C_ETHYLENE_N2_COMBUSTION,Boiler -- Combustion & Fuel,True,False,literal_constant,0,0,0,
BOILER_C_EXCESS_AIR,Boiler -- Performance & Energy,True,False,literal_constant,0,0,0,
BOILER_C_FG_CH4_MASS_FRACTION,Boiler -- Combustion & Fuel,True,False,literal_constant,0,0,0,
BOILER_C_FG_CH4_MASS_PERCENTAGE,Boiler -- Combustion & Fuel,True,False,literal_constant,0,0,0,
BOILER_C_FG_DENSITY,Boiler -- Performance & Energy,True,False,literal_constant,0,0,0,
BOILER_C_FG_ETHANE_MASS_FRACTION,Boiler -- Combustion & Fuel,True,False,literal_constant,0,0,0,
BOILER_C_FG_ETHANE_MASS_PERCENTAGE,Boiler -- Combustion & Fuel,True,False,literal_constant,0,0,0,
BOILER_C_FG_ETHYLENE_MASS_FRACTION,Boiler -- Combustion & Fuel,True,False,literal_constant,0,0,0,
BOILER_C_FG_ETHYLENE_MASS_PERCENTAGE,Boiler -- Combustion & Fuel,True,False,literal_constant,0,0,0,
BOILER_C_FG_FLOW_RATE,Boiler -- Performance & Energy,True,False,literal_constant,0,0,0,
BOILER_C_FG_HYDROGEN_MASS_FRACTION,Boiler -- Combustion & Fuel,True,False,literal_constant,0,0,0,
BOILER_C_FG_HYDROGEN_MASS_PERCENTAGE,Boiler -- Combustion & Fuel,True,False,literal_constant,0,0,0,
BOILER_C_FG_IC4_MASS_FRACTION,Boiler -- Combustion & Fuel,True,False,literal_constant,0,0,0,
BOILER_C_FG_IC4_MASS_PERCENTAGE,Boiler -- Combustion & Fuel,True,False,literal_constant,0,0,0,
BOILER_C_FG_IC5_MASS_FRACTION,Boiler -- Combustion & Fuel,True,False,literal_constant,0,0,0,
BOILER_C_FG_IC5_MASS_PERCENTAGE,Boiler -- Combustion & Fuel,True,False,literal_constant,0,0,0,
BOILER_C_FG_NC4_MASS_FRACTION,Boiler -- Combustion & Fuel,True,False,literal_constant,0,0,0,
BOILER_C_FG_NC4_MASS_PERCENTAGE,Boiler -- Combustion & Fuel,True,False,literal_constant,0,0,0,
BOILER_C_FG_NC5_MASS_FRACTION,Boiler -- Combustion & Fuel,True,False,literal_constant,0,0,0,
BOILER_C_FG_NC5_MASS_PERCENTAGE,Boiler -- Combustion & Fuel,True,False,literal_constant,0,0,0,
BOILER_C_FG_NITROGEN_MASS_FRACTION,Boiler -- Combustion & Fuel,True,False,literal_constant,0,0,0,
BOILER_C_FG_NITROGEN_MASS_PERCENTAGE,Boiler -- Combustion & Fuel,True,False,literal_constant,0,0,0,
BOILER_C_FG_PROPANE_MASS_FRACTION,Boiler -- Combustion & Fuel,True,False,literal_constant,0,0,0,
BOILER_C_FG_PROPANE_MASS_PERCENTAGE,Boiler -- Combustion & Fuel,True,False,literal_constant,0,0,0,
BOILER_C_FLUE_GAS_OXGYGEN_flag,Boiler -- Flue Gas & Stack,True,False,fully_blocked,1,0,1,BOILER_C_FLUE_GAS_OXGYGEN
BOILER_C_FLUE_GAS_PER_FUEL_MASS_RATIO,Boiler -- Flue Gas & Stack,True,False,literal_constant,0,0,0,
BOILER_C_FOULING_INDEX,Boiler -- Performance & Energy,True,False,literal_constant,0,0,0,
BOILER_C_FUEL_COMPOSITION_TOTAL,Boiler -- Performance & Energy,True,False,literal_constant,0,0,0,
BOILER_C_FUEL_CONSUMPTION,Boiler -- Performance & Energy,True,False,literal_constant,0,0,0,
BOILER_C_FUEL_GAIN_LOSS,Boiler -- Performance & Energy,True,False,depends_on_non_pi_refs,0,0,2,BOILER_C_ACTUAL_SP_ENERGY_DELTA_actual; DESUPERHEATER_C_OUTLET_STEAM_FLOW_actual
BOILER_C_FUEL_GAS_CORRECTED_TPH,Boiler -- Performance & Energy,True,False,literal_constant,0,0,0,
BOILER_C_FUEL_GAS_ENERGY_INPUT,Boiler -- Performance & Energy,True,False,literal_constant,0,0,0,
BOILER_C_H2O_FORMED,Boiler -- Performance & Energy,True,False,literal_constant,0,0,0,
BOILER_C_H2_CO2_COMBUSTION,Boiler -- Combustion & Fuel,True,False,literal_constant,0,0,0,
BOILER_C_H2_H2O_COMBUSTION,Boiler -- Combustion & Fuel,True,False,literal_constant,0,0,0,
BOILER_C_H2_N2_COMBUSTION,Boiler -- Combustion & Fuel,True,False,literal_constant,0,0,0,
BOILER_C_HEAT_LOSS_DUE_TO_DRY_FLUE_GAS_L1,Boiler -- Flue Gas & Stack,True,False,literal_constant,0,0,0,
BOILER_C_HEAT_LOSS_DUE_TO_EVAPORATION_OF_WATER_FORMED_DUE_TO_H2_IN_FUEL_L2,Boiler -- Performance & Energy,True,False,literal_constant,0,0,0,
BOILER_C_HEAT_LOSS_DUE_TO_H2O_IN_STACK_L3,Boiler -- Flue Gas & Stack,True,False,literal_constant,0,0,0,
BOILER_C_HEAT_LOSS_DUE_TO_INCOMPLETE_COMBUSTIONL4,Boiler -- Performance & Energy,True,False,literal_constant,0,0,0,
BOILER_C_HP_STEAM_ENTHALPY,Boiler -- Performance & Energy,True,False,literal_constant,0,0,0,
BOILER_C_IC4_CO2_COMBUSTION,Boiler -- Combustion & Fuel,True,False,literal_constant,0,0,0,
BOILER_C_IC4_H2O_COMBUSTION,Boiler -- Combustion & Fuel,True,False,literal_constant,0,0,0,
BOILER_C_IC4_N2_COMBUSTION,Boiler -- Combustion & Fuel,True,False,literal_constant,0,0,0,
BOILER_C_IC5_CO2_COMBUSTION,Boiler -- Combustion & Fuel,True,False,literal_constant,0,0,0,
BOILER_C_IC5_H2O_COMBUSTION,Boiler -- Combustion & Fuel,True,False,literal_constant,0,0,0,
BOILER_C_IC5_N2_COMBUSTION,Boiler -- Combustion & Fuel,True,False,literal_constant,0,0,0,
BOILER_C_LMTD_ECONOMIZER,Boiler -- Performance & Energy,True,False,literal_constant,0,0,0,
BOILER_C_N2_FORMED,Boiler -- Performance & Energy,True,False,literal_constant,0,0,0,
BOILER_C_NC4_CO2_COMBUSTION,Boiler -- Combustion & Fuel,True,False,literal_constant,0,0,0,
BOILER_C_NC4_H2O_COMBUSTION,Boiler -- Combustion & Fuel,True,False,literal_constant,0,0,0,
BOILER_C_NC4_N2_COMBUSTION,Boiler -- Combustion & Fuel,True,False,literal_constant,0,0,0,
BOILER_C_NC5_CO2_COMBUSTION,Boiler -- Combustion & Fuel,True,False,literal_constant,0,0,0,
BOILER_C_NC5_H2O_COMBUSTION,Boiler -- Combustion & Fuel,True,False,literal_constant,0,0,0,
BOILER_C_NC5_N2_COMBUSTION,Boiler -- Combustion & Fuel,True,False,literal_constant,0,0,0,
BOILER_C_PERC_DUTY_GAINED_IN_CONVECTION_SECTION,Boiler -- Performance & Energy,True,False,literal_constant,0,0,0,
BOILER_C_PER_DUTY_GAINED_IN_RADIANT_SECTION,Boiler -- Performance & Energy,True,False,literal_constant,0,0,0,
BOILER_C_PH_ANALYZER_checked,Boiler -- Performance & Energy,True,False,fully_blocked,2,0,2,BOILER_C_PH_ANALYZER; UNITED_LIMS_CBD_C_PH
BOILER_C_PROPANE_CO2_COMBUSTION,Boiler -- Combustion & Fuel,True,False,literal_constant,0,0,0,
BOILER_C_PROPANE_H2O_COMBUSTION,Boiler -- Combustion & Fuel,True,False,literal_constant,0,0,0,
BOILER_C_PROPANE_N2_COMBUSTION,Boiler -- Combustion & Fuel,True,False,literal_constant,0,0,0,
BOILER_C_RADIATION_DUTY,Boiler -- Performance & Energy,True,False,literal_constant,0,0,0,
BOILER_C_RADIATION_DUTY_TO_CONVECTION_DUTY,Boiler -- Performance & Energy,True,False,literal_constant,0,0,0,
BOILER_C_RADIATION_LOSSES,Boiler -- Performance & Energy,True,False,literal_constant,0,0,0,
BOILER_C_RADIATION_SECTION_EFFICIENCY,Boiler -- Performance & Energy,True,False,literal_constant,0,0,0,
BOILER_C_SENSBILE_HEAT_CORRECTION_FOR_AIR,Boiler -- Performance & Energy,True,False,literal_constant,0,0,0,
BOILER_C_SENSIBLE_HEAT_CORRECTION_FOR_FUEL,Boiler -- Performance & Energy,True,False,literal_constant,0,0,0,
BOILER_C_SH_DUTY,Boiler -- Performance & Energy,True,False,literal_constant,0,0,0,
BOILER_C_SH_PERFORMANCE,Boiler -- Performance & Energy,True,False,literal_constant,0,0,0,
BOILER_C_SH_SPECIFIC_DUTY,Boiler -- Performance & Energy,True,False,literal_constant,0,0,0,
BOILER_C_SPECIFIC_ENERGY_CONSUMPTION_IN_GCAL,Boiler -- Performance & Energy,True,False,literal_constant,0,0,0,
BOILER_C_SPECIFIC_ENERGY_CONSUMPTION_IN_GJ,Boiler -- Performance & Energy,True,False,literal_constant,0,0,0,
BOILER_C_STACK_LOSS,Boiler -- Flue Gas & Stack,True,False,literal_constant,0,0,0,
BOILER_C_STACK_LOSS_CORRECTED,Boiler -- Flue Gas & Stack,True,False,literal_constant,0,0,0,
BOILER_C_STATUS,Boiler -- Performance & Energy,True,False,literal_constant,0,0,0,
BOILER_C_STEAM_DRUM_TEMP,Boiler -- Performance & Energy,True,False,literal_constant,0,0,0,
BOILER_C_STEAM_TO_FIRE_DUTY_RATIO,Boiler -- Performance & Energy,True,False,literal_constant,0,0,0,
BOILER_C_SUPERHEATED_STEAM_BFW_RATIO,Boiler -- Steam Generation,True,False,literal_constant,0,0,0,
BOILER_C_THERMAL_EFFICIENCY,Boiler -- Performance & Energy,True,False,literal_constant,0,0,0,
BOILER_C_TOTAL_BOILER_STACK_LOSS_PER_KG_FUEL,Boiler -- Flue Gas & Stack,True,False,literal_constant,0,0,0,
BOILER_C_TOTAL_FLUE_GAS_CORRECTED,Boiler -- Flue Gas & Stack,True,False,literal_constant,0,0,0,
BOILER_C_TOTAL_FLUE_GAS_GENERATED,Boiler -- Flue Gas & Stack,True,False,literal_constant,0,0,0,
BOILER_C_TOTAL_FUEL_COMPOSTION_MASS,Boiler -- Performance & Energy,True,False,literal_constant,0,0,0,
BOILER_C_TOTAL_H2O_PER_KG_OF_FUEL,Boiler -- Performance & Energy,True,False,literal_constant,0,0,0,
BOILER_C_TOTAL_HEAT_ABSORBED_PER_KG_OF_FUEL,Boiler -- Performance & Energy,True,False,literal_constant,0,0,0,
BOILER_C_TOTAL_HEAT_INPUT_PER_KG_OF_FUEL,Boiler -- Performance & Energy,True,False,literal_constant,0,0,0,
BOILER_C_TOTAL_HEAT_LOSS_PER_KG_OF_FUEL,Boiler -- Performance & Energy,True,False,literal_constant,0,0,0,
BOILER_C_TOTAL_MOISTURE_WITH_AIR,Boiler -- Performance & Energy,True,False,literal_constant,0,0,0,
BOILER_C_TOTAL_STEAM_ENERGY,Boiler -- Performance & Energy,True,False,literal_constant,0,0,0,
BOILER_C_UA_ECONOMIZER,Boiler -- Performance & Energy,True,False,literal_constant,0,0,0,
BOILER_C_VAPOUR_PRESSURE_OF_H2O,Boiler -- Performance & Energy,True,False,literal_constant,0,0,0,
BOILER_D_ACTUAL_SP_ENERGY_DELTA,Boiler -- Performance & Energy,True,False,literal_constant,0,0,0,
BOILER_D_AIR_CP_FOR_SENSIBLE_HEAT_CORRECTED,Boiler -- Performance & Energy,True,False,literal_constant,0,0,0,
BOILER_D_AIR_CP_REF_T,Boiler -- Performance & Energy,True,False,literal_constant,0,0,0,
BOILER_D_AIR_FUEL_MASS_RATIO,Boiler -- Combustion & Fuel,True,False,literal_constant,0,0,0,
BOILER_D_AIR_MOISTURE,Boiler -- Performance & Energy,True,False,literal_constant,0,0,0,
BOILER_D_AIR_REQUIRED_FOR_CH4_COMBUSTION,Boiler -- Combustion & Fuel,True,False,literal_constant,0,0,0,
BOILER_D_AIR_REQUIRED_FOR_COMPLETE_COMBUSTION,Boiler -- Combustion & Fuel,True,False,literal_constant,0,0,0,
BOILER_D_AIR_REQUIRED_FOR_ETHANE_COMBUSTION,Boiler -- Combustion & Fuel,True,False,literal_constant,0,0,0,
BOILER_D_AIR_REQUIRED_FOR_ETHYLENE_COMBUSTION,Boiler -- Combustion & Fuel,True,False,literal_constant,0,0,0,
BOILER_D_AIR_REQUIRED_FOR_H2_COMBUSTION,Boiler -- Combustion & Fuel,True,False,literal_constant,0,0,0,
BOILER_D_AIR_REQUIRED_FOR_IC4_COMBUSTION,Boiler -- Combustion & Fuel,True,False,literal_constant,0,0,0,
BOILER_D_AIR_REQUIRED_FOR_IC5_COMBUSTION,Boiler -- Combustion & Fuel,True,False,literal_constant,0,0,0,
BOILER_D_AIR_REQUIRED_FOR_NC4_COMBUSTION,Boiler -- Combustion & Fuel,True,False,literal_constant,0,0,0,
BOILER_D_AIR_REQUIRED_FOR_NC5_COMBUSTION,Boiler -- Combustion & Fuel,True,False,literal_constant,0,0,0,
BOILER_D_AIR_REQUIRED_FOR_PROPANE_COMBUSTION,Boiler -- Combustion & Fuel,True,False,literal_constant,0,0,0,
BOILER_D_AVG_CP_OF_FLUE_GAS_AT_STACK_TEMP,Boiler -- Flue Gas & Stack,True,False,literal_constant,0,0,0,
BOILER_D_AVG_CP_OF_FUEL_GAS_SENSIBLE_HEAT_CORRECTED,Boiler -- Performance & Energy,True,False,literal_constant,0,0,0,
BOILER_D_BFW_ENERGY,Boiler -- Performance & Energy,True,False,literal_constant,0,0,0,
BOILER_D_BFW_ENTHALPY,Boiler -- Performance & Energy,True,False,literal_constant,0,0,0,
BOILER_D_BLOWDOWN_LOSS,Boiler -- Blowdown,True,False,literal_constant,0,0,0,
BOILER_D_BOILER_INDIRECT_EFFICIENCY,Boiler -- Performance & Energy,True,False,literal_constant,0,0,0,
BOILER_D_BOILER_LOAD,Boiler -- Performance & Energy,True,False,literal_constant,0,0,0,
BOILER_D_CALCULATED_AIRFLOW_NM3H,Boiler -- Performance & Energy,True,False,literal_constant,0,0,0,
BOILER_D_CH4_CO2_COMBUSTION,Boiler -- Combustion & Fuel,True,False,literal_constant,0,0,0,
BOILER_D_CH4_H2O_COMBUSTION,Boiler -- Combustion & Fuel,True,False,literal_constant,0,0,0,
BOILER_D_CH4_N2_COMBUSTION,Boiler -- Combustion & Fuel,True,False,literal_constant,0,0,0,
BOILER_D_CO2_EMISSIONS,Boiler -- Emissions,True,False,literal_constant,0,0,0,
BOILER_D_CO2_FORMED,Boiler -- Performance & Energy,True,False,literal_constant,0,0,0,
BOILER_D_CONVECTION_DUTY,Boiler -- Performance & Energy,True,False,literal_constant,0,0,0,
BOILER_D_CONVECTION_SECTION_EFFICIENCY,Boiler -- Performance & Energy,True,False,literal_constant,0,0,0,
BOILER_D_CORRECTED_BFW_FLOW,Boiler -- Performance & Energy,True,False,literal_constant,0,0,0,
BOILER_D_CORRECTED_COMBUSTION_AIR,Boiler -- Combustion & Fuel,True,False,literal_constant,0,0,0,
BOILER_D_CORRECTED_COMBUTION_H2O_FORMED,Boiler -- Performance & Energy,True,False,literal_constant,0,0,0,
BOILER_D_CORRECTED_FUEL_FLOW,Boiler -- Performance & Energy,True,False,literal_constant,0,0,0,
BOILER_D_CORRECTED_FUEL_GAS_ENERGY_INPUT,Boiler -- Performance & Energy,True,False,literal_constant,0,0,0,
BOILER_D_CP_AT_COMBUSTION_TEMPERATURE,Boiler -- Combustion & Fuel,True,False,literal_constant,0,0,0,
BOILER_D_CP_CH4_FUEL_TEMP,Boiler -- Performance & Energy,True,False,literal_constant,0,0,0,
BOILER_D_CP_ETHANE_FUEL_TEMP,Boiler -- Performance & Energy,True,False,literal_constant,0,0,0,
BOILER_D_CP_ETHYLENE_FUEL_TEMP,Boiler -- Performance & Energy,True,False,literal_constant,0,0,0,
BOILER_D_CP_FLUE_GAS_CO2_AT_STACK_TEMP,Boiler -- Flue Gas & Stack,True,False,literal_constant,0,0,0,
BOILER_D_CP_FLUE_GAS_H2O_AT_STACK_TEMP,Boiler -- Flue Gas & Stack,True,False,literal_constant,0,0,0,
BOILER_D_CP_FLUE_GAS_N2_AT_STACK_TEMP,Boiler -- Flue Gas & Stack,True,False,literal_constant,0,0,0,
BOILER_D_CP_H2_FUEL_TEMP,Boiler -- Performance & Energy,True,False,literal_constant,0,0,0,
BOILER_D_CP_IC4_FUEL_TEMP,Boiler -- Performance & Energy,True,False,literal_constant,0,0,0,
BOILER_D_CP_IC5_FUEL_TEMP,Boiler -- Performance & Energy,True,False,literal_constant,0,0,0,
BOILER_D_CP_NC4_FUEL_TEMP,Boiler -- Performance & Energy,True,False,literal_constant,0,0,0,
BOILER_D_CP_NC5_FUEL_TEMP,Boiler -- Performance & Energy,True,False,literal_constant,0,0,0,
BOILER_D_CP_OF_AIR_AT_STACK_TEMP,Boiler -- Flue Gas & Stack,True,False,literal_constant,0,0,0,
BOILER_D_CP_OF_H2O_AT_STACK_TEMP,Boiler -- Flue Gas & Stack,True,False,literal_constant,0,0,0,
BOILER_D_CP_PROPANE_FUEL_TEMP,Boiler -- Performance & Energy,True,False,literal_constant,0,0,0,
BOILER_D_CP_TOTAL_FUEL_AT_FUEL_TEMP,Boiler -- Performance & Energy,True,False,literal_constant,0,0,0,
BOILER_D_CP_TOTAL_FUEL_AT_REF_TEMP,Boiler -- Performance & Energy,True,False,literal_constant,0,0,0,
BOILER_D_DRY_FLUE_GAS_PER_FUEL_MASS_RATIO,Boiler -- Flue Gas & Stack,True,False,literal_constant,0,0,0,
BOILER_D_ECONOMIZER_DUTY,Boiler -- Performance & Energy,True,False,literal_constant,0,0,0,
BOILER_D_EFFICIENCY_LOSS_DUE_TO_BLOWDOWN,Boiler -- Blowdown,True,False,literal_constant,0,0,0,
BOILER_D_ENERGY_GAINED,Boiler -- Performance & Energy,True,False,literal_constant,0,0,0,
BOILER_D_ETHANE_CO2_COMBUSTION,Boiler -- Combustion & Fuel,True,False,literal_constant,0,0,0,
BOILER_D_ETHANE_H2O_COMBUSTION,Boiler -- Combustion & Fuel,True,False,literal_constant,0,0,0,
BOILER_D_ETHANE_N2_COMBUSTION,Boiler -- Combustion & Fuel,True,False,literal_constant,0,0,0,
BOILER_D_ETHYLENE_CO2_COMBUSTION,Boiler -- Combustion & Fuel,True,False,literal_constant,0,0,0,
BOILER_D_ETHYLENE_H2O_COMBUSTION,Boiler -- Combustion & Fuel,True,False,literal_constant,0,0,0,
BOILER_D_ETHYLENE_N2_COMBUSTION,Boiler -- Combustion & Fuel,True,False,literal_constant,0,0,0,
BOILER_D_EXCESS_AIR,Boiler -- Performance & Energy,True,False,literal_constant,0,0,0,
BOILER_D_FG_CH4_MASS_FRACTION,Boiler -- Combustion & Fuel,True,False,literal_constant,0,0,0,
BOILER_D_FG_CH4_MASS_PERCENTAGE,Boiler -- Combustion & Fuel,True,False,literal_constant,0,0,0,
BOILER_D_FG_DENSITY,Boiler -- Performance & Energy,True,False,literal_constant,0,0,0,
BOILER_D_FG_ETHANE_MASS_FRACTION,Boiler -- Combustion & Fuel,True,False,literal_constant,0,0,0,
BOILER_D_FG_ETHANE_MASS_PERCENTAGE,Boiler -- Combustion & Fuel,True,False,literal_constant,0,0,0,
BOILER_D_FG_ETHYLENE_MASS_FRACTION,Boiler -- Combustion & Fuel,True,False,literal_constant,0,0,0,
BOILER_D_FG_ETHYLENE_MASS_PERCENTAGE,Boiler -- Combustion & Fuel,True,False,literal_constant,0,0,0,
BOILER_D_FG_FLOW_RATE,Boiler -- Performance & Energy,True,False,literal_constant,0,0,0,
BOILER_D_FG_HYDROGEN_MASS_FRACTION,Boiler -- Combustion & Fuel,True,False,literal_constant,0,0,0,
BOILER_D_FG_HYDROGEN_MASS_PERCENTAGE,Boiler -- Combustion & Fuel,True,False,literal_constant,0,0,0,
BOILER_D_FG_IC4_MASS_FRACTION,Boiler -- Combustion & Fuel,True,False,literal_constant,0,0,0,
BOILER_D_FG_IC4_MASS_PERCENTAGE,Boiler -- Combustion & Fuel,True,False,literal_constant,0,0,0,
BOILER_D_FG_IC5_MASS_FRACTION,Boiler -- Combustion & Fuel,True,False,literal_constant,0,0,0,
BOILER_D_FG_IC5_MASS_PERCENTAGE,Boiler -- Combustion & Fuel,True,False,literal_constant,0,0,0,
BOILER_D_FG_NC4_MASS_FRACTION,Boiler -- Combustion & Fuel,True,False,literal_constant,0,0,0,
BOILER_D_FG_NC4_MASS_PERCENTAGE,Boiler -- Combustion & Fuel,True,False,literal_constant,0,0,0,
BOILER_D_FG_NC5_MASS_FRACTION,Boiler -- Combustion & Fuel,True,False,literal_constant,0,0,0,
BOILER_D_FG_NC5_MASS_PERCENTAGE,Boiler -- Combustion & Fuel,True,False,literal_constant,0,0,0,
BOILER_D_FG_NITROGEN_MASS_FRACTION,Boiler -- Combustion & Fuel,True,False,literal_constant,0,0,0,
BOILER_D_FG_NITROGEN_MASS_PERCENTAGE,Boiler -- Combustion & Fuel,True,False,literal_constant,0,0,0,
BOILER_D_FG_PROPANE_MASS_FRACTION,Boiler -- Combustion & Fuel,True,False,literal_constant,0,0,0,
BOILER_D_FG_PROPANE_MASS_PERCENTAGE,Boiler -- Combustion & Fuel,True,False,literal_constant,0,0,0,
BOILER_D_FLUE_GAS_OXGYGEN_flag,Boiler -- Flue Gas & Stack,True,False,fully_blocked,1,0,1,BOILER_D_FLUE_GAS_OXGYGEN
BOILER_D_FLUE_GAS_PER_FUEL_MASS_RATIO,Boiler -- Flue Gas & Stack,True,False,literal_constant,0,0,0,
BOILER_D_FOULING_INDEX,Boiler -- Performance & Energy,True,False,literal_constant,0,0,0,
BOILER_D_FUEL_COMPOSITION_TOTAL,Boiler -- Performance & Energy,True,False,literal_constant,0,0,0,
BOILER_D_FUEL_CONSUMPTION,Boiler -- Performance & Energy,True,False,literal_constant,0,0,0,
BOILER_D_FUEL_GAIN_LOSS,Boiler -- Performance & Energy,True,False,depends_on_non_pi_refs,0,0,2,BOILER_D_ACTUAL_SP_ENERGY_DELTA_actual; DESUPERHEATER_D_OUTLET_STEAM_FLOW_actual
BOILER_D_FUEL_GAS_CORRECTED_TPH,Boiler -- Performance & Energy,True,False,literal_constant,0,0,0,
BOILER_D_FUEL_GAS_ENERGY_INPUT,Boiler -- Performance & Energy,True,False,literal_constant,0,0,0,
BOILER_D_H2O_FORMED,Boiler -- Performance & Energy,True,False,literal_constant,0,0,0,
BOILER_D_H2_CO2_COMBUSTION,Boiler -- Combustion & Fuel,True,False,literal_constant,0,0,0,
BOILER_D_H2_H2O_COMBUSTION,Boiler -- Combustion & Fuel,True,False,literal_constant,0,0,0,
BOILER_D_H2_N2_COMBUSTION,Boiler -- Combustion & Fuel,True,False,literal_constant,0,0,0,
BOILER_D_HEAT_LOSS_DUE_TO_DRY_FLUE_GAS_L1,Boiler -- Flue Gas & Stack,True,False,literal_constant,0,0,0,
BOILER_D_HEAT_LOSS_DUE_TO_EVAPORATION_OF_WATER_FORMED_DUE_TO_H2_IN_FUEL_L2,Boiler -- Performance & Energy,True,False,literal_constant,0,0,0,
BOILER_D_HEAT_LOSS_DUE_TO_H2O_IN_STACK_L3,Boiler -- Flue Gas & Stack,True,False,literal_constant,0,0,0,
BOILER_D_HEAT_LOSS_DUE_TO_INCOMPLETE_COMBUSTIONL4,Boiler -- Performance & Energy,True,False,literal_constant,0,0,0,
BOILER_D_HP_STEAM_ENTHALPY,Boiler -- Performance & Energy,True,False,literal_constant,0,0,0,
BOILER_D_IC4_CO2_COMBUSTION,Boiler -- Combustion & Fuel,True,False,literal_constant,0,0,0,
BOILER_D_IC4_H2O_COMBUSTION,Boiler -- Combustion & Fuel,True,False,literal_constant,0,0,0,
BOILER_D_IC4_N2_COMBUSTION,Boiler -- Combustion & Fuel,True,False,literal_constant,0,0,0,
BOILER_D_IC5_CO2_COMBUSTION,Boiler -- Combustion & Fuel,True,False,literal_constant,0,0,0,
BOILER_D_IC5_H2O_COMBUSTION,Boiler -- Combustion & Fuel,True,False,literal_constant,0,0,0,
BOILER_D_IC5_N2_COMBUSTION,Boiler -- Combustion & Fuel,True,False,literal_constant,0,0,0,
BOILER_D_LMTD_ECONOMIZER,Boiler -- Performance & Energy,True,False,literal_constant,0,0,0,
BOILER_D_N2_FORMED,Boiler -- Performance & Energy,True,False,literal_constant,0,0,0,
BOILER_D_NC4_CO2_COMBUSTION,Boiler -- Combustion & Fuel,True,False,literal_constant,0,0,0,
BOILER_D_NC4_H2O_COMBUSTION,Boiler -- Combustion & Fuel,True,False,literal_constant,0,0,0,
BOILER_D_NC4_N2_COMBUSTION,Boiler -- Combustion & Fuel,True,False,literal_constant,0,0,0,
BOILER_D_NC5_CO2_COMBUSTION,Boiler -- Combustion & Fuel,True,False,literal_constant,0,0,0,
BOILER_D_NC5_H2O_COMBUSTION,Boiler -- Combustion & Fuel,True,False,literal_constant,0,0,0,
BOILER_D_NC5_N2_COMBUSTION,Boiler -- Combustion & Fuel,True,False,literal_constant,0,0,0,
BOILER_D_PERC_DUTY_GAINED_IN_CONVECTION_SECTION,Boiler -- Performance & Energy,True,False,literal_constant,0,0,0,
BOILER_D_PER_DUTY_GAINED_IN_RADIANT_SECTION,Boiler -- Performance & Energy,True,False,literal_constant,0,0,0,
BOILER_D_PH_ANALYZER_checked,Boiler -- Performance & Energy,True,False,fully_blocked,2,0,2,BOILER_D_PH_ANALYZER; UNITED_LIMS_CBD_D_PH
BOILER_D_PROPANE_CO2_COMBUSTION,Boiler -- Combustion & Fuel,True,False,literal_constant,0,0,0,
BOILER_D_PROPANE_H2O_COMBUSTION,Boiler -- Combustion & Fuel,True,False,literal_constant,0,0,0,
BOILER_D_PROPANE_N2_COMBUSTION,Boiler -- Combustion & Fuel,True,False,literal_constant,0,0,0,
BOILER_D_RADIATION_DUTY,Boiler -- Performance & Energy,True,False,literal_constant,0,0,0,
BOILER_D_RADIATION_DUTY_TO_CONVECTION_DUTY,Boiler -- Performance & Energy,True,False,literal_constant,0,0,0,
BOILER_D_RADIATION_LOSSES,Boiler -- Performance & Energy,True,False,literal_constant,0,0,0,
BOILER_D_RADIATION_SECTION_EFFICIENCY,Boiler -- Performance & Energy,True,False,literal_constant,0,0,0,
BOILER_D_SENSBILE_HEAT_CORRECTION_FOR_AIR,Boiler -- Performance & Energy,True,False,literal_constant,0,0,0,
BOILER_D_SENSIBLE_HEAT_CORRECTION_FOR_FUEL,Boiler -- Performance & Energy,True,False,literal_constant,0,0,0,
BOILER_D_SH_DUTY,Boiler -- Performance & Energy,True,False,literal_constant,0,0,0,
BOILER_D_SH_PERFORMANCE,Boiler -- Performance & Energy,True,False,literal_constant,0,0,0,
BOILER_D_SH_SPECIFIC_DUTY,Boiler -- Performance & Energy,True,False,literal_constant,0,0,0,
BOILER_D_SPECIFIC_ENERGY_CONSUMPTION_IN_GCAL,Boiler -- Performance & Energy,True,False,literal_constant,0,0,0,
BOILER_D_SPECIFIC_ENERGY_CONSUMPTION_IN_GJ,Boiler -- Performance & Energy,True,False,literal_constant,0,0,0,
BOILER_D_STACK_LOSS,Boiler -- Flue Gas & Stack,True,False,literal_constant,0,0,0,
BOILER_D_STACK_LOSS_CORRECTED,Boiler -- Flue Gas & Stack,True,False,literal_constant,0,0,0,
BOILER_D_STATUS,Boiler -- Performance & Energy,True,False,literal_constant,0,0,0,
BOILER_D_STEAM_DRUM_TEMP,Boiler -- Performance & Energy,True,False,literal_constant,0,0,0,
BOILER_D_STEAM_TO_FIRE_DUTY_RATIO,Boiler -- Performance & Energy,True,False,literal_constant,0,0,0,
BOILER_D_SUPERHEATED_STEAM_BFW_RATIO,Boiler -- Steam Generation,True,False,literal_constant,0,0,0,
BOILER_D_THERMAL_EFFICIENCY,Boiler -- Performance & Energy,True,False,literal_constant,0,0,0,
BOILER_D_TOTAL_BOILER_STACK_LOSS_PER_KG_FUEL,Boiler -- Flue Gas & Stack,True,False,literal_constant,0,0,0,
BOILER_D_TOTAL_FLUE_GAS_CORRECTED,Boiler -- Flue Gas & Stack,True,False,literal_constant,0,0,0,
BOILER_D_TOTAL_FLUE_GAS_GENERATED,Boiler -- Flue Gas & Stack,True,False,literal_constant,0,0,0,
BOILER_D_TOTAL_FUEL_COMPOSTION_MASS,Boiler -- Performance & Energy,True,False,literal_constant,0,0,0,
BOILER_D_TOTAL_H2O_PER_KG_OF_FUEL,Boiler -- Performance & Energy,True,False,literal_constant,0,0,0,
BOILER_D_TOTAL_HEAT_ABSORBED_PER_KG_OF_FUEL,Boiler -- Performance & Energy,True,False,literal_constant,0,0,0,
BOILER_D_TOTAL_HEAT_INPUT_PER_KG_OF_FUEL,Boiler -- Performance & Energy,True,False,literal_constant,0,0,0,
BOILER_D_TOTAL_HEAT_LOSS_PER_KG_OF_FUEL,Boiler -- Performance & Energy,True,False,literal_constant,0,0,0,
BOILER_D_TOTAL_MOISTURE_WITH_AIR,Boiler -- Performance & Energy,True,False,literal_constant,0,0,0,
BOILER_D_TOTAL_STEAM_ENERGY,Boiler -- Performance & Energy,True,False,literal_constant,0,0,0,
BOILER_D_UA_ECONOMIZER,Boiler -- Performance & Energy,True,False,literal_constant,0,0,0,
BOILER_D_VAPOUR_PRESSURE_OF_H2O,Boiler -- Performance & Energy,True,False,literal_constant,0,0,0,
BOILER_E_ACTUAL_SP_ENERGY_DELTA,Boiler -- Performance & Energy,True,False,literal_constant,0,0,0,
BOILER_E_AIR_CP_FOR_SENSIBLE_HEAT_CORRECTED,Boiler -- Performance & Energy,True,False,literal_constant,0,0,0,
BOILER_E_AIR_CP_REF_T,Boiler -- Performance & Energy,True,False,literal_constant,0,0,0,
BOILER_E_AIR_FUEL_MASS_RATIO,Boiler -- Combustion & Fuel,True,False,literal_constant,0,0,0,
BOILER_E_AIR_MOISTURE,Boiler -- Performance & Energy,True,False,literal_constant,0,0,0,
BOILER_E_AIR_REQUIRED_FOR_CH4_COMBUSTION,Boiler -- Combustion & Fuel,True,False,literal_constant,0,0,0,
BOILER_E_AIR_REQUIRED_FOR_COMPLETE_COMBUSTION,Boiler -- Combustion & Fuel,True,False,literal_constant,0,0,0,
BOILER_E_AIR_REQUIRED_FOR_ETHANE_COMBUSTION,Boiler -- Combustion & Fuel,True,False,literal_constant,0,0,0,
BOILER_E_AIR_REQUIRED_FOR_ETHYLENE_COMBUSTION,Boiler -- Combustion & Fuel,True,False,literal_constant,0,0,0,
BOILER_E_AIR_REQUIRED_FOR_H2_COMBUSTION,Boiler -- Combustion & Fuel,True,False,literal_constant,0,0,0,
BOILER_E_AIR_REQUIRED_FOR_IC4_COMBUSTION,Boiler -- Combustion & Fuel,True,False,literal_constant,0,0,0,
BOILER_E_AIR_REQUIRED_FOR_IC5_COMBUSTION,Boiler -- Combustion & Fuel,True,False,literal_constant,0,0,0,
BOILER_E_AIR_REQUIRED_FOR_NC4_COMBUSTION,Boiler -- Combustion & Fuel,True,False,literal_constant,0,0,0,
BOILER_E_AIR_REQUIRED_FOR_NC5_COMBUSTION,Boiler -- Combustion & Fuel,True,False,literal_constant,0,0,0,
BOILER_E_AIR_REQUIRED_FOR_PROPANE_COMBUSTION,Boiler -- Combustion & Fuel,True,False,literal_constant,0,0,0,
BOILER_E_AVG_CP_OF_FLUE_GAS_AT_STACK_TEMP,Boiler -- Flue Gas & Stack,True,False,literal_constant,0,0,0,
BOILER_E_AVG_CP_OF_FUEL_GAS_SENSIBLE_HEAT_CORRECTED,Boiler -- Performance & Energy,True,False,literal_constant,0,0,0,
BOILER_E_BFW_ENERGY,Boiler -- Performance & Energy,True,False,literal_constant,0,0,0,
BOILER_E_BFW_ENTHALPY,Boiler -- Performance & Energy,True,False,literal_constant,0,0,0,
BOILER_E_BLOWDOWN_LOSS,Boiler -- Blowdown,True,False,literal_constant,0,0,0,
BOILER_E_BOILER_INDIRECT_EFFICIENCY,Boiler -- Performance & Energy,True,False,literal_constant,0,0,0,
BOILER_E_BOILER_LOAD,Boiler -- Performance & Energy,True,False,literal_constant,0,0,0,
BOILER_E_CALCULATED_AIRFLOW_NM3H,Boiler -- Performance & Energy,True,False,literal_constant,0,0,0,
BOILER_E_CH4_CO2_COMBUSTION,Boiler -- Combustion & Fuel,True,False,literal_constant,0,0,0,
BOILER_E_CH4_H2O_COMBUSTION,Boiler -- Combustion & Fuel,True,False,literal_constant,0,0,0,
BOILER_E_CH4_N2_COMBUSTION,Boiler -- Combustion & Fuel,True,False,literal_constant,0,0,0,
BOILER_E_CO2_EMISSIONS,Boiler -- Emissions,True,False,literal_constant,0,0,0,
BOILER_E_CO2_FORMED,Boiler -- Performance & Energy,True,False,literal_constant,0,0,0,
BOILER_E_CONVECTION_DUTY,Boiler -- Performance & Energy,True,False,literal_constant,0,0,0,
BOILER_E_CONVECTION_SECTION_EFFICIENCY,Boiler -- Performance & Energy,True,False,literal_constant,0,0,0,
BOILER_E_CORRECTED_BFW_FLOW,Boiler -- Performance & Energy,True,False,literal_constant,0,0,0,
BOILER_E_CORRECTED_COMBUSTION_AIR,Boiler -- Combustion & Fuel,True,False,literal_constant,0,0,0,
BOILER_E_CORRECTED_COMBUTION_H2O_FORMED,Boiler -- Performance & Energy,True,False,literal_constant,0,0,0,
BOILER_E_CORRECTED_FUEL_FLOW,Boiler -- Performance & Energy,True,False,literal_constant,0,0,0,
BOILER_E_CORRECTED_FUEL_GAS_ENERGY_INPUT,Boiler -- Performance & Energy,True,False,literal_constant,0,0,0,
BOILER_E_CP_AT_COMBUSTION_TEMPERATURE,Boiler -- Combustion & Fuel,True,False,literal_constant,0,0,0,
BOILER_E_CP_CH4_FUEL_TEMP,Boiler -- Performance & Energy,True,False,literal_constant,0,0,0,
BOILER_E_CP_ETHANE_FUEL_TEMP,Boiler -- Performance & Energy,True,False,literal_constant,0,0,0,
BOILER_E_CP_ETHYLENE_FUEL_TEMP,Boiler -- Performance & Energy,True,False,literal_constant,0,0,0,
BOILER_E_CP_FLUE_GAS_CO2_AT_STACK_TEMP,Boiler -- Flue Gas & Stack,True,False,literal_constant,0,0,0,
BOILER_E_CP_FLUE_GAS_H2O_AT_STACK_TEMP,Boiler -- Flue Gas & Stack,True,False,literal_constant,0,0,0,
BOILER_E_CP_FLUE_GAS_N2_AT_STACK_TEMP,Boiler -- Flue Gas & Stack,True,False,literal_constant,0,0,0,
BOILER_E_CP_H2_FUEL_TEMP,Boiler -- Performance & Energy,True,False,literal_constant,0,0,0,
BOILER_E_CP_IC4_FUEL_TEMP,Boiler -- Performance & Energy,True,False,literal_constant,0,0,0,
BOILER_E_CP_IC5_FUEL_TEMP,Boiler -- Performance & Energy,True,False,literal_constant,0,0,0,
BOILER_E_CP_NC4_FUEL_TEMP,Boiler -- Performance & Energy,True,False,literal_constant,0,0,0,
BOILER_E_CP_NC5_FUEL_TEMP,Boiler -- Performance & Energy,True,False,literal_constant,0,0,0,
BOILER_E_CP_OF_AIR_AT_STACK_TEMP,Boiler -- Flue Gas & Stack,True,False,literal_constant,0,0,0,
BOILER_E_CP_OF_H2O_AT_STACK_TEMP,Boiler -- Flue Gas & Stack,True,False,literal_constant,0,0,0,
BOILER_E_CP_PROPANE_FUEL_TEMP,Boiler -- Performance & Energy,True,False,literal_constant,0,0,0,
BOILER_E_CP_TOTAL_FUEL_AT_FUEL_TEMP,Boiler -- Performance & Energy,True,False,literal_constant,0,0,0,
BOILER_E_CP_TOTAL_FUEL_AT_REF_TEMP,Boiler -- Performance & Energy,True,False,literal_constant,0,0,0,
BOILER_E_DRY_FLUE_GAS_PER_FUEL_MASS_RATIO,Boiler -- Flue Gas & Stack,True,False,literal_constant,0,0,0,
BOILER_E_ECONOMIZER_DUTY,Boiler -- Performance & Energy,True,False,literal_constant,0,0,0,
BOILER_E_EFFICIENCY_LOSS_DUE_TO_BLOWDOWN,Boiler -- Blowdown,True,False,literal_constant,0,0,0,
BOILER_E_ENERGY_GAINED,Boiler -- Performance & Energy,True,False,literal_constant,0,0,0,
BOILER_E_ETHANE_CO2_COMBUSTION,Boiler -- Combustion & Fuel,True,False,literal_constant,0,0,0,
BOILER_E_ETHANE_H2O_COMBUSTION,Boiler -- Combustion & Fuel,True,False,literal_constant,0,0,0,
BOILER_E_ETHANE_N2_COMBUSTION,Boiler -- Combustion & Fuel,True,False,literal_constant,0,0,0,
BOILER_E_ETHYLENE_CO2_COMBUSTION,Boiler -- Combustion & Fuel,True,False,literal_constant,0,0,0,
BOILER_E_ETHYLENE_H2O_COMBUSTION,Boiler -- Combustion & Fuel,True,False,literal_constant,0,0,0,
BOILER_E_ETHYLENE_N2_COMBUSTION,Boiler -- Combustion & Fuel,True,False,literal_constant,0,0,0,
BOILER_E_EXCESS_AIR,Boiler -- Performance & Energy,True,False,literal_constant,0,0,0,
BOILER_E_FG_CH4_MASS_FRACTION,Boiler -- Combustion & Fuel,True,False,literal_constant,0,0,0,
BOILER_E_FG_CH4_MASS_PERCENTAGE,Boiler -- Combustion & Fuel,True,False,literal_constant,0,0,0,
BOILER_E_FG_DENSITY,Boiler -- Performance & Energy,True,False,literal_constant,0,0,0,
BOILER_E_FG_ETHANE_MASS_FRACTION,Boiler -- Combustion & Fuel,True,False,literal_constant,0,0,0,
BOILER_E_FG_ETHANE_MASS_PERCENTAGE,Boiler -- Combustion & Fuel,True,False,literal_constant,0,0,0,
BOILER_E_FG_ETHYLENE_MASS_FRACTION,Boiler -- Combustion & Fuel,True,False,literal_constant,0,0,0,
BOILER_E_FG_ETHYLENE_MASS_PERCENTAGE,Boiler -- Combustion & Fuel,True,False,literal_constant,0,0,0,
BOILER_E_FG_FLOW_RATE,Boiler -- Performance & Energy,True,False,literal_constant,0,0,0,
BOILER_E_FG_HYDROGEN_MASS_FRACTION,Boiler -- Combustion & Fuel,True,False,literal_constant,0,0,0,
BOILER_E_FG_HYDROGEN_MASS_PERCENTAGE,Boiler -- Combustion & Fuel,True,False,literal_constant,0,0,0,
BOILER_E_FG_IC4_MASS_FRACTION,Boiler -- Combustion & Fuel,True,False,literal_constant,0,0,0,
BOILER_E_FG_IC4_MASS_PERCENTAGE,Boiler -- Combustion & Fuel,True,False,literal_constant,0,0,0,
BOILER_E_FG_IC5_MASS_FRACTION,Boiler -- Combustion & Fuel,True,False,literal_constant,0,0,0,
BOILER_E_FG_IC5_MASS_PERCENTAGE,Boiler -- Combustion & Fuel,True,False,literal_constant,0,0,0,
BOILER_E_FG_NC4_MASS_FRACTION,Boiler -- Combustion & Fuel,True,False,literal_constant,0,0,0,
BOILER_E_FG_NC4_MASS_PERCENTAGE,Boiler -- Combustion & Fuel,True,False,literal_constant,0,0,0,
BOILER_E_FG_NC5_MASS_FRACTION,Boiler -- Combustion & Fuel,True,False,literal_constant,0,0,0,
BOILER_E_FG_NC5_MASS_PERCENTAGE,Boiler -- Combustion & Fuel,True,False,literal_constant,0,0,0,
BOILER_E_FG_NITROGEN_MASS_FRACTION,Boiler -- Combustion & Fuel,True,False,literal_constant,0,0,0,
BOILER_E_FG_NITROGEN_MASS_PERCENTAGE,Boiler -- Combustion & Fuel,True,False,literal_constant,0,0,0,
BOILER_E_FG_PROPANE_MASS_FRACTION,Boiler -- Combustion & Fuel,True,False,literal_constant,0,0,0,
BOILER_E_FG_PROPANE_MASS_PERCENTAGE,Boiler -- Combustion & Fuel,True,False,literal_constant,0,0,0,
BOILER_E_FLUE_GAS_PER_FUEL_MASS_RATIO,Boiler -- Flue Gas & Stack,True,False,literal_constant,0,0,0,
BOILER_E_FOULING_INDEX,Boiler -- Performance & Energy,True,False,literal_constant,0,0,0,
BOILER_E_FUEL_COMPOSITION_TOTAL,Boiler -- Performance & Energy,True,False,literal_constant,0,0,0,
BOILER_E_FUEL_CONSUMPTION,Boiler -- Performance & Energy,True,False,literal_constant,0,0,0,
BOILER_E_FUEL_GAIN_LOSS,Boiler -- Performance & Energy,True,False,depends_on_non_pi_refs,0,0,2,BOILER_E_ACTUAL_SP_ENERGY_DELTA_actual; DESUPERHEATER_E_OUTLET_STEAM_FLOW_actual
BOILER_E_FUEL_GAS_CORRECTED_TPH,Boiler -- Performance & Energy,True,False,literal_constant,0,0,0,
BOILER_E_FUEL_GAS_ENERGY_INPUT,Boiler -- Performance & Energy,True,False,literal_constant,0,0,0,
BOILER_E_H2O_FORMED,Boiler -- Performance & Energy,True,False,literal_constant,0,0,0,
BOILER_E_H2_CO2_COMBUSTION,Boiler -- Combustion & Fuel,True,False,literal_constant,0,0,0,
BOILER_E_H2_H2O_COMBUSTION,Boiler -- Combustion & Fuel,True,False,literal_constant,0,0,0,
BOILER_E_H2_N2_COMBUSTION,Boiler -- Combustion & Fuel,True,False,literal_constant,0,0,0,
BOILER_E_HEAT_LOSS_DUE_TO_DRY_FLUE_GAS_L1,Boiler -- Flue Gas & Stack,True,False,literal_constant,0,0,0,
BOILER_E_HEAT_LOSS_DUE_TO_EVAPORATION_OF_WATER_FORMED_DUE_TO_H2_IN_FUEL_L2,Boiler -- Performance & Energy,True,False,literal_constant,0,0,0,
BOILER_E_HEAT_LOSS_DUE_TO_H2O_IN_STACK_L3,Boiler -- Flue Gas & Stack,True,False,literal_constant,0,0,0,
BOILER_E_HEAT_LOSS_DUE_TO_INCOMPLETE_COMBUSTIONL4,Boiler -- Performance & Energy,True,False,literal_constant,0,0,0,
BOILER_E_HP_STEAM_ENTHALPY,Boiler -- Performance & Energy,True,False,literal_constant,0,0,0,
BOILER_E_IC4_CO2_COMBUSTION,Boiler -- Combustion & Fuel,True,False,literal_constant,0,0,0,
BOILER_E_IC4_H2O_COMBUSTION,Boiler -- Combustion & Fuel,True,False,literal_constant,0,0,0,
BOILER_E_IC4_N2_COMBUSTION,Boiler -- Combustion & Fuel,True,False,literal_constant,0,0,0,
BOILER_E_IC5_CO2_COMBUSTION,Boiler -- Combustion & Fuel,True,False,literal_constant,0,0,0,
BOILER_E_IC5_H2O_COMBUSTION,Boiler -- Combustion & Fuel,True,False,literal_constant,0,0,0,
BOILER_E_IC5_N2_COMBUSTION,Boiler -- Combustion & Fuel,True,False,literal_constant,0,0,0,
BOILER_E_LMTD_ECONOMIZER,Boiler -- Performance & Energy,True,False,literal_constant,0,0,0,
BOILER_E_N2_FORMED,Boiler -- Performance & Energy,True,False,literal_constant,0,0,0,
BOILER_E_NC4_CO2_COMBUSTION,Boiler -- Combustion & Fuel,True,False,literal_constant,0,0,0,
BOILER_E_NC4_H2O_COMBUSTION,Boiler -- Combustion & Fuel,True,False,literal_constant,0,0,0,
BOILER_E_NC4_N2_COMBUSTION,Boiler -- Combustion & Fuel,True,False,literal_constant,0,0,0,
BOILER_E_NC5_CO2_COMBUSTION,Boiler -- Combustion & Fuel,True,False,literal_constant,0,0,0,
BOILER_E_NC5_H2O_COMBUSTION,Boiler -- Combustion & Fuel,True,False,literal_constant,0,0,0,
BOILER_E_NC5_N2_COMBUSTION,Boiler -- Combustion & Fuel,True,False,literal_constant,0,0,0,
BOILER_E_PERC_DUTY_GAINED_IN_CONVECTION_SECTION,Boiler -- Performance & Energy,True,False,literal_constant,0,0,0,
BOILER_E_PER_DUTY_GAINED_IN_RADIANT_SECTION,Boiler -- Performance & Energy,True,False,literal_constant,0,0,0,
BOILER_E_PH_ANALYZER_checked,Boiler -- Performance & Energy,True,False,fully_blocked,2,0,2,BOILER_E_PH_ANALYZER; UNITED_LIMS_CBD_E_PH
BOILER_E_PROPANE_CO2_COMBUSTION,Boiler -- Combustion & Fuel,True,False,literal_constant,0,0,0,
BOILER_E_PROPANE_H2O_COMBUSTION,Boiler -- Combustion & Fuel,True,False,literal_constant,0,0,0,
BOILER_E_PROPANE_N2_COMBUSTION,Boiler -- Combustion & Fuel,True,False,literal_constant,0,0,0,
BOILER_E_RADIATION_DUTY,Boiler -- Performance & Energy,True,False,literal_constant,0,0,0,
BOILER_E_RADIATION_DUTY_TO_CONVECTION_DUTY,Boiler -- Performance & Energy,True,False,literal_constant,0,0,0,
BOILER_E_RADIATION_LOSSES,Boiler -- Performance & Energy,True,False,literal_constant,0,0,0,
BOILER_E_RADIATION_SECTION_EFFICIENCY,Boiler -- Performance & Energy,True,False,literal_constant,0,0,0,
BOILER_E_SENSBILE_HEAT_CORRECTION_FOR_AIR,Boiler -- Performance & Energy,True,False,literal_constant,0,0,0,
BOILER_E_SENSIBLE_HEAT_CORRECTION_FOR_FUEL,Boiler -- Performance & Energy,True,False,literal_constant,0,0,0,
BOILER_E_SH_DUTY,Boiler -- Performance & Energy,True,False,literal_constant,0,0,0,
BOILER_E_SH_PERFORMANCE,Boiler -- Performance & Energy,True,False,literal_constant,0,0,0,
BOILER_E_SH_SPECIFIC_DUTY,Boiler -- Performance & Energy,True,False,literal_constant,0,0,0,
BOILER_E_SPECIFIC_ENERGY_CONSUMPTION_IN_GCAL,Boiler -- Performance & Energy,True,False,literal_constant,0,0,0,
BOILER_E_SPECIFIC_ENERGY_CONSUMPTION_IN_GJ,Boiler -- Performance & Energy,True,False,literal_constant,0,0,0,
BOILER_E_STACK_LOSS,Boiler -- Flue Gas & Stack,True,False,literal_constant,0,0,0,
BOILER_E_STACK_LOSS_CORRECTED,Boiler -- Flue Gas & Stack,True,False,literal_constant,0,0,0,
BOILER_E_STATUS,Boiler -- Performance & Energy,True,False,literal_constant,0,0,0,
BOILER_E_STEAM_DRUM_PRESSURE,Boiler -- Steam Generation,True,False,literal_constant,0,0,0,
BOILER_E_STEAM_DRUM_TEMP,Boiler -- Performance & Energy,True,False,literal_constant,0,0,0,
BOILER_E_STEAM_TO_FIRE_DUTY_RATIO,Boiler -- Performance & Energy,True,False,literal_constant,0,0,0,
BOILER_E_SUPERHEATED_STEAM_BFW_RATIO,Boiler -- Steam Generation,True,False,literal_constant,0,0,0,
BOILER_E_THERMAL_EFFICIENCY,Boiler -- Performance & Energy,True,False,literal_constant,0,0,0,
BOILER_E_TOTAL_BOILER_STACK_LOSS_PER_KG_FUEL,Boiler -- Flue Gas & Stack,True,False,literal_constant,0,0,0,
BOILER_E_TOTAL_FLUE_GAS_CORRECTED,Boiler -- Flue Gas & Stack,True,False,literal_constant,0,0,0,
BOILER_E_TOTAL_FLUE_GAS_GENERATED,Boiler -- Flue Gas & Stack,True,False,literal_constant,0,0,0,
BOILER_E_TOTAL_FUEL_COMPOSTION_MASS,Boiler -- Performance & Energy,True,False,literal_constant,0,0,0,
BOILER_E_TOTAL_H2O_PER_KG_OF_FUEL,Boiler -- Performance & Energy,True,False,literal_constant,0,0,0,
BOILER_E_TOTAL_HEAT_ABSORBED_PER_KG_OF_FUEL,Boiler -- Performance & Energy,True,False,literal_constant,0,0,0,
BOILER_E_TOTAL_HEAT_INPUT_PER_KG_OF_FUEL,Boiler -- Performance & Energy,True,False,literal_constant,0,0,0,
BOILER_E_TOTAL_HEAT_LOSS_PER_KG_OF_FUEL,Boiler -- Performance & Energy,True,False,literal_constant,0,0,0,
BOILER_E_TOTAL_MOISTURE_WITH_AIR,Boiler -- Performance & Energy,True,False,literal_constant,0,0,0,
BOILER_E_TOTAL_STEAM_ENERGY,Boiler -- Performance & Energy,True,False,literal_constant,0,0,0,
BOILER_E_UA_ECONOMIZER,Boiler -- Performance & Energy,True,False,literal_constant,0,0,0,
BOILER_E_VAPOUR_PRESSURE_OF_H2O,Boiler -- Performance & Energy,True,False,literal_constant,0,0,0,
BOILER_FG_CH4_CONCENTRATION,Boiler -- Combustion & Fuel,True,False,literal_constant,0,0,0,
BOILER_FG_CO2_CONCENTRATION,Boiler -- Combustion & Fuel,True,False,literal_constant,0,0,0,
BOILER_FG_ETHANE_CONCENTRATION,Boiler -- Combustion & Fuel,True,False,literal_constant,0,0,0,
BOILER_FG_ETHYLENE_CONCENTRATION,Boiler -- Combustion & Fuel,True,False,literal_constant,0,0,0,
BOILER_FG_HYDROGEN_CONCENTRATION,Boiler -- Combustion & Fuel,True,False,literal_constant,0,0,0,
BOILER_FG_IC4_CONCENTRATION,Boiler -- Combustion & Fuel,True,False,literal_constant,0,0,0,
BOILER_FG_IC5_CONCENTRATION,Boiler -- Combustion & Fuel,True,False,literal_constant,0,0,0,
BOILER_FG_N2_CONCENTRATION,Boiler -- Combustion & Fuel,True,False,literal_constant,0,0,0,
BOILER_FG_NC4_CONCENTRATION,Boiler -- Combustion & Fuel,True,False,literal_constant,0,0,0,
BOILER_FG_NC5_CONCENTRATION,Boiler -- Combustion & Fuel,True,False,literal_constant,0,0,0,
BOILER_FG_PROPANE_CONCENTRATION,Boiler -- Combustion & Fuel,True,False,literal_constant,0,0,0,
BOILER_OVERALL_EFFICIENCY,Boiler -- Performance & Energy,True,False,literal_constant,0,0,0,
Blowdown_percentage_boiler_A,Boiler -- Blowdown,True,False,partially_blocked,2,1,1,BOILER_A_CBD
Blowdown_percentage_boiler_B,Boiler -- Blowdown,True,False,partially_blocked,2,1,1,BOILER_B_CBD
Blowdown_percentage_boiler_C,Boiler -- Blowdown,True,False,partially_blocked,2,1,1,BOILER_C_CBD
Blowdown_percentage_boiler_D,Boiler -- Blowdown,True,False,partially_blocked,2,1,1,BOILER_D_CBD
Blowdown_percentage_boiler_E,Boiler -- Blowdown,True,False,partially_blocked,2,1,1,BOILER_E_CBD
Boiler_1_Fuel_Cost,Boiler -- Performance & Energy,True,False,partially_blocked,19,13,6,Arrazi_Plant_Load; BOILER_A_FLUE_GAS_OXGYGEN; Boiler_A_Combustion_Air_Temperature; Boiler_A_Main_Fuel_Gas_Temperature; Fuel_BLR_1_raw; LHV
Boiler_2_Fuel_Cost,Boiler -- Performance & Energy,True,False,partially_blocked,19,12,7,Arrazi_Plant_Load; BOILER_B_FLUE_GAS_OXGYGEN; Boielr_B_Fuel_Gas_Flow; Boiler_B_Combustion_Air_Temperature; Boiler_B_Main_Fuel_Gas_Temperature; Fuel_BLR_2_raw; LHV
Boiler_3_Fuel_Cost,Boiler -- Performance & Energy,True,False,partially_blocked,19,13,6,Arrazi_Plant_Load; BOILER_C_FLUE_GAS_OXGYGEN; Boiler_C_Combustion_Air_Temperature; Boiler_C_Main_Fuel_Gas_Temperature; Fuel_BLR_3_raw; LHV
Boiler_4_Fuel_Cost,Boiler -- Performance & Energy,True,False,partially_blocked,19,13,6,Arrazi_Plant_Load; BOILER_D_FLUE_GAS_OXGYGEN; Boiler_D_Combustion_Air_Temperature; Boiler_D_Main_Fuel_Gas_Temperature; Fuel_BLR_4_raw; LHV
Boiler_5_Fuel_Cost,Boiler -- Performance & Energy,True,False,partially_blocked,19,13,6,Arrazi_Plant_Load; BOILER_E_FLUE_GAS_OXGYGEN; Boiler_E_Combustion_Air_Temp; Boiler_E_Main_Fuel_Gas_Temperature; Fuel_BLR_5_raw; LHV
Boiler_5_O2_flag,Boiler -- Performance & Energy,True,False,fully_blocked,1,0,1,Boiler_5_O2
Boiler_A_Air_Cp_For_Sensible_Heat_Corrected,Boiler -- Performance & Energy,True,False,fully_blocked,1,0,1,Boiler_A_Combustion_Air_Temperature
Boiler_A_Air_Cp_Ref_T,Boiler -- Performance & Energy,True,False,literal_constant,0,0,0,
Boiler_A_Air_Fuel_Mass_Ratio,Boiler -- Combustion & Fuel,True,False,partially_blocked,12,10,2,Arrazi_Plant_Load; BOILER_A_FLUE_GAS_OXGYGEN
Boiler_A_Air_Moisture,Boiler -- Performance & Energy,True,False,fully_computable,2,2,0,
Boiler_A_Air_Required_For_Ch4_Combustion,Boiler -- Combustion & Fuel,True,False,partially_blocked,9,8,1,Arrazi_Plant_Load
Boiler_A_Air_Required_For_Complete_Combustion,Boiler -- Combustion & Fuel,True,False,partially_blocked,9,8,1,Arrazi_Plant_Load
Boiler_A_Air_Required_For_Ethane_Combustion,Boiler -- Combustion & Fuel,True,False,partially_blocked,9,8,1,Arrazi_Plant_Load
Boiler_A_Air_Required_For_Ethylene_Combustion,Boiler -- Combustion & Fuel,True,False,partially_blocked,9,8,1,Arrazi_Plant_Load
Boiler_A_Air_Required_For_H2_Combustion,Boiler -- Combustion & Fuel,True,False,partially_blocked,9,8,1,Arrazi_Plant_Load
Boiler_A_Air_Required_For_Ic4_Combustion,Boiler -- Combustion & Fuel,True,False,partially_blocked,9,8,1,Arrazi_Plant_Load
Boiler_A_Air_Required_For_Ic5_Combustion,Boiler -- Combustion & Fuel,True,False,partially_blocked,9,8,1,Arrazi_Plant_Load
Boiler_A_Air_Required_For_Nc4_Combustion,Boiler -- Combustion & Fuel,True,False,partially_blocked,9,8,1,Arrazi_Plant_Load
Boiler_A_Air_Required_For_Nc5_Combustion,Boiler -- Combustion & Fuel,True,False,partially_blocked,9,8,1,Arrazi_Plant_Load
Boiler_A_Air_Required_For_Propane_Combustion,Boiler -- Combustion & Fuel,True,False,partially_blocked,9,8,1,Arrazi_Plant_Load
Boiler_A_Avg_Cp_Of_Flue_Gas_At_Stack_Temp,Boiler -- Flue Gas & Stack,True,False,partially_blocked,13,11,2,Arrazi_Plant_Load; BOILER_A_FLUE_GAS_OXGYGEN
Boiler_A_Avg_Cp_Of_Fuel_Gas_Sensible_Heat_Corrected,Boiler -- Performance & Energy,True,False,partially_blocked,10,8,2,Arrazi_Plant_Load; Boiler_A_Main_Fuel_Gas_Temperature
Boiler_A_Boiler_Indirect_Efficiency,Boiler -- Performance & Energy,True,False,partially_blocked,16,12,4,Arrazi_Plant_Load; BOILER_A_FLUE_GAS_OXGYGEN; Boiler_A_Combustion_Air_Temperature; Boiler_A_Main_Fuel_Gas_Temperature
Boiler_A_Boiler_Load,Boiler -- Performance & Energy,True,False,fully_computable,1,1,0,
Boiler_A_COC,Boiler -- Performance & Energy,True,False,fully_blocked,2,0,2,BFW_Conductivity; BOILER_A_CONDUCTIVITY
Boiler_A_Ch4_Co2_Combustion,Boiler -- Combustion & Fuel,True,False,partially_blocked,9,8,1,Arrazi_Plant_Load
Boiler_A_Ch4_H2O_Combustion,Boiler -- Combustion & Fuel,True,False,partially_blocked,9,8,1,Arrazi_Plant_Load
Boiler_A_Ch4_N2_Combustion,Boiler -- Combustion & Fuel,True,False,partially_blocked,9,8,1,Arrazi_Plant_Load
Boiler_A_Co2_Formed,Boiler -- Performance & Energy,True,False,partially_blocked,9,8,1,Arrazi_Plant_Load
Boiler_A_Corrected_Combustion_Air,Boiler -- Combustion & Fuel,True,False,partially_blocked,11,10,1,Arrazi_Plant_Load
Boiler_A_Corrected_Combution_H2O_Formed,Boiler -- Performance & Energy,True,False,partially_blocked,11,10,1,Arrazi_Plant_Load
Boiler_A_Cp_At_Combustion_Temperature,Boiler -- Combustion & Fuel,True,False,fully_blocked,1,0,1,Boiler_A_Combustion_Air_Temperature
Boiler_A_Cp_Ch4_Fuel_Temp,Boiler -- Performance & Energy,True,False,fully_blocked,1,0,1,Boiler_A_Main_Fuel_Gas_Temperature
Boiler_A_Cp_Ethane_Fuel_Temp,Boiler -- Performance & Energy,True,False,fully_blocked,1,0,1,Boiler_A_Main_Fuel_Gas_Temperature
Boiler_A_Cp_Ethylene_Fuel_Temp,Boiler -- Performance & Energy,True,False,fully_blocked,1,0,1,Boiler_A_Main_Fuel_Gas_Temperature
Boiler_A_Cp_Flue_Gas_Co2_At_Stack_Temp,Boiler -- Flue Gas & Stack,True,False,fully_computable,1,1,0,
Boiler_A_Cp_Flue_Gas_N2_At_Stack_Temp,Boiler -- Flue Gas & Stack,True,False,fully_computable,1,1,0,
Boiler_A_Cp_H2_Fuel_Temp,Boiler -- Performance & Energy,True,False,fully_blocked,1,0,1,Boiler_A_Main_Fuel_Gas_Temperature
Boiler_A_Cp_Ic4_Fuel_Temp,Boiler -- Performance & Energy,True,False,fully_blocked,1,0,1,Boiler_A_Main_Fuel_Gas_Temperature
Boiler_A_Cp_Ic5_Fuel_Temp,Boiler -- Performance & Energy,True,False,fully_blocked,1,0,1,Boiler_A_Main_Fuel_Gas_Temperature
Boiler_A_Cp_Nc4_Fuel_Temp,Boiler -- Performance & Energy,True,False,fully_blocked,1,0,1,Boiler_A_Main_Fuel_Gas_Temperature
Boiler_A_Cp_Nc5_Fuel_Temp,Boiler -- Performance & Energy,True,False,fully_blocked,1,0,1,Boiler_A_Main_Fuel_Gas_Temperature
Boiler_A_Cp_Of_Air_At_Stack_Temp,Boiler -- Flue Gas & Stack,True,False,fully_computable,1,1,0,
Boiler_A_Cp_Of_H2O_At_Stack_Temp,Boiler -- Flue Gas & Stack,True,False,fully_computable,1,1,0,
Boiler_A_Cp_Propane_Fuel_Temp,Boiler -- Performance & Energy,True,False,fully_blocked,1,0,1,Boiler_A_Main_Fuel_Gas_Temperature
Boiler_A_Cp_Total_Fuel_At_Fuel_Temp,Boiler -- Performance & Energy,True,False,partially_blocked,10,8,2,Arrazi_Plant_Load; Boiler_A_Main_Fuel_Gas_Temperature
Boiler_A_Cp_Total_Fuel_At_Ref_Temp,Boiler -- Performance & Energy,True,False,partially_blocked,9,8,1,Arrazi_Plant_Load
Boiler_A_Dry_Flue_Gas_Per_Fuel_Mass_Ratio,Boiler -- Flue Gas & Stack,True,False,partially_blocked,12,10,2,Arrazi_Plant_Load; BOILER_A_FLUE_GAS_OXGYGEN
Boiler_A_Duty,Boiler -- Performance & Energy,True,False,partially_blocked,19,13,6,Arrazi_Plant_Load; BOILER_A_FLUE_GAS_OXGYGEN; Boiler_A_Combustion_Air_Temperature; Boiler_A_Main_Fuel_Gas_Temperature; Fuel_BLR_1_raw; LHV
Boiler_A_Ethane_Co2_Combustion,Boiler -- Combustion & Fuel,True,False,partially_blocked,9,8,1,Arrazi_Plant_Load
Boiler_A_Ethane_H2O_Combustion,Boiler -- Combustion & Fuel,True,False,partially_blocked,9,8,1,Arrazi_Plant_Load
Boiler_A_Ethane_N2_Combustion,Boiler -- Combustion & Fuel,True,False,partially_blocked,9,8,1,Arrazi_Plant_Load
Boiler_A_Ethylene_Co2_Combustion,Boiler -- Combustion & Fuel,True,False,partially_blocked,9,8,1,Arrazi_Plant_Load
Boiler_A_Ethylene_H2O_Combustion,Boiler -- Combustion & Fuel,True,False,partially_blocked,9,8,1,Arrazi_Plant_Load
Boiler_A_Ethylene_N2_Combustion,Boiler -- Combustion & Fuel,True,False,partially_blocked,9,8,1,Arrazi_Plant_Load
Boiler_A_Excess_Air,Boiler -- Performance & Energy,True,False,partially_blocked,12,10,2,Arrazi_Plant_Load; BOILER_A_FLUE_GAS_OXGYGEN
Boiler_A_Fg_Ch4_Mass_Fraction,Boiler -- Combustion & Fuel,True,False,partially_blocked,9,8,1,Arrazi_Plant_Load
Boiler_A_Fg_Ch4_Mass_Percentage,Boiler -- Combustion & Fuel,True,False,partially_blocked,9,8,1,Arrazi_Plant_Load
Boiler_A_Fg_Ethane_Mass_Fraction,Boiler -- Combustion & Fuel,True,False,partially_blocked,9,8,1,Arrazi_Plant_Load
Boiler_A_Fg_Ethane_Mass_Percentage,Boiler -- Combustion & Fuel,True,False,partially_blocked,9,8,1,Arrazi_Plant_Load
Boiler_A_Fg_Ethylene_Mass_Fraction,Boiler -- Combustion & Fuel,True,False,partially_blocked,9,8,1,Arrazi_Plant_Load
Boiler_A_Fg_Ethylene_Mass_Percentage,Boiler -- Combustion & Fuel,True,False,partially_blocked,9,8,1,Arrazi_Plant_Load
Boiler_A_Fg_Hydrogen_Mass_Fraction,Boiler -- Combustion & Fuel,True,False,partially_blocked,9,8,1,Arrazi_Plant_Load
Boiler_A_Fg_Hydrogen_Mass_Percentage,Boiler -- Combustion & Fuel,True,False,partially_blocked,9,8,1,Arrazi_Plant_Load
Boiler_A_Fg_Ic4_Mass_Fraction,Boiler -- Combustion & Fuel,True,False,partially_blocked,9,8,1,Arrazi_Plant_Load
Boiler_A_Fg_Ic4_Mass_Percentage,Boiler -- Combustion & Fuel,True,False,partially_blocked,9,8,1,Arrazi_Plant_Load
Boiler_A_Fg_Ic5_Mass_Fraction,Boiler -- Combustion & Fuel,True,False,partially_blocked,9,8,1,Arrazi_Plant_Load
Boiler_A_Fg_Ic5_Mass_Percentage,Boiler -- Combustion & Fuel,True,False,partially_blocked,9,8,1,Arrazi_Plant_Load
Boiler_A_Fg_Nc4_Mass_Fraction,Boiler -- Combustion & Fuel,True,False,partially_blocked,9,8,1,Arrazi_Plant_Load
Boiler_A_Fg_Nc4_Mass_Percentage,Boiler -- Combustion & Fuel,True,False,partially_blocked,9,8,1,Arrazi_Plant_Load
Boiler_A_Fg_Nc5_Mass_Fraction,Boiler -- Combustion & Fuel,True,False,partially_blocked,9,8,1,Arrazi_Plant_Load
Boiler_A_Fg_Nc5_Mass_Percentage,Boiler -- Combustion & Fuel,True,False,partially_blocked,9,8,1,Arrazi_Plant_Load
Boiler_A_Fg_Nitrogen_Mass_Fraction,Boiler -- Combustion & Fuel,True,False,partially_blocked,9,8,1,Arrazi_Plant_Load
Boiler_A_Fg_Nitrogen_Mass_Percentage,Boiler -- Combustion & Fuel,True,False,partially_blocked,9,8,1,Arrazi_Plant_Load
Boiler_A_Fg_Propane_Mass_Fraction,Boiler -- Combustion & Fuel,True,False,partially_blocked,9,8,1,Arrazi_Plant_Load
Boiler_A_Fg_Propane_Mass_Percentage,Boiler -- Combustion & Fuel,True,False,partially_blocked,9,8,1,Arrazi_Plant_Load
Boiler_A_Flue_Gas_Per_Fuel_Mass_Ratio,Boiler -- Flue Gas & Stack,True,False,partially_blocked,12,10,2,Arrazi_Plant_Load; BOILER_A_FLUE_GAS_OXGYGEN
Boiler_A_Fuel_Composition_Total,Boiler -- Performance & Energy,True,False,partially_blocked,9,8,1,Arrazi_Plant_Load
Boiler_A_H2O_Formed,Boiler -- Performance & Energy,True,False,partially_blocked,9,8,1,Arrazi_Plant_Load
Boiler_A_H2_H2O_Combustion,Boiler -- Combustion & Fuel,True,False,partially_blocked,9,8,1,Arrazi_Plant_Load
Boiler_A_H2_N2_Combustion,Boiler -- Combustion & Fuel,True,False,partially_blocked,9,8,1,Arrazi_Plant_Load
Boiler_A_Heat_Loss_Due_To_Dry_Flue_Gas_L1,Boiler -- Flue Gas & Stack,True,False,partially_blocked,14,12,2,Arrazi_Plant_Load; BOILER_A_FLUE_GAS_OXGYGEN
Boiler_A_Heat_Loss_Due_To_Evaporation_Of_Water_Formed_Due_To_H2_In_Fuel_L2,Boiler -- Performance & Energy,True,False,partially_blocked,12,11,1,Arrazi_Plant_Load
Boiler_A_Heat_Loss_Due_To_H2O_In_Stack_L3,Boiler -- Flue Gas & Stack,True,False,partially_blocked,14,12,2,Arrazi_Plant_Load; BOILER_A_FLUE_GAS_OXGYGEN
Boiler_A_Heat_Loss_Due_To_Incomplete_Combustionl4,Boiler -- Performance & Energy,True,False,fully_computable,1,1,0,
Boiler_A_Ic4_Co2_Combustion,Boiler -- Combustion & Fuel,True,False,partially_blocked,9,8,1,Arrazi_Plant_Load
Boiler_A_Ic4_H2O_Combustion,Boiler -- Combustion & Fuel,True,False,partially_blocked,9,8,1,Arrazi_Plant_Load
Boiler_A_Ic4_N2_Combustion,Boiler -- Combustion & Fuel,True,False,partially_blocked,9,8,1,Arrazi_Plant_Load
Boiler_A_Ic5_Co2_Combustion,Boiler -- Combustion & Fuel,True,False,partially_blocked,9,8,1,Arrazi_Plant_Load
Boiler_A_Ic5_H2O_Combustion,Boiler -- Combustion & Fuel,True,False,partially_blocked,9,8,1,Arrazi_Plant_Load
Boiler_A_Ic5_N2_Combustion,Boiler -- Combustion & Fuel,True,False,partially_blocked,9,8,1,Arrazi_Plant_Load
Boiler_A_N2_Formed,Boiler -- Performance & Energy,True,False,partially_blocked,9,8,1,Arrazi_Plant_Load
Boiler_A_Nc4_Co2_Combustion,Boiler -- Combustion & Fuel,True,False,partially_blocked,9,8,1,Arrazi_Plant_Load
Boiler_A_Nc4_H2O_Combustion,Boiler -- Combustion & Fuel,True,False,partially_blocked,9,8,1,Arrazi_Plant_Load
Boiler_A_Nc4_N2_Combustion,Boiler -- Combustion & Fuel,True,False,partially_blocked,9,8,1,Arrazi_Plant_Load
Boiler_A_Nc5_Co2_Combustion,Boiler -- Combustion & Fuel,True,False,partially_blocked,9,8,1,Arrazi_Plant_Load
Boiler_A_Nc5_H2O_Combustion,Boiler -- Combustion & Fuel,True,False,partially_blocked,9,8,1,Arrazi_Plant_Load
Boiler_A_Nc5_N2_Combustion,Boiler -- Combustion & Fuel,True,False,partially_blocked,9,8,1,Arrazi_Plant_Load
Boiler_A_Propane_Co2_Combustion,Boiler -- Combustion & Fuel,True,False,partially_blocked,9,8,1,Arrazi_Plant_Load
Boiler_A_Propane_H2O_Combustion,Boiler -- Combustion & Fuel,True,False,partially_blocked,9,8,1,Arrazi_Plant_Load
Boiler_A_Propane_N2_Combustion,Boiler -- Combustion & Fuel,True,False,partially_blocked,9,8,1,Arrazi_Plant_Load
Boiler_A_Radiation_Losses,Boiler -- Performance & Energy,True,False,partially_blocked,10,9,1,Arrazi_Plant_Load
Boiler_A_Sensbile_Heat_Correction_For_Air,Boiler -- Performance & Energy,True,False,partially_blocked,13,10,3,Arrazi_Plant_Load; BOILER_A_FLUE_GAS_OXGYGEN; Boiler_A_Combustion_Air_Temperature
Boiler_A_Sensible_Heat_Correction_For_Fuel,Boiler -- Performance & Energy,True,False,partially_blocked,10,8,2,Arrazi_Plant_Load; Boiler_A_Main_Fuel_Gas_Temperature
Boiler_A_Status,Boiler -- Performance & Energy,True,False,fully_computable,1,1,0,
Boiler_A_Total_Boiler_Stack_Loss_Per_Kg_Fuel,Boiler -- Flue Gas & Stack,True,False,partially_blocked,14,12,2,Arrazi_Plant_Load; BOILER_A_FLUE_GAS_OXGYGEN
Boiler_A_Total_H2O_Per_Kg_Of_Fuel,Boiler -- Performance & Energy,True,False,partially_blocked,12,10,2,Arrazi_Plant_Load; BOILER_A_FLUE_GAS_OXGYGEN
Boiler_A_Total_Heat_Absorbed_Per_Kg_Of_Fuel,Boiler -- Performance & Energy,True,False,partially_blocked,16,12,4,Arrazi_Plant_Load; BOILER_A_FLUE_GAS_OXGYGEN; Boiler_A_Combustion_Air_Temperature; Boiler_A_Main_Fuel_Gas_Temperature
Boiler_A_Total_Heat_Input_Per_Kg_Of_Fuel,Boiler -- Performance & Energy,True,False,partially_blocked,15,11,4,Arrazi_Plant_Load; BOILER_A_FLUE_GAS_OXGYGEN; Boiler_A_Combustion_Air_Temperature; Boiler_A_Main_Fuel_Gas_Temperature
Boiler_A_Total_Heat_Loss_Per_Kg_Of_Fuel,Boiler -- Performance & Energy,True,False,partially_blocked,14,12,2,Arrazi_Plant_Load; BOILER_A_FLUE_GAS_OXGYGEN
Boiler_A_Total_Moisture_With_Air,Boiler -- Performance & Energy,True,False,partially_blocked,12,10,2,Arrazi_Plant_Load; BOILER_A_FLUE_GAS_OXGYGEN
Boiler_A_Vapour_Pressure_Of_H2O,Boiler -- Performance & Energy,True,False,fully_computable,1,1,0,
Boiler_B_Air_Cp_For_Sensible_Heat_Corrected,Boiler -- Performance & Energy,True,False,fully_blocked,1,0,1,Boiler_B_Combustion_Air_Temperature
Boiler_B_Air_Cp_Ref_T,Boiler -- Performance & Energy,True,False,literal_constant,0,0,0,
Boiler_B_Air_Fuel_Mass_Ratio,Boiler -- Combustion & Fuel,True,False,partially_blocked,12,10,2,Arrazi_Plant_Load; BOILER_B_FLUE_GAS_OXGYGEN
Boiler_B_Air_Moisture,Boiler -- Performance & Energy,True,False,fully_computable,2,2,0,
Boiler_B_Air_Required_For_Ch4_Combustion,Boiler -- Combustion & Fuel,True,False,partially_blocked,9,8,1,Arrazi_Plant_Load
Boiler_B_Air_Required_For_Complete_Combustion,Boiler -- Combustion & Fuel,True,False,partially_blocked,9,8,1,Arrazi_Plant_Load
Boiler_B_Air_Required_For_Ethane_Combustion,Boiler -- Combustion & Fuel,True,False,partially_blocked,9,8,1,Arrazi_Plant_Load
Boiler_B_Air_Required_For_Ethylene_Combustion,Boiler -- Combustion & Fuel,True,False,partially_blocked,9,8,1,Arrazi_Plant_Load
Boiler_B_Air_Required_For_H2_Combustion,Boiler -- Combustion & Fuel,True,False,partially_blocked,9,8,1,Arrazi_Plant_Load
Boiler_B_Air_Required_For_Ic4_Combustion,Boiler -- Combustion & Fuel,True,False,partially_blocked,9,8,1,Arrazi_Plant_Load
Boiler_B_Air_Required_For_Ic5_Combustion,Boiler -- Combustion & Fuel,True,False,partially_blocked,9,8,1,Arrazi_Plant_Load
Boiler_B_Air_Required_For_Nc4_Combustion,Boiler -- Combustion & Fuel,True,False,partially_blocked,9,8,1,Arrazi_Plant_Load
Boiler_B_Air_Required_For_Nc5_Combustion,Boiler -- Combustion & Fuel,True,False,partially_blocked,9,8,1,Arrazi_Plant_Load
Boiler_B_Air_Required_For_Propane_Combustion,Boiler -- Combustion & Fuel,True,False,partially_blocked,9,8,1,Arrazi_Plant_Load
Boiler_B_Avg_Cp_Of_Flue_Gas_At_Stack_Temp,Boiler -- Flue Gas & Stack,True,False,partially_blocked,13,11,2,Arrazi_Plant_Load; BOILER_B_FLUE_GAS_OXGYGEN
Boiler_B_Avg_Cp_Of_Fuel_Gas_Sensible_Heat_Corrected,Boiler -- Performance & Energy,True,False,partially_blocked,10,8,2,Arrazi_Plant_Load; Boiler_B_Main_Fuel_Gas_Temperature
Boiler_B_Boiler_Indirect_Efficiency,Boiler -- Performance & Energy,True,False,partially_blocked,16,12,4,Arrazi_Plant_Load; BOILER_B_FLUE_GAS_OXGYGEN; Boiler_B_Combustion_Air_Temperature; Boiler_B_Main_Fuel_Gas_Temperature
Boiler_B_Boiler_Load,Boiler -- Performance & Energy,True,False,fully_computable,1,1,0,
Boiler_B_COC,Boiler -- Performance & Energy,True,False,fully_blocked,2,0,2,BFW_Conductivity; BOILER_B_CONDUCTIVITY
Boiler_B_Ch4_Co2_Combustion,Boiler -- Combustion & Fuel,True,False,partially_blocked,9,8,1,Arrazi_Plant_Load
Boiler_B_Ch4_H2O_Combustion,Boiler -- Combustion & Fuel,True,False,partially_blocked,9,8,1,Arrazi_Plant_Load
Boiler_B_Ch4_N2_Combustion,Boiler -- Combustion & Fuel,True,False,partially_blocked,9,8,1,Arrazi_Plant_Load
Boiler_B_Co2_Formed,Boiler -- Performance & Energy,True,False,partially_blocked,9,8,1,Arrazi_Plant_Load
Boiler_B_Corrected_Combustion_Air,Boiler -- Combustion & Fuel,True,False,partially_blocked,11,10,1,Arrazi_Plant_Load
Boiler_B_Corrected_Combution_H2O_Formed,Boiler -- Performance & Energy,True,False,partially_blocked,11,10,1,Arrazi_Plant_Load
Boiler_B_Cp_At_Combustion_Temperature,Boiler -- Combustion & Fuel,True,False,fully_blocked,1,0,1,Boiler_B_Combustion_Air_Temperature
Boiler_B_Cp_Ch4_Fuel_Temp,Boiler -- Performance & Energy,True,False,fully_blocked,1,0,1,Boiler_B_Main_Fuel_Gas_Temperature
Boiler_B_Cp_Ethane_Fuel_Temp,Boiler -- Performance & Energy,True,False,fully_blocked,1,0,1,Boiler_B_Main_Fuel_Gas_Temperature
Boiler_B_Cp_Ethylene_Fuel_Temp,Boiler -- Performance & Energy,True,False,fully_blocked,1,0,1,Boiler_B_Main_Fuel_Gas_Temperature
Boiler_B_Cp_Flue_Gas_Co2_At_Stack_Temp,Boiler -- Flue Gas & Stack,True,False,fully_computable,1,1,0,
Boiler_B_Cp_Flue_Gas_N2_At_Stack_Temp,Boiler -- Flue Gas & Stack,True,False,fully_computable,1,1,0,
Boiler_B_Cp_H2_Fuel_Temp,Boiler -- Performance & Energy,True,False,fully_blocked,1,0,1,Boiler_B_Main_Fuel_Gas_Temperature
Boiler_B_Cp_Ic4_Fuel_Temp,Boiler -- Performance & Energy,True,False,fully_blocked,1,0,1,Boiler_B_Main_Fuel_Gas_Temperature
Boiler_B_Cp_Ic5_Fuel_Temp,Boiler -- Performance & Energy,True,False,fully_blocked,1,0,1,Boiler_B_Main_Fuel_Gas_Temperature
Boiler_B_Cp_Nc4_Fuel_Temp,Boiler -- Performance & Energy,True,False,fully_blocked,1,0,1,Boiler_B_Main_Fuel_Gas_Temperature
Boiler_B_Cp_Nc5_Fuel_Temp,Boiler -- Performance & Energy,True,False,fully_blocked,1,0,1,Boiler_B_Main_Fuel_Gas_Temperature
Boiler_B_Cp_Of_Air_At_Stack_Temp,Boiler -- Flue Gas & Stack,True,False,fully_computable,1,1,0,
Boiler_B_Cp_Of_H2O_At_Stack_Temp,Boiler -- Flue Gas & Stack,True,False,fully_computable,1,1,0,
Boiler_B_Cp_Of_H2O_At_Stack_Temperature,Boiler -- Flue Gas & Stack,True,False,fully_computable,1,1,0,
Boiler_B_Cp_Propane_Fuel_Temp,Boiler -- Performance & Energy,True,False,fully_blocked,1,0,1,Boiler_B_Main_Fuel_Gas_Temperature
Boiler_B_Cp_Total_Fuel_At_Fuel_Temp,Boiler -- Performance & Energy,True,False,partially_blocked,10,8,2,Arrazi_Plant_Load; Boiler_B_Main_Fuel_Gas_Temperature
Boiler_B_Cp_Total_Fuel_At_Ref_Temp,Boiler -- Performance & Energy,True,False,partially_blocked,9,8,1,Arrazi_Plant_Load
Boiler_B_Dry_Flue_Gas_Per_Fuel_Mass_Ratio,Boiler -- Flue Gas & Stack,True,False,partially_blocked,12,10,2,Arrazi_Plant_Load; BOILER_B_FLUE_GAS_OXGYGEN
Boiler_B_Duty,Boiler -- Performance & Energy,True,False,partially_blocked,19,12,7,Arrazi_Plant_Load; BOILER_B_FLUE_GAS_OXGYGEN; Boielr_B_Fuel_Gas_Flow; Boiler_B_Combustion_Air_Temperature; Boiler_B_Main_Fuel_Gas_Temperature; Fuel_BLR_2_raw; LHV
Boiler_B_Ethane_Co2_Combustion,Boiler -- Combustion & Fuel,True,False,partially_blocked,9,8,1,Arrazi_Plant_Load
Boiler_B_Ethane_H2O_Combustion,Boiler -- Combustion & Fuel,True,False,partially_blocked,9,8,1,Arrazi_Plant_Load
Boiler_B_Ethane_N2_Combustion,Boiler -- Combustion & Fuel,True,False,partially_blocked,9,8,1,Arrazi_Plant_Load
Boiler_B_Ethylene_Co2_Combustion,Boiler -- Combustion & Fuel,True,False,partially_blocked,9,8,1,Arrazi_Plant_Load
Boiler_B_Ethylene_H2O_Combustion,Boiler -- Combustion & Fuel,True,False,partially_blocked,9,8,1,Arrazi_Plant_Load
Boiler_B_Ethylene_N2_Combustion,Boiler -- Combustion & Fuel,True,False,partially_blocked,9,8,1,Arrazi_Plant_Load
Boiler_B_Excess_Air,Boiler -- Performance & Energy,True,False,partially_blocked,12,10,2,Arrazi_Plant_Load; BOILER_B_FLUE_GAS_OXGYGEN
Boiler_B_Fg_Ch4_Mass_Fraction,Boiler -- Combustion & Fuel,True,False,partially_blocked,9,8,1,Arrazi_Plant_Load
Boiler_B_Fg_Ch4_Mass_Percentage,Boiler -- Combustion & Fuel,True,False,partially_blocked,9,8,1,Arrazi_Plant_Load
Boiler_B_Fg_Ethane_Mass_Fraction,Boiler -- Combustion & Fuel,True,False,partially_blocked,9,8,1,Arrazi_Plant_Load
Boiler_B_Fg_Ethane_Mass_Percentage,Boiler -- Combustion & Fuel,True,False,partially_blocked,9,8,1,Arrazi_Plant_Load
Boiler_B_Fg_Ethylene_Mass_Fraction,Boiler -- Combustion & Fuel,True,False,partially_blocked,9,8,1,Arrazi_Plant_Load
Boiler_B_Fg_Ethylene_Mass_Percentage,Boiler -- Combustion & Fuel,True,False,partially_blocked,9,8,1,Arrazi_Plant_Load
Boiler_B_Fg_Hydrogen_Mass_Fraction,Boiler -- Combustion & Fuel,True,False,partially_blocked,9,8,1,Arrazi_Plant_Load
Boiler_B_Fg_Hydrogen_Mass_Percentage,Boiler -- Combustion & Fuel,True,False,partially_blocked,9,8,1,Arrazi_Plant_Load
Boiler_B_Fg_Ic4_Mass_Fraction,Boiler -- Combustion & Fuel,True,False,partially_blocked,9,8,1,Arrazi_Plant_Load
Boiler_B_Fg_Ic4_Mass_Percentage,Boiler -- Combustion & Fuel,True,False,partially_blocked,9,8,1,Arrazi_Plant_Load
Boiler_B_Fg_Ic5_Mass_Fraction,Boiler -- Combustion & Fuel,True,False,partially_blocked,9,8,1,Arrazi_Plant_Load
Boiler_B_Fg_Ic5_Mass_Percentage,Boiler -- Combustion & Fuel,True,False,partially_blocked,9,8,1,Arrazi_Plant_Load
Boiler_B_Fg_Nc4_Mass_Fraction,Boiler -- Combustion & Fuel,True,False,partially_blocked,9,8,1,Arrazi_Plant_Load
Boiler_B_Fg_Nc4_Mass_Percentage,Boiler -- Combustion & Fuel,True,False,partially_blocked,9,8,1,Arrazi_Plant_Load
Boiler_B_Fg_Nc5_Mass_Fraction,Boiler -- Combustion & Fuel,True,False,partially_blocked,9,8,1,Arrazi_Plant_Load
Boiler_B_Fg_Nc5_Mass_Percentage,Boiler -- Combustion & Fuel,True,False,partially_blocked,9,8,1,Arrazi_Plant_Load
Boiler_B_Fg_Nitrogen_Mass_Percentage,Boiler -- Combustion & Fuel,True,False,partially_blocked,9,8,1,Arrazi_Plant_Load
Boiler_B_Fg_Propane_Mass_Fraction,Boiler -- Combustion & Fuel,True,False,partially_blocked,9,8,1,Arrazi_Plant_Load
Boiler_B_Fg_Propane_Mass_Percentage,Boiler -- Combustion & Fuel,True,False,partially_blocked,9,8,1,Arrazi_Plant_Load
Boiler_B_Flue_Gas_Per_Fuel_Mass_Ratio,Boiler -- Flue Gas & Stack,True,False,partially_blocked,12,10,2,Arrazi_Plant_Load; BOILER_B_FLUE_GAS_OXGYGEN
Boiler_B_Fuel_Composition_Total,Boiler -- Performance & Energy,True,False,partially_blocked,9,8,1,Arrazi_Plant_Load
Boiler_B_H2O_Formed,Boiler -- Performance & Energy,True,False,partially_blocked,9,8,1,Arrazi_Plant_Load
Boiler_B_H2_H2O_Combustion,Boiler -- Combustion & Fuel,True,False,partially_blocked,9,8,1,Arrazi_Plant_Load
Boiler_B_H2_N2_Combustion,Boiler -- Combustion & Fuel,True,False,partially_blocked,9,8,1,Arrazi_Plant_Load
Boiler_B_Heat_Loss_Due_To_Dry_Flue_Gas_L1,Boiler -- Flue Gas & Stack,True,False,partially_blocked,14,12,2,Arrazi_Plant_Load; BOILER_B_FLUE_GAS_OXGYGEN
Boiler_B_Heat_Loss_Due_To_Evaporation_Of_Water_Formed_Due_To_H2_In_Fuel_L2,Boiler -- Performance & Energy,True,False,partially_blocked,12,11,1,Arrazi_Plant_Load
Boiler_B_Heat_Loss_Due_To_H2O_In_Stack_L3,Boiler -- Flue Gas & Stack,True,False,partially_blocked,14,12,2,Arrazi_Plant_Load; BOILER_B_FLUE_GAS_OXGYGEN
Boiler_B_Heat_Loss_Due_To_Incomplete_Combustionl4,Boiler -- Performance & Energy,True,False,fully_computable,1,1,0,
Boiler_B_Ic4_Co2_Combustion,Boiler -- Combustion & Fuel,True,False,partially_blocked,9,8,1,Arrazi_Plant_Load
Boiler_B_Ic4_H2O_Combustion,Boiler -- Combustion & Fuel,True,False,partially_blocked,9,8,1,Arrazi_Plant_Load
Boiler_B_Ic4_N2_Combustion,Boiler -- Combustion & Fuel,True,False,partially_blocked,9,8,1,Arrazi_Plant_Load
Boiler_B_Ic5_Co2_Combustion,Boiler -- Combustion & Fuel,True,False,partially_blocked,9,8,1,Arrazi_Plant_Load
Boiler_B_Ic5_H2O_Combustion,Boiler -- Combustion & Fuel,True,False,partially_blocked,9,8,1,Arrazi_Plant_Load
Boiler_B_Ic5_N2_Combustion,Boiler -- Combustion & Fuel,True,False,partially_blocked,9,8,1,Arrazi_Plant_Load
Boiler_B_N2_Formed,Boiler -- Performance & Energy,True,False,partially_blocked,9,8,1,Arrazi_Plant_Load
Boiler_B_Nc4_Co2_Combustion,Boiler -- Combustion & Fuel,True,False,partially_blocked,9,8,1,Arrazi_Plant_Load
Boiler_B_Nc4_H2O_Combustion,Boiler -- Combustion & Fuel,True,False,partially_blocked,9,8,1,Arrazi_Plant_Load
Boiler_B_Nc4_N2_Combustion,Boiler -- Combustion & Fuel,True,False,partially_blocked,9,8,1,Arrazi_Plant_Load
Boiler_B_Nc5_Co2_Combustion,Boiler -- Combustion & Fuel,True,False,partially_blocked,9,8,1,Arrazi_Plant_Load
Boiler_B_Nc5_H2O_Combustion,Boiler -- Combustion & Fuel,True,False,partially_blocked,9,8,1,Arrazi_Plant_Load
Boiler_B_Nc5_N2_Combustion,Boiler -- Combustion & Fuel,True,False,partially_blocked,9,8,1,Arrazi_Plant_Load
Boiler_B_Propane_Co2_Combustion,Boiler -- Combustion & Fuel,True,False,partially_blocked,9,8,1,Arrazi_Plant_Load
Boiler_B_Propane_H2O_Combustion,Boiler -- Combustion & Fuel,True,False,partially_blocked,9,8,1,Arrazi_Plant_Load
Boiler_B_Propane_N2_Combustion,Boiler -- Combustion & Fuel,True,False,partially_blocked,9,8,1,Arrazi_Plant_Load
Boiler_B_Radiation_Losses,Boiler -- Performance & Energy,True,False,partially_blocked,10,9,1,Arrazi_Plant_Load
Boiler_B_Sensbile_Heat_Correction_For_Air,Boiler -- Performance & Energy,True,False,partially_blocked,13,10,3,Arrazi_Plant_Load; BOILER_B_FLUE_GAS_OXGYGEN; Boiler_B_Combustion_Air_Temperature
Boiler_B_Sensible_Heat_Correction_For_Fuel,Boiler -- Performance & Energy,True,False,partially_blocked,10,8,2,Arrazi_Plant_Load; Boiler_B_Main_Fuel_Gas_Temperature
Boiler_B_Status,Boiler -- Performance & Energy,True,False,fully_computable,1,1,0,
Boiler_B_Total_Boiler_Stack_Loss_Per_Kg_Fuel,Boiler -- Flue Gas & Stack,True,False,partially_blocked,14,12,2,Arrazi_Plant_Load; BOILER_B_FLUE_GAS_OXGYGEN
Boiler_B_Total_Fuel_Compostion_Mass,Boiler -- Performance & Energy,True,False,partially_blocked,9,8,1,Arrazi_Plant_Load
Boiler_B_Total_H2O_Per_Kg_Of_Fuel,Boiler -- Performance & Energy,True,False,partially_blocked,12,10,2,Arrazi_Plant_Load; BOILER_B_FLUE_GAS_OXGYGEN
Boiler_B_Total_Heat_Absorbed_Per_Kg_Of_Fuel,Boiler -- Performance & Energy,True,False,partially_blocked,16,12,4,Arrazi_Plant_Load; BOILER_B_FLUE_GAS_OXGYGEN; Boiler_B_Combustion_Air_Temperature; Boiler_B_Main_Fuel_Gas_Temperature
Boiler_B_Total_Heat_Input_Per_Kg_Of_Fuel,Boiler -- Performance & Energy,True,False,partially_blocked,15,11,4,Arrazi_Plant_Load; BOILER_B_FLUE_GAS_OXGYGEN; Boiler_B_Combustion_Air_Temperature; Boiler_B_Main_Fuel_Gas_Temperature
Boiler_B_Total_Heat_Loss_Per_Kg_Of_Fuel,Boiler -- Performance & Energy,True,False,partially_blocked,14,12,2,Arrazi_Plant_Load; BOILER_B_FLUE_GAS_OXGYGEN
Boiler_B_Total_Moisture_With_Air,Boiler -- Performance & Energy,True,False,partially_blocked,12,10,2,Arrazi_Plant_Load; BOILER_B_FLUE_GAS_OXGYGEN
Boiler_B_Vapour_Pressure_Of_H2O,Boiler -- Performance & Energy,True,False,fully_computable,1,1,0,
Boiler_Boiler,Boiler -- Performance & Energy,True,False,literal_constant,0,0,0,
Boiler_CBD,Boiler -- Performance & Energy,True,True,fully_blocked,5,0,5,BOILER_A_CBD; BOILER_B_CBD; BOILER_C_CBD; BOILER_D_CBD; BOILER_E_CBD
Boiler_C_Air_Cp_For_Sensible_Heat_Corrected,Boiler -- Performance & Energy,True,False,fully_blocked,1,0,1,Boiler_C_Combustion_Air_Temperature
Boiler_C_Air_Cp_Ref_T,Boiler -- Performance & Energy,True,False,literal_constant,0,0,0,
Boiler_C_Air_Fuel_Mass_Ratio,Boiler -- Combustion & Fuel,True,False,partially_blocked,12,10,2,Arrazi_Plant_Load; BOILER_C_FLUE_GAS_OXGYGEN
Boiler_C_Air_Moisture,Boiler -- Performance & Energy,True,False,fully_computable,2,2,0,
Boiler_C_Air_Required_For_Ch4_Combustion,Boiler -- Combustion & Fuel,True,False,partially_blocked,9,8,1,Arrazi_Plant_Load
Boiler_C_Air_Required_For_Complete_Combustion,Boiler -- Combustion & Fuel,True,False,partially_blocked,9,8,1,Arrazi_Plant_Load
Boiler_C_Air_Required_For_Ethane_Combustion,Boiler -- Combustion & Fuel,True,False,partially_blocked,9,8,1,Arrazi_Plant_Load
Boiler_C_Air_Required_For_Ethylene_Combustion,Boiler -- Combustion & Fuel,True,False,partially_blocked,9,8,1,Arrazi_Plant_Load
Boiler_C_Air_Required_For_H2_Combustion,Boiler -- Combustion & Fuel,True,False,partially_blocked,9,8,1,Arrazi_Plant_Load
Boiler_C_Air_Required_For_Ic4_Combustion,Boiler -- Combustion & Fuel,True,False,partially_blocked,9,8,1,Arrazi_Plant_Load
Boiler_C_Air_Required_For_Ic5_Combustion,Boiler -- Combustion & Fuel,True,False,partially_blocked,9,8,1,Arrazi_Plant_Load
Boiler_C_Air_Required_For_Nc4_Combustion,Boiler -- Combustion & Fuel,True,False,partially_blocked,9,8,1,Arrazi_Plant_Load
Boiler_C_Air_Required_For_Nc5_Combustion,Boiler -- Combustion & Fuel,True,False,partially_blocked,9,8,1,Arrazi_Plant_Load
Boiler_C_Air_Required_For_Propane_Combustion,Boiler -- Combustion & Fuel,True,False,partially_blocked,9,8,1,Arrazi_Plant_Load
Boiler_C_Avg_Cp_Of_Flue_Gas_At_Stack_Temp,Boiler -- Flue Gas & Stack,True,False,partially_blocked,13,11,2,Arrazi_Plant_Load; BOILER_C_FLUE_GAS_OXGYGEN
Boiler_C_Avg_Cp_Of_Fuel_Gas_Sensible_Heat_Corrected,Boiler -- Performance & Energy,True,False,partially_blocked,10,8,2,Arrazi_Plant_Load; Boiler_C_Main_Fuel_Gas_Temperature
Boiler_C_Boiler_Indirect_Efficiency,Boiler -- Performance & Energy,True,False,partially_blocked,16,12,4,Arrazi_Plant_Load; BOILER_C_FLUE_GAS_OXGYGEN; Boiler_C_Combustion_Air_Temperature; Boiler_C_Main_Fuel_Gas_Temperature
Boiler_C_Boiler_Load,Boiler -- Performance & Energy,True,False,fully_computable,1,1,0,
Boiler_C_COC,Boiler -- Performance & Energy,True,False,fully_blocked,2,0,2,BFW_Conductivity; BOILER_C_CONDUCTIVITY
Boiler_C_Ch4_Co2_Combustion,Boiler -- Combustion & Fuel,True,False,partially_blocked,9,8,1,Arrazi_Plant_Load
Boiler_C_Ch4_H2O_Combustion,Boiler -- Combustion & Fuel,True,False,partially_blocked,9,8,1,Arrazi_Plant_Load
Boiler_C_Ch4_N2_Combustion,Boiler -- Combustion & Fuel,True,False,partially_blocked,9,8,1,Arrazi_Plant_Load
Boiler_C_Co2_Formed,Boiler -- Performance & Energy,True,False,partially_blocked,9,8,1,Arrazi_Plant_Load
Boiler_C_Corrected_Combustion_Air,Boiler -- Combustion & Fuel,True,False,partially_blocked,11,10,1,Arrazi_Plant_Load
Boiler_C_Corrected_Combution_H2O_Formed,Boiler -- Performance & Energy,True,False,partially_blocked,11,10,1,Arrazi_Plant_Load
Boiler_C_Cp_At_Combustion_Temperature,Boiler -- Combustion & Fuel,True,False,fully_blocked,1,0,1,Boiler_C_Combustion_Air_Temperature
Boiler_C_Cp_Ch4_Fuel_Temp,Boiler -- Performance & Energy,True,False,fully_blocked,1,0,1,Boiler_C_Main_Fuel_Gas_Temperature
Boiler_C_Cp_Ethane_Fuel_Temp,Boiler -- Performance & Energy,True,False,fully_blocked,1,0,1,Boiler_C_Main_Fuel_Gas_Temperature
Boiler_C_Cp_Ethylene_Fuel_Temp,Boiler -- Performance & Energy,True,False,fully_blocked,1,0,1,Boiler_C_Main_Fuel_Gas_Temperature
Boiler_C_Cp_Flue_Gas_Co2_At_Stack_Temp,Boiler -- Flue Gas & Stack,True,False,fully_computable,1,1,0,
Boiler_C_Cp_Flue_Gas_N2_At_Stack_Temp,Boiler -- Flue Gas & Stack,True,False,fully_computable,1,1,0,
Boiler_C_Cp_H2_Fuel_Temp,Boiler -- Performance & Energy,True,False,fully_blocked,1,0,1,Boiler_C_Main_Fuel_Gas_Temperature
Boiler_C_Cp_Ic4_Fuel_Temp,Boiler -- Performance & Energy,True,False,fully_blocked,1,0,1,Boiler_C_Main_Fuel_Gas_Temperature
Boiler_C_Cp_Ic5_Fuel_Temp,Boiler -- Performance & Energy,True,False,fully_blocked,1,0,1,Boiler_C_Main_Fuel_Gas_Temperature
Boiler_C_Cp_Nc4_Fuel_Temp,Boiler -- Performance & Energy,True,False,fully_blocked,1,0,1,Boiler_C_Main_Fuel_Gas_Temperature
Boiler_C_Cp_Nc5_Fuel_Temp,Boiler -- Performance & Energy,True,False,fully_blocked,1,0,1,Boiler_C_Main_Fuel_Gas_Temperature
Boiler_C_Cp_Of_Air_At_Stack_Temp,Boiler -- Flue Gas & Stack,True,False,fully_computable,1,1,0,
Boiler_C_Cp_Of_H2O_At_Stack_Temp,Boiler -- Flue Gas & Stack,True,False,fully_computable,1,1,0,
Boiler_C_Cp_Propane_Fuel_Temp,Boiler -- Performance & Energy,True,False,fully_blocked,1,0,1,Boiler_C_Main_Fuel_Gas_Temperature
Boiler_C_Cp_Total_Fuel_At_Fuel_Temp,Boiler -- Performance & Energy,True,False,partially_blocked,10,8,2,Arrazi_Plant_Load; Boiler_C_Main_Fuel_Gas_Temperature
Boiler_C_Cp_Total_Fuel_At_Ref_Temp,Boiler -- Performance & Energy,True,False,partially_blocked,9,8,1,Arrazi_Plant_Load
Boiler_C_Dry_Flue_Gas_Per_Fuel_Mass_Ratio,Boiler -- Flue Gas & Stack,True,False,partially_blocked,12,10,2,Arrazi_Plant_Load; BOILER_C_FLUE_GAS_OXGYGEN
Boiler_C_Duty,Boiler -- Performance & Energy,True,False,partially_blocked,19,13,6,Arrazi_Plant_Load; BOILER_C_FLUE_GAS_OXGYGEN; Boiler_C_Combustion_Air_Temperature; Boiler_C_Main_Fuel_Gas_Temperature; Fuel_BLR_3_raw; LHV
Boiler_C_Ethane_Co2_Combustion,Boiler -- Combustion & Fuel,True,False,partially_blocked,9,8,1,Arrazi_Plant_Load
Boiler_C_Ethane_H2O_Combustion,Boiler -- Combustion & Fuel,True,False,partially_blocked,9,8,1,Arrazi_Plant_Load
Boiler_C_Ethane_N2_Combustion,Boiler -- Combustion & Fuel,True,False,partially_blocked,9,8,1,Arrazi_Plant_Load
Boiler_C_Ethylene_Co2_Combustion,Boiler -- Combustion & Fuel,True,False,partially_blocked,9,8,1,Arrazi_Plant_Load
Boiler_C_Ethylene_H2O_Combustion,Boiler -- Combustion & Fuel,True,False,partially_blocked,9,8,1,Arrazi_Plant_Load
Boiler_C_Ethylene_N2_Combustion,Boiler -- Combustion & Fuel,True,False,partially_blocked,9,8,1,Arrazi_Plant_Load
Boiler_C_Excess_Air,Boiler -- Performance & Energy,True,False,partially_blocked,12,10,2,Arrazi_Plant_Load; BOILER_C_FLUE_GAS_OXGYGEN
Boiler_C_Fg_Ch4_Mass_Fraction,Boiler -- Combustion & Fuel,True,False,partially_blocked,9,8,1,Arrazi_Plant_Load
Boiler_C_Fg_Ch4_Mass_Percentage,Boiler -- Combustion & Fuel,True,False,partially_blocked,9,8,1,Arrazi_Plant_Load
Boiler_C_Fg_Ethane_Mass_Fraction,Boiler -- Combustion & Fuel,True,False,partially_blocked,9,8,1,Arrazi_Plant_Load
Boiler_C_Fg_Ethane_Mass_Percentage,Boiler -- Combustion & Fuel,True,False,partially_blocked,9,8,1,Arrazi_Plant_Load
Boiler_C_Fg_Ethylene_Mass_Fraction,Boiler -- Combustion & Fuel,True,False,partially_blocked,9,8,1,Arrazi_Plant_Load
Boiler_C_Fg_Ethylene_Mass_Percentage,Boiler -- Combustion & Fuel,True,False,partially_blocked,9,8,1,Arrazi_Plant_Load
Boiler_C_Fg_Hydrogen_Mass_Fraction,Boiler -- Combustion & Fuel,True,False,partially_blocked,9,8,1,Arrazi_Plant_Load
Boiler_C_Fg_Hydrogen_Mass_Percentage,Boiler -- Combustion & Fuel,True,False,partially_blocked,9,8,1,Arrazi_Plant_Load
Boiler_C_Fg_Ic4_Mass_Fraction,Boiler -- Combustion & Fuel,True,False,partially_blocked,9,8,1,Arrazi_Plant_Load
Boiler_C_Fg_Ic4_Mass_Percentage,Boiler -- Combustion & Fuel,True,False,partially_blocked,9,8,1,Arrazi_Plant_Load
Boiler_C_Fg_Ic5_Mass_Fraction,Boiler -- Combustion & Fuel,True,False,partially_blocked,9,8,1,Arrazi_Plant_Load
Boiler_C_Fg_Ic5_Mass_Percentage,Boiler -- Combustion & Fuel,True,False,partially_blocked,9,8,1,Arrazi_Plant_Load
Boiler_C_Fg_Nc4_Mass_Fraction,Boiler -- Combustion & Fuel,True,False,partially_blocked,9,8,1,Arrazi_Plant_Load
Boiler_C_Fg_Nc4_Mass_Percentage,Boiler -- Combustion & Fuel,True,False,partially_blocked,9,8,1,Arrazi_Plant_Load
Boiler_C_Fg_Nc5_Mass_Fraction,Boiler -- Combustion & Fuel,True,False,partially_blocked,9,8,1,Arrazi_Plant_Load
Boiler_C_Fg_Nc5_Mass_Percentage,Boiler -- Combustion & Fuel,True,False,partially_blocked,9,8,1,Arrazi_Plant_Load
Boiler_C_Fg_Nitrogen_Mass_Percentage,Boiler -- Combustion & Fuel,True,False,partially_blocked,9,8,1,Arrazi_Plant_Load
Boiler_C_Fg_Propane_Mass_Fraction,Boiler -- Combustion & Fuel,True,False,partially_blocked,9,8,1,Arrazi_Plant_Load
Boiler_C_Fg_Propane_Mass_Percentage,Boiler -- Combustion & Fuel,True,False,partially_blocked,9,8,1,Arrazi_Plant_Load
Boiler_C_Flue_Gas_Per_Fuel_Mass_Ratio,Boiler -- Flue Gas & Stack,True,False,partially_blocked,12,10,2,Arrazi_Plant_Load; BOILER_C_FLUE_GAS_OXGYGEN
Boiler_C_Fuel_Composition_Total,Boiler -- Performance & Energy,True,False,partially_blocked,9,8,1,Arrazi_Plant_Load
Boiler_C_H2O_Formed,Boiler -- Performance & Energy,True,False,partially_blocked,9,8,1,Arrazi_Plant_Load
Boiler_C_H2_H2O_Combustion,Boiler -- Combustion & Fuel,True,False,partially_blocked,9,8,1,Arrazi_Plant_Load
Boiler_C_H2_N2_Combustion,Boiler -- Combustion & Fuel,True,False,partially_blocked,9,8,1,Arrazi_Plant_Load
Boiler_C_Heat_Loss_Due_To_Dry_Flue_Gas_L1,Boiler -- Flue Gas & Stack,True,False,partially_blocked,14,12,2,Arrazi_Plant_Load; BOILER_C_FLUE_GAS_OXGYGEN
Boiler_C_Heat_Loss_Due_To_Evaporation_Of_Water_Formed_Due_To_H2_In_Fuel_L2,Boiler -- Performance & Energy,True,False,partially_blocked,12,11,1,Arrazi_Plant_Load
Boiler_C_Heat_Loss_Due_To_H2O_In_Stack_L3,Boiler -- Flue Gas & Stack,True,False,partially_blocked,14,12,2,Arrazi_Plant_Load; BOILER_C_FLUE_GAS_OXGYGEN
Boiler_C_Heat_Loss_Due_To_Incomplete_Combustionl4,Boiler -- Performance & Energy,True,False,fully_computable,1,1,0,
Boiler_C_Ic4_Co2_Combustion,Boiler -- Combustion & Fuel,True,False,partially_blocked,9,8,1,Arrazi_Plant_Load
Boiler_C_Ic4_H2O_Combustion,Boiler -- Combustion & Fuel,True,False,partially_blocked,9,8,1,Arrazi_Plant_Load
Boiler_C_Ic4_N2_Combustion,Boiler -- Combustion & Fuel,True,False,partially_blocked,9,8,1,Arrazi_Plant_Load
Boiler_C_Ic5_Co2_Combustion,Boiler -- Combustion & Fuel,True,False,partially_blocked,9,8,1,Arrazi_Plant_Load
Boiler_C_Ic5_H2O_Combustion,Boiler -- Combustion & Fuel,True,False,partially_blocked,9,8,1,Arrazi_Plant_Load
Boiler_C_Ic5_N2_Combustion,Boiler -- Combustion & Fuel,True,False,partially_blocked,9,8,1,Arrazi_Plant_Load
Boiler_C_N2_Formed,Boiler -- Performance & Energy,True,False,partially_blocked,9,8,1,Arrazi_Plant_Load
Boiler_C_Nc4_Co2_Combustion,Boiler -- Combustion & Fuel,True,False,partially_blocked,9,8,1,Arrazi_Plant_Load
Boiler_C_Nc4_H2O_Combustion,Boiler -- Combustion & Fuel,True,False,partially_blocked,9,8,1,Arrazi_Plant_Load
Boiler_C_Nc4_N2_Combustion,Boiler -- Combustion & Fuel,True,False,partially_blocked,9,8,1,Arrazi_Plant_Load
Boiler_C_Nc5_Co2_Combustion,Boiler -- Combustion & Fuel,True,False,partially_blocked,9,8,1,Arrazi_Plant_Load
Boiler_C_Nc5_H2O_Combustion,Boiler -- Combustion & Fuel,True,False,partially_blocked,9,8,1,Arrazi_Plant_Load
Boiler_C_Nc5_N2_Combustion,Boiler -- Combustion & Fuel,True,False,partially_blocked,9,8,1,Arrazi_Plant_Load
Boiler_C_Propane_Co2_Combustion,Boiler -- Combustion & Fuel,True,False,partially_blocked,9,8,1,Arrazi_Plant_Load
Boiler_C_Propane_H2O_Combustion,Boiler -- Combustion & Fuel,True,False,partially_blocked,9,8,1,Arrazi_Plant_Load
Boiler_C_Propane_N2_Combustion,Boiler -- Combustion & Fuel,True,False,partially_blocked,9,8,1,Arrazi_Plant_Load
Boiler_C_Radiation_Losses,Boiler -- Performance & Energy,True,False,partially_blocked,10,9,1,Arrazi_Plant_Load
Boiler_C_Sensbile_Heat_Correction_For_Air,Boiler -- Performance & Energy,True,False,partially_blocked,13,10,3,Arrazi_Plant_Load; BOILER_C_FLUE_GAS_OXGYGEN; Boiler_C_Combustion_Air_Temperature
Boiler_C_Sensible_Heat_Correction_For_Fuel,Boiler -- Performance & Energy,True,False,partially_blocked,10,8,2,Arrazi_Plant_Load; Boiler_C_Main_Fuel_Gas_Temperature
Boiler_C_Status,Boiler -- Performance & Energy,True,False,fully_computable,1,1,0,
Boiler_C_Total_Boiler_Stack_Loss_Per_Kg_Fuel,Boiler -- Flue Gas & Stack,True,False,partially_blocked,14,12,2,Arrazi_Plant_Load; BOILER_C_FLUE_GAS_OXGYGEN
Boiler_C_Total_Fuel_Compostion_Mass,Boiler -- Performance & Energy,True,False,partially_blocked,9,8,1,Arrazi_Plant_Load
Boiler_C_Total_H2O_Per_Kg_Of_Fuel,Boiler -- Performance & Energy,True,False,partially_blocked,12,10,2,Arrazi_Plant_Load; BOILER_C_FLUE_GAS_OXGYGEN
Boiler_C_Total_Heat_Absorbed_Per_Kg_Of_Fuel,Boiler -- Performance & Energy,True,False,partially_blocked,16,12,4,Arrazi_Plant_Load; BOILER_C_FLUE_GAS_OXGYGEN; Boiler_C_Combustion_Air_Temperature; Boiler_C_Main_Fuel_Gas_Temperature
Boiler_C_Total_Heat_Input_Per_Kg_Of_Fuel,Boiler -- Performance & Energy,True,False,partially_blocked,15,11,4,Arrazi_Plant_Load; BOILER_C_FLUE_GAS_OXGYGEN; Boiler_C_Combustion_Air_Temperature; Boiler_C_Main_Fuel_Gas_Temperature
Boiler_C_Total_Heat_Loss_Per_Kg_Of_Fuel,Boiler -- Performance & Energy,True,False,partially_blocked,14,12,2,Arrazi_Plant_Load; BOILER_C_FLUE_GAS_OXGYGEN
Boiler_C_Total_Moisture_With_Air,Boiler -- Performance & Energy,True,False,partially_blocked,12,10,2,Arrazi_Plant_Load; BOILER_C_FLUE_GAS_OXGYGEN
Boiler_C_Vapour_Pressure_Of_H2O,Boiler -- Performance & Energy,True,False,fully_computable,1,1,0,
Boiler_D_Air_Cp_For_Sensible_Heat_Corrected,Boiler -- Performance & Energy,True,False,fully_blocked,1,0,1,Boiler_D_Combustion_Air_Temperature
Boiler_D_Air_Cp_Ref_T,Boiler -- Performance & Energy,True,False,literal_constant,0,0,0,
Boiler_D_Air_Fuel_Mass_Ratio,Boiler -- Combustion & Fuel,True,False,partially_blocked,12,10,2,Arrazi_Plant_Load; BOILER_D_FLUE_GAS_OXGYGEN
Boiler_D_Air_Moisture,Boiler -- Performance & Energy,True,False,fully_computable,2,2,0,
Boiler_D_Air_Required_For_Ch4_Combustion,Boiler -- Combustion & Fuel,True,False,partially_blocked,9,8,1,Arrazi_Plant_Load
Boiler_D_Air_Required_For_Complete_Combustion,Boiler -- Combustion & Fuel,True,False,partially_blocked,9,8,1,Arrazi_Plant_Load
Boiler_D_Air_Required_For_Ethane_Combustion,Boiler -- Combustion & Fuel,True,False,partially_blocked,9,8,1,Arrazi_Plant_Load
Boiler_D_Air_Required_For_Ethylene_Combustion,Boiler -- Combustion & Fuel,True,False,partially_blocked,9,8,1,Arrazi_Plant_Load
Boiler_D_Air_Required_For_H2_Combustion,Boiler -- Combustion & Fuel,True,False,partially_blocked,9,8,1,Arrazi_Plant_Load
Boiler_D_Air_Required_For_Ic4_Combustion,Boiler -- Combustion & Fuel,True,False,partially_blocked,9,8,1,Arrazi_Plant_Load
Boiler_D_Air_Required_For_Ic5_Combustion,Boiler -- Combustion & Fuel,True,False,partially_blocked,9,8,1,Arrazi_Plant_Load
Boiler_D_Air_Required_For_Nc4_Combustion,Boiler -- Combustion & Fuel,True,False,partially_blocked,9,8,1,Arrazi_Plant_Load
Boiler_D_Air_Required_For_Nc5_Combustion,Boiler -- Combustion & Fuel,True,False,partially_blocked,9,8,1,Arrazi_Plant_Load
Boiler_D_Air_Required_For_Propane_Combustion,Boiler -- Combustion & Fuel,True,False,partially_blocked,9,8,1,Arrazi_Plant_Load
Boiler_D_Avg_Cp_Of_Flue_Gas_At_Stack_Temp,Boiler -- Flue Gas & Stack,True,False,partially_blocked,13,11,2,Arrazi_Plant_Load; BOILER_D_FLUE_GAS_OXGYGEN
Boiler_D_Avg_Cp_Of_Fuel_Gas_Sensible_Heat_Corrected,Boiler -- Performance & Energy,True,False,partially_blocked,10,8,2,Arrazi_Plant_Load; Boiler_D_Main_Fuel_Gas_Temperature
Boiler_D_Boiler_Indirect_Efficiency,Boiler -- Performance & Energy,True,False,partially_blocked,16,12,4,Arrazi_Plant_Load; BOILER_D_FLUE_GAS_OXGYGEN; Boiler_D_Combustion_Air_Temperature; Boiler_D_Main_Fuel_Gas_Temperature
Boiler_D_Boiler_Load,Boiler -- Performance & Energy,True,False,fully_computable,1,1,0,
Boiler_D_COC,Boiler -- Performance & Energy,True,False,fully_blocked,2,0,2,BFW_Conductivity; BOILER_D_CONDUCTIVITY
Boiler_D_Ch4_Co2_Combustion,Boiler -- Combustion & Fuel,True,False,partially_blocked,9,8,1,Arrazi_Plant_Load
Boiler_D_Ch4_H2O_Combustion,Boiler -- Combustion & Fuel,True,False,partially_blocked,9,8,1,Arrazi_Plant_Load
Boiler_D_Ch4_N2_Combustion,Boiler -- Combustion & Fuel,True,False,partially_blocked,9,8,1,Arrazi_Plant_Load
Boiler_D_Co2_Formed,Boiler -- Performance & Energy,True,False,partially_blocked,9,8,1,Arrazi_Plant_Load
Boiler_D_Corrected_Combustion_Air,Boiler -- Combustion & Fuel,True,False,partially_blocked,11,10,1,Arrazi_Plant_Load
Boiler_D_Corrected_Combution_H2O_Formed,Boiler -- Performance & Energy,True,False,partially_blocked,11,10,1,Arrazi_Plant_Load
Boiler_D_Cp_At_Combustion_Temperature,Boiler -- Combustion & Fuel,True,False,fully_blocked,1,0,1,Boiler_D_Combustion_Air_Temperature
Boiler_D_Cp_Ch4_Fuel_Temp,Boiler -- Performance & Energy,True,False,fully_blocked,1,0,1,Boiler_D_Main_Fuel_Gas_Temperature
Boiler_D_Cp_Ethane_Fuel_Temp,Boiler -- Performance & Energy,True,False,fully_blocked,1,0,1,Boiler_D_Main_Fuel_Gas_Temperature
Boiler_D_Cp_Ethylene_Fuel_Temp,Boiler -- Performance & Energy,True,False,fully_blocked,1,0,1,Boiler_D_Main_Fuel_Gas_Temperature
Boiler_D_Cp_Flue_Gas_Co2_At_Stack_Temp,Boiler -- Flue Gas & Stack,True,False,fully_computable,1,1,0,
Boiler_D_Cp_Flue_Gas_N2_At_Stack_Temp,Boiler -- Flue Gas & Stack,True,False,fully_computable,1,1,0,
Boiler_D_Cp_H2_Fuel_Temp,Boiler -- Performance & Energy,True,False,fully_blocked,1,0,1,Boiler_D_Main_Fuel_Gas_Temperature
Boiler_D_Cp_Ic4_Fuel_Temp,Boiler -- Performance & Energy,True,False,fully_blocked,1,0,1,Boiler_D_Main_Fuel_Gas_Temperature
Boiler_D_Cp_Ic5_Fuel_Temp,Boiler -- Performance & Energy,True,False,fully_blocked,1,0,1,Boiler_D_Main_Fuel_Gas_Temperature
Boiler_D_Cp_Nc4_Fuel_Temp,Boiler -- Performance & Energy,True,False,fully_blocked,1,0,1,Boiler_D_Main_Fuel_Gas_Temperature
Boiler_D_Cp_Nc5_Fuel_Temp,Boiler -- Performance & Energy,True,False,fully_blocked,1,0,1,Boiler_D_Main_Fuel_Gas_Temperature
Boiler_D_Cp_Of_Air_At_Stack_Temp,Boiler -- Flue Gas & Stack,True,False,fully_computable,1,1,0,
Boiler_D_Cp_Of_H2O_At_Stack_Temp,Boiler -- Flue Gas & Stack,True,False,fully_computable,1,1,0,
Boiler_D_Cp_Propane_Fuel_Temp,Boiler -- Performance & Energy,True,False,fully_blocked,1,0,1,Boiler_D_Main_Fuel_Gas_Temperature
Boiler_D_Cp_Total_Fuel_At_Fuel_Temp,Boiler -- Performance & Energy,True,False,partially_blocked,10,8,2,Arrazi_Plant_Load; Boiler_D_Main_Fuel_Gas_Temperature
Boiler_D_Cp_Total_Fuel_At_Ref_Temp,Boiler -- Performance & Energy,True,False,partially_blocked,9,8,1,Arrazi_Plant_Load
Boiler_D_Dry_Flue_Gas_Per_Fuel_Mass_Ratio,Boiler -- Flue Gas & Stack,True,False,partially_blocked,12,10,2,Arrazi_Plant_Load; BOILER_D_FLUE_GAS_OXGYGEN
Boiler_D_Duty,Boiler -- Performance & Energy,True,False,partially_blocked,19,13,6,Arrazi_Plant_Load; BOILER_D_FLUE_GAS_OXGYGEN; Boiler_D_Combustion_Air_Temperature; Boiler_D_Main_Fuel_Gas_Temperature; Fuel_BLR_4_raw; LHV
Boiler_D_Ethane_Co2_Combustion,Boiler -- Combustion & Fuel,True,False,partially_blocked,9,8,1,Arrazi_Plant_Load
Boiler_D_Ethane_H2O_Combustion,Boiler -- Combustion & Fuel,True,False,partially_blocked,9,8,1,Arrazi_Plant_Load
Boiler_D_Ethane_N2_Combustion,Boiler -- Combustion & Fuel,True,False,partially_blocked,9,8,1,Arrazi_Plant_Load
Boiler_D_Ethylene_Co2_Combustion,Boiler -- Combustion & Fuel,True,False,partially_blocked,9,8,1,Arrazi_Plant_Load
Boiler_D_Ethylene_H2O_Combustion,Boiler -- Combustion & Fuel,True,False,partially_blocked,9,8,1,Arrazi_Plant_Load
Boiler_D_Ethylene_N2_Combustion,Boiler -- Combustion & Fuel,True,False,partially_blocked,9,8,1,Arrazi_Plant_Load
Boiler_D_Excess_Air,Boiler -- Performance & Energy,True,False,partially_blocked,12,10,2,Arrazi_Plant_Load; BOILER_D_FLUE_GAS_OXGYGEN
Boiler_D_Fg_Ch4_Mass_Fraction,Boiler -- Combustion & Fuel,True,False,partially_blocked,9,8,1,Arrazi_Plant_Load
Boiler_D_Fg_Ch4_Mass_Percentage,Boiler -- Combustion & Fuel,True,False,partially_blocked,9,8,1,Arrazi_Plant_Load
Boiler_D_Fg_Ethane_Mass_Fraction,Boiler -- Combustion & Fuel,True,False,partially_blocked,9,8,1,Arrazi_Plant_Load
Boiler_D_Fg_Ethane_Mass_Percentage,Boiler -- Combustion & Fuel,True,False,partially_blocked,9,8,1,Arrazi_Plant_Load
Boiler_D_Fg_Ethylene_Mass_Fraction,Boiler -- Combustion & Fuel,True,False,partially_blocked,9,8,1,Arrazi_Plant_Load
Boiler_D_Fg_Ethylene_Mass_Percentage,Boiler -- Combustion & Fuel,True,False,partially_blocked,9,8,1,Arrazi_Plant_Load
Boiler_D_Fg_Hydrogen_Mass_Fraction,Boiler -- Combustion & Fuel,True,False,partially_blocked,9,8,1,Arrazi_Plant_Load
Boiler_D_Fg_Hydrogen_Mass_Percentage,Boiler -- Combustion & Fuel,True,False,partially_blocked,9,8,1,Arrazi_Plant_Load
Boiler_D_Fg_Ic4_Mass_Fraction,Boiler -- Combustion & Fuel,True,False,partially_blocked,9,8,1,Arrazi_Plant_Load
Boiler_D_Fg_Ic4_Mass_Percentage,Boiler -- Combustion & Fuel,True,False,partially_blocked,9,8,1,Arrazi_Plant_Load
Boiler_D_Fg_Ic5_Mass_Fraction,Boiler -- Combustion & Fuel,True,False,partially_blocked,9,8,1,Arrazi_Plant_Load
Boiler_D_Fg_Ic5_Mass_Percentage,Boiler -- Combustion & Fuel,True,False,partially_blocked,9,8,1,Arrazi_Plant_Load
Boiler_D_Fg_Nc4_Mass_Fraction,Boiler -- Combustion & Fuel,True,False,partially_blocked,9,8,1,Arrazi_Plant_Load
Boiler_D_Fg_Nc4_Mass_Percentage,Boiler -- Combustion & Fuel,True,False,partially_blocked,9,8,1,Arrazi_Plant_Load
Boiler_D_Fg_Nc5_Mass_Fraction,Boiler -- Combustion & Fuel,True,False,partially_blocked,9,8,1,Arrazi_Plant_Load
Boiler_D_Fg_Nc5_Mass_Percentage,Boiler -- Combustion & Fuel,True,False,partially_blocked,9,8,1,Arrazi_Plant_Load
Boiler_D_Fg_Nitrogen_Mass_Percentage,Boiler -- Combustion & Fuel,True,False,partially_blocked,9,8,1,Arrazi_Plant_Load
Boiler_D_Fg_Propane_Mass_Fraction,Boiler -- Combustion & Fuel,True,False,partially_blocked,9,8,1,Arrazi_Plant_Load
Boiler_D_Fg_Propane_Mass_Percentage,Boiler -- Combustion & Fuel,True,False,partially_blocked,9,8,1,Arrazi_Plant_Load
Boiler_D_Flue_Gas_Per_Fuel_Mass_Ratio,Boiler -- Flue Gas & Stack,True,False,partially_blocked,12,10,2,Arrazi_Plant_Load; BOILER_D_FLUE_GAS_OXGYGEN
Boiler_D_Fuel_Composition_Total,Boiler -- Performance & Energy,True,False,partially_blocked,9,8,1,Arrazi_Plant_Load
Boiler_D_H2O_Formed,Boiler -- Performance & Energy,True,False,partially_blocked,9,8,1,Arrazi_Plant_Load
Boiler_D_H2_H2O_Combustion,Boiler -- Combustion & Fuel,True,False,partially_blocked,9,8,1,Arrazi_Plant_Load
Boiler_D_H2_N2_Combustion,Boiler -- Combustion & Fuel,True,False,partially_blocked,9,8,1,Arrazi_Plant_Load
Boiler_D_Heat_Loss_Due_To_Dry_Flue_Gas_L1,Boiler -- Flue Gas & Stack,True,False,partially_blocked,14,12,2,Arrazi_Plant_Load; BOILER_D_FLUE_GAS_OXGYGEN
Boiler_D_Heat_Loss_Due_To_Evaporation_Of_Water_Formed_Due_To_H2_In_Fuel_L2,Boiler -- Performance & Energy,True,False,partially_blocked,12,11,1,Arrazi_Plant_Load
Boiler_D_Heat_Loss_Due_To_H2O_In_Stack_L3,Boiler -- Flue Gas & Stack,True,False,partially_blocked,14,12,2,Arrazi_Plant_Load; BOILER_D_FLUE_GAS_OXGYGEN
Boiler_D_Heat_Loss_Due_To_Incomplete_Combustionl4,Boiler -- Performance & Energy,True,False,fully_computable,1,1,0,
Boiler_D_Ic4_Co2_Combustion,Boiler -- Combustion & Fuel,True,False,partially_blocked,9,8,1,Arrazi_Plant_Load
Boiler_D_Ic4_H2O_Combustion,Boiler -- Combustion & Fuel,True,False,partially_blocked,9,8,1,Arrazi_Plant_Load
Boiler_D_Ic4_N2_Combustion,Boiler -- Combustion & Fuel,True,False,partially_blocked,9,8,1,Arrazi_Plant_Load
Boiler_D_Ic5_Co2_Combustion,Boiler -- Combustion & Fuel,True,False,partially_blocked,9,8,1,Arrazi_Plant_Load
Boiler_D_Ic5_H2O_Combustion,Boiler -- Combustion & Fuel,True,False,partially_blocked,9,8,1,Arrazi_Plant_Load
Boiler_D_Ic5_N2_Combustion,Boiler -- Combustion & Fuel,True,False,partially_blocked,9,8,1,Arrazi_Plant_Load
Boiler_D_N2_Formed,Boiler -- Performance & Energy,True,False,partially_blocked,9,8,1,Arrazi_Plant_Load
Boiler_D_Nc4_Co2_Combustion,Boiler -- Combustion & Fuel,True,False,partially_blocked,9,8,1,Arrazi_Plant_Load
Boiler_D_Nc4_H2O_Combustion,Boiler -- Combustion & Fuel,True,False,partially_blocked,9,8,1,Arrazi_Plant_Load
Boiler_D_Nc4_N2_Combustion,Boiler -- Combustion & Fuel,True,False,partially_blocked,9,8,1,Arrazi_Plant_Load
Boiler_D_Nc5_Co2_Combustion,Boiler -- Combustion & Fuel,True,False,partially_blocked,9,8,1,Arrazi_Plant_Load
Boiler_D_Nc5_H2O_Combustion,Boiler -- Combustion & Fuel,True,False,partially_blocked,9,8,1,Arrazi_Plant_Load
Boiler_D_Nc5_N2_Combustion,Boiler -- Combustion & Fuel,True,False,partially_blocked,9,8,1,Arrazi_Plant_Load
Boiler_D_Propane_Co2_Combustion,Boiler -- Combustion & Fuel,True,False,partially_blocked,9,8,1,Arrazi_Plant_Load
Boiler_D_Propane_H2O_Combustion,Boiler -- Combustion & Fuel,True,False,partially_blocked,9,8,1,Arrazi_Plant_Load
Boiler_D_Propane_N2_Combustion,Boiler -- Combustion & Fuel,True,False,partially_blocked,9,8,1,Arrazi_Plant_Load
Boiler_D_Radiation_Losses,Boiler -- Performance & Energy,True,False,partially_blocked,10,9,1,Arrazi_Plant_Load
Boiler_D_Sensbile_Heat_Correction_For_Air,Boiler -- Performance & Energy,True,False,partially_blocked,13,10,3,Arrazi_Plant_Load; BOILER_D_FLUE_GAS_OXGYGEN; Boiler_D_Combustion_Air_Temperature
Boiler_D_Sensible_Heat_Correction_For_Fuel,Boiler -- Performance & Energy,True,False,partially_blocked,10,8,2,Arrazi_Plant_Load; Boiler_D_Main_Fuel_Gas_Temperature
Boiler_D_Status,Boiler -- Performance & Energy,True,False,fully_computable,1,1,0,
Boiler_D_Total_Boiler_Stack_Loss_Per_Kg_Fuel,Boiler -- Flue Gas & Stack,True,False,partially_blocked,14,12,2,Arrazi_Plant_Load; BOILER_D_FLUE_GAS_OXGYGEN
Boiler_D_Total_Fuel_Compostion_Mass,Boiler -- Performance & Energy,True,False,partially_blocked,9,8,1,Arrazi_Plant_Load
Boiler_D_Total_H2O_Per_Kg_Of_Fuel,Boiler -- Performance & Energy,True,False,partially_blocked,12,10,2,Arrazi_Plant_Load; BOILER_D_FLUE_GAS_OXGYGEN
Boiler_D_Total_Heat_Absorbed_Per_Kg_Of_Fuel,Boiler -- Performance & Energy,True,False,partially_blocked,16,12,4,Arrazi_Plant_Load; BOILER_D_FLUE_GAS_OXGYGEN; Boiler_D_Combustion_Air_Temperature; Boiler_D_Main_Fuel_Gas_Temperature
Boiler_D_Total_Heat_Input_Per_Kg_Of_Fuel,Boiler -- Performance & Energy,True,False,partially_blocked,15,11,4,Arrazi_Plant_Load; BOILER_D_FLUE_GAS_OXGYGEN; Boiler_D_Combustion_Air_Temperature; Boiler_D_Main_Fuel_Gas_Temperature
Boiler_D_Total_Heat_Loss_Per_Kg_Of_Fuel,Boiler -- Performance & Energy,True,False,partially_blocked,14,12,2,Arrazi_Plant_Load; BOILER_D_FLUE_GAS_OXGYGEN
Boiler_D_Total_Moisture_With_Air,Boiler -- Performance & Energy,True,False,partially_blocked,12,10,2,Arrazi_Plant_Load; BOILER_D_FLUE_GAS_OXGYGEN
Boiler_D_Vapour_Pressure_Of_H2O,Boiler -- Performance & Energy,True,False,fully_computable,1,1,0,
Boiler_E_Air_Cp_For_Sensible_Heat_Corrected,Boiler -- Performance & Energy,True,False,fully_blocked,1,0,1,Boiler_E_Combustion_Air_Temp
Boiler_E_Air_Cp_Ref_T,Boiler -- Performance & Energy,True,False,literal_constant,0,0,0,
Boiler_E_Air_Fuel_Mass_Ratio,Boiler -- Combustion & Fuel,True,False,partially_blocked,12,10,2,Arrazi_Plant_Load; BOILER_E_FLUE_GAS_OXGYGEN
Boiler_E_Air_Moisture,Boiler -- Performance & Energy,True,False,fully_computable,2,2,0,
Boiler_E_Air_Required_For_Ch4_Combustion,Boiler -- Combustion & Fuel,True,False,partially_blocked,9,8,1,Arrazi_Plant_Load
Boiler_E_Air_Required_For_Complete_Combustion,Boiler -- Combustion & Fuel,True,False,partially_blocked,9,8,1,Arrazi_Plant_Load
Boiler_E_Air_Required_For_Ethane_Combustion,Boiler -- Combustion & Fuel,True,False,partially_blocked,9,8,1,Arrazi_Plant_Load
Boiler_E_Air_Required_For_Ethylene_Combustion,Boiler -- Combustion & Fuel,True,False,partially_blocked,9,8,1,Arrazi_Plant_Load
Boiler_E_Air_Required_For_H2_Combustion,Boiler -- Combustion & Fuel,True,False,partially_blocked,9,8,1,Arrazi_Plant_Load
Boiler_E_Air_Required_For_Ic4_Combustion,Boiler -- Combustion & Fuel,True,False,partially_blocked,9,8,1,Arrazi_Plant_Load
Boiler_E_Air_Required_For_Ic5_Combustion,Boiler -- Combustion & Fuel,True,False,partially_blocked,9,8,1,Arrazi_Plant_Load
Boiler_E_Air_Required_For_Nc4_Combustion,Boiler -- Combustion & Fuel,True,False,partially_blocked,9,8,1,Arrazi_Plant_Load
Boiler_E_Air_Required_For_Nc5_Combustion,Boiler -- Combustion & Fuel,True,False,partially_blocked,9,8,1,Arrazi_Plant_Load
Boiler_E_Air_Required_For_Propane_Combustion,Boiler -- Combustion & Fuel,True,False,partially_blocked,9,8,1,Arrazi_Plant_Load
Boiler_E_Avg_Cp_Of_Flue_Gas_At_Stack_Temp,Boiler -- Flue Gas & Stack,True,False,partially_blocked,13,11,2,Arrazi_Plant_Load; BOILER_E_FLUE_GAS_OXGYGEN
Boiler_E_Avg_Cp_Of_Fuel_Gas_Sensible_Heat_Corrected,Boiler -- Performance & Energy,True,False,partially_blocked,10,8,2,Arrazi_Plant_Load; Boiler_E_Main_Fuel_Gas_Temperature
Boiler_E_Boiler_Indirect_Efficiency,Boiler -- Performance & Energy,True,False,partially_blocked,16,12,4,Arrazi_Plant_Load; BOILER_E_FLUE_GAS_OXGYGEN; Boiler_E_Combustion_Air_Temp; Boiler_E_Main_Fuel_Gas_Temperature
Boiler_E_Boiler_Load,Boiler -- Performance & Energy,True,False,fully_computable,1,1,0,
Boiler_E_COC,Boiler -- Performance & Energy,True,False,fully_blocked,2,0,2,BFW_Conductivity; BOILER_E_CONDUCTIVITY
Boiler_E_Ch4_Co2_Combustion,Boiler -- Combustion & Fuel,True,False,partially_blocked,9,8,1,Arrazi_Plant_Load
Boiler_E_Ch4_H2O_Combustion,Boiler -- Combustion & Fuel,True,False,partially_blocked,9,8,1,Arrazi_Plant_Load
Boiler_E_Ch4_N2_Combustion,Boiler -- Combustion & Fuel,True,False,partially_blocked,9,8,1,Arrazi_Plant_Load
Boiler_E_Co2_Formed,Boiler -- Performance & Energy,True,False,partially_blocked,9,8,1,Arrazi_Plant_Load
Boiler_E_Corrected_Combustion_Air,Boiler -- Combustion & Fuel,True,False,partially_blocked,11,10,1,Arrazi_Plant_Load
Boiler_E_Corrected_Combution_H2O_Formed,Boiler -- Performance & Energy,True,False,partially_blocked,11,10,1,Arrazi_Plant_Load
Boiler_E_Cp_At_Combustion_Temperature,Boiler -- Combustion & Fuel,True,False,fully_blocked,1,0,1,Boiler_E_Combustion_Air_Temp
Boiler_E_Cp_Ch4_Fuel_Temp,Boiler -- Performance & Energy,True,False,fully_blocked,1,0,1,Boiler_E_Main_Fuel_Gas_Temperature
Boiler_E_Cp_Ethane_Fuel_Temp,Boiler -- Performance & Energy,True,False,fully_blocked,1,0,1,Boiler_E_Main_Fuel_Gas_Temperature
Boiler_E_Cp_Ethylene_Fuel_Temp,Boiler -- Performance & Energy,True,False,fully_blocked,1,0,1,Boiler_E_Main_Fuel_Gas_Temperature
Boiler_E_Cp_Flue_Gas_Co2_At_Stack_Temp,Boiler -- Flue Gas & Stack,True,False,fully_computable,1,1,0,
Boiler_E_Cp_Flue_Gas_N2_At_Stack_Temp,Boiler -- Flue Gas & Stack,True,False,fully_computable,1,1,0,
Boiler_E_Cp_H2_Fuel_Temp,Boiler -- Performance & Energy,True,False,fully_blocked,1,0,1,Boiler_E_Main_Fuel_Gas_Temperature
Boiler_E_Cp_Ic4_Fuel_Temp,Boiler -- Performance & Energy,True,False,fully_blocked,1,0,1,Boiler_E_Main_Fuel_Gas_Temperature
Boiler_E_Cp_Ic5_Fuel_Temp,Boiler -- Performance & Energy,True,False,fully_blocked,1,0,1,Boiler_E_Main_Fuel_Gas_Temperature
Boiler_E_Cp_Nc4_Fuel_Temp,Boiler -- Performance & Energy,True,False,fully_blocked,1,0,1,Boiler_E_Main_Fuel_Gas_Temperature
Boiler_E_Cp_Nc5_Fuel_Temp,Boiler -- Performance & Energy,True,False,fully_blocked,1,0,1,Boiler_E_Main_Fuel_Gas_Temperature
Boiler_E_Cp_Of_Air_At_Stack_Temp,Boiler -- Flue Gas & Stack,True,False,fully_computable,1,1,0,
Boiler_E_Cp_Of_H2O_At_Stack_Temp,Boiler -- Flue Gas & Stack,True,False,fully_computable,1,1,0,
Boiler_E_Cp_Propane_Fuel_Temp,Boiler -- Performance & Energy,True,False,fully_blocked,1,0,1,Boiler_E_Main_Fuel_Gas_Temperature
Boiler_E_Cp_Total_Fuel_At_Fuel_Temp,Boiler -- Performance & Energy,True,False,partially_blocked,10,8,2,Arrazi_Plant_Load; Boiler_E_Main_Fuel_Gas_Temperature
Boiler_E_Cp_Total_Fuel_At_Ref_Temp,Boiler -- Performance & Energy,True,False,partially_blocked,9,8,1,Arrazi_Plant_Load
Boiler_E_Dry_Flue_Gas_Per_Fuel_Mass_Ratio,Boiler -- Flue Gas & Stack,True,False,partially_blocked,12,10,2,Arrazi_Plant_Load; BOILER_E_FLUE_GAS_OXGYGEN
Boiler_E_Duty,Boiler -- Performance & Energy,True,False,partially_blocked,19,13,6,Arrazi_Plant_Load; BOILER_E_FLUE_GAS_OXGYGEN; Boiler_E_Combustion_Air_Temp; Boiler_E_Main_Fuel_Gas_Temperature; Fuel_BLR_5_raw; LHV
Boiler_E_Ethane_Co2_Combustion,Boiler -- Combustion & Fuel,True,False,partially_blocked,9,8,1,Arrazi_Plant_Load
Boiler_E_Ethane_H2O_Combustion,Boiler -- Combustion & Fuel,True,False,partially_blocked,9,8,1,Arrazi_Plant_Load
Boiler_E_Ethane_N2_Combustion,Boiler -- Combustion & Fuel,True,False,partially_blocked,9,8,1,Arrazi_Plant_Load
Boiler_E_Ethylene_Co2_Combustion,Boiler -- Combustion & Fuel,True,False,partially_blocked,9,8,1,Arrazi_Plant_Load
Boiler_E_Ethylene_H2O_Combustion,Boiler -- Combustion & Fuel,True,False,partially_blocked,9,8,1,Arrazi_Plant_Load
Boiler_E_Ethylene_N2_Combustion,Boiler -- Combustion & Fuel,True,False,partially_blocked,9,8,1,Arrazi_Plant_Load
Boiler_E_Excess_Air,Boiler -- Performance & Energy,True,False,partially_blocked,12,10,2,Arrazi_Plant_Load; BOILER_E_FLUE_GAS_OXGYGEN
Boiler_E_Fg_Ch4_Mass_Fraction,Boiler -- Combustion & Fuel,True,False,partially_blocked,9,8,1,Arrazi_Plant_Load
Boiler_E_Fg_Ch4_Mass_Percentage,Boiler -- Combustion & Fuel,True,False,partially_blocked,9,8,1,Arrazi_Plant_Load
Boiler_E_Fg_Ethane_Mass_Fraction,Boiler -- Combustion & Fuel,True,False,partially_blocked,9,8,1,Arrazi_Plant_Load
Boiler_E_Fg_Ethane_Mass_Percentage,Boiler -- Combustion & Fuel,True,False,partially_blocked,9,8,1,Arrazi_Plant_Load
Boiler_E_Fg_Ethylene_Mass_Fraction,Boiler -- Combustion & Fuel,True,False,partially_blocked,9,8,1,Arrazi_Plant_Load
Boiler_E_Fg_Ethylene_Mass_Percentage,Boiler -- Combustion & Fuel,True,False,partially_blocked,9,8,1,Arrazi_Plant_Load
Boiler_E_Fg_Hydrogen_Mass_Fraction,Boiler -- Combustion & Fuel,True,False,partially_blocked,9,8,1,Arrazi_Plant_Load
Boiler_E_Fg_Hydrogen_Mass_Percentage,Boiler -- Combustion & Fuel,True,False,partially_blocked,9,8,1,Arrazi_Plant_Load
Boiler_E_Fg_Ic4_Mass_Fraction,Boiler -- Combustion & Fuel,True,False,partially_blocked,9,8,1,Arrazi_Plant_Load
Boiler_E_Fg_Ic4_Mass_Percentage,Boiler -- Combustion & Fuel,True,False,partially_blocked,9,8,1,Arrazi_Plant_Load
Boiler_E_Fg_Ic5_Mass_Fraction,Boiler -- Combustion & Fuel,True,False,partially_blocked,9,8,1,Arrazi_Plant_Load
Boiler_E_Fg_Ic5_Mass_Percentage,Boiler -- Combustion & Fuel,True,False,partially_blocked,9,8,1,Arrazi_Plant_Load
Boiler_E_Fg_Nc4_Mass_Fraction,Boiler -- Combustion & Fuel,True,False,partially_blocked,9,8,1,Arrazi_Plant_Load
Boiler_E_Fg_Nc4_Mass_Percentage,Boiler -- Combustion & Fuel,True,False,partially_blocked,9,8,1,Arrazi_Plant_Load
Boiler_E_Fg_Nc5_Mass_Fraction,Boiler -- Combustion & Fuel,True,False,partially_blocked,9,8,1,Arrazi_Plant_Load
Boiler_E_Fg_Nc5_Mass_Percentage,Boiler -- Combustion & Fuel,True,False,partially_blocked,9,8,1,Arrazi_Plant_Load
Boiler_E_Fg_Nitrogen_Mass_Percentage,Boiler -- Combustion & Fuel,True,False,partially_blocked,9,8,1,Arrazi_Plant_Load
Boiler_E_Fg_Propane_Mass_Fraction,Boiler -- Combustion & Fuel,True,False,partially_blocked,9,8,1,Arrazi_Plant_Load
Boiler_E_Fg_Propane_Mass_Percentage,Boiler -- Combustion & Fuel,True,False,partially_blocked,9,8,1,Arrazi_Plant_Load
Boiler_E_Flue_Gas_Per_Fuel_Mass_Ratio,Boiler -- Flue Gas & Stack,True,False,partially_blocked,12,10,2,Arrazi_Plant_Load; BOILER_E_FLUE_GAS_OXGYGEN
Boiler_E_Fuel_Composition_Total,Boiler -- Performance & Energy,True,False,partially_blocked,9,8,1,Arrazi_Plant_Load
Boiler_E_H2O_Formed,Boiler -- Performance & Energy,True,False,partially_blocked,9,8,1,Arrazi_Plant_Load
Boiler_E_H2_H2O_Combustion,Boiler -- Combustion & Fuel,True,False,partially_blocked,9,8,1,Arrazi_Plant_Load
Boiler_E_H2_N2_Combustion,Boiler -- Combustion & Fuel,True,False,partially_blocked,9,8,1,Arrazi_Plant_Load
Boiler_E_Heat_Loss_Due_To_Dry_Flue_Gas_L1,Boiler -- Flue Gas & Stack,True,False,partially_blocked,14,12,2,Arrazi_Plant_Load; BOILER_E_FLUE_GAS_OXGYGEN
Boiler_E_Heat_Loss_Due_To_Evaporation_Of_Water_Formed_Due_To_H2_In_Fuel_L2,Boiler -- Performance & Energy,True,False,partially_blocked,12,11,1,Arrazi_Plant_Load
Boiler_E_Heat_Loss_Due_To_H2O_In_Stack_L3,Boiler -- Flue Gas & Stack,True,False,partially_blocked,14,12,2,Arrazi_Plant_Load; BOILER_E_FLUE_GAS_OXGYGEN
Boiler_E_Heat_Loss_Due_To_Incomplete_Combustionl4,Boiler -- Performance & Energy,True,False,fully_computable,1,1,0,
Boiler_E_Ic4_Co2_Combustion,Boiler -- Combustion & Fuel,True,False,partially_blocked,9,8,1,Arrazi_Plant_Load
Boiler_E_Ic4_H2O_Combustion,Boiler -- Combustion & Fuel,True,False,partially_blocked,9,8,1,Arrazi_Plant_Load
Boiler_E_Ic4_N2_Combustion,Boiler -- Combustion & Fuel,True,False,partially_blocked,9,8,1,Arrazi_Plant_Load
Boiler_E_Ic5_Co2_Combustion,Boiler -- Combustion & Fuel,True,False,partially_blocked,9,8,1,Arrazi_Plant_Load
Boiler_E_Ic5_H2O_Combustion,Boiler -- Combustion & Fuel,True,False,partially_blocked,9,8,1,Arrazi_Plant_Load
Boiler_E_Ic5_N2_Combustion,Boiler -- Combustion & Fuel,True,False,partially_blocked,9,8,1,Arrazi_Plant_Load
Boiler_E_N2_Formed,Boiler -- Performance & Energy,True,False,partially_blocked,9,8,1,Arrazi_Plant_Load
Boiler_E_Nc4_Co2_Combustion,Boiler -- Combustion & Fuel,True,False,partially_blocked,9,8,1,Arrazi_Plant_Load
Boiler_E_Nc4_H2O_Combustion,Boiler -- Combustion & Fuel,True,False,partially_blocked,9,8,1,Arrazi_Plant_Load
Boiler_E_Nc4_N2_Combustion,Boiler -- Combustion & Fuel,True,False,partially_blocked,9,8,1,Arrazi_Plant_Load
Boiler_E_Nc5_Co2_Combustion,Boiler -- Combustion & Fuel,True,False,partially_blocked,9,8,1,Arrazi_Plant_Load
Boiler_E_Nc5_H2O_Combustion,Boiler -- Combustion & Fuel,True,False,partially_blocked,9,8,1,Arrazi_Plant_Load
Boiler_E_Nc5_N2_Combustion,Boiler -- Combustion & Fuel,True,False,partially_blocked,9,8,1,Arrazi_Plant_Load
Boiler_E_Nox_Emission,Boiler -- Emissions,True,False,literal_constant,0,0,0,
Boiler_E_Nox_Emission_Actual_Value,Boiler -- Emissions,True,False,literal_constant,0,0,0,
Boiler_E_Nox_Emission_Forecast,Boiler -- Emissions,True,False,literal_constant,0,0,0,
Boiler_E_Nox_Emission_Max_Forecast,Boiler -- Emissions,True,False,literal_constant,0,0,0,
Boiler_E_Nox_Emission_Timestamp_Max_Forecast,Boiler -- Emissions,True,False,literal_constant,0,0,0,
Boiler_E_Propane_Co2_Combustion,Boiler -- Combustion & Fuel,True,False,partially_blocked,9,8,1,Arrazi_Plant_Load
Boiler_E_Propane_H2O_Combustion,Boiler -- Combustion & Fuel,True,False,partially_blocked,9,8,1,Arrazi_Plant_Load
Boiler_E_Propane_N2_Combustion,Boiler -- Combustion & Fuel,True,False,partially_blocked,9,8,1,Arrazi_Plant_Load
Boiler_E_Radiation_Losses,Boiler -- Performance & Energy,True,False,partially_blocked,10,9,1,Arrazi_Plant_Load
Boiler_E_Sensbile_Heat_Correction_For_Air,Boiler -- Performance & Energy,True,False,partially_blocked,13,10,3,Arrazi_Plant_Load; BOILER_E_FLUE_GAS_OXGYGEN; Boiler_E_Combustion_Air_Temp
Boiler_E_Sensible_Heat_Correction_For_Fuel,Boiler -- Performance & Energy,True,False,partially_blocked,10,8,2,Arrazi_Plant_Load; Boiler_E_Main_Fuel_Gas_Temperature
Boiler_E_Status,Boiler -- Performance & Energy,True,False,fully_computable,1,1,0,
Boiler_E_Total_Boiler_Stack_Loss_Per_Kg_Fuel,Boiler -- Flue Gas & Stack,True,False,partially_blocked,14,12,2,Arrazi_Plant_Load; BOILER_E_FLUE_GAS_OXGYGEN
Boiler_E_Total_Fuel_Compostion_Mass,Boiler -- Performance & Energy,True,False,partially_blocked,9,8,1,Arrazi_Plant_Load
Boiler_E_Total_H2O_Per_Kg_Of_Fuel,Boiler -- Performance & Energy,True,False,partially_blocked,12,10,2,Arrazi_Plant_Load; BOILER_E_FLUE_GAS_OXGYGEN
Boiler_E_Total_Heat_Absorbed_Per_Kg_Of_Fuel,Boiler -- Performance & Energy,True,False,partially_blocked,16,12,4,Arrazi_Plant_Load; BOILER_E_FLUE_GAS_OXGYGEN; Boiler_E_Combustion_Air_Temp; Boiler_E_Main_Fuel_Gas_Temperature
Boiler_E_Total_Heat_Input_Per_Kg_Of_Fuel,Boiler -- Performance & Energy,True,False,partially_blocked,15,11,4,Arrazi_Plant_Load; BOILER_E_FLUE_GAS_OXGYGEN; Boiler_E_Combustion_Air_Temp; Boiler_E_Main_Fuel_Gas_Temperature
Boiler_E_Total_Heat_Loss_Per_Kg_Of_Fuel,Boiler -- Performance & Energy,True,False,partially_blocked,14,12,2,Arrazi_Plant_Load; BOILER_E_FLUE_GAS_OXGYGEN
Boiler_E_Total_Moisture_With_Air,Boiler -- Performance & Energy,True,False,partially_blocked,12,10,2,Arrazi_Plant_Load; BOILER_E_FLUE_GAS_OXGYGEN
Boiler_E_Vapour_Pressure_Of_H2O,Boiler -- Performance & Energy,True,False,fully_computable,1,1,0,
Boiler_Fg_Ch4_Concentration,Boiler -- Combustion & Fuel,True,False,partially_blocked,2,1,1,Arrazi_Plant_Load
Boiler_Fg_Ethane_Concentration,Boiler -- Combustion & Fuel,True,False,partially_blocked,2,1,1,Arrazi_Plant_Load
Boiler_Fg_Ethylene_Concentration,Boiler -- Combustion & Fuel,True,False,literal_constant,0,0,0,
Boiler_Fg_Hydrogen_Concentration,Boiler -- Combustion & Fuel,True,False,fully_blocked,1,0,1,Arrazi_Plant_Load
Boiler_Fg_Ic4_Concentration,Boiler -- Combustion & Fuel,True,False,partially_blocked,2,1,1,Arrazi_Plant_Load
Boiler_Fg_Ic5_Concentration,Boiler -- Combustion & Fuel,True,False,partially_blocked,2,1,1,Arrazi_Plant_Load
Boiler_Fg_N2_Concentration,Boiler -- Combustion & Fuel,True,False,partially_blocked,2,1,1,Arrazi_Plant_Load
Boiler_Fg_Nc4_Concentration,Boiler -- Combustion & Fuel,True,False,partially_blocked,2,1,1,Arrazi_Plant_Load
Boiler_Fg_Nc5_Concentration,Boiler -- Combustion & Fuel,True,False,partially_blocked,2,1,1,Arrazi_Plant_Load
Boiler_Fg_Propane_Concentration,Boiler -- Combustion & Fuel,True,False,partially_blocked,2,1,1,Arrazi_Plant_Load
Boiler_opt_running,Boiler -- Performance & Energy,True,False,fully_computable,5,5,0,
Boiler_peeo_mesg_taking,Boiler -- Performance & Energy,True,False,literal_constant,0,0,0,
Boilers_Running,Boiler -- Performance & Energy,True,False,fully_computable,5,5,0,
Boilers_Specific_Energy_Consumption,Boiler -- Performance & Energy,True,False,partially_blocked,16,9,7,Boielr_B_Fuel_Gas_Flow; Fuel_BLR_1_raw; Fuel_BLR_2_raw; Fuel_BLR_3_raw; Fuel_BLR_4_raw; Fuel_BLR_5_raw; LHV
Buffer_Steam_in_Boilers,Boiler -- Performance & Energy,True,False,literal_constant,0,0,0,
Buffer_in_Air_Flow_Margin,Boiler -- Air System,True,False,literal_constant,0,0,0,
CBD_Benefit_BLR_1,Boiler -- Performance & Energy,True,False,depends_on_non_pi_refs,0,0,4,BLR_1_Status_actual; BOILER_A_CBD_actual; BOILER_A_CBD_optimum; Fuel_Rate_actual
CBD_Benefit_BLR_2,Boiler -- Performance & Energy,True,False,depends_on_non_pi_refs,0,0,4,BLR_2_Status_actual; BOILER_B_CBD_actual; BOILER_B_CBD_optimum; Fuel_Rate_actual
CBD_Benefit_BLR_3,Boiler -- Performance & Energy,True,False,depends_on_non_pi_refs,0,0,4,BLR_3_Status_actual; BOILER_C_CBD_actual; BOILER_C_CBD_optimum; Fuel_Rate_actual
CBD_Benefit_BLR_4,Boiler -- Performance & Energy,True,False,depends_on_non_pi_refs,0,0,4,BLR_4_Status_actual; BOILER_D_CBD_actual; BOILER_D_CBD_optimum; Fuel_Rate_actual
CBD_Benefit_BLR_5,Boiler -- Performance & Energy,True,False,depends_on_non_pi_refs,0,0,4,BLR_5_Status_actual; BOILER_E_CBD_actual; BOILER_E_CBD_optimum; Fuel_Rate_actual
CBD_energy_saving_BLR1,Boiler -- Performance & Energy,True,True,literal_constant,0,0,0,
CBD_energy_saving_BLR2,Boiler -- Performance & Energy,True,True,literal_constant,0,0,0,
CBD_energy_saving_BLR3,Boiler -- Performance & Energy,True,True,literal_constant,0,0,0,
CBD_energy_saving_BLR4,Boiler -- Performance & Energy,True,True,literal_constant,0,0,0,
CBD_energy_saving_BLR5,Boiler -- Performance & Energy,True,True,literal_constant,0,0,0,
CBD_energy_saving_Total,Boiler -- Performance & Energy,True,False,depends_on_non_pi_refs,0,0,5,CBD_energy_saving_BLR1; CBD_energy_saving_BLR2; CBD_energy_saving_BLR3; CBD_energy_saving_BLR4; CBD_energy_saving_BLR5
COMBUSTION_AIR_TEMP,Boiler -- Air System,True,False,literal_constant,0,0,0,
Condensate_From_P_7106_to_Deaerator_Header,Steam Turbine,False,True,partially_blocked,6,1,5,BOILER_A_CBD; BOILER_B_CBD; BOILER_C_CBD; BOILER_D_CBD; BOILER_E_CBD
Condensate_Recovery_Ratio_ETH,Steam Turbine,False,True,partially_blocked,33,2,31,C2R_turbine_Inlet_steam_flow; C3R_turbine_Inlet_steam_flow; DSP_BFW_TO_ETH_raw; EG1_DEG_production_flow; EG1_HEG_production_flow; EG1_MEG_production_flow; EG1_TEG_production_flow; EG1_suspect_COND_TO_U_O_raw; EG2_DEG_production_flow; EG2_HEG_production_flow; EG2_MEG_production_flow; EG2_TEG_production_flow; EG2_suspect_COND_TO_U_O_raw; EG3_DEG_production_flow; EG3_HEG_production_flow; EG3_MEG_production_flow; EG3_TEG_production_flow; EG3_suspect_COND_TO_U_O_raw; ETH_CLEAN_COND_TO_U_O_raw; ETH_suspect_COND_TO_U_O_raw; HP_Steam_Vent_Valve_PC7027_Opening_ETH; HP_to_LP_Let_Down_Valve_Opening_HC7262_ETH; HP_to_LP_Let_Down_Valve_Opening_PC7026_ETH; Polished_Condenstae_to_Deaerator; Quench_water_pump_turbine_Inlet_steam_flow; Regeneration_Gas_Heater_Level; Total_Ethylene_Production_ETH_Plant; VHP_BFW_FROM_U_O; VHP_DESPHTR_BFW_FROM_U_O; VHP_to_HP_Let_Down_Valve_Opening_PX7024A_ETH; VHP_to_HP_Let_Down_Valve_Opening_PX7024B_ETH
Condensate_from_Traps,Steam Turbine,False,True,literal_constant,0,0,0,
Costing_total_BFW_Cost,Boiler -- BFW System,True,False,fully_computable,5,5,0,
Costing_total_Fuel_Cost,Boiler -- Combustion & Fuel,True,False,partially_blocked,47,24,23,Arrazi_Plant_Load; BOILER_A_FLUE_GAS_OXGYGEN; BOILER_B_FLUE_GAS_OXGYGEN; BOILER_C_FLUE_GAS_OXGYGEN; BOILER_D_FLUE_GAS_OXGYGEN; BOILER_E_FLUE_GAS_OXGYGEN; Boielr_B_Fuel_Gas_Flow; Boiler_A_Combustion_Air_Temperature; Boiler_A_Main_Fuel_Gas_Temperature; Boiler_B_Combustion_Air_Temperature; Boiler_B_Main_Fuel_Gas_Temperature; Boiler_C_Combustion_Air_Temperature; Boiler_C_Main_Fuel_Gas_Temperature; Boiler_D_Combustion_Air_Temperature; Boiler_D_Main_Fuel_Gas_Temperature; Boiler_E_Combustion_Air_Temp; Boiler_E_Main_Fuel_Gas_Temperature; Fuel_BLR_1_raw; Fuel_BLR_2_raw; Fuel_BLR_3_raw; Fuel_BLR_4_raw; Fuel_BLR_5_raw; LHV
DMW_Makeup,Demin / Treated Water,False,True,fully_blocked,2,0,2,DMW_MAKEUP_Near_Clean_Condensate_Header; DMW_MAKEUP_Near_Suspect_Condensate_Header
DMW_Turbine_A_Steam,Steam Turbine,False,True,fully_computable,1,1,0,
DMW_Turbine_C_Steam,Steam Turbine,False,True,fully_computable,1,1,0,
DSP_BFW_TO_CAUSTIC_DILUTION,Boiler -- BFW System,True,True,fully_blocked,1,0,1,DSP_BFW_TO_CAUSTIC_DILUTION_raw
DSP_BFW_TO_EG1,Boiler -- BFW System,True,True,fully_blocked,5,0,5,DSP_BFW_TO_EG1_raw; EG1_DEG_production_flow; EG1_HEG_production_flow; EG1_MEG_production_flow; EG1_TEG_production_flow
DSP_BFW_TO_EG2,Boiler -- BFW System,True,True,fully_blocked,5,0,5,DSP_BFW_TO_EG2_raw; EG2_DEG_production_flow; EG2_HEG_production_flow; EG2_MEG_production_flow; EG2_TEG_production_flow
DSP_BFW_TO_EG3,Boiler -- BFW System,True,True,fully_blocked,5,0,5,DSP_BFW_TO_EG3_raw; EG3_DEG_production_flow; EG3_HEG_production_flow; EG3_MEG_production_flow; EG3_TEG_production_flow
DSP_BFW_TO_ETH,Boiler -- BFW System,True,True,fully_blocked,2,0,2,DSP_BFW_TO_ETH_raw; Total_Ethylene_Production_ETH_Plant
Deaerator_A_LPS_Vent,Deaerator,False,True,fully_blocked,1,0,1,Deaerator_A_LPS_raw
Deaerator_B_LPS_Vent,Deaerator,False,True,fully_blocked,1,0,1,Deaerator_B_LPS_raw
Deethaniser_reboiler_Inlet_steam_flow_Energy,Boiler -- Performance & Energy,True,False,fully_blocked,2,0,2,Deethaniser_reboiler_Inlet_steam_flow; LP_Steam_Enthalpy
EG1_CLEAN_COND_TO_U_O,EG1 Plant,False,True,fully_blocked,5,0,5,EG1_CLEAN_COND_TO_U_O_raw; EG1_DEG_production_flow; EG1_HEG_production_flow; EG1_MEG_production_flow; EG1_TEG_production_flow
EG1_Drying_Column_Reboiler_benefit,Boiler -- Performance & Energy,True,False,depends_on_non_pi_refs,0,0,3,EG1_MP_to_E_2610_actual; EG1_MP_to_E_2610_optimum; MP_steam_generation_Cost_actual
EG1_Drying_column_reboiler_Duty_GJ,Boiler -- Performance & Energy,True,False,fully_blocked,1,0,1,EG1_Drying_column_reboiler_Duty
EG1_EOE,EG1 Plant,False,True,fully_blocked,4,0,4,EG1_DEG_production_flow; EG1_HEG_production_flow; EG1_MEG_production_flow; EG1_TEG_production_flow
EG1_First_Effect_Reboiler_benefit,Boiler -- Performance & Energy,True,False,depends_on_non_pi_refs,0,0,3,EG1_MP_to_E_2531_actual; EG1_MP_to_E_2531_optimum; MP_steam_generation_Cost_actual
EG1_MEG_Column_Reboiler_benefit,Boiler -- Performance & Energy,True,False,depends_on_non_pi_refs,0,0,3,EG1_MP_to_E_2620_actual; EG1_MP_to_E_2620_optimum; MP_steam_generation_Cost_actual
EG1_MEG_column_reboiler_Duty_GJ,Boiler -- Performance & Energy,True,False,fully_blocked,1,0,1,EG1_MEG_column_reboiler_Duty
EG1_first_effect_reboiler_Duty_GJ,Boiler -- Performance & Energy,True,False,fully_blocked,1,0,1,EG1_first_effect_reboiler_Duty
EG1_suspect_COND_TO_U_O,EG1 Plant,False,True,fully_blocked,5,0,5,EG1_DEG_production_flow; EG1_HEG_production_flow; EG1_MEG_production_flow; EG1_TEG_production_flow; EG1_suspect_COND_TO_U_O_raw
EG1_suspect_COND_TO_U_O_corrected,EG1 Plant,False,True,fully_blocked,18,0,18,EG1_DEG_production_flow; EG1_HEG_production_flow; EG1_MEG_production_flow; EG1_TEG_production_flow; EG1_suspect_COND_TO_U_O_raw; EG2_DEG_production_flow; EG2_HEG_production_flow; EG2_MEG_production_flow; EG2_TEG_production_flow; EG2_suspect_COND_TO_U_O_raw; EG3_DEG_production_flow; EG3_HEG_production_flow; EG3_MEG_production_flow; EG3_TEG_production_flow; EG3_suspect_COND_TO_U_O_raw; ETH_suspect_COND_TO_U_O_raw; Polished_Condenstae_to_Deaerator; Total_Ethylene_Production_ETH_Plant
EG2_CLEAN_COND_TO_U_O,EG2 Plant,False,True,fully_blocked,5,0,5,EG2_CLEAN_COND_TO_U_O_raw; EG2_DEG_production_flow; EG2_HEG_production_flow; EG2_MEG_production_flow; EG2_TEG_production_flow
EG2_Drying_Column_Reboiler_benefit,Boiler -- Performance & Energy,True,False,depends_on_non_pi_refs,0,0,3,EG2_MP_to_E_4610_actual; EG2_MP_to_E_4610_optimum; MP_steam_generation_Cost_actual
EG2_Drying_column_reboiler_Duty_GJ,Boiler -- Performance & Energy,True,False,fully_blocked,1,0,1,EG2_Drying_column_reboiler_Duty
EG2_EOE,EG2 Plant,False,True,fully_blocked,4,0,4,EG2_DEG_production_flow; EG2_HEG_production_flow; EG2_MEG_production_flow; EG2_TEG_production_flow
EG2_First_Effect_Reboiler_benefit,Boiler -- Performance & Energy,True,False,depends_on_non_pi_refs,0,0,3,EG2_MP_to_E_4531_actual; EG2_MP_to_E_4531_optimum; MP_steam_generation_Cost_actual
EG2_MEG_Column_Reboiler_benefit,Boiler -- Performance & Energy,True,False,depends_on_non_pi_refs,0,0,3,EG2_MP_to_E_4620_actual; EG2_MP_to_E_4620_optimum; MP_steam_generation_Cost_actual
EG2_MEG_column_reboiler_Duty_GJ,Boiler -- Performance & Energy,True,False,fully_blocked,1,0,1,EG2_MEG_column_reboiler_Duty
EG2_Regeneration_reboiler_Duty_GJ,Boiler -- Performance & Energy,True,False,fully_blocked,1,0,1,EG2_Regeneration_reboiler_Duty
EG2_first_effect_reboiler_Duty_GJ,Boiler -- Performance & Energy,True,False,fully_blocked,1,0,1,EG2_first_effect_reboiler_Duty
EG2_stripping_column_reboiler_Duty_GJ,Boiler -- Performance & Energy,True,False,fully_blocked,1,0,1,EG2_stripping_column_reboiler_Duty
EG2_suspect_COND_TO_U_O,EG2 Plant,False,True,fully_blocked,5,0,5,EG2_DEG_production_flow; EG2_HEG_production_flow; EG2_MEG_production_flow; EG2_TEG_production_flow; EG2_suspect_COND_TO_U_O_raw
EG2_suspect_COND_TO_U_O_corrected,EG2 Plant,False,True,fully_blocked,18,0,18,EG1_DEG_production_flow; EG1_HEG_production_flow; EG1_MEG_production_flow; EG1_TEG_production_flow; EG1_suspect_COND_TO_U_O_raw; EG2_DEG_production_flow; EG2_HEG_production_flow; EG2_MEG_production_flow; EG2_TEG_production_flow; EG2_suspect_COND_TO_U_O_raw; EG3_DEG_production_flow; EG3_HEG_production_flow; EG3_MEG_production_flow; EG3_TEG_production_flow; EG3_suspect_COND_TO_U_O_raw; ETH_suspect_COND_TO_U_O_raw; Polished_Condenstae_to_Deaerator; Total_Ethylene_Production_ETH_Plant
EG3_CLEAN_COND_TO_U_O,EG3 Plant,False,True,fully_blocked,5,0,5,EG3_CLEAN_COND_TO_U_O_raw; EG3_DEG_production_flow; EG3_HEG_production_flow; EG3_MEG_production_flow; EG3_TEG_production_flow
EG3_EOE,EG3 Plant,False,True,fully_blocked,4,0,4,EG3_DEG_production_flow; EG3_HEG_production_flow; EG3_MEG_production_flow; EG3_TEG_production_flow
EG3_First_Effect_Reboiler_benefit,Boiler -- Performance & Energy,True,False,depends_on_non_pi_refs,0,0,3,EG3_MP_to_E_6531_actual; EG3_MP_to_E_6531_optimum; MP_steam_generation_Cost_actual
EG3_MEG_Column_Reboiler_benefit,Boiler -- Performance & Energy,True,False,depends_on_non_pi_refs,0,0,3,EG3_MP_to_E_6620_actual; EG3_MP_to_E_6620_optimum; MP_steam_generation_Cost_actual
EG3_MEG_column_reboiler_Duty_GJ,Boiler -- Performance & Energy,True,False,fully_blocked,1,0,1,EG3_MEG_column_reboiler_Duty
EG3_Regeneration_reboiler_Duty_GJ,Boiler -- Performance & Energy,True,False,fully_blocked,1,0,1,EG3_Regeneration_reboiler_Duty
EG3_first_effect_reboiler_Duty_GJ,Boiler -- Performance & Energy,True,False,fully_blocked,1,0,1,EG3_first_effect_reboiler_Duty
EG3_suspect_COND_TO_U_O,EG3 Plant,False,True,fully_blocked,5,0,5,EG3_DEG_production_flow; EG3_HEG_production_flow; EG3_MEG_production_flow; EG3_TEG_production_flow; EG3_suspect_COND_TO_U_O_raw
EG3_suspect_COND_TO_U_O_corrected,EG3 Plant,False,True,fully_blocked,18,0,18,EG1_DEG_production_flow; EG1_HEG_production_flow; EG1_MEG_production_flow; EG1_TEG_production_flow; EG1_suspect_COND_TO_U_O_raw; EG2_DEG_production_flow; EG2_HEG_production_flow; EG2_MEG_production_flow; EG2_TEG_production_flow; EG2_suspect_COND_TO_U_O_raw; EG3_DEG_production_flow; EG3_HEG_production_flow; EG3_MEG_production_flow; EG3_TEG_production_flow; EG3_suspect_COND_TO_U_O_raw; ETH_suspect_COND_TO_U_O_raw; Polished_Condenstae_to_Deaerator; Total_Ethylene_Production_ETH_Plant
EOEG1_Plant_Status,EOEG Plant,False,True,fully_blocked,4,0,4,EG1_DEG_production_flow; EG1_HEG_production_flow; EG1_MEG_production_flow; EG1_TEG_production_flow
EOEG2_Plant_Status,EOEG Plant,False,True,fully_blocked,4,0,4,EG2_DEG_production_flow; EG2_HEG_production_flow; EG2_MEG_production_flow; EG2_TEG_production_flow
EOEG3_Plant_Status,EOEG Plant,False,True,fully_blocked,4,0,4,EG3_DEG_production_flow; EG3_HEG_production_flow; EG3_MEG_production_flow; EG3_TEG_production_flow
EOEG_1_MPS_Demand,EOEG Plant,False,True,partially_blocked,5,1,4,EG1_DEG_production_flow; EG1_HEG_production_flow; EG1_MEG_production_flow; EG1_TEG_production_flow
EOEG_2_MPS_Demand,EOEG Plant,False,True,partially_blocked,5,1,4,EG2_DEG_production_flow; EG2_HEG_production_flow; EG2_MEG_production_flow; EG2_TEG_production_flow
EOEG_3_MPS_Demand,EOEG Plant,False,True,partially_blocked,5,1,4,EG3_DEG_production_flow; EG3_HEG_production_flow; EG3_MEG_production_flow; EG3_TEG_production_flow
ETH_CLEAN_COND_TO_U_O,Ethylene Plant,False,True,fully_blocked,2,0,2,ETH_CLEAN_COND_TO_U_O_raw; Total_Ethylene_Production_ETH_Plant
ETH_HPS_Demand,Ethylene Plant,False,True,partially_blocked,11,1,10,C2R_turbine_Inlet_steam_flow; C3R_turbine_Inlet_steam_flow; HP_Steam_Vent_Valve_PC7027_Opening_ETH; HP_to_LP_Let_Down_Valve_Opening_HC7262_ETH; HP_to_LP_Let_Down_Valve_Opening_PC7026_ETH; Quench_water_pump_turbine_Inlet_steam_flow; Regeneration_Gas_Heater_Level; Total_Ethylene_Production_ETH_Plant; VHP_to_HP_Let_Down_Valve_Opening_PX7024A_ETH; VHP_to_HP_Let_Down_Valve_Opening_PX7024B_ETH
ETH_LPS_Demand,Ethylene Plant,False,True,partially_blocked,2,1,1,Total_Ethylene_Production_ETH_Plant
ETH_Plant_Status,Ethylene Plant,False,True,fully_blocked,1,0,1,Total_Ethylene_Production_ETH_Plant
ETH_suspect_COND_TO_U_O,Ethylene Plant,False,True,fully_blocked,2,0,2,ETH_suspect_COND_TO_U_O_raw; Total_Ethylene_Production_ETH_Plant
ETH_suspect_COND_TO_U_O_corrected,Ethylene Plant,False,True,fully_blocked,18,0,18,EG1_DEG_production_flow; EG1_HEG_production_flow; EG1_MEG_production_flow; EG1_TEG_production_flow; EG1_suspect_COND_TO_U_O_raw; EG2_DEG_production_flow; EG2_HEG_production_flow; EG2_MEG_production_flow; EG2_TEG_production_flow; EG2_suspect_COND_TO_U_O_raw; EG3_DEG_production_flow; EG3_HEG_production_flow; EG3_MEG_production_flow; EG3_TEG_production_flow; EG3_suspect_COND_TO_U_O_raw; ETH_suspect_COND_TO_U_O_raw; Polished_Condenstae_to_Deaerator; Total_Ethylene_Production_ETH_Plant
EXCESS_O2,Boiler -- Combustion & Fuel,True,False,literal_constant,0,0,0,
Eth_HP_to_CGC_lube_oil_pump_turbine_flow,Steam Turbine,False,True,literal_constant,0,0,0,
Eth_HP_to_E_1103_flow,Ethylene Plant,False,True,literal_constant,0,0,0,
Eth_HP_to_PT_1650_flow,Ethylene Plant,False,True,literal_constant,0,0,0,
Ethane_Feed_Saturator_Duty_GJ,Boiler -- Steam Generation,True,False,fully_blocked,1,0,1,Ethane_Feed_Saturator_Duty
Ethane_feed_saturator_inlet_steam_flow_Energy,Boiler -- Steam Generation,True,False,fully_blocked,2,0,2,Ethane_feed_saturator_inlet_steam_flow; LP_Steam_Enthalpy
Ethylene_HP_Consumption_Calculated,Ethylene Plant,False,True,fully_blocked,7,0,7,C2R_turbine_Inlet_steam_flow; C3R_turbine_Inlet_steam_flow; HP_Steam_Vent_Valve_PC7027_Opening_ETH; HP_to_LP_Let_Down_Valve_Opening_HC7262_ETH; HP_to_LP_Let_Down_Valve_Opening_PC7026_ETH; Quench_water_pump_turbine_Inlet_steam_flow; Regeneration_Gas_Heater_Level
Ethylene_HP_Generation_Calculated,Ethylene Plant,False,True,partially_blocked,3,1,2,VHP_to_HP_Let_Down_Valve_Opening_PX7024A_ETH; VHP_to_HP_Let_Down_Valve_Opening_PX7024B_ETH
FDF_A_Cost,Boiler -- Air System,True,False,fully_blocked,1,0,1,FDF_A_AMPS
FDF_A_Motor_Power,Boiler -- Air System,True,False,fully_blocked,1,0,1,FDF_A_AMPS
FDF_A_Motor_Status,Boiler -- Air System,True,False,fully_blocked,1,0,1,FDF_A_AMPS
FDF_B_Cost,Boiler -- Air System,True,False,fully_blocked,1,0,1,FDF_B_AMPS
FDF_B_Motor_Power,Boiler -- Air System,True,False,fully_blocked,1,0,1,FDF_B_AMPS
FDF_B_Motor_Status,Boiler -- Air System,True,False,fully_blocked,1,0,1,FDF_B_AMPS
FD_Fan_BLR_1_Steam,Boiler -- Air System,True,True,fully_computable,1,1,0,
FD_Fan_BLR_1_Steam_Benefit,Boiler -- Air System,True,False,depends_on_non_pi_refs,0,0,4,FD_Fan_BLR_1_Steam_actual; FD_Fan_BLR_1_Steam_optimum; HP_Steam_Enthalpy_actual; HP_Steam_enthalpy_Cost_actual
FD_Fan_BLR_1_Steam_Energy,Boiler -- Air System,True,False,partially_blocked,3,1,2,HP_Steam_Enthalpy; LP_Steam_Enthalpy
FD_Fan_BLR_1_Steam_reg,Boiler -- Air System,True,False,fully_computable,1,1,0,
FD_Fan_BLR_1_Steam_warmup,Boiler -- Air System,True,False,fully_computable,2,2,0,
FD_Fan_BLR_2_Steam,Boiler -- Air System,True,True,fully_computable,1,1,0,
FD_Fan_BLR_2_Steam_Benefit,Boiler -- Air System,True,False,depends_on_non_pi_refs,0,0,4,FD_Fan_BLR_2_Steam_actual; FD_Fan_BLR_2_Steam_optimum; HP_Steam_Enthalpy_actual; HP_Steam_enthalpy_Cost_actual
FD_Fan_BLR_2_Steam_Energy,Boiler -- Air System,True,False,partially_blocked,3,1,2,HP_Steam_Enthalpy; LP_Steam_Enthalpy
FD_Fan_BLR_2_Steam_reg,Boiler -- Air System,True,False,fully_computable,1,1,0,
FD_Fan_BLR_2_Steam_warmup,Boiler -- Air System,True,False,fully_computable,2,2,0,
FD_Fan_BLR_3_Steam,Boiler -- Air System,True,True,fully_computable,1,1,0,
FD_Fan_BLR_3_Steam_Benefit,Boiler -- Air System,True,False,depends_on_non_pi_refs,0,0,4,FD_Fan_BLR_3_Steam_actual; FD_Fan_BLR_3_Steam_optimum; HP_Steam_Enthalpy_actual; HP_Steam_enthalpy_Cost_actual
FD_Fan_BLR_3_Steam_Energy,Boiler -- Air System,True,False,partially_blocked,3,1,2,HP_Steam_Enthalpy; LP_Steam_Enthalpy
FD_Fan_BLR_3_Steam_reg,Boiler -- Air System,True,False,fully_computable,1,1,0,
FD_Fan_BLR_3_Steam_warmup,Boiler -- Air System,True,False,fully_computable,2,2,0,
FD_Fan_BLR_4_Steam,Boiler -- Air System,True,True,fully_computable,1,1,0,
FD_Fan_BLR_4_Steam_Benefit,Boiler -- Air System,True,False,depends_on_non_pi_refs,0,0,4,FD_Fan_BLR_4_Steam_actual; FD_Fan_BLR_4_Steam_optimum; HP_Steam_Enthalpy_actual; HP_Steam_enthalpy_Cost_actual
FD_Fan_BLR_4_Steam_Energy,Boiler -- Air System,True,False,partially_blocked,3,1,2,HP_Steam_Enthalpy; LP_Steam_Enthalpy
FD_Fan_BLR_4_Steam_reg,Boiler -- Air System,True,False,fully_computable,1,1,0,
FD_Fan_BLR_4_Steam_warmup,Boiler -- Air System,True,False,fully_computable,2,2,0,
FD_Fan_BLR_5_Steam,Boiler -- Air System,True,True,fully_computable,1,1,0,
FD_Fan_BLR_5_Steam_Benefit,Boiler -- Air System,True,False,depends_on_non_pi_refs,0,0,4,FD_Fan_BLR_5_Steam_actual; FD_Fan_BLR_5_Steam_optimum; HP_Steam_Enthalpy_actual; HP_Steam_enthalpy_Cost_actual
FD_Fan_BLR_5_Steam_Energy,Boiler -- Air System,True,False,partially_blocked,3,1,2,HP_Steam_Enthalpy; LP_Steam_Enthalpy
FD_Fan_BLR_5_Steam_reg,Boiler -- Air System,True,False,fully_computable,1,1,0,
FD_Fan_BLR_5_Steam_warmup,Boiler -- Air System,True,False,fully_computable,2,2,0,
FD_Motor_Motor,Boiler -- Air System,True,False,literal_constant,0,0,0,
FIRE_DUTY,Boiler -- Flue Gas & Stack,True,False,literal_constant,0,0,0,
FLAG_BFW_QUALITY,Boiler -- BFW System,True,False,fully_blocked,5,0,5,BFW_CONDUCTIVITY; BFW_OXYGEN; BFW_PH; BFW_SILICA; BFW_SODIUM
FLAG_BFW_QUALITY_PTA,Boiler -- BFW System,True,False,literal_constant,0,0,0,
FUEL_GAS_From_UO_to_ETH,Boiler -- Combustion & Fuel,True,True,fully_blocked,2,0,2,FUEL_GAS_From_UO_to_ETH_raw; Total_Ethylene_Production_ETH_Plant
FUEL_GAS_From_UO_to_ETH_benifit,Boiler -- Combustion & Fuel,True,False,depends_on_non_pi_refs,0,0,4,FUEL_GAS_From_UO_to_ETH_actual; FUEL_GAS_From_UO_to_ETH_optimum; Fuel_Rate_actual; LHV_actual
FUEL_GAS_From_UO_to_ETH_delta,Boiler -- Combustion & Fuel,True,False,partially_blocked,284,16,268,Decoke_Air_Pressure_Furnace_A; Decoke_Air_Pressure_Furnace_B; Decoke_Air_Pressure_Furnace_C; Decoke_Air_Pressure_Furnace_D; Decoke_Air_Pressure_Furnace_E; Decoke_Air_Pressure_Furnace_F; Decoke_Air_Pressure_Furnace_G; Decoke_Air_Pressure_Furnace_H; Decoke_Air_Pressure_Furnace_J; FUEL_GAS_From_UO_to_ETH_raw; FUR_1_FLUE_GAS_O2; FUR_1_PASS_1_ETHANE_FEED; FUR_1_PASS_2_ETHANE_FEED; FUR_1_PASS_3_ETHANE_FEED; FUR_1_PASS_4_ETHANE_FEED; FUR_1_PASS_5_ETHANE_FEED; FUR_1_PASS_6_ETHANE_FEED; FUR_1_PASS_7_ETHANE_FEED; FUR_1_PASS_8_ETHANE_FEED; FUR_2_FLUE_GAS_O2; FUR_2_PASS_1_ETHANE_FEED; FUR_2_PASS_2_ETHANE_FEED; FUR_2_PASS_3_ETHANE_FEED; FUR_2_PASS_4_ETHANE_FEED; FUR_2_PASS_5_ETHANE_FEED; FUR_2_PASS_6_ETHANE_FEED; FUR_2_PASS_7_ETHANE_FEED; FUR_2_PASS_8_ETHANE_FEED; FUR_3_FLUE_GAS_O2; FUR_3_PASS_1_ETHANE_FEED; FUR_3_PASS_2_ETHANE_FEED; FUR_3_PASS_3_ETHANE_FEED; FUR_3_PASS_4_ETHANE_FEED; FUR_3_PASS_5_ETHANE_FEED; FUR_3_PASS_6_ETHANE_FEED; FUR_3_PASS_7_ETHANE_FEED; FUR_3_PASS_8_ETHANE_FEED; FUR_4_FLUE_GAS_O2; FUR_4_PASS_1_ETHANE_FEED; FUR_4_PASS_2_ETHANE_FEED; FUR_4_PASS_3_ETHANE_FEED; FUR_4_PASS_4_ETHANE_FEED; FUR_4_PASS_5_ETHANE_FEED; FUR_4_PASS_6_ETHANE_FEED; FUR_4_PASS_7_ETHANE_FEED; FUR_4_PASS_8_ETHANE_FEED; FUR_5_FLUE_GAS_O2; FUR_5_PASS_1_ETHANE_FEED; FUR_5_PASS_2_ETHANE_FEED; FUR_5_PASS_3_ETHANE_FEED; FUR_5_PASS_4_ETHANE_FEED; FUR_5_PASS_5_ETHANE_FEED; FUR_5_PASS_6_ETHANE_FEED; FUR_5_PASS_7_ETHANE_FEED; FUR_5_PASS_8_ETHANE_FEED; FUR_6_FLUE_GAS_O2; FUR_6_PASS_1_ETHANE_FEED; FUR_6_PASS_2_ETHANE_FEED; FUR_6_PASS_3_ETHANE_FEED; FUR_6_PASS_4_ETHANE_FEED; FUR_6_PASS_5_ETHANE_FEED; FUR_6_PASS_6_ETHANE_FEED; FUR_6_PASS_7_ETHANE_FEED; FUR_6_PASS_8_ETHANE_FEED; FUR_7_FLUE_GAS_O2; FUR_7_PASS_1_ETHANE_FEED; FUR_7_PASS_2_ETHANE_FEED; FUR_7_PASS_3_ETHANE_FEED; FUR_7_PASS_4_ETHANE_FEED; FUR_7_PASS_5_ETHANE_FEED; FUR_7_PASS_6_ETHANE_FEED; FUR_7_PASS_7_ETHANE_FEED; FUR_7_PASS_8_ETHANE_FEED; FUR_8_FLUE_GAS_O2; FUR_8_PASS_1_ETHANE_FEED; FUR_8_PASS_2_ETHANE_FEED; FUR_8_PASS_3_ETHANE_FEED; FUR_8_PASS_4_ETHANE_FEED; FUR_8_PASS_5ETHANE_FEED; FUR_8_PASS_6_ETHANE_FEED; FUR_8_PASS_7_ETHANE_FEED; FUR_8_PASS_8_ETHANE_FEED; FUR_9_FLUE_GAS_O2; FUR_9_PASS_1_ETHANE_FEED; FUR_9_PASS_2_ETHANE_FEED; FUR_9_PASS_3_ETHANE_FEED; FUR_9_PASS_4_ETHANE_FEED; FUR_9_PASS_5ETHANE_FEED; FUR_9_PASS_6_ETHANE_FEED; FUR_9_PASS_7_ETHANE_FEED; FUR_9_PASS_8_ETHANE_FEED; FUR_9_STACK_TEMPERATURE; Furnace_A_COT; Furnace_B_COT; Furnace_C_COT; Furnace_D_COT; Furnace_E_COT; Furnace_F_COT; Furnace_G_COT; Furnace_H_COT; Furnace_J_COT; Furnace_J_Fuel_gas_flow; Mixed_Feed_MOV_Opening_Furnace_A; Mixed_Feed_MOV_Opening_Furnace_B; Mixed_Feed_MOV_Opening_Furnace_C; Mixed_Feed_MOV_Opening_Furnace_D; Mixed_Feed_MOV_Opening_Furnace_E; Mixed_Feed_MOV_Opening_Furnace_F; Mixed_Feed_MOV_Opening_Furnace_G; Mixed_Feed_MOV_Opening_Furnace_H; Mixed_Feed_MOV_Opening_Furnace_J; Overall_SHC_Ratio; Pass1_Decoke_Air_Flow_Furnace_A; Pass1_Decoke_Air_Flow_Furnace_B; Pass1_Decoke_Air_Flow_Furnace_C; Pass1_Decoke_Air_Flow_Furnace_D; Pass1_Decoke_Air_Flow_Furnace_E; Pass1_Decoke_Air_Flow_Furnace_F; Pass1_Decoke_Air_Flow_Furnace_G; Pass1_Decoke_Air_Flow_Furnace_H; Pass1_Decoke_Air_Flow_Furnace_J; Pass1_Mixed_Feed_Pressure_Furnace_A; Pass1_Mixed_Feed_Pressure_Furnace_B; Pass1_Mixed_Feed_Pressure_Furnace_C; Pass1_Mixed_Feed_Pressure_Furnace_D; Pass1_Mixed_Feed_Pressure_Furnace_E; Pass1_Mixed_Feed_Pressure_Furnace_F; Pass1_Mixed_Feed_Pressure_Furnace_G; Pass1_Mixed_Feed_Pressure_Furnace_H; Pass1_Mixed_Feed_Pressure_Furnace_J; Pass2_Decoke_Air_Flow_Furnace_A; Pass2_Decoke_Air_Flow_Furnace_B; Pass2_Decoke_Air_Flow_Furnace_C; Pass2_Decoke_Air_Flow_Furnace_D; Pass2_Decoke_Air_Flow_Furnace_E; Pass2_Decoke_Air_Flow_Furnace_F; Pass2_Decoke_Air_Flow_Furnace_G; Pass2_Decoke_Air_Flow_Furnace_H; Pass2_Decoke_Air_Flow_Furnace_J; Pass2_Mixed_Feed_Pressure_Furnace_A; Pass2_Mixed_Feed_Pressure_Furnace_B; Pass2_Mixed_Feed_Pressure_Furnace_C; Pass2_Mixed_Feed_Pressure_Furnace_D; Pass2_Mixed_Feed_Pressure_Furnace_E; Pass2_Mixed_Feed_Pressure_Furnace_F; Pass2_Mixed_Feed_Pressure_Furnace_G; Pass2_Mixed_Feed_Pressure_Furnace_H; Pass2_Mixed_Feed_Pressure_Furnace_J; Pass3_Decoke_Air_Flow_Furnace_A; Pass3_Decoke_Air_Flow_Furnace_B; Pass3_Decoke_Air_Flow_Furnace_C; Pass3_Decoke_Air_Flow_Furnace_D; Pass3_Decoke_Air_Flow_Furnace_E; Pass3_Decoke_Air_Flow_Furnace_F; Pass3_Decoke_Air_Flow_Furnace_G; Pass3_Decoke_Air_Flow_Furnace_H; Pass3_Decoke_Air_Flow_Furnace_J; Pass3_Mixed_Feed_Pressure_Furnace_A; Pass3_Mixed_Feed_Pressure_Furnace_B; Pass3_Mixed_Feed_Pressure_Furnace_C; Pass3_Mixed_Feed_Pressure_Furnace_D; Pass3_Mixed_Feed_Pressure_Furnace_E; Pass3_Mixed_Feed_Pressure_Furnace_F; Pass3_Mixed_Feed_Pressure_Furnace_G; Pass3_Mixed_Feed_Pressure_Furnace_H; Pass3_Mixed_Feed_Pressure_Furnace_J; Pass4_Decoke_Air_Flow_Furnace_A; Pass4_Decoke_Air_Flow_Furnace_B; Pass4_Decoke_Air_Flow_Furnace_C; Pass4_Decoke_Air_Flow_Furnace_D; Pass4_Decoke_Air_Flow_Furnace_E; Pass4_Decoke_Air_Flow_Furnace_F; Pass4_Decoke_Air_Flow_Furnace_G; Pass4_Decoke_Air_Flow_Furnace_H; Pass4_Decoke_Air_Flow_Furnace_J; Pass4_Mixed_Feed_Pressure_Furnace_A; Pass4_Mixed_Feed_Pressure_Furnace_B; Pass4_Mixed_Feed_Pressure_Furnace_C; Pass4_Mixed_Feed_Pressure_Furnace_D; Pass4_Mixed_Feed_Pressure_Furnace_E; Pass4_Mixed_Feed_Pressure_Furnace_F; Pass4_Mixed_Feed_Pressure_Furnace_G; Pass4_Mixed_Feed_Pressure_Furnace_H; Pass4_Mixed_Feed_Pressure_Furnace_J; Pass5_Decoke_Air_Flow_Furnace_A; Pass5_Decoke_Air_Flow_Furnace_B; Pass5_Decoke_Air_Flow_Furnace_C; Pass5_Decoke_Air_Flow_Furnace_D; Pass5_Decoke_Air_Flow_Furnace_E; Pass5_Decoke_Air_Flow_Furnace_F; Pass5_Decoke_Air_Flow_Furnace_G; Pass5_Decoke_Air_Flow_Furnace_H; Pass5_Decoke_Air_Flow_Furnace_J; Pass5_Mixed_Feed_Pressure_Furnace_A; Pass5_Mixed_Feed_Pressure_Furnace_B; Pass5_Mixed_Feed_Pressure_Furnace_C; Pass5_Mixed_Feed_Pressure_Furnace_D; Pass5_Mixed_Feed_Pressure_Furnace_E; Pass5_Mixed_Feed_Pressure_Furnace_F; Pass5_Mixed_Feed_Pressure_Furnace_G; Pass5_Mixed_Feed_Pressure_Furnace_H; Pass5_Mixed_Feed_Pressure_Furnace_J; Pass6_Decoke_Air_Flow_Furnace_A; Pass6_Decoke_Air_Flow_Furnace_B; Pass6_Decoke_Air_Flow_Furnace_C; Pass6_Decoke_Air_Flow_Furnace_D; Pass6_Decoke_Air_Flow_Furnace_E; Pass6_Decoke_Air_Flow_Furnace_F; Pass6_Decoke_Air_Flow_Furnace_G; Pass6_Decoke_Air_Flow_Furnace_H; Pass6_Decoke_Air_Flow_Furnace_J; Pass6_Mixed_Feed_Pressure_Furnace_A; Pass6_Mixed_Feed_Pressure_Furnace_B; Pass6_Mixed_Feed_Pressure_Furnace_C; Pass6_Mixed_Feed_Pressure_Furnace_D; Pass6_Mixed_Feed_Pressure_Furnace_E; Pass6_Mixed_Feed_Pressure_Furnace_F; Pass6_Mixed_Feed_Pressure_Furnace_G; Pass6_Mixed_Feed_Pressure_Furnace_H; Pass6_Mixed_Feed_Pressure_Furnace_J; Pass7_Decoke_Air_Flow_Furnace_A; Pass7_Decoke_Air_Flow_Furnace_B; Pass7_Decoke_Air_Flow_Furnace_C; Pass7_Decoke_Air_Flow_Furnace_D; Pass7_Decoke_Air_Flow_Furnace_E; Pass7_Decoke_Air_Flow_Furnace_F; Pass7_Decoke_Air_Flow_Furnace_G; Pass7_Decoke_Air_Flow_Furnace_H; Pass7_Decoke_Air_Flow_Furnace_J; Pass7_Mixed_Feed_Pressure_Furnace_A; Pass7_Mixed_Feed_Pressure_Furnace_B; Pass7_Mixed_Feed_Pressure_Furnace_C; Pass7_Mixed_Feed_Pressure_Furnace_D; Pass7_Mixed_Feed_Pressure_Furnace_E; Pass7_Mixed_Feed_Pressure_Furnace_F; Pass7_Mixed_Feed_Pressure_Furnace_G; Pass7_Mixed_Feed_Pressure_Furnace_H; Pass7_Mixed_Feed_Pressure_Furnace_J; Pass8_Decoke_Air_Flow_Furnace_A; Pass8_Decoke_Air_Flow_Furnace_B; Pass8_Decoke_Air_Flow_Furnace_C; Pass8_Decoke_Air_Flow_Furnace_D; Pass8_Decoke_Air_Flow_Furnace_E; Pass8_Decoke_Air_Flow_Furnace_F; Pass8_Decoke_Air_Flow_Furnace_G; Pass8_Decoke_Air_Flow_Furnace_H; Pass8_Decoke_Air_Flow_Furnace_J; Pass8_Mixed_Feed_Pressure_Furnace_A; Pass8_Mixed_Feed_Pressure_Furnace_B; Pass8_Mixed_Feed_Pressure_Furnace_C; Pass8_Mixed_Feed_Pressure_Furnace_D; Pass8_Mixed_Feed_Pressure_Furnace_E; Pass8_Mixed_Feed_Pressure_Furnace_F; Pass8_Mixed_Feed_Pressure_Furnace_G; Pass8_Mixed_Feed_Pressure_Furnace_H; Suction_Press_1Stage; TQE_Outlet_Pressure_Furnace_A; TQE_Outlet_Pressure_Furnace_B; TQE_Outlet_Pressure_Furnace_C; TQE_Outlet_Pressure_Furnace_D; TQE_Outlet_Pressure_Furnace_E; TQE_Outlet_Pressure_Furnace_F; TQE_Outlet_Pressure_Furnace_G; TQE_Outlet_Pressure_Furnace_H; TQE_Outlet_Pressure_Furnace_J; Total_Ethylene_Production_ETH_Plant; VHP_to_HP_Let_Down_Valve_Opening_PX7024A_ETH; VHP_to_HP_Let_Down_Valve_Opening_PX7024B_ETH
FUEL_GAS_From_UO_to_Flare,Boiler -- Combustion & Fuel,True,False,fully_blocked,1,0,1,FUEL_GAS_From_UO_to_Flare_raw
FUEL_GAS_From_UO_to_Incinerator,Boiler -- Combustion & Fuel,True,False,fully_blocked,1,0,1,FUEL_GAS_From_UO_to_Incinerator_raw
FUEL_GAS_From_UO_to_LAO,Boiler -- Combustion & Fuel,True,True,fully_blocked,3,0,3,FUEL_GAS_From_UO_to_LAO_A; FUEL_GAS_From_UO_to_LAO_B; LAO_Load_raw
FUEL_GAS_From_UO_to_LAO_Opt,Boiler -- Combustion & Fuel,True,False,fully_blocked,3,0,3,H3831_inlet_temp; H3831_steam_flow; LAO_oxygen
FUEL_GAS_From_UO_to_LAO_benifit,Boiler -- Combustion & Fuel,True,False,depends_on_non_pi_refs,0,0,4,FUEL_GAS_From_UO_to_LAO_actual; FUEL_GAS_From_UO_to_LAO_optimum; Fuel_Rate_actual; LHV_actual
FUEL_GAS_From_UO_to_LAO_delta,Boiler -- Combustion & Fuel,True,False,fully_blocked,6,0,6,FUEL_GAS_From_UO_to_LAO_A; FUEL_GAS_From_UO_to_LAO_B; H3831_inlet_temp; H3831_steam_flow; LAO_Load_raw; LAO_oxygen
FUEL_GAS_From_UO_to_WTO,Boiler -- Combustion & Fuel,True,False,fully_blocked,1,0,1,FUEL_GAS_From_UO_to_WTO_raw
Fuel_BLR_1,Boiler -- Combustion & Fuel,True,True,partially_blocked,3,2,1,Fuel_BLR_1_raw
Fuel_BLR_1_Energy,Boiler -- Combustion & Fuel,True,False,partially_blocked,19,13,6,Arrazi_Plant_Load; BOILER_A_FLUE_GAS_OXGYGEN; Boiler_A_Combustion_Air_Temperature; Boiler_A_Main_Fuel_Gas_Temperature; Fuel_BLR_1_raw; LHV
Fuel_BLR_1_corrected,Boiler -- Combustion & Fuel,True,False,partially_blocked,18,13,5,Arrazi_Plant_Load; BOILER_A_FLUE_GAS_OXGYGEN; Boiler_A_Combustion_Air_Temperature; Boiler_A_Main_Fuel_Gas_Temperature; Fuel_BLR_1_raw
Fuel_BLR_1_excess_o2_correction,Boiler -- Combustion & Fuel,True,False,partially_blocked,18,13,5,Arrazi_Plant_Load; BOILER_A_FLUE_GAS_OXGYGEN; Boiler_A_Combustion_Air_Temperature; Boiler_A_Main_Fuel_Gas_Temperature; Fuel_BLR_1_raw
Fuel_BLR_2,Boiler -- Combustion & Fuel,True,True,partially_blocked,3,1,2,Boielr_B_Fuel_Gas_Flow; Fuel_BLR_2_raw
Fuel_BLR_2_Energy,Boiler -- Combustion & Fuel,True,False,partially_blocked,19,12,7,Arrazi_Plant_Load; BOILER_B_FLUE_GAS_OXGYGEN; Boielr_B_Fuel_Gas_Flow; Boiler_B_Combustion_Air_Temperature; Boiler_B_Main_Fuel_Gas_Temperature; Fuel_BLR_2_raw; LHV
Fuel_BLR_2_corrected,Boiler -- Combustion & Fuel,True,False,partially_blocked,18,12,6,Arrazi_Plant_Load; BOILER_B_FLUE_GAS_OXGYGEN; Boielr_B_Fuel_Gas_Flow; Boiler_B_Combustion_Air_Temperature; Boiler_B_Main_Fuel_Gas_Temperature; Fuel_BLR_2_raw
Fuel_BLR_2_excess_o2_correction,Boiler -- Combustion & Fuel,True,False,partially_blocked,18,12,6,Arrazi_Plant_Load; BOILER_B_FLUE_GAS_OXGYGEN; Boielr_B_Fuel_Gas_Flow; Boiler_B_Combustion_Air_Temperature; Boiler_B_Main_Fuel_Gas_Temperature; Fuel_BLR_2_raw
Fuel_BLR_3,Boiler -- Combustion & Fuel,True,True,partially_blocked,3,2,1,Fuel_BLR_3_raw
Fuel_BLR_3_Energy,Boiler -- Combustion & Fuel,True,False,partially_blocked,19,13,6,Arrazi_Plant_Load; BOILER_C_FLUE_GAS_OXGYGEN; Boiler_C_Combustion_Air_Temperature; Boiler_C_Main_Fuel_Gas_Temperature; Fuel_BLR_3_raw; LHV
Fuel_BLR_3_corrected,Boiler -- Combustion & Fuel,True,False,partially_blocked,18,13,5,Arrazi_Plant_Load; BOILER_C_FLUE_GAS_OXGYGEN; Boiler_C_Combustion_Air_Temperature; Boiler_C_Main_Fuel_Gas_Temperature; Fuel_BLR_3_raw
Fuel_BLR_3_excess_o2_correction,Boiler -- Combustion & Fuel,True,False,partially_blocked,18,13,5,Arrazi_Plant_Load; BOILER_C_FLUE_GAS_OXGYGEN; Boiler_C_Combustion_Air_Temperature; Boiler_C_Main_Fuel_Gas_Temperature; Fuel_BLR_3_raw
Fuel_BLR_4,Boiler -- Combustion & Fuel,True,True,partially_blocked,3,2,1,Fuel_BLR_4_raw
Fuel_BLR_4_Energy,Boiler -- Combustion & Fuel,True,False,partially_blocked,19,13,6,Arrazi_Plant_Load; BOILER_D_FLUE_GAS_OXGYGEN; Boiler_D_Combustion_Air_Temperature; Boiler_D_Main_Fuel_Gas_Temperature; Fuel_BLR_4_raw; LHV
Fuel_BLR_4_corrected,Boiler -- Combustion & Fuel,True,False,partially_blocked,18,13,5,Arrazi_Plant_Load; BOILER_D_FLUE_GAS_OXGYGEN; Boiler_D_Combustion_Air_Temperature; Boiler_D_Main_Fuel_Gas_Temperature; Fuel_BLR_4_raw
Fuel_BLR_4_excess_o2_correction,Boiler -- Combustion & Fuel,True,False,partially_blocked,18,13,5,Arrazi_Plant_Load; BOILER_D_FLUE_GAS_OXGYGEN; Boiler_D_Combustion_Air_Temperature; Boiler_D_Main_Fuel_Gas_Temperature; Fuel_BLR_4_raw
Fuel_BLR_5,Boiler -- Combustion & Fuel,True,True,partially_blocked,3,2,1,Fuel_BLR_5_raw
Fuel_BLR_5_Energy,Boiler -- Combustion & Fuel,True,False,partially_blocked,19,13,6,Arrazi_Plant_Load; BOILER_E_FLUE_GAS_OXGYGEN; Boiler_E_Combustion_Air_Temp; Boiler_E_Main_Fuel_Gas_Temperature; Fuel_BLR_5_raw; LHV
Fuel_BLR_5_corrected,Boiler -- Combustion & Fuel,True,False,partially_blocked,18,13,5,Arrazi_Plant_Load; BOILER_E_FLUE_GAS_OXGYGEN; Boiler_E_Combustion_Air_Temp; Boiler_E_Main_Fuel_Gas_Temperature; Fuel_BLR_5_raw
Fuel_BLR_5_excess_o2_correction,Boiler -- Combustion & Fuel,True,False,partially_blocked,18,13,5,Arrazi_Plant_Load; BOILER_E_FLUE_GAS_OXGYGEN; Boiler_E_Combustion_Air_Temp; Boiler_E_Main_Fuel_Gas_Temperature; Fuel_BLR_5_raw
Fuel_Bill,Boiler -- Combustion & Fuel,True,False,fully_blocked,1,0,1,LHV
Fuel_Bill_delta,Boiler -- Combustion & Fuel,True,False,depends_on_non_pi_refs,0,0,2,Fuel_Bill_actual; Fuel_Bill_optimum
Fuel_Consumption_Energy_delta,Boiler -- Combustion & Fuel,True,False,depends_on_non_pi_refs,0,0,3,LHV_actual; Total_Fuel_Consumption_actual; Total_Fuel_Consumption_optimum
Fuel_Consumption_Plants,Boiler -- Combustion & Fuel,True,False,fully_blocked,20,0,20,EG1_DEG_production_flow; EG1_HEG_production_flow; EG1_MEG_production_flow; EG1_TEG_production_flow; EG2_DEG_production_flow; EG2_HEG_production_flow; EG2_MEG_production_flow; EG2_TEG_production_flow; EG3_DEG_production_flow; EG3_HEG_production_flow; EG3_MEG_production_flow; EG3_TEG_production_flow; FUEL_GAS_From_UO_to_ETH_raw; FUEL_GAS_From_UO_to_LAO_A; FUEL_GAS_From_UO_to_LAO_B; LAO_Load_raw; NG_Fuel_to_EG1_raw; NG_Fuel_to_EG2_raw; NG_Fuel_to_EG3_raw; Total_Ethylene_Production_ETH_Plant
Fuel_Consumption_Plants_U_O,Boiler -- Combustion & Fuel,True,False,fully_blocked,2,0,2,FUEL_GAS_From_UO_to_Flare_raw; FUEL_GAS_From_UO_to_Incinerator_raw
Fuel_Consumption_Plants_changes,Boiler -- Combustion & Fuel,True,False,fully_blocked,5,0,5,FUEL_GAS_From_UO_to_ETH_raw; FUEL_GAS_From_UO_to_LAO_A; FUEL_GAS_From_UO_to_LAO_B; LAO_Load_raw; Total_Ethylene_Production_ETH_Plant
Fuel_Consumption_Plants_fixed,Boiler -- Combustion & Fuel,True,False,fully_blocked,15,0,15,EG1_DEG_production_flow; EG1_HEG_production_flow; EG1_MEG_production_flow; EG1_TEG_production_flow; EG2_DEG_production_flow; EG2_HEG_production_flow; EG2_MEG_production_flow; EG2_TEG_production_flow; EG3_DEG_production_flow; EG3_HEG_production_flow; EG3_MEG_production_flow; EG3_TEG_production_flow; NG_Fuel_to_EG1_raw; NG_Fuel_to_EG2_raw; NG_Fuel_to_EG3_raw
Fuel_Consumption_delta,Boiler -- Combustion & Fuel,True,False,depends_on_non_pi_refs,0,0,2,Total_Fuel_Consumption_actual; Total_Fuel_Consumption_optimum
Fuel_Cost_in_MMBTU,Boiler -- Combustion & Fuel,True,False,literal_constant,0,0,0,
Fuel_Demand_in_Energy_in_GJ_Hr,Boiler -- Combustion & Fuel,True,False,partially_blocked,47,24,23,Arrazi_Plant_Load; BOILER_A_FLUE_GAS_OXGYGEN; BOILER_B_FLUE_GAS_OXGYGEN; BOILER_C_FLUE_GAS_OXGYGEN; BOILER_D_FLUE_GAS_OXGYGEN; BOILER_E_FLUE_GAS_OXGYGEN; Boielr_B_Fuel_Gas_Flow; Boiler_A_Combustion_Air_Temperature; Boiler_A_Main_Fuel_Gas_Temperature; Boiler_B_Combustion_Air_Temperature; Boiler_B_Main_Fuel_Gas_Temperature; Boiler_C_Combustion_Air_Temperature; Boiler_C_Main_Fuel_Gas_Temperature; Boiler_D_Combustion_Air_Temperature; Boiler_D_Main_Fuel_Gas_Temperature; Boiler_E_Combustion_Air_Temp; Boiler_E_Main_Fuel_Gas_Temperature; Fuel_BLR_1_raw; Fuel_BLR_2_raw; Fuel_BLR_3_raw; Fuel_BLR_4_raw; Fuel_BLR_5_raw; LHV
Fuel_Emission_Factor,Boiler -- Combustion & Fuel,True,False,partially_blocked,10,5,5,BOILER_A_CO2_Fuel_Emission_Factor; BOILER_B_CO2_Fuel_Emission_Factor; BOILER_C_CO2_Fuel_Emission_Factor; BOILER_D_CO2_Fuel_Emission_Factor; BOILER_E_CO2_Fuel_Emission_Factor
Fuel_Rate,Boiler -- Combustion & Fuel,True,False,literal_constant,0,0,0,
Fuel_generated,Boiler -- Combustion & Fuel,True,False,fully_blocked,16,0,16,EG1_DEG_production_flow; EG1_HEG_production_flow; EG1_MEG_production_flow; EG1_TEG_production_flow; EG2_DEG_production_flow; EG2_HEG_production_flow; EG2_MEG_production_flow; EG2_TEG_production_flow; EG3_DEG_production_flow; EG3_HEG_production_flow; EG3_MEG_production_flow; EG3_TEG_production_flow; ETHANE_Fuel_From_ETH_to_UO_raw; TAILGAS_From_EG1_to_UO_raw; TAILGAS_From_EG2_to_UO_raw; TAILGAS_From_EG3_to_UO_raw
Fuel_to_LAO_Heater,Boiler -- Combustion & Fuel,True,False,fully_blocked,2,0,2,FUEL_GAS_From_UO_to_LAO_A; FUEL_GAS_From_UO_to_LAO_B
Fuel_wrt_CBD_Saving,Boiler -- Performance & Energy,True,False,fully_blocked,1,0,1,LHV
HP_Steam_Vent_Valve_PC7027_Steam_Flow_Out_ETH,HP Steam Header,False,True,fully_blocked,1,0,1,HP_Steam_Vent_Valve_PC7027_Opening_ETH
HP_to_LP_Let_Down_Valve_HC7262_HP_Steam_flow_in_ETH,HP Steam Header,False,True,fully_blocked,1,0,1,HP_to_LP_Let_Down_Valve_Opening_HC7262_ETH
HP_to_LP_Let_Down_Valve_PC7026_LP_Steam_flow_out_ETH,HP Steam Header,False,True,fully_blocked,1,0,1,HP_to_LP_Let_Down_Valve_Opening_PC7026_ETH
HP_to_MP_Letdown_HPS_Flow_In_PV0007A_UO,Letdown / Desuperheater,False,True,fully_blocked,1,0,1,HP_to_MP_Letdown_Valve_Opening_PV0007A_UO
HP_to_MP_Letdown_HPS_Flow_In_PV0007B_UO,Letdown / Desuperheater,False,True,fully_blocked,1,0,1,HP_to_MP_Letdown_Valve_Opening_PV0007B_UO
K_Eq,Boiler -- Air System,True,False,literal_constant,0,0,0,
LAO_Load,LAO Plant,False,True,fully_blocked,1,0,1,LAO_Load_raw
LAO_Plant_Status,LAO Plant,False,True,fully_blocked,1,0,1,LAO_Load_raw
LAO_Total_Boiler_Stack_Loss_Per_Kg_Fuel,Boiler -- Flue Gas & Stack,True,False,partially_blocked,15,11,4,Arrazi_Plant_Load; LAO_Load_raw; LAO_STACK_TEMPERATURE; LAO_oxygen
LPS_from_Drives,LP Steam Header,False,True,fully_computable,17,17,0,
LP_Steam_Dumping_Valve_PC0024A_Steam_flow_out_UO,LP Steam Header,False,True,fully_computable,1,1,0,
LP_Steam_Generation,LP Steam Header,False,True,partially_blocked,26,22,4,MP_to_LP_Letdown_Valve_Opening_PV013A_UO; MP_to_LP_Letdown_Valve_Opening_PV013B_UO; MP_to_LP_Letdown_Valve_Opening_PV31_UO; MP_to_LP_Letdown_Valve_Opening_PV32_UO
LP_Steam_To_Stripping_Column_reboiler_Duty_GJ,Boiler -- Performance & Energy,True,False,fully_blocked,1,0,1,LP_Steam_To_Stripping_Column_reboiler_Duty
LP_for_heating_only_HPS_Boiler,Boiler -- Performance & Energy,True,False,partially_blocked,41,5,36,BFW_TO_LAO_raw; BFW_to_EOEG_1_raw; BFW_to_EOEG_2_raw; BFW_to_EOEG_3_raw; DSP_BFW_TO_CAUSTIC_DILUTION_raw; DSP_BFW_TO_EG1_raw; DSP_BFW_TO_EG2_raw; DSP_BFW_TO_EG3_raw; DSP_BFW_TO_ETH_raw; Deaerator_A_LPS_raw; Deaerator_B_LPS_raw; EG1_CLEAN_COND_TO_U_O_raw; EG1_DEG_production_flow; EG1_HEG_production_flow; EG1_MEG_production_flow; EG1_TEG_production_flow; EG1_suspect_COND_TO_U_O_raw; EG2_CLEAN_COND_TO_U_O_raw; EG2_DEG_production_flow; EG2_HEG_production_flow; EG2_MEG_production_flow; EG2_TEG_production_flow; EG2_suspect_COND_TO_U_O_raw; EG3_CLEAN_COND_TO_U_O_raw; EG3_DEG_production_flow; EG3_HEG_production_flow; EG3_MEG_production_flow; EG3_TEG_production_flow; EG3_suspect_COND_TO_U_O_raw; ETH_CLEAN_COND_TO_U_O_raw; ETH_suspect_COND_TO_U_O_raw; LAO_Load_raw; LP_Steam_Enthalpy; Total_Ethylene_Production_ETH_Plant; VHP_BFW_FROM_U_O; VHP_DESPHTR_BFW_FROM_U_O
LP_for_heating_only_HPS_Boiler_cost,Boiler -- Performance & Energy,True,False,partially_blocked,126,50,76,Arrazi_Plant_Load; BFW_TO_LAO_raw; BFW_to_EOEG_1_raw; BFW_to_EOEG_2_raw; BFW_to_EOEG_3_raw; BOILER_A_FLUE_GAS_OXGYGEN; BOILER_B_FLUE_GAS_OXGYGEN; BOILER_C_FLUE_GAS_OXGYGEN; BOILER_D_FLUE_GAS_OXGYGEN; BOILER_E_FLUE_GAS_OXGYGEN; Boielr_B_Fuel_Gas_Flow; Boiler_A_Combustion_Air_Temperature; Boiler_A_Main_Fuel_Gas_Temperature; Boiler_B_Combustion_Air_Temperature; Boiler_B_Main_Fuel_Gas_Temperature; Boiler_C_Combustion_Air_Temperature; Boiler_C_Main_Fuel_Gas_Temperature; Boiler_D_Combustion_Air_Temperature; Boiler_D_Main_Fuel_Gas_Temperature; Boiler_E_Combustion_Air_Temp; Boiler_E_Main_Fuel_Gas_Temperature; C2R_turbine_Inlet_steam_flow; C3R_turbine_Inlet_steam_flow; DSP_BFW_TO_CAUSTIC_DILUTION_raw; DSP_BFW_TO_EG1_raw; DSP_BFW_TO_EG2_raw; DSP_BFW_TO_EG3_raw; DSP_BFW_TO_ETH_raw; Deaerator_A_LPS_raw; Deaerator_B_LPS_raw; EG1_CLEAN_COND_TO_U_O_raw; EG1_DEG_production_flow; EG1_HEG_production_flow; EG1_MEG_production_flow; EG1_TEG_production_flow; EG1_suspect_COND_TO_U_O_raw; EG2_CLEAN_COND_TO_U_O_raw; EG2_DEG_production_flow; EG2_HEG_production_flow; EG2_MEG_production_flow; EG2_TEG_production_flow; EG2_suspect_COND_TO_U_O_raw; EG3_CLEAN_COND_TO_U_O_raw; EG3_DEG_production_flow; EG3_HEG_production_flow; EG3_MEG_production_flow; EG3_TEG_production_flow; EG3_suspect_COND_TO_U_O_raw; ETH_CLEAN_COND_TO_U_O_raw; ETH_suspect_COND_TO_U_O_raw; Fuel_BLR_1_raw; Fuel_BLR_2_raw; Fuel_BLR_3_raw; Fuel_BLR_4_raw; Fuel_BLR_5_raw; HP_Steam_Enthalpy; HP_Steam_Vent_Valve_PC7027_Opening_ETH; HP_to_LP_Let_Down_Valve_Opening_HC7262_ETH; HP_to_LP_Let_Down_Valve_Opening_PC7026_ETH; HP_to_MP_Letdown_Valve_Opening_PV0007A_UO; HP_to_MP_Letdown_Valve_Opening_PV0007B_UO; LAO_Load_raw; LHV; LP_Steam_Enthalpy; MP_Steam_Enthalpy; MP_to_LP_Letdown_Valve_Opening_PV013A_UO; MP_to_LP_Letdown_Valve_Opening_PV013B_UO; MP_to_LP_Letdown_Valve_Opening_PV31_UO; MP_to_LP_Letdown_Valve_Opening_PV32_UO; Quench_water_pump_turbine_Inlet_steam_flow; Regeneration_Gas_Heater_Level; Total_Ethylene_Production_ETH_Plant; VHP_BFW_FROM_U_O; VHP_DESPHTR_BFW_FROM_U_O; VHP_to_HP_Let_Down_Valve_Opening_PX7024A_ETH; VHP_to_HP_Let_Down_Valve_Opening_PX7024B_ETH
MP_Steam_Consumption,MP Steam Header,False,True,partially_blocked,21,5,16,EG1_DEG_production_flow; EG1_HEG_production_flow; EG1_MEG_production_flow; EG1_TEG_production_flow; EG2_DEG_production_flow; EG2_HEG_production_flow; EG2_MEG_production_flow; EG2_TEG_production_flow; EG3_DEG_production_flow; EG3_HEG_production_flow; EG3_MEG_production_flow; EG3_TEG_production_flow; MP_to_LP_Letdown_Valve_Opening_PV013A_UO; MP_to_LP_Letdown_Valve_Opening_PV013B_UO; MP_to_LP_Letdown_Valve_Opening_PV31_UO; MP_to_LP_Letdown_Valve_Opening_PV32_UO
MP_Steam_Generation,MP Steam Header,False,True,partially_blocked,22,6,16,EG1_DEG_production_flow; EG1_HEG_production_flow; EG1_MEG_production_flow; EG1_TEG_production_flow; EG2_DEG_production_flow; EG2_HEG_production_flow; EG2_MEG_production_flow; EG2_TEG_production_flow; EG3_DEG_production_flow; EG3_HEG_production_flow; EG3_MEG_production_flow; EG3_TEG_production_flow; MP_to_LP_Letdown_Valve_Opening_PV013A_UO; MP_to_LP_Letdown_Valve_Opening_PV013B_UO; MP_to_LP_Letdown_Valve_Opening_PV31_UO; MP_to_LP_Letdown_Valve_Opening_PV32_UO
MP_to_LP_Letdown_LPS_Flow_Out_PV013A_UO,Letdown / Desuperheater,False,True,fully_blocked,1,0,1,MP_to_LP_Letdown_Valve_Opening_PV013A_UO
MP_to_LP_Letdown_LPS_Flow_Out_PV013B_UO,Letdown / Desuperheater,False,True,fully_blocked,1,0,1,MP_to_LP_Letdown_Valve_Opening_PV013B_UO
MP_to_LP_Letdown_LPS_Flow_Out_PV31_UO,Letdown / Desuperheater,False,True,fully_blocked,1,0,1,MP_to_LP_Letdown_Valve_Opening_PV31_UO
MP_to_LP_Letdown_LPS_Flow_Out_PV32_UO,Letdown / Desuperheater,False,True,fully_blocked,1,0,1,MP_to_LP_Letdown_Valve_Opening_PV32_UO
MP_to_LP_Letdown_MPS_Flow_In_PV013A_UO,Letdown / Desuperheater,False,True,fully_blocked,1,0,1,MP_to_LP_Letdown_Valve_Opening_PV013A_UO
MP_to_LP_Letdown_MPS_Flow_In_PV013B_UO,Letdown / Desuperheater,False,True,fully_blocked,1,0,1,MP_to_LP_Letdown_Valve_Opening_PV013B_UO
NG_Fuel_to_EG1,Boiler -- Combustion & Fuel,True,False,fully_blocked,5,0,5,EG1_DEG_production_flow; EG1_HEG_production_flow; EG1_MEG_production_flow; EG1_TEG_production_flow; NG_Fuel_to_EG1_raw
NG_Fuel_to_EG2,Boiler -- Combustion & Fuel,True,False,fully_blocked,5,0,5,EG2_DEG_production_flow; EG2_HEG_production_flow; EG2_MEG_production_flow; EG2_TEG_production_flow; NG_Fuel_to_EG2_raw
NG_Fuel_to_EG3,Boiler -- Combustion & Fuel,True,False,fully_blocked,5,0,5,EG3_DEG_production_flow; EG3_HEG_production_flow; EG3_MEG_production_flow; EG3_TEG_production_flow; NG_Fuel_to_EG3_raw
NUMBER_OF_BOILERS_ONLINE,Boiler -- Performance & Energy,True,False,depends_on_non_pi_refs,0,0,5,BOILER_A_STATUS; BOILER_B_STATUS; BOILER_C_STATUS; BOILER_D_STATUS; BOILER_E_STATUS
NUMBER_OF_BOILERS_OPTIMUM,Boiler -- Performance & Energy,True,False,depends_on_non_pi_refs,0,0,2,NUMBER_OF_BOILERS_ONLINE; STEAM_MARGIN_NUMBER
OVERALL_SUPERHEATED_STEAM_BFW_RATIO,Boiler -- Steam Generation,True,False,literal_constant,0,0,0,
Plant_BFW_Demand,Boiler -- BFW System,True,False,fully_blocked,17,0,17,BFW_TO_LAO_raw; BFW_to_EOEG_1_raw; BFW_to_EOEG_2_raw; BFW_to_EOEG_3_raw; EG1_DEG_production_flow; EG1_HEG_production_flow; EG1_MEG_production_flow; EG1_TEG_production_flow; EG2_DEG_production_flow; EG2_HEG_production_flow; EG2_MEG_production_flow; EG2_TEG_production_flow; EG3_DEG_production_flow; EG3_HEG_production_flow; EG3_MEG_production_flow; EG3_TEG_production_flow; LAO_Load_raw
Plant_BFW_Demand_Benefit,Boiler -- BFW System,True,False,depends_on_non_pi_refs,0,0,3,BFW_Cost_actual; Plant_BFW_Demand_actual; Plant_BFW_Demand_optimum
Regeneration_Gas_Heater_Steam,Boiler -- Steam Generation,True,True,fully_blocked,1,0,1,Regeneration_Gas_Heater_Level
Return_Condensate,Steam Turbine,False,True,partially_blocked,36,2,34,C2R_turbine_Inlet_steam_flow; C3R_turbine_Inlet_steam_flow; DSP_BFW_TO_ETH_raw; EG1_CLEAN_COND_TO_U_O_raw; EG1_DEG_production_flow; EG1_HEG_production_flow; EG1_MEG_production_flow; EG1_TEG_production_flow; EG1_suspect_COND_TO_U_O_raw; EG2_CLEAN_COND_TO_U_O_raw; EG2_DEG_production_flow; EG2_HEG_production_flow; EG2_MEG_production_flow; EG2_TEG_production_flow; EG2_suspect_COND_TO_U_O_raw; EG3_CLEAN_COND_TO_U_O_raw; EG3_DEG_production_flow; EG3_HEG_production_flow; EG3_MEG_production_flow; EG3_TEG_production_flow; EG3_suspect_COND_TO_U_O_raw; ETH_CLEAN_COND_TO_U_O_raw; ETH_suspect_COND_TO_U_O_raw; HP_Steam_Vent_Valve_PC7027_Opening_ETH; HP_to_LP_Let_Down_Valve_Opening_HC7262_ETH; HP_to_LP_Let_Down_Valve_Opening_PC7026_ETH; Polished_Condenstae_to_Deaerator; Quench_water_pump_turbine_Inlet_steam_flow; Regeneration_Gas_Heater_Level; Total_Ethylene_Production_ETH_Plant; VHP_BFW_FROM_U_O; VHP_DESPHTR_BFW_FROM_U_O; VHP_to_HP_Let_Down_Valve_Opening_PX7024A_ETH; VHP_to_HP_Let_Down_Valve_Opening_PX7024B_ETH
STACK_TEMP,Boiler -- Flue Gas & Stack,True,False,literal_constant,0,0,0,
Saturator_Tsat,Boiler -- Steam Generation,True,False,fully_blocked,1,0,1,LP_steam_pressure_to_saturator
Spec_En_Cons_BLR_1,Specific Energy Consumption,False,True,partially_blocked,4,2,2,Fuel_BLR_1_raw; LHV
Spec_En_Cons_BLR_2,Specific Energy Consumption,False,True,partially_blocked,4,1,3,Boielr_B_Fuel_Gas_Flow; Fuel_BLR_2_raw; LHV
Spec_En_Cons_BLR_3,Specific Energy Consumption,False,True,partially_blocked,4,2,2,Fuel_BLR_3_raw; LHV
Spec_En_Cons_BLR_4,Specific Energy Consumption,False,True,partially_blocked,4,2,2,Fuel_BLR_4_raw; LHV
Spec_En_Cons_BLR_5,Specific Energy Consumption,False,True,partially_blocked,4,2,2,Fuel_BLR_5_raw; LHV
Steam_Generation_from_Boilers,Boiler -- Steam Generation,True,True,fully_computable,5,5,0,
Steam_Generation_from_Boilers_Benefit,Boiler -- Steam Generation,True,False,depends_on_non_pi_refs,0,0,4,HP_Steam_Enthalpy_actual; HP_Steam_enthalpy_Cost_actual; Steam_Generation_from_Boilers_actual; Steam_Generation_from_Boilers_optimum
Sum_of_Off_Gas_Components,Boiler -- Combustion & Fuel,True,False,fully_blocked,5,0,5,Fuel_Gas_C2H4_Concentration; Fuel_Gas_C2H6_Concentration; Fuel_Gas_C3H8_Concentration; Fuel_Gas_CH4_Concentration; Fuel_Gas_H2_Concentration
TOTAL_FUEL_COMPOSTION_MASS,Boiler -- Combustion & Fuel,True,False,literal_constant,0,0,0,
TOTAL_FUEL_CONSUMPTION_GCAL_H,Boiler -- Combustion & Fuel,True,False,literal_constant,0,0,0,
TOTAL_FUEL_FLOW,Boiler -- Combustion & Fuel,True,False,literal_constant,0,0,0,
TOTAL_FUEL_GAIN_LOSS,Boiler -- Combustion & Fuel,True,False,literal_constant,0,0,0,
TOTAL_FUEL_TO_AIR_RATIO,Boiler -- Combustion & Fuel,True,False,literal_constant,0,0,0,
Total_Air_Consumption,Boiler -- Air System,True,False,fully_blocked,11,0,11,Decoke_check; Instr_air_to_CW_in_m3ph; Instr_air_to_EG1_in_kgph; Instr_air_to_EG2_in_kgph; Instr_air_to_EG3_in_kgph; Instr_air_to_Eth_in_tph; Instr_air_to_LAO_in_kgph; Plant_air_to_EG1_in_kgph; Plant_air_to_EG2_in_kgph; Plant_air_to_EG3_in_kgph; Plant_air_to_LAO_in_kgph
Total_Air_Demand,Boiler -- Air System,True,False,partially_blocked,10,2,8,Air_Compressor_B_Discharge_Pressure; Air_Compressor_C_Discharge_Pressure; Air_Compressor_Turbine_A_RPM; Air_Compressor_Turbine_D_RPM; Air_compressor_A_Discharge_flow_raw; Air_compressor_B_Discharge_flow_raw; Air_compressor_C_Discharge_flow_raw; Air_compressor_D_Discharge_flow_raw
Total_Air_Demand_Benefit,Boiler -- Air System,True,False,depends_on_non_pi_refs,0,0,3,Air_KPI_doller_actual; Total_Air_Demand_actual; Total_Air_Demand_optimum
Total_Air_Demand_benifit,Boiler -- Air System,True,False,depends_on_non_pi_refs,0,0,2,Total_Air_Demand_actual; Total_Air_Demand_optimum
Total_Air_to_Header,Boiler -- Air System,True,False,partially_blocked,10,2,8,AC_A_Flow_To_Header_raw; AC_B_Flow_To_Header_raw; AC_C_Flow_To_Header_raw; AC_D_Flow_To_Header_raw; Air_Compressor_B_Discharge_Pressure; Air_Compressor_C_Discharge_Pressure; Air_Compressor_Turbine_A_RPM; Air_Compressor_Turbine_D_RPM
Total_BFW_Consumption,Boiler -- BFW System,True,True,partially_blocked,32,5,27,BFW_TO_LAO_raw; BFW_to_EOEG_1_raw; BFW_to_EOEG_2_raw; BFW_to_EOEG_3_raw; DSP_BFW_TO_CAUSTIC_DILUTION_raw; DSP_BFW_TO_EG1_raw; DSP_BFW_TO_EG2_raw; DSP_BFW_TO_EG3_raw; DSP_BFW_TO_ETH_raw; Deaerator_A_LPS_raw; Deaerator_B_LPS_raw; EG1_DEG_production_flow; EG1_HEG_production_flow; EG1_MEG_production_flow; EG1_TEG_production_flow; EG2_DEG_production_flow; EG2_HEG_production_flow; EG2_MEG_production_flow; EG2_TEG_production_flow; EG3_DEG_production_flow; EG3_HEG_production_flow; EG3_MEG_production_flow; EG3_TEG_production_flow; LAO_Load_raw; Total_Ethylene_Production_ETH_Plant; VHP_BFW_FROM_U_O; VHP_DESPHTR_BFW_FROM_U_O
Total_BFW_Generated,Boiler -- BFW System,True,True,partially_blocked,46,3,43,BOILER_A_CBD; BOILER_B_CBD; BOILER_C_CBD; BOILER_D_CBD; BOILER_E_CBD; C2R_turbine_Inlet_steam_flow; C3R_turbine_Inlet_steam_flow; DMW_MAKEUP_Near_Clean_Condensate_Header; DMW_MAKEUP_Near_Suspect_Condensate_Header; DSP_BFW_TO_ETH_raw; Deaerator_A_LPS_raw; Deaerator_B_LPS_raw; EG1_CLEAN_COND_TO_U_O_raw; EG1_DEG_production_flow; EG1_HEG_production_flow; EG1_MEG_production_flow; EG1_TEG_production_flow; EG1_suspect_COND_TO_U_O_raw; EG2_CLEAN_COND_TO_U_O_raw; EG2_DEG_production_flow; EG2_HEG_production_flow; EG2_MEG_production_flow; EG2_TEG_production_flow; EG2_suspect_COND_TO_U_O_raw; EG3_CLEAN_COND_TO_U_O_raw; EG3_DEG_production_flow; EG3_HEG_production_flow; EG3_MEG_production_flow; EG3_TEG_production_flow; EG3_suspect_COND_TO_U_O_raw; ETH_CLEAN_COND_TO_U_O_raw; ETH_suspect_COND_TO_U_O_raw; HP_Steam_Vent_Valve_PC7027_Opening_ETH; HP_to_LP_Let_Down_Valve_Opening_HC7262_ETH; HP_to_LP_Let_Down_Valve_Opening_PC7026_ETH; Polished_Condenstae_to_Deaerator; Quench_water_pump_turbine_Inlet_steam_flow; Regeneration_Gas_Heater_Level; Total_Ethylene_Production_ETH_Plant; VHP_BFW_FROM_U_O; VHP_DESPHTR_BFW_FROM_U_O; VHP_to_HP_Let_Down_Valve_Opening_PX7024A_ETH; VHP_to_HP_Let_Down_Valve_Opening_PX7024B_ETH
Total_BFW_cost_per_hour,Boiler -- BFW System,True,False,partially_blocked,142,54,88,Arrazi_Plant_Load; BFW_TO_LAO_raw; BFW_to_EOEG_1_raw; BFW_to_EOEG_2_raw; BFW_to_EOEG_3_raw; BOILER_A_FLUE_GAS_OXGYGEN; BOILER_B_FLUE_GAS_OXGYGEN; BOILER_C_FLUE_GAS_OXGYGEN; BOILER_D_FLUE_GAS_OXGYGEN; BOILER_E_FLUE_GAS_OXGYGEN; Boielr_B_Fuel_Gas_Flow; Boiler_A_Combustion_Air_Temperature; Boiler_A_Main_Fuel_Gas_Temperature; Boiler_B_Combustion_Air_Temperature; Boiler_B_Main_Fuel_Gas_Temperature; Boiler_C_Combustion_Air_Temperature; Boiler_C_Main_Fuel_Gas_Temperature; Boiler_D_Combustion_Air_Temperature; Boiler_D_Main_Fuel_Gas_Temperature; Boiler_E_Combustion_Air_Temp; Boiler_E_Main_Fuel_Gas_Temperature; C2R_turbine_Inlet_steam_flow; C3R_turbine_Inlet_steam_flow; DSP_BFW_TO_CAUSTIC_DILUTION_raw; DSP_BFW_TO_EG1_raw; DSP_BFW_TO_EG2_raw; DSP_BFW_TO_EG3_raw; DSP_BFW_TO_ETH_raw; Deaerator_A_LPS_raw; Deaerator_B_LPS_raw; EG1_CLEAN_COND_TO_U_O_raw; EG1_DEG_production_flow; EG1_Fresh_Ethylene; EG1_Fresh_Oxygen; EG1_HEG_production_flow; EG1_LP_Steam_from_V_2112; EG1_LP_Steam_from_V_2122; EG1_LP_Steam_from_V_2920; EG1_LP_to_C_2220; EG1_LP_to_C_2310; EG1_LP_to_C_2510; EG1_LP_to_C_2570; EG1_LP_to_E_2220; EG1_LP_to_E_2310; EG1_LP_to_E_2523; EG1_MEG_production_flow; EG1_TEG_production_flow; EG1_suspect_COND_TO_U_O_raw; EG2_CLEAN_COND_TO_U_O_raw; EG2_DEG_production_flow; EG2_HEG_production_flow; EG2_MEG_production_flow; EG2_TEG_production_flow; EG2_suspect_COND_TO_U_O_raw; EG3_CLEAN_COND_TO_U_O_raw; EG3_DEG_production_flow; EG3_HEG_production_flow; EG3_MEG_production_flow; EG3_TEG_production_flow; EG3_suspect_COND_TO_U_O_raw; ETH_CLEAN_COND_TO_U_O_raw; ETH_suspect_COND_TO_U_O_raw; Fuel_BLR_1_raw; Fuel_BLR_2_raw; Fuel_BLR_3_raw; Fuel_BLR_4_raw; Fuel_BLR_5_raw; HP_Steam_Enthalpy; HP_Steam_Vent_Valve_PC7027_Opening_ETH; HP_to_LP_Let_Down_Valve_Opening_HC7262_ETH; HP_to_LP_Let_Down_Valve_Opening_PC7026_ETH; HP_to_MP_Letdown_Valve_Opening_PV0007A_UO; HP_to_MP_Letdown_Valve_Opening_PV0007B_UO; LAO_Load_raw; LHV; LP_Steam_Enthalpy; MP_Steam_Enthalpy; MP_to_LP_Letdown_Valve_Opening_PV013A_UO; MP_to_LP_Letdown_Valve_Opening_PV013B_UO; MP_to_LP_Letdown_Valve_Opening_PV31_UO; MP_to_LP_Letdown_Valve_Opening_PV32_UO; Quench_water_pump_turbine_Inlet_steam_flow; Regeneration_Gas_Heater_Level; Total_Ethylene_Production_ETH_Plant; VHP_BFW_FROM_U_O; VHP_DESPHTR_BFW_FROM_U_O; VHP_to_HP_Let_Down_Valve_Opening_PX7024A_ETH; VHP_to_HP_Let_Down_Valve_Opening_PX7024B_ETH
Total_BLR_HPS_Generation,Energy KPI / Imbalance,False,True,fully_computable,5,5,0,
Total_Boilers_Running,Boiler -- Performance & Energy,True,True,fully_computable,5,5,0,
Total_Fuel_Compostion_Mass,Boiler -- Combustion & Fuel,True,False,partially_blocked,9,8,1,Arrazi_Plant_Load
Total_Fuel_Consumption,Boiler -- Combustion & Fuel,True,False,partially_blocked,69,24,45,Arrazi_Plant_Load; BOILER_A_FLUE_GAS_OXGYGEN; BOILER_B_FLUE_GAS_OXGYGEN; BOILER_C_FLUE_GAS_OXGYGEN; BOILER_D_FLUE_GAS_OXGYGEN; BOILER_E_FLUE_GAS_OXGYGEN; Boielr_B_Fuel_Gas_Flow; Boiler_A_Combustion_Air_Temperature; Boiler_A_Main_Fuel_Gas_Temperature; Boiler_B_Combustion_Air_Temperature; Boiler_B_Main_Fuel_Gas_Temperature; Boiler_C_Combustion_Air_Temperature; Boiler_C_Main_Fuel_Gas_Temperature; Boiler_D_Combustion_Air_Temperature; Boiler_D_Main_Fuel_Gas_Temperature; Boiler_E_Combustion_Air_Temp; Boiler_E_Main_Fuel_Gas_Temperature; EG1_DEG_production_flow; EG1_HEG_production_flow; EG1_MEG_production_flow; EG1_TEG_production_flow; EG2_DEG_production_flow; EG2_HEG_production_flow; EG2_MEG_production_flow; EG2_TEG_production_flow; EG3_DEG_production_flow; EG3_HEG_production_flow; EG3_MEG_production_flow; EG3_TEG_production_flow; FUEL_GAS_From_UO_to_ETH_raw; FUEL_GAS_From_UO_to_Flare_raw; FUEL_GAS_From_UO_to_Incinerator_raw; FUEL_GAS_From_UO_to_LAO_A; FUEL_GAS_From_UO_to_LAO_B; Fuel_BLR_1_raw; Fuel_BLR_2_raw; Fuel_BLR_3_raw; Fuel_BLR_4_raw; Fuel_BLR_5_raw; LAO_Load_raw; LHV; NG_Fuel_to_EG1_raw; NG_Fuel_to_EG2_raw; NG_Fuel_to_EG3_raw; Total_Ethylene_Production_ETH_Plant
Total_Fuel_Consumption_U_O,Boiler -- Combustion & Fuel,True,False,partially_blocked,49,24,25,Arrazi_Plant_Load; BOILER_A_FLUE_GAS_OXGYGEN; BOILER_B_FLUE_GAS_OXGYGEN; BOILER_C_FLUE_GAS_OXGYGEN; BOILER_D_FLUE_GAS_OXGYGEN; BOILER_E_FLUE_GAS_OXGYGEN; Boielr_B_Fuel_Gas_Flow; Boiler_A_Combustion_Air_Temperature; Boiler_A_Main_Fuel_Gas_Temperature; Boiler_B_Combustion_Air_Temperature; Boiler_B_Main_Fuel_Gas_Temperature; Boiler_C_Combustion_Air_Temperature; Boiler_C_Main_Fuel_Gas_Temperature; Boiler_D_Combustion_Air_Temperature; Boiler_D_Main_Fuel_Gas_Temperature; Boiler_E_Combustion_Air_Temp; Boiler_E_Main_Fuel_Gas_Temperature; FUEL_GAS_From_UO_to_Flare_raw; FUEL_GAS_From_UO_to_Incinerator_raw; Fuel_BLR_1_raw; Fuel_BLR_2_raw; Fuel_BLR_3_raw; Fuel_BLR_4_raw; Fuel_BLR_5_raw; LHV
Total_Fuel_Consumption_without_Boilers,Boiler -- Performance & Energy,True,False,fully_blocked,22,0,22,EG1_DEG_production_flow; EG1_HEG_production_flow; EG1_MEG_production_flow; EG1_TEG_production_flow; EG2_DEG_production_flow; EG2_HEG_production_flow; EG2_MEG_production_flow; EG2_TEG_production_flow; EG3_DEG_production_flow; EG3_HEG_production_flow; EG3_MEG_production_flow; EG3_TEG_production_flow; FUEL_GAS_From_UO_to_ETH_raw; FUEL_GAS_From_UO_to_Flare_raw; FUEL_GAS_From_UO_to_Incinerator_raw; FUEL_GAS_From_UO_to_LAO_A; FUEL_GAS_From_UO_to_LAO_B; LAO_Load_raw; NG_Fuel_to_EG1_raw; NG_Fuel_to_EG2_raw; NG_Fuel_to_EG3_raw; Total_Ethylene_Production_ETH_Plant
Total_Fuel_Demand,Boiler -- Combustion & Fuel,True,False,partially_blocked,46,24,22,Arrazi_Plant_Load; BOILER_A_FLUE_GAS_OXGYGEN; BOILER_B_FLUE_GAS_OXGYGEN; BOILER_C_FLUE_GAS_OXGYGEN; BOILER_D_FLUE_GAS_OXGYGEN; BOILER_E_FLUE_GAS_OXGYGEN; Boielr_B_Fuel_Gas_Flow; Boiler_A_Combustion_Air_Temperature; Boiler_A_Main_Fuel_Gas_Temperature; Boiler_B_Combustion_Air_Temperature; Boiler_B_Main_Fuel_Gas_Temperature; Boiler_C_Combustion_Air_Temperature; Boiler_C_Main_Fuel_Gas_Temperature; Boiler_D_Combustion_Air_Temperature; Boiler_D_Main_Fuel_Gas_Temperature; Boiler_E_Combustion_Air_Temp; Boiler_E_Main_Fuel_Gas_Temperature; Fuel_BLR_1_raw; Fuel_BLR_2_raw; Fuel_BLR_3_raw; Fuel_BLR_4_raw; Fuel_BLR_5_raw
Total_Fuel_Imbalance,Boiler -- Combustion & Fuel,True,False,partially_blocked,74,24,50,Arrazi_Plant_Load; BOILER_A_FLUE_GAS_OXGYGEN; BOILER_B_FLUE_GAS_OXGYGEN; BOILER_C_FLUE_GAS_OXGYGEN; BOILER_D_FLUE_GAS_OXGYGEN; BOILER_E_FLUE_GAS_OXGYGEN; Boielr_B_Fuel_Gas_Flow; Boiler_A_Combustion_Air_Temperature; Boiler_A_Main_Fuel_Gas_Temperature; Boiler_B_Combustion_Air_Temperature; Boiler_B_Main_Fuel_Gas_Temperature; Boiler_C_Combustion_Air_Temperature; Boiler_C_Main_Fuel_Gas_Temperature; Boiler_D_Combustion_Air_Temperature; Boiler_D_Main_Fuel_Gas_Temperature; Boiler_E_Combustion_Air_Temp; Boiler_E_Main_Fuel_Gas_Temperature; EG1_DEG_production_flow; EG1_HEG_production_flow; EG1_MEG_production_flow; EG1_TEG_production_flow; EG2_DEG_production_flow; EG2_HEG_production_flow; EG2_MEG_production_flow; EG2_TEG_production_flow; EG3_DEG_production_flow; EG3_HEG_production_flow; EG3_MEG_production_flow; EG3_TEG_production_flow; ETHANE_Fuel_From_ETH_to_UO_raw; FUEL_GAS_From_UO_to_ETH_raw; FUEL_GAS_From_UO_to_Flare_raw; FUEL_GAS_From_UO_to_Incinerator_raw; FUEL_GAS_From_UO_to_LAO_A; FUEL_GAS_From_UO_to_LAO_B; Fuel_BLR_1_raw; Fuel_BLR_2_raw; Fuel_BLR_3_raw; Fuel_BLR_4_raw; Fuel_BLR_5_raw; LAO_Load_raw; LHV; NATURAL_GAS_Import_CTM_raw; NG_Fuel_to_EG1_raw; NG_Fuel_to_EG2_raw; NG_Fuel_to_EG3_raw; TAILGAS_From_EG1_to_UO_raw; TAILGAS_From_EG2_to_UO_raw; TAILGAS_From_EG3_to_UO_raw; Total_Ethylene_Production_ETH_Plant
Total_Fuel_Supply,Boiler -- Combustion & Fuel,True,False,partially_blocked,74,24,50,Arrazi_Plant_Load; BOILER_A_FLUE_GAS_OXGYGEN; BOILER_B_FLUE_GAS_OXGYGEN; BOILER_C_FLUE_GAS_OXGYGEN; BOILER_D_FLUE_GAS_OXGYGEN; BOILER_E_FLUE_GAS_OXGYGEN; Boielr_B_Fuel_Gas_Flow; Boiler_A_Combustion_Air_Temperature; Boiler_A_Main_Fuel_Gas_Temperature; Boiler_B_Combustion_Air_Temperature; Boiler_B_Main_Fuel_Gas_Temperature; Boiler_C_Combustion_Air_Temperature; Boiler_C_Main_Fuel_Gas_Temperature; Boiler_D_Combustion_Air_Temperature; Boiler_D_Main_Fuel_Gas_Temperature; Boiler_E_Combustion_Air_Temp; Boiler_E_Main_Fuel_Gas_Temperature; EG1_DEG_production_flow; EG1_HEG_production_flow; EG1_MEG_production_flow; EG1_TEG_production_flow; EG2_DEG_production_flow; EG2_HEG_production_flow; EG2_MEG_production_flow; EG2_TEG_production_flow; EG3_DEG_production_flow; EG3_HEG_production_flow; EG3_MEG_production_flow; EG3_TEG_production_flow; ETHANE_Fuel_From_ETH_to_UO_raw; FUEL_GAS_From_UO_to_ETH_raw; FUEL_GAS_From_UO_to_Flare_raw; FUEL_GAS_From_UO_to_Incinerator_raw; FUEL_GAS_From_UO_to_LAO_A; FUEL_GAS_From_UO_to_LAO_B; Fuel_BLR_1_raw; Fuel_BLR_2_raw; Fuel_BLR_3_raw; Fuel_BLR_4_raw; Fuel_BLR_5_raw; LAO_Load_raw; LHV; NATURAL_GAS_Import_CTM_raw; NG_Fuel_to_EG1_raw; NG_Fuel_to_EG2_raw; NG_Fuel_to_EG3_raw; TAILGAS_From_EG1_to_UO_raw; TAILGAS_From_EG2_to_UO_raw; TAILGAS_From_EG3_to_UO_raw; Total_Ethylene_Production_ETH_Plant
Total_Fuel_Supply_benifit,Boiler -- Combustion & Fuel,True,False,depends_on_non_pi_refs,0,0,4,Fuel_Rate_actual; LHV_actual; Total_Fuel_Supply_actual; Total_Fuel_Supply_optimum
Total_Fuel_for_Boilers,Boiler -- Performance & Energy,True,True,partially_blocked,15,9,6,Boielr_B_Fuel_Gas_Flow; Fuel_BLR_1_raw; Fuel_BLR_2_raw; Fuel_BLR_3_raw; Fuel_BLR_4_raw; Fuel_BLR_5_raw
Total_Fuel_for_Boilers_Benefit,Boiler -- Performance & Energy,True,False,depends_on_non_pi_refs,0,0,4,Fuel_Cost_in_MMBTU_actual; LHV_actual; Total_Fuel_for_Boilers_corrected_actual; Total_Fuel_for_Boilers_corrected_optimum
Total_Fuel_for_Boilers_benifit,Boiler -- Performance & Energy,True,False,depends_on_non_pi_refs,0,0,4,Fuel_Rate_actual; LHV_actual; Total_Fuel_for_Boilers_corrected_actual; Total_Fuel_for_Boilers_corrected_optimum
Total_Fuel_for_Boilers_corrected,Boiler -- Performance & Energy,True,False,partially_blocked,47,24,23,Arrazi_Plant_Load; BOILER_A_FLUE_GAS_OXGYGEN; BOILER_B_FLUE_GAS_OXGYGEN; BOILER_C_FLUE_GAS_OXGYGEN; BOILER_D_FLUE_GAS_OXGYGEN; BOILER_E_FLUE_GAS_OXGYGEN; Boielr_B_Fuel_Gas_Flow; Boiler_A_Combustion_Air_Temperature; Boiler_A_Main_Fuel_Gas_Temperature; Boiler_B_Combustion_Air_Temperature; Boiler_B_Main_Fuel_Gas_Temperature; Boiler_C_Combustion_Air_Temperature; Boiler_C_Main_Fuel_Gas_Temperature; Boiler_D_Combustion_Air_Temperature; Boiler_D_Main_Fuel_Gas_Temperature; Boiler_E_Combustion_Air_Temp; Boiler_E_Main_Fuel_Gas_Temperature; Fuel_BLR_1_raw; Fuel_BLR_2_raw; Fuel_BLR_3_raw; Fuel_BLR_4_raw; Fuel_BLR_5_raw; LHV
Total_Reboiler_Steam_flow_C_2620,Boiler -- Performance & Energy,True,False,fully_blocked,2,0,2,EG1_MP_to_E_2620; EG1_MP_to_E_2624
Total_Reboiler_Steam_flow_C_2620_Energy,Boiler -- Performance & Energy,True,False,fully_blocked,3,0,3,EG1_MP_to_E_2620; EG1_MP_to_E_2624; MP_Steam_Enthalpy
Total_Reboiler_Steam_flow_C_4620,Boiler -- Performance & Energy,True,False,fully_blocked,2,0,2,EG2_MP_to_E_4620; EG2_MP_to_E_4624
Total_Reboiler_Steam_flow_C_4620_Energy,Boiler -- Performance & Energy,True,False,fully_blocked,3,0,3,EG2_MP_to_E_4620; EG2_MP_to_E_4624; MP_Steam_Enthalpy
Total_Reboiler_Steam_flow_C_6620,Boiler -- Performance & Energy,True,False,fully_blocked,2,0,2,EG3_MP_to_E_6620; EG3_MP_to_E_6624
Total_Reboiler_Steam_flow_C_6620_Energy,Boiler -- Performance & Energy,True,False,fully_blocked,3,0,3,EG3_MP_to_E_6620; EG3_MP_to_E_6624; MP_Steam_Enthalpy
Total_air_vent,Boiler -- Air System,True,False,partially_blocked,14,2,12,AC_A_Flow_To_Header_raw; AC_B_Flow_To_Header_raw; AC_C_Flow_To_Header_raw; AC_D_Flow_To_Header_raw; Air_Compressor_B_Discharge_Pressure; Air_Compressor_C_Discharge_Pressure; Air_Compressor_Turbine_A_RPM; Air_Compressor_Turbine_D_RPM; Air_compressor_A_Discharge_flow_raw; Air_compressor_B_Discharge_flow_raw; Air_compressor_C_Discharge_flow_raw; Air_compressor_D_Discharge_flow_raw
VAPOUR_PRESSURE_OF_WATER,Boiler -- Flue Gas & Stack,True,False,literal_constant,0,0,0,
VHP_BFW_A_Motor_Power,VHP Steam Header,False,True,fully_blocked,3,0,3,VHP_BFW_A_AMPS; VHP_BFW_A_Discharge_flow; VHP_BFW_A_Vibration
VHP_BFW_A_Motor_Status,VHP Steam Header,False,True,fully_blocked,3,0,3,VHP_BFW_A_AMPS; VHP_BFW_A_Discharge_flow; VHP_BFW_A_Vibration
VHP_BFW_B_Turb_Status,VHP Steam Header,False,True,partially_blocked,2,1,1,VHP_BFW_B_Discharge_flow
VHP_BFW_B_Turb_Steam,VHP Steam Header,False,True,fully_computable,1,1,0,
VHP_BFW_C_Turb_Status,VHP Steam Header,False,True,partially_blocked,2,1,1,VHP_BFW_C_Discharge_flow
VHP_BFW_C_Turb_Steam,VHP Steam Header,False,True,fully_computable,1,1,0,
VHP_BFW_Drives_Running,VHP Steam Header,False,True,partially_blocked,7,2,5,VHP_BFW_A_AMPS; VHP_BFW_A_Discharge_flow; VHP_BFW_A_Vibration; VHP_BFW_B_Discharge_flow; VHP_BFW_C_Discharge_flow
VHP_BFW_Turbines_Running,VHP Steam Header,False,True,partially_blocked,4,2,2,VHP_BFW_B_Discharge_flow; VHP_BFW_C_Discharge_flow
VHP_BFW_to_ETH,VHP Steam Header,False,True,fully_blocked,3,0,3,Total_Ethylene_Production_ETH_Plant; VHP_BFW_FROM_U_O; VHP_DESPHTR_BFW_FROM_U_O
VHP_to_HP_Let_Down_Valve_PX7024A_HP_Steam_flow_out_ETH,VHP Steam Header,False,True,fully_blocked,1,0,1,VHP_to_HP_Let_Down_Valve_Opening_PX7024A_ETH
VHP_to_HP_Let_Down_Valve_PX7024B_HP_Steam_flow_out_ETH,VHP Steam Header,False,True,fully_blocked,1,0,1,VHP_to_HP_Let_Down_Valve_Opening_PX7024B_ETH
Voltage_LP,LP Steam Header,False,True,literal_constant,0,0,0,
act_Boiler_A_Boiler_Indirect_Efficiency,Boiler -- Performance & Energy,True,False,partially_blocked,16,12,4,Arrazi_Plant_Load; BOILER_A_FLUE_GAS_OXGYGEN; Boiler_A_Combustion_Air_Temperature; Boiler_A_Main_Fuel_Gas_Temperature
act_Boiler_B_Boiler_Indirect_Efficiency,Boiler -- Performance & Energy,True,False,partially_blocked,16,12,4,Arrazi_Plant_Load; BOILER_B_FLUE_GAS_OXGYGEN; Boiler_B_Combustion_Air_Temperature; Boiler_B_Main_Fuel_Gas_Temperature
act_Boiler_C_Boiler_Indirect_Efficiency,Boiler -- Performance & Energy,True,False,partially_blocked,16,12,4,Arrazi_Plant_Load; BOILER_C_FLUE_GAS_OXGYGEN; Boiler_C_Combustion_Air_Temperature; Boiler_C_Main_Fuel_Gas_Temperature
act_Boiler_D_Boiler_Indirect_Efficiency,Boiler -- Performance & Energy,True,False,partially_blocked,16,12,4,Arrazi_Plant_Load; BOILER_D_FLUE_GAS_OXGYGEN; Boiler_D_Combustion_Air_Temperature; Boiler_D_Main_Fuel_Gas_Temperature
act_Boiler_E_Boiler_Indirect_Efficiency,Boiler -- Performance & Energy,True,False,partially_blocked,16,12,4,Arrazi_Plant_Load; BOILER_E_FLUE_GAS_OXGYGEN; Boiler_E_Combustion_Air_Temp; Boiler_E_Main_Fuel_Gas_Temperature
act_Total_BFW_Consumption,Boiler -- BFW System,True,False,partially_blocked,32,5,27,BFW_TO_LAO_raw; BFW_to_EOEG_1_raw; BFW_to_EOEG_2_raw; BFW_to_EOEG_3_raw; DSP_BFW_TO_CAUSTIC_DILUTION_raw; DSP_BFW_TO_EG1_raw; DSP_BFW_TO_EG2_raw; DSP_BFW_TO_EG3_raw; DSP_BFW_TO_ETH_raw; Deaerator_A_LPS_raw; Deaerator_B_LPS_raw; EG1_DEG_production_flow; EG1_HEG_production_flow; EG1_MEG_production_flow; EG1_TEG_production_flow; EG2_DEG_production_flow; EG2_HEG_production_flow; EG2_MEG_production_flow; EG2_TEG_production_flow; EG3_DEG_production_flow; EG3_HEG_production_flow; EG3_MEG_production_flow; EG3_TEG_production_flow; LAO_Load_raw; Total_Ethylene_Production_ETH_Plant; VHP_BFW_FROM_U_O; VHP_DESPHTR_BFW_FROM_U_O
act_Total_Fuel_Consumption,Boiler -- Combustion & Fuel,True,False,partially_blocked,69,24,45,Arrazi_Plant_Load; BOILER_A_FLUE_GAS_OXGYGEN; BOILER_B_FLUE_GAS_OXGYGEN; BOILER_C_FLUE_GAS_OXGYGEN; BOILER_D_FLUE_GAS_OXGYGEN; BOILER_E_FLUE_GAS_OXGYGEN; Boielr_B_Fuel_Gas_Flow; Boiler_A_Combustion_Air_Temperature; Boiler_A_Main_Fuel_Gas_Temperature; Boiler_B_Combustion_Air_Temperature; Boiler_B_Main_Fuel_Gas_Temperature; Boiler_C_Combustion_Air_Temperature; Boiler_C_Main_Fuel_Gas_Temperature; Boiler_D_Combustion_Air_Temperature; Boiler_D_Main_Fuel_Gas_Temperature; Boiler_E_Combustion_Air_Temp; Boiler_E_Main_Fuel_Gas_Temperature; EG1_DEG_production_flow; EG1_HEG_production_flow; EG1_MEG_production_flow; EG1_TEG_production_flow; EG2_DEG_production_flow; EG2_HEG_production_flow; EG2_MEG_production_flow; EG2_TEG_production_flow; EG3_DEG_production_flow; EG3_HEG_production_flow; EG3_MEG_production_flow; EG3_TEG_production_flow; FUEL_GAS_From_UO_to_ETH_raw; FUEL_GAS_From_UO_to_Flare_raw; FUEL_GAS_From_UO_to_Incinerator_raw; FUEL_GAS_From_UO_to_LAO_A; FUEL_GAS_From_UO_to_LAO_B; Fuel_BLR_1_raw; Fuel_BLR_2_raw; Fuel_BLR_3_raw; Fuel_BLR_4_raw; Fuel_BLR_5_raw; LAO_Load_raw; LHV; NG_Fuel_to_EG1_raw; NG_Fuel_to_EG2_raw; NG_Fuel_to_EG3_raw; Total_Ethylene_Production_ETH_Plant
act_Total_Fuel_Imbalance,Boiler -- Combustion & Fuel,True,False,partially_blocked,74,24,50,Arrazi_Plant_Load; BOILER_A_FLUE_GAS_OXGYGEN; BOILER_B_FLUE_GAS_OXGYGEN; BOILER_C_FLUE_GAS_OXGYGEN; BOILER_D_FLUE_GAS_OXGYGEN; BOILER_E_FLUE_GAS_OXGYGEN; Boielr_B_Fuel_Gas_Flow; Boiler_A_Combustion_Air_Temperature; Boiler_A_Main_Fuel_Gas_Temperature; Boiler_B_Combustion_Air_Temperature; Boiler_B_Main_Fuel_Gas_Temperature; Boiler_C_Combustion_Air_Temperature; Boiler_C_Main_Fuel_Gas_Temperature; Boiler_D_Combustion_Air_Temperature; Boiler_D_Main_Fuel_Gas_Temperature; Boiler_E_Combustion_Air_Temp; Boiler_E_Main_Fuel_Gas_Temperature; EG1_DEG_production_flow; EG1_HEG_production_flow; EG1_MEG_production_flow; EG1_TEG_production_flow; EG2_DEG_production_flow; EG2_HEG_production_flow; EG2_MEG_production_flow; EG2_TEG_production_flow; EG3_DEG_production_flow; EG3_HEG_production_flow; EG3_MEG_production_flow; EG3_TEG_production_flow; ETHANE_Fuel_From_ETH_to_UO_raw; FUEL_GAS_From_UO_to_ETH_raw; FUEL_GAS_From_UO_to_Flare_raw; FUEL_GAS_From_UO_to_Incinerator_raw; FUEL_GAS_From_UO_to_LAO_A; FUEL_GAS_From_UO_to_LAO_B; Fuel_BLR_1_raw; Fuel_BLR_2_raw; Fuel_BLR_3_raw; Fuel_BLR_4_raw; Fuel_BLR_5_raw; LAO_Load_raw; LHV; NATURAL_GAS_Import_CTM_raw; NG_Fuel_to_EG1_raw; NG_Fuel_to_EG2_raw; NG_Fuel_to_EG3_raw; TAILGAS_From_EG1_to_UO_raw; TAILGAS_From_EG2_to_UO_raw; TAILGAS_From_EG3_to_UO_raw; Total_Ethylene_Production_ETH_Plant
excess_o2,Boiler -- Combustion & Fuel,True,False,literal_constant,0,0,0,
fuel_efficiency,Boiler -- Combustion & Fuel,True,False,depends_on_non_pi_refs,0,0,2,Total_Fuel_Consumption_actual; Total_Fuel_Consumption_optimum
makeup_water_for_HPS_Boiler,Boiler -- Performance & Energy,True,False,partially_blocked,40,5,35,BFW_TO_LAO_raw; BFW_to_EOEG_1_raw; BFW_to_EOEG_2_raw; BFW_to_EOEG_3_raw; DSP_BFW_TO_CAUSTIC_DILUTION_raw; DSP_BFW_TO_EG1_raw; DSP_BFW_TO_EG2_raw; DSP_BFW_TO_EG3_raw; DSP_BFW_TO_ETH_raw; Deaerator_A_LPS_raw; Deaerator_B_LPS_raw; EG1_CLEAN_COND_TO_U_O_raw; EG1_DEG_production_flow; EG1_HEG_production_flow; EG1_MEG_production_flow; EG1_TEG_production_flow; EG1_suspect_COND_TO_U_O_raw; EG2_CLEAN_COND_TO_U_O_raw; EG2_DEG_production_flow; EG2_HEG_production_flow; EG2_MEG_production_flow; EG2_TEG_production_flow; EG2_suspect_COND_TO_U_O_raw; EG3_CLEAN_COND_TO_U_O_raw; EG3_DEG_production_flow; EG3_HEG_production_flow; EG3_MEG_production_flow; EG3_TEG_production_flow; EG3_suspect_COND_TO_U_O_raw; ETH_CLEAN_COND_TO_U_O_raw; ETH_suspect_COND_TO_U_O_raw; LAO_Load_raw; Total_Ethylene_Production_ETH_Plant; VHP_BFW_FROM_U_O; VHP_DESPHTR_BFW_FROM_U_O
minimum_flow_BFW,Boiler -- BFW System,True,False,fully_computable,2,2,0,
power_factor,Power & Electrical,False,True,literal_constant,0,0,0,
total_air_generated,Boiler -- Air System,True,False,partially_blocked,10,2,8,Air_Compressor_B_Discharge_Pressure; Air_Compressor_C_Discharge_Pressure; Air_Compressor_Turbine_A_RPM; Air_Compressor_Turbine_D_RPM; Air_compressor_A_Discharge_flow_raw; Air_compressor_B_Discharge_flow_raw; Air_compressor_C_Discharge_flow_raw; Air_compressor_D_Discharge_flow_raw
