model_alert_output_id,model_id,time_stamp,tag_id,raw_value,ccp_info_id,ccp_id,switch_configuration_id
1,1,2026-03-24 23:00:00.000,11,-0.670671734682673,6,418,NULL
2,1,2026-03-24 23:00:00.000,170,-6.103515625,3,300,NULL
3,1,2026-03-24 23:00:00.000,373,-1.70828058772617,5,258,NULL
4,1,2026-03-24 23:00:00.000,1584,-0.00809571938801026,5,303,NULL
5,1,2026-03-24 23:00:00.000,1745,-2.24508462126552,6,297,NULL
6,1,2026-03-24 23:00:00.000,426,200,18,415,NULL
7,1,2026-03-24 23:00:00.000,427,150,18,59,NULL
8,1,2026-03-24 23:00:00.000,1112,45,18,323,NULL
9,1,2026-03-24 23:00:00.000,1315,2.15,18,271,NULL
10,1,2026-03-24 23:00:00.000,2125,10,18,330,NULL
11,1,2026-03-24 23:00:00.000,2173,1,18,370,NULL
12,1,2026-03-24 23:00:00.000,2902,1,18,371,NULL
13,1,2026-03-24 23:00:00.000,3864,0,18,387,NULL
14,1,2026-03-25 00:00:00.000,11,-0.735873181849212,6,418,NULL
15,1,2026-03-25 00:00:00.000,170,-6.103515625,3,300,NULL
16,1,2026-03-25 00:00:00.000,373,-1.620711913887,5,258,NULL
17,1,2026-03-25 00:00:00.000,1584,-0.013656497141411,5,303,NULL
18,1,2026-03-25 00:00:00.000,1745,-2.2197802066803,6,297,NULL
19,1,2026-03-25 00:00:00.000,426,200,18,415,NULL
20,1,2026-03-25 00:00:00.000,427,150,18,59,NULL
21,1,2026-03-25 00:00:00.000,1112,45,18,323,NULL
22,1,2026-03-25 00:00:00.000,1315,2.15,18,271,NULL
23,1,2026-03-25 00:00:00.000,2125,10,18,330,NULL
24,1,2026-03-25 00:00:00.000,2173,1,18,370,NULL
25,1,2026-03-25 00:00:00.000,2902,1,18,371,NULL
26,1,2026-03-25 00:00:00.000,3864,0,18,387,NULL
27,1,2026-03-25 01:00:00.000,11,-0.838720395579198,6,418,NULL
28,1,2026-03-25 01:00:00.000,170,-6.103515625,3,300,NULL
29,1,2026-03-25 01:00:00.000,373,-1.7237748056319,5,258,NULL
30,1,2026-03-25 01:00:00.000,1584,-0.0133393767807219,5,303,NULL
31,1,2026-03-25 01:00:00.000,1745,-2.44719430851558,6,297,NULL
32,1,2026-03-25 01:00:00.000,426,200,18,415,NULL
33,1,2026-03-25 01:00:00.000,427,150,18,59,NULL
34,1,2026-03-25 01:00:00.000,1112,45,18,323,NULL
35,1,2026-03-25 01:00:00.000,1315,2.15,18,271,NULL
36,1,2026-03-25 01:00:00.000,2125,10,18,330,NULL
37,1,2026-03-25 01:00:00.000,2173,1,18,370,NULL
38,1,2026-03-25 01:00:00.000,2902,1,18,371,NULL
39,1,2026-03-25 01:00:00.000,3864,0,18,387,NULL
40,1,2026-03-25 02:00:00.000,11,-0.649449945024318,6,418,NULL
41,1,2026-03-25 02:00:00.000,170,-6.103515625,3,300,NULL
42,1,2026-03-25 02:00:00.000,373,-1.73787862426705,5,258,NULL
43,1,2026-03-25 02:00:00.000,1584,-0.00875590021657344,5,303,NULL
44,1,2026-03-25 02:00:00.000,1745,-2.38885943431695,6,297,NULL
45,1,2026-03-25 02:00:00.000,426,200,18,415,NULL
46,1,2026-03-25 02:00:00.000,427,150,18,59,NULL
47,1,2026-03-25 02:00:00.000,1112,45,18,323,NULL
48,1,2026-03-25 02:00:00.000,1315,2.15,18,271,NULL
49,1,2026-03-25 02:00:00.000,2125,10,18,330,NULL
50,1,2026-03-25 02:00:00.000,2173,1,18,370,NULL
51,1,2026-03-25 02:00:00.000,2902,1,18,371,NULL
52,1,2026-03-25 02:00:00.000,3864,0,18,387,NULL
53,1,2026-03-25 03:00:00.000,11,-0.77456459838541,6,418,NULL
54,1,2026-03-25 03:00:00.000,170,-6.103515625,3,300,NULL
55,1,2026-03-25 03:00:00.000,373,-1.73354804903269,5,258,NULL
56,1,2026-03-25 03:00:00.000,1584,-0.00723406394470168,5,303,NULL
57,1,2026-03-25 03:00:00.000,1745,-2.427310370707,6,297,NULL
58,1,2026-03-25 03:00:00.000,426,200,18,415,NULL
59,1,2026-03-25 03:00:00.000,427,150,18,59,NULL
60,1,2026-03-25 03:00:00.000,1112,45,18,323,NULL
61,1,2026-03-25 03:00:00.000,1315,2.15,18,271,NULL
62,1,2026-03-25 03:00:00.000,2125,10,18,330,NULL
63,1,2026-03-25 03:00:00.000,2173,1,18,370,NULL
64,1,2026-03-25 03:00:00.000,2902,1,18,371,NULL
65,1,2026-03-25 03:00:00.000,3864,0,18,387,NULL
66,1,2026-03-25 04:00:00.000,11,-0.594237347320747,6,418,NULL
67,1,2026-03-25 05:00:00.000,11,-0.363062913937248,6,418,NULL
68,1,2026-03-25 04:00:00.000,170,-6.103515625,3,300,NULL
69,1,2026-03-25 05:00:00.000,170,-6.103515625,3,300,NULL
70,1,2026-03-25 04:00:00.000,373,-1.74673124793503,5,258,NULL
71,1,2026-03-25 05:00:00.000,373,-1.74538222839435,5,258,NULL
72,1,2026-03-25 04:00:00.000,1584,-0.0147308508408929,5,303,NULL
73,1,2026-03-25 05:00:00.000,1584,-0.0166265479638241,5,303,NULL
74,1,2026-03-25 04:00:00.000,1745,-2.33427391806457,6,297,NULL
75,1,2026-03-25 05:00:00.000,1745,-2.43543634645224,6,297,NULL
76,1,2026-03-25 04:00:00.000,426,200,18,415,NULL
77,1,2026-03-25 05:00:00.000,426,200,18,415,NULL
78,1,2026-03-25 04:00:00.000,427,150,18,59,NULL
79,1,2026-03-25 05:00:00.000,427,150,18,59,NULL
80,1,2026-03-25 04:00:00.000,1112,45,18,323,NULL
81,1,2026-03-25 05:00:00.000,1112,45,18,323,NULL
82,1,2026-03-25 04:00:00.000,1315,2.15,18,271,NULL
83,1,2026-03-25 05:00:00.000,1315,2.15,18,271,NULL
84,1,2026-03-25 04:00:00.000,2125,10,18,330,NULL
85,1,2026-03-25 05:00:00.000,2125,10,18,330,NULL
86,1,2026-03-25 04:00:00.000,2173,1,18,370,NULL
87,1,2026-03-25 05:00:00.000,2173,1,18,370,NULL
88,1,2026-03-25 04:00:00.000,2902,1,18,371,NULL
89,1,2026-03-25 05:00:00.000,2902,1,18,371,NULL
90,1,2026-03-25 04:00:00.000,3864,0,18,387,NULL
91,1,2026-03-25 05:00:00.000,3864,0,18,387,NULL
92,1,2026-03-25 06:00:00.000,11,-0.114200831510532,6,418,NULL
93,1,2026-03-25 07:00:00.000,11,-0.383474200826547,6,418,NULL
94,1,2026-03-25 08:00:00.000,11,-0.556565174604637,6,418,NULL
95,1,2026-03-25 06:00:00.000,170,-6.103515625,3,300,NULL
96,1,2026-03-25 07:00:00.000,170,-6.103515625,3,300,NULL
97,1,2026-03-25 08:00:00.000,170,-6.103515625,3,300,NULL
98,1,2026-03-25 06:00:00.000,373,-1.74588334552116,5,258,NULL
99,1,2026-03-25 07:00:00.000,373,-1.75796627405617,5,258,NULL
100,1,2026-03-25 08:00:00.000,373,-1.82194910559389,5,258,NULL
101,1,2026-03-25 06:00:00.000,1584,-0.0164104001663832,5,303,NULL
102,1,2026-03-25 07:00:00.000,1584,-0.016056697982648,5,303,NULL
103,1,2026-03-25 08:00:00.000,1584,-0.0120406778160638,5,303,NULL
104,1,2026-03-25 06:00:00.000,1745,-2.31930364164195,6,297,NULL
105,1,2026-03-25 07:00:00.000,1745,-2.33061958853917,6,297,NULL
106,1,2026-03-25 08:00:00.000,1745,-2.27908825451389,6,297,NULL
107,1,2026-03-25 06:00:00.000,426,200,18,415,NULL
108,1,2026-03-25 07:00:00.000,426,200,18,415,NULL
109,1,2026-03-25 08:00:00.000,426,200,18,415,NULL
110,1,2026-03-25 06:00:00.000,427,150,18,59,NULL
111,1,2026-03-25 07:00:00.000,427,150,18,59,NULL
112,1,2026-03-25 08:00:00.000,427,150,18,59,NULL
113,1,2026-03-25 06:00:00.000,1112,45,18,323,NULL
114,1,2026-03-25 07:00:00.000,1112,45,18,323,NULL
115,1,2026-03-25 08:00:00.000,1112,45,18,323,NULL
116,1,2026-03-25 06:00:00.000,1315,2.15,18,271,NULL
117,1,2026-03-25 07:00:00.000,1315,2.15,18,271,NULL
118,1,2026-03-25 08:00:00.000,1315,2.15,18,271,NULL
119,1,2026-03-25 06:00:00.000,2125,10,18,330,NULL
120,1,2026-03-25 07:00:00.000,2125,10,18,330,NULL
121,1,2026-03-25 08:00:00.000,2125,10,18,330,NULL
122,1,2026-03-25 06:00:00.000,2173,1,18,370,NULL
123,1,2026-03-25 07:00:00.000,2173,1,18,370,NULL
124,1,2026-03-25 08:00:00.000,2173,1,18,370,NULL
125,1,2026-03-25 06:00:00.000,2902,1,18,371,NULL
126,1,2026-03-25 07:00:00.000,2902,1,18,371,NULL
127,1,2026-03-25 08:00:00.000,2902,1,18,371,NULL
128,1,2026-03-25 06:00:00.000,3864,0,18,387,NULL
129,1,2026-03-25 07:00:00.000,3864,0,18,387,NULL
130,1,2026-03-25 08:00:00.000,3864,0,18,387,NULL
131,1,2026-03-25 09:00:00.000,11,-0.301154107181329,6,418,NULL
132,1,2026-03-25 09:00:00.000,170,-6.103515625,3,300,NULL
133,1,2026-03-25 09:00:00.000,373,-1.84097556786405,5,258,NULL
134,1,2026-03-25 09:00:00.000,1584,-0.004113850785199,5,303,NULL
135,1,2026-03-25 09:00:00.000,1745,-2.27153563499451,6,297,NULL
136,1,2026-03-25 09:00:00.000,426,200,18,415,NULL
137,1,2026-03-25 09:00:00.000,427,150,18,59,NULL
138,1,2026-03-25 09:00:00.000,1112,45,18,323,NULL
139,1,2026-03-25 09:00:00.000,1315,2.15,18,271,NULL
140,1,2026-03-25 09:00:00.000,2125,10,18,330,NULL
141,1,2026-03-25 09:00:00.000,2173,1,18,370,NULL
142,1,2026-03-25 09:00:00.000,2902,1,18,371,NULL
143,1,2026-03-25 09:00:00.000,3864,0,18,387,NULL
144,1,2026-03-25 10:00:00.000,11,-0.443544416110549,6,418,NULL
145,1,2026-03-25 11:00:00.000,11,-0.66405253664211,6,418,NULL
146,1,2026-03-25 10:00:00.000,170,-6.103515625,3,300,NULL
147,1,2026-03-25 11:00:00.000,170,-6.103515625,3,300,NULL
148,1,2026-03-25 10:00:00.000,373,-1.91901791128295,5,258,NULL
149,1,2026-03-25 11:00:00.000,373,-1.92568210602359,5,258,NULL
150,1,2026-03-25 10:00:00.000,1584,-0.00052935588441287,5,303,NULL
151,1,2026-03-25 11:00:00.000,1584,-0.000529512628940107,5,303,NULL
152,1,2026-03-25 10:00:00.000,1745,-2.05294125371244,6,297,NULL
153,1,2026-03-25 11:00:00.000,1745,-2.09846853780773,6,297,NULL
154,1,2026-03-25 10:00:00.000,426,200,18,415,NULL
155,1,2026-03-25 11:00:00.000,426,200,18,415,NULL
156,1,2026-03-25 10:00:00.000,427,150,18,59,NULL
157,1,2026-03-25 11:00:00.000,427,150,18,59,NULL
158,1,2026-03-25 10:00:00.000,1112,45,18,323,NULL
159,1,2026-03-25 11:00:00.000,1112,45,18,323,NULL
160,1,2026-03-25 10:00:00.000,1315,2.15,18,271,NULL
161,1,2026-03-25 11:00:00.000,1315,2.15,18,271,NULL
162,1,2026-03-25 10:00:00.000,2125,10,18,330,NULL
163,1,2026-03-25 11:00:00.000,2125,10,18,330,NULL
164,1,2026-03-25 10:00:00.000,2173,1,18,370,NULL
165,1,2026-03-25 11:00:00.000,2173,1,18,370,NULL
166,1,2026-03-25 10:00:00.000,2902,1,18,371,NULL
167,1,2026-03-25 11:00:00.000,2902,1,18,371,NULL
168,1,2026-03-25 10:00:00.000,3864,0,18,387,NULL
169,1,2026-03-25 11:00:00.000,3864,0,18,387,NULL
170,1,2026-03-25 12:00:00.000,170,-6.103515625,3,300,NULL
171,1,2026-03-25 12:00:00.000,373,-1.77357784203357,5,258,NULL
172,1,2026-03-25 12:00:00.000,1584,-1.18282363994553E-05,5,303,NULL
173,1,2026-03-25 12:00:00.000,1745,-1.98379373550415,6,297,NULL
174,1,2026-03-25 12:00:00.000,426,200,18,415,NULL
175,1,2026-03-25 12:00:00.000,427,150,18,59,NULL
176,1,2026-03-25 12:00:00.000,1112,45,18,323,NULL
177,1,2026-03-25 12:00:00.000,1315,2.15,18,271,NULL
178,1,2026-03-25 12:00:00.000,2125,10,18,330,NULL
179,1,2026-03-25 12:00:00.000,2173,1,18,370,NULL
180,1,2026-03-25 12:00:00.000,2902,1,18,371,NULL
181,1,2026-03-25 12:00:00.000,3864,0,18,387,NULL
182,1,2026-03-25 13:00:00.000,373,-1.81819874219182,5,258,NULL
183,1,2026-03-25 13:00:00.000,1584,-2.74772764373413E-05,5,303,NULL
184,1,2026-03-25 13:00:00.000,1745,-1.79656415054487,6,297,NULL
185,1,2026-03-25 13:00:00.000,426,200,18,415,NULL
186,1,2026-03-25 13:00:00.000,427,150,18,59,NULL
187,1,2026-03-25 13:00:00.000,1112,45,18,323,NULL
188,1,2026-03-25 13:00:00.000,1315,2.15,18,271,NULL
189,1,2026-03-25 13:00:00.000,2125,10,18,330,NULL
190,1,2026-03-25 13:00:00.000,2173,1,18,370,NULL
191,1,2026-03-25 13:00:00.000,2902,1,18,371,NULL
192,1,2026-03-25 13:00:00.000,3864,0,18,387,NULL
193,1,2026-03-25 15:00:00.000,11,-0.744686104792913,6,418,NULL
194,1,2026-03-25 15:00:00.000,170,-0.803604187720659,3,300,NULL
195,1,2026-03-25 14:00:00.000,373,-1.82305372732795,5,258,NULL
196,1,2026-03-25 15:00:00.000,373,-1.98622361574736,5,258,NULL
197,1,2026-03-25 14:00:00.000,1584,-0.000241358365972061,5,303,NULL
198,1,2026-03-25 15:00:00.000,1584,-0.0044743318669246,5,303,NULL
199,1,2026-03-25 14:00:00.000,1745,-2.01846171876659,6,297,NULL
200,1,2026-03-25 15:00:00.000,1745,-2.18191632952034,6,297,NULL
201,1,2026-03-25 14:00:00.000,426,200,18,415,NULL
202,1,2026-03-25 15:00:00.000,426,200,18,415,NULL
203,1,2026-03-25 14:00:00.000,427,150,18,59,NULL
204,1,2026-03-25 15:00:00.000,427,150,18,59,NULL
205,1,2026-03-25 14:00:00.000,1112,45,18,323,NULL
206,1,2026-03-25 15:00:00.000,1112,45,18,323,NULL
207,1,2026-03-25 14:00:00.000,1315,2.15,18,271,NULL
208,1,2026-03-25 15:00:00.000,1315,2.15,18,271,NULL
209,1,2026-03-25 14:00:00.000,2125,10,18,330,NULL
210,1,2026-03-25 15:00:00.000,2125,10,18,330,NULL
211,1,2026-03-25 14:00:00.000,2173,1,18,370,NULL
212,1,2026-03-25 15:00:00.000,2173,1,18,370,NULL
213,1,2026-03-25 14:00:00.000,2902,1,18,371,NULL
214,1,2026-03-25 15:00:00.000,2902,1,18,371,NULL
215,1,2026-03-25 14:00:00.000,3864,0,18,387,NULL
216,1,2026-03-25 15:00:00.000,3864,0,18,387,NULL
217,1,2026-03-25 16:00:00.000,11,-1.0880336768062,6,418,NULL
218,1,2026-03-25 16:00:00.000,170,-3.0517578125,3,300,NULL
219,1,2026-03-25 16:00:00.000,373,-2.61324155482153,5,258,NULL
220,1,2026-03-25 16:00:00.000,1584,-0.00865779608334884,5,303,NULL
221,1,2026-03-25 16:00:00.000,1745,-2.21412873268127,6,297,NULL
222,1,2026-03-25 16:00:00.000,426,200,18,415,NULL
223,1,2026-03-25 16:00:00.000,427,150,18,59,NULL
224,1,2026-03-25 16:00:00.000,1112,45,18,323,NULL
225,1,2026-03-25 16:00:00.000,1315,2.15,18,271,NULL
226,1,2026-03-25 16:00:00.000,2125,10,18,330,NULL
227,1,2026-03-25 16:00:00.000,2173,1,18,370,NULL
228,1,2026-03-25 16:00:00.000,2902,1,18,371,NULL
229,1,2026-03-25 16:00:00.000,3864,0,18,387,NULL
230,1,2026-03-25 17:00:00.000,11,-1.0442967414856,6,418,NULL
231,1,2026-03-25 17:00:00.000,170,-3.0517578125,3,300,NULL
232,1,2026-03-25 17:00:00.000,373,-3.08837890625,5,258,NULL
233,1,2026-03-25 17:00:00.000,1584,-0.0128826498985291,5,303,NULL
234,1,2026-03-25 17:00:00.000,1745,-2.21412873268127,6,297,NULL
235,1,2026-03-25 17:00:00.000,409,-2.24993436807153E-22,5,269,NULL
236,1,2026-03-25 17:00:00.000,426,200,18,415,NULL
237,1,2026-03-25 17:00:00.000,427,150,18,59,NULL
238,1,2026-03-25 17:00:00.000,1112,45,18,323,NULL
239,1,2026-03-25 17:00:00.000,1315,2.15,18,271,NULL
240,1,2026-03-25 17:00:00.000,2125,10,18,330,NULL
241,1,2026-03-25 17:00:00.000,2173,1,18,370,NULL
242,1,2026-03-25 17:00:00.000,2902,1,18,371,NULL
243,1,2026-03-25 17:00:00.000,3864,0,18,387,NULL
244,1,2026-03-25 18:00:00.000,11,-1.0442967414856,6,418,NULL
245,1,2026-03-25 18:00:00.000,170,-3.0517578125,3,300,NULL
246,1,2026-03-25 18:00:00.000,373,-3.08837890625,5,258,NULL
247,1,2026-03-25 18:00:00.000,1584,-0.0128826498985291,5,303,NULL
248,1,2026-03-25 18:00:00.000,1745,-2.21412873268127,6,297,NULL
249,1,2026-03-25 18:00:00.000,409,-2.24993436807153E-22,5,269,NULL
250,1,2026-03-25 18:00:00.000,426,200,18,415,NULL
251,1,2026-03-25 18:00:00.000,427,150,18,59,NULL
252,1,2026-03-25 18:00:00.000,1112,45,18,323,NULL
253,1,2026-03-25 18:00:00.000,1315,2.15,18,271,NULL
254,1,2026-03-25 18:00:00.000,2125,10,18,330,NULL
255,1,2026-03-25 18:00:00.000,2173,1,18,370,NULL
256,1,2026-03-25 18:00:00.000,2902,1,18,371,NULL
257,1,2026-03-25 18:00:00.000,3864,0,18,387,NULL
258,1,2026-03-25 19:00:00.000,11,-1.0442967414856,6,418,NULL
259,1,2026-03-25 19:00:00.000,170,-3.0517578125,3,300,NULL
260,1,2026-03-25 19:00:00.000,373,-3.08837890625,5,258,NULL
261,1,2026-03-25 19:00:00.000,1584,-0.0128826498985291,5,303,NULL
262,1,2026-03-25 19:00:00.000,1745,-2.21412873268127,6,297,NULL
263,1,2026-03-25 19:00:00.000,409,-2.24993436807153E-22,5,269,NULL
264,1,2026-03-25 19:00:00.000,426,200,18,415,NULL
265,1,2026-03-25 19:00:00.000,427,150,18,59,NULL
266,1,2026-03-25 19:00:00.000,1112,45,18,323,NULL
267,1,2026-03-25 19:00:00.000,1315,2.15,18,271,NULL
268,1,2026-03-25 19:00:00.000,2125,10,18,330,NULL
269,1,2026-03-25 19:00:00.000,2173,1,18,370,NULL
270,1,2026-03-25 19:00:00.000,2902,1,18,371,NULL
271,1,2026-03-25 19:00:00.000,3864,0,18,387,NULL
272,1,2026-03-25 20:00:00.000,11,-1.0442967414856,6,418,NULL
273,1,2026-03-25 20:00:00.000,170,-3.0517578125,3,300,NULL
274,1,2026-03-25 20:00:00.000,373,-3.08837890625,5,258,NULL
275,1,2026-03-25 20:00:00.000,1584,-0.0128826498985291,5,303,NULL
276,1,2026-03-25 20:00:00.000,1745,-2.21412873268127,6,297,NULL
277,1,2026-03-25 20:00:00.000,409,-2.24993436807153E-22,5,269,NULL
278,1,2026-03-25 20:00:00.000,426,200,18,415,NULL
279,1,2026-03-25 20:00:00.000,427,150,18,59,NULL
280,1,2026-03-25 20:00:00.000,1112,45,18,323,NULL
281,1,2026-03-25 20:00:00.000,1315,2.15,18,271,NULL
282,1,2026-03-25 20:00:00.000,2125,10,18,330,NULL
283,1,2026-03-25 20:00:00.000,2173,1,18,370,NULL
284,1,2026-03-25 20:00:00.000,2902,1,18,371,NULL
285,1,2026-03-25 20:00:00.000,3864,0,18,387,NULL
286,1,2026-03-25 21:00:00.000,11,-1.0442967414856,6,418,NULL
287,1,2026-03-25 21:00:00.000,170,-3.0517578125,3,300,NULL
288,1,2026-03-25 21:00:00.000,373,-3.08837890625,5,258,NULL
289,1,2026-03-25 21:00:00.000,1584,-0.0128826498985291,5,303,NULL
290,1,2026-03-25 21:00:00.000,1745,-2.21412873268127,6,297,NULL
291,1,2026-03-25 21:00:00.000,409,-2.24993436807153E-22,5,269,NULL
292,1,2026-03-25 21:00:00.000,426,200,18,415,NULL
293,1,2026-03-25 21:00:00.000,427,150,18,59,NULL
294,1,2026-03-25 21:00:00.000,1112,45,18,323,NULL
295,1,2026-03-25 21:00:00.000,1315,2.15,18,271,NULL
296,1,2026-03-25 21:00:00.000,2125,10,18,330,NULL
297,1,2026-03-25 21:00:00.000,2173,1,18,370,NULL
298,1,2026-03-25 21:00:00.000,2902,1,18,371,NULL
299,1,2026-03-25 21:00:00.000,3864,0,18,387,NULL
300,1,2026-03-25 22:00:00.000,11,-1.0442967414856,6,418,NULL
301,1,2026-03-25 22:00:00.000,170,-3.0517578125,3,300,NULL
302,1,2026-03-25 22:00:00.000,373,-3.08837890625,5,258,NULL
303,1,2026-03-25 22:00:00.000,1584,-0.0128826498985291,5,303,NULL
304,1,2026-03-25 22:00:00.000,1745,-2.21412873268127,6,297,NULL
305,1,2026-03-25 22:00:00.000,409,-2.24993436807153E-22,5,269,NULL
306,1,2026-03-25 22:00:00.000,426,200,18,415,NULL
307,1,2026-03-25 22:00:00.000,427,150,18,59,NULL
308,1,2026-03-25 22:00:00.000,1112,45,18,323,NULL
309,1,2026-03-25 22:00:00.000,1315,2.15,18,271,NULL
310,1,2026-03-25 22:00:00.000,2125,10,18,330,NULL
311,1,2026-03-25 22:00:00.000,2173,1,18,370,NULL
312,1,2026-03-25 22:00:00.000,2902,1,18,371,NULL
313,1,2026-03-25 22:00:00.000,3864,0,18,387,NULL
314,1,2026-03-25 23:00:00.000,11,-1.0442967414856,6,418,NULL
315,1,2026-03-25 23:00:00.000,170,-3.0517578125,3,300,NULL
316,1,2026-03-25 23:00:00.000,373,-3.08837890625,5,258,NULL
317,1,2026-03-25 23:00:00.000,1584,-0.0128826498985291,5,303,NULL
318,1,2026-03-25 23:00:00.000,1745,-2.21412873268127,6,297,NULL
319,1,2026-03-25 23:00:00.000,409,-2.24993436807153E-22,5,269,NULL
320,1,2026-03-25 23:00:00.000,426,200,18,415,NULL
321,1,2026-03-25 23:00:00.000,427,150,18,59,NULL
322,1,2026-03-25 23:00:00.000,1112,45,18,323,NULL
323,1,2026-03-25 23:00:00.000,1315,2.15,18,271,NULL
324,1,2026-03-25 23:00:00.000,2125,10,18,330,NULL
325,1,2026-03-25 23:00:00.000,2173,1,18,370,NULL
326,1,2026-03-25 23:00:00.000,2902,1,18,371,NULL
327,1,2026-03-25 23:00:00.000,3864,0,18,387,NULL
328,1,2026-03-26 00:00:00.000,11,-1.0442967414856,6,418,NULL
329,1,2026-03-26 00:00:00.000,170,-3.0517578125,3,300,NULL
330,1,2026-03-26 00:00:00.000,373,-3.08837890625,5,258,NULL
331,1,2026-03-26 00:00:00.000,1584,-0.0128826498985291,5,303,NULL
332,1,2026-03-26 00:00:00.000,1745,-2.21412873268127,6,297,NULL
333,1,2026-03-26 00:00:00.000,409,-2.24993436807153E-22,5,269,NULL
334,1,2026-03-26 00:00:00.000,426,200,18,415,NULL
335,1,2026-03-26 00:00:00.000,427,150,18,59,NULL
336,1,2026-03-26 00:00:00.000,1112,45,18,323,NULL
337,1,2026-03-26 00:00:00.000,1315,2.15,18,271,NULL
338,1,2026-03-26 00:00:00.000,2125,10,18,330,NULL
339,1,2026-03-26 00:00:00.000,2173,1,18,370,NULL
340,1,2026-03-26 00:00:00.000,2902,1,18,371,NULL
341,1,2026-03-26 00:00:00.000,3864,0,18,387,NULL
342,1,2026-03-26 02:00:00.000,11,-1.0442967414856,6,418,NULL
343,1,2026-03-26 02:00:00.000,170,-3.0517578125,3,300,NULL
344,1,2026-03-26 02:00:00.000,373,-3.08837890625,5,258,NULL
345,1,2026-03-26 02:00:00.000,1584,-0.0128826498985291,5,303,NULL
346,1,2026-03-26 02:00:00.000,1745,-2.21412873268127,6,297,NULL
347,1,2026-03-26 02:00:00.000,409,-2.24993436807153E-22,5,269,NULL
348,1,2026-03-26 02:00:00.000,426,200,18,415,NULL
349,1,2026-03-26 02:00:00.000,427,150,18,59,NULL
350,1,2026-03-26 02:00:00.000,1112,45,18,323,NULL
351,1,2026-03-26 02:00:00.000,1315,2.15,18,271,NULL
352,1,2026-03-26 02:00:00.000,2125,10,18,330,NULL
353,1,2026-03-26 02:00:00.000,2173,1,18,370,NULL
354,1,2026-03-26 02:00:00.000,2902,1,18,371,NULL
355,1,2026-03-26 02:00:00.000,3864,0,18,387,NULL
356,1,2026-03-26 03:00:00.000,11,-1.0442967414856,6,418,NULL
357,1,2026-03-26 03:00:00.000,170,-3.0517578125,3,300,NULL
358,1,2026-03-26 03:00:00.000,373,-3.08837890625,5,258,NULL
359,1,2026-03-26 03:00:00.000,1584,-0.0128826498985291,5,303,NULL
360,1,2026-03-26 03:00:00.000,1745,-2.21412873268127,6,297,NULL
361,1,2026-03-26 03:00:00.000,409,-2.24993436807153E-22,5,269,NULL
362,1,2026-03-26 03:00:00.000,426,200,18,415,NULL
363,1,2026-03-26 03:00:00.000,427,150,18,59,NULL
364,1,2026-03-26 03:00:00.000,1112,45,18,323,NULL
365,1,2026-03-26 03:00:00.000,1315,2.15,18,271,NULL
366,1,2026-03-26 03:00:00.000,2125,10,18,330,NULL
367,1,2026-03-26 03:00:00.000,2173,1,18,370,NULL
368,1,2026-03-26 03:00:00.000,2902,1,18,371,NULL
369,1,2026-03-26 03:00:00.000,3864,0,18,387,NULL
370,1,2026-03-26 04:00:00.000,11,-1.0442967414856,6,418,NULL
371,1,2026-03-26 04:00:00.000,170,-3.0517578125,3,300,NULL
372,1,2026-03-26 04:00:00.000,373,-3.08837890625,5,258,NULL
373,1,2026-03-26 04:00:00.000,1584,-0.0128826498985291,5,303,NULL
374,1,2026-03-26 04:00:00.000,1745,-2.21412873268127,6,297,NULL
375,1,2026-03-26 04:00:00.000,409,-2.24993436807153E-22,5,269,NULL
376,1,2026-03-26 04:00:00.000,426,200,18,415,NULL
377,1,2026-03-26 04:00:00.000,427,150,18,59,NULL
378,1,2026-03-26 04:00:00.000,1112,45,18,323,NULL
379,1,2026-03-26 04:00:00.000,1315,2.15,18,271,NULL
380,1,2026-03-26 04:00:00.000,2125,10,18,330,NULL
381,1,2026-03-26 04:00:00.000,2173,1,18,370,NULL
382,1,2026-03-26 04:00:00.000,2902,1,18,371,NULL
383,1,2026-03-26 04:00:00.000,3864,0,18,387,NULL
384,1,2026-03-26 05:00:00.000,11,-1.0442967414856,6,418,NULL
385,1,2026-03-26 05:00:00.000,170,-3.0517578125,3,300,NULL
386,1,2026-03-26 05:00:00.000,373,-3.08837890625,5,258,NULL
387,1,2026-03-26 05:00:00.000,1584,-0.0128826498985291,5,303,NULL
388,1,2026-03-26 05:00:00.000,1745,-2.21412873268127,6,297,NULL
389,1,2026-03-26 05:00:00.000,409,-2.24993436807153E-22,5,269,NULL
390,1,2026-03-26 05:00:00.000,426,200,18,415,NULL
391,1,2026-03-26 05:00:00.000,427,150,18,59,NULL
392,1,2026-03-26 05:00:00.000,1112,45,18,323,NULL
393,1,2026-03-26 05:00:00.000,1315,2.15,18,271,NULL
394,1,2026-03-26 05:00:00.000,2125,10,18,330,NULL
395,1,2026-03-26 05:00:00.000,2173,1,18,370,NULL
396,1,2026-03-26 05:00:00.000,2902,1,18,371,NULL
397,1,2026-03-26 05:00:00.000,3864,0,18,387,NULL
398,1,2026-03-26 06:00:00.000,11,-0.993787654255598,6,418,NULL
399,1,2026-03-26 07:00:00.000,11,-0.881831732120222,6,418,NULL
400,1,2026-03-26 06:00:00.000,170,-3.0517578125,3,300,NULL
401,1,2026-03-26 07:00:00.000,170,-3.0517578125,3,300,NULL
402,1,2026-03-26 06:00:00.000,373,-1.7818805859707,5,258,NULL
403,1,2026-03-26 07:00:00.000,373,-1.76054823551295,5,258,NULL
404,1,2026-03-26 06:00:00.000,1584,-0.0127502690898032,5,303,NULL
405,1,2026-03-26 07:00:00.000,1584,-0.0128486044392004,5,303,NULL
406,1,2026-03-26 06:00:00.000,1745,-2.37211459004883,6,297,NULL
407,1,2026-03-26 07:00:00.000,1745,-2.32640379882404,6,297,NULL
408,1,2026-03-26 06:00:00.000,426,200,18,415,NULL
409,1,2026-03-26 07:00:00.000,426,200,18,415,NULL
410,1,2026-03-26 06:00:00.000,427,150,18,59,NULL
411,1,2026-03-26 07:00:00.000,427,150,18,59,NULL
412,1,2026-03-26 06:00:00.000,1112,45,18,323,NULL
413,1,2026-03-26 07:00:00.000,1112,45,18,323,NULL
414,1,2026-03-26 06:00:00.000,1315,2.15,18,271,NULL
415,1,2026-03-26 07:00:00.000,1315,2.15,18,271,NULL
416,1,2026-03-26 06:00:00.000,2125,10,18,330,NULL
417,1,2026-03-26 07:00:00.000,2125,10,18,330,NULL
418,1,2026-03-26 06:00:00.000,2173,1,18,370,NULL
419,1,2026-03-26 07:00:00.000,2173,1,18,370,NULL
420,1,2026-03-26 06:00:00.000,2902,1,18,371,NULL
421,1,2026-03-26 07:00:00.000,2902,1,18,371,NULL
422,1,2026-03-26 06:00:00.000,3864,0,18,387,NULL
423,1,2026-03-26 07:00:00.000,3864,0,18,387,NULL
424,1,2026-03-26 08:00:00.000,11,-1.00864395706642,6,418,NULL
425,1,2026-03-26 09:00:00.000,11,-0.965376133898102,6,418,NULL
426,1,2026-03-26 08:00:00.000,170,-3.0517578125,3,300,NULL
427,1,2026-03-26 09:00:00.000,170,-3.0517578125,3,300,NULL
428,1,2026-03-26 08:00:00.000,373,-1.76121854725209,5,258,NULL
429,1,2026-03-26 09:00:00.000,373,-1.84443493035707,5,258,NULL
430,1,2026-03-26 08:00:00.000,1584,-0.0130883289395909,5,303,NULL
431,1,2026-03-26 09:00:00.000,1584,-0.0123138449352054,5,303,NULL
432,1,2026-03-26 08:00:00.000,1745,-2.31054401397705,6,297,NULL
433,1,2026-03-26 09:00:00.000,1745,-2.31054401397705,6,297,NULL
434,1,2026-03-26 08:00:00.000,426,200,18,415,NULL
435,1,2026-03-26 09:00:00.000,426,200,18,415,NULL
436,1,2026-03-26 08:00:00.000,427,150,18,59,NULL
437,1,2026-03-26 09:00:00.000,427,150,18,59,NULL
438,1,2026-03-26 08:00:00.000,1112,45,18,323,NULL
439,1,2026-03-26 09:00:00.000,1112,45,18,323,NULL
440,1,2026-03-26 08:00:00.000,1315,2.15,18,271,NULL
441,1,2026-03-26 09:00:00.000,1315,2.15,18,271,NULL
442,1,2026-03-26 08:00:00.000,2125,10,18,330,NULL
443,1,2026-03-26 09:00:00.000,2125,10,18,330,NULL
444,1,2026-03-26 08:00:00.000,2173,1,18,370,NULL
445,1,2026-03-26 09:00:00.000,2173,1,18,370,NULL
446,1,2026-03-26 08:00:00.000,2902,1,18,371,NULL
447,1,2026-03-26 09:00:00.000,2902,1,18,371,NULL
448,1,2026-03-26 08:00:00.000,3864,0,18,387,NULL
449,1,2026-03-26 09:00:00.000,3864,0,18,387,NULL
450,1,2026-03-26 10:00:00.000,11,-0.932853278186586,6,418,NULL
451,1,2026-03-26 10:00:00.000,170,-3.0517578125,3,300,NULL
452,1,2026-03-26 10:00:00.000,373,-1.83202478741606,5,258,NULL
453,1,2026-03-26 10:00:00.000,1584,-0.0124048921959388,5,303,NULL
454,1,2026-03-26 10:00:00.000,1745,-2.31054401397705,6,297,NULL
455,1,2026-03-26 10:00:00.000,426,200,18,415,NULL
456,1,2026-03-26 10:00:00.000,427,150,18,59,NULL
457,1,2026-03-26 10:00:00.000,1112,45,18,323,NULL
458,1,2026-03-26 10:00:00.000,1315,2.15,18,271,NULL
459,1,2026-03-26 10:00:00.000,2125,10,18,330,NULL
460,1,2026-03-26 10:00:00.000,2173,1,18,370,NULL
461,1,2026-03-26 10:00:00.000,2902,1,18,371,NULL
462,1,2026-03-26 10:00:00.000,3864,0,18,387,NULL
463,1,2026-03-26 11:00:00.000,11,-0.889802039669206,6,418,NULL
464,1,2026-03-26 11:00:00.000,170,-3.0517578125,3,300,NULL
465,1,2026-03-26 11:00:00.000,373,-1.86957349379857,5,258,NULL
466,1,2026-03-26 11:00:00.000,1584,-0.0116074493492488,5,303,NULL
467,1,2026-03-26 11:00:00.000,1745,-2.09756514907533,6,297,NULL
468,1,2026-03-26 11:00:00.000,426,200,18,415,NULL
469,1,2026-03-26 11:00:00.000,427,150,18,59,NULL
470,1,2026-03-26 11:00:00.000,1112,45,18,323,NULL
471,1,2026-03-26 11:00:00.000,1315,2.15,18,271,NULL
472,1,2026-03-26 11:00:00.000,2125,10,18,330,NULL
473,1,2026-03-26 11:00:00.000,2173,1,18,370,NULL
474,1,2026-03-26 11:00:00.000,2902,1,18,371,NULL
475,1,2026-03-26 11:00:00.000,3864,0,18,387,NULL
476,1,2026-03-26 12:00:00.000,11,-0.666250137716396,6,418,NULL
477,1,2026-03-26 12:00:00.000,170,-3.0517578125,3,300,NULL
478,1,2026-03-26 12:00:00.000,373,-1.94619222321732,5,258,NULL
479,1,2026-03-26 12:00:00.000,1584,-0.00457712095863663,5,303,NULL
480,1,2026-03-26 12:00:00.000,1745,-2.10621023178101,6,297,NULL
481,1,2026-03-26 12:00:00.000,426,200,18,415,NULL
482,1,2026-03-26 12:00:00.000,427,150,18,59,NULL
483,1,2026-03-26 12:00:00.000,1112,45,18,323,NULL
484,1,2026-03-26 12:00:00.000,1315,2.15,18,271,NULL
485,1,2026-03-26 12:00:00.000,2125,10,18,330,NULL
486,1,2026-03-26 12:00:00.000,2173,1,18,370,NULL
487,1,2026-03-26 12:00:00.000,2902,1,18,371,NULL
488,1,2026-03-26 12:00:00.000,3864,0,18,387,NULL
489,1,2026-03-26 13:00:00.000,11,-0.691861819169036,6,418,NULL
490,1,2026-03-26 13:00:00.000,170,-3.0517578125,3,300,NULL
491,1,2026-03-26 13:00:00.000,373,-1.99976046055267,5,258,NULL
492,1,2026-03-26 13:00:00.000,1584,-0.00116881440363998,5,303,NULL
493,1,2026-03-26 13:00:00.000,1745,-2.10621023178101,6,297,NULL
494,1,2026-03-26 13:00:00.000,426,200,18,415,NULL
495,1,2026-03-26 13:00:00.000,427,150,18,59,NULL
496,1,2026-03-26 13:00:00.000,1112,45,18,323,NULL
497,1,2026-03-26 13:00:00.000,1315,2.15,18,271,NULL
498,1,2026-03-26 13:00:00.000,2125,10,18,330,NULL
499,1,2026-03-26 13:00:00.000,2173,1,18,370,NULL
500,1,2026-03-26 13:00:00.000,2902,1,18,371,NULL
501,1,2026-03-26 13:00:00.000,3864,0,18,387,NULL
502,1,2026-03-26 14:00:00.000,11,-0.347706697621986,6,418,NULL
503,1,2026-03-26 14:00:00.000,170,-3.0517578125,3,300,NULL
504,1,2026-03-26 14:00:00.000,373,-1.93833843497766,5,258,NULL
505,1,2026-03-26 14:00:00.000,1584,-0.00138387217780593,5,303,NULL
506,1,2026-03-26 14:00:00.000,1745,-2.10621023178101,6,297,NULL
507,1,2026-03-26 14:00:00.000,426,200,18,415,NULL
508,1,2026-03-26 14:00:00.000,427,150,18,59,NULL
509,1,2026-03-26 14:00:00.000,1112,45,18,323,NULL
510,1,2026-03-26 14:00:00.000,1315,2.15,18,271,NULL
511,1,2026-03-26 14:00:00.000,2125,10,18,330,NULL
512,1,2026-03-26 14:00:00.000,2173,1,18,370,NULL
513,1,2026-03-26 14:00:00.000,2902,1,18,371,NULL
514,1,2026-03-26 14:00:00.000,3864,0,18,387,NULL
515,1,2026-03-26 15:00:00.000,170,-3.0517578125,3,300,NULL
516,1,2026-03-26 15:00:00.000,373,-1.93854680771905,5,258,NULL
517,1,2026-03-26 15:00:00.000,1584,-0.000220089227357666,5,303,NULL
518,1,2026-03-26 15:00:00.000,1745,-1.87950510121119,6,297,NULL
519,1,2026-03-26 15:00:00.000,426,200,18,415,NULL
520,1,2026-03-26 15:00:00.000,427,150,18,59,NULL
521,1,2026-03-26 15:00:00.000,1112,45,18,323,NULL
522,1,2026-03-26 15:00:00.000,1315,2.15,18,271,NULL
523,1,2026-03-26 15:00:00.000,2125,10,18,330,NULL
524,1,2026-03-26 15:00:00.000,2173,1,18,370,NULL
525,1,2026-03-26 15:00:00.000,2902,1,18,371,NULL
526,1,2026-03-26 15:00:00.000,3864,0,18,387,NULL
527,1,2026-03-26 16:00:00.000,170,-3.0517578125,3,300,NULL
528,1,2026-03-26 16:00:00.000,373,-1.79544114773196,5,258,NULL
529,1,2026-03-26 16:00:00.000,1745,-1.97669825140984,6,297,NULL
530,1,2026-03-26 16:00:00.000,426,200,18,415,NULL
531,1,2026-03-26 16:00:00.000,427,150,18,59,NULL
532,1,2026-03-26 16:00:00.000,1112,45,18,323,NULL
533,1,2026-03-26 16:00:00.000,1315,2.15,18,271,NULL
534,1,2026-03-26 16:00:00.000,2125,10,18,330,NULL
535,1,2026-03-26 16:00:00.000,2173,1,18,370,NULL
536,1,2026-03-26 16:00:00.000,2902,1,18,371,NULL
537,1,2026-03-26 16:00:00.000,3864,0,18,387,NULL
538,1,2026-03-26 17:00:00.000,11,-0.391955805938728,6,418,NULL
539,1,2026-03-26 17:00:00.000,170,-3.0517578125,3,300,NULL
540,1,2026-03-26 17:00:00.000,373,-1.64151691458291,5,258,NULL
541,1,2026-03-26 17:00:00.000,1584,-0.00118085242337122,5,303,NULL
542,1,2026-03-26 17:00:00.000,1745,-2.04579741108664,6,297,NULL
543,1,2026-03-26 17:00:00.000,426,200,18,415,NULL
544,1,2026-03-26 17:00:00.000,427,150,18,59,NULL
545,1,2026-03-26 17:00:00.000,1112,45,18,323,NULL
546,1,2026-03-26 17:00:00.000,1315,2.15,18,271,NULL
547,1,2026-03-26 17:00:00.000,2125,10,18,330,NULL
548,1,2026-03-26 17:00:00.000,2173,1,18,370,NULL
549,1,2026-03-26 17:00:00.000,2902,1,18,371,NULL
550,1,2026-03-26 17:00:00.000,3864,0,18,387,NULL
551,1,2026-03-26 18:00:00.000,11,-0.840559979995975,6,418,NULL
552,1,2026-03-26 18:00:00.000,170,-3.0517578125,3,300,NULL
553,1,2026-03-26 18:00:00.000,373,-1.71507943955594,5,258,NULL
554,1,2026-03-26 18:00:00.000,1584,-0.0105414158638563,5,303,NULL
555,1,2026-03-26 18:00:00.000,1745,-2.30578082856709,6,297,NULL
556,1,2026-03-26 18:00:00.000,426,200,18,415,NULL
557,1,2026-03-26 18:00:00.000,427,150,18,59,NULL
558,1,2026-03-26 18:00:00.000,1112,45,18,323,NULL
559,1,2026-03-26 18:00:00.000,1315,2.15,18,271,NULL
560,1,2026-03-26 18:00:00.000,2125,10,18,330,NULL
561,1,2026-03-26 18:00:00.000,2173,1,18,370,NULL
562,1,2026-03-26 18:00:00.000,2902,1,18,371,NULL
563,1,2026-03-26 18:00:00.000,3864,0,18,387,NULL
564,1,2026-03-26 19:00:00.000,11,-0.927414568621748,6,418,NULL
565,1,2026-03-26 19:00:00.000,170,-3.0517578125,3,300,NULL
566,1,2026-03-26 19:00:00.000,373,-1.74149053635663,5,258,NULL
567,1,2026-03-26 19:00:00.000,1584,-0.0125410124559151,5,303,NULL
568,1,2026-03-26 19:00:00.000,1745,-2.30223478854871,6,297,NULL
569,1,2026-03-26 19:00:00.000,426,200,18,415,NULL
570,1,2026-03-26 19:00:00.000,427,150,18,59,NULL
571,1,2026-03-26 19:00:00.000,1112,45,18,323,NULL
572,1,2026-03-26 19:00:00.000,1315,2.15,18,271,NULL
573,1,2026-03-26 19:00:00.000,2125,10,18,330,NULL
574,1,2026-03-26 19:00:00.000,2173,1,18,370,NULL
575,1,2026-03-26 19:00:00.000,2902,1,18,371,NULL
576,1,2026-03-26 19:00:00.000,3864,0,18,387,NULL
577,1,2026-03-26 20:00:00.000,11,-0.9617869749955,6,418,NULL
578,1,2026-03-26 20:00:00.000,170,-3.0517578125,3,300,NULL
579,1,2026-03-26 20:00:00.000,373,-1.75742151093152,5,258,NULL
580,1,2026-03-26 20:00:00.000,1584,-0.0123307485377132,5,303,NULL
581,1,2026-03-26 20:00:00.000,1745,-2.34541997711495,6,297,NULL
582,1,2026-03-26 20:00:00.000,426,200,18,415,NULL
583,1,2026-03-26 20:00:00.000,427,150,18,59,NULL
584,1,2026-03-26 20:00:00.000,1112,45,18,323,NULL
585,1,2026-03-26 20:00:00.000,1315,2.15,18,271,NULL
586,1,2026-03-26 20:00:00.000,2125,10,18,330,NULL
587,1,2026-03-26 20:00:00.000,2173,1,18,370,NULL
588,1,2026-03-26 20:00:00.000,2902,1,18,371,NULL
589,1,2026-03-26 20:00:00.000,3864,0,18,387,NULL
590,1,2026-03-26 21:00:00.000,11,-1.07578505061291,6,418,NULL
591,1,2026-03-26 21:00:00.000,170,-3.0517578125,3,300,NULL
592,1,2026-03-26 21:00:00.000,373,-1.74528768402007,5,258,NULL
593,1,2026-03-26 21:00:00.000,1584,-0.0165815561393888,5,303,NULL
594,1,2026-03-26 21:00:00.000,1745,-2.3696030559185,6,297,NULL
595,1,2026-03-26 21:00:00.000,426,200,18,415,NULL
596,1,2026-03-26 21:00:00.000,427,150,18,59,NULL
597,1,2026-03-26 21:00:00.000,1112,45,18,323,NULL
598,1,2026-03-26 21:00:00.000,1315,2.15,18,271,NULL
599,1,2026-03-26 21:00:00.000,2125,10,18,330,NULL
600,1,2026-03-26 21:00:00.000,2173,1,18,370,NULL
601,1,2026-03-26 21:00:00.000,2902,1,18,371,NULL
602,1,2026-03-26 21:00:00.000,3864,0,18,387,NULL
603,1,2026-03-26 22:00:00.000,11,-1.0838070012452,6,418,NULL
604,1,2026-03-26 22:00:00.000,170,-3.0517578125,3,300,NULL
605,1,2026-03-26 22:00:00.000,373,-1.74558827807506,5,258,NULL
606,1,2026-03-26 22:00:00.000,1584,-0.00903193120283066,5,303,NULL
607,1,2026-03-26 22:00:00.000,1745,-2.30034892347212,6,297,NULL
608,1,2026-03-26 22:00:00.000,426,200,18,415,NULL
609,1,2026-03-26 22:00:00.000,427,150,18,59,NULL
610,1,2026-03-26 22:00:00.000,1112,45,18,323,NULL
611,1,2026-03-26 22:00:00.000,1315,2.15,18,271,NULL
612,1,2026-03-26 22:00:00.000,2125,10,18,330,NULL
613,1,2026-03-26 22:00:00.000,2173,1,18,370,NULL
614,1,2026-03-26 22:00:00.000,2902,1,18,371,NULL
615,1,2026-03-26 22:00:00.000,3864,0,18,387,NULL
616,1,2026-03-26 23:00:00.000,11,-0.990103878039592,6,418,NULL
617,1,2026-03-26 23:00:00.000,170,-3.0517578125,3,300,NULL
618,1,2026-03-26 23:00:00.000,373,-1.76544386933431,5,258,NULL
619,1,2026-03-26 23:00:00.000,1584,-0.00789241261433803,5,303,NULL
620,1,2026-03-26 23:00:00.000,1745,-2.32631776206174,6,297,NULL
621,1,2026-03-26 23:00:00.000,426,200,18,415,NULL
622,1,2026-03-26 23:00:00.000,427,150,18,59,NULL
623,1,2026-03-26 23:00:00.000,1112,45,18,323,NULL
624,1,2026-03-26 23:00:00.000,1315,2.15,18,271,NULL
625,1,2026-03-26 23:00:00.000,2125,10,18,330,NULL
626,1,2026-03-26 23:00:00.000,2173,1,18,370,NULL
627,1,2026-03-26 23:00:00.000,2902,1,18,371,NULL
628,1,2026-03-26 23:00:00.000,3864,0,18,387,NULL
629,1,2026-03-27 00:00:00.000,11,-1.07344436422628,6,418,NULL
630,1,2026-03-27 00:00:00.000,170,-3.0517578125,3,300,NULL
631,1,2026-03-27 00:00:00.000,373,-1.79429164383269,5,258,NULL
632,1,2026-03-27 00:00:00.000,1584,-0.0106366255712204,5,303,NULL
633,1,2026-03-27 00:00:00.000,1745,-2.33712376996688,6,297,NULL
634,1,2026-03-27 00:00:00.000,426,200,18,415,NULL
635,1,2026-03-27 00:00:00.000,427,150,18,59,NULL
636,1,2026-03-27 00:00:00.000,1112,45,18,323,NULL
637,1,2026-03-27 00:00:00.000,1315,2.15,18,271,NULL
638,1,2026-03-27 00:00:00.000,2125,10,18,330,NULL
639,1,2026-03-27 00:00:00.000,2173,1,18,370,NULL
640,1,2026-03-27 00:00:00.000,2902,1,18,371,NULL
641,1,2026-03-27 00:00:00.000,3864,0,18,387,NULL
642,1,2026-03-27 01:00:00.000,11,-0.964008202707041,6,418,NULL
643,1,2026-03-27 01:00:00.000,170,-3.0517578125,3,300,NULL
644,1,2026-03-27 01:00:00.000,373,-1.7455782557331,5,258,NULL
645,1,2026-03-27 01:00:00.000,1584,-0.0148430542340709,5,303,NULL
646,1,2026-03-27 01:00:00.000,1745,-2.33264193405677,6,297,NULL
647,1,2026-03-27 01:00:00.000,426,200,18,415,NULL
648,1,2026-03-27 01:00:00.000,427,150,18,59,NULL
649,1,2026-03-27 01:00:00.000,1112,45,18,323,NULL
650,1,2026-03-27 01:00:00.000,1315,2.15,18,271,NULL
651,1,2026-03-27 01:00:00.000,2125,10,18,330,NULL
652,1,2026-03-27 01:00:00.000,2173,1,18,370,NULL
653,1,2026-03-27 01:00:00.000,2902,1,18,371,NULL
654,1,2026-03-27 01:00:00.000,3864,0,18,387,NULL
655,1,2026-03-27 02:00:00.000,11,-0.846800728083802,6,418,NULL
656,1,2026-03-27 02:00:00.000,170,-3.0517578125,3,300,NULL
657,1,2026-03-27 02:00:00.000,373,-1.73677019061314,5,258,NULL
658,1,2026-03-27 02:00:00.000,1584,-0.0118447594956684,5,303,NULL
659,1,2026-03-27 02:00:00.000,1745,-2.2987242810184,6,297,NULL
660,1,2026-03-27 02:00:00.000,426,200,18,415,NULL
661,1,2026-03-27 02:00:00.000,427,150,18,59,NULL
662,1,2026-03-27 02:00:00.000,1112,45,18,323,NULL
663,1,2026-03-27 02:00:00.000,1315,2.15,18,271,NULL
664,1,2026-03-27 02:00:00.000,2125,10,18,330,NULL
665,1,2026-03-27 02:00:00.000,2173,1,18,370,NULL
666,1,2026-03-27 02:00:00.000,2902,1,18,371,NULL
667,1,2026-03-27 02:00:00.000,3864,0,18,387,NULL
668,1,2026-03-27 03:00:00.000,11,-0.897781217971046,6,418,NULL
669,1,2026-03-27 03:00:00.000,170,-3.0517578125,3,300,NULL
670,1,2026-03-27 03:00:00.000,373,-1.74498148401578,5,258,NULL
671,1,2026-03-27 03:00:00.000,1584,-0.0113106531859624,5,303,NULL
672,1,2026-03-27 03:00:00.000,1745,-2.42349123954773,6,297,NULL
673,1,2026-03-27 03:00:00.000,426,200,18,415,NULL
674,1,2026-03-27 03:00:00.000,427,150,18,59,NULL
675,1,2026-03-27 03:00:00.000,1112,45,18,323,NULL
676,1,2026-03-27 03:00:00.000,1315,2.15,18,271,NULL
677,1,2026-03-27 03:00:00.000,2125,10,18,330,NULL
678,1,2026-03-27 03:00:00.000,2173,1,18,370,NULL
679,1,2026-03-27 03:00:00.000,2902,1,18,371,NULL
680,1,2026-03-27 03:00:00.000,3864,0,18,387,NULL
681,1,2026-03-27 04:00:00.000,11,-1.03221331592303,6,418,NULL
682,1,2026-03-27 04:00:00.000,170,-3.0517578125,3,300,NULL
683,1,2026-03-27 04:00:00.000,373,-1.74498420291477,5,258,NULL
684,1,2026-03-27 04:00:00.000,1584,-0.0111902674803317,5,303,NULL
685,1,2026-03-27 04:00:00.000,1745,-2.42349123954773,6,297,NULL
686,1,2026-03-27 04:00:00.000,426,200,18,415,NULL
687,1,2026-03-27 04:00:00.000,427,150,18,59,NULL
688,1,2026-03-27 04:00:00.000,1112,45,18,323,NULL
689,1,2026-03-27 04:00:00.000,1315,2.15,18,271,NULL
690,1,2026-03-27 04:00:00.000,2125,10,18,330,NULL
691,1,2026-03-27 04:00:00.000,2173,1,18,370,NULL
692,1,2026-03-27 04:00:00.000,2902,1,18,371,NULL
693,1,2026-03-27 04:00:00.000,3864,0,18,387,NULL
694,1,2026-03-27 05:00:00.000,11,-1.09494590389595,6,418,NULL
695,1,2026-03-27 06:00:00.000,11,-1.09219128556283,6,418,NULL
696,1,2026-03-27 07:00:00.000,11,-1.10106058453373,6,418,NULL
697,1,2026-03-27 05:00:00.000,170,-23.0657052509294,3,300,NULL
698,1,2026-03-27 06:00:00.000,170,-23.5939287300706,3,300,NULL
699,1,2026-03-27 07:00:00.000,170,-24.003494120681,3,300,NULL
700,1,2026-03-27 05:00:00.000,373,-1.74848038178351,5,258,NULL
701,1,2026-03-27 06:00:00.000,373,-1.73073893929521,5,258,NULL
702,1,2026-03-27 07:00:00.000,373,-1.74970759217938,5,258,NULL
703,1,2026-03-27 05:00:00.000,1584,-0.0102337933060115,5,303,NULL
704,1,2026-03-27 06:00:00.000,1584,-0.0118356184445038,5,303,NULL
705,1,2026-03-27 07:00:00.000,1584,-0.0128784613226638,5,303,NULL
706,1,2026-03-27 05:00:00.000,1745,-2.42349123954773,6,297,NULL
707,1,2026-03-27 06:00:00.000,1745,-2.42349123954773,6,297,NULL
708,1,2026-03-27 07:00:00.000,1745,-2.42349123954773,6,297,NULL
709,1,2026-03-27 05:00:00.000,426,200,18,415,NULL
710,1,2026-03-27 06:00:00.000,426,200,18,415,NULL
711,1,2026-03-27 07:00:00.000,426,200,18,415,NULL
712,1,2026-03-27 05:00:00.000,427,150,18,59,NULL
713,1,2026-03-27 06:00:00.000,427,150,18,59,NULL
714,1,2026-03-27 07:00:00.000,427,150,18,59,NULL
715,1,2026-03-27 05:00:00.000,1112,45,18,323,NULL
716,1,2026-03-27 06:00:00.000,1112,45,18,323,NULL
717,1,2026-03-27 07:00:00.000,1112,45,18,323,NULL
718,1,2026-03-27 05:00:00.000,1315,2.15,18,271,NULL
719,1,2026-03-27 06:00:00.000,1315,2.15,18,271,NULL
720,1,2026-03-27 07:00:00.000,1315,2.15,18,271,NULL
721,1,2026-03-27 05:00:00.000,2125,10,18,330,NULL
722,1,2026-03-27 06:00:00.000,2125,10,18,330,NULL
723,1,2026-03-27 07:00:00.000,2125,10,18,330,NULL
724,1,2026-03-27 05:00:00.000,2173,1,18,370,NULL
725,1,2026-03-27 06:00:00.000,2173,1,18,370,NULL
726,1,2026-03-27 07:00:00.000,2173,1,18,370,NULL
727,1,2026-03-27 05:00:00.000,2902,1,18,371,NULL
728,1,2026-03-27 06:00:00.000,2902,1,18,371,NULL
729,1,2026-03-27 07:00:00.000,2902,1,18,371,NULL
730,1,2026-03-27 05:00:00.000,3864,0,18,387,NULL
731,1,2026-03-27 06:00:00.000,3864,0,18,387,NULL
732,1,2026-03-27 07:00:00.000,3864,0,18,387,NULL
733,1,2026-03-27 08:00:00.000,11,-0.901636527984861,6,418,NULL
734,1,2026-03-27 08:00:00.000,170,-6.98083522759403,3,300,NULL
735,1,2026-03-27 08:00:00.000,373,-1.73842081218958,5,258,NULL
736,1,2026-03-27 08:00:00.000,1584,-0.0121492274090242,5,303,NULL
737,1,2026-03-27 08:00:00.000,1745,-2.20582575346783,6,297,NULL
738,1,2026-03-27 08:00:00.000,426,200,18,415,NULL
739,1,2026-03-27 08:00:00.000,427,150,18,59,NULL
740,1,2026-03-27 08:00:00.000,1112,45,18,323,NULL
741,1,2026-03-27 08:00:00.000,1315,2.15,18,271,NULL
742,1,2026-03-27 08:00:00.000,2125,10,18,330,NULL
743,1,2026-03-27 08:00:00.000,2173,1,18,370,NULL
744,1,2026-03-27 08:00:00.000,2902,1,18,371,NULL
745,1,2026-03-27 08:00:00.000,3864,0,18,387,NULL
746,1,2026-03-27 09:00:00.000,11,-0.783978473286307,6,418,NULL
747,1,2026-03-27 09:00:00.000,170,-3.14164066314697,3,300,NULL
748,1,2026-03-27 09:00:00.000,373,-1.70578702900145,5,258,NULL
749,1,2026-03-27 09:00:00.000,1584,-0.00938747497883418,5,303,NULL
750,1,2026-03-27 09:00:00.000,1745,-2.17543343929464,6,297,NULL
751,1,2026-03-27 09:00:00.000,426,200,18,415,NULL
752,1,2026-03-27 09:00:00.000,427,150,18,59,NULL
753,1,2026-03-27 09:00:00.000,1112,45,18,323,NULL
754,1,2026-03-27 09:00:00.000,1315,2.15,18,271,NULL
755,1,2026-03-27 09:00:00.000,2125,10,18,330,NULL
756,1,2026-03-27 09:00:00.000,2173,1,18,370,NULL
757,1,2026-03-27 09:00:00.000,2902,1,18,371,NULL
758,1,2026-03-27 09:00:00.000,3864,0,18,387,NULL
759,1,2026-03-27 10:00:00.000,11,-0.652713598515838,6,418,NULL
760,1,2026-03-27 10:00:00.000,170,-3.14164066314697,3,300,NULL
761,1,2026-03-27 10:00:00.000,373,-1.80256840467343,5,258,NULL
762,1,2026-03-27 10:00:00.000,1584,-0.00439928410308781,5,303,NULL
763,1,2026-03-27 10:00:00.000,1745,-1.98037003442166,6,297,NULL
764,1,2026-03-27 10:00:00.000,426,200,18,415,NULL
765,1,2026-03-27 10:00:00.000,427,150,18,59,NULL
766,1,2026-03-27 10:00:00.000,1112,45,18,323,NULL
767,1,2026-03-27 10:00:00.000,1315,2.15,18,271,NULL
768,1,2026-03-27 10:00:00.000,2125,10,18,330,NULL
769,1,2026-03-27 10:00:00.000,2173,1,18,370,NULL
770,1,2026-03-27 10:00:00.000,2902,1,18,371,NULL
771,1,2026-03-27 10:00:00.000,3864,0,18,387,NULL
772,1,2026-03-27 11:00:00.000,11,-0.502715665902166,6,418,NULL
773,1,2026-03-27 11:00:00.000,170,-3.14164066314697,3,300,NULL
774,1,2026-03-27 11:00:00.000,373,-1.78677410996402,5,258,NULL
775,1,2026-03-27 11:00:00.000,1584,-0.00493287358719318,5,303,NULL
776,1,2026-03-27 11:00:00.000,1745,-1.81568576560329,6,297,NULL
777,1,2026-03-27 11:00:00.000,426,200,18,415,NULL
778,1,2026-03-27 11:00:00.000,427,150,18,59,NULL
779,1,2026-03-27 11:00:00.000,1112,45,18,323,NULL
780,1,2026-03-27 11:00:00.000,1315,2.15,18,271,NULL
781,1,2026-03-27 11:00:00.000,2125,10,18,330,NULL
782,1,2026-03-27 11:00:00.000,2173,1,18,370,NULL
783,1,2026-03-27 11:00:00.000,2902,1,18,371,NULL
784,1,2026-03-27 11:00:00.000,3864,0,18,387,NULL
785,1,2026-03-27 12:00:00.000,11,-0.659317629644302,6,418,NULL
786,1,2026-03-27 12:00:00.000,170,-3.14164066314697,3,300,NULL
787,1,2026-03-27 12:00:00.000,373,-1.84776224297766,5,258,NULL
788,1,2026-03-27 12:00:00.000,1584,-0.00637903634532466,5,303,NULL
789,1,2026-03-27 12:00:00.000,1745,-1.88254892758443,6,297,NULL
790,1,2026-03-27 12:00:00.000,426,200,18,415,NULL
791,1,2026-03-27 12:00:00.000,427,150,18,59,NULL
792,1,2026-03-27 12:00:00.000,1112,45,18,323,NULL
793,1,2026-03-27 12:00:00.000,1315,2.15,18,271,NULL
794,1,2026-03-27 12:00:00.000,2125,10,18,330,NULL
795,1,2026-03-27 12:00:00.000,2173,1,18,370,NULL
796,1,2026-03-27 12:00:00.000,2902,1,18,371,NULL
797,1,2026-03-27 12:00:00.000,3864,0,18,387,NULL
798,1,2026-03-27 13:00:00.000,11,-0.583767722704172,6,418,NULL
799,1,2026-03-27 13:00:00.000,170,-3.14164066314697,3,300,NULL
800,1,2026-03-27 13:00:00.000,373,-1.9660813445456,5,258,NULL
801,1,2026-03-27 13:00:00.000,1584,-0.00443077576137582,5,303,NULL
802,1,2026-03-27 13:00:00.000,1745,-1.89802105452156,6,297,NULL
803,1,2026-03-27 13:00:00.000,426,200,18,415,NULL
804,1,2026-03-27 13:00:00.000,427,150,18,59,NULL
805,1,2026-03-27 13:00:00.000,1112,45,18,323,NULL
806,1,2026-03-27 13:00:00.000,1315,2.15,18,271,NULL
807,1,2026-03-27 13:00:00.000,2125,10,18,330,NULL
808,1,2026-03-27 13:00:00.000,2173,1,18,370,NULL
809,1,2026-03-27 13:00:00.000,2902,1,18,371,NULL
810,1,2026-03-27 13:00:00.000,3864,0,18,387,NULL
811,1,2026-03-27 14:00:00.000,11,-0.842415519167359,6,418,NULL
812,1,2026-03-27 15:00:00.000,11,-0.702390624634508,6,418,NULL
813,1,2026-03-27 16:00:00.000,11,-0.381710089048009,6,418,NULL
814,1,2026-03-27 14:00:00.000,170,-3.14164066314697,3,300,NULL
815,1,2026-03-27 15:00:00.000,170,-3.14164066314697,3,300,NULL
816,1,2026-03-27 16:00:00.000,170,-3.14164066314697,3,300,NULL
817,1,2026-03-27 14:00:00.000,373,-2.10534007501381,5,258,NULL
818,1,2026-03-27 15:00:00.000,373,-2.13348507699039,5,258,NULL
819,1,2026-03-27 16:00:00.000,373,-2.90174493243297,5,258,NULL
820,1,2026-03-27 14:00:00.000,1584,-0.00398888484009063,5,303,NULL
821,1,2026-03-27 15:00:00.000,1584,-0.00674165671505863,5,303,NULL
822,1,2026-03-27 16:00:00.000,1584,-0.00760599402398377,5,303,NULL
823,1,2026-03-27 14:00:00.000,1745,-1.93521269403002,6,297,NULL
824,1,2026-03-27 15:00:00.000,1745,-1.97099155122735,6,297,NULL
825,1,2026-03-27 16:00:00.000,1745,-2.01033485917798,6,297,NULL
826,1,2026-03-27 16:00:00.000,409,-0.000229544001462573,5,269,NULL
827,1,2026-03-27 14:00:00.000,426,200,18,415,NULL
828,1,2026-03-27 15:00:00.000,426,200,18,415,NULL
829,1,2026-03-27 16:00:00.000,426,200,18,415,NULL
830,1,2026-03-27 14:00:00.000,427,150,18,59,NULL
831,1,2026-03-27 15:00:00.000,427,150,18,59,NULL
832,1,2026-03-27 16:00:00.000,427,150,18,59,NULL
833,1,2026-03-27 14:00:00.000,1112,45,18,323,NULL
834,1,2026-03-27 15:00:00.000,1112,45,18,323,NULL
835,1,2026-03-27 16:00:00.000,1112,45,18,323,NULL
836,1,2026-03-27 14:00:00.000,1315,2.15,18,271,NULL
837,1,2026-03-27 15:00:00.000,1315,2.15,18,271,NULL
838,1,2026-03-27 16:00:00.000,1315,2.15,18,271,NULL
839,1,2026-03-27 14:00:00.000,2125,10,18,330,NULL
840,1,2026-03-27 15:00:00.000,2125,10,18,330,NULL
841,1,2026-03-27 16:00:00.000,2125,10,18,330,NULL
842,1,2026-03-27 14:00:00.000,2173,1,18,370,NULL
843,1,2026-03-27 15:00:00.000,2173,1,18,370,NULL
844,1,2026-03-27 16:00:00.000,2173,1,18,370,NULL
845,1,2026-03-27 14:00:00.000,2902,1,18,371,NULL
846,1,2026-03-27 15:00:00.000,2902,1,18,371,NULL
847,1,2026-03-27 16:00:00.000,2902,1,18,371,NULL
848,1,2026-03-27 14:00:00.000,3864,0,18,387,NULL
849,1,2026-03-27 15:00:00.000,3864,0,18,387,NULL
850,1,2026-03-27 16:00:00.000,3864,0,18,387,NULL
851,1,2026-03-27 17:00:00.000,11,-0.529350421363488,6,418,NULL
852,1,2026-03-27 17:00:00.000,170,-3.14164066314697,3,300,NULL
853,1,2026-03-27 17:00:00.000,373,-4.21383118288385,5,258,NULL
854,1,2026-03-27 17:00:00.000,1584,-0.00675772882227296,5,303,NULL
855,1,2026-03-27 17:00:00.000,1745,-2.09731459617615,6,297,NULL
856,1,2026-03-27 17:00:00.000,409,-0.00115494372185941,5,269,NULL
857,1,2026-03-27 17:00:00.000,426,200,18,415,NULL
858,1,2026-03-27 17:00:00.000,427,150,18,59,NULL
859,1,2026-03-27 17:00:00.000,1112,45,18,323,NULL
860,1,2026-03-27 17:00:00.000,1315,2.15,18,271,NULL
861,1,2026-03-27 17:00:00.000,2125,10,18,330,NULL
862,1,2026-03-27 17:00:00.000,2173,1,18,370,NULL
863,1,2026-03-27 17:00:00.000,2902,1,18,371,NULL
864,1,2026-03-27 17:00:00.000,3864,0,18,387,NULL
865,1,2026-03-27 18:00:00.000,11,-0.809883106479214,6,418,NULL
866,1,2026-03-27 18:00:00.000,170,-3.14164066314697,3,300,NULL
867,1,2026-03-27 18:00:00.000,373,-2.62951965976093,5,258,NULL
868,1,2026-03-27 18:00:00.000,1584,-0.00594674091820333,5,303,NULL
869,1,2026-03-27 18:00:00.000,1745,-2.29291227563911,6,297,NULL
870,1,2026-03-27 18:00:00.000,426,200,18,415,NULL
871,1,2026-03-27 18:00:00.000,427,150,18,59,NULL
872,1,2026-03-27 18:00:00.000,1112,45,18,323,NULL
873,1,2026-03-27 18:00:00.000,1315,2.15,18,271,NULL
874,1,2026-03-27 18:00:00.000,2125,10,18,330,NULL
875,1,2026-03-27 18:00:00.000,2173,1,18,370,NULL
876,1,2026-03-27 18:00:00.000,2902,1,18,371,NULL
877,1,2026-03-27 18:00:00.000,3864,0,18,387,NULL
878,1,2026-03-27 19:00:00.000,11,-1.00811851999878,6,418,NULL
879,1,2026-03-27 19:00:00.000,170,-3.14164066314697,3,300,NULL
880,1,2026-03-27 19:00:00.000,373,-1.76523129632076,5,258,NULL
881,1,2026-03-27 19:00:00.000,1584,-0.00848034058115445,5,303,NULL
882,1,2026-03-27 19:00:00.000,1745,-2.23930146120236,6,297,NULL
883,1,2026-03-27 19:00:00.000,426,200,18,415,NULL
884,1,2026-03-27 19:00:00.000,427,150,18,59,NULL
885,1,2026-03-27 19:00:00.000,1112,45,18,323,NULL
886,1,2026-03-27 19:00:00.000,1315,2.15,18,271,NULL
887,1,2026-03-27 19:00:00.000,2125,10,18,330,NULL
888,1,2026-03-27 19:00:00.000,2173,1,18,370,NULL
889,1,2026-03-27 19:00:00.000,2902,1,18,371,NULL
890,1,2026-03-27 19:00:00.000,3864,0,18,387,NULL
891,1,2026-03-27 20:00:00.000,11,-1.03480098656516,6,418,NULL
892,1,2026-03-27 20:00:00.000,170,-3.14164066314697,3,300,NULL
893,1,2026-03-27 20:00:00.000,373,-1.7444965673652,5,258,NULL
894,1,2026-03-27 20:00:00.000,1584,-0.00862204728043354,5,303,NULL
895,1,2026-03-27 20:00:00.000,1745,-2.26878820599269,6,297,NULL
896,1,2026-03-27 20:00:00.000,426,200,18,415,NULL
897,1,2026-03-27 20:00:00.000,427,150,18,59,NULL
898,1,2026-03-27 20:00:00.000,1112,45,18,323,NULL
899,1,2026-03-27 20:00:00.000,1315,2.15,18,271,NULL
900,1,2026-03-27 20:00:00.000,2125,10,18,330,NULL
901,1,2026-03-27 20:00:00.000,2173,1,18,370,NULL
902,1,2026-03-27 20:00:00.000,2902,1,18,371,NULL
903,1,2026-03-27 20:00:00.000,3864,0,18,387,NULL
904,1,2026-03-27 21:00:00.000,11,-1.06916165038314,6,418,NULL
905,1,2026-03-27 21:00:00.000,170,-3.14164066314697,3,300,NULL
906,1,2026-03-27 21:00:00.000,373,-1.74556789636612,5,258,NULL
907,1,2026-03-27 21:00:00.000,1584,-0.0073766763838325,5,303,NULL
908,1,2026-03-27 21:00:00.000,1745,-2.31643383578101,6,297,NULL
909,1,2026-03-27 21:00:00.000,426,200,18,415,NULL
910,1,2026-03-27 21:00:00.000,427,150,18,59,NULL
911,1,2026-03-27 21:00:00.000,1112,45,18,323,NULL
912,1,2026-03-27 21:00:00.000,1315,2.15,18,271,NULL
913,1,2026-03-27 21:00:00.000,2125,10,18,330,NULL
914,1,2026-03-27 21:00:00.000,2173,1,18,370,NULL
915,1,2026-03-27 21:00:00.000,2902,1,18,371,NULL
916,1,2026-03-27 21:00:00.000,3864,0,18,387,NULL
917,1,2026-03-27 22:00:00.000,11,-1.03612311172855,6,418,NULL
918,1,2026-03-27 22:00:00.000,170,-22.684949447363,3,300,NULL
919,1,2026-03-27 22:00:00.000,373,-1.74313491380877,5,258,NULL
920,1,2026-03-27 22:00:00.000,1584,-0.00652934721515528,5,303,NULL
921,1,2026-03-27 22:00:00.000,1745,-2.35778498649597,6,297,NULL
922,1,2026-03-27 22:00:00.000,426,200,18,415,NULL
923,1,2026-03-27 22:00:00.000,427,150,18,59,NULL
924,1,2026-03-27 22:00:00.000,1112,45,18,323,NULL
925,1,2026-03-27 22:00:00.000,1315,2.15,18,271,NULL
926,1,2026-03-27 22:00:00.000,2125,10,18,330,NULL
927,1,2026-03-27 22:00:00.000,2173,1,18,370,NULL
928,1,2026-03-27 22:00:00.000,2902,1,18,371,NULL
929,1,2026-03-27 22:00:00.000,3864,0,18,387,NULL
930,1,2026-03-27 23:00:00.000,11,-1.03199632455411,6,418,NULL
931,1,2026-03-27 23:00:00.000,170,-13.9804956780869,3,300,NULL
932,1,2026-03-27 23:00:00.000,373,-1.73794964455896,5,258,NULL
933,1,2026-03-27 23:00:00.000,1584,-0.00590196774411601,5,303,NULL
934,1,2026-03-27 23:00:00.000,1745,-2.35778498649597,6,297,NULL
935,1,2026-03-27 23:00:00.000,426,200,18,415,NULL
936,1,2026-03-27 23:00:00.000,427,150,18,59,NULL
937,1,2026-03-27 23:00:00.000,1112,45,18,323,NULL
938,1,2026-03-27 23:00:00.000,1315,2.15,18,271,NULL
939,1,2026-03-27 23:00:00.000,2125,10,18,330,NULL
940,1,2026-03-27 23:00:00.000,2173,1,18,370,NULL
941,1,2026-03-27 23:00:00.000,2902,1,18,371,NULL
942,1,2026-03-27 23:00:00.000,3864,0,18,387,NULL
943,1,2026-03-28 00:00:00.000,11,-1.03910852086823,6,418,NULL
944,1,2026-03-28 00:00:00.000,170,-3.04877471923828,3,300,NULL
945,1,2026-03-28 00:00:00.000,373,-1.74546354144812,5,258,NULL
946,1,2026-03-28 00:00:00.000,1584,-0.00582707461545498,5,303,NULL
947,1,2026-03-28 00:00:00.000,1745,-2.35778498649597,6,297,NULL
948,1,2026-03-28 00:00:00.000,426,200,18,415,NULL
949,1,2026-03-28 00:00:00.000,427,150,18,59,NULL
950,1,2026-03-28 00:00:00.000,1112,45,18,323,NULL
951,1,2026-03-28 00:00:00.000,1315,2.15,18,271,NULL
952,1,2026-03-28 00:00:00.000,2125,10,18,330,NULL
953,1,2026-03-28 00:00:00.000,2173,1,18,370,NULL
954,1,2026-03-28 00:00:00.000,2902,1,18,371,NULL
955,1,2026-03-28 00:00:00.000,3864,0,18,387,NULL
956,1,2026-03-28 01:00:00.000,11,-1.05280895742974,6,418,NULL
957,1,2026-03-28 01:00:00.000,170,-3.04877471923828,3,300,NULL
958,1,2026-03-28 01:00:00.000,373,-1.73499324740635,5,258,NULL
959,1,2026-03-28 01:00:00.000,1584,-0.00350551052894542,5,303,NULL
960,1,2026-03-28 01:00:00.000,1745,-2.35778498649597,6,297,NULL
961,1,2026-03-28 01:00:00.000,426,200,18,415,NULL
962,1,2026-03-28 01:00:00.000,427,150,18,59,NULL
963,1,2026-03-28 01:00:00.000,1112,45,18,323,NULL
964,1,2026-03-28 01:00:00.000,1315,2.15,18,271,NULL
965,1,2026-03-28 01:00:00.000,2125,10,18,330,NULL
966,1,2026-03-28 01:00:00.000,2173,1,18,370,NULL
967,1,2026-03-28 01:00:00.000,2902,1,18,371,NULL
968,1,2026-03-28 01:00:00.000,3864,0,18,387,NULL
969,1,2026-03-28 02:00:00.000,11,-1.02307140316008,6,418,NULL
970,1,2026-03-28 02:00:00.000,170,-3.04877471923828,3,300,NULL
971,1,2026-03-28 02:00:00.000,373,-1.71216182735231,5,258,NULL
972,1,2026-03-28 02:00:00.000,1584,-0.00170647025372651,5,303,NULL
973,1,2026-03-28 02:00:00.000,1745,-2.35778498649597,6,297,NULL
974,1,2026-03-28 02:00:00.000,426,200,18,415,NULL
975,1,2026-03-28 02:00:00.000,427,150,18,59,NULL
976,1,2026-03-28 02:00:00.000,1112,45,18,323,NULL
977,1,2026-03-28 02:00:00.000,1315,2.15,18,271,NULL
978,1,2026-03-28 02:00:00.000,2125,10,18,330,NULL
979,1,2026-03-28 02:00:00.000,2173,1,18,370,NULL
980,1,2026-03-28 02:00:00.000,2902,1,18,371,NULL
981,1,2026-03-28 02:00:00.000,3864,0,18,387,NULL
982,1,2026-03-28 03:00:00.000,11,-0.991556495466218,6,418,NULL
983,1,2026-03-28 03:00:00.000,170,-3.04877471923828,3,300,NULL
984,1,2026-03-28 03:00:00.000,373,-1.6422830512623,5,258,NULL
985,1,2026-03-28 03:00:00.000,1584,-0.000865477970225269,5,303,NULL
986,1,2026-03-28 03:00:00.000,1745,-2.35778498649597,6,297,NULL
987,1,2026-03-28 03:00:00.000,426,200,18,415,NULL
988,1,2026-03-28 03:00:00.000,427,150,18,59,NULL
989,1,2026-03-28 03:00:00.000,1112,45,18,323,NULL
990,1,2026-03-28 03:00:00.000,1315,2.15,18,271,NULL
991,1,2026-03-28 03:00:00.000,2125,10,18,330,NULL
992,1,2026-03-28 03:00:00.000,2173,1,18,370,NULL
993,1,2026-03-28 03:00:00.000,2902,1,18,371,NULL
994,1,2026-03-28 03:00:00.000,3864,0,18,387,NULL
995,1,2026-03-28 04:00:00.000,11,-1.01637375139546,6,418,NULL
996,1,2026-03-28 04:00:00.000,170,-3.04877471923828,3,300,NULL
997,1,2026-03-28 04:00:00.000,373,-1.70452859236134,5,258,NULL
998,1,2026-03-28 04:00:00.000,1584,-0.0068407170206534,5,303,NULL
999,1,2026-03-28 04:00:00.000,1745,-2.35778498649597,6,297,NULL
1000,1,2026-03-28 04:00:00.000,426,200,18,415,NULL
1001,1,2026-03-28 04:00:00.000,427,150,18,59,NULL
1002,1,2026-03-28 04:00:00.000,1112,45,18,323,NULL
1003,1,2026-03-28 04:00:00.000,1315,2.15,18,271,NULL
1004,1,2026-03-28 04:00:00.000,2125,10,18,330,NULL
1005,1,2026-03-28 04:00:00.000,2173,1,18,370,NULL
1006,1,2026-03-28 04:00:00.000,2902,1,18,371,NULL
1007,1,2026-03-28 04:00:00.000,3864,0,18,387,NULL
1008,1,2026-03-28 05:00:00.000,11,-1.15554670826518,6,418,NULL
1009,1,2026-03-28 05:00:00.000,170,-21.4602949971069,3,300,NULL
1010,1,2026-03-28 05:00:00.000,373,-1.75908492631382,5,258,NULL
1011,1,2026-03-28 05:00:00.000,1584,-0.00761671315224602,5,303,NULL
1012,1,2026-03-28 05:00:00.000,1745,-2.35778498649597,6,297,NULL
1013,1,2026-03-28 05:00:00.000,426,200,18,415,NULL
1014,1,2026-03-28 05:00:00.000,427,150,18,59,NULL
1015,1,2026-03-28 05:00:00.000,1112,45,18,323,NULL
1016,1,2026-03-28 05:00:00.000,1315,2.15,18,271,NULL
1017,1,2026-03-28 05:00:00.000,2125,10,18,330,NULL
1018,1,2026-03-28 05:00:00.000,2173,1,18,370,NULL
1019,1,2026-03-28 05:00:00.000,2902,1,18,371,NULL
1020,1,2026-03-28 05:00:00.000,3864,0,18,387,NULL
1021,1,2026-03-28 06:00:00.000,11,-1.137254012058,6,418,NULL
1022,1,2026-03-28 06:00:00.000,170,-23.3173606111601,3,300,NULL
1023,1,2026-03-28 06:00:00.000,373,-1.71011951479647,5,258,NULL
1024,1,2026-03-28 06:00:00.000,1584,-0.00245847306310718,5,303,NULL
1025,1,2026-03-28 06:00:00.000,1745,-2.35778498649597,6,297,NULL
1026,1,2026-03-28 06:00:00.000,426,200,18,415,NULL
1027,1,2026-03-28 06:00:00.000,427,150,18,59,NULL
1028,1,2026-03-28 06:00:00.000,1112,45,18,323,NULL
1029,1,2026-03-28 06:00:00.000,1315,2.15,18,271,NULL
1030,1,2026-03-28 06:00:00.000,2125,10,18,330,NULL
1031,1,2026-03-28 06:00:00.000,2173,1,18,370,NULL
1032,1,2026-03-28 06:00:00.000,2902,1,18,371,NULL
1033,1,2026-03-28 06:00:00.000,3864,0,18,387,NULL
1034,1,2026-03-28 07:00:00.000,11,-1.0806737064759,6,418,NULL
1035,1,2026-03-28 07:00:00.000,170,-8.07576654319003,3,300,NULL
1036,1,2026-03-28 07:00:00.000,373,-1.77396145275897,5,258,NULL
1037,1,2026-03-28 07:00:00.000,1584,-0.00545379768133251,5,303,NULL
1038,1,2026-03-28 07:00:00.000,1745,-2.46093102218254,6,297,NULL
1039,1,2026-03-28 07:00:00.000,426,200,18,415,NULL
1040,1,2026-03-28 07:00:00.000,427,150,18,59,NULL
1041,1,2026-03-28 07:00:00.000,1112,45,18,323,NULL
1042,1,2026-03-28 07:00:00.000,1315,2.15,18,271,NULL
1043,1,2026-03-28 07:00:00.000,2125,10,18,330,NULL
1044,1,2026-03-28 07:00:00.000,2173,1,18,370,NULL
1045,1,2026-03-28 07:00:00.000,2902,1,18,371,NULL
1046,1,2026-03-28 07:00:00.000,3864,0,18,387,NULL
1047,1,2026-03-28 08:00:00.000,11,-1.15796439126893,6,418,NULL
1048,1,2026-03-28 08:00:00.000,170,-3.02469706535339,3,300,NULL
1049,1,2026-03-28 08:00:00.000,373,-1.78548001347317,5,258,NULL
1050,1,2026-03-28 08:00:00.000,1584,-0.00815378927923222,5,303,NULL
1051,1,2026-03-28 08:00:00.000,1745,-2.20084187876602,6,297,NULL
1052,1,2026-03-28 08:00:00.000,426,200,18,415,NULL
1053,1,2026-03-28 08:00:00.000,427,150,18,59,NULL
1054,1,2026-03-28 08:00:00.000,1112,45,18,323,NULL
1055,1,2026-03-28 08:00:00.000,1315,2.15,18,271,NULL
1056,1,2026-03-28 08:00:00.000,2125,10,18,330,NULL
1057,1,2026-03-28 08:00:00.000,2173,1,18,370,NULL
1058,1,2026-03-28 08:00:00.000,2902,1,18,371,NULL
1059,1,2026-03-28 08:00:00.000,3864,0,18,387,NULL
1060,1,2026-03-28 09:00:00.000,11,-0.946329691630766,6,418,NULL
1061,1,2026-03-28 09:00:00.000,170,-3.02469706535339,3,300,NULL
1062,1,2026-03-28 09:00:00.000,373,-1.74679513778951,5,258,NULL
1063,1,2026-03-28 09:00:00.000,1584,-0.00894225790624559,5,303,NULL
1064,1,2026-03-28 09:00:00.000,1745,-2.15030996623052,6,297,NULL
1065,1,2026-03-28 09:00:00.000,426,200,18,415,NULL
1066,1,2026-03-28 09:00:00.000,427,150,18,59,NULL
1067,1,2026-03-28 09:00:00.000,1112,45,18,323,NULL
1068,1,2026-03-28 09:00:00.000,1315,2.15,18,271,NULL
1069,1,2026-03-28 09:00:00.000,2125,10,18,330,NULL
1070,1,2026-03-28 09:00:00.000,2173,1,18,370,NULL
1071,1,2026-03-28 09:00:00.000,2902,1,18,371,NULL
1072,1,2026-03-28 09:00:00.000,3864,0,18,387,NULL
1073,1,2026-03-28 10:00:00.000,11,-0.975111105134046,6,418,NULL
1074,1,2026-03-28 10:00:00.000,170,-3.02469706535339,3,300,NULL
1075,1,2026-03-28 10:00:00.000,373,-1.79182023776902,5,258,NULL
1076,1,2026-03-28 10:00:00.000,1584,-0.00960193610594918,5,303,NULL
1077,1,2026-03-28 10:00:00.000,1745,-1.92136783933389,6,297,NULL
1078,1,2026-03-28 10:00:00.000,426,200,18,415,NULL
1079,1,2026-03-28 10:00:00.000,427,150,18,59,NULL
1080,1,2026-03-28 10:00:00.000,1112,45,18,323,NULL
1081,1,2026-03-28 10:00:00.000,1315,2.15,18,271,NULL
1082,1,2026-03-28 10:00:00.000,2125,10,18,330,NULL
1083,1,2026-03-28 10:00:00.000,2173,1,18,370,NULL
1084,1,2026-03-28 10:00:00.000,2902,1,18,371,NULL
1085,1,2026-03-28 10:00:00.000,3864,0,18,387,NULL
1086,1,2026-03-28 11:00:00.000,11,-1.03691382562025,6,418,NULL
1087,1,2026-03-28 11:00:00.000,170,-3.02469706535339,3,300,NULL
1088,1,2026-03-28 11:00:00.000,373,-1.81070830562048,5,258,NULL
1089,1,2026-03-28 11:00:00.000,1584,-0.00724350672894139,5,303,NULL
1090,1,2026-03-28 11:00:00.000,1745,-1.85642004013062,6,297,NULL
1091,1,2026-03-28 11:00:00.000,426,200,18,415,NULL
1092,1,2026-03-28 11:00:00.000,427,150,18,59,NULL
1093,1,2026-03-28 11:00:00.000,1112,45,18,323,NULL
1094,1,2026-03-28 11:00:00.000,1315,2.15,18,271,NULL
1095,1,2026-03-28 11:00:00.000,2125,10,18,330,NULL
1096,1,2026-03-28 11:00:00.000,2173,1,18,370,NULL
1097,1,2026-03-28 11:00:00.000,2902,1,18,371,NULL
1098,1,2026-03-28 11:00:00.000,3864,0,18,387,NULL
1099,1,2026-03-28 12:00:00.000,11,-1.07187002550235,6,418,NULL
1100,1,2026-03-28 12:00:00.000,170,-3.02469706535339,3,300,NULL
1101,1,2026-03-28 12:00:00.000,373,-1.79875213712454,5,258,NULL
1102,1,2026-03-28 12:00:00.000,1584,-0.00639813610104598,5,303,NULL
1103,1,2026-03-28 12:00:00.000,1745,-1.85642004013062,6,297,NULL
1104,1,2026-03-28 12:00:00.000,426,200,18,415,NULL
1105,1,2026-03-28 12:00:00.000,427,150,18,59,NULL
1106,1,2026-03-28 12:00:00.000,1112,45,18,323,NULL
1107,1,2026-03-28 12:00:00.000,1315,2.15,18,271,NULL
1108,1,2026-03-28 12:00:00.000,2125,10,18,330,NULL
1109,1,2026-03-28 12:00:00.000,2173,1,18,370,NULL
1110,1,2026-03-28 12:00:00.000,2902,1,18,371,NULL
1111,1,2026-03-28 12:00:00.000,3864,0,18,387,NULL
1112,1,2026-03-28 13:00:00.000,11,-1.10666034638818,6,418,NULL
1113,1,2026-03-28 13:00:00.000,170,-3.02469706535339,3,300,NULL
1114,1,2026-03-28 13:00:00.000,373,-1.99377226511637,5,258,NULL
1115,1,2026-03-28 13:00:00.000,1584,-0.00293358381196385,5,303,NULL
1116,1,2026-03-28 13:00:00.000,1588,-0.00596003838376199,5,307,NULL
1117,1,2026-03-28 13:00:00.000,1745,-1.85642004013062,6,297,NULL
1118,1,2026-03-28 13:00:00.000,426,200,18,415,NULL
1119,1,2026-03-28 13:00:00.000,427,150,18,59,NULL
1120,1,2026-03-28 13:00:00.000,1112,45,18,323,NULL
1121,1,2026-03-28 13:00:00.000,1315,2.15,18,271,NULL
1122,1,2026-03-28 13:00:00.000,2125,10,18,330,NULL
1123,1,2026-03-28 13:00:00.000,2173,1,18,370,NULL
1124,1,2026-03-28 13:00:00.000,2902,1,18,371,NULL
1125,1,2026-03-28 13:00:00.000,3864,0,18,387,NULL
1126,1,2026-03-28 14:00:00.000,11,-1.09670763286876,6,418,NULL
1127,1,2026-03-28 14:00:00.000,170,-3.02469706535339,3,300,NULL
1128,1,2026-03-28 14:00:00.000,373,-2.13770460734765,5,258,NULL
1129,1,2026-03-28 14:00:00.000,1584,-0.00145086497243261,5,303,NULL
1130,1,2026-03-28 14:00:00.000,1588,-0.0116593902930617,5,307,NULL
1131,1,2026-03-28 14:00:00.000,1745,-1.85642004013062,6,297,NULL
1132,1,2026-03-28 14:00:00.000,426,200,18,415,NULL
1133,1,2026-03-28 14:00:00.000,427,150,18,59,NULL
1134,1,2026-03-28 14:00:00.000,1112,45,18,323,NULL
1135,1,2026-03-28 14:00:00.000,1315,2.15,18,271,NULL
1136,1,2026-03-28 14:00:00.000,2125,10,18,330,NULL
1137,1,2026-03-28 14:00:00.000,2173,1,18,370,NULL
1138,1,2026-03-28 14:00:00.000,2902,1,18,371,NULL
1139,1,2026-03-28 14:00:00.000,3864,0,18,387,NULL
1140,1,2026-03-28 15:00:00.000,11,-1.02702269516214,6,418,NULL
1141,1,2026-03-28 15:00:00.000,170,-3.02469706535339,3,300,NULL
1142,1,2026-03-28 15:00:00.000,373,-2.17628230793609,5,258,NULL
1143,1,2026-03-28 15:00:00.000,1584,-0.00414915634935807,5,303,NULL
1144,1,2026-03-28 15:00:00.000,1588,-0.0116593902930617,5,307,NULL
1145,1,2026-03-28 15:00:00.000,1745,-1.85642004013062,6,297,NULL
1146,1,2026-03-28 15:00:00.000,426,200,18,415,NULL
1147,1,2026-03-28 15:00:00.000,427,150,18,59,NULL
1148,1,2026-03-28 15:00:00.000,1112,45,18,323,NULL
1149,1,2026-03-28 15:00:00.000,1315,2.15,18,271,NULL
1150,1,2026-03-28 15:00:00.000,2125,10,18,330,NULL
1151,1,2026-03-28 15:00:00.000,2173,1,18,370,NULL
1152,1,2026-03-28 15:00:00.000,2902,1,18,371,NULL
1153,1,2026-03-28 15:00:00.000,3864,0,18,387,NULL
1154,1,2026-03-28 16:00:00.000,11,-1.03026254757657,6,418,NULL
1155,1,2026-03-28 16:00:00.000,170,-3.02469706535339,3,300,NULL
1156,1,2026-03-28 16:00:00.000,373,-2.26266948954927,5,258,NULL
1157,1,2026-03-28 16:00:00.000,1584,-0.00364924052189142,5,303,NULL
1158,1,2026-03-28 16:00:00.000,1588,-0.0116593902930617,5,307,NULL
1159,1,2026-03-28 16:00:00.000,1745,-1.93217699027537,6,297,NULL
1160,1,2026-03-28 16:00:00.000,426,200,18,415,NULL
1161,1,2026-03-28 16:00:00.000,427,150,18,59,NULL
1162,1,2026-03-28 16:00:00.000,1112,45,18,323,NULL
1163,1,2026-03-28 16:00:00.000,1315,2.15,18,271,NULL
1164,1,2026-03-28 16:00:00.000,2125,10,18,330,NULL
1165,1,2026-03-28 16:00:00.000,2173,1,18,370,NULL
1166,1,2026-03-28 16:00:00.000,2902,1,18,371,NULL
1167,1,2026-03-28 16:00:00.000,3864,0,18,387,NULL
1168,1,2026-03-28 17:00:00.000,11,-1.03686094284058,6,418,NULL
1169,1,2026-03-28 17:00:00.000,170,-3.02469706535339,3,300,NULL
1170,1,2026-03-28 17:00:00.000,373,-2.28290390968323,5,258,NULL
1171,1,2026-03-28 17:00:00.000,1584,-0.00317991059273481,5,303,NULL
1172,1,2026-03-28 17:00:00.000,1588,-0.0116593902930617,5,307,NULL
1173,1,2026-03-28 17:00:00.000,1745,-1.80391335487366,6,297,NULL
1174,1,2026-03-28 17:00:00.000,426,200,18,415,NULL
1175,1,2026-03-28 17:00:00.000,427,150,18,59,NULL
1176,1,2026-03-28 17:00:00.000,1112,45,18,323,NULL
1177,1,2026-03-28 17:00:00.000,1315,2.15,18,271,NULL
1178,1,2026-03-28 17:00:00.000,2125,10,18,330,NULL
1179,1,2026-03-28 17:00:00.000,2173,1,18,370,NULL
1180,1,2026-03-28 17:00:00.000,2902,1,18,371,NULL
1181,1,2026-03-28 17:00:00.000,3864,0,18,387,NULL
1182,1,2026-03-28 18:00:00.000,11,-1.03686094284058,6,418,NULL
1183,1,2026-03-28 18:00:00.000,170,-3.02469706535339,3,300,NULL
1184,1,2026-03-28 18:00:00.000,373,-2.28290390968323,5,258,NULL
1185,1,2026-03-28 18:00:00.000,1584,-0.00317991059273481,5,303,NULL
1186,1,2026-03-28 18:00:00.000,1588,-0.0116593902930617,5,307,NULL
1187,1,2026-03-28 18:00:00.000,1745,-1.80391335487366,6,297,NULL
1188,1,2026-03-28 18:00:00.000,426,200,18,415,NULL
1189,1,2026-03-28 18:00:00.000,427,150,18,59,NULL
1190,1,2026-03-28 18:00:00.000,1112,45,18,323,NULL
1191,1,2026-03-28 18:00:00.000,1315,2.15,18,271,NULL
1192,1,2026-03-28 18:00:00.000,2125,10,18,330,NULL
1193,1,2026-03-28 18:00:00.000,2173,1,18,370,NULL
1194,1,2026-03-28 18:00:00.000,2902,1,18,371,NULL
1195,1,2026-03-28 18:00:00.000,3864,0,18,387,NULL
1196,1,2026-03-28 19:00:00.000,11,-1.03686094284058,6,418,NULL
1197,1,2026-03-28 19:00:00.000,170,-3.02469706535339,3,300,NULL
1198,1,2026-03-28 19:00:00.000,373,-2.28290390968323,5,258,NULL
1199,1,2026-03-28 19:00:00.000,1584,-0.00317991059273481,5,303,NULL
1200,1,2026-03-28 19:00:00.000,1588,-0.0116593902930617,5,307,NULL
1201,1,2026-03-28 19:00:00.000,1745,-1.80391335487366,6,297,NULL
1202,1,2026-03-28 19:00:00.000,426,200,18,415,NULL
1203,1,2026-03-28 19:00:00.000,427,150,18,59,NULL
1204,1,2026-03-28 19:00:00.000,1112,45,18,323,NULL
1205,1,2026-03-28 19:00:00.000,1315,2.15,18,271,NULL
1206,1,2026-03-28 19:00:00.000,2125,10,18,330,NULL
1207,1,2026-03-28 19:00:00.000,2173,1,18,370,NULL
1208,1,2026-03-28 19:00:00.000,2902,1,18,371,NULL
1209,1,2026-03-28 19:00:00.000,3864,0,18,387,NULL
1210,1,2026-03-28 20:00:00.000,11,-1.03686094284058,6,418,NULL
1211,1,2026-03-28 20:00:00.000,170,-3.02469706535339,3,300,NULL
1212,1,2026-03-28 20:00:00.000,373,-2.28290390968323,5,258,NULL
1213,1,2026-03-28 20:00:00.000,1584,-0.00317991059273481,5,303,NULL
1214,1,2026-03-28 20:00:00.000,1588,-0.0116593902930617,5,307,NULL
1215,1,2026-03-28 20:00:00.000,1745,-1.80391335487366,6,297,NULL
1216,1,2026-03-28 20:00:00.000,426,200,18,415,NULL
1217,1,2026-03-28 20:00:00.000,427,150,18,59,NULL
1218,1,2026-03-28 20:00:00.000,1112,45,18,323,NULL
1219,1,2026-03-28 20:00:00.000,1315,2.15,18,271,NULL
1220,1,2026-03-28 20:00:00.000,2125,10,18,330,NULL
1221,1,2026-03-28 20:00:00.000,2173,1,18,370,NULL
1222,1,2026-03-28 20:00:00.000,2902,1,18,371,NULL
1223,1,2026-03-28 20:00:00.000,3864,0,18,387,NULL
1224,1,2026-03-28 21:00:00.000,11,-1.03686094284058,6,418,NULL
1225,1,2026-03-28 21:00:00.000,170,-3.02469706535339,3,300,NULL
1226,1,2026-03-28 21:00:00.000,373,-2.28290390968323,5,258,NULL
1227,1,2026-03-28 21:00:00.000,1584,-0.00317991059273481,5,303,NULL
1228,1,2026-03-28 21:00:00.000,1588,-0.0116593902930617,5,307,NULL
1229,1,2026-03-28 21:00:00.000,1745,-1.80391335487366,6,297,NULL
1230,1,2026-03-28 21:00:00.000,426,200,18,415,NULL
1231,1,2026-03-28 21:00:00.000,427,150,18,59,NULL
1232,1,2026-03-28 21:00:00.000,1112,45,18,323,NULL
1233,1,2026-03-28 21:00:00.000,1315,2.15,18,271,NULL
1234,1,2026-03-28 21:00:00.000,2125,10,18,330,NULL
1235,1,2026-03-28 21:00:00.000,2173,1,18,370,NULL
1236,1,2026-03-28 21:00:00.000,2902,1,18,371,NULL
1237,1,2026-03-28 21:00:00.000,3864,0,18,387,NULL
1238,1,2026-03-28 22:00:00.000,11,-1.03686094284058,6,418,NULL
1239,1,2026-03-28 22:00:00.000,170,-3.02469706535339,3,300,NULL
1240,1,2026-03-28 22:00:00.000,373,-2.28290390968323,5,258,NULL
1241,1,2026-03-28 22:00:00.000,1584,-0.00317991059273481,5,303,NULL
1242,1,2026-03-28 22:00:00.000,1588,-0.0116593902930617,5,307,NULL
1243,1,2026-03-28 22:00:00.000,1745,-1.80391335487366,6,297,NULL
1244,1,2026-03-28 22:00:00.000,426,200,18,415,NULL
1245,1,2026-03-28 22:00:00.000,427,150,18,59,NULL
1246,1,2026-03-28 22:00:00.000,1112,45,18,323,NULL
1247,1,2026-03-28 22:00:00.000,1315,2.15,18,271,NULL
1248,1,2026-03-28 22:00:00.000,2125,10,18,330,NULL
1249,1,2026-03-28 22:00:00.000,2173,1,18,370,NULL
1250,1,2026-03-28 22:00:00.000,2902,1,18,371,NULL
1251,1,2026-03-28 22:00:00.000,3864,0,18,387,NULL
1252,1,2026-03-28 23:00:00.000,11,-1.03686094284058,6,418,NULL
1253,1,2026-03-28 23:00:00.000,170,-3.02469706535339,3,300,NULL
1254,1,2026-03-28 23:00:00.000,373,-2.28290390968323,5,258,NULL
1255,1,2026-03-28 23:00:00.000,1584,-0.00317991059273481,5,303,NULL
1256,1,2026-03-28 23:00:00.000,1588,-0.0116593902930617,5,307,NULL
1257,1,2026-03-28 23:00:00.000,1745,-1.80391335487366,6,297,NULL
1258,1,2026-03-28 23:00:00.000,426,200,18,415,NULL
1259,1,2026-03-28 23:00:00.000,427,150,18,59,NULL
1260,1,2026-03-28 23:00:00.000,1112,45,18,323,NULL
1261,1,2026-03-28 23:00:00.000,1315,2.15,18,271,NULL
1262,1,2026-03-28 23:00:00.000,2125,10,18,330,NULL
1263,1,2026-03-28 23:00:00.000,2173,1,18,370,NULL
1264,1,2026-03-28 23:00:00.000,2902,1,18,371,NULL
1265,1,2026-03-28 23:00:00.000,3864,0,18,387,NULL
1266,1,2026-03-29 00:00:00.000,11,-1.03686094284058,6,418,NULL
1267,1,2026-03-29 00:00:00.000,170,-3.02469706535339,3,300,NULL
1268,1,2026-03-29 00:00:00.000,373,-2.28290390968323,5,258,NULL
1269,1,2026-03-29 00:00:00.000,1584,-0.00317991059273481,5,303,NULL
1270,1,2026-03-29 00:00:00.000,1588,-0.0116593902930617,5,307,NULL
1271,1,2026-03-29 00:00:00.000,1745,-1.80391335487366,6,297,NULL
1272,1,2026-03-29 00:00:00.000,426,200,18,415,NULL
1273,1,2026-03-29 00:00:00.000,427,150,18,59,NULL
1274,1,2026-03-29 00:00:00.000,1112,45,18,323,NULL
1275,1,2026-03-29 00:00:00.000,1315,2.15,18,271,NULL
1276,1,2026-03-29 00:00:00.000,2125,10,18,330,NULL
1277,1,2026-03-29 00:00:00.000,2173,1,18,370,NULL
1278,1,2026-03-29 00:00:00.000,2902,1,18,371,NULL
1279,1,2026-03-29 00:00:00.000,3864,0,18,387,NULL
1280,1,2026-03-29 01:00:00.000,11,-1.03686094284058,6,418,NULL
1281,1,2026-03-29 01:00:00.000,170,-3.02469706535339,3,300,NULL
1282,1,2026-03-29 01:00:00.000,373,-2.28290390968323,5,258,NULL
1283,1,2026-03-29 01:00:00.000,1584,-0.00317991059273481,5,303,NULL
1284,1,2026-03-29 01:00:00.000,1588,-0.0116593902930617,5,307,NULL
1285,1,2026-03-29 01:00:00.000,1745,-1.80391335487366,6,297,NULL
1286,1,2026-03-29 01:00:00.000,426,200,18,415,NULL
1287,1,2026-03-29 01:00:00.000,427,150,18,59,NULL
1288,1,2026-03-29 01:00:00.000,1112,45,18,323,NULL
1289,1,2026-03-29 01:00:00.000,1315,2.15,18,271,NULL
1290,1,2026-03-29 01:00:00.000,2125,10,18,330,NULL
1291,1,2026-03-29 01:00:00.000,2173,1,18,370,NULL
1292,1,2026-03-29 01:00:00.000,2902,1,18,371,NULL
1293,1,2026-03-29 01:00:00.000,3864,0,18,387,NULL
1294,1,2026-03-29 02:00:00.000,11,-1.03686094284058,6,418,NULL
1295,1,2026-03-29 02:00:00.000,170,-3.02469706535339,3,300,NULL
1296,1,2026-03-29 02:00:00.000,373,-2.28290390968323,5,258,NULL
1297,1,2026-03-29 02:00:00.000,1584,-0.00317991059273481,5,303,NULL
1298,1,2026-03-29 02:00:00.000,1588,-0.0116593902930617,5,307,NULL
1299,1,2026-03-29 02:00:00.000,1745,-1.80391335487366,6,297,NULL
1300,1,2026-03-29 02:00:00.000,426,200,18,415,NULL
1301,1,2026-03-29 02:00:00.000,427,150,18,59,NULL
1302,1,2026-03-29 02:00:00.000,1112,45,18,323,NULL
1303,1,2026-03-29 02:00:00.000,1315,2.15,18,271,NULL
1304,1,2026-03-29 02:00:00.000,2125,10,18,330,NULL
1305,1,2026-03-29 02:00:00.000,2173,1,18,370,NULL
1306,1,2026-03-29 02:00:00.000,2902,1,18,371,NULL
1307,1,2026-03-29 02:00:00.000,3864,0,18,387,NULL
1308,1,2026-03-29 03:00:00.000,11,-1.03686094284058,6,418,NULL
1309,1,2026-03-29 03:00:00.000,170,-3.02469706535339,3,300,NULL
1310,1,2026-03-29 03:00:00.000,373,-2.28290390968323,5,258,NULL
1311,1,2026-03-29 03:00:00.000,1584,-0.00317991059273481,5,303,NULL
1312,1,2026-03-29 03:00:00.000,1588,-0.0116593902930617,5,307,NULL
1313,1,2026-03-29 03:00:00.000,1745,-1.80391335487366,6,297,NULL
1314,1,2026-03-29 03:00:00.000,426,200,18,415,NULL
1315,1,2026-03-29 03:00:00.000,427,150,18,59,NULL
1316,1,2026-03-29 03:00:00.000,1112,45,18,323,NULL
1317,1,2026-03-29 03:00:00.000,1315,2.15,18,271,NULL
1318,1,2026-03-29 03:00:00.000,2125,10,18,330,NULL
1319,1,2026-03-29 03:00:00.000,2173,1,18,370,NULL
1320,1,2026-03-29 03:00:00.000,2902,1,18,371,NULL
1321,1,2026-03-29 03:00:00.000,3864,0,18,387,NULL
1322,1,2026-03-29 04:00:00.000,11,-1.03686094284058,6,418,NULL
1323,1,2026-03-29 04:00:00.000,170,-3.02469706535339,3,300,NULL
1324,1,2026-03-29 04:00:00.000,373,-2.28290390968323,5,258,NULL
1325,1,2026-03-29 04:00:00.000,1584,-0.00317991059273481,5,303,NULL
1326,1,2026-03-29 04:00:00.000,1588,-0.0116593902930617,5,307,NULL
1327,1,2026-03-29 04:00:00.000,1745,-1.80391335487366,6,297,NULL
1328,1,2026-03-29 04:00:00.000,426,200,18,415,NULL
1329,1,2026-03-29 04:00:00.000,427,150,18,59,NULL
1330,1,2026-03-29 04:00:00.000,1112,45,18,323,NULL
1331,1,2026-03-29 04:00:00.000,1315,2.15,18,271,NULL
1332,1,2026-03-29 04:00:00.000,2125,10,18,330,NULL
1333,1,2026-03-29 04:00:00.000,2173,1,18,370,NULL
1334,1,2026-03-29 04:00:00.000,2902,1,18,371,NULL
1335,1,2026-03-29 04:00:00.000,3864,0,18,387,NULL
1336,1,2026-03-29 05:00:00.000,11,-1.03686094284058,6,418,NULL
1337,1,2026-03-29 05:00:00.000,170,-3.02469706535339,3,300,NULL
1338,1,2026-03-29 05:00:00.000,373,-2.28290390968323,5,258,NULL
1339,1,2026-03-29 05:00:00.000,1584,-0.00317991059273481,5,303,NULL
1340,1,2026-03-29 05:00:00.000,1588,-0.0116593902930617,5,307,NULL
1341,1,2026-03-29 05:00:00.000,1745,-1.80391335487366,6,297,NULL
1342,1,2026-03-29 05:00:00.000,426,200,18,415,NULL
1343,1,2026-03-29 05:00:00.000,427,150,18,59,NULL
1344,1,2026-03-29 05:00:00.000,1112,45,18,323,NULL
1345,1,2026-03-29 05:00:00.000,1315,2.15,18,271,NULL
1346,1,2026-03-29 05:00:00.000,2125,10,18,330,NULL
1347,1,2026-03-29 05:00:00.000,2173,1,18,370,NULL
1348,1,2026-03-29 05:00:00.000,2902,1,18,371,NULL
1349,1,2026-03-29 05:00:00.000,3864,0,18,387,NULL
1350,1,2026-03-29 06:00:00.000,11,-1.0888636211822,6,418,NULL
1351,1,2026-03-29 07:00:00.000,11,-1.07936816748904,6,418,NULL
1352,1,2026-03-29 06:00:00.000,170,-22.6134433746338,3,300,NULL
1353,1,2026-03-29 07:00:00.000,170,-22.6134433746338,3,300,NULL
1354,1,2026-03-29 06:00:00.000,373,-1.65536041862686,5,258,NULL
1355,1,2026-03-29 07:00:00.000,373,-1.65860135809859,5,258,NULL
1356,1,2026-03-29 06:00:00.000,1584,-0.00952552133578814,5,303,NULL
1357,1,2026-03-29 07:00:00.000,1584,-0.0104907967441309,5,303,NULL
1358,1,2026-03-29 06:00:00.000,1588,-0.0116593902930617,5,307,NULL
1359,1,2026-03-29 07:00:00.000,1588,-0.0116593902930617,5,307,NULL
1360,1,2026-03-29 06:00:00.000,1745,-2.3465762872841,6,297,NULL
1361,1,2026-03-29 07:00:00.000,1745,-2.34855198860168,6,297,NULL
1362,1,2026-03-29 06:00:00.000,426,200,18,415,NULL
1363,1,2026-03-29 07:00:00.000,426,200,18,415,NULL
1364,1,2026-03-29 06:00:00.000,427,150,18,59,NULL
1365,1,2026-03-29 07:00:00.000,427,150,18,59,NULL
1366,1,2026-03-29 06:00:00.000,1112,45,18,323,NULL
1367,1,2026-03-29 07:00:00.000,1112,45,18,323,NULL
1368,1,2026-03-29 06:00:00.000,1315,2.15,18,271,NULL
1369,1,2026-03-29 07:00:00.000,1315,2.15,18,271,NULL
1370,1,2026-03-29 06:00:00.000,2125,10,18,330,NULL
1371,1,2026-03-29 07:00:00.000,2125,10,18,330,NULL
1372,1,2026-03-29 06:00:00.000,2173,1,18,370,NULL
1373,1,2026-03-29 07:00:00.000,2173,1,18,370,NULL
1374,1,2026-03-29 06:00:00.000,2902,1,18,371,NULL
1375,1,2026-03-29 07:00:00.000,2902,1,18,371,NULL
1376,1,2026-03-29 06:00:00.000,3864,0,18,387,NULL
1377,1,2026-03-29 07:00:00.000,3864,0,18,387,NULL
1378,1,2026-03-29 08:00:00.000,11,-1.10263978227607,6,418,NULL
1379,1,2026-03-29 08:00:00.000,170,-22.6134433746338,3,300,NULL
1380,1,2026-03-29 08:00:00.000,373,-1.75133251167779,5,258,NULL
1381,1,2026-03-29 08:00:00.000,1584,-0.0114001218849767,5,303,NULL
1382,1,2026-03-29 08:00:00.000,1588,-0.0116593902930617,5,307,NULL
1383,1,2026-03-29 08:00:00.000,1745,-2.12786717043685,6,297,NULL
1384,1,2026-03-29 08:00:00.000,426,200,18,415,NULL
1385,1,2026-03-29 08:00:00.000,427,150,18,59,NULL
1386,1,2026-03-29 08:00:00.000,1112,45,18,323,NULL
1387,1,2026-03-29 08:00:00.000,1315,2.15,18,271,NULL
1388,1,2026-03-29 08:00:00.000,2125,10,18,330,NULL
1389,1,2026-03-29 08:00:00.000,2173,1,18,370,NULL
1390,1,2026-03-29 08:00:00.000,2902,1,18,371,NULL
1391,1,2026-03-29 08:00:00.000,3864,0,18,387,NULL
1392,1,2026-03-29 09:00:00.000,11,-1.08850839393569,6,418,NULL
1393,1,2026-03-29 09:00:00.000,170,-0.463509780772892,3,300,NULL
1394,1,2026-03-29 09:00:00.000,373,-1.78339088284528,5,258,NULL
1395,1,2026-03-29 09:00:00.000,1584,-0.00879468381288461,5,303,NULL
1396,1,2026-03-29 09:00:00.000,1588,-0.0116593902930617,5,307,NULL
1397,1,2026-03-29 09:00:00.000,1745,-2.00678116518346,6,297,NULL
1398,1,2026-03-29 09:00:00.000,426,200,18,415,NULL
1399,1,2026-03-29 09:00:00.000,427,150,18,59,NULL
1400,1,2026-03-29 09:00:00.000,1112,45,18,323,NULL
1401,1,2026-03-29 09:00:00.000,1315,2.15,18,271,NULL
1402,1,2026-03-29 09:00:00.000,2125,10,18,330,NULL
1403,1,2026-03-29 09:00:00.000,2173,1,18,370,NULL
1404,1,2026-03-29 09:00:00.000,2902,1,18,371,NULL
1405,1,2026-03-29 09:00:00.000,3864,0,18,387,NULL
1406,1,2026-03-29 10:00:00.000,11,-0.941767424652643,6,418,NULL
1407,1,2026-03-29 10:00:00.000,170,-0.0419868975877762,3,300,NULL
1408,1,2026-03-29 10:00:00.000,373,-1.75943998482161,5,258,NULL
1409,1,2026-03-29 10:00:00.000,1584,-0.00716649391483484,5,303,NULL
1410,1,2026-03-29 10:00:00.000,1745,-1.86400465039574,6,297,NULL
1411,1,2026-03-29 10:00:00.000,426,200,18,415,NULL
1412,1,2026-03-29 10:00:00.000,427,150,18,59,NULL
1413,1,2026-03-29 10:00:00.000,1112,45,18,323,NULL
1414,1,2026-03-29 10:00:00.000,1315,2.15,18,271,NULL
1415,1,2026-03-29 10:00:00.000,2125,10,18,330,NULL
1416,1,2026-03-29 10:00:00.000,2173,1,18,370,NULL
1417,1,2026-03-29 10:00:00.000,2902,1,18,371,NULL
1418,1,2026-03-29 10:00:00.000,3864,0,18,387,NULL
1419,1,2026-03-29 11:00:00.000,11,-0.81407460023518,6,418,NULL
1420,1,2026-03-29 12:00:00.000,11,-0.874011093478163,6,418,NULL
1421,1,2026-03-29 11:00:00.000,373,-1.75017898486058,5,258,NULL
1422,1,2026-03-29 12:00:00.000,373,-1.7352157194126,5,258,NULL
1423,1,2026-03-29 11:00:00.000,1584,-0.00440234692207336,5,303,NULL
1424,1,2026-03-29 12:00:00.000,1584,-0.0061908661500939,5,303,NULL
1425,1,2026-03-29 12:00:00.000,1588,-0.00501705737914662,5,307,NULL
1426,1,2026-03-29 11:00:00.000,1745,-1.67401843273858,6,297,NULL
1427,1,2026-03-29 12:00:00.000,1745,-1.71709114155072,6,297,NULL
1428,1,2026-03-29 11:00:00.000,426,200,18,415,NULL
1429,1,2026-03-29 12:00:00.000,426,200,18,415,NULL
1430,1,2026-03-29 11:00:00.000,427,150,18,59,NULL
1431,1,2026-03-29 12:00:00.000,427,150,18,59,NULL
1432,1,2026-03-29 11:00:00.000,1112,45,18,323,NULL
1433,1,2026-03-29 12:00:00.000,1112,45,18,323,NULL
1434,1,2026-03-29 11:00:00.000,1315,2.15,18,271,NULL
1435,1,2026-03-29 12:00:00.000,1315,2.15,18,271,NULL
1436,1,2026-03-29 11:00:00.000,2125,10,18,330,NULL
1437,1,2026-03-29 12:00:00.000,2125,10,18,330,NULL
1438,1,2026-03-29 11:00:00.000,2173,1,18,370,NULL
1439,1,2026-03-29 12:00:00.000,2173,1,18,370,NULL
1440,1,2026-03-29 11:00:00.000,2902,1,18,371,NULL
1441,1,2026-03-29 12:00:00.000,2902,1,18,371,NULL
1442,1,2026-03-29 11:00:00.000,3864,0,18,387,NULL
1443,1,2026-03-29 12:00:00.000,3864,0,18,387,NULL
1444,1,2026-03-29 13:00:00.000,11,-0.700365159783447,6,418,NULL
1445,1,2026-03-29 13:00:00.000,373,-1.75435644704021,5,258,NULL
1446,1,2026-03-29 13:00:00.000,1584,-0.00076650113968634,5,303,NULL
1447,1,2026-03-29 13:00:00.000,1588,-0.0112539157271385,5,307,NULL
1448,1,2026-03-29 13:00:00.000,1745,-1.78469994808454,6,297,NULL
1449,1,2026-03-29 13:00:00.000,426,200,18,415,NULL
1450,1,2026-03-29 13:00:00.000,427,150,18,59,NULL
1451,1,2026-03-29 13:00:00.000,1112,45,18,323,NULL
1452,1,2026-03-29 13:00:00.000,1315,2.15,18,271,NULL
1453,1,2026-03-29 13:00:00.000,2125,10,18,330,NULL
1454,1,2026-03-29 13:00:00.000,2173,1,18,370,NULL
1455,1,2026-03-29 13:00:00.000,2902,1,18,371,NULL
1456,1,2026-03-29 13:00:00.000,3864,0,18,387,NULL
1457,1,2026-03-29 14:00:00.000,11,-0.775553481504321,6,418,NULL
1458,1,2026-03-29 15:00:00.000,11,-0.755286302211384,6,418,NULL
1459,1,2026-03-29 14:00:00.000,373,-1.9628278818561,5,258,NULL
1460,1,2026-03-29 15:00:00.000,373,-2.0887749823772,5,258,NULL
1461,1,2026-03-29 14:00:00.000,1584,-0.00012532509962237,5,303,NULL
1462,1,2026-03-29 15:00:00.000,1584,-3.52357221009176E-05,5,303,NULL
1463,1,2026-03-29 14:00:00.000,1588,-0.0112539157271385,5,307,NULL
1464,1,2026-03-29 15:00:00.000,1588,-0.0112539157271385,5,307,NULL
1465,1,2026-03-29 14:00:00.000,1745,-1.7630130490664,6,297,NULL
1466,1,2026-03-29 15:00:00.000,1745,-1.84101128578186,6,297,NULL
1467,1,2026-03-29 14:00:00.000,426,200,18,415,NULL
1468,1,2026-03-29 15:00:00.000,426,200,18,415,NULL
1469,1,2026-03-29 14:00:00.000,427,150,18,59,NULL
1470,1,2026-03-29 15:00:00.000,427,150,18,59,NULL
1471,1,2026-03-29 14:00:00.000,1112,45,18,323,NULL
1472,1,2026-03-29 15:00:00.000,1112,45,18,323,NULL
1473,1,2026-03-29 14:00:00.000,1315,2.15,18,271,NULL
1474,1,2026-03-29 15:00:00.000,1315,2.15,18,271,NULL
1475,1,2026-03-29 14:00:00.000,2125,10,18,330,NULL
1476,1,2026-03-29 15:00:00.000,2125,10,18,330,NULL
1477,1,2026-03-29 14:00:00.000,2173,1,18,370,NULL
1478,1,2026-03-29 15:00:00.000,2173,1,18,370,NULL
1479,1,2026-03-29 14:00:00.000,2902,1,18,371,NULL
1480,1,2026-03-29 15:00:00.000,2902,1,18,371,NULL
1481,1,2026-03-29 14:00:00.000,3864,0,18,387,NULL
1482,1,2026-03-29 15:00:00.000,3864,0,18,387,NULL
1483,1,2026-03-29 16:00:00.000,11,-0.752368379850991,6,418,NULL
1484,1,2026-03-29 16:00:00.000,373,-2.61717863939362,5,258,NULL
1485,1,2026-03-29 16:00:00.000,1584,-3.1668691316239E-05,5,303,NULL
1486,1,2026-03-29 16:00:00.000,1588,-0.0112539157271385,5,307,NULL
1487,1,2026-03-29 16:00:00.000,1745,-1.84101128578186,6,297,NULL
1488,1,2026-03-29 16:00:00.000,426,200,18,415,NULL
1489,1,2026-03-29 16:00:00.000,427,150,18,59,NULL
1490,1,2026-03-29 16:00:00.000,1112,45,18,323,NULL
1491,1,2026-03-29 16:00:00.000,1315,2.15,18,271,NULL
1492,1,2026-03-29 16:00:00.000,2125,10,18,330,NULL
1493,1,2026-03-29 16:00:00.000,2173,1,18,370,NULL
1494,1,2026-03-29 16:00:00.000,2902,1,18,371,NULL
1495,1,2026-03-29 16:00:00.000,3864,0,18,387,NULL
1496,1,2026-03-29 17:00:00.000,11,-0.626497799523035,6,418,NULL
1497,1,2026-03-29 17:00:00.000,373,-3.90381787074352,5,258,NULL
1498,1,2026-03-29 17:00:00.000,1584,-8.72417052302021E-25,5,303,NULL
1499,1,2026-03-29 17:00:00.000,1588,-0.0112539157271385,5,307,NULL
1500,1,2026-03-29 17:00:00.000,1745,-2.03780169054044,6,297,NULL
1501,1,2026-03-29 17:00:00.000,409,-0.00125653007963812,5,269,NULL
1502,1,2026-03-29 17:00:00.000,426,200,18,415,NULL
1503,1,2026-03-29 17:00:00.000,427,150,18,59,NULL
1504,1,2026-03-29 17:00:00.000,1112,45,18,323,NULL
1505,1,2026-03-29 17:00:00.000,1315,2.15,18,271,NULL
1506,1,2026-03-29 17:00:00.000,2125,10,18,330,NULL
1507,1,2026-03-29 17:00:00.000,2173,1,18,370,NULL
1508,1,2026-03-29 17:00:00.000,2902,1,18,371,NULL
1509,1,2026-03-29 17:00:00.000,3864,0,18,387,NULL
1510,1,2026-03-29 18:00:00.000,11,-0.66916624980751,6,418,NULL
1511,1,2026-03-29 18:00:00.000,373,-2.21445138354176,5,258,NULL
1512,1,2026-03-29 18:00:00.000,1584,-1.05667728450384E-05,5,303,NULL
1513,1,2026-03-29 18:00:00.000,1588,-0.0112539157271385,5,307,NULL
1514,1,2026-03-29 18:00:00.000,1745,-2.02459048143599,6,297,NULL
1515,1,2026-03-29 18:00:00.000,426,200,18,415,NULL
1516,1,2026-03-29 18:00:00.000,427,150,18,59,NULL
1517,1,2026-03-29 18:00:00.000,1112,45,18,323,NULL
1518,1,2026-03-29 18:00:00.000,1315,2.15,18,271,NULL
1519,1,2026-03-29 18:00:00.000,2125,10,18,330,NULL
1520,1,2026-03-29 18:00:00.000,2173,1,18,370,NULL
1521,1,2026-03-29 18:00:00.000,2902,1,18,371,NULL
1522,1,2026-03-29 18:00:00.000,3864,0,18,387,NULL
1523,1,2026-03-29 19:00:00.000,11,-0.469662585770422,6,418,NULL
1524,1,2026-03-29 19:00:00.000,373,-1.85821689359936,5,258,NULL
1525,1,2026-03-29 19:00:00.000,1584,-1.11669382694659E-21,5,303,NULL
1526,1,2026-03-29 19:00:00.000,1588,-0.0112539157271385,5,307,NULL
1527,1,2026-03-29 19:00:00.000,1745,-1.97455894947052,6,297,NULL
1528,1,2026-03-29 19:00:00.000,426,200,18,415,NULL
1529,1,2026-03-29 19:00:00.000,427,150,18,59,NULL
1530,1,2026-03-29 19:00:00.000,1112,45,18,323,NULL
1531,1,2026-03-29 19:00:00.000,1315,2.15,18,271,NULL
1532,1,2026-03-29 19:00:00.000,2125,10,18,330,NULL
1533,1,2026-03-29 19:00:00.000,2173,1,18,370,NULL
1534,1,2026-03-29 19:00:00.000,2902,1,18,371,NULL
1535,1,2026-03-29 19:00:00.000,3864,0,18,387,NULL
1536,1,2026-03-29 20:00:00.000,11,-0.454726606607437,6,418,NULL
1537,1,2026-03-29 20:00:00.000,373,-1.86283481121063,5,258,NULL
1538,1,2026-03-29 20:00:00.000,1584,-1.11669382694659E-21,5,303,NULL
1539,1,2026-03-29 20:00:00.000,1588,-0.0112539157271385,5,307,NULL
1540,1,2026-03-29 20:00:00.000,1745,-1.97455894947052,6,297,NULL
1541,1,2026-03-29 20:00:00.000,426,200,18,415,NULL
1542,1,2026-03-29 20:00:00.000,427,150,18,59,NULL
1543,1,2026-03-29 20:00:00.000,1112,45,18,323,NULL
1544,1,2026-03-29 20:00:00.000,1315,2.15,18,271,NULL
1545,1,2026-03-29 20:00:00.000,2125,10,18,330,NULL
1546,1,2026-03-29 20:00:00.000,2173,1,18,370,NULL
1547,1,2026-03-29 20:00:00.000,2902,1,18,371,NULL
1548,1,2026-03-29 20:00:00.000,3864,0,18,387,NULL
1549,1,2026-03-29 21:00:00.000,11,-0.454726606607437,6,418,NULL
1550,1,2026-03-29 21:00:00.000,373,-1.86283481121063,5,258,NULL
1551,1,2026-03-29 21:00:00.000,1584,-1.11669382694659E-21,5,303,NULL
1552,1,2026-03-29 21:00:00.000,1588,-0.0112539157271385,5,307,NULL
1553,1,2026-03-29 21:00:00.000,1745,-1.97455894947052,6,297,NULL
1554,1,2026-03-29 21:00:00.000,426,200,18,415,NULL
1555,1,2026-03-29 21:00:00.000,427,150,18,59,NULL
1556,1,2026-03-29 21:00:00.000,1112,45,18,323,NULL
1557,1,2026-03-29 21:00:00.000,1315,2.15,18,271,NULL
1558,1,2026-03-29 21:00:00.000,2125,10,18,330,NULL
1559,1,2026-03-29 21:00:00.000,2173,1,18,370,NULL
1560,1,2026-03-29 21:00:00.000,2902,1,18,371,NULL
1561,1,2026-03-29 21:00:00.000,3864,0,18,387,NULL
1562,1,2026-03-29 22:00:00.000,11,-0.454726606607437,6,418,NULL
1563,1,2026-03-29 22:00:00.000,373,-1.86283481121063,5,258,NULL
1564,1,2026-03-29 22:00:00.000,1584,-1.11669382694659E-21,5,303,NULL
1565,1,2026-03-29 22:00:00.000,1588,-0.0112539157271385,5,307,NULL
1566,1,2026-03-29 22:00:00.000,1745,-1.97455894947052,6,297,NULL
1567,1,2026-03-29 22:00:00.000,426,200,18,415,NULL
1568,1,2026-03-29 22:00:00.000,427,150,18,59,NULL
1569,1,2026-03-29 22:00:00.000,1112,45,18,323,NULL
1570,1,2026-03-29 22:00:00.000,1315,2.15,18,271,NULL
1571,1,2026-03-29 22:00:00.000,2125,10,18,330,NULL
1572,1,2026-03-29 22:00:00.000,2173,1,18,370,NULL
1573,1,2026-03-29 22:00:00.000,2902,1,18,371,NULL
1574,1,2026-03-29 22:00:00.000,3864,0,18,387,NULL
1575,1,2026-03-29 23:00:00.000,11,-0.454726606607437,6,418,NULL
1576,1,2026-03-29 23:00:00.000,373,-1.86283481121063,5,258,NULL
1577,1,2026-03-29 23:00:00.000,1584,-1.11669382694659E-21,5,303,NULL
1578,1,2026-03-29 23:00:00.000,1588,-0.0112539157271385,5,307,NULL
1579,1,2026-03-29 23:00:00.000,1745,-1.97455894947052,6,297,NULL
1580,1,2026-03-29 23:00:00.000,426,200,18,415,NULL
1581,1,2026-03-29 23:00:00.000,427,150,18,59,NULL
1582,1,2026-03-29 23:00:00.000,1112,45,18,323,NULL
1583,1,2026-03-29 23:00:00.000,1315,2.15,18,271,NULL
1584,1,2026-03-29 23:00:00.000,2125,10,18,330,NULL
1585,1,2026-03-29 23:00:00.000,2173,1,18,370,NULL
1586,1,2026-03-29 23:00:00.000,2902,1,18,371,NULL
1587,1,2026-03-29 23:00:00.000,3864,0,18,387,NULL
1588,1,2026-03-30 00:00:00.000,11,-0.454726606607437,6,418,NULL
1589,1,2026-03-30 00:00:00.000,373,-1.86283481121063,5,258,NULL
1590,1,2026-03-30 00:00:00.000,1584,-1.11669382694659E-21,5,303,NULL
1591,1,2026-03-30 00:00:00.000,1588,-0.0112539157271385,5,307,NULL
1592,1,2026-03-30 00:00:00.000,1745,-1.97455894947052,6,297,NULL
1593,1,2026-03-30 00:00:00.000,426,200,18,415,NULL
1594,1,2026-03-30 00:00:00.000,427,150,18,59,NULL
1595,1,2026-03-30 00:00:00.000,1112,45,18,323,NULL
1596,1,2026-03-30 00:00:00.000,1315,2.15,18,271,NULL
1597,1,2026-03-30 00:00:00.000,2125,10,18,330,NULL
1598,1,2026-03-30 00:00:00.000,2173,1,18,370,NULL
1599,1,2026-03-30 00:00:00.000,2902,1,18,371,NULL
1600,1,2026-03-30 00:00:00.000,3864,0,18,387,NULL
1601,1,2026-03-30 01:00:00.000,11,-0.454726606607437,6,418,NULL
1602,1,2026-03-30 01:00:00.000,373,-1.86283481121063,5,258,NULL
1603,1,2026-03-30 01:00:00.000,1584,-1.11669382694659E-21,5,303,NULL
1604,1,2026-03-30 01:00:00.000,1588,-0.0112539157271385,5,307,NULL
1605,1,2026-03-30 01:00:00.000,1745,-1.97455894947052,6,297,NULL
1606,1,2026-03-30 01:00:00.000,426,200,18,415,NULL
1607,1,2026-03-30 01:00:00.000,427,150,18,59,NULL
1608,1,2026-03-30 01:00:00.000,1112,45,18,323,NULL
1609,1,2026-03-30 01:00:00.000,1315,2.15,18,271,NULL
1610,1,2026-03-30 01:00:00.000,2125,10,18,330,NULL
1611,1,2026-03-30 01:00:00.000,2173,1,18,370,NULL
1612,1,2026-03-30 01:00:00.000,2902,1,18,371,NULL
1613,1,2026-03-30 01:00:00.000,3864,0,18,387,NULL
1614,1,2026-03-30 02:00:00.000,11,-0.454726606607437,6,418,NULL
1615,1,2026-03-30 02:00:00.000,373,-1.86283481121063,5,258,NULL
1616,1,2026-03-30 02:00:00.000,1584,-1.11669382694659E-21,5,303,NULL
1617,1,2026-03-30 02:00:00.000,1588,-0.0112539157271385,5,307,NULL
1618,1,2026-03-30 02:00:00.000,1745,-1.97455894947052,6,297,NULL
1619,1,2026-03-30 02:00:00.000,426,200,18,415,NULL
1620,1,2026-03-30 02:00:00.000,427,150,18,59,NULL
1621,1,2026-03-30 02:00:00.000,1112,45,18,323,NULL
1622,1,2026-03-30 02:00:00.000,1315,2.15,18,271,NULL
1623,1,2026-03-30 02:00:00.000,2125,10,18,330,NULL
1624,1,2026-03-30 02:00:00.000,2173,1,18,370,NULL
1625,1,2026-03-30 02:00:00.000,2902,1,18,371,NULL
1626,1,2026-03-30 02:00:00.000,3864,0,18,387,NULL
1627,1,2026-03-30 03:00:00.000,11,-0.454726606607437,6,418,NULL
1628,1,2026-03-30 03:00:00.000,373,-1.86283481121063,5,258,NULL
1629,1,2026-03-30 03:00:00.000,1584,-1.11669382694659E-21,5,303,NULL
1630,1,2026-03-30 03:00:00.000,1588,-0.0112539157271385,5,307,NULL
1631,1,2026-03-30 03:00:00.000,1745,-1.97455894947052,6,297,NULL
1632,1,2026-03-30 03:00:00.000,426,200,18,415,NULL
1633,1,2026-03-30 03:00:00.000,427,150,18,59,NULL
1634,1,2026-03-30 03:00:00.000,1112,45,18,323,NULL
1635,1,2026-03-30 03:00:00.000,1315,2.15,18,271,NULL
1636,1,2026-03-30 03:00:00.000,2125,10,18,330,NULL
1637,1,2026-03-30 03:00:00.000,2173,1,18,370,NULL
1638,1,2026-03-30 03:00:00.000,2902,1,18,371,NULL
1639,1,2026-03-30 03:00:00.000,3864,0,18,387,NULL
1640,1,2026-03-30 04:00:00.000,11,-0.454726606607437,6,418,NULL
1641,1,2026-03-30 04:00:00.000,373,-1.86283481121063,5,258,NULL
1642,1,2026-03-30 04:00:00.000,1584,-1.11669382694659E-21,5,303,NULL
1643,1,2026-03-30 04:00:00.000,1588,-0.0112539157271385,5,307,NULL
1644,1,2026-03-30 04:00:00.000,1745,-1.97455894947052,6,297,NULL
1645,1,2026-03-30 04:00:00.000,426,200,18,415,NULL
1646,1,2026-03-30 04:00:00.000,427,150,18,59,NULL
1647,1,2026-03-30 04:00:00.000,1112,45,18,323,NULL
1648,1,2026-03-30 04:00:00.000,1315,2.15,18,271,NULL
1649,1,2026-03-30 04:00:00.000,2125,10,18,330,NULL
1650,1,2026-03-30 04:00:00.000,2173,1,18,370,NULL
1651,1,2026-03-30 04:00:00.000,2902,1,18,371,NULL
1652,1,2026-03-30 04:00:00.000,3864,0,18,387,NULL
1653,1,2026-03-30 05:00:00.000,11,-0.454726606607437,6,418,NULL
1654,1,2026-03-30 05:00:00.000,373,-1.86283481121063,5,258,NULL
1655,1,2026-03-30 05:00:00.000,1584,-1.11669382694659E-21,5,303,NULL
1656,1,2026-03-30 05:00:00.000,1588,-0.0112539157271385,5,307,NULL
1657,1,2026-03-30 05:00:00.000,1745,-1.97455894947052,6,297,NULL
1658,1,2026-03-30 05:00:00.000,426,200,18,415,NULL
1659,1,2026-03-30 05:00:00.000,427,150,18,59,NULL
1660,1,2026-03-30 05:00:00.000,1112,45,18,323,NULL
1661,1,2026-03-30 05:00:00.000,1315,2.15,18,271,NULL
1662,1,2026-03-30 05:00:00.000,2125,10,18,330,NULL
1663,1,2026-03-30 05:00:00.000,2173,1,18,370,NULL
1664,1,2026-03-30 05:00:00.000,2902,1,18,371,NULL
1665,1,2026-03-30 05:00:00.000,3864,0,18,387,NULL
1666,1,2026-03-30 06:00:00.000,11,-1.06612265531854,6,418,NULL
1667,1,2026-03-30 07:00:00.000,11,-1.07068259797501,6,418,NULL
1668,1,2026-03-30 06:00:00.000,373,-1.75024065637478,5,258,NULL
1669,1,2026-03-30 07:00:00.000,373,-1.76562785021885,5,258,NULL
1670,1,2026-03-30 06:00:00.000,1584,-4.59182811340064E-05,5,303,NULL
1671,1,2026-03-30 07:00:00.000,1584,-0.000367704728098063,5,303,NULL
1672,1,2026-03-30 06:00:00.000,1588,-0.0164868533611298,5,307,NULL
1673,1,2026-03-30 07:00:00.000,1588,-0.0164868533611298,5,307,NULL
1674,1,2026-03-30 06:00:00.000,1745,-2.31155705451965,6,297,NULL
1675,1,2026-03-30 07:00:00.000,1745,-2.31155705451965,6,297,NULL
1676,1,2026-03-30 06:00:00.000,426,200,18,415,NULL
1677,1,2026-03-30 07:00:00.000,426,200,18,415,NULL
1678,1,2026-03-30 06:00:00.000,427,150,18,59,NULL
1679,1,2026-03-30 07:00:00.000,427,150,18,59,NULL
1680,1,2026-03-30 06:00:00.000,1112,45,18,323,NULL
1681,1,2026-03-30 07:00:00.000,1112,45,18,323,NULL
1682,1,2026-03-30 06:00:00.000,1315,2.15,18,271,NULL
1683,1,2026-03-30 07:00:00.000,1315,2.15,18,271,NULL
1684,1,2026-03-30 06:00:00.000,2125,10,18,330,NULL
1685,1,2026-03-30 07:00:00.000,2125,10,18,330,NULL
1686,1,2026-03-30 06:00:00.000,2173,1,18,370,NULL
1687,1,2026-03-30 07:00:00.000,2173,1,18,370,NULL
1688,1,2026-03-30 06:00:00.000,2902,1,18,371,NULL
1689,1,2026-03-30 07:00:00.000,2902,1,18,371,NULL
1690,1,2026-03-30 06:00:00.000,3864,0,18,387,NULL
1691,1,2026-03-30 07:00:00.000,3864,0,18,387,NULL
1692,1,2026-03-30 08:00:00.000,11,-0.961931259870442,6,418,NULL
1693,1,2026-03-30 08:00:00.000,373,-1.7060483835171,5,258,NULL
1694,1,2026-03-30 08:00:00.000,1584,-0.00268103298736085,5,303,NULL
1695,1,2026-03-30 08:00:00.000,1588,-0.0164868533611298,5,307,NULL
1696,1,2026-03-30 08:00:00.000,1745,-2.09774176263025,6,297,NULL
1697,1,2026-03-30 08:00:00.000,426,200,18,415,NULL
1698,1,2026-03-30 08:00:00.000,427,150,18,59,NULL
1699,1,2026-03-30 08:00:00.000,1112,45,18,323,NULL
1700,1,2026-03-30 08:00:00.000,1315,2.15,18,271,NULL
1701,1,2026-03-30 08:00:00.000,2125,10,18,330,NULL
1702,1,2026-03-30 08:00:00.000,2173,1,18,370,NULL
1703,1,2026-03-30 08:00:00.000,2902,1,18,371,NULL
1704,1,2026-03-30 08:00:00.000,3864,0,18,387,NULL
1705,1,2026-03-30 09:00:00.000,11,-1.10914318237682,6,418,NULL
1706,1,2026-03-30 09:00:00.000,373,-1.82611283763405,5,258,NULL
1707,1,2026-03-30 09:00:00.000,1584,-0.00155162740129915,5,303,NULL
1708,1,2026-03-30 09:00:00.000,1588,-0.0164868533611298,5,307,NULL
1709,1,2026-03-30 09:00:00.000,1745,-2.05055594444275,6,297,NULL
1710,1,2026-03-30 09:00:00.000,426,200,18,415,NULL
1711,1,2026-03-30 09:00:00.000,427,150,18,59,NULL
1712,1,2026-03-30 09:00:00.000,1112,45,18,323,NULL
1713,1,2026-03-30 09:00:00.000,1315,2.15,18,271,NULL
1714,1,2026-03-30 09:00:00.000,2125,10,18,330,NULL
1715,1,2026-03-30 09:00:00.000,2173,1,18,370,NULL
1716,1,2026-03-30 09:00:00.000,2902,1,18,371,NULL
1717,1,2026-03-30 09:00:00.000,3864,0,18,387,NULL
1718,1,2026-03-30 10:00:00.000,11,-1.0300165027323,6,418,NULL
1719,1,2026-03-30 10:00:00.000,373,-1.88376309795296,5,258,NULL
1720,1,2026-03-30 10:00:00.000,1584,-3.40866577937777E-08,5,303,NULL
1721,1,2026-03-30 10:00:00.000,1588,-0.0164868533611298,5,307,NULL
1722,1,2026-03-30 10:00:00.000,1745,-1.84801070279196,6,297,NULL
1723,1,2026-03-30 10:00:00.000,426,200,18,415,NULL
1724,1,2026-03-30 10:00:00.000,427,150,18,59,NULL
1725,1,2026-03-30 10:00:00.000,1112,45,18,323,NULL
1726,1,2026-03-30 10:00:00.000,1315,2.15,18,271,NULL
1727,1,2026-03-30 10:00:00.000,2125,10,18,330,NULL
1728,1,2026-03-30 10:00:00.000,2173,1,18,370,NULL
1729,1,2026-03-30 10:00:00.000,2902,1,18,371,NULL
1730,1,2026-03-30 10:00:00.000,3864,0,18,387,NULL
1731,1,2026-03-30 11:00:00.000,11,-0.798473825833864,6,418,NULL
1732,1,2026-03-30 11:00:00.000,373,-1.76591114690482,5,258,NULL
1733,1,2026-03-30 11:00:00.000,1584,-3.37600728455456E-05,5,303,NULL
1734,1,2026-03-30 11:00:00.000,1588,-0.0164868533611298,5,307,NULL
1735,1,2026-03-30 11:00:00.000,1745,-1.8047167319702,6,297,NULL
1736,1,2026-03-30 11:00:00.000,426,200,18,415,NULL
1737,1,2026-03-30 11:00:00.000,427,150,18,59,NULL
1738,1,2026-03-30 11:00:00.000,1112,45,18,323,NULL
1739,1,2026-03-30 11:00:00.000,1315,2.15,18,271,NULL
1740,1,2026-03-30 11:00:00.000,2125,10,18,330,NULL
1741,1,2026-03-30 11:00:00.000,2173,1,18,370,NULL
1742,1,2026-03-30 11:00:00.000,2902,1,18,371,NULL
1743,1,2026-03-30 11:00:00.000,3864,0,18,387,NULL
1744,1,2026-03-30 12:00:00.000,11,-0.440085920657963,6,418,NULL
1745,1,2026-03-30 12:00:00.000,373,-1.93634697052592,5,258,NULL
1746,1,2026-03-30 12:00:00.000,1584,-8.44002714504066E-06,5,303,NULL
1747,1,2026-03-30 12:00:00.000,1588,-0.0164868533611298,5,307,NULL
1748,1,2026-03-30 12:00:00.000,1745,-1.66249835000472,6,297,NULL
1749,1,2026-03-30 12:00:00.000,426,200,18,415,NULL
1750,1,2026-03-30 12:00:00.000,427,150,18,59,NULL
1751,1,2026-03-30 12:00:00.000,1112,45,18,323,NULL
1752,1,2026-03-30 12:00:00.000,1315,2.15,18,271,NULL
1753,1,2026-03-30 12:00:00.000,2125,10,18,330,NULL
1754,1,2026-03-30 12:00:00.000,2173,1,18,370,NULL
1755,1,2026-03-30 12:00:00.000,2902,1,18,371,NULL
1756,1,2026-03-30 12:00:00.000,3864,0,18,387,NULL
1757,1,2026-03-30 13:00:00.000,11,-0.382680904232241,6,418,NULL
1758,1,2026-03-30 13:00:00.000,373,-1.98707596101695,5,258,NULL
1759,1,2026-03-30 13:00:00.000,1584,-3.49814314487999E-05,5,303,NULL
1760,1,2026-03-30 13:00:00.000,1588,-0.0164868533611298,5,307,NULL
1761,1,2026-03-30 13:00:00.000,1745,-1.78943800385545,6,297,NULL
1762,1,2026-03-30 13:00:00.000,426,200,18,415,NULL
1763,1,2026-03-30 13:00:00.000,427,150,18,59,NULL
1764,1,2026-03-30 13:00:00.000,1112,45,18,323,NULL
1765,1,2026-03-30 13:00:00.000,1315,2.15,18,271,NULL
1766,1,2026-03-30 13:00:00.000,2125,10,18,330,NULL
1767,1,2026-03-30 13:00:00.000,2173,1,18,370,NULL
1768,1,2026-03-30 13:00:00.000,2902,1,18,371,NULL
1769,1,2026-03-30 13:00:00.000,3864,0,18,387,NULL
1770,1,2026-03-30 14:00:00.000,11,-0.523556503792742,6,418,NULL
1771,1,2026-03-30 14:00:00.000,373,-2.03370972130034,5,258,NULL
1772,1,2026-03-30 14:00:00.000,1584,-0.00219757749640618,5,303,NULL
1773,1,2026-03-30 14:00:00.000,1588,-0.0164868533611298,5,307,NULL
1774,1,2026-03-30 14:00:00.000,1745,-1.83744704723358,6,297,NULL
1775,1,2026-03-30 14:00:00.000,426,200,18,415,NULL
1776,1,2026-03-30 14:00:00.000,427,150,18,59,NULL
1777,1,2026-03-30 14:00:00.000,1112,45,18,323,NULL
1778,1,2026-03-30 14:00:00.000,1315,2.15,18,271,NULL
1779,1,2026-03-30 14:00:00.000,2125,10,18,330,NULL
1780,1,2026-03-30 14:00:00.000,2173,1,18,370,NULL
1781,1,2026-03-30 14:00:00.000,2902,1,18,371,NULL
1782,1,2026-03-30 14:00:00.000,3864,0,18,387,NULL
1783,1,2026-03-30 15:00:00.000,11,-0.716009616677701,6,418,NULL
1784,1,2026-03-30 15:00:00.000,373,-2.04003156152301,5,258,NULL
1785,1,2026-03-30 15:00:00.000,1584,-0.00148516087298795,5,303,NULL
1786,1,2026-03-30 15:00:00.000,1588,-0.0164868533611298,5,307,NULL
1787,1,2026-03-30 15:00:00.000,1745,-1.83744704723358,6,297,NULL
1788,1,2026-03-30 15:00:00.000,426,200,18,415,NULL
1789,1,2026-03-30 15:00:00.000,427,150,18,59,NULL
1790,1,2026-03-30 15:00:00.000,1112,45,18,323,NULL
1791,1,2026-03-30 15:00:00.000,1315,2.15,18,271,NULL
1792,1,2026-03-30 15:00:00.000,2125,10,18,330,NULL
1793,1,2026-03-30 15:00:00.000,2173,1,18,370,NULL
1794,1,2026-03-30 15:00:00.000,2902,1,18,371,NULL
1795,1,2026-03-30 15:00:00.000,3864,0,18,387,NULL
1796,1,2026-03-30 16:00:00.000,11,-0.641433550816702,6,418,NULL
1797,1,2026-03-30 16:00:00.000,373,-2.13166590991682,5,258,NULL
1798,1,2026-03-30 16:00:00.000,1584,-0.00147816848935312,5,303,NULL
1799,1,2026-03-30 16:00:00.000,1588,-0.0164868533611298,5,307,NULL
1800,1,2026-03-30 16:00:00.000,1745,-1.83744704723358,6,297,NULL
1801,1,2026-03-30 16:00:00.000,426,200,18,415,NULL
1802,1,2026-03-30 16:00:00.000,427,150,18,59,NULL
1803,1,2026-03-30 16:00:00.000,1112,45,18,323,NULL
1804,1,2026-03-30 16:00:00.000,1315,2.15,18,271,NULL
1805,1,2026-03-30 16:00:00.000,2125,10,18,330,NULL
1806,1,2026-03-30 16:00:00.000,2173,1,18,370,NULL
1807,1,2026-03-30 16:00:00.000,2902,1,18,371,NULL
1808,1,2026-03-30 16:00:00.000,3864,0,18,387,NULL
1809,1,2026-03-30 17:00:00.000,11,-0.622222006320953,6,418,NULL
1810,1,2026-03-30 17:00:00.000,373,-2.1484375,5,258,NULL
1811,1,2026-03-30 17:00:00.000,1584,-0.000113022048026323,5,303,NULL
1812,1,2026-03-30 17:00:00.000,1588,-0.0164868533611298,5,307,NULL
1813,1,2026-03-30 17:00:00.000,1745,-1.83744704723358,6,297,NULL
1814,1,2026-03-30 17:00:00.000,426,200,18,415,NULL
1815,1,2026-03-30 17:00:00.000,427,150,18,59,NULL
1816,1,2026-03-30 17:00:00.000,1112,45,18,323,NULL
1817,1,2026-03-30 17:00:00.000,1315,2.15,18,271,NULL
1818,1,2026-03-30 17:00:00.000,2125,10,18,330,NULL
1819,1,2026-03-30 17:00:00.000,2173,1,18,370,NULL
1820,1,2026-03-30 17:00:00.000,2902,1,18,371,NULL
1821,1,2026-03-30 17:00:00.000,3864,0,18,387,NULL
1822,1,2026-03-30 18:00:00.000,11,-0.622222006320953,6,418,NULL
1823,1,2026-03-30 18:00:00.000,373,-2.1484375,5,258,NULL
1824,1,2026-03-30 18:00:00.000,1584,-0.000113022048026323,5,303,NULL
1825,1,2026-03-30 18:00:00.000,1588,-0.0164868533611298,5,307,NULL
1826,1,2026-03-30 18:00:00.000,1745,-1.83744704723358,6,297,NULL
1827,1,2026-03-30 18:00:00.000,426,200,18,415,NULL
1828,1,2026-03-30 18:00:00.000,427,150,18,59,NULL
1829,1,2026-03-30 18:00:00.000,1112,45,18,323,NULL
1830,1,2026-03-30 18:00:00.000,1315,2.15,18,271,NULL
1831,1,2026-03-30 18:00:00.000,2125,10,18,330,NULL
1832,1,2026-03-30 18:00:00.000,2173,1,18,370,NULL
1833,1,2026-03-30 18:00:00.000,2902,1,18,371,NULL
1834,1,2026-03-30 18:00:00.000,3864,0,18,387,NULL
1835,1,2026-03-30 19:00:00.000,11,-0.622222006320953,6,418,NULL
1836,1,2026-03-30 19:00:00.000,373,-2.1484375,5,258,NULL
1837,1,2026-03-30 19:00:00.000,1584,-0.000113022048026323,5,303,NULL
1838,1,2026-03-30 19:00:00.000,1588,-0.0164868533611298,5,307,NULL
1839,1,2026-03-30 19:00:00.000,1745,-1.83744704723358,6,297,NULL
1840,1,2026-03-30 19:00:00.000,426,200,18,415,NULL
1841,1,2026-03-30 19:00:00.000,427,150,18,59,NULL
1842,1,2026-03-30 19:00:00.000,1112,45,18,323,NULL
1843,1,2026-03-30 19:00:00.000,1315,2.15,18,271,NULL
1844,1,2026-03-30 19:00:00.000,2125,10,18,330,NULL
1845,1,2026-03-30 19:00:00.000,2173,1,18,370,NULL
1846,1,2026-03-30 19:00:00.000,2902,1,18,371,NULL
1847,1,2026-03-30 19:00:00.000,3864,0,18,387,NULL
1848,1,2026-03-30 20:00:00.000,11,-0.622222006320953,6,418,NULL
1849,1,2026-03-30 20:00:00.000,373,-2.1484375,5,258,NULL
1850,1,2026-03-30 20:00:00.000,1584,-0.000113022048026323,5,303,NULL
1851,1,2026-03-30 20:00:00.000,1588,-0.0164868533611298,5,307,NULL
1852,1,2026-03-30 20:00:00.000,1745,-1.83744704723358,6,297,NULL
1853,1,2026-03-30 20:00:00.000,426,200,18,415,NULL
1854,1,2026-03-30 20:00:00.000,427,150,18,59,NULL
1855,1,2026-03-30 20:00:00.000,1112,45,18,323,NULL
1856,1,2026-03-30 20:00:00.000,1315,2.15,18,271,NULL
1857,1,2026-03-30 20:00:00.000,2125,10,18,330,NULL
1858,1,2026-03-30 20:00:00.000,2173,1,18,370,NULL
1859,1,2026-03-30 20:00:00.000,2902,1,18,371,NULL
1860,1,2026-03-30 20:00:00.000,3864,0,18,387,NULL
1861,1,2026-03-30 21:00:00.000,11,-0.622222006320953,6,418,NULL
1862,1,2026-03-30 21:00:00.000,373,-2.1484375,5,258,NULL
1863,1,2026-03-30 21:00:00.000,1584,-0.000113022048026323,5,303,NULL
1864,1,2026-03-30 21:00:00.000,1588,-0.0164868533611298,5,307,NULL
1865,1,2026-03-30 21:00:00.000,1745,-1.83744704723358,6,297,NULL
1866,1,2026-03-30 21:00:00.000,426,200,18,415,NULL
1867,1,2026-03-30 21:00:00.000,427,150,18,59,NULL
1868,1,2026-03-30 21:00:00.000,1112,45,18,323,NULL
1869,1,2026-03-30 21:00:00.000,1315,2.15,18,271,NULL
1870,1,2026-03-30 21:00:00.000,2125,10,18,330,NULL
1871,1,2026-03-30 21:00:00.000,2173,1,18,370,NULL
1872,1,2026-03-30 21:00:00.000,2902,1,18,371,NULL
1873,1,2026-03-30 21:00:00.000,3864,0,18,387,NULL
1874,1,2026-03-30 22:00:00.000,11,-0.622222006320953,6,418,NULL
1875,1,2026-03-30 22:00:00.000,373,-2.1484375,5,258,NULL
1876,1,2026-03-30 22:00:00.000,1584,-0.000113022048026323,5,303,NULL
1877,1,2026-03-30 22:00:00.000,1588,-0.0164868533611298,5,307,NULL
1878,1,2026-03-30 22:00:00.000,1745,-1.83744704723358,6,297,NULL
1879,1,2026-03-30 22:00:00.000,426,200,18,415,NULL
1880,1,2026-03-30 22:00:00.000,427,150,18,59,NULL
1881,1,2026-03-30 22:00:00.000,1112,45,18,323,NULL
1882,1,2026-03-30 22:00:00.000,1315,2.15,18,271,NULL
1883,1,2026-03-30 22:00:00.000,2125,10,18,330,NULL
1884,1,2026-03-30 22:00:00.000,2173,1,18,370,NULL
1885,1,2026-03-30 22:00:00.000,2902,1,18,371,NULL
1886,1,2026-03-30 22:00:00.000,3864,0,18,387,NULL
1887,1,2026-03-30 23:00:00.000,11,-0.622222006320953,6,418,NULL
1888,1,2026-03-30 23:00:00.000,373,-2.1484375,5,258,NULL
1889,1,2026-03-30 23:00:00.000,1584,-0.000113022048026323,5,303,NULL
1890,1,2026-03-30 23:00:00.000,1588,-0.0164868533611298,5,307,NULL
1891,1,2026-03-30 23:00:00.000,1745,-1.83744704723358,6,297,NULL
1892,1,2026-03-30 23:00:00.000,426,200,18,415,NULL
1893,1,2026-03-30 23:00:00.000,427,150,18,59,NULL
1894,1,2026-03-30 23:00:00.000,1112,45,18,323,NULL
1895,1,2026-03-30 23:00:00.000,1315,2.15,18,271,NULL
1896,1,2026-03-30 23:00:00.000,2125,10,18,330,NULL
1897,1,2026-03-30 23:00:00.000,2173,1,18,370,NULL
1898,1,2026-03-30 23:00:00.000,2902,1,18,371,NULL
1899,1,2026-03-30 23:00:00.000,3864,0,18,387,NULL
1900,1,2026-03-31 00:00:00.000,11,-0.622222006320953,6,418,NULL
1901,1,2026-03-31 00:00:00.000,373,-2.1484375,5,258,NULL
1902,1,2026-03-31 00:00:00.000,1584,-0.000113022048026323,5,303,NULL
1903,1,2026-03-31 00:00:00.000,1588,-0.0164868533611298,5,307,NULL
1904,1,2026-03-31 00:00:00.000,1745,-1.83744704723358,6,297,NULL
1905,1,2026-03-31 00:00:00.000,426,200,18,415,NULL
1906,1,2026-03-31 00:00:00.000,427,150,18,59,NULL
1907,1,2026-03-31 00:00:00.000,1112,45,18,323,NULL
1908,1,2026-03-31 00:00:00.000,1315,2.15,18,271,NULL
1909,1,2026-03-31 00:00:00.000,2125,10,18,330,NULL
1910,1,2026-03-31 00:00:00.000,2173,1,18,370,NULL
1911,1,2026-03-31 00:00:00.000,2902,1,18,371,NULL
1912,1,2026-03-31 00:00:00.000,3864,0,18,387,NULL
1913,1,2026-03-31 01:00:00.000,11,-0.622222006320953,6,418,NULL
1914,1,2026-03-31 01:00:00.000,373,-2.1484375,5,258,NULL
1915,1,2026-03-31 01:00:00.000,1584,-0.000113022048026323,5,303,NULL
1916,1,2026-03-31 01:00:00.000,1588,-0.0164868533611298,5,307,NULL
1917,1,2026-03-31 01:00:00.000,1745,-1.83744704723358,6,297,NULL
1918,1,2026-03-31 01:00:00.000,426,200,18,415,NULL
1919,1,2026-03-31 01:00:00.000,427,150,18,59,NULL
1920,1,2026-03-31 01:00:00.000,1112,45,18,323,NULL
1921,1,2026-03-31 01:00:00.000,1315,2.15,18,271,NULL
1922,1,2026-03-31 01:00:00.000,2125,10,18,330,NULL
1923,1,2026-03-31 01:00:00.000,2173,1,18,370,NULL
1924,1,2026-03-31 01:00:00.000,2902,1,18,371,NULL
1925,1,2026-03-31 01:00:00.000,3864,0,18,387,NULL
1926,1,2026-03-31 02:00:00.000,11,-0.622222006320953,6,418,NULL
1927,1,2026-03-31 02:00:00.000,373,-2.1484375,5,258,NULL
1928,1,2026-03-31 02:00:00.000,1584,-0.000113022048026323,5,303,NULL
1929,1,2026-03-31 02:00:00.000,1588,-0.0164868533611298,5,307,NULL
1930,1,2026-03-31 02:00:00.000,1745,-1.83744704723358,6,297,NULL
1931,1,2026-03-31 02:00:00.000,426,200,18,415,NULL
1932,1,2026-03-31 02:00:00.000,427,150,18,59,NULL
1933,1,2026-03-31 02:00:00.000,1112,45,18,323,NULL
1934,1,2026-03-31 02:00:00.000,1315,2.15,18,271,NULL
1935,1,2026-03-31 02:00:00.000,2125,10,18,330,NULL
1936,1,2026-03-31 02:00:00.000,2173,1,18,370,NULL
1937,1,2026-03-31 02:00:00.000,2902,1,18,371,NULL
1938,1,2026-03-31 02:00:00.000,3864,0,18,387,NULL
1939,1,2026-03-31 03:00:00.000,11,-0.622222006320953,6,418,NULL
1940,1,2026-03-31 03:00:00.000,373,-2.1484375,5,258,NULL
1941,1,2026-03-31 03:00:00.000,1584,-0.000113022048026323,5,303,NULL
1942,1,2026-03-31 03:00:00.000,1588,-0.0164868533611298,5,307,NULL
1943,1,2026-03-31 03:00:00.000,1745,-1.83744704723358,6,297,NULL
1944,1,2026-03-31 03:00:00.000,426,200,18,415,NULL
1945,1,2026-03-31 03:00:00.000,427,150,18,59,NULL
1946,1,2026-03-31 03:00:00.000,1112,45,18,323,NULL
1947,1,2026-03-31 03:00:00.000,1315,2.15,18,271,NULL
1948,1,2026-03-31 03:00:00.000,2125,10,18,330,NULL
1949,1,2026-03-31 03:00:00.000,2173,1,18,370,NULL
1950,1,2026-03-31 03:00:00.000,2902,1,18,371,NULL
1951,1,2026-03-31 03:00:00.000,3864,0,18,387,NULL
1952,1,2026-03-31 04:00:00.000,11,-0.622222006320953,6,418,NULL
1953,1,2026-03-31 04:00:00.000,373,-2.1484375,5,258,NULL
1954,1,2026-03-31 04:00:00.000,1584,-0.000113022048026323,5,303,NULL
1955,1,2026-03-31 04:00:00.000,1588,-0.0164868533611298,5,307,NULL
1956,1,2026-03-31 04:00:00.000,1745,-1.83744704723358,6,297,NULL
1957,1,2026-03-31 04:00:00.000,426,200,18,415,NULL
1958,1,2026-03-31 04:00:00.000,427,150,18,59,NULL
1959,1,2026-03-31 04:00:00.000,1112,45,18,323,NULL
1960,1,2026-03-31 04:00:00.000,1315,2.15,18,271,NULL
1961,1,2026-03-31 04:00:00.000,2125,10,18,330,NULL
1962,1,2026-03-31 04:00:00.000,2173,1,18,370,NULL
1963,1,2026-03-31 04:00:00.000,2902,1,18,371,NULL
1964,1,2026-03-31 04:00:00.000,3864,0,18,387,NULL
1965,1,2026-03-31 05:00:00.000,11,-0.622222006320953,6,418,NULL
1966,1,2026-03-31 05:00:00.000,373,-2.1484375,5,258,NULL
1967,1,2026-03-31 05:00:00.000,1584,-0.000113022048026323,5,303,NULL
1968,1,2026-03-31 05:00:00.000,1588,-0.0164868533611298,5,307,NULL
1969,1,2026-03-31 05:00:00.000,1745,-1.83744704723358,6,297,NULL
1970,1,2026-03-31 05:00:00.000,426,200,18,415,NULL
1971,1,2026-03-31 05:00:00.000,427,150,18,59,NULL
1972,1,2026-03-31 05:00:00.000,1112,45,18,323,NULL
1973,1,2026-03-31 05:00:00.000,1315,2.15,18,271,NULL
1974,1,2026-03-31 05:00:00.000,2125,10,18,330,NULL
1975,1,2026-03-31 05:00:00.000,2173,1,18,370,NULL
1976,1,2026-03-31 05:00:00.000,2902,1,18,371,NULL
1977,1,2026-03-31 05:00:00.000,3864,0,18,387,NULL
1978,1,2026-03-31 06:00:00.000,11,-1.0069639767441,6,418,NULL
1979,1,2026-03-31 07:00:00.000,11,-1.05503685682928,6,418,NULL
1980,1,2026-03-31 06:00:00.000,373,-1.74557471901178,5,258,NULL
1981,1,2026-03-31 07:00:00.000,373,-1.75942621504267,5,258,NULL
1982,1,2026-03-31 06:00:00.000,1584,-0.0130552904733405,5,303,NULL
1983,1,2026-03-31 07:00:00.000,1584,-0.0120915614878888,5,303,NULL
1984,1,2026-03-31 06:00:00.000,1588,-0.0358277782797813,5,307,NULL
1985,1,2026-03-31 07:00:00.000,1588,-0.0358277782797813,5,307,NULL
1986,1,2026-03-31 06:00:00.000,1745,-2.41200285993106,6,297,NULL
1987,1,2026-03-31 07:00:00.000,1745,-2.41890834168994,6,297,NULL
1988,1,2026-03-31 06:00:00.000,426,200,18,415,NULL
1989,1,2026-03-31 07:00:00.000,426,200,18,415,NULL
1990,1,2026-03-31 06:00:00.000,427,150,18,59,NULL
1991,1,2026-03-31 07:00:00.000,427,150,18,59,NULL
1992,1,2026-03-31 06:00:00.000,1112,45,18,323,NULL
1993,1,2026-03-31 07:00:00.000,1112,45,18,323,NULL
1994,1,2026-03-31 06:00:00.000,1315,2.15,18,271,NULL
1995,1,2026-03-31 07:00:00.000,1315,2.15,18,271,NULL
1996,1,2026-03-31 06:00:00.000,2125,10,18,330,NULL
1997,1,2026-03-31 07:00:00.000,2125,10,18,330,NULL
1998,1,2026-03-31 06:00:00.000,2173,1,18,370,NULL
1999,1,2026-03-31 07:00:00.000,2173,1,18,370,NULL
2000,1,2026-03-31 06:00:00.000,2902,1,18,371,NULL
2001,1,2026-03-31 07:00:00.000,2902,1,18,371,NULL
2002,1,2026-03-31 06:00:00.000,3864,0,18,387,NULL
2003,1,2026-03-31 07:00:00.000,3864,0,18,387,NULL
2004,1,2026-03-31 08:00:00.000,11,-1.09089986554186,6,418,NULL
2005,1,2026-03-31 08:00:00.000,373,-1.76732172194454,5,258,NULL
2006,1,2026-03-31 08:00:00.000,1584,-0.0116688728640351,5,303,NULL
2007,1,2026-03-31 08:00:00.000,1588,-0.0358277782797813,5,307,NULL
2008,1,2026-03-31 08:00:00.000,1745,-2.3499875756089,6,297,NULL
2009,1,2026-03-31 08:00:00.000,426,200,18,415,NULL
2010,1,2026-03-31 08:00:00.000,427,150,18,59,NULL
2011,1,2026-03-31 08:00:00.000,1112,45,18,323,NULL
2012,1,2026-03-31 08:00:00.000,1315,2.15,18,271,NULL
2013,1,2026-03-31 08:00:00.000,2125,10,18,330,NULL
2014,1,2026-03-31 08:00:00.000,2173,1,18,370,NULL
2015,1,2026-03-31 08:00:00.000,2902,1,18,371,NULL
2016,1,2026-03-31 08:00:00.000,3864,0,18,387,NULL
2017,1,2026-03-31 09:00:00.000,11,-1.07440967896581,6,418,NULL
2018,1,2026-03-31 09:00:00.000,373,-1.85420266728141,5,258,NULL
2019,1,2026-03-31 09:00:00.000,1584,-0.0096480878960641,5,303,NULL
2020,1,2026-03-31 09:00:00.000,1588,-0.0184375539335716,5,307,NULL
2021,1,2026-03-31 09:00:00.000,1745,-2.30777754686588,6,297,NULL
2022,1,2026-03-31 09:00:00.000,426,200,18,415,NULL
2023,1,2026-03-31 09:00:00.000,427,150,18,59,NULL
2024,1,2026-03-31 09:00:00.000,1112,45,18,323,NULL
2025,1,2026-03-31 09:00:00.000,1315,2.15,18,271,NULL
2026,1,2026-03-31 09:00:00.000,2125,10,18,330,NULL
2027,1,2026-03-31 09:00:00.000,2173,1,18,370,NULL
2028,1,2026-03-31 09:00:00.000,2902,1,18,371,NULL
2029,1,2026-03-31 09:00:00.000,3864,0,18,387,NULL
2030,1,2026-03-31 10:00:00.000,11,-0.985031597365936,6,418,NULL
2031,1,2026-03-31 10:00:00.000,373,-1.89837592540589,5,258,NULL
2032,1,2026-03-31 10:00:00.000,1584,-0.00796909193998687,5,303,NULL
2033,1,2026-03-31 10:00:00.000,1588,-0.0247212311878008,5,307,NULL
2034,1,2026-03-31 10:00:00.000,1745,-2.10932475669043,6,297,NULL
2035,1,2026-03-31 10:00:00.000,426,200,18,415,NULL
2036,1,2026-03-31 10:00:00.000,427,150,18,59,NULL
2037,1,2026-03-31 10:00:00.000,1112,45,18,323,NULL
2038,1,2026-03-31 10:00:00.000,1315,2.15,18,271,NULL
2039,1,2026-03-31 10:00:00.000,2125,10,18,330,NULL
2040,1,2026-03-31 10:00:00.000,2173,1,18,370,NULL
2041,1,2026-03-31 10:00:00.000,2902,1,18,371,NULL
2042,1,2026-03-31 10:00:00.000,3864,0,18,387,NULL
2043,1,2026-03-31 11:00:00.000,11,-0.871178587098916,6,418,NULL
2044,1,2026-03-31 11:00:00.000,373,-1.89629551037539,5,258,NULL
2045,1,2026-03-31 11:00:00.000,1584,-0.00741567626268303,5,303,NULL
2046,1,2026-03-31 11:00:00.000,1588,-0.0152655644342303,5,307,NULL
2047,1,2026-03-31 11:00:00.000,1745,-2.05136005178591,6,297,NULL
2048,1,2026-03-31 11:00:00.000,426,200,18,415,NULL
2049,1,2026-03-31 11:00:00.000,427,150,18,59,NULL
2050,1,2026-03-31 11:00:00.000,1112,45,18,323,NULL
2051,1,2026-03-31 11:00:00.000,1315,2.15,18,271,NULL
2052,1,2026-03-31 11:00:00.000,2125,10,18,330,NULL
2053,1,2026-03-31 11:00:00.000,2173,1,18,370,NULL
2054,1,2026-03-31 11:00:00.000,2902,1,18,371,NULL
2055,1,2026-03-31 11:00:00.000,3864,0,18,387,NULL
2056,1,2026-03-31 12:00:00.000,11,-0.38245249497029,6,418,NULL
2057,1,2026-03-31 12:00:00.000,373,-1.90681740257475,5,258,NULL
2058,1,2026-03-31 12:00:00.000,1584,-0.00840410976868822,5,303,NULL
2059,1,2026-03-31 12:00:00.000,1588,-0.0152655644342303,5,307,NULL
2060,1,2026-03-31 12:00:00.000,1745,-2.00503873825073,6,297,NULL
2061,1,2026-03-31 12:00:00.000,426,200,18,415,NULL
2062,1,2026-03-31 12:00:00.000,427,150,18,59,NULL
2063,1,2026-03-31 12:00:00.000,1112,45,18,323,NULL
2064,1,2026-03-31 12:00:00.000,1315,2.15,18,271,NULL
2065,1,2026-03-31 12:00:00.000,2125,10,18,330,NULL
2066,1,2026-03-31 12:00:00.000,2173,1,18,370,NULL
2067,1,2026-03-31 12:00:00.000,2902,1,18,371,NULL
2068,1,2026-03-31 12:00:00.000,3864,0,18,387,NULL
2069,1,2026-03-31 13:00:00.000,373,-1.97530730850167,5,258,NULL
2070,1,2026-03-31 13:00:00.000,1584,-0.00539472187881175,5,303,NULL
2071,1,2026-03-31 13:00:00.000,1588,-0.0325994481588222,5,307,NULL
2072,1,2026-03-31 13:00:00.000,1745,-2.00503873825073,6,297,NULL
2073,1,2026-03-31 13:00:00.000,426,200,18,415,NULL
2074,1,2026-03-31 13:00:00.000,427,150,18,59,NULL
2075,1,2026-03-31 13:00:00.000,1112,45,18,323,NULL
2076,1,2026-03-31 13:00:00.000,1315,2.15,18,271,NULL
2077,1,2026-03-31 13:00:00.000,2125,10,18,330,NULL
2078,1,2026-03-31 13:00:00.000,2173,1,18,370,NULL
2079,1,2026-03-31 13:00:00.000,2902,1,18,371,NULL
2080,1,2026-03-31 13:00:00.000,3864,0,18,387,NULL
2081,1,2026-03-31 14:00:00.000,373,-2.04825801917248,5,258,NULL
2082,1,2026-03-31 14:00:00.000,1584,-0.0018122811796567,5,303,NULL
2083,1,2026-03-31 14:00:00.000,1588,-0.0280877785172934,5,307,NULL
2084,1,2026-03-31 14:00:00.000,1745,-1.78732793806886,6,297,NULL
2085,1,2026-03-31 14:00:00.000,426,200,18,415,NULL
2086,1,2026-03-31 14:00:00.000,427,150,18,59,NULL
2087,1,2026-03-31 14:00:00.000,1112,45,18,323,NULL
2088,1,2026-03-31 14:00:00.000,1315,2.15,18,271,NULL
2089,1,2026-03-31 14:00:00.000,2125,10,18,330,NULL
2090,1,2026-03-31 14:00:00.000,2173,1,18,370,NULL
2091,1,2026-03-31 14:00:00.000,2902,1,18,371,NULL
2092,1,2026-03-31 14:00:00.000,3864,0,18,387,NULL
2093,1,2026-03-31 15:00:00.000,373,-2.13159771134456,5,258,NULL
2094,1,2026-03-31 15:00:00.000,1584,-0.00216587557248467,5,303,NULL
2095,1,2026-03-31 15:00:00.000,1588,-0.0255084376513718,5,307,NULL
2096,1,2026-03-31 15:00:00.000,1745,-1.87129826834992,6,297,NULL
2097,1,2026-03-31 15:00:00.000,426,200,18,415,NULL
2098,1,2026-03-31 15:00:00.000,427,150,18,59,NULL
2099,1,2026-03-31 15:00:00.000,1112,45,18,323,NULL
2100,1,2026-03-31 15:00:00.000,1315,2.15,18,271,NULL
2101,1,2026-03-31 15:00:00.000,2125,10,18,330,NULL
2102,1,2026-03-31 15:00:00.000,2173,1,18,370,NULL
2103,1,2026-03-31 15:00:00.000,2902,1,18,371,NULL
2104,1,2026-03-31 15:00:00.000,3864,0,18,387,NULL
2105,1,2026-03-31 16:00:00.000,373,-2.15268699407578,5,258,NULL
2106,1,2026-03-31 16:00:00.000,1584,-0.00355429753779072,5,303,NULL
2107,1,2026-03-31 16:00:00.000,1588,-0.0353870540857315,5,307,NULL
2108,1,2026-03-31 16:00:00.000,1745,-1.99329590797424,6,297,NULL
2109,1,2026-03-31 16:00:00.000,426,200,18,415,NULL
2110,1,2026-03-31 16:00:00.000,427,150,18,59,NULL
2111,1,2026-03-31 16:00:00.000,1112,45,18,323,NULL
2112,1,2026-03-31 16:00:00.000,1315,2.15,18,271,NULL
2113,1,2026-03-31 16:00:00.000,2125,10,18,330,NULL
2114,1,2026-03-31 16:00:00.000,2173,1,18,370,NULL
2115,1,2026-03-31 16:00:00.000,2902,1,18,371,NULL
2116,1,2026-03-31 16:00:00.000,3864,0,18,387,NULL
2117,1,2026-03-31 17:00:00.000,373,-2.14853429794312,5,258,NULL
2118,1,2026-03-31 17:00:00.000,1584,-0.00407542614266276,5,303,NULL
2119,1,2026-03-31 17:00:00.000,1588,-0.0353870540857315,5,307,NULL
2120,1,2026-03-31 17:00:00.000,1745,-1.99329590797424,6,297,NULL
2121,1,2026-03-31 17:00:00.000,426,200,18,415,NULL
2122,1,2026-03-31 17:00:00.000,427,150,18,59,NULL
2123,1,2026-03-31 17:00:00.000,1112,45,18,323,NULL
2124,1,2026-03-31 17:00:00.000,1315,2.15,18,271,NULL
2125,1,2026-03-31 17:00:00.000,2125,10,18,330,NULL
2126,1,2026-03-31 17:00:00.000,2173,1,18,370,NULL
2127,1,2026-03-31 17:00:00.000,2902,1,18,371,NULL
2128,1,2026-03-31 17:00:00.000,3864,0,18,387,NULL
2129,1,2026-03-31 18:00:00.000,373,-2.14853429794312,5,258,NULL
2130,1,2026-03-31 18:00:00.000,1584,-0.00407542614266276,5,303,NULL
2131,1,2026-03-31 18:00:00.000,1588,-0.0353870540857315,5,307,NULL
2132,1,2026-03-31 18:00:00.000,1745,-1.99329590797424,6,297,NULL
2133,1,2026-03-31 18:00:00.000,426,200,18,415,NULL
2134,1,2026-03-31 18:00:00.000,427,150,18,59,NULL
2135,1,2026-03-31 18:00:00.000,1112,45,18,323,NULL
2136,1,2026-03-31 18:00:00.000,1315,2.15,18,271,NULL
2137,1,2026-03-31 18:00:00.000,2125,10,18,330,NULL
2138,1,2026-03-31 18:00:00.000,2173,1,18,370,NULL
2139,1,2026-03-31 18:00:00.000,2902,1,18,371,NULL
2140,1,2026-03-31 18:00:00.000,3864,0,18,387,NULL
2141,1,2026-03-31 19:00:00.000,373,-2.14853429794312,5,258,NULL
2142,1,2026-03-31 19:00:00.000,1584,-0.00407542614266276,5,303,NULL
2143,1,2026-03-31 19:00:00.000,1588,-0.0353870540857315,5,307,NULL
2144,1,2026-03-31 19:00:00.000,1745,-1.99329590797424,6,297,NULL
2145,1,2026-03-31 19:00:00.000,426,200,18,415,NULL
2146,1,2026-03-31 19:00:00.000,427,150,18,59,NULL
2147,1,2026-03-31 19:00:00.000,1112,45,18,323,NULL
2148,1,2026-03-31 19:00:00.000,1315,2.15,18,271,NULL
2149,1,2026-03-31 19:00:00.000,2125,10,18,330,NULL
2150,1,2026-03-31 19:00:00.000,2173,1,18,370,NULL
2151,1,2026-03-31 19:00:00.000,2902,1,18,371,NULL
2152,1,2026-03-31 19:00:00.000,3864,0,18,387,NULL
2153,1,2026-03-31 20:00:00.000,373,-2.14853429794312,5,258,NULL
2154,1,2026-03-31 20:00:00.000,1584,-0.00407542614266276,5,303,NULL
2155,1,2026-03-31 20:00:00.000,1588,-0.0353870540857315,5,307,NULL
2156,1,2026-03-31 20:00:00.000,1745,-1.99329590797424,6,297,NULL
2157,1,2026-03-31 20:00:00.000,426,200,18,415,NULL
2158,1,2026-03-31 20:00:00.000,427,150,18,59,NULL
2159,1,2026-03-31 20:00:00.000,1112,45,18,323,NULL
2160,1,2026-03-31 20:00:00.000,1315,2.15,18,271,NULL
2161,1,2026-03-31 20:00:00.000,2125,10,18,330,NULL
2162,1,2026-03-31 20:00:00.000,2173,1,18,370,NULL
2163,1,2026-03-31 20:00:00.000,2902,1,18,371,NULL
2164,1,2026-03-31 20:00:00.000,3864,0,18,387,NULL
2165,1,2026-03-31 21:00:00.000,373,-2.14853429794312,5,258,NULL
2166,1,2026-03-31 21:00:00.000,1584,-0.00407542614266276,5,303,NULL
2167,1,2026-03-31 21:00:00.000,1588,-0.0353870540857315,5,307,NULL
2168,1,2026-03-31 21:00:00.000,1745,-1.99329590797424,6,297,NULL
2169,1,2026-03-31 21:00:00.000,426,200,18,415,NULL
2170,1,2026-03-31 21:00:00.000,427,150,18,59,NULL
2171,1,2026-03-31 21:00:00.000,1112,45,18,323,NULL
2172,1,2026-03-31 21:00:00.000,1315,2.15,18,271,NULL
2173,1,2026-03-31 21:00:00.000,2125,10,18,330,NULL
2174,1,2026-03-31 21:00:00.000,2173,1,18,370,NULL
2175,1,2026-03-31 21:00:00.000,2902,1,18,371,NULL
2176,1,2026-03-31 21:00:00.000,3864,0,18,387,NULL
2177,1,2026-03-31 22:00:00.000,373,-2.14853429794312,5,258,NULL
2178,1,2026-03-31 22:00:00.000,1584,-0.00407542614266276,5,303,NULL
2179,1,2026-03-31 22:00:00.000,1588,-0.0353870540857315,5,307,NULL
2180,1,2026-03-31 22:00:00.000,1745,-1.99329590797424,6,297,NULL
2181,1,2026-03-31 22:00:00.000,426,200,18,415,NULL
2182,1,2026-03-31 22:00:00.000,427,150,18,59,NULL
2183,1,2026-03-31 22:00:00.000,1112,45,18,323,NULL
2184,1,2026-03-31 22:00:00.000,1315,2.15,18,271,NULL
2185,1,2026-03-31 22:00:00.000,2125,10,18,330,NULL
2186,1,2026-03-31 22:00:00.000,2173,1,18,370,NULL
2187,1,2026-03-31 22:00:00.000,2902,1,18,371,NULL
2188,1,2026-03-31 22:00:00.000,3864,0,18,387,NULL
2189,1,2026-03-31 23:00:00.000,373,-2.14853429794312,5,258,NULL
2190,1,2026-03-31 23:00:00.000,1584,-0.00407542614266276,5,303,NULL
2191,1,2026-03-31 23:00:00.000,1588,-0.0353870540857315,5,307,NULL
2192,1,2026-03-31 23:00:00.000,1745,-1.99329590797424,6,297,NULL
2193,1,2026-03-31 23:00:00.000,426,200,18,415,NULL
2194,1,2026-03-31 23:00:00.000,427,150,18,59,NULL
2195,1,2026-03-31 23:00:00.000,1112,45,18,323,NULL
2196,1,2026-03-31 23:00:00.000,1315,2.15,18,271,NULL
2197,1,2026-03-31 23:00:00.000,2125,10,18,330,NULL
2198,1,2026-03-31 23:00:00.000,2173,1,18,370,NULL
2199,1,2026-03-31 23:00:00.000,2902,1,18,371,NULL
2200,1,2026-03-31 23:00:00.000,3864,0,18,387,NULL
2201,1,2026-03-26 01:00:00.000,11,-0.984534033647687,6,418,NULL
2202,1,2026-03-26 01:00:00.000,170,-8.27544783497436,3,300,NULL
2203,1,2026-03-26 01:00:00.000,373,-1.8020689253631,5,258,NULL
2204,1,2026-03-26 01:00:00.000,1584,-0.0123374664800403,5,303,NULL
2205,1,2026-03-26 01:00:00.000,1745,-2.33455165609183,6,297,NULL
2206,1,2026-03-26 01:00:00.000,426,200,18,415,NULL
2207,1,2026-03-26 01:00:00.000,427,150,18,59,NULL
2208,1,2026-03-26 01:00:00.000,1112,45,18,323,NULL
2209,1,2026-03-26 01:00:00.000,1315,2.15,18,271,NULL
2210,1,2026-03-26 01:00:00.000,2125,10,18,330,NULL
2211,1,2026-03-26 01:00:00.000,2173,1,18,370,NULL
2212,1,2026-03-26 01:00:00.000,2902,1,18,371,NULL
2213,1,2026-03-26 01:00:00.000,3864,0,18,387,NULL
