pi_output_id,time_stamp,output_pi_name,value,created_on
178,2026-04-23 08:54:05.563,UN.UO.BO-7104A.KEV_Stack_Temp_Optimum_EO_CALC_OUTPUT,0,2026-04-23 03:26:48.580
179,2026-04-23 08:54:05.563,UN.UO.BO-7104A.KEV_Actual_Steam_Production_Optimum_EO_CALC_OUTPUT,0,2026-04-23 03:26:48.580
180,2026-04-23 08:54:05.563,UN.UO.BO-7104A.KEV_Excess_O2_Optimum_EO_CALC_OUTPUT,0,2026-04-23 03:26:48.580
181,2026-04-23 08:54:05.563,UN.UO.BO-7104B.KEV_Stack_Temp_Optimum_EO_CALC_OUTPUT,0,2026-04-23 03:26:48.580
182,2026-04-23 08:54:05.563,UN.UO.BO-7104B.KEV_Actual_Steam_Production_Optimum_EO_CALC_OUTPUT,0,2026-04-23 03:26:48.580
183,2026-04-23 08:54:05.563,UN.UO.BO-7104B.KEV_Excess_O2_Optimum_EO_CALC_OUTPUT,0,2026-04-23 03:26:48.580
184,2026-04-23 08:54:05.563,UN.UO.BO-7104C.KEV_Stack_Temp_Optimum_EO_CALC_OUTPUT,0,2026-04-23 03:26:48.580
185,2026-04-23 08:54:05.563,UN.UO.BO-7104C.KEV_Actual_Steam_Production_Optimum_EO_CALC_OUTPUT,0,2026-04-23 03:26:48.580
186,2026-04-23 08:54:05.563,UN.UO.BO-7104C.KEV_Excess_O2_Optimum_EO_CALC_OUTPUT,0,2026-04-23 03:26:48.580
187,2026-04-23 08:54:05.563,UN.UO.BO-7104D.KEV_Stack_Temp_Optimum_EO_CALC_OUTPUT,0,2026-04-23 03:26:48.580
188,2026-04-23 08:54:05.563,UN.UO.BO-7104D.KEV_Actual_Steam_Production_Optimum_EO_CALC_OUTPUT,0,2026-04-23 03:26:48.580
189,2026-04-23 08:54:05.563,UN.UO.BO-7104D.KEV_Excess_O2_Optimum_EO_CALC_OUTPUT,0,2026-04-23 03:26:48.580
190,2026-04-23 08:54:05.563,UN.UO.BO-7104E.KEV_Stack_Temp_Optimum_EO_CALC_OUTPUT,257.6503,2026-04-23 03:26:48.580
191,2026-04-23 08:54:05.563,UN.UO.BO-7104E.KEV_Actual_Steam_Production_Optimum_EO_CALC_OUTPUT,0.0154289,2026-04-23 03:26:48.580
192,2026-04-23 08:54:05.563,UN.UO.BO-7104E.KEV_Excess_O2_Optimum_EO_CALC_OUTPUT,38.4504,2026-04-23 03:26:48.580
193,2026-04-23 08:54:05.563,UN.ETH.H-1111.KEV_Stack_Temperature_Optimum_EO_CALC_OUTPUT,0,2026-04-23 03:26:48.580
194,2026-04-23 08:54:05.563,UN.ETH.H-1111.KEV_Stack_Excess_O2_Optimum_EO_CALC_OUTPUT,0,2026-04-23 03:26:48.580
195,2026-04-23 08:54:05.563,UN.ETH.H-1111.KEV_Fuel_Flow_Optimum_EO_CALC_OUTPUT,0,2026-04-23 03:26:48.580
196,2026-04-23 08:54:05.563,UN.ETH.H-1111.KEV_Process_Flow_Rate_Optimum_EO_CALC_OUTPUT,0,2026-04-23 03:26:48.580
197,2026-04-23 08:54:05.563,UN.ETH.H-1112.KEV_Stack_Temperature_Optimum_EO_CALC_OUTPUT,0,2026-04-23 03:26:48.580
198,2026-04-23 08:54:05.563,UN.ETH.H-1112.KEV_Stack_Excess_O2_Optimum_EO_CALC_OUTPUT,0,2026-04-23 03:26:48.580
199,2026-04-23 08:54:05.563,UN.ETH.H-1112.KEV_Fuel_Flow_Optimum_EO_CALC_OUTPUT,0,2026-04-23 03:26:48.580
200,2026-04-23 08:54:05.563,UN.ETH.H-1112.KEV_Process_Flow_Rate_Optimum_EO_CALC_OUTPUT,0,2026-04-23 03:26:48.580
201,2026-04-23 08:54:05.563,UN.ETH.H-1113.KEV_Stack_Temperature_Optimum_EO_CALC_OUTPUT,107.0675,2026-04-23 03:26:48.580
202,2026-04-23 08:54:05.563,UN.ETH.H-1113.KEV_Stack_Excess_O2_Optimum_EO_CALC_OUTPUT,4.8698,2026-04-23 03:26:48.580
203,2026-04-23 08:54:05.563,UN.ETH.H-1113.KEV_Fuel_Flow_Optimum_EO_CALC_OUTPUT,47.0357,2026-04-23 03:26:48.580
204,2026-04-23 08:54:05.563,UN.ETH.H-1113.KEV_Process_Flow_Rate_Optimum_EO_CALC_OUTPUT,296.5463,2026-04-23 03:26:48.580
205,2026-04-23 08:54:05.563,UN.ETH.H-1114.KEV_Stack_Temperature_Optimum_EO_CALC_OUTPUT,281.312,2026-04-23 03:26:48.580
206,2026-04-23 08:54:05.563,UN.ETH.H-1114.KEV_Stack_Excess_O2_Optimum_EO_CALC_OUTPUT,10.9282,2026-04-23 03:26:48.580
207,2026-04-23 08:54:05.563,UN.ETH.H-1114.KEV_Fuel_Flow_Optimum_EO_CALC_OUTPUT,399.6464,2026-04-23 03:26:48.580
208,2026-04-23 08:54:05.563,UN.ETH.H-1114.KEV_Process_Flow_Rate_Optimum_EO_CALC_OUTPUT,265.661,2026-04-23 03:26:48.580
209,2026-04-23 08:54:05.563,UN.ETH.H-1115.KEV_Stack_Temperature_Optimum_EO_CALC_OUTPUT,353.8161,2026-04-23 03:26:48.580
210,2026-04-23 08:54:05.563,UN.ETH.H-1115.KEV_Stack_Excess_O2_Optimum_EO_CALC_OUTPUT,67.5306,2026-04-23 03:26:48.580
211,2026-04-23 08:54:05.563,UN.ETH.H-1115.KEV_Fuel_Flow_Optimum_EO_CALC_OUTPUT,267.9455,2026-04-23 03:26:48.580
212,2026-04-23 08:54:05.563,UN.ETH.H-1115.KEV_Process_Flow_Rate_Optimum_EO_CALC_OUTPUT,449.0452,2026-04-23 03:26:48.580
213,2026-04-23 08:54:05.563,UN.ETH.H-1116.KEV_Stack_Temp.C_Optimum_EO_CALC_OUTPUT,237.317,2026-04-23 03:26:48.580
214,2026-04-23 08:54:05.563,UN.ETH.H-1116.KEV_Stack_Excess_O2%_Optimum_EO_CALC_OUTPUT,71.3258,2026-04-23 03:26:48.580
215,2026-04-23 08:54:05.563,UN.ETH.H-1116.KEV_Fuel_Flow_Optimum_EO_CALC_OUTPUT,261.7994,2026-04-23 03:26:48.580
216,2026-04-23 08:54:05.563,UN.ETH.H-1116.KEV_Process_Flow_Rate_Optimum_EO_CALC_OUTPUT,443.2888,2026-04-23 03:26:48.580
217,2026-04-23 08:54:05.563,UN.ETH.H-1117.KEV_Stack_Temperature_Optimum_EO_CALC_OUTPUT,268.1527,2026-04-23 03:26:48.580
218,2026-04-23 08:54:05.563,UN.ETH.H-1117.KEV_Stack_Excess_O2_Optimum_EO_CALC_OUTPUT,77.3721,2026-04-23 03:26:48.580
219,2026-04-23 08:54:05.563,UN.ETH.H-1117.KEV_Fuel_Flow_Optimum_EO_CALC_OUTPUT,40.7241,2026-04-23 03:26:48.580
220,2026-04-23 08:54:05.563,UN.ETH.H-1117.KEV_Process_Flow_Rate_Optimum_EO_CALC_OUTPUT,505.3811,2026-04-23 03:26:48.580
221,2026-04-23 08:54:05.563,UN.ETH.H-1118.KEV_Stack_Temperature_Optimum_EO_CALC_OUTPUT,483.6837,2026-04-23 03:26:48.580
222,2026-04-23 08:54:05.563,UN.ETH.H-1118.KEV_Stack_Excess_O2_Optimum_EO_CALC_OUTPUT,86.5457,2026-04-23 03:26:48.580
223,2026-04-23 08:54:05.563,UN.ETH.H-1118.KEV_Fuel_Flow_Optimum_EO_CALC_OUTPUT,359.3282,2026-04-23 03:26:48.580
224,2026-04-23 08:54:05.563,UN.ETH.H-1118.KEV_Process_Flow_Rate_Optimum_EO_CALC_OUTPUT,282.3173,2026-04-23 03:26:48.580
225,2026-04-23 08:54:05.563,UN.ETH.H-1119.KEV_Stack_Temperature_Optimum_EO_CALC_OUTPUT,400.7852,2026-04-23 03:26:48.580
226,2026-04-23 08:54:05.563,UN.ETH.H-1119.KEV_Stack_Excess_O2_Optimum_EO_CALC_OUTPUT,73.9431,2026-04-23 03:26:48.580
227,2026-04-23 08:54:05.563,UN.ETH.H-1119.KEV_Fuel_Flow_Optimum_EO_CALC_OUTPUT,16.4548,2026-04-23 03:26:48.580
228,2026-04-23 08:54:05.563,UN.ETH.H-1119.KEV_Process_Flow_Rate_Optimum_EO_CALC_OUTPUT,286.971,2026-04-23 03:26:48.580
229,2026-04-23 08:54:05.563,UN.UO.PT-7103B.KEV_BFW_Steam_Flow_Optimum_EO_CALC_OUTPUT,0,2026-04-23 03:26:48.580
230,2026-04-23 08:54:05.563,UN.UO.PT-7103C.KEV_BFW_Steam_Flow_Optimum_EO_CALC_OUTPUT,0,2026-04-23 03:26:48.580
231,2026-04-23 08:54:05.563,UN.UO.PT-7103E.KEV_BFW_Steam_Flow_Optimum_EO_CALC_OUTPUT,0,2026-04-23 03:26:48.580
232,2026-04-23 08:54:05.563,UN.UO.PT-7102B.KEV_VHP_Discharge_Flow_Optimum_EO_CALC_OUTPUT,0,2026-04-23 03:26:48.580
233,2026-04-23 08:54:05.563,UN.UO.PT-7102B.KEV_VHP_BFW_Steam_Flow_Optimum_EO_CALC_OUTPUT,0,2026-04-23 03:26:48.580
234,2026-04-23 08:54:05.563,UN.UO.PT-7102C.KEV_VHP_Discharge_Flow_Optimum_EO_CALC_OUTPUT,0,2026-04-23 03:26:48.580
235,2026-04-23 08:54:05.563,UN.UO.PT-7102C.KEV_VHP_BFW_Steam_Flow_Optimum_EO_CALC_OUTPUT,0,2026-04-23 03:26:48.580
236,2026-04-23 08:54:05.563,UN.UO.PT-7102A.KEV_VHP_Discharge_Flow_Optimum_EO_CALC_OUTPUT,0,2026-04-23 03:26:48.580
237,2026-04-23 08:54:05.563,UN.UO.PT-7801A.KEV_CW_Pump_steam_Flow_Optimum_EO_CALC_OUTPUT,70.0265,2026-04-23 03:26:48.580
238,2026-04-23 08:54:05.563,UN.UO.PT-7801B.KEV_CW_Pump_steam_Flow_Optimum_EO_CALC_OUTPUT,31.2367,2026-04-23 03:26:48.580
239,2026-04-23 08:54:05.563,UN.UO.PT-7801G.KEV_CW_Pump_steam_Flow_Optimum_EO_CALC_OUTPUT,83.226,2026-04-23 03:26:48.580
240,2026-04-23 08:54:05.563,UN.UO.PK-7201A.KEV_Discharge_Flow_Optimum_EO_CALC_OUTPUT,0,2026-04-23 03:26:48.580
241,2026-04-23 08:54:05.563,UN.UO.PK-7201A.KEV_Turbine_Inlet_Steam_Flow_Optimum_EO_CALC_OUTPUT,0,2026-04-23 03:26:48.580
242,2026-04-23 08:54:05.563,UN.UO.PK-7201D.KEV_Discharge_Flow_Optimum_EO_CALC_OUTPUT,0,2026-04-23 03:26:48.580
243,2026-04-23 08:54:05.563,UN.UO.PK-7201D.KEV_Turbine_Inlet_Steam_Flow_Optimum_EO_CALC_OUTPUT,0,2026-04-23 03:26:48.580
244,2026-04-23 08:54:05.563,UN.UO.PK-7201B.KEV_Discharge_Flow_Optimum_EO_CALC_OUTPUT,0.0948608157,2026-04-23 03:26:48.580
245,2026-04-23 08:54:05.563,UN.UO.PK-7201C.KEV_Discharge_Flow_Optimum_EO_CALC_OUTPUT,0.0248086617,2026-04-23 03:26:48.580
246,2026-04-23 08:54:05.563,UN.EG1.C-2220.KEV_Regenerator_Bottom_Temperature_Optimum_EO_CALC_OUTPUT,232.2943,2026-04-23 03:26:48.580
247,2026-04-23 08:54:05.563,UN.EG1.C-2220.KEV_Total_Steam_To_Regenerator_Optimum_EO_CALC_OUTPUT,170.4615,2026-04-23 03:26:48.580
248,2026-04-23 08:54:05.563,UN.EG1.C-2220.KEV_Fractional_Conversion_Bicarbonate_Optimum_EO_CALC_OUTPUT,93.0385,2026-04-23 03:26:48.580
249,2026-04-23 08:54:05.563,UN.EG1.C-2310.KEV_Stripper_Column_Top_Temperature_Optimum_EO_CALC_OUTPUT,119.4277,2026-04-23 03:26:48.580
250,2026-04-23 08:54:05.563,UN.EG1.C-2310.KEV_Cycle_Water_Bleed_EO_Optimum_EO_CALC_OUTPUT,46.077,2026-04-23 03:26:48.580
251,2026-04-23 08:54:05.563,UN.EG1.C-2310.KEV_Total_Steam_To_Stripping_Column_Optimum_EO_CALC_OUTPUT,363.4328,2026-04-23 03:26:48.580
252,2026-04-23 08:54:05.563,UN.EG1.C-2310.KEV_C2310_Bottom_Pressure_Optimum_EO_CALC_OUTPUT,57.2131,2026-04-23 03:26:48.580
253,2026-04-23 08:54:05.563,UN.EG1.E-2523.KEV_Glycol_Reactor_Inlet_Temperature_Optimum_EO_CALC_OUTPUT,15.0454,2026-04-23 03:26:48.580
254,2026-04-23 08:54:05.563,UN.EG1.E-2523.KEV_Steam_Flow_Optimum_EO_CALC_OUTPUT,150.1672,2026-04-23 03:26:48.580
255,2026-04-23 08:54:05.563,UN.EG1.E-2523.KEV_ReactorOutletLegTempDelta_Optimum_EO_CALC_OUTPUT,118.9496,2026-04-23 03:26:48.580
256,2026-04-23 08:54:05.563,UN.EG1.E-2531.KEV_Recycle_Water_Tank_Meg_Optimum_EO_CALC_OUTPUT,13.8205,2026-04-23 03:26:48.580
257,2026-04-23 08:54:05.563,UN.EG1.E-2531.KEV_Treated_Water_To_1st_Effect_Evaporator_Optimum_EO_CALC_OUTPUT,91.8823,2026-04-23 03:26:48.580
258,2026-04-23 08:54:05.563,UN.EG1.E-2531.KEV_Treated_Water_To_2nd_Effect_Evaporator_Optimum_EO_CALC_OUTPUT,0.926,2026-04-23 03:26:48.580
259,2026-04-23 08:54:05.563,UN.EG1.E-2531.KEV_Treated_Water_To_3rd_Effect_Evaporator_Optimum_EO_CALC_OUTPUT,18.8322,2026-04-23 03:26:48.580
260,2026-04-23 08:54:05.563,UN.EG1.E-2531.KEV_Treated_Water_To_4th_Effect_Evaporator_Optimum_EO_CALC_OUTPUT,3.1284,2026-04-23 03:26:48.580
261,2026-04-23 08:54:05.563,UN.EG1.E-2531.KEV_Treated_Water_To_5th_Effect_Evaporator_Optimum_EO_CALC_OUTPUT,11.0629,2026-04-23 03:26:48.580
262,2026-04-23 08:54:05.563,UN.EG1.E-2531.KEV_5th_Effect_Evaporator_Overhead_Pressure_Controller_Opening_Optimum_EO_CALC_OUTPUT,0,2026-04-23 03:26:48.580
263,2026-04-23 08:54:05.563,UN.EG1.E-2620.KEV_CriticalTrayTemperature_Optimum_EO_CALC_OUTPUT,67.1613,2026-04-23 03:26:48.580
264,2026-04-23 08:54:05.563,UN.EG1.E-2620.KEV_Total_Reboiler_Steam_flow_Actual_EO_CALC_OUTPUT,274.895,2026-04-23 03:26:48.580
265,2026-04-23 08:54:05.563,UN.EG1.E-2620.KEV_Chest_Pressure_Optimum_EO_CALC_OUTPUT,20.0895,2026-04-23 03:26:48.580
266,2026-04-23 08:54:05.563,UN.EG1.E-2610.KEV_CriticalTrayTemperature_Optimum_EO_CALC_OUTPUT,89.5635,2026-04-23 03:26:48.580
267,2026-04-23 08:54:05.563,UN.EG1.E-2610.KEV_Reboiler_Steam_flow_Optimum_EO_CALC_OUTPUT,312.7036,2026-04-23 03:26:48.580
268,2026-04-23 08:54:05.563,UN.EG1.E-2610.KEV_Chest_Pressure_Optimum_EO_CALC_OUTPUT,45.9678,2026-04-23 03:26:48.580
269,2026-04-23 08:54:05.563,UN.EG2.C-4220.KEV_Regenerator_Bottom_Temperature_Optimum_EO_CALC_OUTPUT,336.0782,2026-04-23 03:26:48.580
270,2026-04-23 08:54:05.563,UN.EG2.C-4220.KEV_Fractional_Conversion_Bicarbonate_Optimum_EO_CALC_OUTPUT,84.9435,2026-04-23 03:26:48.580
271,2026-04-23 08:54:05.563,UN.EG2.C-4310.KEV_Stripper_Column_Top_Temperature_Optimum_EO_CALC_OUTPUT,101.8966,2026-04-23 03:26:48.580
272,2026-04-23 08:54:05.563,UN.EG2.C-4310.KEV_Cycle_Water_Bleed_EO_Optimum_EO_CALC_OUTPUT,85.3369,2026-04-23 03:26:48.580
273,2026-04-23 08:54:05.563,UN.EG2.C-4310.KEV_Total_Steam_To_Stripping_Column_Optimum_EO_CALC_OUTPUT,633.2069,2026-04-23 03:26:48.580
274,2026-04-23 08:54:05.563,UN.EG2.C-4310.KEV_C2310_Bottom_Pressure_Optimum_EO_CALC_OUTPUT,49.9104,2026-04-23 03:26:48.580
275,2026-04-23 08:54:05.563,UN.EG2.E-4523.KEV_Glycol_Reactor_Inlet_Optimum_EO_CALC_OUTPUT,16.2743,2026-04-23 03:26:48.580
276,2026-04-23 08:54:05.563,UN.EG2.E-4523.KEV_Steam_Flow_Optimum_EO_CALC_OUTPUT,105.0864,2026-04-23 03:26:48.580
277,2026-04-23 08:54:05.563,UN.EG2.E-4523.KEV_Reactor_Outlet_Leg_Temperature_Delta_Optimum_EO_CALC_OUTPUT,409.175,2026-04-23 03:26:48.580
278,2026-04-23 08:54:05.563,UN.EG2.E-4531.KEV_Recycle_Water_Tank_MEG_Optimum_EO_CALC_OUTPUT,85.5492,2026-04-23 03:26:48.580
279,2026-04-23 08:54:05.563,UN.EG2.E-4531.KEV_Treated_Water_To_1st_Effect_Evaporator_Optimum_EO_CALC_OUTPUT,25.4263,2026-04-23 03:26:48.580
280,2026-04-23 08:54:05.563,UN.EG2.E-4531.KEV_Treated_Water_To_2nd_Effect_Evaporator_Optimum_EO_CALC_OUTPUT,91.8794,2026-04-23 03:26:48.580
281,2026-04-23 08:54:05.563,UN.EG2.E-4531.KEV_Treated_Water_To_3rd_Effect_Evaporator_Optimum_EO_CALC_OUTPUT,45.4457,2026-04-23 03:26:48.580
282,2026-04-23 08:54:05.563,UN.EG2.E-4531.KEV_Treated_Water_To_4th_Effect_Evaporator_Optimum_EO_CALC_OUTPUT,60.3424,2026-04-23 03:26:48.580
283,2026-04-23 08:54:05.563,UN.EG2.E-4531.KEV_Treated_Water_To_5th_Effect_Evaporator_Optimum_EO_CALC_OUTPUT,98.465,2026-04-23 03:26:48.580
284,2026-04-23 08:54:05.563,UN.EG2.E-4531.KEV_5th_Effect_Evaporator_Overhead_Pressure_Controller_Opening_Optimum_EO_CALC_OUTPUT,0,2026-04-23 03:26:48.580
285,2026-04-23 08:54:05.563,UN.EG2.E-4620.KEV_Critical_Tray_Temperature_Optimum_EO_CALC_OUTPUT,85.2781,2026-04-23 03:26:48.580
286,2026-04-23 08:54:05.563,UN.EG2.E-4620.KEV_Total_Reboiler_Steam_flow_Actual_EO_CALC_OUTPUT,290.2428,2026-04-23 03:26:48.580
287,2026-04-23 08:54:05.563,UN.EG2.E-4620.KEV_Chest_Pressure_Optimum_EO_CALC_OUTPUT,65.2396,2026-04-23 03:26:48.580
288,2026-04-23 08:54:05.563,UN.EG2.E-4610.KEV_Critical_Tray_Temperature_Optimum_EO_CALC_OUTPUT,23.7658,2026-04-23 03:26:48.580
289,2026-04-23 08:54:05.563,UN.EG2.E-4610.KEV_Reboiler_Steam_Flow_Optimum_EO_CALC_OUTPUT,57.1806,2026-04-23 03:26:48.580
290,2026-04-23 08:54:05.563,UN.EG2.E-4610.KEV_Chest_Pressure_Optimum_EO_CALC_OUTPUT,26.1535,2026-04-23 03:26:48.580
291,2026-04-23 08:54:05.563,UN.EG3.C-6220.KEV_Regenerator_Bottom_Temperature_Optimum_EO_CALC_OUTPUT,419.6854,2026-04-23 03:26:48.580
292,2026-04-23 08:54:05.563,UN.EG3.C-6220.KEV_Total_Steam_to_Regenerator_Optimum_EO_CALC_OUTPUT,449.6372,2026-04-23 03:26:48.580
293,2026-04-23 08:54:05.563,UN.EG3.C-6220.KEV_Fractional_Conversion_Bicarbonate_Optimum_EO_CALC_OUTPUT,60.0734,2026-04-23 03:26:48.580
294,2026-04-23 08:54:05.563,UN.EG3.E-6531.KEV_Recycle_Water_Tank_MEG_Optimum_EO_CALC_OUTPUT,21.6356,2026-04-23 03:26:48.580
295,2026-04-23 08:54:05.563,UN.EG3.E-6531.KEV_Treated_Water_To_1st_Effect_Evaporator_Optimum_EO_CALC_OUTPUT,41.4026,2026-04-23 03:26:48.580
296,2026-04-23 08:54:05.563,UN.EG3.E-6531.KEV_Treated_Water_To_2nd_Effect_Evaporator_Optimum_EO_CALC_OUTPUT,31.7636,2026-04-23 03:26:48.580
297,2026-04-23 08:54:05.563,UN.EG3.E-6531.KEV_Treated_Water_To_3rd_Effect_Evaporator_Optimum_EO_CALC_OUTPUT,7.8108,2026-04-23 03:26:48.580
298,2026-04-23 08:54:05.563,UN.EG3.E-6531.KEV_Treated_Water_To_4th_Effect_Evaporator_Optimum_EO_CALC_OUTPUT,2.9835,2026-04-23 03:26:48.580
299,2026-04-23 08:54:05.563,UN.EG3.E-6531.KEV_Treated_Water_To_5th_Effect_Evaporator_Optimum_EO_CALC_OUTPUT,34.6479,2026-04-23 03:26:48.580
300,2026-04-23 08:54:05.563,UN.EG3.E-6531.KEV_Treated_Water_To_6th_Effect_Evaporator_Optimum_EO_CALC_OUTPUT,1.9034,2026-04-23 03:26:48.580
301,2026-04-23 08:54:05.563,UN.EG3.E-6531.KEV_Treated_Water_To_7th_Effect_Evaporator_Optimum_EO_CALC_OUTPUT,16.5488,2026-04-23 03:26:48.580
302,2026-04-23 08:54:05.563,UN.EG3.E-6531.KEV_7th_Effect_Evaporator_Overhead_Pressure_Controller_Opening_Optimum_EO_CALC_OUTPUT,0,2026-04-23 03:26:48.580
303,2026-04-23 08:54:05.563,UN.EG3.E-6220.KEV_Critical_Tray_Temperature_Optimum_EO_CALC_OUTPUT,34.8031,2026-04-23 03:26:48.580
304,2026-04-23 08:54:05.563,UN.EG3.E-6220.KEV_Total_Reboiler_Steam_Flow_Actual_EO_CALC_OUTPUT,260.7171,2026-04-23 03:26:48.580
305,2026-04-23 08:54:05.563,UN.EG3.E-6220.KEV_Chest_Pressure_Optimum_EO_CALC_OUTPUT,56.9392,2026-04-23 03:26:48.580
306,2026-04-23 08:54:05.563,UN.ETH.K-1200.KEV_Discharge_Pressure_5Stage_Optimum_EO_CALC_OUTPUT,47.9126,2026-04-23 03:26:48.580
307,2026-04-23 08:54:05.563,UN.ETH.K-1200.KEV_Turbine_exhaust_pressure_Optimum_EO_CALC_OUTPUT,10.9561,2026-04-23 03:26:48.580
308,2026-04-23 08:54:05.563,UN.ETH.K-1200.KEV_CGC_tubrine_inlet_VHP_steam_temp_Optimum_EO_CALC_OUTPUT,275.5514,2026-04-23 03:26:48.580
309,2026-04-23 08:54:05.563,UN.ETH.K-1200.KEV_Quench_overhead_temp_Optimum_EO_CALC_OUTPUT,157.4875,2026-04-23 03:26:48.580
310,2026-04-23 08:54:05.563,UN.ETH.K-1200.KEV_VHP_letdown_controller_opening_Optimum_EO_CALC_OUTPUT,69.3095,2026-04-23 03:26:48.580
311,2026-04-23 08:54:05.563,UN.ETH.E-1102.KEV_Chest_Pressure_Optimum_EO_CALC_OUTPUT,32.4856,2026-04-23 03:26:48.580
312,2026-04-23 08:54:05.563,UN.CO2.KM-5020.KEV_Process_flow_Optimum_EO_CALC_OUTPUT,70.0123,2026-04-23 03:26:48.580
313,2026-04-23 08:54:05.563,UN.CO2.KM-5020.KEV_Temperature_Ratio_Optimum_EO_CALC_OUTPUT,0.774266326368185,2026-04-23 03:26:48.580
314,2026-04-23 08:54:05.563,UN.CO2.KM-5020.KEV_Pressure_Ratio_Optimum_EO_CALC_OUTPUT,61.1371994342291,2026-04-23 03:26:48.580
315,2026-04-23 08:54:05.563,UN.CO2.KM-5070.KEV_K_5071_Discharge_Flow_Optimum_EO_CALC_OUTPUT,163.5354,2026-04-23 03:26:48.580
316,2026-04-23 08:54:05.563,UN.CO2.KM-5070.KEV_CO2_Sale_Current_Flow_Optimum_EO_CALC_OUTPUT,49.0821,2026-04-23 03:26:48.580
317,2026-04-23 08:54:05.563,UN.UO.V-7101A.KEV_BFW_Flow_Optimum_EO_CALC_OUTPUT,108.6719,2026-04-23 03:26:48.580
318,2026-04-23 08:54:05.563,UN.UO.V-7101A.KEV_BFW_Outlet_temperature_Optimum_EO_CALC_OUTPUT,348.1431,2026-04-23 03:26:48.580
319,2026-04-23 08:54:05.563,UN.UO.V-7101B.KEV_BFW_Flow_Optimum_EO_CALC_OUTPUT,299.9819,2026-04-23 03:26:48.580
320,2026-04-23 08:54:05.563,UN.UO.V-7101B.KEV_BFW_Outlet_temperature_Optimum_EO_CALC_OUTPUT,280.1544,2026-04-23 03:26:48.580
321,2026-04-23 08:54:05.563,UN.LAO.H-3831.KEV_Feed_Flow_Optimum_EO_CALC_OUTPUT,371.3469,2026-04-23 03:26:48.580
322,2026-04-23 08:54:05.563,UN.LAO.H-3831.KEV_Feed_temp_Optimum_EO_CALC_OUTPUT,223.014,2026-04-23 03:26:48.580
323,2026-04-23 08:54:05.563,UN.LAO.H-3831.KEV_Stack_O2_Optimum_EO_CALC_OUTPUT,47.7506,2026-04-23 03:26:48.580
324,2026-04-23 08:54:05.563,UN.EG1.KM-2115.Recycle_Compressor_Efficiency_Optimum_EO_CALC_OUTPUT,0,2026-04-23 03:26:48.580
325,2026-04-23 08:54:05.563,UN.EG2.KM-4115.Recycle_Compressor_Efficiency_Optimum_EO_CALC_OUTPUT,0,2026-04-23 03:26:48.580
326,2026-04-23 08:54:05.563,UN.EG3.KM-6115.Recycle_Compressor_Efficiency_Optimum_EO_CALC_OUTPUT,0,2026-04-23 03:26:48.580
327,2026-04-23 08:54:05.563,UN.ETH.KT-1500.KEV_Splitter_top_analyzer_C2H6_Optimum_in_C2R_EO_CALC_OUTPUT,53.62,2026-04-23 03:26:48.580
328,2026-04-23 08:54:05.563,UN.ETH.KT-1500.KEV_Splitter_reflux_controller_opening_Optimum_in_C2R_EO_CALC_OUTPUT,62.1792,2026-04-23 03:26:48.580
329,2026-04-23 08:54:05.563,UN.ETH.KT-1500.KEV_Splitter_control_tray_temperature_controller_opening_Optimum_in_C2R_EO_CALC_OUTPUT,209.2749,2026-04-23 03:26:48.580
330,2026-04-23 08:54:05.563,UN.ETH.KT-1500.KEV_Ethylene_surge_drum_vent_to_CGC_5Th_stage_controller_opening_Optimum_in_C2R_EO_CALC_OUTPUT,59.4568,2026-04-23 03:26:48.580
331,2026-04-23 08:54:05.563,UN.ETH.KT-1500.KEV_Compressor_RPM_Optimum_in_C2R_EO_CALC_OUTPUT,24.2857,2026-04-23 03:26:48.580
332,2026-04-23 08:54:05.563,UN.ETH.KT-1500.KEV_Governor_Valve_Opening_Optimum_in_C2R_EO_CALC_OUTPUT,1.8161,2026-04-23 03:26:48.580
333,2026-04-23 08:54:05.563,UN.ETH.KT-1500.KEV_Level_in_E-1310_Optimum_in_C2R_EO_CALC_OUTPUT,35.2199,2026-04-23 03:26:48.580
334,2026-04-23 08:54:05.563,UN.ETH.KT-1500.KEV_Suction_Pressure_Optimum_in_C2R_EO_CALC_OUTPUT,49.2508,2026-04-23 03:26:48.580
335,2026-04-23 08:54:05.563,UN.ETH.KT-1500.KEV_Inlet_Steam_Temperature_Optimum_in_C2R_EO_CALC_OUTPUT,468.3882,2026-04-23 03:26:48.580
336,2026-04-23 08:54:05.563,UN.ETH.KT-1500.KEV_Inlet_Steam_Pressure_Optimum_in_C2R_EO_CALC_OUTPUT,14.077,2026-04-23 03:26:48.580
337,2026-04-23 08:54:05.563,UN.ETH.KT-1500.KEV_Inlet_Steam_Flow_Optimum_in_C2R_EO_CALC_OUTPUT,117.4644,2026-04-23 03:26:48.580
338,2026-04-23 08:54:05.563,UN.ETH.KT-1500.KEV_Ethylene_in_tail_gas_Optimum_in_C2R_EO_CALC_OUTPUT,55.3541,2026-04-23 03:26:48.580
339,2026-04-23 08:54:05.563,UN.ETH.KT-1500.KEV_Fuel_gas_drum_pressure_Optimum_in_C2R_EO_CALC_OUTPUT,53.4261,2026-04-23 03:26:48.580
340,2026-04-23 08:54:05.563,UN.ETH.KT-1600.KEV_E_1402_level_Optimum_in_C3R_EO_CALC_OUTPUT,70.1747,2026-04-23 03:26:48.580
341,2026-04-23 08:54:05.563,UN.ETH.KT-1600.KEV_E_1307_level_Optimum_in_C3R_EO_CALC_OUTPUT,55.7428,2026-04-23 03:26:48.580
342,2026-04-23 08:54:05.563,UN.ETH.KT-1600.KEV_C3_compressor_RPM_Optimum_in_C3R_EO_CALC_OUTPUT,58.3358,2026-04-23 03:26:48.580
343,2026-04-23 08:54:05.563,UN.ETH.KT-1600.KEV_C3R_governer_opening_Optimum_in_C3R_EO_CALC_OUTPUT,56.6938,2026-04-23 03:26:48.580
344,2026-04-23 08:54:05.563,UN.ETH.KT-1600.KEV_E_1308_level_Optimum_in_C3R_EO_CALC_OUTPUT,33.8768,2026-04-23 03:26:48.580
345,2026-04-23 08:54:05.563,UN.ETH.KT-1600.KEV_E_1309_level_Optimum_in_C3R_EO_CALC_OUTPUT,72.4333,2026-04-23 03:26:48.580
346,2026-04-23 08:54:05.563,UN.ETH.KT-1600.KEV_compressor_suction_pressure_Optimum_in_C3R_EO_CALC_OUTPUT,60.9154,2026-04-23 03:26:48.580
347,2026-04-23 08:54:05.563,UN.ETH.KT-1500.KEV_Ethylene_in_Recycle_Ethane_Optimum_in_C2R_EO_CALC_OUTPUT,39.6167,2026-04-23 03:26:48.580
348,2026-04-23 08:54:05.563,UN.ETH.KT-1600.KEV_splitter_control_tray_temperature_Optimum_in_C3R_EO_CALC_OUTPUT,120.2079,2026-04-23 03:26:48.580
349,2026-04-23 08:54:05.563,UN.ETH.KT-1600.KEV_Surface_condenser_level_controller_opening_Optimum_in_C3R_EO_CALC_OUTPUT,79.005,2026-04-23 03:26:48.580
350,2026-04-23 08:54:05.563,UN.ETH.KT-1600.KEV_turbine_Inlet_steam_temp_Optimum_in_C3R_EO_CALC_OUTPUT,161.4454,2026-04-23 03:26:48.580
351,2026-04-23 08:54:05.563,UN.ETH.KT-1600.KEV_turbine_Inlet_steam_pressure_Optimum_in_C3R_EO_CALC_OUTPUT,10.1237,2026-04-23 03:26:48.580
352,2026-04-23 08:54:05.563,UN.ETH.KT-1600.KEV_turbine_Inlet_steam_flow_Optimum_in_C3R_EO_CALC_OUTPUT,13.3535,2026-04-23 03:26:48.580
353,2026-04-23 08:54:05.563,UN.CO2.KM-5070.KEV_ASCV_Opening_Optimum_EO_CALC_OUTPUT,0,2026-04-23 03:26:48.580
354,2026-04-23 08:56:59.883,UN.UO.BO-7104A.KEV_Stack_Temp_Optimum_EO_CALC_OUTPUT,0,2026-04-23 03:28:54.337
355,2026-04-23 08:56:59.883,UN.UO.BO-7104A.KEV_Actual_Steam_Production_Optimum_EO_CALC_OUTPUT,0,2026-04-23 03:28:54.337
356,2026-04-23 08:56:59.883,UN.UO.BO-7104A.KEV_Excess_O2_Optimum_EO_CALC_OUTPUT,0,2026-04-23 03:28:54.337
357,2026-04-23 08:56:59.883,UN.UO.BO-7104B.KEV_Stack_Temp_Optimum_EO_CALC_OUTPUT,0,2026-04-23 03:28:54.337
358,2026-04-23 08:56:59.883,UN.UO.BO-7104B.KEV_Actual_Steam_Production_Optimum_EO_CALC_OUTPUT,0,2026-04-23 03:28:54.337
359,2026-04-23 08:56:59.883,UN.UO.BO-7104B.KEV_Excess_O2_Optimum_EO_CALC_OUTPUT,0,2026-04-23 03:28:54.337
360,2026-04-23 08:56:59.883,UN.UO.BO-7104C.KEV_Stack_Temp_Optimum_EO_CALC_OUTPUT,0,2026-04-23 03:28:54.337
361,2026-04-23 08:56:59.883,UN.UO.BO-7104C.KEV_Actual_Steam_Production_Optimum_EO_CALC_OUTPUT,0,2026-04-23 03:28:54.337
362,2026-04-23 08:56:59.883,UN.UO.BO-7104C.KEV_Excess_O2_Optimum_EO_CALC_OUTPUT,0,2026-04-23 03:28:54.337
363,2026-04-23 08:56:59.883,UN.UO.BO-7104D.KEV_Stack_Temp_Optimum_EO_CALC_OUTPUT,0,2026-04-23 03:28:54.337
364,2026-04-23 08:56:59.883,UN.UO.BO-7104D.KEV_Actual_Steam_Production_Optimum_EO_CALC_OUTPUT,0,2026-04-23 03:28:54.337
365,2026-04-23 08:56:59.883,UN.UO.BO-7104D.KEV_Excess_O2_Optimum_EO_CALC_OUTPUT,0,2026-04-23 03:28:54.337
366,2026-04-23 08:56:59.883,UN.UO.BO-7104E.KEV_Stack_Temp_Optimum_EO_CALC_OUTPUT,257.6503,2026-04-23 03:28:54.337
367,2026-04-23 08:56:59.883,UN.UO.BO-7104E.KEV_Actual_Steam_Production_Optimum_EO_CALC_OUTPUT,0.0154289,2026-04-23 03:28:54.337
368,2026-04-23 08:56:59.883,UN.UO.BO-7104E.KEV_Excess_O2_Optimum_EO_CALC_OUTPUT,38.4504,2026-04-23 03:28:54.337
369,2026-04-23 08:56:59.883,UN.ETH.H-1111.KEV_Stack_Temperature_Optimum_EO_CALC_OUTPUT,0,2026-04-23 03:28:54.337
370,2026-04-23 08:56:59.883,UN.ETH.H-1111.KEV_Stack_Excess_O2_Optimum_EO_CALC_OUTPUT,0,2026-04-23 03:28:54.337
371,2026-04-23 08:56:59.883,UN.ETH.H-1111.KEV_Fuel_Flow_Optimum_EO_CALC_OUTPUT,0,2026-04-23 03:28:54.337
372,2026-04-23 08:56:59.883,UN.ETH.H-1111.KEV_Process_Flow_Rate_Optimum_EO_CALC_OUTPUT,0,2026-04-23 03:28:54.337
373,2026-04-23 08:56:59.883,UN.ETH.H-1112.KEV_Stack_Temperature_Optimum_EO_CALC_OUTPUT,0,2026-04-23 03:28:54.337
374,2026-04-23 08:56:59.883,UN.ETH.H-1112.KEV_Stack_Excess_O2_Optimum_EO_CALC_OUTPUT,0,2026-04-23 03:28:54.337
375,2026-04-23 08:56:59.883,UN.ETH.H-1112.KEV_Fuel_Flow_Optimum_EO_CALC_OUTPUT,0,2026-04-23 03:28:54.337
376,2026-04-23 08:56:59.883,UN.ETH.H-1112.KEV_Process_Flow_Rate_Optimum_EO_CALC_OUTPUT,0,2026-04-23 03:28:54.337
377,2026-04-23 08:56:59.883,UN.ETH.H-1113.KEV_Stack_Temperature_Optimum_EO_CALC_OUTPUT,107.0675,2026-04-23 03:28:54.337
378,2026-04-23 08:56:59.883,UN.ETH.H-1113.KEV_Stack_Excess_O2_Optimum_EO_CALC_OUTPUT,4.8698,2026-04-23 03:28:54.337
379,2026-04-23 08:56:59.883,UN.ETH.H-1113.KEV_Fuel_Flow_Optimum_EO_CALC_OUTPUT,47.0357,2026-04-23 03:28:54.337
380,2026-04-23 08:56:59.883,UN.ETH.H-1113.KEV_Process_Flow_Rate_Optimum_EO_CALC_OUTPUT,296.5463,2026-04-23 03:28:54.337
381,2026-04-23 08:56:59.883,UN.ETH.H-1114.KEV_Stack_Temperature_Optimum_EO_CALC_OUTPUT,281.312,2026-04-23 03:28:54.337
382,2026-04-23 08:56:59.883,UN.ETH.H-1114.KEV_Stack_Excess_O2_Optimum_EO_CALC_OUTPUT,10.9282,2026-04-23 03:28:54.337
383,2026-04-23 08:56:59.883,UN.ETH.H-1114.KEV_Fuel_Flow_Optimum_EO_CALC_OUTPUT,399.6464,2026-04-23 03:28:54.337
384,2026-04-23 08:56:59.883,UN.ETH.H-1114.KEV_Process_Flow_Rate_Optimum_EO_CALC_OUTPUT,265.661,2026-04-23 03:28:54.337
385,2026-04-23 08:56:59.883,UN.ETH.H-1115.KEV_Stack_Temperature_Optimum_EO_CALC_OUTPUT,353.8161,2026-04-23 03:28:54.337
386,2026-04-23 08:56:59.883,UN.ETH.H-1115.KEV_Stack_Excess_O2_Optimum_EO_CALC_OUTPUT,67.5306,2026-04-23 03:28:54.337
387,2026-04-23 08:56:59.883,UN.ETH.H-1115.KEV_Fuel_Flow_Optimum_EO_CALC_OUTPUT,267.9455,2026-04-23 03:28:54.337
388,2026-04-23 08:56:59.883,UN.ETH.H-1115.KEV_Process_Flow_Rate_Optimum_EO_CALC_OUTPUT,449.0452,2026-04-23 03:28:54.337
389,2026-04-23 08:56:59.883,UN.ETH.H-1116.KEV_Stack_Temp.C_Optimum_EO_CALC_OUTPUT,237.317,2026-04-23 03:28:54.337
390,2026-04-23 08:56:59.883,UN.ETH.H-1116.KEV_Stack_Excess_O2%_Optimum_EO_CALC_OUTPUT,71.3258,2026-04-23 03:28:54.337
391,2026-04-23 08:56:59.883,UN.ETH.H-1116.KEV_Fuel_Flow_Optimum_EO_CALC_OUTPUT,261.7994,2026-04-23 03:28:54.337
392,2026-04-23 08:56:59.883,UN.ETH.H-1116.KEV_Process_Flow_Rate_Optimum_EO_CALC_OUTPUT,443.2888,2026-04-23 03:28:54.337
393,2026-04-23 08:56:59.883,UN.ETH.H-1117.KEV_Stack_Temperature_Optimum_EO_CALC_OUTPUT,268.1527,2026-04-23 03:28:54.337
394,2026-04-23 08:56:59.883,UN.ETH.H-1117.KEV_Stack_Excess_O2_Optimum_EO_CALC_OUTPUT,77.3721,2026-04-23 03:28:54.337
395,2026-04-23 08:56:59.883,UN.ETH.H-1117.KEV_Fuel_Flow_Optimum_EO_CALC_OUTPUT,40.7241,2026-04-23 03:28:54.337
396,2026-04-23 08:56:59.883,UN.ETH.H-1117.KEV_Process_Flow_Rate_Optimum_EO_CALC_OUTPUT,505.3811,2026-04-23 03:28:54.337
397,2026-04-23 08:56:59.883,UN.ETH.H-1118.KEV_Stack_Temperature_Optimum_EO_CALC_OUTPUT,483.6837,2026-04-23 03:28:54.337
398,2026-04-23 08:56:59.883,UN.ETH.H-1118.KEV_Stack_Excess_O2_Optimum_EO_CALC_OUTPUT,86.5457,2026-04-23 03:28:54.337
399,2026-04-23 08:56:59.883,UN.ETH.H-1118.KEV_Fuel_Flow_Optimum_EO_CALC_OUTPUT,359.3282,2026-04-23 03:28:54.337
400,2026-04-23 08:56:59.883,UN.ETH.H-1118.KEV_Process_Flow_Rate_Optimum_EO_CALC_OUTPUT,282.3173,2026-04-23 03:28:54.337
401,2026-04-23 08:56:59.883,UN.ETH.H-1119.KEV_Stack_Temperature_Optimum_EO_CALC_OUTPUT,400.7852,2026-04-23 03:28:54.337
402,2026-04-23 08:56:59.883,UN.ETH.H-1119.KEV_Stack_Excess_O2_Optimum_EO_CALC_OUTPUT,73.9431,2026-04-23 03:28:54.337
403,2026-04-23 08:56:59.883,UN.ETH.H-1119.KEV_Fuel_Flow_Optimum_EO_CALC_OUTPUT,16.4548,2026-04-23 03:28:54.337
404,2026-04-23 08:56:59.883,UN.ETH.H-1119.KEV_Process_Flow_Rate_Optimum_EO_CALC_OUTPUT,286.971,2026-04-23 03:28:54.337
405,2026-04-23 08:56:59.883,UN.UO.PT-7103B.KEV_BFW_Steam_Flow_Optimum_EO_CALC_OUTPUT,0,2026-04-23 03:28:54.337
406,2026-04-23 08:56:59.883,UN.UO.PT-7103C.KEV_BFW_Steam_Flow_Optimum_EO_CALC_OUTPUT,0,2026-04-23 03:28:54.337
407,2026-04-23 08:56:59.883,UN.UO.PT-7103E.KEV_BFW_Steam_Flow_Optimum_EO_CALC_OUTPUT,0,2026-04-23 03:28:54.337
408,2026-04-23 08:56:59.883,UN.UO.PT-7102B.KEV_VHP_Discharge_Flow_Optimum_EO_CALC_OUTPUT,0,2026-04-23 03:28:54.337
409,2026-04-23 08:56:59.883,UN.UO.PT-7102B.KEV_VHP_BFW_Steam_Flow_Optimum_EO_CALC_OUTPUT,0,2026-04-23 03:28:54.337
410,2026-04-23 08:56:59.883,UN.UO.PT-7102C.KEV_VHP_Discharge_Flow_Optimum_EO_CALC_OUTPUT,0,2026-04-23 03:28:54.337
411,2026-04-23 08:56:59.883,UN.UO.PT-7102C.KEV_VHP_BFW_Steam_Flow_Optimum_EO_CALC_OUTPUT,0,2026-04-23 03:28:54.337
412,2026-04-23 08:56:59.883,UN.UO.PT-7102A.KEV_VHP_Discharge_Flow_Optimum_EO_CALC_OUTPUT,0,2026-04-23 03:28:54.337
413,2026-04-23 08:56:59.883,UN.UO.PT-7801A.KEV_CW_Pump_steam_Flow_Optimum_EO_CALC_OUTPUT,70.0265,2026-04-23 03:28:54.337
414,2026-04-23 08:56:59.883,UN.UO.PT-7801B.KEV_CW_Pump_steam_Flow_Optimum_EO_CALC_OUTPUT,31.2367,2026-04-23 03:28:54.337
415,2026-04-23 08:56:59.883,UN.UO.PT-7801G.KEV_CW_Pump_steam_Flow_Optimum_EO_CALC_OUTPUT,83.226,2026-04-23 03:28:54.337
416,2026-04-23 08:56:59.883,UN.UO.PK-7201A.KEV_Discharge_Flow_Optimum_EO_CALC_OUTPUT,0,2026-04-23 03:28:54.337
417,2026-04-23 08:56:59.883,UN.UO.PK-7201A.KEV_Turbine_Inlet_Steam_Flow_Optimum_EO_CALC_OUTPUT,0,2026-04-23 03:28:54.337
418,2026-04-23 08:56:59.883,UN.UO.PK-7201D.KEV_Discharge_Flow_Optimum_EO_CALC_OUTPUT,0,2026-04-23 03:28:54.337
419,2026-04-23 08:56:59.883,UN.UO.PK-7201D.KEV_Turbine_Inlet_Steam_Flow_Optimum_EO_CALC_OUTPUT,0,2026-04-23 03:28:54.337
420,2026-04-23 08:56:59.883,UN.UO.PK-7201B.KEV_Discharge_Flow_Optimum_EO_CALC_OUTPUT,0.0948608157,2026-04-23 03:28:54.337
421,2026-04-23 08:56:59.883,UN.UO.PK-7201C.KEV_Discharge_Flow_Optimum_EO_CALC_OUTPUT,0.0248086617,2026-04-23 03:28:54.337
422,2026-04-23 08:56:59.883,UN.EG1.C-2220.KEV_Regenerator_Bottom_Temperature_Optimum_EO_CALC_OUTPUT,232.2943,2026-04-23 03:28:54.337
423,2026-04-23 08:56:59.883,UN.EG1.C-2220.KEV_Total_Steam_To_Regenerator_Optimum_EO_CALC_OUTPUT,170.4615,2026-04-23 03:28:54.337
424,2026-04-23 08:56:59.883,UN.EG1.C-2220.KEV_Fractional_Conversion_Bicarbonate_Optimum_EO_CALC_OUTPUT,93.0385,2026-04-23 03:28:54.337
425,2026-04-23 08:56:59.883,UN.EG1.C-2310.KEV_Stripper_Column_Top_Temperature_Optimum_EO_CALC_OUTPUT,119.4277,2026-04-23 03:28:54.337
426,2026-04-23 08:56:59.883,UN.EG1.C-2310.KEV_Cycle_Water_Bleed_EO_Optimum_EO_CALC_OUTPUT,46.077,2026-04-23 03:28:54.337
427,2026-04-23 08:56:59.883,UN.EG1.C-2310.KEV_Total_Steam_To_Stripping_Column_Optimum_EO_CALC_OUTPUT,363.4328,2026-04-23 03:28:54.337
428,2026-04-23 08:56:59.883,UN.EG1.C-2310.KEV_C2310_Bottom_Pressure_Optimum_EO_CALC_OUTPUT,57.2131,2026-04-23 03:28:54.337
429,2026-04-23 08:56:59.883,UN.EG1.E-2523.KEV_Glycol_Reactor_Inlet_Temperature_Optimum_EO_CALC_OUTPUT,15.0454,2026-04-23 03:28:54.337
430,2026-04-23 08:56:59.883,UN.EG1.E-2523.KEV_Steam_Flow_Optimum_EO_CALC_OUTPUT,150.1672,2026-04-23 03:28:54.337
431,2026-04-23 08:56:59.883,UN.EG1.E-2523.KEV_ReactorOutletLegTempDelta_Optimum_EO_CALC_OUTPUT,118.9496,2026-04-23 03:28:54.337
432,2026-04-23 08:56:59.883,UN.EG1.E-2531.KEV_Recycle_Water_Tank_Meg_Optimum_EO_CALC_OUTPUT,13.8205,2026-04-23 03:28:54.337
433,2026-04-23 08:56:59.883,UN.EG1.E-2531.KEV_Treated_Water_To_1st_Effect_Evaporator_Optimum_EO_CALC_OUTPUT,91.8823,2026-04-23 03:28:54.337
434,2026-04-23 08:56:59.883,UN.EG1.E-2531.KEV_Treated_Water_To_2nd_Effect_Evaporator_Optimum_EO_CALC_OUTPUT,0.926,2026-04-23 03:28:54.337
435,2026-04-23 08:56:59.883,UN.EG1.E-2531.KEV_Treated_Water_To_3rd_Effect_Evaporator_Optimum_EO_CALC_OUTPUT,18.8322,2026-04-23 03:28:54.337
436,2026-04-23 08:56:59.883,UN.EG1.E-2531.KEV_Treated_Water_To_4th_Effect_Evaporator_Optimum_EO_CALC_OUTPUT,3.1284,2026-04-23 03:28:54.337
437,2026-04-23 08:56:59.883,UN.EG1.E-2531.KEV_Treated_Water_To_5th_Effect_Evaporator_Optimum_EO_CALC_OUTPUT,11.0629,2026-04-23 03:28:54.337
438,2026-04-23 08:56:59.883,UN.EG1.E-2531.KEV_5th_Effect_Evaporator_Overhead_Pressure_Controller_Opening_Optimum_EO_CALC_OUTPUT,0,2026-04-23 03:28:54.337
439,2026-04-23 08:56:59.883,UN.EG1.E-2620.KEV_CriticalTrayTemperature_Optimum_EO_CALC_OUTPUT,67.1613,2026-04-23 03:28:54.337
440,2026-04-23 08:56:59.883,UN.EG1.E-2620.KEV_Total_Reboiler_Steam_flow_Actual_EO_CALC_OUTPUT,274.895,2026-04-23 03:28:54.337
441,2026-04-23 08:56:59.883,UN.EG1.E-2620.KEV_Chest_Pressure_Optimum_EO_CALC_OUTPUT,20.0895,2026-04-23 03:28:54.337
442,2026-04-23 08:56:59.883,UN.EG1.E-2610.KEV_CriticalTrayTemperature_Optimum_EO_CALC_OUTPUT,89.5635,2026-04-23 03:28:54.337
443,2026-04-23 08:56:59.883,UN.EG1.E-2610.KEV_Reboiler_Steam_flow_Optimum_EO_CALC_OUTPUT,312.7036,2026-04-23 03:28:54.337
444,2026-04-23 08:56:59.883,UN.EG1.E-2610.KEV_Chest_Pressure_Optimum_EO_CALC_OUTPUT,45.9678,2026-04-23 03:28:54.337
445,2026-04-23 08:56:59.883,UN.EG2.C-4220.KEV_Regenerator_Bottom_Temperature_Optimum_EO_CALC_OUTPUT,336.0782,2026-04-23 03:28:54.337
446,2026-04-23 08:56:59.883,UN.EG2.C-4220.KEV_Fractional_Conversion_Bicarbonate_Optimum_EO_CALC_OUTPUT,84.9435,2026-04-23 03:28:54.337
447,2026-04-23 08:56:59.883,UN.EG2.C-4310.KEV_Stripper_Column_Top_Temperature_Optimum_EO_CALC_OUTPUT,101.8966,2026-04-23 03:28:54.337
448,2026-04-23 08:56:59.883,UN.EG2.C-4310.KEV_Cycle_Water_Bleed_EO_Optimum_EO_CALC_OUTPUT,85.3369,2026-04-23 03:28:54.337
449,2026-04-23 08:56:59.883,UN.EG2.C-4310.KEV_Total_Steam_To_Stripping_Column_Optimum_EO_CALC_OUTPUT,633.2069,2026-04-23 03:28:54.337
450,2026-04-23 08:56:59.883,UN.EG2.C-4310.KEV_C2310_Bottom_Pressure_Optimum_EO_CALC_OUTPUT,49.9104,2026-04-23 03:28:54.337
451,2026-04-23 08:56:59.883,UN.EG2.E-4523.KEV_Glycol_Reactor_Inlet_Optimum_EO_CALC_OUTPUT,16.2743,2026-04-23 03:28:54.337
452,2026-04-23 08:56:59.883,UN.EG2.E-4523.KEV_Steam_Flow_Optimum_EO_CALC_OUTPUT,105.0864,2026-04-23 03:28:54.337
453,2026-04-23 08:56:59.883,UN.EG2.E-4523.KEV_Reactor_Outlet_Leg_Temperature_Delta_Optimum_EO_CALC_OUTPUT,409.175,2026-04-23 03:28:54.337
454,2026-04-23 08:56:59.883,UN.EG2.E-4531.KEV_Recycle_Water_Tank_MEG_Optimum_EO_CALC_OUTPUT,85.5492,2026-04-23 03:28:54.337
455,2026-04-23 08:56:59.883,UN.EG2.E-4531.KEV_Treated_Water_To_1st_Effect_Evaporator_Optimum_EO_CALC_OUTPUT,25.4263,2026-04-23 03:28:54.337
456,2026-04-23 08:56:59.883,UN.EG2.E-4531.KEV_Treated_Water_To_2nd_Effect_Evaporator_Optimum_EO_CALC_OUTPUT,91.8794,2026-04-23 03:28:54.337
457,2026-04-23 08:56:59.883,UN.EG2.E-4531.KEV_Treated_Water_To_3rd_Effect_Evaporator_Optimum_EO_CALC_OUTPUT,45.4457,2026-04-23 03:28:54.337
458,2026-04-23 08:56:59.883,UN.EG2.E-4531.KEV_Treated_Water_To_4th_Effect_Evaporator_Optimum_EO_CALC_OUTPUT,60.3424,2026-04-23 03:28:54.337
459,2026-04-23 08:56:59.883,UN.EG2.E-4531.KEV_Treated_Water_To_5th_Effect_Evaporator_Optimum_EO_CALC_OUTPUT,98.465,2026-04-23 03:28:54.337
460,2026-04-23 08:56:59.883,UN.EG2.E-4531.KEV_5th_Effect_Evaporator_Overhead_Pressure_Controller_Opening_Optimum_EO_CALC_OUTPUT,0,2026-04-23 03:28:54.337
461,2026-04-23 08:56:59.883,UN.EG2.E-4620.KEV_Critical_Tray_Temperature_Optimum_EO_CALC_OUTPUT,85.2781,2026-04-23 03:28:54.337
462,2026-04-23 08:56:59.883,UN.EG2.E-4620.KEV_Total_Reboiler_Steam_flow_Actual_EO_CALC_OUTPUT,290.2428,2026-04-23 03:28:54.337
463,2026-04-23 08:56:59.883,UN.EG2.E-4620.KEV_Chest_Pressure_Optimum_EO_CALC_OUTPUT,65.2396,2026-04-23 03:28:54.337
464,2026-04-23 08:56:59.883,UN.EG2.E-4610.KEV_Critical_Tray_Temperature_Optimum_EO_CALC_OUTPUT,23.7658,2026-04-23 03:28:54.337
465,2026-04-23 08:56:59.883,UN.EG2.E-4610.KEV_Reboiler_Steam_Flow_Optimum_EO_CALC_OUTPUT,57.1806,2026-04-23 03:28:54.337
466,2026-04-23 08:56:59.883,UN.EG2.E-4610.KEV_Chest_Pressure_Optimum_EO_CALC_OUTPUT,26.1535,2026-04-23 03:28:54.337
467,2026-04-23 08:56:59.883,UN.EG3.C-6220.KEV_Regenerator_Bottom_Temperature_Optimum_EO_CALC_OUTPUT,419.6854,2026-04-23 03:28:54.337
468,2026-04-23 08:56:59.883,UN.EG3.C-6220.KEV_Total_Steam_to_Regenerator_Optimum_EO_CALC_OUTPUT,449.6372,2026-04-23 03:28:54.337
469,2026-04-23 08:56:59.883,UN.EG3.C-6220.KEV_Fractional_Conversion_Bicarbonate_Optimum_EO_CALC_OUTPUT,60.0734,2026-04-23 03:28:54.337
470,2026-04-23 08:56:59.883,UN.EG3.E-6531.KEV_Recycle_Water_Tank_MEG_Optimum_EO_CALC_OUTPUT,21.6356,2026-04-23 03:28:54.337
471,2026-04-23 08:56:59.883,UN.EG3.E-6531.KEV_Treated_Water_To_1st_Effect_Evaporator_Optimum_EO_CALC_OUTPUT,41.4026,2026-04-23 03:28:54.337
472,2026-04-23 08:56:59.883,UN.EG3.E-6531.KEV_Treated_Water_To_2nd_Effect_Evaporator_Optimum_EO_CALC_OUTPUT,31.7636,2026-04-23 03:28:54.337
473,2026-04-23 08:56:59.883,UN.EG3.E-6531.KEV_Treated_Water_To_3rd_Effect_Evaporator_Optimum_EO_CALC_OUTPUT,7.8108,2026-04-23 03:28:54.337
474,2026-04-23 08:56:59.883,UN.EG3.E-6531.KEV_Treated_Water_To_4th_Effect_Evaporator_Optimum_EO_CALC_OUTPUT,2.9835,2026-04-23 03:28:54.337
475,2026-04-23 08:56:59.883,UN.EG3.E-6531.KEV_Treated_Water_To_5th_Effect_Evaporator_Optimum_EO_CALC_OUTPUT,34.6479,2026-04-23 03:28:54.337
476,2026-04-23 08:56:59.883,UN.EG3.E-6531.KEV_Treated_Water_To_6th_Effect_Evaporator_Optimum_EO_CALC_OUTPUT,1.9034,2026-04-23 03:28:54.337
477,2026-04-23 08:56:59.883,UN.EG3.E-6531.KEV_Treated_Water_To_7th_Effect_Evaporator_Optimum_EO_CALC_OUTPUT,16.5488,2026-04-23 03:28:54.337
478,2026-04-23 08:56:59.883,UN.EG3.E-6531.KEV_7th_Effect_Evaporator_Overhead_Pressure_Controller_Opening_Optimum_EO_CALC_OUTPUT,0,2026-04-23 03:28:54.337
479,2026-04-23 08:56:59.883,UN.EG3.E-6220.KEV_Critical_Tray_Temperature_Optimum_EO_CALC_OUTPUT,34.8031,2026-04-23 03:28:54.337
480,2026-04-23 08:56:59.883,UN.EG3.E-6220.KEV_Total_Reboiler_Steam_Flow_Actual_EO_CALC_OUTPUT,260.7171,2026-04-23 03:28:54.337
481,2026-04-23 08:56:59.883,UN.EG3.E-6220.KEV_Chest_Pressure_Optimum_EO_CALC_OUTPUT,56.9392,2026-04-23 03:28:54.337
482,2026-04-23 08:56:59.883,UN.ETH.K-1200.KEV_Discharge_Pressure_5Stage_Optimum_EO_CALC_OUTPUT,47.9126,2026-04-23 03:28:54.337
483,2026-04-23 08:56:59.883,UN.ETH.K-1200.KEV_Turbine_exhaust_pressure_Optimum_EO_CALC_OUTPUT,10.9561,2026-04-23 03:28:54.337
484,2026-04-23 08:56:59.883,UN.ETH.K-1200.KEV_CGC_tubrine_inlet_VHP_steam_temp_Optimum_EO_CALC_OUTPUT,275.5514,2026-04-23 03:28:54.337
485,2026-04-23 08:56:59.883,UN.ETH.K-1200.KEV_Quench_overhead_temp_Optimum_EO_CALC_OUTPUT,157.4875,2026-04-23 03:28:54.337
486,2026-04-23 08:56:59.883,UN.ETH.K-1200.KEV_VHP_letdown_controller_opening_Optimum_EO_CALC_OUTPUT,69.3095,2026-04-23 03:28:54.337
487,2026-04-23 08:56:59.883,UN.ETH.E-1102.KEV_Chest_Pressure_Optimum_EO_CALC_OUTPUT,32.4856,2026-04-23 03:28:54.337
488,2026-04-23 08:56:59.883,UN.CO2.KM-5020.KEV_Process_flow_Optimum_EO_CALC_OUTPUT,70.0123,2026-04-23 03:28:54.337
489,2026-04-23 08:56:59.883,UN.CO2.KM-5020.KEV_Temperature_Ratio_Optimum_EO_CALC_OUTPUT,0.774266326368185,2026-04-23 03:28:54.337
490,2026-04-23 08:56:59.883,UN.CO2.KM-5020.KEV_Pressure_Ratio_Optimum_EO_CALC_OUTPUT,61.1371994342291,2026-04-23 03:28:54.337
491,2026-04-23 08:56:59.883,UN.CO2.KM-5070.KEV_K_5071_Discharge_Flow_Optimum_EO_CALC_OUTPUT,163.5354,2026-04-23 03:28:54.337
492,2026-04-23 08:56:59.883,UN.CO2.KM-5070.KEV_CO2_Sale_Current_Flow_Optimum_EO_CALC_OUTPUT,49.0821,2026-04-23 03:28:54.337
493,2026-04-23 08:56:59.883,UN.UO.V-7101A.KEV_BFW_Flow_Optimum_EO_CALC_OUTPUT,108.6719,2026-04-23 03:28:54.337
494,2026-04-23 08:56:59.883,UN.UO.V-7101A.KEV_BFW_Outlet_temperature_Optimum_EO_CALC_OUTPUT,348.1431,2026-04-23 03:28:54.337
495,2026-04-23 08:56:59.883,UN.UO.V-7101B.KEV_BFW_Flow_Optimum_EO_CALC_OUTPUT,299.9819,2026-04-23 03:28:54.337
496,2026-04-23 08:56:59.883,UN.UO.V-7101B.KEV_BFW_Outlet_temperature_Optimum_EO_CALC_OUTPUT,280.1544,2026-04-23 03:28:54.337
497,2026-04-23 08:56:59.883,UN.LAO.H-3831.KEV_Feed_Flow_Optimum_EO_CALC_OUTPUT,371.3469,2026-04-23 03:28:54.337
498,2026-04-23 08:56:59.883,UN.LAO.H-3831.KEV_Feed_temp_Optimum_EO_CALC_OUTPUT,223.014,2026-04-23 03:28:54.337
499,2026-04-23 08:56:59.883,UN.LAO.H-3831.KEV_Stack_O2_Optimum_EO_CALC_OUTPUT,47.7506,2026-04-23 03:28:54.337
500,2026-04-23 08:56:59.883,UN.EG1.KM-2115.Recycle_Compressor_Efficiency_Optimum_EO_CALC_OUTPUT,0,2026-04-23 03:28:54.337
501,2026-04-23 08:56:59.883,UN.EG2.KM-4115.Recycle_Compressor_Efficiency_Optimum_EO_CALC_OUTPUT,0,2026-04-23 03:28:54.337
502,2026-04-23 08:56:59.883,UN.EG3.KM-6115.Recycle_Compressor_Efficiency_Optimum_EO_CALC_OUTPUT,0,2026-04-23 03:28:54.337
503,2026-04-23 08:56:59.883,UN.ETH.KT-1500.KEV_Splitter_top_analyzer_C2H6_Optimum_in_C2R_EO_CALC_OUTPUT,53.62,2026-04-23 03:28:54.337
504,2026-04-23 08:56:59.883,UN.ETH.KT-1500.KEV_Splitter_reflux_controller_opening_Optimum_in_C2R_EO_CALC_OUTPUT,62.1792,2026-04-23 03:28:54.337
505,2026-04-23 08:56:59.883,UN.ETH.KT-1500.KEV_Splitter_control_tray_temperature_controller_opening_Optimum_in_C2R_EO_CALC_OUTPUT,209.2749,2026-04-23 03:28:54.337
506,2026-04-23 08:56:59.883,UN.ETH.KT-1500.KEV_Ethylene_surge_drum_vent_to_CGC_5Th_stage_controller_opening_Optimum_in_C2R_EO_CALC_OUTPUT,59.4568,2026-04-23 03:28:54.337
507,2026-04-23 08:56:59.883,UN.ETH.KT-1500.KEV_Compressor_RPM_Optimum_in_C2R_EO_CALC_OUTPUT,24.2857,2026-04-23 03:28:54.337
508,2026-04-23 08:56:59.883,UN.ETH.KT-1500.KEV_Governor_Valve_Opening_Optimum_in_C2R_EO_CALC_OUTPUT,1.8161,2026-04-23 03:28:54.337
509,2026-04-23 08:56:59.883,UN.ETH.KT-1500.KEV_Level_in_E-1310_Optimum_in_C2R_EO_CALC_OUTPUT,35.2199,2026-04-23 03:28:54.337
510,2026-04-23 08:56:59.883,UN.ETH.KT-1500.KEV_Suction_Pressure_Optimum_in_C2R_EO_CALC_OUTPUT,49.2508,2026-04-23 03:28:54.337
511,2026-04-23 08:56:59.883,UN.ETH.KT-1500.KEV_Inlet_Steam_Temperature_Optimum_in_C2R_EO_CALC_OUTPUT,468.3882,2026-04-23 03:28:54.337
512,2026-04-23 08:56:59.883,UN.ETH.KT-1500.KEV_Inlet_Steam_Pressure_Optimum_in_C2R_EO_CALC_OUTPUT,14.077,2026-04-23 03:28:54.337
513,2026-04-23 08:56:59.883,UN.ETH.KT-1500.KEV_Inlet_Steam_Flow_Optimum_in_C2R_EO_CALC_OUTPUT,117.4644,2026-04-23 03:28:54.337
514,2026-04-23 08:56:59.883,UN.ETH.KT-1500.KEV_Ethylene_in_tail_gas_Optimum_in_C2R_EO_CALC_OUTPUT,55.3541,2026-04-23 03:28:54.337
515,2026-04-23 08:56:59.883,UN.ETH.KT-1500.KEV_Fuel_gas_drum_pressure_Optimum_in_C2R_EO_CALC_OUTPUT,53.4261,2026-04-23 03:28:54.337
516,2026-04-23 08:56:59.883,UN.ETH.KT-1600.KEV_E_1402_level_Optimum_in_C3R_EO_CALC_OUTPUT,70.1747,2026-04-23 03:28:54.337
517,2026-04-23 08:56:59.883,UN.ETH.KT-1600.KEV_E_1307_level_Optimum_in_C3R_EO_CALC_OUTPUT,55.7428,2026-04-23 03:28:54.337
518,2026-04-23 08:56:59.883,UN.ETH.KT-1600.KEV_C3_compressor_RPM_Optimum_in_C3R_EO_CALC_OUTPUT,58.3358,2026-04-23 03:28:54.337
519,2026-04-23 08:56:59.883,UN.ETH.KT-1600.KEV_C3R_governer_opening_Optimum_in_C3R_EO_CALC_OUTPUT,56.6938,2026-04-23 03:28:54.337
520,2026-04-23 08:56:59.883,UN.ETH.KT-1600.KEV_E_1308_level_Optimum_in_C3R_EO_CALC_OUTPUT,33.8768,2026-04-23 03:28:54.337
521,2026-04-23 08:56:59.883,UN.ETH.KT-1600.KEV_E_1309_level_Optimum_in_C3R_EO_CALC_OUTPUT,72.4333,2026-04-23 03:28:54.337
522,2026-04-23 08:56:59.883,UN.ETH.KT-1600.KEV_compressor_suction_pressure_Optimum_in_C3R_EO_CALC_OUTPUT,60.9154,2026-04-23 03:28:54.337
523,2026-04-23 08:56:59.883,UN.ETH.KT-1500.KEV_Ethylene_in_Recycle_Ethane_Optimum_in_C2R_EO_CALC_OUTPUT,39.6167,2026-04-23 03:28:54.337
524,2026-04-23 08:56:59.883,UN.ETH.KT-1600.KEV_splitter_control_tray_temperature_Optimum_in_C3R_EO_CALC_OUTPUT,120.2079,2026-04-23 03:28:54.337
525,2026-04-23 08:56:59.883,UN.ETH.KT-1600.KEV_Surface_condenser_level_controller_opening_Optimum_in_C3R_EO_CALC_OUTPUT,79.005,2026-04-23 03:28:54.337
526,2026-04-23 08:56:59.883,UN.ETH.KT-1600.KEV_turbine_Inlet_steam_temp_Optimum_in_C3R_EO_CALC_OUTPUT,161.4454,2026-04-23 03:28:54.337
527,2026-04-23 08:56:59.883,UN.ETH.KT-1600.KEV_turbine_Inlet_steam_pressure_Optimum_in_C3R_EO_CALC_OUTPUT,10.1237,2026-04-23 03:28:54.337
528,2026-04-23 08:56:59.883,UN.ETH.KT-1600.KEV_turbine_Inlet_steam_flow_Optimum_in_C3R_EO_CALC_OUTPUT,13.3535,2026-04-23 03:28:54.337
529,2026-04-23 08:56:59.883,UN.CO2.KM-5070.KEV_ASCV_Opening_Optimum_EO_CALC_OUTPUT,0,2026-04-23 03:28:54.337
530,2026-04-23 09:00:01.887,UN.UO.BO-7104A.KEV_Stack_Temp_Optimum_EO_CALC_OUTPUT,0,2026-04-23 03:31:50.697
531,2026-04-23 09:00:01.887,UN.UO.BO-7104A.KEV_Actual_Steam_Production_Optimum_EO_CALC_OUTPUT,0,2026-04-23 03:31:50.697
532,2026-04-23 09:00:01.887,UN.UO.BO-7104A.KEV_Excess_O2_Optimum_EO_CALC_OUTPUT,0,2026-04-23 03:31:50.697
533,2026-04-23 09:00:01.887,UN.UO.BO-7104B.KEV_Stack_Temp_Optimum_EO_CALC_OUTPUT,0,2026-04-23 03:31:50.697
534,2026-04-23 09:00:01.887,UN.UO.BO-7104B.KEV_Actual_Steam_Production_Optimum_EO_CALC_OUTPUT,0,2026-04-23 03:31:50.697
535,2026-04-23 09:00:01.887,UN.UO.BO-7104B.KEV_Excess_O2_Optimum_EO_CALC_OUTPUT,0,2026-04-23 03:31:50.697
536,2026-04-23 09:00:01.887,UN.UO.BO-7104C.KEV_Stack_Temp_Optimum_EO_CALC_OUTPUT,0,2026-04-23 03:31:50.697
537,2026-04-23 09:00:01.887,UN.UO.BO-7104C.KEV_Actual_Steam_Production_Optimum_EO_CALC_OUTPUT,0,2026-04-23 03:31:50.697
538,2026-04-23 09:00:01.887,UN.UO.BO-7104C.KEV_Excess_O2_Optimum_EO_CALC_OUTPUT,0,2026-04-23 03:31:50.697
539,2026-04-23 09:00:01.887,UN.UO.BO-7104D.KEV_Stack_Temp_Optimum_EO_CALC_OUTPUT,0,2026-04-23 03:31:50.697
540,2026-04-23 09:00:01.887,UN.UO.BO-7104D.KEV_Actual_Steam_Production_Optimum_EO_CALC_OUTPUT,0,2026-04-23 03:31:50.697
541,2026-04-23 09:00:01.887,UN.UO.BO-7104D.KEV_Excess_O2_Optimum_EO_CALC_OUTPUT,0,2026-04-23 03:31:50.697
542,2026-04-23 09:00:01.887,UN.UO.BO-7104E.KEV_Stack_Temp_Optimum_EO_CALC_OUTPUT,257.6503,2026-04-23 03:31:50.697
543,2026-04-23 09:00:01.887,UN.UO.BO-7104E.KEV_Actual_Steam_Production_Optimum_EO_CALC_OUTPUT,0.0154289,2026-04-23 03:31:50.697
544,2026-04-23 09:00:01.887,UN.UO.BO-7104E.KEV_Excess_O2_Optimum_EO_CALC_OUTPUT,38.4504,2026-04-23 03:31:50.697
545,2026-04-23 09:00:01.887,UN.ETH.H-1111.KEV_Stack_Temperature_Optimum_EO_CALC_OUTPUT,0,2026-04-23 03:31:50.697
546,2026-04-23 09:00:01.887,UN.ETH.H-1111.KEV_Stack_Excess_O2_Optimum_EO_CALC_OUTPUT,0,2026-04-23 03:31:50.697
547,2026-04-23 09:00:01.887,UN.ETH.H-1111.KEV_Fuel_Flow_Optimum_EO_CALC_OUTPUT,0,2026-04-23 03:31:50.697
548,2026-04-23 09:00:01.887,UN.ETH.H-1111.KEV_Process_Flow_Rate_Optimum_EO_CALC_OUTPUT,0,2026-04-23 03:31:50.697
549,2026-04-23 09:00:01.887,UN.ETH.H-1112.KEV_Stack_Temperature_Optimum_EO_CALC_OUTPUT,0,2026-04-23 03:31:50.697
550,2026-04-23 09:00:01.887,UN.ETH.H-1112.KEV_Stack_Excess_O2_Optimum_EO_CALC_OUTPUT,0,2026-04-23 03:31:50.697
551,2026-04-23 09:00:01.887,UN.ETH.H-1112.KEV_Fuel_Flow_Optimum_EO_CALC_OUTPUT,0,2026-04-23 03:31:50.697
552,2026-04-23 09:00:01.887,UN.ETH.H-1112.KEV_Process_Flow_Rate_Optimum_EO_CALC_OUTPUT,0,2026-04-23 03:31:50.697
553,2026-04-23 09:00:01.887,UN.ETH.H-1113.KEV_Stack_Temperature_Optimum_EO_CALC_OUTPUT,107.0675,2026-04-23 03:31:50.697
554,2026-04-23 09:00:01.887,UN.ETH.H-1113.KEV_Stack_Excess_O2_Optimum_EO_CALC_OUTPUT,4.8698,2026-04-23 03:31:50.697
555,2026-04-23 09:00:01.887,UN.ETH.H-1113.KEV_Fuel_Flow_Optimum_EO_CALC_OUTPUT,47.0357,2026-04-23 03:31:50.697
556,2026-04-23 09:00:01.887,UN.ETH.H-1113.KEV_Process_Flow_Rate_Optimum_EO_CALC_OUTPUT,296.5463,2026-04-23 03:31:50.697
557,2026-04-23 09:00:01.887,UN.ETH.H-1114.KEV_Stack_Temperature_Optimum_EO_CALC_OUTPUT,281.312,2026-04-23 03:31:50.697
558,2026-04-23 09:00:01.887,UN.ETH.H-1114.KEV_Stack_Excess_O2_Optimum_EO_CALC_OUTPUT,10.9282,2026-04-23 03:31:50.697
559,2026-04-23 09:00:01.887,UN.ETH.H-1114.KEV_Fuel_Flow_Optimum_EO_CALC_OUTPUT,399.6464,2026-04-23 03:31:50.697
560,2026-04-23 09:00:01.887,UN.ETH.H-1114.KEV_Process_Flow_Rate_Optimum_EO_CALC_OUTPUT,265.661,2026-04-23 03:31:50.697
561,2026-04-23 09:00:01.887,UN.ETH.H-1115.KEV_Stack_Temperature_Optimum_EO_CALC_OUTPUT,353.8161,2026-04-23 03:31:50.697
562,2026-04-23 09:00:01.887,UN.ETH.H-1115.KEV_Stack_Excess_O2_Optimum_EO_CALC_OUTPUT,67.5306,2026-04-23 03:31:50.697
563,2026-04-23 09:00:01.887,UN.ETH.H-1115.KEV_Fuel_Flow_Optimum_EO_CALC_OUTPUT,267.9455,2026-04-23 03:31:50.697
564,2026-04-23 09:00:01.887,UN.ETH.H-1115.KEV_Process_Flow_Rate_Optimum_EO_CALC_OUTPUT,449.0452,2026-04-23 03:31:50.697
565,2026-04-23 09:00:01.887,UN.ETH.H-1116.KEV_Stack_Temp.C_Optimum_EO_CALC_OUTPUT,237.317,2026-04-23 03:31:50.697
566,2026-04-23 09:00:01.887,UN.ETH.H-1116.KEV_Stack_Excess_O2%_Optimum_EO_CALC_OUTPUT,71.3258,2026-04-23 03:31:50.697
567,2026-04-23 09:00:01.887,UN.ETH.H-1116.KEV_Fuel_Flow_Optimum_EO_CALC_OUTPUT,261.7994,2026-04-23 03:31:50.697
568,2026-04-23 09:00:01.887,UN.ETH.H-1116.KEV_Process_Flow_Rate_Optimum_EO_CALC_OUTPUT,443.2888,2026-04-23 03:31:50.697
569,2026-04-23 09:00:01.887,UN.ETH.H-1117.KEV_Stack_Temperature_Optimum_EO_CALC_OUTPUT,268.1527,2026-04-23 03:31:50.697
570,2026-04-23 09:00:01.887,UN.ETH.H-1117.KEV_Stack_Excess_O2_Optimum_EO_CALC_OUTPUT,77.3721,2026-04-23 03:31:50.697
571,2026-04-23 09:00:01.887,UN.ETH.H-1117.KEV_Fuel_Flow_Optimum_EO_CALC_OUTPUT,40.7241,2026-04-23 03:31:50.697
572,2026-04-23 09:00:01.887,UN.ETH.H-1117.KEV_Process_Flow_Rate_Optimum_EO_CALC_OUTPUT,505.3811,2026-04-23 03:31:50.697
573,2026-04-23 09:00:01.887,UN.ETH.H-1118.KEV_Stack_Temperature_Optimum_EO_CALC_OUTPUT,483.6837,2026-04-23 03:31:50.697
574,2026-04-23 09:00:01.887,UN.ETH.H-1118.KEV_Stack_Excess_O2_Optimum_EO_CALC_OUTPUT,86.5457,2026-04-23 03:31:50.697
575,2026-04-23 09:00:01.887,UN.ETH.H-1118.KEV_Fuel_Flow_Optimum_EO_CALC_OUTPUT,359.3282,2026-04-23 03:31:50.697
576,2026-04-23 09:00:01.887,UN.ETH.H-1118.KEV_Process_Flow_Rate_Optimum_EO_CALC_OUTPUT,282.3173,2026-04-23 03:31:50.697
577,2026-04-23 09:00:01.887,UN.ETH.H-1119.KEV_Stack_Temperature_Optimum_EO_CALC_OUTPUT,400.7852,2026-04-23 03:31:50.697
578,2026-04-23 09:00:01.887,UN.ETH.H-1119.KEV_Stack_Excess_O2_Optimum_EO_CALC_OUTPUT,73.9431,2026-04-23 03:31:50.697
579,2026-04-23 09:00:01.887,UN.ETH.H-1119.KEV_Fuel_Flow_Optimum_EO_CALC_OUTPUT,16.4548,2026-04-23 03:31:50.697
580,2026-04-23 09:00:01.887,UN.ETH.H-1119.KEV_Process_Flow_Rate_Optimum_EO_CALC_OUTPUT,286.971,2026-04-23 03:31:50.697
581,2026-04-23 09:00:01.887,UN.UO.PT-7103B.KEV_BFW_Steam_Flow_Optimum_EO_CALC_OUTPUT,0,2026-04-23 03:31:50.697
582,2026-04-23 09:00:01.887,UN.UO.PT-7103C.KEV_BFW_Steam_Flow_Optimum_EO_CALC_OUTPUT,0,2026-04-23 03:31:50.697
583,2026-04-23 09:00:01.887,UN.UO.PT-7103E.KEV_BFW_Steam_Flow_Optimum_EO_CALC_OUTPUT,0,2026-04-23 03:31:50.697
584,2026-04-23 09:00:01.887,UN.UO.PT-7102B.KEV_VHP_Discharge_Flow_Optimum_EO_CALC_OUTPUT,0,2026-04-23 03:31:50.697
585,2026-04-23 09:00:01.887,UN.UO.PT-7102B.KEV_VHP_BFW_Steam_Flow_Optimum_EO_CALC_OUTPUT,0,2026-04-23 03:31:50.697
586,2026-04-23 09:00:01.887,UN.UO.PT-7102C.KEV_VHP_Discharge_Flow_Optimum_EO_CALC_OUTPUT,0,2026-04-23 03:31:50.697
587,2026-04-23 09:00:01.887,UN.UO.PT-7102C.KEV_VHP_BFW_Steam_Flow_Optimum_EO_CALC_OUTPUT,0,2026-04-23 03:31:50.697
588,2026-04-23 09:00:01.887,UN.UO.PT-7102A.KEV_VHP_Discharge_Flow_Optimum_EO_CALC_OUTPUT,0,2026-04-23 03:31:50.697
589,2026-04-23 09:00:01.887,UN.UO.PT-7801A.KEV_CW_Pump_steam_Flow_Optimum_EO_CALC_OUTPUT,70.0265,2026-04-23 03:31:50.697
590,2026-04-23 09:00:01.887,UN.UO.PT-7801B.KEV_CW_Pump_steam_Flow_Optimum_EO_CALC_OUTPUT,31.2367,2026-04-23 03:31:50.697
591,2026-04-23 09:00:01.887,UN.UO.PT-7801G.KEV_CW_Pump_steam_Flow_Optimum_EO_CALC_OUTPUT,83.226,2026-04-23 03:31:50.697
592,2026-04-23 09:00:01.887,UN.UO.PK-7201A.KEV_Discharge_Flow_Optimum_EO_CALC_OUTPUT,0,2026-04-23 03:31:50.697
593,2026-04-23 09:00:01.887,UN.UO.PK-7201A.KEV_Turbine_Inlet_Steam_Flow_Optimum_EO_CALC_OUTPUT,0,2026-04-23 03:31:50.697
594,2026-04-23 09:00:01.887,UN.UO.PK-7201D.KEV_Discharge_Flow_Optimum_EO_CALC_OUTPUT,0,2026-04-23 03:31:50.697
595,2026-04-23 09:00:01.887,UN.UO.PK-7201D.KEV_Turbine_Inlet_Steam_Flow_Optimum_EO_CALC_OUTPUT,0,2026-04-23 03:31:50.697
596,2026-04-23 09:00:01.887,UN.UO.PK-7201B.KEV_Discharge_Flow_Optimum_EO_CALC_OUTPUT,0.0948608157,2026-04-23 03:31:50.697
597,2026-04-23 09:00:01.887,UN.UO.PK-7201C.KEV_Discharge_Flow_Optimum_EO_CALC_OUTPUT,0.0248086617,2026-04-23 03:31:50.697
598,2026-04-23 09:00:01.887,UN.EG1.C-2220.KEV_Regenerator_Bottom_Temperature_Optimum_EO_CALC_OUTPUT,232.2943,2026-04-23 03:31:50.697
599,2026-04-23 09:00:01.887,UN.EG1.C-2220.KEV_Total_Steam_To_Regenerator_Optimum_EO_CALC_OUTPUT,170.4615,2026-04-23 03:31:50.697
600,2026-04-23 09:00:01.887,UN.EG1.C-2220.KEV_Fractional_Conversion_Bicarbonate_Optimum_EO_CALC_OUTPUT,93.0385,2026-04-23 03:31:50.697
601,2026-04-23 09:00:01.887,UN.EG1.C-2310.KEV_Stripper_Column_Top_Temperature_Optimum_EO_CALC_OUTPUT,119.4277,2026-04-23 03:31:50.697
602,2026-04-23 09:00:01.887,UN.EG1.C-2310.KEV_Cycle_Water_Bleed_EO_Optimum_EO_CALC_OUTPUT,46.077,2026-04-23 03:31:50.697
603,2026-04-23 09:00:01.887,UN.EG1.C-2310.KEV_Total_Steam_To_Stripping_Column_Optimum_EO_CALC_OUTPUT,363.4328,2026-04-23 03:31:50.697
604,2026-04-23 09:00:01.887,UN.EG1.C-2310.KEV_C2310_Bottom_Pressure_Optimum_EO_CALC_OUTPUT,57.2131,2026-04-23 03:31:50.697
605,2026-04-23 09:00:01.887,UN.EG1.E-2523.KEV_Glycol_Reactor_Inlet_Temperature_Optimum_EO_CALC_OUTPUT,15.0454,2026-04-23 03:31:50.697
606,2026-04-23 09:00:01.887,UN.EG1.E-2523.KEV_Steam_Flow_Optimum_EO_CALC_OUTPUT,150.1672,2026-04-23 03:31:50.697
607,2026-04-23 09:00:01.887,UN.EG1.E-2523.KEV_ReactorOutletLegTempDelta_Optimum_EO_CALC_OUTPUT,118.9496,2026-04-23 03:31:50.697
608,2026-04-23 09:00:01.887,UN.EG1.E-2531.KEV_Recycle_Water_Tank_Meg_Optimum_EO_CALC_OUTPUT,13.8205,2026-04-23 03:31:50.697
609,2026-04-23 09:00:01.887,UN.EG1.E-2531.KEV_Treated_Water_To_1st_Effect_Evaporator_Optimum_EO_CALC_OUTPUT,91.8823,2026-04-23 03:31:50.697
610,2026-04-23 09:00:01.887,UN.EG1.E-2531.KEV_Treated_Water_To_2nd_Effect_Evaporator_Optimum_EO_CALC_OUTPUT,0.926,2026-04-23 03:31:50.697
611,2026-04-23 09:00:01.887,UN.EG1.E-2531.KEV_Treated_Water_To_3rd_Effect_Evaporator_Optimum_EO_CALC_OUTPUT,18.8322,2026-04-23 03:31:50.697
612,2026-04-23 09:00:01.887,UN.EG1.E-2531.KEV_Treated_Water_To_4th_Effect_Evaporator_Optimum_EO_CALC_OUTPUT,3.1284,2026-04-23 03:31:50.697
613,2026-04-23 09:00:01.887,UN.EG1.E-2531.KEV_Treated_Water_To_5th_Effect_Evaporator_Optimum_EO_CALC_OUTPUT,11.0629,2026-04-23 03:31:50.697
614,2026-04-23 09:00:01.887,UN.EG1.E-2531.KEV_5th_Effect_Evaporator_Overhead_Pressure_Controller_Opening_Optimum_EO_CALC_OUTPUT,0,2026-04-23 03:31:50.697
615,2026-04-23 09:00:01.887,UN.EG1.E-2620.KEV_CriticalTrayTemperature_Optimum_EO_CALC_OUTPUT,67.1613,2026-04-23 03:31:50.697
616,2026-04-23 09:00:01.887,UN.EG1.E-2620.KEV_Total_Reboiler_Steam_flow_Actual_EO_CALC_OUTPUT,274.895,2026-04-23 03:31:50.697
617,2026-04-23 09:00:01.887,UN.EG1.E-2620.KEV_Chest_Pressure_Optimum_EO_CALC_OUTPUT,20.0895,2026-04-23 03:31:50.697
618,2026-04-23 09:00:01.887,UN.EG1.E-2610.KEV_CriticalTrayTemperature_Optimum_EO_CALC_OUTPUT,89.5635,2026-04-23 03:31:50.697
619,2026-04-23 09:00:01.887,UN.EG1.E-2610.KEV_Reboiler_Steam_flow_Optimum_EO_CALC_OUTPUT,312.7036,2026-04-23 03:31:50.697
620,2026-04-23 09:00:01.887,UN.EG1.E-2610.KEV_Chest_Pressure_Optimum_EO_CALC_OUTPUT,45.9678,2026-04-23 03:31:50.697
621,2026-04-23 09:00:01.887,UN.EG2.C-4220.KEV_Regenerator_Bottom_Temperature_Optimum_EO_CALC_OUTPUT,336.0782,2026-04-23 03:31:50.697
622,2026-04-23 09:00:01.887,UN.EG2.C-4220.KEV_Fractional_Conversion_Bicarbonate_Optimum_EO_CALC_OUTPUT,84.9435,2026-04-23 03:31:50.697
623,2026-04-23 09:00:01.887,UN.EG2.C-4310.KEV_Stripper_Column_Top_Temperature_Optimum_EO_CALC_OUTPUT,101.8966,2026-04-23 03:31:50.697
624,2026-04-23 09:00:01.887,UN.EG2.C-4310.KEV_Cycle_Water_Bleed_EO_Optimum_EO_CALC_OUTPUT,85.3369,2026-04-23 03:31:50.697
625,2026-04-23 09:00:01.887,UN.EG2.C-4310.KEV_Total_Steam_To_Stripping_Column_Optimum_EO_CALC_OUTPUT,633.2069,2026-04-23 03:31:50.697
626,2026-04-23 09:00:01.887,UN.EG2.C-4310.KEV_C2310_Bottom_Pressure_Optimum_EO_CALC_OUTPUT,49.9104,2026-04-23 03:31:50.697
627,2026-04-23 09:00:01.887,UN.EG2.E-4523.KEV_Glycol_Reactor_Inlet_Optimum_EO_CALC_OUTPUT,16.2743,2026-04-23 03:31:50.697
628,2026-04-23 09:00:01.887,UN.EG2.E-4523.KEV_Steam_Flow_Optimum_EO_CALC_OUTPUT,105.0864,2026-04-23 03:31:50.697
629,2026-04-23 09:00:01.887,UN.EG2.E-4523.KEV_Reactor_Outlet_Leg_Temperature_Delta_Optimum_EO_CALC_OUTPUT,409.175,2026-04-23 03:31:50.697
630,2026-04-23 09:00:01.887,UN.EG2.E-4531.KEV_Recycle_Water_Tank_MEG_Optimum_EO_CALC_OUTPUT,85.5492,2026-04-23 03:31:50.697
631,2026-04-23 09:00:01.887,UN.EG2.E-4531.KEV_Treated_Water_To_1st_Effect_Evaporator_Optimum_EO_CALC_OUTPUT,25.4263,2026-04-23 03:31:50.697
632,2026-04-23 09:00:01.887,UN.EG2.E-4531.KEV_Treated_Water_To_2nd_Effect_Evaporator_Optimum_EO_CALC_OUTPUT,91.8794,2026-04-23 03:31:50.697
633,2026-04-23 09:00:01.887,UN.EG2.E-4531.KEV_Treated_Water_To_3rd_Effect_Evaporator_Optimum_EO_CALC_OUTPUT,45.4457,2026-04-23 03:31:50.697
634,2026-04-23 09:00:01.887,UN.EG2.E-4531.KEV_Treated_Water_To_4th_Effect_Evaporator_Optimum_EO_CALC_OUTPUT,60.3424,2026-04-23 03:31:50.697
635,2026-04-23 09:00:01.887,UN.EG2.E-4531.KEV_Treated_Water_To_5th_Effect_Evaporator_Optimum_EO_CALC_OUTPUT,98.465,2026-04-23 03:31:50.697
636,2026-04-23 09:00:01.887,UN.EG2.E-4531.KEV_5th_Effect_Evaporator_Overhead_Pressure_Controller_Opening_Optimum_EO_CALC_OUTPUT,0,2026-04-23 03:31:50.697
637,2026-04-23 09:00:01.887,UN.EG2.E-4620.KEV_Critical_Tray_Temperature_Optimum_EO_CALC_OUTPUT,85.2781,2026-04-23 03:31:50.697
638,2026-04-23 09:00:01.887,UN.EG2.E-4620.KEV_Total_Reboiler_Steam_flow_Actual_EO_CALC_OUTPUT,290.2428,2026-04-23 03:31:50.697
639,2026-04-23 09:00:01.887,UN.EG2.E-4620.KEV_Chest_Pressure_Optimum_EO_CALC_OUTPUT,65.2396,2026-04-23 03:31:50.697
640,2026-04-23 09:00:01.887,UN.EG2.E-4610.KEV_Critical_Tray_Temperature_Optimum_EO_CALC_OUTPUT,23.7658,2026-04-23 03:31:50.697
641,2026-04-23 09:00:01.887,UN.EG2.E-4610.KEV_Reboiler_Steam_Flow_Optimum_EO_CALC_OUTPUT,57.1806,2026-04-23 03:31:50.697
642,2026-04-23 09:00:01.887,UN.EG2.E-4610.KEV_Chest_Pressure_Optimum_EO_CALC_OUTPUT,26.1535,2026-04-23 03:31:50.697
643,2026-04-23 09:00:01.887,UN.EG3.C-6220.KEV_Regenerator_Bottom_Temperature_Optimum_EO_CALC_OUTPUT,419.6854,2026-04-23 03:31:50.697
644,2026-04-23 09:00:01.887,UN.EG3.C-6220.KEV_Total_Steam_to_Regenerator_Optimum_EO_CALC_OUTPUT,449.6372,2026-04-23 03:31:50.697
645,2026-04-23 09:00:01.887,UN.EG3.C-6220.KEV_Fractional_Conversion_Bicarbonate_Optimum_EO_CALC_OUTPUT,60.0734,2026-04-23 03:31:50.697
646,2026-04-23 09:00:01.887,UN.EG3.E-6531.KEV_Recycle_Water_Tank_MEG_Optimum_EO_CALC_OUTPUT,21.6356,2026-04-23 03:31:50.697
647,2026-04-23 09:00:01.887,UN.EG3.E-6531.KEV_Treated_Water_To_1st_Effect_Evaporator_Optimum_EO_CALC_OUTPUT,41.4026,2026-04-23 03:31:50.697
648,2026-04-23 09:00:01.887,UN.EG3.E-6531.KEV_Treated_Water_To_2nd_Effect_Evaporator_Optimum_EO_CALC_OUTPUT,31.7636,2026-04-23 03:31:50.697
649,2026-04-23 09:00:01.887,UN.EG3.E-6531.KEV_Treated_Water_To_3rd_Effect_Evaporator_Optimum_EO_CALC_OUTPUT,7.8108,2026-04-23 03:31:50.697
650,2026-04-23 09:00:01.887,UN.EG3.E-6531.KEV_Treated_Water_To_4th_Effect_Evaporator_Optimum_EO_CALC_OUTPUT,2.9835,2026-04-23 03:31:50.697
651,2026-04-23 09:00:01.887,UN.EG3.E-6531.KEV_Treated_Water_To_5th_Effect_Evaporator_Optimum_EO_CALC_OUTPUT,34.6479,2026-04-23 03:31:50.697
652,2026-04-23 09:00:01.887,UN.EG3.E-6531.KEV_Treated_Water_To_6th_Effect_Evaporator_Optimum_EO_CALC_OUTPUT,1.9034,2026-04-23 03:31:50.697
653,2026-04-23 09:00:01.887,UN.EG3.E-6531.KEV_Treated_Water_To_7th_Effect_Evaporator_Optimum_EO_CALC_OUTPUT,16.5488,2026-04-23 03:31:50.697
654,2026-04-23 09:00:01.887,UN.EG3.E-6531.KEV_7th_Effect_Evaporator_Overhead_Pressure_Controller_Opening_Optimum_EO_CALC_OUTPUT,0,2026-04-23 03:31:50.697
655,2026-04-23 09:00:01.887,UN.EG3.E-6220.KEV_Critical_Tray_Temperature_Optimum_EO_CALC_OUTPUT,34.8031,2026-04-23 03:31:50.697
656,2026-04-23 09:00:01.887,UN.EG3.E-6220.KEV_Total_Reboiler_Steam_Flow_Actual_EO_CALC_OUTPUT,260.7171,2026-04-23 03:31:50.697
657,2026-04-23 09:00:01.887,UN.EG3.E-6220.KEV_Chest_Pressure_Optimum_EO_CALC_OUTPUT,56.9392,2026-04-23 03:31:50.697
658,2026-04-23 09:00:01.887,UN.ETH.K-1200.KEV_Discharge_Pressure_5Stage_Optimum_EO_CALC_OUTPUT,47.9126,2026-04-23 03:31:50.697
659,2026-04-23 09:00:01.887,UN.ETH.K-1200.KEV_Turbine_exhaust_pressure_Optimum_EO_CALC_OUTPUT,10.9561,2026-04-23 03:31:50.697
660,2026-04-23 09:00:01.887,UN.ETH.K-1200.KEV_CGC_tubrine_inlet_VHP_steam_temp_Optimum_EO_CALC_OUTPUT,275.5514,2026-04-23 03:31:50.697
661,2026-04-23 09:00:01.887,UN.ETH.K-1200.KEV_Quench_overhead_temp_Optimum_EO_CALC_OUTPUT,157.4875,2026-04-23 03:31:50.697
662,2026-04-23 09:00:01.887,UN.ETH.K-1200.KEV_VHP_letdown_controller_opening_Optimum_EO_CALC_OUTPUT,69.3095,2026-04-23 03:31:50.697
663,2026-04-23 09:00:01.887,UN.ETH.E-1102.KEV_Chest_Pressure_Optimum_EO_CALC_OUTPUT,32.4856,2026-04-23 03:31:50.697
664,2026-04-23 09:00:01.887,UN.CO2.KM-5020.KEV_Process_flow_Optimum_EO_CALC_OUTPUT,70.0123,2026-04-23 03:31:50.697
665,2026-04-23 09:00:01.887,UN.CO2.KM-5020.KEV_Temperature_Ratio_Optimum_EO_CALC_OUTPUT,0.774266326368185,2026-04-23 03:31:50.697
666,2026-04-23 09:00:01.887,UN.CO2.KM-5020.KEV_Pressure_Ratio_Optimum_EO_CALC_OUTPUT,61.1371994342291,2026-04-23 03:31:50.697
667,2026-04-23 09:00:01.887,UN.CO2.KM-5070.KEV_K_5071_Discharge_Flow_Optimum_EO_CALC_OUTPUT,163.5354,2026-04-23 03:31:50.697
668,2026-04-23 09:00:01.887,UN.CO2.KM-5070.KEV_CO2_Sale_Current_Flow_Optimum_EO_CALC_OUTPUT,49.0821,2026-04-23 03:31:50.697
669,2026-04-23 09:00:01.887,UN.UO.V-7101A.KEV_BFW_Flow_Optimum_EO_CALC_OUTPUT,108.6719,2026-04-23 03:31:50.697
670,2026-04-23 09:00:01.887,UN.UO.V-7101A.KEV_BFW_Outlet_temperature_Optimum_EO_CALC_OUTPUT,348.1431,2026-04-23 03:31:50.697
671,2026-04-23 09:00:01.887,UN.UO.V-7101B.KEV_BFW_Flow_Optimum_EO_CALC_OUTPUT,299.9819,2026-04-23 03:31:50.697
672,2026-04-23 09:00:01.887,UN.UO.V-7101B.KEV_BFW_Outlet_temperature_Optimum_EO_CALC_OUTPUT,280.1544,2026-04-23 03:31:50.697
673,2026-04-23 09:00:01.887,UN.LAO.H-3831.KEV_Feed_Flow_Optimum_EO_CALC_OUTPUT,371.3469,2026-04-23 03:31:50.697
674,2026-04-23 09:00:01.887,UN.LAO.H-3831.KEV_Feed_temp_Optimum_EO_CALC_OUTPUT,223.014,2026-04-23 03:31:50.697
675,2026-04-23 09:00:01.887,UN.LAO.H-3831.KEV_Stack_O2_Optimum_EO_CALC_OUTPUT,47.7506,2026-04-23 03:31:50.697
676,2026-04-23 09:00:01.887,UN.EG1.KM-2115.Recycle_Compressor_Efficiency_Optimum_EO_CALC_OUTPUT,0,2026-04-23 03:31:50.697
677,2026-04-23 09:00:01.887,UN.EG2.KM-4115.Recycle_Compressor_Efficiency_Optimum_EO_CALC_OUTPUT,0,2026-04-23 03:31:50.697
678,2026-04-23 09:00:01.887,UN.EG3.KM-6115.Recycle_Compressor_Efficiency_Optimum_EO_CALC_OUTPUT,0,2026-04-23 03:31:50.697
679,2026-04-23 09:00:01.887,UN.ETH.KT-1500.KEV_Splitter_top_analyzer_C2H6_Optimum_in_C2R_EO_CALC_OUTPUT,53.62,2026-04-23 03:31:50.697
680,2026-04-23 09:00:01.887,UN.ETH.KT-1500.KEV_Splitter_reflux_controller_opening_Optimum_in_C2R_EO_CALC_OUTPUT,62.1792,2026-04-23 03:31:50.697
681,2026-04-23 09:00:01.887,UN.ETH.KT-1500.KEV_Splitter_control_tray_temperature_controller_opening_Optimum_in_C2R_EO_CALC_OUTPUT,209.2749,2026-04-23 03:31:50.697
682,2026-04-23 09:00:01.887,UN.ETH.KT-1500.KEV_Ethylene_surge_drum_vent_to_CGC_5Th_stage_controller_opening_Optimum_in_C2R_EO_CALC_OUTPUT,59.4568,2026-04-23 03:31:50.697
683,2026-04-23 09:00:01.887,UN.ETH.KT-1500.KEV_Compressor_RPM_Optimum_in_C2R_EO_CALC_OUTPUT,24.2857,2026-04-23 03:31:50.697
684,2026-04-23 09:00:01.887,UN.ETH.KT-1500.KEV_Governor_Valve_Opening_Optimum_in_C2R_EO_CALC_OUTPUT,1.8161,2026-04-23 03:31:50.697
685,2026-04-23 09:00:01.887,UN.ETH.KT-1500.KEV_Level_in_E-1310_Optimum_in_C2R_EO_CALC_OUTPUT,35.2199,2026-04-23 03:31:50.697
686,2026-04-23 09:00:01.887,UN.ETH.KT-1500.KEV_Suction_Pressure_Optimum_in_C2R_EO_CALC_OUTPUT,49.2508,2026-04-23 03:31:50.697
687,2026-04-23 09:00:01.887,UN.ETH.KT-1500.KEV_Inlet_Steam_Temperature_Optimum_in_C2R_EO_CALC_OUTPUT,468.3882,2026-04-23 03:31:50.697
688,2026-04-23 09:00:01.887,UN.ETH.KT-1500.KEV_Inlet_Steam_Pressure_Optimum_in_C2R_EO_CALC_OUTPUT,14.077,2026-04-23 03:31:50.697
689,2026-04-23 09:00:01.887,UN.ETH.KT-1500.KEV_Inlet_Steam_Flow_Optimum_in_C2R_EO_CALC_OUTPUT,117.4644,2026-04-23 03:31:50.697
690,2026-04-23 09:00:01.887,UN.ETH.KT-1500.KEV_Ethylene_in_tail_gas_Optimum_in_C2R_EO_CALC_OUTPUT,55.3541,2026-04-23 03:31:50.697
691,2026-04-23 09:00:01.887,UN.ETH.KT-1500.KEV_Fuel_gas_drum_pressure_Optimum_in_C2R_EO_CALC_OUTPUT,53.4261,2026-04-23 03:31:50.697
692,2026-04-23 09:00:01.887,UN.ETH.KT-1600.KEV_E_1402_level_Optimum_in_C3R_EO_CALC_OUTPUT,70.1747,2026-04-23 03:31:50.697
693,2026-04-23 09:00:01.887,UN.ETH.KT-1600.KEV_E_1307_level_Optimum_in_C3R_EO_CALC_OUTPUT,55.7428,2026-04-23 03:31:50.697
694,2026-04-23 09:00:01.887,UN.ETH.KT-1600.KEV_C3_compressor_RPM_Optimum_in_C3R_EO_CALC_OUTPUT,58.3358,2026-04-23 03:31:50.697
695,2026-04-23 09:00:01.887,UN.ETH.KT-1600.KEV_C3R_governer_opening_Optimum_in_C3R_EO_CALC_OUTPUT,56.6938,2026-04-23 03:31:50.697
696,2026-04-23 09:00:01.887,UN.ETH.KT-1600.KEV_E_1308_level_Optimum_in_C3R_EO_CALC_OUTPUT,33.8768,2026-04-23 03:31:50.697
697,2026-04-23 09:00:01.887,UN.ETH.KT-1600.KEV_E_1309_level_Optimum_in_C3R_EO_CALC_OUTPUT,72.4333,2026-04-23 03:31:50.697
698,2026-04-23 09:00:01.887,UN.ETH.KT-1600.KEV_compressor_suction_pressure_Optimum_in_C3R_EO_CALC_OUTPUT,60.9154,2026-04-23 03:31:50.697
699,2026-04-23 09:00:01.887,UN.ETH.KT-1500.KEV_Ethylene_in_Recycle_Ethane_Optimum_in_C2R_EO_CALC_OUTPUT,39.6167,2026-04-23 03:31:50.697
700,2026-04-23 09:00:01.887,UN.ETH.KT-1600.KEV_splitter_control_tray_temperature_Optimum_in_C3R_EO_CALC_OUTPUT,120.2079,2026-04-23 03:31:50.697
701,2026-04-23 09:00:01.887,UN.ETH.KT-1600.KEV_Surface_condenser_level_controller_opening_Optimum_in_C3R_EO_CALC_OUTPUT,79.005,2026-04-23 03:31:50.697
702,2026-04-23 09:00:01.887,UN.ETH.KT-1600.KEV_turbine_Inlet_steam_temp_Optimum_in_C3R_EO_CALC_OUTPUT,161.4454,2026-04-23 03:31:50.697
703,2026-04-23 09:00:01.887,UN.ETH.KT-1600.KEV_turbine_Inlet_steam_pressure_Optimum_in_C3R_EO_CALC_OUTPUT,10.1237,2026-04-23 03:31:50.697
704,2026-04-23 09:00:01.887,UN.ETH.KT-1600.KEV_turbine_Inlet_steam_flow_Optimum_in_C3R_EO_CALC_OUTPUT,13.3535,2026-04-23 03:31:50.697
705,2026-04-23 09:00:01.887,UN.CO2.KM-5070.KEV_ASCV_Opening_Optimum_EO_CALC_OUTPUT,0,2026-04-23 03:31:50.697
706,2026-04-23 09:02:58.810,UN.UO.BO-7104A.KEV_Stack_Temp_Optimum_EO_CALC_OUTPUT,0,2026-04-23 03:35:10.923
707,2026-04-23 09:02:58.810,UN.UO.BO-7104A.KEV_Actual_Steam_Production_Optimum_EO_CALC_OUTPUT,0,2026-04-23 03:35:10.923
708,2026-04-23 09:02:58.810,UN.UO.BO-7104A.KEV_Excess_O2_Optimum_EO_CALC_OUTPUT,0,2026-04-23 03:35:10.923
709,2026-04-23 09:02:58.810,UN.UO.BO-7104B.KEV_Stack_Temp_Optimum_EO_CALC_OUTPUT,0,2026-04-23 03:35:10.923
710,2026-04-23 09:02:58.810,UN.UO.BO-7104B.KEV_Actual_Steam_Production_Optimum_EO_CALC_OUTPUT,0,2026-04-23 03:35:10.923
711,2026-04-23 09:02:58.810,UN.UO.BO-7104B.KEV_Excess_O2_Optimum_EO_CALC_OUTPUT,0,2026-04-23 03:35:10.923
712,2026-04-23 09:02:58.810,UN.UO.BO-7104C.KEV_Stack_Temp_Optimum_EO_CALC_OUTPUT,0,2026-04-23 03:35:10.923
713,2026-04-23 09:02:58.810,UN.UO.BO-7104C.KEV_Actual_Steam_Production_Optimum_EO_CALC_OUTPUT,0,2026-04-23 03:35:10.923
714,2026-04-23 09:02:58.810,UN.UO.BO-7104C.KEV_Excess_O2_Optimum_EO_CALC_OUTPUT,0,2026-04-23 03:35:10.923
715,2026-04-23 09:02:58.810,UN.UO.BO-7104D.KEV_Stack_Temp_Optimum_EO_CALC_OUTPUT,0,2026-04-23 03:35:10.923
716,2026-04-23 09:02:58.810,UN.UO.BO-7104D.KEV_Actual_Steam_Production_Optimum_EO_CALC_OUTPUT,0,2026-04-23 03:35:10.923
717,2026-04-23 09:02:58.810,UN.UO.BO-7104D.KEV_Excess_O2_Optimum_EO_CALC_OUTPUT,0,2026-04-23 03:35:10.923
718,2026-04-23 09:02:58.810,UN.UO.BO-7104E.KEV_Stack_Temp_Optimum_EO_CALC_OUTPUT,257.6503,2026-04-23 03:35:10.923
719,2026-04-23 09:02:58.810,UN.UO.BO-7104E.KEV_Actual_Steam_Production_Optimum_EO_CALC_OUTPUT,0.0154289,2026-04-23 03:35:10.923
720,2026-04-23 09:02:58.810,UN.UO.BO-7104E.KEV_Excess_O2_Optimum_EO_CALC_OUTPUT,38.4504,2026-04-23 03:35:10.923
721,2026-04-23 09:02:58.810,UN.ETH.H-1111.KEV_Stack_Temperature_Optimum_EO_CALC_OUTPUT,0,2026-04-23 03:35:10.923
722,2026-04-23 09:02:58.810,UN.ETH.H-1111.KEV_Stack_Excess_O2_Optimum_EO_CALC_OUTPUT,0,2026-04-23 03:35:10.923
723,2026-04-23 09:02:58.810,UN.ETH.H-1111.KEV_Fuel_Flow_Optimum_EO_CALC_OUTPUT,0,2026-04-23 03:35:10.923
724,2026-04-23 09:02:58.810,UN.ETH.H-1111.KEV_Process_Flow_Rate_Optimum_EO_CALC_OUTPUT,0,2026-04-23 03:35:10.923
725,2026-04-23 09:02:58.810,UN.ETH.H-1112.KEV_Stack_Temperature_Optimum_EO_CALC_OUTPUT,0,2026-04-23 03:35:10.923
726,2026-04-23 09:02:58.810,UN.ETH.H-1112.KEV_Stack_Excess_O2_Optimum_EO_CALC_OUTPUT,0,2026-04-23 03:35:10.923
727,2026-04-23 09:02:58.810,UN.ETH.H-1112.KEV_Fuel_Flow_Optimum_EO_CALC_OUTPUT,0,2026-04-23 03:35:10.923
728,2026-04-23 09:02:58.810,UN.ETH.H-1112.KEV_Process_Flow_Rate_Optimum_EO_CALC_OUTPUT,0,2026-04-23 03:35:10.923
729,2026-04-23 09:02:58.810,UN.ETH.H-1113.KEV_Stack_Temperature_Optimum_EO_CALC_OUTPUT,107.0675,2026-04-23 03:35:10.923
730,2026-04-23 09:02:58.810,UN.ETH.H-1113.KEV_Stack_Excess_O2_Optimum_EO_CALC_OUTPUT,4.8698,2026-04-23 03:35:10.923
731,2026-04-23 09:02:58.810,UN.ETH.H-1113.KEV_Fuel_Flow_Optimum_EO_CALC_OUTPUT,47.0357,2026-04-23 03:35:10.923
732,2026-04-23 09:02:58.810,UN.ETH.H-1113.KEV_Process_Flow_Rate_Optimum_EO_CALC_OUTPUT,296.5463,2026-04-23 03:35:10.923
733,2026-04-23 09:02:58.810,UN.ETH.H-1114.KEV_Stack_Temperature_Optimum_EO_CALC_OUTPUT,281.312,2026-04-23 03:35:10.923
734,2026-04-23 09:02:58.810,UN.ETH.H-1114.KEV_Stack_Excess_O2_Optimum_EO_CALC_OUTPUT,10.9282,2026-04-23 03:35:10.923
735,2026-04-23 09:02:58.810,UN.ETH.H-1114.KEV_Fuel_Flow_Optimum_EO_CALC_OUTPUT,399.6464,2026-04-23 03:35:10.923
736,2026-04-23 09:02:58.810,UN.ETH.H-1114.KEV_Process_Flow_Rate_Optimum_EO_CALC_OUTPUT,265.661,2026-04-23 03:35:10.923
737,2026-04-23 09:02:58.810,UN.ETH.H-1115.KEV_Stack_Temperature_Optimum_EO_CALC_OUTPUT,353.8161,2026-04-23 03:35:10.923
738,2026-04-23 09:02:58.810,UN.ETH.H-1115.KEV_Stack_Excess_O2_Optimum_EO_CALC_OUTPUT,67.5306,2026-04-23 03:35:10.923
739,2026-04-23 09:02:58.810,UN.ETH.H-1115.KEV_Fuel_Flow_Optimum_EO_CALC_OUTPUT,267.9455,2026-04-23 03:35:10.923
740,2026-04-23 09:02:58.810,UN.ETH.H-1115.KEV_Process_Flow_Rate_Optimum_EO_CALC_OUTPUT,449.0452,2026-04-23 03:35:10.923
741,2026-04-23 09:02:58.810,UN.ETH.H-1116.KEV_Stack_Temp.C_Optimum_EO_CALC_OUTPUT,237.317,2026-04-23 03:35:10.923
742,2026-04-23 09:02:58.810,UN.ETH.H-1116.KEV_Stack_Excess_O2%_Optimum_EO_CALC_OUTPUT,71.3258,2026-04-23 03:35:10.923
743,2026-04-23 09:02:58.810,UN.ETH.H-1116.KEV_Fuel_Flow_Optimum_EO_CALC_OUTPUT,261.7994,2026-04-23 03:35:10.923
744,2026-04-23 09:02:58.810,UN.ETH.H-1116.KEV_Process_Flow_Rate_Optimum_EO_CALC_OUTPUT,443.2888,2026-04-23 03:35:10.923
745,2026-04-23 09:02:58.810,UN.ETH.H-1117.KEV_Stack_Temperature_Optimum_EO_CALC_OUTPUT,268.1527,2026-04-23 03:35:10.923
746,2026-04-23 09:02:58.810,UN.ETH.H-1117.KEV_Stack_Excess_O2_Optimum_EO_CALC_OUTPUT,77.3721,2026-04-23 03:35:10.923
747,2026-04-23 09:02:58.810,UN.ETH.H-1117.KEV_Fuel_Flow_Optimum_EO_CALC_OUTPUT,40.7241,2026-04-23 03:35:10.923
748,2026-04-23 09:02:58.810,UN.ETH.H-1117.KEV_Process_Flow_Rate_Optimum_EO_CALC_OUTPUT,505.3811,2026-04-23 03:35:10.923
749,2026-04-23 09:02:58.810,UN.ETH.H-1118.KEV_Stack_Temperature_Optimum_EO_CALC_OUTPUT,483.6837,2026-04-23 03:35:10.923
750,2026-04-23 09:02:58.810,UN.ETH.H-1118.KEV_Stack_Excess_O2_Optimum_EO_CALC_OUTPUT,86.5457,2026-04-23 03:35:10.923
751,2026-04-23 09:02:58.810,UN.ETH.H-1118.KEV_Fuel_Flow_Optimum_EO_CALC_OUTPUT,359.3282,2026-04-23 03:35:10.923
752,2026-04-23 09:02:58.810,UN.ETH.H-1118.KEV_Process_Flow_Rate_Optimum_EO_CALC_OUTPUT,282.3173,2026-04-23 03:35:10.923
753,2026-04-23 09:02:58.810,UN.ETH.H-1119.KEV_Stack_Temperature_Optimum_EO_CALC_OUTPUT,400.7852,2026-04-23 03:35:10.923
754,2026-04-23 09:02:58.810,UN.ETH.H-1119.KEV_Stack_Excess_O2_Optimum_EO_CALC_OUTPUT,73.9431,2026-04-23 03:35:10.923
755,2026-04-23 09:02:58.810,UN.ETH.H-1119.KEV_Fuel_Flow_Optimum_EO_CALC_OUTPUT,16.4548,2026-04-23 03:35:10.923
756,2026-04-23 09:02:58.810,UN.ETH.H-1119.KEV_Process_Flow_Rate_Optimum_EO_CALC_OUTPUT,286.971,2026-04-23 03:35:10.923
757,2026-04-23 09:02:58.810,UN.UO.PT-7103B.KEV_BFW_Steam_Flow_Optimum_EO_CALC_OUTPUT,0,2026-04-23 03:35:10.923
758,2026-04-23 09:02:58.810,UN.UO.PT-7103C.KEV_BFW_Steam_Flow_Optimum_EO_CALC_OUTPUT,0,2026-04-23 03:35:10.923
759,2026-04-23 09:02:58.810,UN.UO.PT-7103E.KEV_BFW_Steam_Flow_Optimum_EO_CALC_OUTPUT,0,2026-04-23 03:35:10.923
760,2026-04-23 09:02:58.810,UN.UO.PT-7102B.KEV_VHP_Discharge_Flow_Optimum_EO_CALC_OUTPUT,0,2026-04-23 03:35:10.923
761,2026-04-23 09:02:58.810,UN.UO.PT-7102B.KEV_VHP_BFW_Steam_Flow_Optimum_EO_CALC_OUTPUT,0,2026-04-23 03:35:10.923
762,2026-04-23 09:02:58.810,UN.UO.PT-7102C.KEV_VHP_Discharge_Flow_Optimum_EO_CALC_OUTPUT,0,2026-04-23 03:35:10.923
763,2026-04-23 09:02:58.810,UN.UO.PT-7102C.KEV_VHP_BFW_Steam_Flow_Optimum_EO_CALC_OUTPUT,0,2026-04-23 03:35:10.923
764,2026-04-23 09:02:58.810,UN.UO.PT-7102A.KEV_VHP_Discharge_Flow_Optimum_EO_CALC_OUTPUT,0,2026-04-23 03:35:10.923
765,2026-04-23 09:02:58.810,UN.UO.PT-7801A.KEV_CW_Pump_steam_Flow_Optimum_EO_CALC_OUTPUT,70.0265,2026-04-23 03:35:10.923
766,2026-04-23 09:02:58.810,UN.UO.PT-7801B.KEV_CW_Pump_steam_Flow_Optimum_EO_CALC_OUTPUT,31.2367,2026-04-23 03:35:10.923
767,2026-04-23 09:02:58.810,UN.UO.PT-7801G.KEV_CW_Pump_steam_Flow_Optimum_EO_CALC_OUTPUT,83.226,2026-04-23 03:35:10.923
768,2026-04-23 09:02:58.810,UN.UO.PK-7201A.KEV_Discharge_Flow_Optimum_EO_CALC_OUTPUT,0,2026-04-23 03:35:10.923
769,2026-04-23 09:02:58.810,UN.UO.PK-7201A.KEV_Turbine_Inlet_Steam_Flow_Optimum_EO_CALC_OUTPUT,0,2026-04-23 03:35:10.923
770,2026-04-23 09:02:58.810,UN.UO.PK-7201D.KEV_Discharge_Flow_Optimum_EO_CALC_OUTPUT,0,2026-04-23 03:35:10.923
771,2026-04-23 09:02:58.810,UN.UO.PK-7201D.KEV_Turbine_Inlet_Steam_Flow_Optimum_EO_CALC_OUTPUT,0,2026-04-23 03:35:10.923
772,2026-04-23 09:02:58.810,UN.UO.PK-7201B.KEV_Discharge_Flow_Optimum_EO_CALC_OUTPUT,0.0948608157,2026-04-23 03:35:10.923
773,2026-04-23 09:02:58.810,UN.UO.PK-7201C.KEV_Discharge_Flow_Optimum_EO_CALC_OUTPUT,0.0248086617,2026-04-23 03:35:10.923
774,2026-04-23 09:02:58.810,UN.EG1.C-2220.KEV_Regenerator_Bottom_Temperature_Optimum_EO_CALC_OUTPUT,232.2943,2026-04-23 03:35:10.923
775,2026-04-23 09:02:58.810,UN.EG1.C-2220.KEV_Total_Steam_To_Regenerator_Optimum_EO_CALC_OUTPUT,170.4615,2026-04-23 03:35:10.923
776,2026-04-23 09:02:58.810,UN.EG1.C-2220.KEV_Fractional_Conversion_Bicarbonate_Optimum_EO_CALC_OUTPUT,93.0385,2026-04-23 03:35:10.923
777,2026-04-23 09:02:58.810,UN.EG1.C-2310.KEV_Stripper_Column_Top_Temperature_Optimum_EO_CALC_OUTPUT,119.4277,2026-04-23 03:35:10.923
778,2026-04-23 09:02:58.810,UN.EG1.C-2310.KEV_Cycle_Water_Bleed_EO_Optimum_EO_CALC_OUTPUT,46.077,2026-04-23 03:35:10.923
779,2026-04-23 09:02:58.810,UN.EG1.C-2310.KEV_Total_Steam_To_Stripping_Column_Optimum_EO_CALC_OUTPUT,363.4328,2026-04-23 03:35:10.923
780,2026-04-23 09:02:58.810,UN.EG1.C-2310.KEV_C2310_Bottom_Pressure_Optimum_EO_CALC_OUTPUT,57.2131,2026-04-23 03:35:10.923
781,2026-04-23 09:02:58.810,UN.EG1.E-2523.KEV_Glycol_Reactor_Inlet_Temperature_Optimum_EO_CALC_OUTPUT,15.0454,2026-04-23 03:35:10.923
782,2026-04-23 09:02:58.810,UN.EG1.E-2523.KEV_Steam_Flow_Optimum_EO_CALC_OUTPUT,150.1672,2026-04-23 03:35:10.923
783,2026-04-23 09:02:58.810,UN.EG1.E-2523.KEV_ReactorOutletLegTempDelta_Optimum_EO_CALC_OUTPUT,118.9496,2026-04-23 03:35:10.923
784,2026-04-23 09:02:58.810,UN.EG1.E-2531.KEV_Recycle_Water_Tank_Meg_Optimum_EO_CALC_OUTPUT,13.8205,2026-04-23 03:35:10.923
785,2026-04-23 09:02:58.810,UN.EG1.E-2531.KEV_Treated_Water_To_1st_Effect_Evaporator_Optimum_EO_CALC_OUTPUT,91.8823,2026-04-23 03:35:10.923
786,2026-04-23 09:02:58.810,UN.EG1.E-2531.KEV_Treated_Water_To_2nd_Effect_Evaporator_Optimum_EO_CALC_OUTPUT,0.926,2026-04-23 03:35:10.923
787,2026-04-23 09:02:58.810,UN.EG1.E-2531.KEV_Treated_Water_To_3rd_Effect_Evaporator_Optimum_EO_CALC_OUTPUT,18.8322,2026-04-23 03:35:10.923
788,2026-04-23 09:02:58.810,UN.EG1.E-2531.KEV_Treated_Water_To_4th_Effect_Evaporator_Optimum_EO_CALC_OUTPUT,3.1284,2026-04-23 03:35:10.923
789,2026-04-23 09:02:58.810,UN.EG1.E-2531.KEV_Treated_Water_To_5th_Effect_Evaporator_Optimum_EO_CALC_OUTPUT,11.0629,2026-04-23 03:35:10.923
790,2026-04-23 09:02:58.810,UN.EG1.E-2531.KEV_5th_Effect_Evaporator_Overhead_Pressure_Controller_Opening_Optimum_EO_CALC_OUTPUT,0,2026-04-23 03:35:10.923
791,2026-04-23 09:02:58.810,UN.EG1.E-2620.KEV_CriticalTrayTemperature_Optimum_EO_CALC_OUTPUT,67.1613,2026-04-23 03:35:10.923
792,2026-04-23 09:02:58.810,UN.EG1.E-2620.KEV_Total_Reboiler_Steam_flow_Actual_EO_CALC_OUTPUT,274.895,2026-04-23 03:35:10.923
793,2026-04-23 09:02:58.810,UN.EG1.E-2620.KEV_Chest_Pressure_Optimum_EO_CALC_OUTPUT,20.0895,2026-04-23 03:35:10.923
794,2026-04-23 09:02:58.810,UN.EG1.E-2610.KEV_CriticalTrayTemperature_Optimum_EO_CALC_OUTPUT,89.5635,2026-04-23 03:35:10.923
795,2026-04-23 09:02:58.810,UN.EG1.E-2610.KEV_Reboiler_Steam_flow_Optimum_EO_CALC_OUTPUT,312.7036,2026-04-23 03:35:10.923
796,2026-04-23 09:02:58.810,UN.EG1.E-2610.KEV_Chest_Pressure_Optimum_EO_CALC_OUTPUT,45.9678,2026-04-23 03:35:10.923
797,2026-04-23 09:02:58.810,UN.EG2.C-4220.KEV_Regenerator_Bottom_Temperature_Optimum_EO_CALC_OUTPUT,336.0782,2026-04-23 03:35:10.923
798,2026-04-23 09:02:58.810,UN.EG2.C-4220.KEV_Fractional_Conversion_Bicarbonate_Optimum_EO_CALC_OUTPUT,84.9435,2026-04-23 03:35:10.923
799,2026-04-23 09:02:58.810,UN.EG2.C-4310.KEV_Stripper_Column_Top_Temperature_Optimum_EO_CALC_OUTPUT,101.8966,2026-04-23 03:35:10.923
800,2026-04-23 09:02:58.810,UN.EG2.C-4310.KEV_Cycle_Water_Bleed_EO_Optimum_EO_CALC_OUTPUT,85.3369,2026-04-23 03:35:10.923
801,2026-04-23 09:02:58.810,UN.EG2.C-4310.KEV_Total_Steam_To_Stripping_Column_Optimum_EO_CALC_OUTPUT,633.2069,2026-04-23 03:35:10.923
802,2026-04-23 09:02:58.810,UN.EG2.C-4310.KEV_C2310_Bottom_Pressure_Optimum_EO_CALC_OUTPUT,49.9104,2026-04-23 03:35:10.923
803,2026-04-23 09:02:58.810,UN.EG2.E-4523.KEV_Glycol_Reactor_Inlet_Optimum_EO_CALC_OUTPUT,16.2743,2026-04-23 03:35:10.923
804,2026-04-23 09:02:58.810,UN.EG2.E-4523.KEV_Steam_Flow_Optimum_EO_CALC_OUTPUT,105.0864,2026-04-23 03:35:10.923
805,2026-04-23 09:02:58.810,UN.EG2.E-4523.KEV_Reactor_Outlet_Leg_Temperature_Delta_Optimum_EO_CALC_OUTPUT,409.175,2026-04-23 03:35:10.923
806,2026-04-23 09:02:58.810,UN.EG2.E-4531.KEV_Recycle_Water_Tank_MEG_Optimum_EO_CALC_OUTPUT,85.5492,2026-04-23 03:35:10.923
807,2026-04-23 09:02:58.810,UN.EG2.E-4531.KEV_Treated_Water_To_1st_Effect_Evaporator_Optimum_EO_CALC_OUTPUT,25.4263,2026-04-23 03:35:10.923
808,2026-04-23 09:02:58.810,UN.EG2.E-4531.KEV_Treated_Water_To_2nd_Effect_Evaporator_Optimum_EO_CALC_OUTPUT,91.8794,2026-04-23 03:35:10.923
809,2026-04-23 09:02:58.810,UN.EG2.E-4531.KEV_Treated_Water_To_3rd_Effect_Evaporator_Optimum_EO_CALC_OUTPUT,45.4457,2026-04-23 03:35:10.923
810,2026-04-23 09:02:58.810,UN.EG2.E-4531.KEV_Treated_Water_To_4th_Effect_Evaporator_Optimum_EO_CALC_OUTPUT,60.3424,2026-04-23 03:35:10.923
811,2026-04-23 09:02:58.810,UN.EG2.E-4531.KEV_Treated_Water_To_5th_Effect_Evaporator_Optimum_EO_CALC_OUTPUT,98.465,2026-04-23 03:35:10.923
812,2026-04-23 09:02:58.810,UN.EG2.E-4531.KEV_5th_Effect_Evaporator_Overhead_Pressure_Controller_Opening_Optimum_EO_CALC_OUTPUT,0,2026-04-23 03:35:10.923
813,2026-04-23 09:02:58.810,UN.EG2.E-4620.KEV_Critical_Tray_Temperature_Optimum_EO_CALC_OUTPUT,85.2781,2026-04-23 03:35:10.923
814,2026-04-23 09:02:58.810,UN.EG2.E-4620.KEV_Total_Reboiler_Steam_flow_Actual_EO_CALC_OUTPUT,290.2428,2026-04-23 03:35:10.923
815,2026-04-23 09:02:58.810,UN.EG2.E-4620.KEV_Chest_Pressure_Optimum_EO_CALC_OUTPUT,65.2396,2026-04-23 03:35:10.923
816,2026-04-23 09:02:58.810,UN.EG2.E-4610.KEV_Critical_Tray_Temperature_Optimum_EO_CALC_OUTPUT,23.7658,2026-04-23 03:35:10.923
817,2026-04-23 09:02:58.810,UN.EG2.E-4610.KEV_Reboiler_Steam_Flow_Optimum_EO_CALC_OUTPUT,57.1806,2026-04-23 03:35:10.923
818,2026-04-23 09:02:58.810,UN.EG2.E-4610.KEV_Chest_Pressure_Optimum_EO_CALC_OUTPUT,26.1535,2026-04-23 03:35:10.923
819,2026-04-23 09:02:58.810,UN.EG3.C-6220.KEV_Regenerator_Bottom_Temperature_Optimum_EO_CALC_OUTPUT,419.6854,2026-04-23 03:35:10.923
820,2026-04-23 09:02:58.810,UN.EG3.C-6220.KEV_Total_Steam_to_Regenerator_Optimum_EO_CALC_OUTPUT,449.6372,2026-04-23 03:35:10.923
821,2026-04-23 09:02:58.810,UN.EG3.C-6220.KEV_Fractional_Conversion_Bicarbonate_Optimum_EO_CALC_OUTPUT,60.0734,2026-04-23 03:35:10.923
822,2026-04-23 09:02:58.810,UN.EG3.E-6531.KEV_Recycle_Water_Tank_MEG_Optimum_EO_CALC_OUTPUT,21.6356,2026-04-23 03:35:10.923
823,2026-04-23 09:02:58.810,UN.EG3.E-6531.KEV_Treated_Water_To_1st_Effect_Evaporator_Optimum_EO_CALC_OUTPUT,41.4026,2026-04-23 03:35:10.923
824,2026-04-23 09:02:58.810,UN.EG3.E-6531.KEV_Treated_Water_To_2nd_Effect_Evaporator_Optimum_EO_CALC_OUTPUT,31.7636,2026-04-23 03:35:10.923
825,2026-04-23 09:02:58.810,UN.EG3.E-6531.KEV_Treated_Water_To_3rd_Effect_Evaporator_Optimum_EO_CALC_OUTPUT,7.8108,2026-04-23 03:35:10.923
826,2026-04-23 09:02:58.810,UN.EG3.E-6531.KEV_Treated_Water_To_4th_Effect_Evaporator_Optimum_EO_CALC_OUTPUT,2.9835,2026-04-23 03:35:10.923
827,2026-04-23 09:02:58.810,UN.EG3.E-6531.KEV_Treated_Water_To_5th_Effect_Evaporator_Optimum_EO_CALC_OUTPUT,34.6479,2026-04-23 03:35:10.923
828,2026-04-23 09:02:58.810,UN.EG3.E-6531.KEV_Treated_Water_To_6th_Effect_Evaporator_Optimum_EO_CALC_OUTPUT,1.9034,2026-04-23 03:35:10.923
829,2026-04-23 09:02:58.810,UN.EG3.E-6531.KEV_Treated_Water_To_7th_Effect_Evaporator_Optimum_EO_CALC_OUTPUT,16.5488,2026-04-23 03:35:10.923
830,2026-04-23 09:02:58.810,UN.EG3.E-6531.KEV_7th_Effect_Evaporator_Overhead_Pressure_Controller_Opening_Optimum_EO_CALC_OUTPUT,0,2026-04-23 03:35:10.923
831,2026-04-23 09:02:58.810,UN.EG3.E-6220.KEV_Critical_Tray_Temperature_Optimum_EO_CALC_OUTPUT,34.8031,2026-04-23 03:35:10.923
832,2026-04-23 09:02:58.810,UN.EG3.E-6220.KEV_Total_Reboiler_Steam_Flow_Actual_EO_CALC_OUTPUT,260.7171,2026-04-23 03:35:10.923
833,2026-04-23 09:02:58.810,UN.EG3.E-6220.KEV_Chest_Pressure_Optimum_EO_CALC_OUTPUT,56.9392,2026-04-23 03:35:10.923
834,2026-04-23 09:02:58.810,UN.ETH.K-1200.KEV_Discharge_Pressure_5Stage_Optimum_EO_CALC_OUTPUT,47.9126,2026-04-23 03:35:10.923
835,2026-04-23 09:02:58.810,UN.ETH.K-1200.KEV_Turbine_exhaust_pressure_Optimum_EO_CALC_OUTPUT,10.9561,2026-04-23 03:35:10.923
836,2026-04-23 09:02:58.810,UN.ETH.K-1200.KEV_CGC_tubrine_inlet_VHP_steam_temp_Optimum_EO_CALC_OUTPUT,275.5514,2026-04-23 03:35:10.923
837,2026-04-23 09:02:58.810,UN.ETH.K-1200.KEV_Quench_overhead_temp_Optimum_EO_CALC_OUTPUT,157.4875,2026-04-23 03:35:10.923
838,2026-04-23 09:02:58.810,UN.ETH.K-1200.KEV_VHP_letdown_controller_opening_Optimum_EO_CALC_OUTPUT,69.3095,2026-04-23 03:35:10.923
839,2026-04-23 09:02:58.810,UN.ETH.E-1102.KEV_Chest_Pressure_Optimum_EO_CALC_OUTPUT,32.4856,2026-04-23 03:35:10.923
840,2026-04-23 09:02:58.810,UN.CO2.KM-5020.KEV_Process_flow_Optimum_EO_CALC_OUTPUT,70.0123,2026-04-23 03:35:10.923
841,2026-04-23 09:02:58.810,UN.CO2.KM-5020.KEV_Temperature_Ratio_Optimum_EO_CALC_OUTPUT,0.774266326368185,2026-04-23 03:35:10.923
842,2026-04-23 09:02:58.810,UN.CO2.KM-5020.KEV_Pressure_Ratio_Optimum_EO_CALC_OUTPUT,61.1371994342291,2026-04-23 03:35:10.923
843,2026-04-23 09:02:58.810,UN.CO2.KM-5070.KEV_K_5071_Discharge_Flow_Optimum_EO_CALC_OUTPUT,163.5354,2026-04-23 03:35:10.923
844,2026-04-23 09:02:58.810,UN.CO2.KM-5070.KEV_CO2_Sale_Current_Flow_Optimum_EO_CALC_OUTPUT,49.0821,2026-04-23 03:35:10.923
845,2026-04-23 09:02:58.810,UN.UO.V-7101A.KEV_BFW_Flow_Optimum_EO_CALC_OUTPUT,108.6719,2026-04-23 03:35:10.923
846,2026-04-23 09:02:58.810,UN.UO.V-7101A.KEV_BFW_Outlet_temperature_Optimum_EO_CALC_OUTPUT,348.1431,2026-04-23 03:35:10.923
847,2026-04-23 09:02:58.810,UN.UO.V-7101B.KEV_BFW_Flow_Optimum_EO_CALC_OUTPUT,299.9819,2026-04-23 03:35:10.923
848,2026-04-23 09:02:58.810,UN.UO.V-7101B.KEV_BFW_Outlet_temperature_Optimum_EO_CALC_OUTPUT,280.1544,2026-04-23 03:35:10.923
849,2026-04-23 09:02:58.810,UN.LAO.H-3831.KEV_Feed_Flow_Optimum_EO_CALC_OUTPUT,371.3469,2026-04-23 03:35:10.923
850,2026-04-23 09:02:58.810,UN.LAO.H-3831.KEV_Feed_temp_Optimum_EO_CALC_OUTPUT,223.014,2026-04-23 03:35:10.923
851,2026-04-23 09:02:58.810,UN.LAO.H-3831.KEV_Stack_O2_Optimum_EO_CALC_OUTPUT,47.7506,2026-04-23 03:35:10.923
852,2026-04-23 09:02:58.810,UN.EG1.KM-2115.Recycle_Compressor_Efficiency_Optimum_EO_CALC_OUTPUT,0,2026-04-23 03:35:10.923
853,2026-04-23 09:02:58.810,UN.EG2.KM-4115.Recycle_Compressor_Efficiency_Optimum_EO_CALC_OUTPUT,0,2026-04-23 03:35:10.923
854,2026-04-23 09:02:58.810,UN.EG3.KM-6115.Recycle_Compressor_Efficiency_Optimum_EO_CALC_OUTPUT,0,2026-04-23 03:35:10.923
855,2026-04-23 09:02:58.810,UN.ETH.KT-1500.KEV_Splitter_top_analyzer_C2H6_Optimum_in_C2R_EO_CALC_OUTPUT,53.62,2026-04-23 03:35:10.923
856,2026-04-23 09:02:58.810,UN.ETH.KT-1500.KEV_Splitter_reflux_controller_opening_Optimum_in_C2R_EO_CALC_OUTPUT,62.1792,2026-04-23 03:35:10.923
857,2026-04-23 09:02:58.810,UN.ETH.KT-1500.KEV_Splitter_control_tray_temperature_controller_opening_Optimum_in_C2R_EO_CALC_OUTPUT,209.2749,2026-04-23 03:35:10.923
858,2026-04-23 09:02:58.810,UN.ETH.KT-1500.KEV_Ethylene_surge_drum_vent_to_CGC_5Th_stage_controller_opening_Optimum_in_C2R_EO_CALC_OUTPUT,59.4568,2026-04-23 03:35:10.923
859,2026-04-23 09:02:58.810,UN.ETH.KT-1500.KEV_Compressor_RPM_Optimum_in_C2R_EO_CALC_OUTPUT,24.2857,2026-04-23 03:35:10.923
860,2026-04-23 09:02:58.810,UN.ETH.KT-1500.KEV_Governor_Valve_Opening_Optimum_in_C2R_EO_CALC_OUTPUT,1.8161,2026-04-23 03:35:10.923
861,2026-04-23 09:02:58.810,UN.ETH.KT-1500.KEV_Level_in_E-1310_Optimum_in_C2R_EO_CALC_OUTPUT,35.2199,2026-04-23 03:35:10.923
862,2026-04-23 09:02:58.810,UN.ETH.KT-1500.KEV_Suction_Pressure_Optimum_in_C2R_EO_CALC_OUTPUT,49.2508,2026-04-23 03:35:10.923
863,2026-04-23 09:02:58.810,UN.ETH.KT-1500.KEV_Inlet_Steam_Temperature_Optimum_in_C2R_EO_CALC_OUTPUT,468.3882,2026-04-23 03:35:10.923
864,2026-04-23 09:02:58.810,UN.ETH.KT-1500.KEV_Inlet_Steam_Pressure_Optimum_in_C2R_EO_CALC_OUTPUT,14.077,2026-04-23 03:35:10.923
865,2026-04-23 09:02:58.810,UN.ETH.KT-1500.KEV_Inlet_Steam_Flow_Optimum_in_C2R_EO_CALC_OUTPUT,117.4644,2026-04-23 03:35:10.923
866,2026-04-23 09:02:58.810,UN.ETH.KT-1500.KEV_Ethylene_in_tail_gas_Optimum_in_C2R_EO_CALC_OUTPUT,55.3541,2026-04-23 03:35:10.923
867,2026-04-23 09:02:58.810,UN.ETH.KT-1500.KEV_Fuel_gas_drum_pressure_Optimum_in_C2R_EO_CALC_OUTPUT,53.4261,2026-04-23 03:35:10.923
868,2026-04-23 09:02:58.810,UN.ETH.KT-1600.KEV_E_1402_level_Optimum_in_C3R_EO_CALC_OUTPUT,70.1747,2026-04-23 03:35:10.923
869,2026-04-23 09:02:58.810,UN.ETH.KT-1600.KEV_E_1307_level_Optimum_in_C3R_EO_CALC_OUTPUT,55.7428,2026-04-23 03:35:10.923
870,2026-04-23 09:02:58.810,UN.ETH.KT-1600.KEV_C3_compressor_RPM_Optimum_in_C3R_EO_CALC_OUTPUT,58.3358,2026-04-23 03:35:10.923
871,2026-04-23 09:02:58.810,UN.ETH.KT-1600.KEV_C3R_governer_opening_Optimum_in_C3R_EO_CALC_OUTPUT,56.6938,2026-04-23 03:35:10.923
872,2026-04-23 09:02:58.810,UN.ETH.KT-1600.KEV_E_1308_level_Optimum_in_C3R_EO_CALC_OUTPUT,33.8768,2026-04-23 03:35:10.923
873,2026-04-23 09:02:58.810,UN.ETH.KT-1600.KEV_E_1309_level_Optimum_in_C3R_EO_CALC_OUTPUT,72.4333,2026-04-23 03:35:10.923
874,2026-04-23 09:02:58.810,UN.ETH.KT-1600.KEV_compressor_suction_pressure_Optimum_in_C3R_EO_CALC_OUTPUT,60.9154,2026-04-23 03:35:10.923
875,2026-04-23 09:02:58.810,UN.ETH.KT-1500.KEV_Ethylene_in_Recycle_Ethane_Optimum_in_C2R_EO_CALC_OUTPUT,39.6167,2026-04-23 03:35:10.923
876,2026-04-23 09:02:58.810,UN.ETH.KT-1600.KEV_splitter_control_tray_temperature_Optimum_in_C3R_EO_CALC_OUTPUT,120.2079,2026-04-23 03:35:10.923
877,2026-04-23 09:02:58.810,UN.ETH.KT-1600.KEV_Surface_condenser_level_controller_opening_Optimum_in_C3R_EO_CALC_OUTPUT,79.005,2026-04-23 03:35:10.923
878,2026-04-23 09:02:58.810,UN.ETH.KT-1600.KEV_turbine_Inlet_steam_temp_Optimum_in_C3R_EO_CALC_OUTPUT,161.4454,2026-04-23 03:35:10.923
879,2026-04-23 09:02:58.810,UN.ETH.KT-1600.KEV_turbine_Inlet_steam_pressure_Optimum_in_C3R_EO_CALC_OUTPUT,10.1237,2026-04-23 03:35:10.923
880,2026-04-23 09:02:58.810,UN.ETH.KT-1600.KEV_turbine_Inlet_steam_flow_Optimum_in_C3R_EO_CALC_OUTPUT,13.3535,2026-04-23 03:35:10.923
881,2026-04-23 09:02:58.810,UN.CO2.KM-5070.KEV_ASCV_Opening_Optimum_EO_CALC_OUTPUT,0,2026-04-23 03:35:10.923
882,2026-04-23 09:08:19.423,UN.UO.BO-7104A.KEV_Stack_Temp_Optimum_EO_CALC_OUTPUT,0,2026-04-23 03:40:08.543
883,2026-04-23 09:08:19.423,UN.UO.BO-7104A.KEV_Actual_Steam_Production_Optimum_EO_CALC_OUTPUT,0,2026-04-23 03:40:08.543
884,2026-04-23 09:08:19.423,UN.UO.BO-7104A.KEV_Excess_O2_Optimum_EO_CALC_OUTPUT,0,2026-04-23 03:40:08.543
885,2026-04-23 09:08:19.423,UN.UO.BO-7104B.KEV_Stack_Temp_Optimum_EO_CALC_OUTPUT,0,2026-04-23 03:40:08.543
886,2026-04-23 09:08:19.423,UN.UO.BO-7104B.KEV_Actual_Steam_Production_Optimum_EO_CALC_OUTPUT,0,2026-04-23 03:40:08.543
887,2026-04-23 09:08:19.423,UN.UO.BO-7104B.KEV_Excess_O2_Optimum_EO_CALC_OUTPUT,0,2026-04-23 03:40:08.543
888,2026-04-23 09:08:19.423,UN.UO.BO-7104C.KEV_Stack_Temp_Optimum_EO_CALC_OUTPUT,0,2026-04-23 03:40:08.543
889,2026-04-23 09:08:19.423,UN.UO.BO-7104C.KEV_Actual_Steam_Production_Optimum_EO_CALC_OUTPUT,0,2026-04-23 03:40:08.543
890,2026-04-23 09:08:19.423,UN.UO.BO-7104C.KEV_Excess_O2_Optimum_EO_CALC_OUTPUT,0,2026-04-23 03:40:08.543
891,2026-04-23 09:08:19.423,UN.UO.BO-7104D.KEV_Stack_Temp_Optimum_EO_CALC_OUTPUT,0,2026-04-23 03:40:08.543
892,2026-04-23 09:08:19.423,UN.UO.BO-7104D.KEV_Actual_Steam_Production_Optimum_EO_CALC_OUTPUT,0,2026-04-23 03:40:08.543
893,2026-04-23 09:08:19.423,UN.UO.BO-7104D.KEV_Excess_O2_Optimum_EO_CALC_OUTPUT,0,2026-04-23 03:40:08.543
894,2026-04-23 09:08:19.423,UN.UO.BO-7104E.KEV_Stack_Temp_Optimum_EO_CALC_OUTPUT,257.6503,2026-04-23 03:40:08.543
895,2026-04-23 09:08:19.423,UN.UO.BO-7104E.KEV_Actual_Steam_Production_Optimum_EO_CALC_OUTPUT,0.0154289,2026-04-23 03:40:08.543
896,2026-04-23 09:08:19.423,UN.UO.BO-7104E.KEV_Excess_O2_Optimum_EO_CALC_OUTPUT,38.4504,2026-04-23 03:40:08.543
897,2026-04-23 09:08:19.423,UN.ETH.H-1111.KEV_Stack_Temperature_Optimum_EO_CALC_OUTPUT,0,2026-04-23 03:40:08.543
898,2026-04-23 09:08:19.423,UN.ETH.H-1111.KEV_Stack_Excess_O2_Optimum_EO_CALC_OUTPUT,0,2026-04-23 03:40:08.543
899,2026-04-23 09:08:19.423,UN.ETH.H-1111.KEV_Fuel_Flow_Optimum_EO_CALC_OUTPUT,0,2026-04-23 03:40:08.543
900,2026-04-23 09:08:19.423,UN.ETH.H-1111.KEV_Process_Flow_Rate_Optimum_EO_CALC_OUTPUT,0,2026-04-23 03:40:08.543
901,2026-04-23 09:08:19.423,UN.ETH.H-1112.KEV_Stack_Temperature_Optimum_EO_CALC_OUTPUT,0,2026-04-23 03:40:08.543
902,2026-04-23 09:08:19.423,UN.ETH.H-1112.KEV_Stack_Excess_O2_Optimum_EO_CALC_OUTPUT,0,2026-04-23 03:40:08.543
903,2026-04-23 09:08:19.423,UN.ETH.H-1112.KEV_Fuel_Flow_Optimum_EO_CALC_OUTPUT,0,2026-04-23 03:40:08.543
904,2026-04-23 09:08:19.423,UN.ETH.H-1112.KEV_Process_Flow_Rate_Optimum_EO_CALC_OUTPUT,0,2026-04-23 03:40:08.543
905,2026-04-23 09:08:19.423,UN.ETH.H-1113.KEV_Stack_Temperature_Optimum_EO_CALC_OUTPUT,107.0675,2026-04-23 03:40:08.543
906,2026-04-23 09:08:19.423,UN.ETH.H-1113.KEV_Stack_Excess_O2_Optimum_EO_CALC_OUTPUT,4.8698,2026-04-23 03:40:08.543
907,2026-04-23 09:08:19.423,UN.ETH.H-1113.KEV_Fuel_Flow_Optimum_EO_CALC_OUTPUT,47.0357,2026-04-23 03:40:08.543
908,2026-04-23 09:08:19.423,UN.ETH.H-1113.KEV_Process_Flow_Rate_Optimum_EO_CALC_OUTPUT,296.5463,2026-04-23 03:40:08.543
909,2026-04-23 09:08:19.423,UN.ETH.H-1114.KEV_Stack_Temperature_Optimum_EO_CALC_OUTPUT,281.312,2026-04-23 03:40:08.543
910,2026-04-23 09:08:19.423,UN.ETH.H-1114.KEV_Stack_Excess_O2_Optimum_EO_CALC_OUTPUT,10.9282,2026-04-23 03:40:08.543
911,2026-04-23 09:08:19.423,UN.ETH.H-1114.KEV_Fuel_Flow_Optimum_EO_CALC_OUTPUT,399.6464,2026-04-23 03:40:08.543
912,2026-04-23 09:08:19.423,UN.ETH.H-1114.KEV_Process_Flow_Rate_Optimum_EO_CALC_OUTPUT,265.661,2026-04-23 03:40:08.543
913,2026-04-23 09:08:19.423,UN.ETH.H-1115.KEV_Stack_Temperature_Optimum_EO_CALC_OUTPUT,353.8161,2026-04-23 03:40:08.543
914,2026-04-23 09:08:19.423,UN.ETH.H-1115.KEV_Stack_Excess_O2_Optimum_EO_CALC_OUTPUT,67.5306,2026-04-23 03:40:08.543
915,2026-04-23 09:08:19.423,UN.ETH.H-1115.KEV_Fuel_Flow_Optimum_EO_CALC_OUTPUT,267.9455,2026-04-23 03:40:08.543
916,2026-04-23 09:08:19.423,UN.ETH.H-1115.KEV_Process_Flow_Rate_Optimum_EO_CALC_OUTPUT,449.0452,2026-04-23 03:40:08.543
917,2026-04-23 09:08:19.423,UN.ETH.H-1116.KEV_Stack_Temp.C_Optimum_EO_CALC_OUTPUT,237.317,2026-04-23 03:40:08.543
918,2026-04-23 09:08:19.423,UN.ETH.H-1116.KEV_Stack_Excess_O2%_Optimum_EO_CALC_OUTPUT,71.3258,2026-04-23 03:40:08.543
919,2026-04-23 09:08:19.423,UN.ETH.H-1116.KEV_Fuel_Flow_Optimum_EO_CALC_OUTPUT,261.7994,2026-04-23 03:40:08.543
920,2026-04-23 09:08:19.423,UN.ETH.H-1116.KEV_Process_Flow_Rate_Optimum_EO_CALC_OUTPUT,443.2888,2026-04-23 03:40:08.543
921,2026-04-23 09:08:19.423,UN.ETH.H-1117.KEV_Stack_Temperature_Optimum_EO_CALC_OUTPUT,268.1527,2026-04-23 03:40:08.543
922,2026-04-23 09:08:19.423,UN.ETH.H-1117.KEV_Stack_Excess_O2_Optimum_EO_CALC_OUTPUT,77.3721,2026-04-23 03:40:08.543
923,2026-04-23 09:08:19.423,UN.ETH.H-1117.KEV_Fuel_Flow_Optimum_EO_CALC_OUTPUT,40.7241,2026-04-23 03:40:08.543
924,2026-04-23 09:08:19.423,UN.ETH.H-1117.KEV_Process_Flow_Rate_Optimum_EO_CALC_OUTPUT,505.3811,2026-04-23 03:40:08.543
925,2026-04-23 09:08:19.423,UN.ETH.H-1118.KEV_Stack_Temperature_Optimum_EO_CALC_OUTPUT,483.6837,2026-04-23 03:40:08.543
926,2026-04-23 09:08:19.423,UN.ETH.H-1118.KEV_Stack_Excess_O2_Optimum_EO_CALC_OUTPUT,86.5457,2026-04-23 03:40:08.543
927,2026-04-23 09:08:19.423,UN.ETH.H-1118.KEV_Fuel_Flow_Optimum_EO_CALC_OUTPUT,359.3282,2026-04-23 03:40:08.543
928,2026-04-23 09:08:19.423,UN.ETH.H-1118.KEV_Process_Flow_Rate_Optimum_EO_CALC_OUTPUT,282.3173,2026-04-23 03:40:08.543
929,2026-04-23 09:08:19.423,UN.ETH.H-1119.KEV_Stack_Temperature_Optimum_EO_CALC_OUTPUT,400.7852,2026-04-23 03:40:08.543
930,2026-04-23 09:08:19.423,UN.ETH.H-1119.KEV_Stack_Excess_O2_Optimum_EO_CALC_OUTPUT,73.9431,2026-04-23 03:40:08.543
931,2026-04-23 09:08:19.423,UN.ETH.H-1119.KEV_Fuel_Flow_Optimum_EO_CALC_OUTPUT,16.4548,2026-04-23 03:40:08.543
932,2026-04-23 09:08:19.423,UN.ETH.H-1119.KEV_Process_Flow_Rate_Optimum_EO_CALC_OUTPUT,286.971,2026-04-23 03:40:08.543
933,2026-04-23 09:08:19.423,UN.UO.PT-7103B.KEV_BFW_Steam_Flow_Optimum_EO_CALC_OUTPUT,0,2026-04-23 03:40:08.543
934,2026-04-23 09:08:19.423,UN.UO.PT-7103C.KEV_BFW_Steam_Flow_Optimum_EO_CALC_OUTPUT,0,2026-04-23 03:40:08.543
935,2026-04-23 09:08:19.423,UN.UO.PT-7103E.KEV_BFW_Steam_Flow_Optimum_EO_CALC_OUTPUT,0,2026-04-23 03:40:08.543
936,2026-04-23 09:08:19.423,UN.UO.PT-7102B.KEV_VHP_Discharge_Flow_Optimum_EO_CALC_OUTPUT,0,2026-04-23 03:40:08.543
937,2026-04-23 09:08:19.423,UN.UO.PT-7102B.KEV_VHP_BFW_Steam_Flow_Optimum_EO_CALC_OUTPUT,0,2026-04-23 03:40:08.543
938,2026-04-23 09:08:19.423,UN.UO.PT-7102C.KEV_VHP_Discharge_Flow_Optimum_EO_CALC_OUTPUT,0,2026-04-23 03:40:08.543
939,2026-04-23 09:08:19.423,UN.UO.PT-7102C.KEV_VHP_BFW_Steam_Flow_Optimum_EO_CALC_OUTPUT,0,2026-04-23 03:40:08.543
940,2026-04-23 09:08:19.423,UN.UO.PT-7102A.KEV_VHP_Discharge_Flow_Optimum_EO_CALC_OUTPUT,0,2026-04-23 03:40:08.543
941,2026-04-23 09:08:19.423,UN.UO.PT-7801A.KEV_CW_Pump_steam_Flow_Optimum_EO_CALC_OUTPUT,70.0265,2026-04-23 03:40:08.543
942,2026-04-23 09:08:19.423,UN.UO.PT-7801B.KEV_CW_Pump_steam_Flow_Optimum_EO_CALC_OUTPUT,31.2367,2026-04-23 03:40:08.543
943,2026-04-23 09:08:19.423,UN.UO.PT-7801G.KEV_CW_Pump_steam_Flow_Optimum_EO_CALC_OUTPUT,83.226,2026-04-23 03:40:08.543
944,2026-04-23 09:08:19.423,UN.UO.PK-7201A.KEV_Discharge_Flow_Optimum_EO_CALC_OUTPUT,0,2026-04-23 03:40:08.543
945,2026-04-23 09:08:19.423,UN.UO.PK-7201A.KEV_Turbine_Inlet_Steam_Flow_Optimum_EO_CALC_OUTPUT,0,2026-04-23 03:40:08.543
946,2026-04-23 09:08:19.423,UN.UO.PK-7201D.KEV_Discharge_Flow_Optimum_EO_CALC_OUTPUT,0,2026-04-23 03:40:08.543
947,2026-04-23 09:08:19.423,UN.UO.PK-7201D.KEV_Turbine_Inlet_Steam_Flow_Optimum_EO_CALC_OUTPUT,0,2026-04-23 03:40:08.543
948,2026-04-23 09:08:19.423,UN.UO.PK-7201B.KEV_Discharge_Flow_Optimum_EO_CALC_OUTPUT,0.0948608157,2026-04-23 03:40:08.543
949,2026-04-23 09:08:19.423,UN.UO.PK-7201C.KEV_Discharge_Flow_Optimum_EO_CALC_OUTPUT,0.0248086617,2026-04-23 03:40:08.543
950,2026-04-23 09:08:19.423,UN.EG1.C-2220.KEV_Regenerator_Bottom_Temperature_Optimum_EO_CALC_OUTPUT,232.2943,2026-04-23 03:40:08.543
951,2026-04-23 09:08:19.423,UN.EG1.C-2220.KEV_Total_Steam_To_Regenerator_Optimum_EO_CALC_OUTPUT,170.4615,2026-04-23 03:40:08.543
952,2026-04-23 09:08:19.423,UN.EG1.C-2220.KEV_Fractional_Conversion_Bicarbonate_Optimum_EO_CALC_OUTPUT,93.0385,2026-04-23 03:40:08.543
953,2026-04-23 09:08:19.423,UN.EG1.C-2310.KEV_Stripper_Column_Top_Temperature_Optimum_EO_CALC_OUTPUT,119.4277,2026-04-23 03:40:08.543
954,2026-04-23 09:08:19.423,UN.EG1.C-2310.KEV_Cycle_Water_Bleed_EO_Optimum_EO_CALC_OUTPUT,46.077,2026-04-23 03:40:08.543
955,2026-04-23 09:08:19.423,UN.EG1.C-2310.KEV_Total_Steam_To_Stripping_Column_Optimum_EO_CALC_OUTPUT,363.4328,2026-04-23 03:40:08.543
956,2026-04-23 09:08:19.423,UN.EG1.C-2310.KEV_C2310_Bottom_Pressure_Optimum_EO_CALC_OUTPUT,57.2131,2026-04-23 03:40:08.543
957,2026-04-23 09:08:19.423,UN.EG1.E-2523.KEV_Glycol_Reactor_Inlet_Temperature_Optimum_EO_CALC_OUTPUT,15.0454,2026-04-23 03:40:08.543
958,2026-04-23 09:08:19.423,UN.EG1.E-2523.KEV_Steam_Flow_Optimum_EO_CALC_OUTPUT,150.1672,2026-04-23 03:40:08.543
959,2026-04-23 09:08:19.423,UN.EG1.E-2523.KEV_ReactorOutletLegTempDelta_Optimum_EO_CALC_OUTPUT,118.9496,2026-04-23 03:40:08.543
960,2026-04-23 09:08:19.423,UN.EG1.E-2531.KEV_Recycle_Water_Tank_Meg_Optimum_EO_CALC_OUTPUT,13.8205,2026-04-23 03:40:08.543
961,2026-04-23 09:08:19.423,UN.EG1.E-2531.KEV_Treated_Water_To_1st_Effect_Evaporator_Optimum_EO_CALC_OUTPUT,91.8823,2026-04-23 03:40:08.543
962,2026-04-23 09:08:19.423,UN.EG1.E-2531.KEV_Treated_Water_To_2nd_Effect_Evaporator_Optimum_EO_CALC_OUTPUT,0.926,2026-04-23 03:40:08.543
963,2026-04-23 09:08:19.423,UN.EG1.E-2531.KEV_Treated_Water_To_3rd_Effect_Evaporator_Optimum_EO_CALC_OUTPUT,18.8322,2026-04-23 03:40:08.543
964,2026-04-23 09:08:19.423,UN.EG1.E-2531.KEV_Treated_Water_To_4th_Effect_Evaporator_Optimum_EO_CALC_OUTPUT,3.1284,2026-04-23 03:40:08.543
965,2026-04-23 09:08:19.423,UN.EG1.E-2531.KEV_Treated_Water_To_5th_Effect_Evaporator_Optimum_EO_CALC_OUTPUT,11.0629,2026-04-23 03:40:08.543
966,2026-04-23 09:08:19.423,UN.EG1.E-2531.KEV_5th_Effect_Evaporator_Overhead_Pressure_Controller_Opening_Optimum_EO_CALC_OUTPUT,0,2026-04-23 03:40:08.543
967,2026-04-23 09:08:19.423,UN.EG1.E-2620.KEV_CriticalTrayTemperature_Optimum_EO_CALC_OUTPUT,67.1613,2026-04-23 03:40:08.543
968,2026-04-23 09:08:19.423,UN.EG1.E-2620.KEV_Total_Reboiler_Steam_flow_Actual_EO_CALC_OUTPUT,274.895,2026-04-23 03:40:08.543
969,2026-04-23 09:08:19.423,UN.EG1.E-2620.KEV_Chest_Pressure_Optimum_EO_CALC_OUTPUT,20.0895,2026-04-23 03:40:08.543
970,2026-04-23 09:08:19.423,UN.EG1.E-2610.KEV_CriticalTrayTemperature_Optimum_EO_CALC_OUTPUT,89.5635,2026-04-23 03:40:08.543
971,2026-04-23 09:08:19.423,UN.EG1.E-2610.KEV_Reboiler_Steam_flow_Optimum_EO_CALC_OUTPUT,312.7036,2026-04-23 03:40:08.543
972,2026-04-23 09:08:19.423,UN.EG1.E-2610.KEV_Chest_Pressure_Optimum_EO_CALC_OUTPUT,45.9678,2026-04-23 03:40:08.543
973,2026-04-23 09:08:19.423,UN.EG2.C-4220.KEV_Regenerator_Bottom_Temperature_Optimum_EO_CALC_OUTPUT,336.0782,2026-04-23 03:40:08.543
974,2026-04-23 09:08:19.423,UN.EG2.C-4220.KEV_Fractional_Conversion_Bicarbonate_Optimum_EO_CALC_OUTPUT,84.9435,2026-04-23 03:40:08.543
975,2026-04-23 09:08:19.423,UN.EG2.C-4310.KEV_Stripper_Column_Top_Temperature_Optimum_EO_CALC_OUTPUT,101.8966,2026-04-23 03:40:08.543
976,2026-04-23 09:08:19.423,UN.EG2.C-4310.KEV_Cycle_Water_Bleed_EO_Optimum_EO_CALC_OUTPUT,85.3369,2026-04-23 03:40:08.543
977,2026-04-23 09:08:19.423,UN.EG2.C-4310.KEV_Total_Steam_To_Stripping_Column_Optimum_EO_CALC_OUTPUT,633.2069,2026-04-23 03:40:08.543
978,2026-04-23 09:08:19.423,UN.EG2.C-4310.KEV_C2310_Bottom_Pressure_Optimum_EO_CALC_OUTPUT,49.9104,2026-04-23 03:40:08.543
979,2026-04-23 09:08:19.423,UN.EG2.E-4523.KEV_Glycol_Reactor_Inlet_Optimum_EO_CALC_OUTPUT,16.2743,2026-04-23 03:40:08.543
980,2026-04-23 09:08:19.423,UN.EG2.E-4523.KEV_Steam_Flow_Optimum_EO_CALC_OUTPUT,105.0864,2026-04-23 03:40:08.543
981,2026-04-23 09:08:19.423,UN.EG2.E-4523.KEV_Reactor_Outlet_Leg_Temperature_Delta_Optimum_EO_CALC_OUTPUT,409.175,2026-04-23 03:40:08.543
982,2026-04-23 09:08:19.423,UN.EG2.E-4531.KEV_Recycle_Water_Tank_MEG_Optimum_EO_CALC_OUTPUT,85.5492,2026-04-23 03:40:08.543
983,2026-04-23 09:08:19.423,UN.EG2.E-4531.KEV_Treated_Water_To_1st_Effect_Evaporator_Optimum_EO_CALC_OUTPUT,25.4263,2026-04-23 03:40:08.543
984,2026-04-23 09:08:19.423,UN.EG2.E-4531.KEV_Treated_Water_To_2nd_Effect_Evaporator_Optimum_EO_CALC_OUTPUT,91.8794,2026-04-23 03:40:08.543
985,2026-04-23 09:08:19.423,UN.EG2.E-4531.KEV_Treated_Water_To_3rd_Effect_Evaporator_Optimum_EO_CALC_OUTPUT,45.4457,2026-04-23 03:40:08.543
986,2026-04-23 09:08:19.423,UN.EG2.E-4531.KEV_Treated_Water_To_4th_Effect_Evaporator_Optimum_EO_CALC_OUTPUT,60.3424,2026-04-23 03:40:08.543
987,2026-04-23 09:08:19.423,UN.EG2.E-4531.KEV_Treated_Water_To_5th_Effect_Evaporator_Optimum_EO_CALC_OUTPUT,98.465,2026-04-23 03:40:08.543
988,2026-04-23 09:08:19.423,UN.EG2.E-4531.KEV_5th_Effect_Evaporator_Overhead_Pressure_Controller_Opening_Optimum_EO_CALC_OUTPUT,0,2026-04-23 03:40:08.543
989,2026-04-23 09:08:19.423,UN.EG2.E-4620.KEV_Critical_Tray_Temperature_Optimum_EO_CALC_OUTPUT,85.2781,2026-04-23 03:40:08.543
990,2026-04-23 09:08:19.423,UN.EG2.E-4620.KEV_Total_Reboiler_Steam_flow_Actual_EO_CALC_OUTPUT,290.2428,2026-04-23 03:40:08.543
991,2026-04-23 09:08:19.423,UN.EG2.E-4620.KEV_Chest_Pressure_Optimum_EO_CALC_OUTPUT,65.2396,2026-04-23 03:40:08.543
992,2026-04-23 09:08:19.423,UN.EG2.E-4610.KEV_Critical_Tray_Temperature_Optimum_EO_CALC_OUTPUT,23.7658,2026-04-23 03:40:08.543
993,2026-04-23 09:08:19.423,UN.EG2.E-4610.KEV_Reboiler_Steam_Flow_Optimum_EO_CALC_OUTPUT,57.1806,2026-04-23 03:40:08.543
994,2026-04-23 09:08:19.423,UN.EG2.E-4610.KEV_Chest_Pressure_Optimum_EO_CALC_OUTPUT,26.1535,2026-04-23 03:40:08.543
995,2026-04-23 09:08:19.423,UN.EG3.C-6220.KEV_Regenerator_Bottom_Temperature_Optimum_EO_CALC_OUTPUT,419.6854,2026-04-23 03:40:08.543
996,2026-04-23 09:08:19.423,UN.EG3.C-6220.KEV_Total_Steam_to_Regenerator_Optimum_EO_CALC_OUTPUT,449.6372,2026-04-23 03:40:08.543
997,2026-04-23 09:08:19.423,UN.EG3.C-6220.KEV_Fractional_Conversion_Bicarbonate_Optimum_EO_CALC_OUTPUT,60.0734,2026-04-23 03:40:08.543
998,2026-04-23 09:08:19.423,UN.EG3.E-6531.KEV_Recycle_Water_Tank_MEG_Optimum_EO_CALC_OUTPUT,21.6356,2026-04-23 03:40:08.543
999,2026-04-23 09:08:19.423,UN.EG3.E-6531.KEV_Treated_Water_To_1st_Effect_Evaporator_Optimum_EO_CALC_OUTPUT,41.4026,2026-04-23 03:40:08.543
1000,2026-04-23 09:08:19.423,UN.EG3.E-6531.KEV_Treated_Water_To_2nd_Effect_Evaporator_Optimum_EO_CALC_OUTPUT,31.7636,2026-04-23 03:40:08.543
1001,2026-04-23 09:08:19.423,UN.EG3.E-6531.KEV_Treated_Water_To_3rd_Effect_Evaporator_Optimum_EO_CALC_OUTPUT,7.8108,2026-04-23 03:40:08.543
1002,2026-04-23 09:08:19.423,UN.EG3.E-6531.KEV_Treated_Water_To_4th_Effect_Evaporator_Optimum_EO_CALC_OUTPUT,2.9835,2026-04-23 03:40:08.543
1003,2026-04-23 09:08:19.423,UN.EG3.E-6531.KEV_Treated_Water_To_5th_Effect_Evaporator_Optimum_EO_CALC_OUTPUT,34.6479,2026-04-23 03:40:08.543
1004,2026-04-23 09:08:19.423,UN.EG3.E-6531.KEV_Treated_Water_To_6th_Effect_Evaporator_Optimum_EO_CALC_OUTPUT,1.9034,2026-04-23 03:40:08.543
1005,2026-04-23 09:08:19.423,UN.EG3.E-6531.KEV_Treated_Water_To_7th_Effect_Evaporator_Optimum_EO_CALC_OUTPUT,16.5488,2026-04-23 03:40:08.543
1006,2026-04-23 09:08:19.423,UN.EG3.E-6531.KEV_7th_Effect_Evaporator_Overhead_Pressure_Controller_Opening_Optimum_EO_CALC_OUTPUT,0,2026-04-23 03:40:08.543
1007,2026-04-23 09:08:19.423,UN.EG3.E-6220.KEV_Critical_Tray_Temperature_Optimum_EO_CALC_OUTPUT,34.8031,2026-04-23 03:40:08.543
1008,2026-04-23 09:08:19.423,UN.EG3.E-6220.KEV_Total_Reboiler_Steam_Flow_Actual_EO_CALC_OUTPUT,260.7171,2026-04-23 03:40:08.543
1009,2026-04-23 09:08:19.423,UN.EG3.E-6220.KEV_Chest_Pressure_Optimum_EO_CALC_OUTPUT,56.9392,2026-04-23 03:40:08.543
1010,2026-04-23 09:08:19.423,UN.ETH.K-1200.KEV_Discharge_Pressure_5Stage_Optimum_EO_CALC_OUTPUT,47.9126,2026-04-23 03:40:08.543
1011,2026-04-23 09:08:19.423,UN.ETH.K-1200.KEV_Turbine_exhaust_pressure_Optimum_EO_CALC_OUTPUT,10.9561,2026-04-23 03:40:08.543
1012,2026-04-23 09:08:19.423,UN.ETH.K-1200.KEV_CGC_tubrine_inlet_VHP_steam_temp_Optimum_EO_CALC_OUTPUT,275.5514,2026-04-23 03:40:08.543
1013,2026-04-23 09:08:19.423,UN.ETH.K-1200.KEV_Quench_overhead_temp_Optimum_EO_CALC_OUTPUT,157.4875,2026-04-23 03:40:08.543
1014,2026-04-23 09:08:19.423,UN.ETH.K-1200.KEV_VHP_letdown_controller_opening_Optimum_EO_CALC_OUTPUT,69.3095,2026-04-23 03:40:08.543
1015,2026-04-23 09:08:19.423,UN.ETH.E-1102.KEV_Chest_Pressure_Optimum_EO_CALC_OUTPUT,32.4856,2026-04-23 03:40:08.543
1016,2026-04-23 09:08:19.423,UN.CO2.KM-5020.KEV_Process_flow_Optimum_EO_CALC_OUTPUT,70.0123,2026-04-23 03:40:08.543
1017,2026-04-23 09:08:19.423,UN.CO2.KM-5020.KEV_Temperature_Ratio_Optimum_EO_CALC_OUTPUT,0.774266326368185,2026-04-23 03:40:08.543
1018,2026-04-23 09:08:19.423,UN.CO2.KM-5020.KEV_Pressure_Ratio_Optimum_EO_CALC_OUTPUT,61.1371994342291,2026-04-23 03:40:08.543
1019,2026-04-23 09:08:19.423,UN.CO2.KM-5070.KEV_K_5071_Discharge_Flow_Optimum_EO_CALC_OUTPUT,163.5354,2026-04-23 03:40:08.543
1020,2026-04-23 09:08:19.423,UN.CO2.KM-5070.KEV_CO2_Sale_Current_Flow_Optimum_EO_CALC_OUTPUT,49.0821,2026-04-23 03:40:08.543
1021,2026-04-23 09:08:19.423,UN.UO.V-7101A.KEV_BFW_Flow_Optimum_EO_CALC_OUTPUT,108.6719,2026-04-23 03:40:08.543
1022,2026-04-23 09:08:19.423,UN.UO.V-7101A.KEV_BFW_Outlet_temperature_Optimum_EO_CALC_OUTPUT,348.1431,2026-04-23 03:40:08.543
1023,2026-04-23 09:08:19.423,UN.UO.V-7101B.KEV_BFW_Flow_Optimum_EO_CALC_OUTPUT,299.9819,2026-04-23 03:40:08.543
1024,2026-04-23 09:08:19.423,UN.UO.V-7101B.KEV_BFW_Outlet_temperature_Optimum_EO_CALC_OUTPUT,280.1544,2026-04-23 03:40:08.543
1025,2026-04-23 09:08:19.423,UN.LAO.H-3831.KEV_Feed_Flow_Optimum_EO_CALC_OUTPUT,371.3469,2026-04-23 03:40:08.543
1026,2026-04-23 09:08:19.423,UN.LAO.H-3831.KEV_Feed_temp_Optimum_EO_CALC_OUTPUT,223.014,2026-04-23 03:40:08.543
1027,2026-04-23 09:08:19.423,UN.LAO.H-3831.KEV_Stack_O2_Optimum_EO_CALC_OUTPUT,47.7506,2026-04-23 03:40:08.543
1028,2026-04-23 09:08:19.423,UN.EG1.KM-2115.Recycle_Compressor_Efficiency_Optimum_EO_CALC_OUTPUT,0,2026-04-23 03:40:08.543
1029,2026-04-23 09:08:19.423,UN.EG2.KM-4115.Recycle_Compressor_Efficiency_Optimum_EO_CALC_OUTPUT,0,2026-04-23 03:40:08.543
1030,2026-04-23 09:08:19.423,UN.EG3.KM-6115.Recycle_Compressor_Efficiency_Optimum_EO_CALC_OUTPUT,0,2026-04-23 03:40:08.543
1031,2026-04-23 09:08:19.423,UN.ETH.KT-1500.KEV_Splitter_top_analyzer_C2H6_Optimum_in_C2R_EO_CALC_OUTPUT,53.62,2026-04-23 03:40:08.543
1032,2026-04-23 09:08:19.423,UN.ETH.KT-1500.KEV_Splitter_reflux_controller_opening_Optimum_in_C2R_EO_CALC_OUTPUT,62.1792,2026-04-23 03:40:08.543
1033,2026-04-23 09:08:19.423,UN.ETH.KT-1500.KEV_Splitter_control_tray_temperature_controller_opening_Optimum_in_C2R_EO_CALC_OUTPUT,209.2749,2026-04-23 03:40:08.543
1034,2026-04-23 09:08:19.423,UN.ETH.KT-1500.KEV_Ethylene_surge_drum_vent_to_CGC_5Th_stage_controller_opening_Optimum_in_C2R_EO_CALC_OUTPUT,59.4568,2026-04-23 03:40:08.543
1035,2026-04-23 09:08:19.423,UN.ETH.KT-1500.KEV_Compressor_RPM_Optimum_in_C2R_EO_CALC_OUTPUT,24.2857,2026-04-23 03:40:08.543
1036,2026-04-23 09:08:19.423,UN.ETH.KT-1500.KEV_Governor_Valve_Opening_Optimum_in_C2R_EO_CALC_OUTPUT,1.8161,2026-04-23 03:40:08.543
1037,2026-04-23 09:08:19.423,UN.ETH.KT-1500.KEV_Level_in_E-1310_Optimum_in_C2R_EO_CALC_OUTPUT,35.2199,2026-04-23 03:40:08.543
1038,2026-04-23 09:08:19.423,UN.ETH.KT-1500.KEV_Suction_Pressure_Optimum_in_C2R_EO_CALC_OUTPUT,49.2508,2026-04-23 03:40:08.543
1039,2026-04-23 09:08:19.423,UN.ETH.KT-1500.KEV_Inlet_Steam_Temperature_Optimum_in_C2R_EO_CALC_OUTPUT,468.3882,2026-04-23 03:40:08.543
1040,2026-04-23 09:08:19.423,UN.ETH.KT-1500.KEV_Inlet_Steam_Pressure_Optimum_in_C2R_EO_CALC_OUTPUT,14.077,2026-04-23 03:40:08.543
1041,2026-04-23 09:08:19.423,UN.ETH.KT-1500.KEV_Inlet_Steam_Flow_Optimum_in_C2R_EO_CALC_OUTPUT,117.4644,2026-04-23 03:40:08.543
1042,2026-04-23 09:08:19.423,UN.ETH.KT-1500.KEV_Ethylene_in_tail_gas_Optimum_in_C2R_EO_CALC_OUTPUT,55.3541,2026-04-23 03:40:08.543
1043,2026-04-23 09:08:19.423,UN.ETH.KT-1500.KEV_Fuel_gas_drum_pressure_Optimum_in_C2R_EO_CALC_OUTPUT,53.4261,2026-04-23 03:40:08.543
1044,2026-04-23 09:08:19.423,UN.ETH.KT-1600.KEV_E_1402_level_Optimum_in_C3R_EO_CALC_OUTPUT,70.1747,2026-04-23 03:40:08.543
1045,2026-04-23 09:08:19.423,UN.ETH.KT-1600.KEV_E_1307_level_Optimum_in_C3R_EO_CALC_OUTPUT,55.7428,2026-04-23 03:40:08.543
1046,2026-04-23 09:08:19.423,UN.ETH.KT-1600.KEV_C3_compressor_RPM_Optimum_in_C3R_EO_CALC_OUTPUT,58.3358,2026-04-23 03:40:08.543
1047,2026-04-23 09:08:19.423,UN.ETH.KT-1600.KEV_C3R_governer_opening_Optimum_in_C3R_EO_CALC_OUTPUT,56.6938,2026-04-23 03:40:08.543
1048,2026-04-23 09:08:19.423,UN.ETH.KT-1600.KEV_E_1308_level_Optimum_in_C3R_EO_CALC_OUTPUT,33.8768,2026-04-23 03:40:08.543
1049,2026-04-23 09:08:19.423,UN.ETH.KT-1600.KEV_E_1309_level_Optimum_in_C3R_EO_CALC_OUTPUT,72.4333,2026-04-23 03:40:08.543
1050,2026-04-23 09:08:19.423,UN.ETH.KT-1600.KEV_compressor_suction_pressure_Optimum_in_C3R_EO_CALC_OUTPUT,60.9154,2026-04-23 03:40:08.543
1051,2026-04-23 09:08:19.423,UN.ETH.KT-1500.KEV_Ethylene_in_Recycle_Ethane_Optimum_in_C2R_EO_CALC_OUTPUT,39.6167,2026-04-23 03:40:08.543
1052,2026-04-23 09:08:19.423,UN.ETH.KT-1600.KEV_splitter_control_tray_temperature_Optimum_in_C3R_EO_CALC_OUTPUT,120.2079,2026-04-23 03:40:08.543
1053,2026-04-23 09:08:19.423,UN.ETH.KT-1600.KEV_Surface_condenser_level_controller_opening_Optimum_in_C3R_EO_CALC_OUTPUT,79.005,2026-04-23 03:40:08.543
1054,2026-04-23 09:08:19.423,UN.ETH.KT-1600.KEV_turbine_Inlet_steam_temp_Optimum_in_C3R_EO_CALC_OUTPUT,161.4454,2026-04-23 03:40:08.543
1055,2026-04-23 09:08:19.423,UN.ETH.KT-1600.KEV_turbine_Inlet_steam_pressure_Optimum_in_C3R_EO_CALC_OUTPUT,10.1237,2026-04-23 03:40:08.543
1056,2026-04-23 09:08:19.423,UN.ETH.KT-1600.KEV_turbine_Inlet_steam_flow_Optimum_in_C3R_EO_CALC_OUTPUT,13.3535,2026-04-23 03:40:08.543
1057,2026-04-23 09:08:19.423,UN.CO2.KM-5070.KEV_ASCV_Opening_Optimum_EO_CALC_OUTPUT,0,2026-04-23 03:40:08.543
1058,2026-04-23 09:10:18.097,UN.UO.BO-7104A.KEV_Stack_Temp_Optimum_EO_CALC_OUTPUT,0,2026-04-23 03:42:20.483
1059,2026-04-23 09:10:18.097,UN.UO.BO-7104A.KEV_Actual_Steam_Production_Optimum_EO_CALC_OUTPUT,0,2026-04-23 03:42:20.483
1060,2026-04-23 09:10:18.097,UN.UO.BO-7104A.KEV_Excess_O2_Optimum_EO_CALC_OUTPUT,0,2026-04-23 03:42:20.483
1061,2026-04-23 09:10:18.097,UN.UO.BO-7104B.KEV_Stack_Temp_Optimum_EO_CALC_OUTPUT,0,2026-04-23 03:42:20.483
1062,2026-04-23 09:10:18.097,UN.UO.BO-7104B.KEV_Actual_Steam_Production_Optimum_EO_CALC_OUTPUT,0,2026-04-23 03:42:20.483
1063,2026-04-23 09:10:18.097,UN.UO.BO-7104B.KEV_Excess_O2_Optimum_EO_CALC_OUTPUT,0,2026-04-23 03:42:20.483
1064,2026-04-23 09:10:18.097,UN.UO.BO-7104C.KEV_Stack_Temp_Optimum_EO_CALC_OUTPUT,0,2026-04-23 03:42:20.483
1065,2026-04-23 09:10:18.097,UN.UO.BO-7104C.KEV_Actual_Steam_Production_Optimum_EO_CALC_OUTPUT,0,2026-04-23 03:42:20.483
1066,2026-04-23 09:10:18.097,UN.UO.BO-7104C.KEV_Excess_O2_Optimum_EO_CALC_OUTPUT,0,2026-04-23 03:42:20.483
1067,2026-04-23 09:10:18.097,UN.UO.BO-7104D.KEV_Stack_Temp_Optimum_EO_CALC_OUTPUT,0,2026-04-23 03:42:20.483
1068,2026-04-23 09:10:18.097,UN.UO.BO-7104D.KEV_Actual_Steam_Production_Optimum_EO_CALC_OUTPUT,0,2026-04-23 03:42:20.483
1069,2026-04-23 09:10:18.097,UN.UO.BO-7104D.KEV_Excess_O2_Optimum_EO_CALC_OUTPUT,0,2026-04-23 03:42:20.483
1070,2026-04-23 09:10:18.097,UN.UO.BO-7104E.KEV_Stack_Temp_Optimum_EO_CALC_OUTPUT,257.6503,2026-04-23 03:42:20.483
1071,2026-04-23 09:10:18.097,UN.UO.BO-7104E.KEV_Actual_Steam_Production_Optimum_EO_CALC_OUTPUT,0.0154289,2026-04-23 03:42:20.483
1072,2026-04-23 09:10:18.097,UN.UO.BO-7104E.KEV_Excess_O2_Optimum_EO_CALC_OUTPUT,38.4504,2026-04-23 03:42:20.483
1073,2026-04-23 09:10:18.097,UN.ETH.H-1111.KEV_Stack_Temperature_Optimum_EO_CALC_OUTPUT,0,2026-04-23 03:42:20.483
1074,2026-04-23 09:10:18.097,UN.ETH.H-1111.KEV_Stack_Excess_O2_Optimum_EO_CALC_OUTPUT,0,2026-04-23 03:42:20.483
1075,2026-04-23 09:10:18.097,UN.ETH.H-1111.KEV_Fuel_Flow_Optimum_EO_CALC_OUTPUT,0,2026-04-23 03:42:20.483
1076,2026-04-23 09:10:18.097,UN.ETH.H-1111.KEV_Process_Flow_Rate_Optimum_EO_CALC_OUTPUT,0,2026-04-23 03:42:20.483
1077,2026-04-23 09:10:18.097,UN.ETH.H-1112.KEV_Stack_Temperature_Optimum_EO_CALC_OUTPUT,0,2026-04-23 03:42:20.483
1078,2026-04-23 09:10:18.097,UN.ETH.H-1112.KEV_Stack_Excess_O2_Optimum_EO_CALC_OUTPUT,0,2026-04-23 03:42:20.483
1079,2026-04-23 09:10:18.097,UN.ETH.H-1112.KEV_Fuel_Flow_Optimum_EO_CALC_OUTPUT,0,2026-04-23 03:42:20.483
1080,2026-04-23 09:10:18.097,UN.ETH.H-1112.KEV_Process_Flow_Rate_Optimum_EO_CALC_OUTPUT,0,2026-04-23 03:42:20.483
1081,2026-04-23 09:10:18.097,UN.ETH.H-1113.KEV_Stack_Temperature_Optimum_EO_CALC_OUTPUT,107.0675,2026-04-23 03:42:20.483
1082,2026-04-23 09:10:18.097,UN.ETH.H-1113.KEV_Stack_Excess_O2_Optimum_EO_CALC_OUTPUT,4.8698,2026-04-23 03:42:20.483
1083,2026-04-23 09:10:18.097,UN.ETH.H-1113.KEV_Fuel_Flow_Optimum_EO_CALC_OUTPUT,47.0357,2026-04-23 03:42:20.483
1084,2026-04-23 09:10:18.097,UN.ETH.H-1113.KEV_Process_Flow_Rate_Optimum_EO_CALC_OUTPUT,296.5463,2026-04-23 03:42:20.483
1085,2026-04-23 09:10:18.097,UN.ETH.H-1114.KEV_Stack_Temperature_Optimum_EO_CALC_OUTPUT,281.312,2026-04-23 03:42:20.483
1086,2026-04-23 09:10:18.097,UN.ETH.H-1114.KEV_Stack_Excess_O2_Optimum_EO_CALC_OUTPUT,10.9282,2026-04-23 03:42:20.483
1087,2026-04-23 09:10:18.097,UN.ETH.H-1114.KEV_Fuel_Flow_Optimum_EO_CALC_OUTPUT,399.6464,2026-04-23 03:42:20.483
1088,2026-04-23 09:10:18.097,UN.ETH.H-1114.KEV_Process_Flow_Rate_Optimum_EO_CALC_OUTPUT,265.661,2026-04-23 03:42:20.483
1089,2026-04-23 09:10:18.097,UN.ETH.H-1115.KEV_Stack_Temperature_Optimum_EO_CALC_OUTPUT,353.8161,2026-04-23 03:42:20.483
1090,2026-04-23 09:10:18.097,UN.ETH.H-1115.KEV_Stack_Excess_O2_Optimum_EO_CALC_OUTPUT,67.5306,2026-04-23 03:42:20.483
1091,2026-04-23 09:10:18.097,UN.ETH.H-1115.KEV_Fuel_Flow_Optimum_EO_CALC_OUTPUT,267.9455,2026-04-23 03:42:20.483
1092,2026-04-23 09:10:18.097,UN.ETH.H-1115.KEV_Process_Flow_Rate_Optimum_EO_CALC_OUTPUT,449.0452,2026-04-23 03:42:20.483
1093,2026-04-23 09:10:18.097,UN.ETH.H-1116.KEV_Stack_Temp.C_Optimum_EO_CALC_OUTPUT,237.317,2026-04-23 03:42:20.483
1094,2026-04-23 09:10:18.097,UN.ETH.H-1116.KEV_Stack_Excess_O2%_Optimum_EO_CALC_OUTPUT,71.3258,2026-04-23 03:42:20.483
1095,2026-04-23 09:10:18.097,UN.ETH.H-1116.KEV_Fuel_Flow_Optimum_EO_CALC_OUTPUT,261.7994,2026-04-23 03:42:20.483
1096,2026-04-23 09:10:18.097,UN.ETH.H-1116.KEV_Process_Flow_Rate_Optimum_EO_CALC_OUTPUT,443.2888,2026-04-23 03:42:20.483
1097,2026-04-23 09:10:18.097,UN.ETH.H-1117.KEV_Stack_Temperature_Optimum_EO_CALC_OUTPUT,268.1527,2026-04-23 03:42:20.483
1098,2026-04-23 09:10:18.097,UN.ETH.H-1117.KEV_Stack_Excess_O2_Optimum_EO_CALC_OUTPUT,77.3721,2026-04-23 03:42:20.483
1099,2026-04-23 09:10:18.097,UN.ETH.H-1117.KEV_Fuel_Flow_Optimum_EO_CALC_OUTPUT,40.7241,2026-04-23 03:42:20.483
1100,2026-04-23 09:10:18.097,UN.ETH.H-1117.KEV_Process_Flow_Rate_Optimum_EO_CALC_OUTPUT,505.3811,2026-04-23 03:42:20.483
1101,2026-04-23 09:10:18.097,UN.ETH.H-1118.KEV_Stack_Temperature_Optimum_EO_CALC_OUTPUT,483.6837,2026-04-23 03:42:20.483
1102,2026-04-23 09:10:18.097,UN.ETH.H-1118.KEV_Stack_Excess_O2_Optimum_EO_CALC_OUTPUT,86.5457,2026-04-23 03:42:20.483
1103,2026-04-23 09:10:18.097,UN.ETH.H-1118.KEV_Fuel_Flow_Optimum_EO_CALC_OUTPUT,359.3282,2026-04-23 03:42:20.483
1104,2026-04-23 09:10:18.097,UN.ETH.H-1118.KEV_Process_Flow_Rate_Optimum_EO_CALC_OUTPUT,282.3173,2026-04-23 03:42:20.483
1105,2026-04-23 09:10:18.097,UN.ETH.H-1119.KEV_Stack_Temperature_Optimum_EO_CALC_OUTPUT,400.7852,2026-04-23 03:42:20.483
1106,2026-04-23 09:10:18.097,UN.ETH.H-1119.KEV_Stack_Excess_O2_Optimum_EO_CALC_OUTPUT,73.9431,2026-04-23 03:42:20.483
1107,2026-04-23 09:10:18.097,UN.ETH.H-1119.KEV_Fuel_Flow_Optimum_EO_CALC_OUTPUT,16.4548,2026-04-23 03:42:20.483
1108,2026-04-23 09:10:18.097,UN.ETH.H-1119.KEV_Process_Flow_Rate_Optimum_EO_CALC_OUTPUT,286.971,2026-04-23 03:42:20.483
1109,2026-04-23 09:10:18.097,UN.UO.PT-7103B.KEV_BFW_Steam_Flow_Optimum_EO_CALC_OUTPUT,0,2026-04-23 03:42:20.483
1110,2026-04-23 09:10:18.097,UN.UO.PT-7103C.KEV_BFW_Steam_Flow_Optimum_EO_CALC_OUTPUT,0,2026-04-23 03:42:20.483
1111,2026-04-23 09:10:18.097,UN.UO.PT-7103E.KEV_BFW_Steam_Flow_Optimum_EO_CALC_OUTPUT,0,2026-04-23 03:42:20.483
1112,2026-04-23 09:10:18.097,UN.UO.PT-7102B.KEV_VHP_Discharge_Flow_Optimum_EO_CALC_OUTPUT,0,2026-04-23 03:42:20.483
1113,2026-04-23 09:10:18.097,UN.UO.PT-7102B.KEV_VHP_BFW_Steam_Flow_Optimum_EO_CALC_OUTPUT,0,2026-04-23 03:42:20.483
1114,2026-04-23 09:10:18.097,UN.UO.PT-7102C.KEV_VHP_Discharge_Flow_Optimum_EO_CALC_OUTPUT,0,2026-04-23 03:42:20.483
1115,2026-04-23 09:10:18.097,UN.UO.PT-7102C.KEV_VHP_BFW_Steam_Flow_Optimum_EO_CALC_OUTPUT,0,2026-04-23 03:42:20.483
1116,2026-04-23 09:10:18.097,UN.UO.PT-7102A.KEV_VHP_Discharge_Flow_Optimum_EO_CALC_OUTPUT,0,2026-04-23 03:42:20.483
1117,2026-04-23 09:10:18.097,UN.UO.PT-7801A.KEV_CW_Pump_steam_Flow_Optimum_EO_CALC_OUTPUT,70.0265,2026-04-23 03:42:20.483
1118,2026-04-23 09:10:18.097,UN.UO.PT-7801B.KEV_CW_Pump_steam_Flow_Optimum_EO_CALC_OUTPUT,31.2367,2026-04-23 03:42:20.483
1119,2026-04-23 09:10:18.097,UN.UO.PT-7801G.KEV_CW_Pump_steam_Flow_Optimum_EO_CALC_OUTPUT,83.226,2026-04-23 03:42:20.483
1120,2026-04-23 09:10:18.097,UN.UO.PK-7201A.KEV_Discharge_Flow_Optimum_EO_CALC_OUTPUT,0,2026-04-23 03:42:20.483
1121,2026-04-23 09:10:18.097,UN.UO.PK-7201A.KEV_Turbine_Inlet_Steam_Flow_Optimum_EO_CALC_OUTPUT,0,2026-04-23 03:42:20.483
1122,2026-04-23 09:10:18.097,UN.UO.PK-7201D.KEV_Discharge_Flow_Optimum_EO_CALC_OUTPUT,0,2026-04-23 03:42:20.483
1123,2026-04-23 09:10:18.097,UN.UO.PK-7201D.KEV_Turbine_Inlet_Steam_Flow_Optimum_EO_CALC_OUTPUT,0,2026-04-23 03:42:20.483
1124,2026-04-23 09:10:18.097,UN.UO.PK-7201B.KEV_Discharge_Flow_Optimum_EO_CALC_OUTPUT,0.0948608157,2026-04-23 03:42:20.483
1125,2026-04-23 09:10:18.097,UN.UO.PK-7201C.KEV_Discharge_Flow_Optimum_EO_CALC_OUTPUT,0.0248086617,2026-04-23 03:42:20.483
1126,2026-04-23 09:10:18.097,UN.EG1.C-2220.KEV_Regenerator_Bottom_Temperature_Optimum_EO_CALC_OUTPUT,232.2943,2026-04-23 03:42:20.483
1127,2026-04-23 09:10:18.097,UN.EG1.C-2220.KEV_Total_Steam_To_Regenerator_Optimum_EO_CALC_OUTPUT,170.4615,2026-04-23 03:42:20.483
1128,2026-04-23 09:10:18.097,UN.EG1.C-2220.KEV_Fractional_Conversion_Bicarbonate_Optimum_EO_CALC_OUTPUT,93.0385,2026-04-23 03:42:20.483
1129,2026-04-23 09:10:18.097,UN.EG1.C-2310.KEV_Stripper_Column_Top_Temperature_Optimum_EO_CALC_OUTPUT,119.4277,2026-04-23 03:42:20.483
1130,2026-04-23 09:10:18.097,UN.EG1.C-2310.KEV_Cycle_Water_Bleed_EO_Optimum_EO_CALC_OUTPUT,46.077,2026-04-23 03:42:20.483
1131,2026-04-23 09:10:18.097,UN.EG1.C-2310.KEV_Total_Steam_To_Stripping_Column_Optimum_EO_CALC_OUTPUT,363.4328,2026-04-23 03:42:20.483
1132,2026-04-23 09:10:18.097,UN.EG1.C-2310.KEV_C2310_Bottom_Pressure_Optimum_EO_CALC_OUTPUT,57.2131,2026-04-23 03:42:20.483
1133,2026-04-23 09:10:18.097,UN.EG1.E-2523.KEV_Glycol_Reactor_Inlet_Temperature_Optimum_EO_CALC_OUTPUT,15.0454,2026-04-23 03:42:20.483
1134,2026-04-23 09:10:18.097,UN.EG1.E-2523.KEV_Steam_Flow_Optimum_EO_CALC_OUTPUT,150.1672,2026-04-23 03:42:20.483
1135,2026-04-23 09:10:18.097,UN.EG1.E-2523.KEV_ReactorOutletLegTempDelta_Optimum_EO_CALC_OUTPUT,118.9496,2026-04-23 03:42:20.483
1136,2026-04-23 09:10:18.097,UN.EG1.E-2531.KEV_Recycle_Water_Tank_Meg_Optimum_EO_CALC_OUTPUT,13.8205,2026-04-23 03:42:20.483
1137,2026-04-23 09:10:18.097,UN.EG1.E-2531.KEV_Treated_Water_To_1st_Effect_Evaporator_Optimum_EO_CALC_OUTPUT,91.8823,2026-04-23 03:42:20.483
1138,2026-04-23 09:10:18.097,UN.EG1.E-2531.KEV_Treated_Water_To_2nd_Effect_Evaporator_Optimum_EO_CALC_OUTPUT,0.926,2026-04-23 03:42:20.483
1139,2026-04-23 09:10:18.097,UN.EG1.E-2531.KEV_Treated_Water_To_3rd_Effect_Evaporator_Optimum_EO_CALC_OUTPUT,18.8322,2026-04-23 03:42:20.483
1140,2026-04-23 09:10:18.097,UN.EG1.E-2531.KEV_Treated_Water_To_4th_Effect_Evaporator_Optimum_EO_CALC_OUTPUT,3.1284,2026-04-23 03:42:20.483
1141,2026-04-23 09:10:18.097,UN.EG1.E-2531.KEV_Treated_Water_To_5th_Effect_Evaporator_Optimum_EO_CALC_OUTPUT,11.0629,2026-04-23 03:42:20.483
1142,2026-04-23 09:10:18.097,UN.EG1.E-2531.KEV_5th_Effect_Evaporator_Overhead_Pressure_Controller_Opening_Optimum_EO_CALC_OUTPUT,0,2026-04-23 03:42:20.483
1143,2026-04-23 09:10:18.097,UN.EG1.E-2620.KEV_CriticalTrayTemperature_Optimum_EO_CALC_OUTPUT,67.1613,2026-04-23 03:42:20.483
1144,2026-04-23 09:10:18.097,UN.EG1.E-2620.KEV_Total_Reboiler_Steam_flow_Actual_EO_CALC_OUTPUT,274.895,2026-04-23 03:42:20.483
1145,2026-04-23 09:10:18.097,UN.EG1.E-2620.KEV_Chest_Pressure_Optimum_EO_CALC_OUTPUT,20.0895,2026-04-23 03:42:20.483
1146,2026-04-23 09:10:18.097,UN.EG1.E-2610.KEV_CriticalTrayTemperature_Optimum_EO_CALC_OUTPUT,89.5635,2026-04-23 03:42:20.483
1147,2026-04-23 09:10:18.097,UN.EG1.E-2610.KEV_Reboiler_Steam_flow_Optimum_EO_CALC_OUTPUT,312.7036,2026-04-23 03:42:20.483
1148,2026-04-23 09:10:18.097,UN.EG1.E-2610.KEV_Chest_Pressure_Optimum_EO_CALC_OUTPUT,45.9678,2026-04-23 03:42:20.483
1149,2026-04-23 09:10:18.097,UN.EG2.C-4220.KEV_Regenerator_Bottom_Temperature_Optimum_EO_CALC_OUTPUT,336.0782,2026-04-23 03:42:20.483
1150,2026-04-23 09:10:18.097,UN.EG2.C-4220.KEV_Fractional_Conversion_Bicarbonate_Optimum_EO_CALC_OUTPUT,84.9435,2026-04-23 03:42:20.483
1151,2026-04-23 09:10:18.097,UN.EG2.C-4310.KEV_Stripper_Column_Top_Temperature_Optimum_EO_CALC_OUTPUT,101.8966,2026-04-23 03:42:20.483
1152,2026-04-23 09:10:18.097,UN.EG2.C-4310.KEV_Cycle_Water_Bleed_EO_Optimum_EO_CALC_OUTPUT,85.3369,2026-04-23 03:42:20.483
1153,2026-04-23 09:10:18.097,UN.EG2.C-4310.KEV_Total_Steam_To_Stripping_Column_Optimum_EO_CALC_OUTPUT,633.2069,2026-04-23 03:42:20.483
1154,2026-04-23 09:10:18.097,UN.EG2.C-4310.KEV_C2310_Bottom_Pressure_Optimum_EO_CALC_OUTPUT,49.9104,2026-04-23 03:42:20.483
1155,2026-04-23 09:10:18.097,UN.EG2.E-4523.KEV_Glycol_Reactor_Inlet_Optimum_EO_CALC_OUTPUT,16.2743,2026-04-23 03:42:20.483
1156,2026-04-23 09:10:18.097,UN.EG2.E-4523.KEV_Steam_Flow_Optimum_EO_CALC_OUTPUT,105.0864,2026-04-23 03:42:20.483
1157,2026-04-23 09:10:18.097,UN.EG2.E-4523.KEV_Reactor_Outlet_Leg_Temperature_Delta_Optimum_EO_CALC_OUTPUT,409.175,2026-04-23 03:42:20.483
1158,2026-04-23 09:10:18.097,UN.EG2.E-4531.KEV_Recycle_Water_Tank_MEG_Optimum_EO_CALC_OUTPUT,85.5492,2026-04-23 03:42:20.483
1159,2026-04-23 09:10:18.097,UN.EG2.E-4531.KEV_Treated_Water_To_1st_Effect_Evaporator_Optimum_EO_CALC_OUTPUT,25.4263,2026-04-23 03:42:20.483
1160,2026-04-23 09:10:18.097,UN.EG2.E-4531.KEV_Treated_Water_To_2nd_Effect_Evaporator_Optimum_EO_CALC_OUTPUT,91.8794,2026-04-23 03:42:20.483
1161,2026-04-23 09:10:18.097,UN.EG2.E-4531.KEV_Treated_Water_To_3rd_Effect_Evaporator_Optimum_EO_CALC_OUTPUT,45.4457,2026-04-23 03:42:20.483
1162,2026-04-23 09:10:18.097,UN.EG2.E-4531.KEV_Treated_Water_To_4th_Effect_Evaporator_Optimum_EO_CALC_OUTPUT,60.3424,2026-04-23 03:42:20.483
1163,2026-04-23 09:10:18.097,UN.EG2.E-4531.KEV_Treated_Water_To_5th_Effect_Evaporator_Optimum_EO_CALC_OUTPUT,98.465,2026-04-23 03:42:20.483
1164,2026-04-23 09:10:18.097,UN.EG2.E-4531.KEV_5th_Effect_Evaporator_Overhead_Pressure_Controller_Opening_Optimum_EO_CALC_OUTPUT,0,2026-04-23 03:42:20.483
1165,2026-04-23 09:10:18.097,UN.EG2.E-4620.KEV_Critical_Tray_Temperature_Optimum_EO_CALC_OUTPUT,85.2781,2026-04-23 03:42:20.483
1166,2026-04-23 09:10:18.097,UN.EG2.E-4620.KEV_Total_Reboiler_Steam_flow_Actual_EO_CALC_OUTPUT,290.2428,2026-04-23 03:42:20.483
1167,2026-04-23 09:10:18.097,UN.EG2.E-4620.KEV_Chest_Pressure_Optimum_EO_CALC_OUTPUT,65.2396,2026-04-23 03:42:20.483
1168,2026-04-23 09:10:18.097,UN.EG2.E-4610.KEV_Critical_Tray_Temperature_Optimum_EO_CALC_OUTPUT,23.7658,2026-04-23 03:42:20.483
1169,2026-04-23 09:10:18.097,UN.EG2.E-4610.KEV_Reboiler_Steam_Flow_Optimum_EO_CALC_OUTPUT,57.1806,2026-04-23 03:42:20.483
1170,2026-04-23 09:10:18.097,UN.EG2.E-4610.KEV_Chest_Pressure_Optimum_EO_CALC_OUTPUT,26.1535,2026-04-23 03:42:20.483
1171,2026-04-23 09:10:18.097,UN.EG3.C-6220.KEV_Regenerator_Bottom_Temperature_Optimum_EO_CALC_OUTPUT,419.6854,2026-04-23 03:42:20.483
1172,2026-04-23 09:10:18.097,UN.EG3.C-6220.KEV_Total_Steam_to_Regenerator_Optimum_EO_CALC_OUTPUT,449.6372,2026-04-23 03:42:20.483
1173,2026-04-23 09:10:18.097,UN.EG3.C-6220.KEV_Fractional_Conversion_Bicarbonate_Optimum_EO_CALC_OUTPUT,60.0734,2026-04-23 03:42:20.483
1174,2026-04-23 09:10:18.097,UN.EG3.E-6531.KEV_Recycle_Water_Tank_MEG_Optimum_EO_CALC_OUTPUT,21.6356,2026-04-23 03:42:20.483
1175,2026-04-23 09:10:18.097,UN.EG3.E-6531.KEV_Treated_Water_To_1st_Effect_Evaporator_Optimum_EO_CALC_OUTPUT,41.4026,2026-04-23 03:42:20.483
1176,2026-04-23 09:10:18.097,UN.EG3.E-6531.KEV_Treated_Water_To_2nd_Effect_Evaporator_Optimum_EO_CALC_OUTPUT,31.7636,2026-04-23 03:42:20.483
1177,2026-04-23 09:10:18.097,UN.EG3.E-6531.KEV_Treated_Water_To_3rd_Effect_Evaporator_Optimum_EO_CALC_OUTPUT,7.8108,2026-04-23 03:42:20.483
1178,2026-04-23 09:10:18.097,UN.EG3.E-6531.KEV_Treated_Water_To_4th_Effect_Evaporator_Optimum_EO_CALC_OUTPUT,2.9835,2026-04-23 03:42:20.483
1179,2026-04-23 09:10:18.097,UN.EG3.E-6531.KEV_Treated_Water_To_5th_Effect_Evaporator_Optimum_EO_CALC_OUTPUT,34.6479,2026-04-23 03:42:20.483
1180,2026-04-23 09:10:18.097,UN.EG3.E-6531.KEV_Treated_Water_To_6th_Effect_Evaporator_Optimum_EO_CALC_OUTPUT,1.9034,2026-04-23 03:42:20.483
1181,2026-04-23 09:10:18.097,UN.EG3.E-6531.KEV_Treated_Water_To_7th_Effect_Evaporator_Optimum_EO_CALC_OUTPUT,16.5488,2026-04-23 03:42:20.483
1182,2026-04-23 09:10:18.097,UN.EG3.E-6531.KEV_7th_Effect_Evaporator_Overhead_Pressure_Controller_Opening_Optimum_EO_CALC_OUTPUT,0,2026-04-23 03:42:20.483
1183,2026-04-23 09:10:18.097,UN.EG3.E-6220.KEV_Critical_Tray_Temperature_Optimum_EO_CALC_OUTPUT,34.8031,2026-04-23 03:42:20.483
1184,2026-04-23 09:10:18.097,UN.EG3.E-6220.KEV_Total_Reboiler_Steam_Flow_Actual_EO_CALC_OUTPUT,260.7171,2026-04-23 03:42:20.483
1185,2026-04-23 09:10:18.097,UN.EG3.E-6220.KEV_Chest_Pressure_Optimum_EO_CALC_OUTPUT,56.9392,2026-04-23 03:42:20.483
1186,2026-04-23 09:10:18.097,UN.ETH.K-1200.KEV_Discharge_Pressure_5Stage_Optimum_EO_CALC_OUTPUT,47.9126,2026-04-23 03:42:20.483
1187,2026-04-23 09:10:18.097,UN.ETH.K-1200.KEV_Turbine_exhaust_pressure_Optimum_EO_CALC_OUTPUT,10.9561,2026-04-23 03:42:20.483
1188,2026-04-23 09:10:18.097,UN.ETH.K-1200.KEV_CGC_tubrine_inlet_VHP_steam_temp_Optimum_EO_CALC_OUTPUT,275.5514,2026-04-23 03:42:20.483
1189,2026-04-23 09:10:18.097,UN.ETH.K-1200.KEV_Quench_overhead_temp_Optimum_EO_CALC_OUTPUT,157.4875,2026-04-23 03:42:20.483
1190,2026-04-23 09:10:18.097,UN.ETH.K-1200.KEV_VHP_letdown_controller_opening_Optimum_EO_CALC_OUTPUT,69.3095,2026-04-23 03:42:20.483
1191,2026-04-23 09:10:18.097,UN.ETH.E-1102.KEV_Chest_Pressure_Optimum_EO_CALC_OUTPUT,32.4856,2026-04-23 03:42:20.483
1192,2026-04-23 09:10:18.097,UN.CO2.KM-5020.KEV_Process_flow_Optimum_EO_CALC_OUTPUT,70.0123,2026-04-23 03:42:20.483
1193,2026-04-23 09:10:18.097,UN.CO2.KM-5020.KEV_Temperature_Ratio_Optimum_EO_CALC_OUTPUT,0.774266326368185,2026-04-23 03:42:20.483
1194,2026-04-23 09:10:18.097,UN.CO2.KM-5020.KEV_Pressure_Ratio_Optimum_EO_CALC_OUTPUT,61.1371994342291,2026-04-23 03:42:20.483
1195,2026-04-23 09:10:18.097,UN.CO2.KM-5070.KEV_K_5071_Discharge_Flow_Optimum_EO_CALC_OUTPUT,163.5354,2026-04-23 03:42:20.483
1196,2026-04-23 09:10:18.097,UN.CO2.KM-5070.KEV_CO2_Sale_Current_Flow_Optimum_EO_CALC_OUTPUT,49.0821,2026-04-23 03:42:20.483
1197,2026-04-23 09:10:18.097,UN.UO.V-7101A.KEV_BFW_Flow_Optimum_EO_CALC_OUTPUT,108.6719,2026-04-23 03:42:20.483
1198,2026-04-23 09:10:18.097,UN.UO.V-7101A.KEV_BFW_Outlet_temperature_Optimum_EO_CALC_OUTPUT,348.1431,2026-04-23 03:42:20.483
1199,2026-04-23 09:10:18.097,UN.UO.V-7101B.KEV_BFW_Flow_Optimum_EO_CALC_OUTPUT,299.9819,2026-04-23 03:42:20.483
1200,2026-04-23 09:10:18.097,UN.UO.V-7101B.KEV_BFW_Outlet_temperature_Optimum_EO_CALC_OUTPUT,280.1544,2026-04-23 03:42:20.483
1201,2026-04-23 09:10:18.097,UN.LAO.H-3831.KEV_Feed_Flow_Optimum_EO_CALC_OUTPUT,371.3469,2026-04-23 03:42:20.483
1202,2026-04-23 09:10:18.097,UN.LAO.H-3831.KEV_Feed_temp_Optimum_EO_CALC_OUTPUT,223.014,2026-04-23 03:42:20.483
1203,2026-04-23 09:10:18.097,UN.LAO.H-3831.KEV_Stack_O2_Optimum_EO_CALC_OUTPUT,47.7506,2026-04-23 03:42:20.483
1204,2026-04-23 09:10:18.097,UN.EG1.KM-2115.Recycle_Compressor_Efficiency_Optimum_EO_CALC_OUTPUT,0,2026-04-23 03:42:20.483
1205,2026-04-23 09:10:18.097,UN.EG2.KM-4115.Recycle_Compressor_Efficiency_Optimum_EO_CALC_OUTPUT,0,2026-04-23 03:42:20.483
1206,2026-04-23 09:10:18.097,UN.EG3.KM-6115.Recycle_Compressor_Efficiency_Optimum_EO_CALC_OUTPUT,0,2026-04-23 03:42:20.483
1207,2026-04-23 09:10:18.097,UN.ETH.KT-1500.KEV_Splitter_top_analyzer_C2H6_Optimum_in_C2R_EO_CALC_OUTPUT,53.62,2026-04-23 03:42:20.483
1208,2026-04-23 09:10:18.097,UN.ETH.KT-1500.KEV_Splitter_reflux_controller_opening_Optimum_in_C2R_EO_CALC_OUTPUT,62.1792,2026-04-23 03:42:20.483
1209,2026-04-23 09:10:18.097,UN.ETH.KT-1500.KEV_Splitter_control_tray_temperature_controller_opening_Optimum_in_C2R_EO_CALC_OUTPUT,209.2749,2026-04-23 03:42:20.483
1210,2026-04-23 09:10:18.097,UN.ETH.KT-1500.KEV_Ethylene_surge_drum_vent_to_CGC_5Th_stage_controller_opening_Optimum_in_C2R_EO_CALC_OUTPUT,59.4568,2026-04-23 03:42:20.483
1211,2026-04-23 09:10:18.097,UN.ETH.KT-1500.KEV_Compressor_RPM_Optimum_in_C2R_EO_CALC_OUTPUT,24.2857,2026-04-23 03:42:20.483
1212,2026-04-23 09:10:18.097,UN.ETH.KT-1500.KEV_Governor_Valve_Opening_Optimum_in_C2R_EO_CALC_OUTPUT,1.8161,2026-04-23 03:42:20.483
1213,2026-04-23 09:10:18.097,UN.ETH.KT-1500.KEV_Level_in_E-1310_Optimum_in_C2R_EO_CALC_OUTPUT,35.2199,2026-04-23 03:42:20.483
1214,2026-04-23 09:10:18.097,UN.ETH.KT-1500.KEV_Suction_Pressure_Optimum_in_C2R_EO_CALC_OUTPUT,49.2508,2026-04-23 03:42:20.483
1215,2026-04-23 09:10:18.097,UN.ETH.KT-1500.KEV_Inlet_Steam_Temperature_Optimum_in_C2R_EO_CALC_OUTPUT,468.3882,2026-04-23 03:42:20.483
1216,2026-04-23 09:10:18.097,UN.ETH.KT-1500.KEV_Inlet_Steam_Pressure_Optimum_in_C2R_EO_CALC_OUTPUT,14.077,2026-04-23 03:42:20.483
1217,2026-04-23 09:10:18.097,UN.ETH.KT-1500.KEV_Inlet_Steam_Flow_Optimum_in_C2R_EO_CALC_OUTPUT,117.4644,2026-04-23 03:42:20.483
1218,2026-04-23 09:10:18.097,UN.ETH.KT-1500.KEV_Ethylene_in_tail_gas_Optimum_in_C2R_EO_CALC_OUTPUT,55.3541,2026-04-23 03:42:20.483
1219,2026-04-23 09:10:18.097,UN.ETH.KT-1500.KEV_Fuel_gas_drum_pressure_Optimum_in_C2R_EO_CALC_OUTPUT,53.4261,2026-04-23 03:42:20.483
1220,2026-04-23 09:10:18.097,UN.ETH.KT-1600.KEV_E_1402_level_Optimum_in_C3R_EO_CALC_OUTPUT,70.1747,2026-04-23 03:42:20.483
1221,2026-04-23 09:10:18.097,UN.ETH.KT-1600.KEV_E_1307_level_Optimum_in_C3R_EO_CALC_OUTPUT,55.7428,2026-04-23 03:42:20.483
1222,2026-04-23 09:10:18.097,UN.ETH.KT-1600.KEV_C3_compressor_RPM_Optimum_in_C3R_EO_CALC_OUTPUT,58.3358,2026-04-23 03:42:20.483
1223,2026-04-23 09:10:18.097,UN.ETH.KT-1600.KEV_C3R_governer_opening_Optimum_in_C3R_EO_CALC_OUTPUT,56.6938,2026-04-23 03:42:20.483
1224,2026-04-23 09:10:18.097,UN.ETH.KT-1600.KEV_E_1308_level_Optimum_in_C3R_EO_CALC_OUTPUT,33.8768,2026-04-23 03:42:20.483
1225,2026-04-23 09:10:18.097,UN.ETH.KT-1600.KEV_E_1309_level_Optimum_in_C3R_EO_CALC_OUTPUT,72.4333,2026-04-23 03:42:20.483
1226,2026-04-23 09:10:18.097,UN.ETH.KT-1600.KEV_compressor_suction_pressure_Optimum_in_C3R_EO_CALC_OUTPUT,60.9154,2026-04-23 03:42:20.483
1227,2026-04-23 09:10:18.097,UN.ETH.KT-1500.KEV_Ethylene_in_Recycle_Ethane_Optimum_in_C2R_EO_CALC_OUTPUT,39.6167,2026-04-23 03:42:20.483
1228,2026-04-23 09:10:18.097,UN.ETH.KT-1600.KEV_splitter_control_tray_temperature_Optimum_in_C3R_EO_CALC_OUTPUT,120.2079,2026-04-23 03:42:20.483
1229,2026-04-23 09:10:18.097,UN.ETH.KT-1600.KEV_Surface_condenser_level_controller_opening_Optimum_in_C3R_EO_CALC_OUTPUT,79.005,2026-04-23 03:42:20.483
1230,2026-04-23 09:10:18.097,UN.ETH.KT-1600.KEV_turbine_Inlet_steam_temp_Optimum_in_C3R_EO_CALC_OUTPUT,161.4454,2026-04-23 03:42:20.483
1231,2026-04-23 09:10:18.097,UN.ETH.KT-1600.KEV_turbine_Inlet_steam_pressure_Optimum_in_C3R_EO_CALC_OUTPUT,10.1237,2026-04-23 03:42:20.483
1232,2026-04-23 09:10:18.097,UN.ETH.KT-1600.KEV_turbine_Inlet_steam_flow_Optimum_in_C3R_EO_CALC_OUTPUT,13.3535,2026-04-23 03:42:20.483
1233,2026-04-23 09:10:18.097,UN.CO2.KM-5070.KEV_ASCV_Opening_Optimum_EO_CALC_OUTPUT,0,2026-04-23 03:42:20.483
