tag_id,tag_name,tag_type,pi_name,data_type,ui_display_name,description,active,created_on,created_by,modified_on,modified_by
1,testiasng_tag,inferred,IZ.LIMS.IZ-800E1_C5 and heavier,test,testing_tag_ui_name,Testing_tag_description,0,2024-12-12 08:22:07,0,NULL,NULL
2,VHP_Steam_Temperature,pi,UN.ETH.12TI2107.PV,real,VHP Steam Temperature,VHP Steam Temperature,1,2024-12-12 08:22:07,0,NULL,NULL
3,HP_Steam_Pressure,pi,UN.UO.70PI0012A.PV,real,HP Steam Pressure,HP Steam Pressure,1,2024-12-12 08:22:07,0,NULL,NULL
4,HP_Steam_Temperature,pi,UN.UO.70TI0007.PV,real,HP Steam Temperature,HP Steam Temperature,1,2024-12-12 08:22:07,0,NULL,NULL
5,testing_tag,inferred,UN.UO.70PC0007A.PV,test,testing_tag_ui_name,Testing_tag_description,0,2024-12-12 08:22:07,0,NULL,NULL
6,MP_Steam_Temperature,pi,UN.UO.70TC0005.PV,real,MP Steam Temperature,MP Steam Temperature,1,2024-12-12 08:22:07,0,NULL,NULL
7,LP_Steam_Pressure,pi,UN.UO.70PI0024A.PV,real,LP Steam Pressure,LP Steam Pressure,1,2024-12-12 08:22:07,0,NULL,NULL
8,LP_Steam_Temperature,pi,UN.UO.70TI0006.PV,real,LP Steam Temperature,LP Steam Temperature,1,2024-12-12 08:22:07,0,NULL,NULL
9,BFW_Pressure,pi,UN.UO.71PI1021A.PV,real,BFW Pressure,BFW Pressure,1,2024-12-12 08:22:07,0,NULL,NULL
10,BFW_Temperature,pi,UN.UO.71TI1079.PV,real,BFW Temperature,BFW Temperature,1,2024-12-12 08:22:07,0,NULL,NULL
11,ETH_HPS_Demand_old,pi,UN.ETH.17FC7064.PV,real,ETH HP Steam Demand,ETH HPS Demand,1,2024-12-12 08:22:07,0,NULL,NULL
12,EOEG_1_HPS_Demand,inferred,NULL,real,EOEG 1 HP Steam Demand,EOEG 1 HPS Demand,1,2024-12-12 08:22:07,0,NULL,NULL
13,EOEG_2_HPS_Demand,inferred,NULL,real,EOEG 2 HP Steam Demand,EOEG 2 HPS Demand,1,2024-12-12 08:22:07,0,NULL,NULL
14,EOEG_3_HPS_Demand,inferred,NULL,real,EOEG 3 HP Steam Demand,EOEG 3 HPS Demand,1,2024-12-12 08:22:07,0,NULL,NULL
15,EOEG_1_MPS_Demand,pi,UN.EG1.MPS_Demand_EO_CALC_OUTPUT,real,EOEG 1 MPS Demand,EOEG 1 MPS Demand,1,2024-12-12 08:22:07,0,NULL,NULL
16,EOEG_2_MPS_Demand,pi,UN.EG2.MPS_Demand_EO_CALC_OUTPUT,real,EOEG 2 MPS Demand,EOEG 2 MPS Demand,1,2024-12-12 08:22:07,0,NULL,NULL
17,EOEG_3_MPS_Demand,pi,UN.EG3.MPS_Demand_EO_CALC_OUTPUT,real,EOEG 3 MPS Demand,EOEG 3 MPS Demand,1,2024-12-12 08:22:07,0,NULL,NULL
18,ETH_LPS_Demand,pi,UN.ETH.LPS_Demand_EO_CALC_OUTPUT,real,ETH LPS Demand,ETH LPS Demand,1,2024-12-12 08:22:07,0,NULL,NULL
19,EOEG_1_LPS_Demand,inferred,NULL,real,EOEG 1 LPS Demand,EOEG 1 LPS Demand,1,2024-12-12 08:22:07,0,NULL,NULL
20,EOEG_2_LPS_Demand,pi,UN.EG2.LPS_Demand_EO_CALC_OUTPUT,real,EOEG 2 LPS Demand,EOEG 2 LPS Demand,1,2024-12-12 08:22:07,0,NULL,NULL
21,EOEG_3_LPS_Demand,pi,UN.EG3.LPS_Demand_EO_CALC_OUTPUT,real,EOEG 3 LPS Demand,EOEG 3 LPS Demand,1,2024-12-12 08:22:07,0,NULL,NULL
22,BFW_to_EOEG_1,pi,UN.EG1.BFW_to_Ethylene_Oxide_Ethylene_Glycol_EO_CALC_OUTPUT,real,BFW to EOEG 1,BFW to EOEG 1,1,2024-12-12 08:22:07,0,NULL,NULL
23,BFW_to_EOEG_2,pi,UN.EG2.BFW_to_Ethylene_Oxide_Ethylene_Glycol_EO_CALC_OUTPUT,real,BFW to EOEG 2,BFW to EOEG 2,1,2024-12-12 08:22:07,0,NULL,NULL
24,BFW_to_EOEG_3_raw,pi,UN.EG3.69FI9214.PV,real,BFW to EOEG 3 raw,BFW to EOEG 3 raw,1,2024-12-12 08:22:07,0,NULL,NULL
25,BLR_1_HPS_Gen_raw,pi,UN.UO.71FI1101.PV,real,Boiler A HP Steam Generation raw,Boiler A HPS Gen raw,1,2024-12-12 08:22:07,0,NULL,NULL
26,BLR_2_HPS_Gen_raw,pi,UN.UO.71FI1201.PV,real,Boiler B HP Steam Generation raw,Boiler B HPS Gen raw,1,2024-12-12 08:22:07,0,NULL,NULL
27,BLR_3_HPS_Gen_raw,pi,UN.UO.71FI1301.PV,real,Boiler C HP Steam Generation raw,Boiler C HPS Gen raw,1,2024-12-12 08:22:07,0,NULL,NULL
28,BLR_4_HPS_Gen_raw,pi,UN.UO.71FI1401.PV,real,Boiler D HP Steam Generation raw,Boiler D HPS Gen raw,1,2024-12-12 08:22:07,0,NULL,NULL
29,BLR_5_HPS_Gen_raw,pi,UN.UO.71FI1501A.PV,real,Boiler E HP Steam Generation raw,Boiler E HPS Gen raw,1,2024-12-12 08:22:07,0,NULL,NULL
30,HP_Steam_Vent_valve_PV0012_Opening_UO,pi,UN.UO.70PC0012A.MV,real,HP Steam Vent valve PV0012 Opening UO,HP Steam Vent valve PV0012 Opening UO,1,2024-12-12 08:22:07,0,NULL,NULL
31,LP_Steam_Vent_valve_PV0024B_Opening_UO,pi,UN.UO.70PC0024B.MV,real,LP Steam Vent valve PV0024B Opening UO,LP Steam Vent valve PV0024B Opening UO,1,2024-12-12 08:22:07,0,NULL,NULL
32,LP_Steam_Dumping_Valve_PC0024A_Opening_UO,pi,UN.UO.70PC0024A.MV,real,LP Steam Dumping Valve PC0024A Opening UO,LP Steam Dumping Valve PC0024A Opening UO,1,2024-12-12 08:22:07,0,NULL,NULL
33,FD_Fan_BLR_1_Steam_raw,pi,UN.UO.71FI1108.PV,real,FD Fan Boiler A Steam raw,FD Fan Boiler A Steam raw,1,2024-12-12 08:22:07,0,NULL,NULL
34,FD_Fan_BLR_2_Steam_raw,pi,UN.UO.71FI1208.PV,real,FD Fan Boiler B Steam raw,FD Fan Boiler B Steam raw,1,2024-12-12 08:22:07,0,NULL,NULL
35,FD_Fan_BLR_3_Steam_raw,pi,UN.UO.71FI1308.PV,real,FD Fan Boiler C Steam raw,FD Fan Boiler C Steam raw,1,2024-12-12 08:22:07,0,NULL,NULL
36,FD_Fan_BLR_4_Steam_raw,pi,UN.UO.71FI1408.PV,real,FD Fan Boiler D Steam raw,FD Fan Boiler D Steam raw,1,2024-12-12 08:22:07,0,NULL,NULL
37,FD_Fan_BLR_5_Steam_raw,pi,UN.UO.71FI1508.PV,real,FD Fan Boiler E Steam raw,FD Fan Boiler E Steam raw,1,2024-12-12 08:22:07,0,NULL,NULL
38,BFW_B_Turb_Steam_raw,pi,UN.UO.71FI1812.PV,real,BFW B Turbine Steam raw,BFW B Turb Steam raw,1,2024-12-12 08:22:07,0,NULL,NULL
39,BFW_C_Turb_Steam_raw,pi,UN.UO.71FI1813.PV,real,BFW C Turbine Steam raw,BFW C Turb Steam raw,1,2024-12-12 08:22:07,0,NULL,NULL
40,BFW_E_Turb_Steam_raw,pi,UN.UO.71FI1604.PV,real,BFW E Turbine Steam raw,BFW E Turb Steam raw,1,2024-12-12 08:22:07,0,NULL,NULL
41,VHP_BFW_B_Turb_Steam_raw,pi,UN.UO.71FI1814.PV,real,VHP BFW B Turbine Steam raw,VHP BFW B Turb Steam raw,1,2024-12-12 08:22:07,0,NULL,NULL
42,VHP_BFW_C_Turb_Steam_raw,pi,UN.UO.71FI1815.PV,real,VHP BFW C Turbine Steam raw,VHP BFW C Turb Steam raw,1,2024-12-12 08:22:07,0,NULL,NULL
43,CW_Turbine_A_Steam,pi,UN.UO.78FI8085.PV,real,CW Turbine A Steam,CW Turbine A Steam,1,2024-12-12 08:22:07,0,NULL,NULL
44,CW_Turbine_B_Steam,pi,UN.UO.78FI8086.PV,real,CW Turbine B Steam,CW Turbine B Steam,1,2024-12-12 08:22:07,0,NULL,NULL
45,CW_Turbine_G_Steam,pi,UN.UO.78FI8623.PV,real,CW Turbine G Steam,CW Turbine G Steam,1,2024-12-12 08:22:07,0,NULL,NULL
46,Air_Compressor_Turbine_A_Steam_raw,pi,UN.UO.72FI2007.PV,real,Air Compressor Turbine A Steam raw,Air Compressor Turbine A Steam raw,1,2024-12-12 08:22:07,0,NULL,NULL
47,Air_Compressor_Turbine_D_Steam_raw,pi,UN.UO.72FI2008.PV,real,Air Compressor Turbine D Steam raw,Air Compressor Turbine D Steam raw,1,2024-12-12 08:22:07,0,NULL,NULL
48,DMW_Turbine_A_Steam_raw,pi,UN.UO.73FI3025.PV,real,DMW Turbine A Steam raw,DMW Turbine A Steam raw,1,2024-12-12 08:22:07,0,NULL,NULL
49,DMW_Turbine_C_Steam_raw,pi,UN.UO.73FI3026.PV,real,DMW Turbine C Steam raw,DMW Turbine C Steam raw,1,2024-12-12 08:22:07,0,NULL,NULL
50,Deaerator_A_LPS_raw,pi,UN.UO.71FI1002.PV,real,Deaerator A LPS raw,Deaerator A LPS raw,1,2024-12-12 08:22:07,0,NULL,NULL
51,Deaerator_B_LPS_raw,pi,UN.UO.71FI1004.PV,real,Deaerator B LPS raw,Deaerator B LPS raw,1,2024-12-12 08:22:07,0,NULL,NULL
52,Spec_En_Cons_BLR_1,inferred,NULL,real,Specific Energy Consumption Boiler A,Spec En Cons Boiler A,1,2024-12-12 08:22:07,0,NULL,NULL
53,Spec_En_Cons_BLR_2,inferred,NULL,real,Specific Energy Consumption Boiler B,Spec En Cons Boiler B,1,2024-12-12 08:22:07,0,NULL,NULL
54,Spec_En_Cons_BLR_3,inferred,NULL,real,Specific Energy Consumption Boiler C,Spec En Cons Boiler C,1,2024-12-12 08:22:07,0,NULL,NULL
55,Spec_En_Cons_BLR_4,inferred,NULL,real,Specific Energy Consumption Boiler D,Spec En Cons Boiler D,1,2024-12-12 08:22:07,0,NULL,NULL
56,Spec_En_Cons_BLR_5,inferred,NULL,real,Specific Energy Consumption Boiler E,Spec En Cons Boiler E,1,2024-12-12 08:22:07,0,NULL,NULL
57,LHV_Raw,pi,UN.UO.BO-7101A.Boiler_Mixed_Lhv_Per_Kg_PEEO_CALC_OUTPUT,real,LHV Raw,BOILER A MIXED LHV PER KG,1,2024-12-12 08:22:07,0,NULL,NULL
58,BLR_1_Status,inferred,NULL,real,Boiler A Status,Boiler A Status,1,2024-12-12 08:22:07,0,NULL,NULL
59,BLR_2_Status,inferred,NULL,real,Boiler B Status,Boiler B Status,1,2024-12-12 08:22:07,0,NULL,NULL
60,BLR_3_Status,inferred,NULL,real,Boiler C Status,Boiler C Status,1,2024-12-12 08:22:07,0,NULL,NULL
61,BLR_4_Status,inferred,NULL,real,Boiler D Status,Boiler D Status,1,2024-12-12 08:22:07,0,NULL,NULL
62,BLR_5_Status,inferred,NULL,real,Boiler E Status,Boiler E Status,1,2024-12-12 08:22:07,0,NULL,NULL
63,Total_Boilers_Running,inferred,NULL,real,Total Boilers Running,Total Boilers Running,1,2024-12-12 08:22:07,0,NULL,NULL
64,Fuel_BLR_1_raw,pi,UN.UO.BO-7101A.Boiler_Corrected_Fuel_Flow_PEEO_CALC_OUTPUT,real,Fuel Boiler A,Fuel Boiler A,1,2024-12-12 08:22:07,0,NULL,NULL
65,Fuel_BLR_2_raw,pi,UN.UO.BO-7101B.Boiler_Corrected_Fuel_Flow_PEEO_CALC_OUTPUT,real,Fuel Boiler B,Fuel Boiler B,1,2024-12-12 08:22:07,0,NULL,NULL
66,Fuel_BLR_3_raw,pi,UN.UO.BO-7101C.Boiler_Corrected_Fuel_Flow_PEEO_CALC_OUTPUT,real,Fuel Boiler C,Fuel Boiler C,1,2024-12-12 08:22:07,0,NULL,NULL
67,Fuel_BLR_4_raw,pi,UN.UO.BO-7101D.Boiler_Corrected_Fuel_Flow_PEEO_CALC_OUTPUT,real,Fuel Boiler D,Fuel Boiler D,1,2024-12-12 08:22:07,0,NULL,NULL
68,Fuel_BLR_5_raw,pi,UN.UO.PK-7104E.Boiler_Corrected_Fuel_Flow_PEEO_CALC_OUTPUT,real,Fuel Boiler E,Fuel Boiler E,1,2024-12-12 08:22:07,0,NULL,NULL
69,ETH_CLEAN_COND_TO_U_O,inferred,NULL,real,ETH CLEAN COND TO U O,ETH CLEAN COND TO U O,1,2024-12-12 08:22:07,0,NULL,NULL
70,EG1_CLEAN_COND_TO_U_O,pi,UN.EG1.Clean_Condensate_to_UO_EO_CALC_OUTPUT,real,EG1 CLEAN COND TO U O,EG1 CLEAN COND TO U O,1,2024-12-12 08:22:07,0,NULL,NULL
71,EG2_CLEAN_COND_TO_U_O,pi,UN.EG2.Clean_Condensate_to_UO_EO_CALC_OUTPUT,real,EG2 CLEAN COND TO U O,EG2 CLEAN COND TO U O,1,2024-12-12 08:22:07,0,NULL,NULL
72,EG3_CLEAN_COND_TO_U_O,pi,UN.EG3.Clean_Condensate_to_UO_EO_CALC_OUTPUT,real,EG3 CLEAN COND TO U O,EG3 CLEAN COND TO U O,1,2024-12-12 08:22:07,0,NULL,NULL
73,ETH_suspect_COND_TO_U_O,pi,UN.ETH.Suspect_Condensate_to_Utility_EO_CALC_OUTPUT,real,ETH suspect COND TO U O,ETH suspect COND TO U O,1,2024-12-12 08:22:07,0,NULL,NULL
74,EG1_suspect_COND_TO_U_O,pi,UN.EG1.Suspect_Condensate_to_UO_EO_CALC_OUTPUT,real,EG1 suspect COND TO U O,EG1 suspect COND TO U O,1,2024-12-12 08:22:07,0,NULL,NULL
75,EG2_suspect_COND_TO_U_O,pi,UN.EG2.Suspect_Condensate_to_UO_EO_CALC_OUTPUT,real,EG2 suspect COND TO U O,EG2 suspect COND TO U O,1,2024-12-12 08:22:07,0,NULL,NULL
76,EG3_suspect_COND_TO_U_O,inferred,NULL,real,EG3 suspect COND TO U O,EG3 suspect COND TO U O,1,2024-12-12 08:22:07,0,NULL,NULL
77,VHP_BFW_FROM_U_O,pi,UN.ETH.17FI7068.PV,real,VHP BFW FROM U O,VHP BFW FROM U O,1,2024-12-12 08:22:07,0,NULL,NULL
78,VHP_DESPHTR_BFW_FROM_U_O,pi,UN.ETH.17FI7069.PV,real,VHP DESPHTR BFW FROM U O,VHP DESPHTR BFW FROM U O,1,2024-12-12 08:22:07,0,NULL,NULL
79,DMW_MAKEUP_Near_Suspect_Condensate_Header,pi,UN.UO.71FI1095.PV,real,DMW MAKEUP Near Suspect Condensate Header,DMW MAKEUP Near Suspect Condensate Header,1,2024-12-12 08:22:07,0,NULL,NULL
80,DMW_MAKEUP_Near_Clean_Condensate_Header,pi,UN.UO.71FI1051.PV,real,DMW MAKEUP Near Clean Condensate Header,DMW MAKEUP Near Clean Condensate Header,1,2024-12-12 08:22:07,0,NULL,NULL
81,BFW_A_AMPS,pi,UN.UO.71II1001.PV,real,BFW A AMPS,BFW A AMPS,1,2024-12-12 08:22:07,0,NULL,NULL
82,BFW_A_Vibrations,pi,UN.UO.71VI1002A.PV,real,BFW A Vibrations,BFW A Vibrations,1,2024-12-12 08:22:07,0,NULL,NULL
83,BFW_A_Bearing_temp,pi,UN.UO.71TI1016A.PV,real,BFW A Bearing temp,BFW A Bearing temp,1,2024-12-12 08:22:07,0,NULL,NULL
84,BFW_D_AMPS,pi,UN.UO.71II1002.PV,real,BFW D AMPS,BFW D AMPS,1,2024-12-12 08:22:07,0,NULL,NULL
85,BFW_D_Vibrations,pi,UN.UO.71VI1006A.PV,real,BFW D Vibrations,BFW D Vibrations,1,2024-12-12 08:22:07,0,NULL,NULL
86,BFW_D_Bearing_temp,pi,UN.UO.71TI1020A.PV,real,BFW D Bearing temp,BFW D Bearing temp,1,2024-12-12 08:22:07,0,NULL,NULL
87,PM7103F_CWP_MTR_BEARING,pi,UN.UO.71TI1861.PV,real,PM7103F CWP MTR BEARING,PM7103F CWP MTR BEARING,1,2024-12-12 08:22:07,0,NULL,NULL
88,BFW_F_Vibration,pi,UN.UO.71VI1872.PV,real,BFW F Vibration,BFW F Vibration,1,2024-12-12 08:22:07,0,NULL,NULL
89,VHP_BFW_B_Discharge_flow,pi,UN.UO.71FC1029.PV,real,VHP BFW B Discharge flow,VHP BFW B Discharge flow,1,2024-12-12 08:22:07,0,NULL,NULL
90,VHP_BFW_C_Discharge_flow,pi,UN.UO.71FC1031.PV,real,VHP BFW C Discharge flow,VHP BFW C Discharge flow,1,2024-12-12 08:22:07,0,NULL,NULL
91,VHP_BFW_A_AMPS,pi,UN.UO.71II1003.PV,real,VHP BFW A AMPS,VHP BFW A AMPS,1,2024-12-12 08:22:07,0,NULL,NULL
92,VHP_BFW_A_Discharge_flow,pi,UN.UO.71FC1027.PV,real,VHP BFW A Discharge flow,VHP BFW A Discharge flow,1,2024-12-12 08:22:07,0,NULL,NULL
93,VHP_BFW_A_Vibration,pi,UN.UO.71VI1012A.PV,real,VHP BFW A Vibration,VHP BFW A Vibration,1,2024-12-12 08:22:07,0,NULL,NULL
94,CW_Turbine_A_RPM,pi,UN.UO.78SI8001.PV,real,CW Turbine A RPM,CW Turbine A RPM,1,2024-12-12 08:22:07,0,NULL,NULL
95,CW_Turbine_B_RPM,pi,UN.UO.78SI8003.PV,real,CW Turbine B RPM,CW Turbine B RPM,1,2024-12-12 08:22:07,0,NULL,NULL
96,PM7801C_CWP_MTR_BEARING,pi,UN.UO.78TI8178A.PV,real,PM7801C CWP MTR BEARING,PM7801C CWP MTR BEARING,1,2024-12-12 08:22:07,0,NULL,NULL
97,CW_Motor_C_Winding_temp,pi,UN.UO.78TI8180.PV,real,CW Motor C Winding temp,CW Motor C Winding temp,1,2024-12-12 08:22:07,0,NULL,NULL
98,PM7801D_CWP_MTR_BEARING,pi,UN.UO.78TI8183A.PV,real,PM7801D CWP MTR BEARING,PM7801D CWP MTR BEARING,1,2024-12-12 08:22:07,0,NULL,NULL
99,CW_Motor_D_Winding_temp,pi,UN.UO.78TI8185.PV,real,CW Motor D Winding temp,CW Motor D Winding temp,1,2024-12-12 08:22:07,0,NULL,NULL
100,PM7801E_CWP_MTR_BEARING,pi,UN.UO.78TI8188A.PV,real,PM7801E CWP MTR BEARING,PM7801E CWP MTR BEARING,1,2024-12-12 08:22:07,0,NULL,NULL
101,CW_Motor_E_Winding_temp,pi,UN.UO.78TI8190.PV,real,CW Motor E Winding temp,CW Motor E Winding temp,1,2024-12-12 08:22:07,0,NULL,NULL
102,PM7801F_CWP_MTR_BEARING,pi,UN.UO.78TI8193A.PV,real,PM7801F CWP MTR BEARING,PM7801F CWP MTR BEARING,1,2024-12-12 08:22:07,0,NULL,NULL
103,CW_Motor_F_Winding_temp,pi,UN.UO.78TI8195.PV,real,CW Motor F Winding temp,CW Motor F Winding temp,1,2024-12-12 08:22:07,0,NULL,NULL
104,CW_Turbine_G_RPM,pi,UN.UO.78SI8600.PV,real,CW Turbine G RPM,CW Turbine G RPM,1,2024-12-12 08:22:07,0,NULL,NULL
105,Air_Compressor_Turbine_A_RPM,pi,UN.UO.72SI2001.PV,real,Air Compressor Turbine A RPM,Air Compressor Turbine A RPM,1,2024-12-12 08:22:07,0,NULL,NULL
106,Air_Compressor_Turbine_D_RPM,pi,UN.UO.72SI2002.PV,real,Air Compressor Turbine D RPM,Air Compressor Turbine D RPM,1,2024-12-12 08:22:07,0,NULL,NULL
107,Air_Compressor_B_Discharge_Pressure,pi,UN.UO.72PC2009.PV,real,Air Compressor B Discharge Pressure,Air Compressor B Discharge Pressure,1,2024-12-12 08:22:07,0,NULL,NULL
108,Air_Compressor_C_Discharge_Pressure,pi,UN.UO.72PC2015.PV,real,Air Compressor C Discharge Pressure,Air Compressor C Discharge Pressure,1,2024-12-12 08:22:07,0,NULL,NULL
109,DMW_Turbine_A_RPM,pi,UN.UO.73SI3001.PV,real,DMW Turbine A RPM,DMW Turbine A RPM,1,2024-12-12 08:22:07,0,NULL,NULL
110,DMW_Motor_B_Status,pi,UN.UO.73P7304B.PV,polynomial,DMW Motor B Status,DMW Motor B Status,1,2024-12-12 08:22:07,0,NULL,NULL
111,DMW_Turbine_C_RPM,pi,UN.UO.73SI3002.PV,real,DMW Turbine C RPM,DMW Turbine C RPM,1,2024-12-12 08:22:07,0,NULL,NULL
112,Air_Compressor_Motor_B_Amperes,pi,UN.UO.72II2001A.PV,real,Air Compressor Motor B Amperes,Air Compressor Motor B Amperes,1,2024-12-12 08:22:07,0,NULL,NULL
113,Air_Compressor_Motor_C_Amperes,pi,UN.UO.72II2002A.PV,real,Air Compressor Motor C Amperes,Air Compressor Motor C Amperes,1,2024-12-12 08:22:07,0,NULL,NULL
114,MP_to_LP_Letdown_Valve_Opening_PV013A_UO,pi,UN.UO.70PC0013A.MV,real,MP to LP Letdown Valve Opening PV013A UO,MP to LP Letdown Valve Opening PV013A UO,1,2024-12-12 08:22:07,0,NULL,NULL
115,MP_to_LP_Letdown_Valve_Opening_PV013B_UO,pi,UN.UO.70PC0013B.MV,real,MP to LP Letdown Valve Opening PV013B UO,MP to LP Letdown Valve Opening PV013B UO,1,2024-12-12 08:22:07,0,NULL,NULL
116,MP_to_LP_Letdown_Valve_Opening_PV31_UO,pi,UN.UO.70PY0031.MV,real,MP to LP Letdown Valve Opening PV31 UO,MP to LP Letdown Valve Opening PV31 UO,1,2024-12-12 08:22:07,0,NULL,NULL
117,MP_to_LP_Letdown_Valve_Opening_PV32_UO,pi,UN.UO.70PY0032.MV,real,MP to LP Letdown Valve Opening PV32 UO,MP to LP Letdown Valve Opening PV32 UO,1,2024-12-12 08:22:07,0,NULL,NULL
118,HP_to_MP_Letdown_Valve_Opening_PV0007A_UO,pi,UN.UO.70PV0007A.MV,real,HP to MP Letdown Valve Opening PV0007A UO,HP to MP Letdown Valve Opening PV0007A UO,1,2024-12-12 08:22:07,0,NULL,NULL
119,HP_to_MP_Letdown_Valve_Opening_PV0007B_UO,pi,UN.UO.70PV0007B.MV,real,HP to MP Letdown Valve Opening PV0007B UO,HP to MP Letdown Valve Opening PV0007B UO,1,2024-12-12 08:22:07,0,NULL,NULL
120,HP_to_MP_Let_Down_Valve_Opening_PC9209_EG1,pi,UN.EG1.29PC9209.MV,real,HP to MP Let Down Valve Opening PC9209 EG1,HP to MP Let Down Valve Opening PC9209 EG1,1,2024-12-12 08:22:07,0,NULL,NULL
121,HP_to_MP_Let_Down_Valve_Opening_PC9209_EG2,pi,UN.EG2.49PC9209.MV,real,HP to MP Let Down Valve Opening PC9209 EG2,HP to MP Let Down Valve Opening PC9209 EG2,1,2024-12-12 08:22:07,0,NULL,NULL
122,HP_to_MP_Let_Down_Valve_Opening_PC9207_EG3,inferred,NULL,real,HP to MP Let Down Valve Opening PC9207 EG3,HP to MP Let Down Valve Opening PC9207 EG3,1,2024-12-12 08:22:07,0,NULL,NULL
123,VHP_to_HP_Let_Down_Valve_Opening_PX7024A_ETH,pi,UN.ETH.17PX7024A.MV,real,VHP to HP Let Down Valve Opening PX7024A ETH,VHP to HP Let Down Valve Opening PX7024A ETH,1,2024-12-12 08:22:07,0,NULL,NULL
124,VHP_to_HP_Let_Down_Valve_Opening_PX7024B_ETH,pi,UN.ETH.17PX7024B.MV,real,VHP to HP Let Down Valve Opening PX7024B ETH,VHP to HP Let Down Valve Opening PX7024B ETH,1,2024-12-12 08:22:07,0,NULL,NULL
125,HP_to_LP_Let_Down_Valve_Opening_PC7026_ETH,pi,UN.ETH.17PC7026.MV,real,HP to LP Let Down Valve Opening PC7026 ETH,HP to LP Let Down Valve Opening PC7026 ETH,1,2024-12-12 08:22:07,0,NULL,NULL
126,HP_to_LP_Let_Down_Valve_Opening_HC7262_ETH,pi,UN.ETH.17HC7262.MV,real,HP to LP Let Down Valve Opening HC7262 ETH,HP to LP Let Down Valve Opening HC7262 ETH,1,2024-12-12 08:22:07,0,NULL,NULL
127,LP_to_LLP_Let_Down_Valve_PC7029_Opening_ETH,pi,UN.ETH.17PC7029.MV,real,LP to LLP Let Down Valve PC7029 Opening ETH,LP to LLP Let Down Valve PC7029 Opening ETH,1,2024-12-12 08:22:07,0,NULL,NULL
128,Purge_Steam_to_Furnace_valve_PDC1154_Opening_ETH,pi,UN.ETH.11PDC1154.MV,real,Purge Steam to Furnace valve PDC1154 Opening ETH,Purge Steam to Furnace valve PDC1154 Opening ETH,1,2024-12-12 08:22:07,0,NULL,NULL
129,Purge_Steam_to_Furnace_valve_PDC1155_Opening_ETH,pi,UN.ETH.11PDC1155.MV,real,Purge Steam to Furnace valve PDC1155 Opening ETH,Purge Steam to Furnace valve PDC1155 Opening ETH,1,2024-12-12 08:22:07,0,NULL,NULL
130,HP_Steam_Vent_Valve_PC7032_Opening_ETH,pi,UN.ETH.17PC7032.MV,real,VHP Steam Vent Valve PC7032 Opening ETH,HP Steam Vent Valve PC7032 Opening ETH,1,2024-12-12 08:22:07,0,NULL,NULL
131,HP_Steam_Vent_Valve_PC7027_Opening_ETH,pi,UN.ETH.17PC7027.MV,real,HP Steam Vent Valve PC7027 Opening ETH,HP Steam Vent Valve PC7027 Opening ETH,1,2024-12-12 08:22:07,0,NULL,NULL
132,LP_Steam_Vent_Valve_PC7028_Opening_ETH,pi,UN.ETH.17PC7028.MV,real,LP Steam Vent Valve PC7028 Opening ETH,LP Steam Vent Valve PC7028 Opening ETH,1,2024-12-12 08:22:07,0,NULL,NULL
133,FDF_A_AMPS,pi,UN.UO.71II1101A.PV,real,FDF A AMPS,FDF A AMPS,1,2024-12-12 08:22:07,0,NULL,NULL
134,FDF_B_AMPS,pi,UN.UO.71II1201A.PV,real,FDF B AMPS,FDF B AMPS,1,2024-12-12 08:22:07,0,NULL,NULL
135,ETH_HP_steam_BL_Export_flow,pi,UN.ETH.17FC7063.PV,real,ETH HP steam BL Export flow,ETH HP steam BL Export flow,1,2024-12-12 08:22:07,0,NULL,NULL
136,LAO_LP_Steam_Demand_raw,pi,UN.LAO.39FI9004.PV,real,LAO LP Steam Demand,LAO LP Steam Demand,1,2024-12-12 08:22:07,0,NULL,NULL
137,HP_Steam_from_CGC_Extraction,pi,UN.ETH.12FI2158.PV,real,HP Steam from CGC Extraction,HP Steam from CGC Extraction,1,2024-12-12 08:22:07,0,NULL,NULL
138,LP_Steam_from_PRC_Extraction,pi,UN.ETH.16FI6066.PV,real,LP Steam from PRC Extraction,LP Steam from PRC Extraction,1,2024-12-12 08:22:07,0,NULL,NULL
139,EG1_DEG_production_flow,pi,UN.EG1.27FC7301.PV,real,EG1 DEG production flow,EG1 DEG production flow,1,2024-12-12 08:22:07,0,NULL,NULL
140,EG1_HEG_production_flow,pi,UN.EG1.27FC7406.PV,real,EG1 HEG production flow,EG1 HEG production flow,1,2024-12-12 08:22:07,0,NULL,NULL
141,EG1_MEG_production_flow,pi,UN.EG1.26FC6415.PV,real,EG1 MEG production flow,EG1 MEG production flow,1,2024-12-12 08:22:07,0,NULL,NULL
142,EG1_TEG_production_flow,pi,UN.EG1.27FC7501.PV,real,EG1 TEG production flow,EG1 TEG production flow,1,2024-12-12 08:22:07,0,NULL,NULL
143,EG2_DEG_production_flow,pi,UN.EG2.47FC7301.PV,real,EG2 DEG production flow,EG2 DEG production flow,1,2024-12-12 08:22:07,0,NULL,NULL
144,EG2_HEG_production_flow,pi,UN.EG2.47FC7406.PV,real,EG2 HEG production flow,EG2 HEG production flow,1,2024-12-12 08:22:07,0,NULL,NULL
145,EG2_MEG_production_flow,pi,UN.EG2.46FC6415.PV,real,EG2 MEG production flow,EG2 MEG production flow,1,2024-12-12 08:22:07,0,NULL,NULL
146,EG2_TEG_production_flow,pi,UN.EG2.47FC7501.PV,real,EG2 TEG production flow,EG2 TEG production flow,1,2024-12-12 08:22:07,0,NULL,NULL
147,EG3_DEG_production_flow,pi,UN.EG3.67FC7301.PV,real,EG3 DEG production flow,EG3 DEG production flow,1,2024-12-12 08:22:07,0,NULL,NULL
148,EG3_HEG_production_flow,pi,UN.EG3.67FC7421.PV,real,EG3 HEG production flow,EG3 HEG production flow,1,2024-12-12 08:22:07,0,NULL,NULL
149,EG3_MEG_production_flow,pi,UN.EG3.66FC6415.PV,real,EG3 MEG production flow,EG3 MEG production flow,1,2024-12-12 08:22:07,0,NULL,NULL
150,EG3_TEG_production_flow,pi,UN.EG3.67FC7501.PV,real,EG3 TEG production flow,EG3 TEG production flow,1,2024-12-12 08:22:07,0,NULL,NULL
151,Total_Ethylene_Production_ETH_Plant,pi,UN.ETH.CURRPRODRATE.CPV,real,Total Ethylene Production ETH Plant,Total Ethylene Production ETH Plant,1,2024-12-12 08:22:07,0,NULL,NULL
152,CW_TO_UTILITIES,pi,UN.UO.Cooling_Water_to_Utilities_EO_CALC_OUTPUT,real,CW TO UTILITIES,CW TO UTILITIES,1,2024-12-12 08:22:07,0,NULL,NULL
153,CW_TO_ETH,pi,UN.ETH.17FI7060.PV,real,CW TO ETH,CW TO ETH,1,2024-12-12 08:22:07,0,NULL,NULL
154,CW_TO_LAO,pi,UN.LAO.Cooling_Water_to_LAO_EO_CALC_OUTPUT,real,CW TO LAO,CW TO LAO,1,2024-12-12 08:22:07,0,NULL,NULL
155,CW_TO_EG1,inferred,NULL,real,CW TO EG1,CW TO EG1,1,2024-12-12 08:22:07,0,NULL,NULL
156,CW_TO_EG2,pi,UN.EG2.49FI9101.PV,real,CW TO EG2,CW TO EG2,1,2024-12-12 08:22:07,0,NULL,NULL
157,AC_A_Flow_To_Header,inferred,NULL,real,Air Compressor A Flow To Header,AC A Flow To Header,1,2024-12-12 08:22:07,0,NULL,NULL
158,AC_B_Flow_To_Header,inferred,NULL,real,Air Compressor B Flow To Header,AC B Flow To Header,1,2024-12-12 08:22:07,0,NULL,NULL
159,AC_C_Flow_To_Header,inferred,NULL,real,Air Compressor C Flow To Header,AC C Flow To Header,1,2024-12-12 08:22:07,0,NULL,NULL
160,AC_D_Flow_To_Header,inferred,NULL,real,Air Compressor D Flow To Header,AC D Flow To Header,1,2024-12-12 08:22:07,0,NULL,NULL
161,Air_compressor_A_Discharge_flow,inferred,NULL,real,Air compressor A Discharge flow,Air compressor A Discharge flow,1,2024-12-12 08:22:07,0,NULL,NULL
162,Air_compressor_B_Discharge_flow,inferred,NULL,real,Air compressor B Discharge flow,Air compressor B Discharge flow,1,2024-12-12 08:22:07,0,NULL,NULL
163,Air_compressor_C_Discharge_flow,inferred,NULL,real,Air compressor C Discharge flow,Air compressor C Discharge flow,1,2024-12-12 08:22:07,0,NULL,NULL
164,Air_compressor_D_Discharge_flow,inferred,NULL,real,Air compressor D Discharge flow,Air compressor D Discharge flow,1,2024-12-12 08:22:07,0,NULL,NULL
165,BFW_TO_LAO_raw,pi,UN.LAO.39FI9002A.PV,real,BFW TO LAO raw,BFW TO LAO raw,1,2024-12-12 08:22:07,0,NULL,NULL
166,DSP_BFW_TO_ETH,inferred,NULL,real,DSP BFW TO ETH,DSP BFW TO ETH,1,2024-12-12 08:22:07,0,NULL,NULL
167,DSP_BFW_TO_EG1,pi,UN.EG1.DSP_BFW_to_Ethylene_Glycol_EO_CALC_OUTPUT,real,DSP BFW TO EG1,DSP BFW TO EG1,1,2024-12-12 08:22:07,0,NULL,NULL
168,DSP_BFW_TO_EG2,pi,UN.EG2.DSP_BFW_to_Ethylene_Glycol_EO_CALC_OUTPUT,real,DSP BFW TO EG2,DSP BFW TO EG2,1,2024-12-12 08:22:07,0,NULL,NULL
169,DSP_BFW_TO_EG3,inferred,NULL,real,DSP BFW TO EG3,DSP BFW TO EG3,1,2024-12-12 08:22:07,0,NULL,NULL
170,DSP_BFW_TO_CAUSTIC_DILUTION_raw,pi,UN.UO.75FC5026.PV,real,DSP BFW TO CAUSTIC DILUTION raw,DSP BFW TO CAUSTIC DILUTION raw,1,2024-12-12 08:22:07,0,NULL,NULL
171,DSP_BFW_TO_BOILER_A,pi,UN.UO.71FI1102.PV,real,DSP BFW TO BOILER A,DSP BFW TO BOILER A,1,2024-12-12 08:22:07,0,NULL,NULL
172,DSP_BFW_TO_BOILER_B,pi,UN.UO.71FI1202.PV,real,DSP BFW TO BOILER B,DSP BFW TO BOILER B,1,2024-12-12 08:22:07,0,NULL,NULL
173,DSP_BFW_TO_BOILER_C,pi,UN.UO.71FI1302.PV,real,DSP BFW TO BOILER C,DSP BFW TO BOILER C,1,2024-12-12 08:22:07,0,NULL,NULL
174,DSP_BFW_TO_BOILER_D,pi,UN.UO.71FI1402.PV,real,DSP BFW TO BOILER D,DSP BFW TO BOILER D,1,2024-12-12 08:22:07,0,NULL,NULL
175,DSP_BFW_TO_BOILER_E,pi,UN.UO.71FC1502.PV,real,DSP BFW TO BOILER E,DSP BFW TO BOILER E,1,2024-12-12 08:22:07,0,NULL,NULL
176,Voltage_LP,inferred,NULL,real,Voltage LP,Voltage LP,1,2024-12-12 08:22:07,0,NULL,NULL
177,BFW_to_EOEG_3,pi,UN.EG3.BFW_to_Ethylene_Oxide_Ethylene_Glycol_EO_CALC_OUTPUT,real,BFW to EOEG 3,BFW to EOEG 3,1,2024-12-12 08:22:07,0,NULL,NULL
178,BLR_1_HPS_Gen,inferred,NULL,real,Boiler A HP Steam Generation,Boiler A HPS Gen,1,2024-12-12 08:22:07,0,NULL,NULL
179,BLR_2_HPS_Gen,inferred,NULL,real,Boiler B HP Steam Generation,Boiler B HPS Gen,1,2024-12-12 08:22:07,0,NULL,NULL
180,BLR_3_HPS_Gen,inferred,NULL,real,Boiler C HP Steam Generation,Boiler C HPS Gen,1,2024-12-12 08:22:07,0,NULL,NULL
181,BLR_4_HPS_Gen,inferred,NULL,real,Boiler D HP Steam Generation,Boiler D HPS Gen,1,2024-12-12 08:22:07,0,NULL,NULL
182,BLR_5_HPS_Gen,inferred,NULL,real,Boiler E HP Steam Generation,Boiler E HPS Gen,1,2024-12-12 08:22:07,0,NULL,NULL
183,BFW_B_Turb_Steam,inferred,NULL,real,BFW B Turbine Steam,BFW B Turb Steam,1,2024-12-12 08:22:07,0,NULL,NULL
184,BFW_C_Turb_Steam,inferred,NULL,real,BFW C Turbine Steam,BFW C Turb Steam,1,2024-12-12 08:22:07,0,NULL,NULL
185,BFW_E_Turb_Steam,inferred,NULL,real,BFW E Turbine Steam,BFW E Turb Steam,1,2024-12-12 08:22:07,0,NULL,NULL
186,FD_Fan_BLR_1_Steam,inferred,NULL,real,FD Fan Boiler A Steam,FD Fan Boiler A Steam,1,2024-12-12 08:22:07,0,NULL,NULL
187,FD_Fan_BLR_2_Steam,inferred,NULL,real,FD Fan Boiler B Steam,FD Fan Boiler B Steam,1,2024-12-12 08:22:07,0,NULL,NULL
188,FD_Fan_BLR_3_Steam,inferred,NULL,real,FD Fan Boiler C Steam,FD Fan Boiler C Steam,1,2024-12-12 08:22:07,0,NULL,NULL
189,FD_Fan_BLR_4_Steam,inferred,NULL,real,FD Fan Boiler D Steam,FD Fan Boiler D Steam,1,2024-12-12 08:22:07,0,NULL,NULL
190,FD_Fan_BLR_5_Steam,inferred,NULL,real,FD Fan Boiler E Steam,FD Fan Boiler E Steam,1,2024-12-12 08:22:07,0,NULL,NULL
191,VHP_BFW_B_Turb_Steam,inferred,NULL,real,VHP BFW B Turbine Steam,VHP BFW B Turb Steam,1,2024-12-12 08:22:07,0,NULL,NULL
192,VHP_BFW_C_Turb_Steam,inferred,NULL,real,VHP BFW C Turbine Steam,VHP BFW C Turb Steam,1,2024-12-12 08:22:07,0,NULL,NULL
193,Air_Compressor_Turbine_A_Steam,inferred,NULL,real,Air Compressor Turbine A Steam,Air Compressor Turbine A Steam,1,2024-12-12 08:22:07,0,NULL,NULL
194,Air_Compressor_Turbine_D_Steam,inferred,NULL,real,Air Compressor Turbine D Steam,Air Compressor Turbine D Steam,1,2024-12-12 08:22:07,0,NULL,NULL
195,DMW_Turbine_A_Steam,inferred,NULL,real,DMW Turbine A Steam,DMW Turbine A Steam,1,2024-12-12 08:22:07,0,NULL,NULL
196,DMW_Turbine_C_Steam,inferred,NULL,real,DMW Turbine C Steam,DMW Turbine C Steam,1,2024-12-12 08:22:07,0,NULL,NULL
197,Deaerator_A_LPS,inferred,NULL,real,Deaerator A LPS,Deaerator A LPS,1,2024-12-12 08:22:07,0,NULL,NULL
198,Deaerator_B_LPS,inferred,NULL,real,Deaerator B LPS,Deaerator B LPS,1,2024-12-12 08:22:07,0,NULL,NULL
199,BFW_TO_LAO,pi,UN.LAO.BFW_to_LAO_EO_CALC_OUTPUT,real,BFW TO LAO,BFW TO LAO,1,2024-12-12 08:22:07,0,NULL,NULL
200,DSP_BFW_TO_CAUSTIC_DILUTION,pi,UN.UO.DSP_BFW_to_CAUSTIC_DILUTION_EO_CALC_OUTPUT,real,DSP BFW TO CAUSTIC DILUTION,DSP BFW TO CAUSTIC DILUTION,1,2024-12-12 08:22:07,0,NULL,NULL
201,LHV,pi,UN.UO.LHV_EO_CALC_OUTPUT,real,LHV,LHV,1,2024-12-12 08:22:07,0,NULL,NULL
202,Condensate_From_P_7106_to_Deaerator_Header,inferred,NULL,real,Condensate From P 7106 to Deaerator Header,Condensate From P 7106 to Deaerator Header,1,2024-12-12 08:22:07,0,NULL,NULL
203,BFW_pump_Rated_Flow,inferred,NULL,real,BFW pump Rated Flow,BFW pump Rated Flow,1,2024-12-12 08:22:07,0,NULL,NULL
204,VHP_pump_Rated_Flow,inferred,NULL,real,VHP pump Rated Flow,VHP pump Rated Flow,1,2024-12-12 08:22:07,0,NULL,NULL
205,Air_Compressor_A_Rated_Flow,inferred,NULL,real,Air Compressor A Rated Flow,Air Compressor A Rated Flow,1,2024-12-12 08:22:07,0,NULL,NULL
206,Air_Compressor_B_Rated_Flow,inferred,NULL,real,Air Compressor B Rated Flow,Air Compressor B Rated Flow,1,2024-12-12 08:22:07,0,NULL,NULL
207,Air_Compressor_C_Rated_Flow,inferred,NULL,real,Air Compressor C Rated Flow,Air Compressor C Rated Flow,1,2024-12-12 08:22:07,0,NULL,NULL
208,Air_Compressor_D_Rated_Flow,inferred,NULL,real,Air Compressor D Rated Flow,Air Compressor D Rated Flow,1,2024-12-12 08:22:07,0,NULL,NULL
209,CW_Pump_Rated_Flow,inferred,NULL,real,CW Pump Rated Flow,CW Pump Rated Flow,1,2024-12-12 08:22:07,0,NULL,NULL
210,DMW_Pump_Rated_Flow,inferred,NULL,real,DMW Pump Rated Flow,DMW Pump Rated Flow,1,2024-12-12 08:22:07,0,NULL,NULL
211,power_factor,inferred,NULL,real,power factor,power factor,1,2024-12-12 08:22:07,0,NULL,NULL
212,BFW_to_MP_to_LP_Letdown_Flow_In,inferred,NULL,real,BFW to MP to LP Letdown Flow In,BFW to MP to LP Letdown Flow In,1,2024-12-12 08:22:07,0,NULL,NULL
213,VHP_Steam_Enthalpy,inferred,NULL,real,VHP Steam Enthalpy,VHP Steam Enthalpy,1,2024-12-12 08:22:07,0,NULL,NULL
214,HP_Steam_Enthalpy,pi,UN.UO.HP_Steam_Enthalpy_Kcal_kg_EO_CALC_OUTPUT,real,HP Steam Enthalpy,HP Steam Enthalpy,1,2024-12-12 08:22:07,0,NULL,NULL
215,MP_Steam_Enthalpy,pi,UN.UO.MP_Steam_Enthalpy_Kcal_kg_EO_CALC_OUTPUT,real,MP Steam Enthalpy,MP Steam Enthalpy,1,2024-12-12 08:22:07,0,NULL,NULL
216,LP_Steam_Enthalpy,pi,UN.UO.LP_Steam_Enthalpy_Kcal_kg_EO_CALC_OUTPUT,real,LP Steam Enthalpy,LP Steam Enthalpy,1,2024-12-12 08:22:07,0,NULL,NULL
217,BFW_Enthalpy,pi,UN.UO.BFW_Enthalpy_Kcal_kg_EO_CALC_OUTPUT,real,BFW Enthalpy,BFW Enthalpy,1,2024-12-12 08:22:07,0,NULL,NULL
218,Power_Rate,inferred,NULL,real,Power Rate,Power Rate,1,2024-12-12 08:22:07,0,NULL,NULL
219,Fuel_Rate,inferred,NULL,real,Fuel Rate,Fuel Rate,1,2024-12-12 08:22:07,0,NULL,NULL
220,DMW_Rate,inferred,NULL,real,DMW Rate,DMW Rate,1,2024-12-12 08:22:07,0,NULL,NULL
221,EG1_EOE,inferred,NULL,real,EG1 EOE,EG1 EOE,1,2024-12-12 08:22:07,0,NULL,NULL
222,EG2_EOE,pi,UN.EG2.EOE_EO_CALC_OUTPUT,real,EG2 EOE,EG2 EOE,1,2024-12-12 08:22:07,0,NULL,NULL
223,EG3_EOE,pi,UN.EG3.EOE_EO_CALC_OUTPUT,real,EG3 EOE,EG3 EOE,1,2024-12-12 08:22:07,0,NULL,NULL
224,Total_Products,inferred,NULL,real,Total Products,Total Products,1,2024-12-12 08:22:07,0,NULL,NULL
225,Return_Condensate,inferred,NULL,real,Return Condensate,Return Condensate,1,2024-12-12 08:22:07,0,NULL,NULL
226,VHP_BFW_to_ETH,inferred,NULL,real,VHP BFW to ETH,VHP BFW to ETH,1,2024-12-12 08:22:07,0,NULL,NULL
227,Total_Fuel_for_Boilers,inferred,NULL,real,Total Fuel for Boilers,Total Fuel for Boilers,1,2024-12-12 08:22:07,0,NULL,NULL
228,Fuel_Demand_in_Energy_in_GJ_Hr,pi,UN.UO.Fuel_Demand_In_Energy_In_GJ_Per_Hour_EO_CALC_OUTPUT,real,Fuel Demand in Energy in GJ Hr,Fuel Demand in Energy in GJ Hr,1,2024-12-12 08:22:07,0,NULL,NULL
229,Total_BLR_HPS_Generation,inferred,NULL,real,Total HP Steam Demand,Total BLR HPS Generation,1,2024-12-12 08:22:07,0,NULL,NULL
230,BFW_A_Motor_Status,inferred,NULL,real,BFW A Motor Status,BFW A Motor Status,1,2024-12-12 08:22:07,0,NULL,NULL
231,BFW_B_Turb_Status,inferred,NULL,real,BFW B Turbine Status,BFW B Turb Status,1,2024-12-12 08:22:07,0,NULL,NULL
232,BFW_C_Turb_Status,inferred,NULL,real,BFW C Turbine Status,BFW C Turb Status,1,2024-12-12 08:22:07,0,NULL,NULL
233,BFW_D_Motor_Status,inferred,NULL,real,BFW D Motor Status,BFW D Motor Status,1,2024-12-12 08:22:07,0,NULL,NULL
234,BFW_E_Turb_Status,inferred,NULL,real,BFW E Turbine Status,BFW E Turb Status,1,2024-12-12 08:22:07,0,NULL,NULL
235,BFW_F_Motor_Status,inferred,NULL,real,BFW F Motor Status,BFW F Motor Status,1,2024-12-12 08:22:07,0,NULL,NULL
236,VHP_BFW_B_Turb_Status,inferred,NULL,real,VHP BFW B Turbine Status,VHP BFW B Turb Status,1,2024-12-12 08:22:07,0,NULL,NULL
237,VHP_BFW_C_Turb_Status,inferred,NULL,real,VHP BFW C Turbine Status,VHP BFW C Turb Status,1,2024-12-12 08:22:07,0,NULL,NULL
238,VHP_BFW_A_Motor_Status,inferred,NULL,real,VHP BFW A Motor Status,VHP BFW A Motor Status,1,2024-12-12 08:22:07,0,NULL,NULL
239,CW_Turbine_A_Status,inferred,NULL,real,CW Turbine A Status,CW Turbine A Status,1,2024-12-12 08:22:07,0,NULL,NULL
240,CW_Turbine_B_Status,inferred,NULL,real,CW Turbine B Status,CW Turbine B Status,1,2024-12-12 08:22:07,0,NULL,NULL
241,CW_Motor_C_Status,inferred,NULL,real,CW Motor C Status,CW Motor C Status,1,2024-12-12 08:22:07,0,NULL,NULL
242,CW_Motor_D_Status,inferred,NULL,real,CW Motor D Status,CW Motor D Status,1,2024-12-12 08:22:07,0,NULL,NULL
243,CW_Motor_E_Status,inferred,NULL,real,CW Motor E Status,CW Motor E Status,1,2024-12-12 08:22:07,0,NULL,NULL
244,CW_Motor_F_Status,inferred,NULL,real,CW Motor F Status,CW Motor F Status,1,2024-12-12 08:22:07,0,NULL,NULL
245,CW_Turbine_G_Status,inferred,NULL,real,CW Turbine G Status,CW Turbine G Status,1,2024-12-12 08:22:07,0,NULL,NULL
246,Air_Compressor_Turbine_A_Status,inferred,NULL,real,Air Compressor Turbine A Status,Air Compressor Turbine A Status,1,2024-12-12 08:22:07,0,NULL,NULL
247,Air_Compressor_Turbine_D_Status,inferred,NULL,real,Air Compressor Turbine D Status,Air Compressor Turbine D Status,1,2024-12-12 08:22:07,0,NULL,NULL
248,Air_Compressor_Motor_B_Status,inferred,NULL,real,Air Compressor Motor B Status,Air Compressor Motor B Status,1,2024-12-12 08:22:07,0,NULL,NULL
249,Air_Compressor_Motor_C_Status,inferred,NULL,real,Air Compressor Motor C Status,Air Compressor Motor C Status,1,2024-12-12 08:22:07,0,NULL,NULL
250,DMW_Turbine_A_Status,inferred,NULL,real,DMW Turbine A Status,DMW Turbine A Status,1,2024-12-12 08:22:07,0,NULL,NULL
251,DMW_Pump_Motor_B_Status,inferred,NULL,real,DMW Pump Motor B Status,DMW Pump Motor B Status,1,2024-12-12 08:22:07,0,NULL,NULL
252,DMW_Turbine_C_Status,inferred,NULL,real,DMW Turbine C Status,DMW Turbine C Status,1,2024-12-12 08:22:07,0,NULL,NULL
253,FDF_A_Motor_Status,inferred,NULL,real,FDF A Motor Status,FDF A Motor Status,1,2024-12-12 08:22:07,0,NULL,NULL
254,FDF_B_Motor_Status,inferred,NULL,real,FDF B Motor Status,FDF B Motor Status,1,2024-12-12 08:22:07,0,NULL,NULL
255,FDF_A_Motor_Power,inferred,NULL,real,FDF A Motor Power,FDF A Motor Power,1,2024-12-12 08:22:07,0,NULL,NULL
256,FDF_B_Motor_Power,inferred,NULL,real,FDF B Motor Power,FDF B Motor Power,1,2024-12-12 08:22:07,0,NULL,NULL
257,BFW_A_Motor_Power,inferred,NULL,real,BFW A Motor Power,BFW A Motor Power,1,2024-12-12 08:22:07,0,NULL,NULL
258,BFW_D_Motor_Power,inferred,NULL,real,BFW D Motor Power,BFW D Motor Power,1,2024-12-12 08:22:07,0,NULL,NULL
259,BFW_F_Motor_Power,inferred,NULL,real,BFW F Motor Power,BFW F Motor Power,1,2024-12-12 08:22:07,0,NULL,NULL
260,VHP_BFW_A_Motor_Power,inferred,NULL,real,VHP BFW A Motor Power,VHP BFW A Motor Power,1,2024-12-12 08:22:07,0,NULL,NULL
261,CW_Motor_C_Power,inferred,NULL,real,CW Motor C Power,CW Motor C Power,1,2024-12-12 08:22:07,0,NULL,NULL
262,CW_Motor_D_Power,inferred,NULL,real,CW Motor D Power,CW Motor D Power,1,2024-12-12 08:22:07,0,NULL,NULL
263,CW_Motor_E_Power,inferred,NULL,real,CW Motor E Power,CW Motor E Power,1,2024-12-12 08:22:07,0,NULL,NULL
264,CW_Motor_F_Power,inferred,NULL,real,CW Motor F Power,CW Motor F Power,1,2024-12-12 08:22:07,0,NULL,NULL
265,Air_Compressor_Motor_B_Power,inferred,NULL,real,Air Compressor Motor B Power,Air Compressor Motor B Power,1,2024-12-12 08:22:07,0,NULL,NULL
266,Air_Compressor_Motor_C_Power,inferred,NULL,real,Air Compressor Motor C Power,Air Compressor Motor C Power,1,2024-12-12 08:22:07,0,NULL,NULL
267,DMW_Motor_B_Power,inferred,NULL,real,DMW Motor B Power,DMW Motor B Power,1,2024-12-12 08:22:07,0,NULL,NULL
268,DMW_Makeup,pi,UN.UO.DMW_Makeup_EO_CALC_OUTPUT,real,DMW Makeup (U&O),DMW Makeup,1,2024-12-12 08:22:07,0,NULL,NULL
269,Total_Power_for_Drives,inferred,NULL,real,Total Power Consumption in U&O,Total Power for Drives,1,2024-12-12 08:22:07,0,NULL,NULL
270,Power_Demand_in_Energy_in_GJ_Hr,inferred,NULL,real,Power Demand in Energy in GJ Hr,Power Demand in Energy in GJ Hr,0,2024-12-12 08:22:07,0,NULL,NULL
271,Power_Cost,inferred,NULL,real,Power Cost,Power Cost,0,2024-12-12 08:22:07,0,NULL,NULL
272,Fuel_Cost,inferred,NULL,real,Fuel Cost,Fuel Cost,0,2024-12-12 08:22:07,0,NULL,NULL
273,DMW_Cost,inferred,NULL,real,DMW Cost,DMW Cost,0,2024-12-12 08:22:07,0,NULL,NULL
274,Deaerator_A_LPS_Vent,pi,UN.UO.V-7101A.Deaerator_A_LPS_Vent_EO_CALC_OUTPUT,real,Deaerator A LPS Vent,Deaerator A LPS Vent,1,2024-12-12 08:22:07,0,NULL,NULL
275,Deaerator_B_LPS_Vent,inferred,NULL,real,Deaerator B LPS Vent,Deaerator B LPS Vent,1,2024-12-12 08:22:07,0,NULL,NULL
276,BFW_Drives_Running,inferred,NULL,real,BFW Drives Running,BFW Drives Running,1,2024-12-12 08:22:07,0,NULL,NULL
277,VHP_BFW_Drives_Running,inferred,NULL,real,VHP BFW Drives Running,VHP BFW Drives Running,1,2024-12-12 08:22:07,0,NULL,NULL
278,CW_Drives_Running,inferred,NULL,real,CW Drives Running,CW Drives Running,1,2024-12-12 08:22:07,0,NULL,NULL
279,Air_Compressor_Drives_Running,inferred,NULL,real,Air Compressor Drives Running,Air Compressor Drives Running,1,2024-12-12 08:22:07,0,NULL,NULL
280,DMW_Drives_Running,inferred,NULL,real,DMW Drives Running,DMW Drives Running,1,2024-12-12 08:22:07,0,NULL,NULL
281,Total_Steam_Turbines_Running,inferred,NULL,real,Total Steam Turbines Running,Total Steam Turbines Running,1,2024-12-12 08:22:07,0,NULL,NULL
282,Total_HPS_Demand,inferred,NULL,real,Total HPS Demand,Total HPS Demand,0,2024-12-12 08:22:07,0,NULL,NULL
283,Total_MPS_Demand,inferred,NULL,real,Total MPS Demand,Total MPS Demand,0,2024-12-12 08:22:07,0,NULL,NULL
284,Total_LPS_Demand,inferred,NULL,real,Total LPS Demand,Total LPS Demand,0,2024-12-12 08:22:07,0,NULL,NULL
285,LPS_from_Drives,inferred,NULL,real,LPS from Drives,LPS from Drives,1,2024-12-12 08:22:07,0,NULL,NULL
286,HP_to_MP_Letdown_HPS_Flow_In_PV0007A_UO,inferred,NULL,real,HP to MP Letdown HP Steam Flow In PV0007A UO,HP to MP Letdown HPS Flow In PV0007A UO,1,2024-12-12 08:22:07,0,NULL,NULL
287,HP_to_MP_Letdown_HPS_Flow_In_PV0007B_UO,inferred,NULL,real,HP to MP Letdown HP Steam Flow In PV0007B UO,HP to MP Letdown HPS Flow In PV0007B UO,1,2024-12-12 08:22:07,0,NULL,NULL
288,BFW_to_HP_to_MP_Letdown_Flow_In_PV0007A_UO,inferred,NULL,real,BFW to HP to MP Letdown Flow In PV0007A UO,BFW to HP to MP Letdown Flow In PV0007A UO,1,2024-12-12 08:22:07,0,NULL,NULL
289,BFW_to_HP_to_MP_Letdown_Flow_In_PV0007B_UO,inferred,NULL,real,BFW to HP to MP Letdown Flow In PV0007B UO,BFW to HP to MP Letdown Flow In PV0007B UO,1,2024-12-12 08:22:07,0,NULL,NULL
290,HP_to_MP_Letdown_MPS_Flow_Out_PV0007A_UO,inferred,NULL,real,HP to MP Letdown MPS Flow Out PV0007A UO,HP to MP Letdown MPS Flow Out PV0007A UO,1,2024-12-12 08:22:07,0,NULL,NULL
291,HP_to_MP_Letdown_MPS_Flow_Out_PV0007B_UO,inferred,NULL,real,HP to MP Letdown MPS Flow Out PV0007B UO,HP to MP Letdown MPS Flow Out PV0007B UO,1,2024-12-12 08:22:07,0,NULL,NULL
292,MP_to_LP_Letdown_MPS_Flow_In_PV013A_UO,inferred,NULL,real,MP to LP Letdown MPS Flow In PV013A UO,MP to LP Letdown MPS Flow In PV013A UO,1,2024-12-12 08:22:07,0,NULL,NULL
293,MP_to_LP_Letdown_MPS_Flow_In_PV013B_UO,inferred,NULL,real,MP to LP Letdown MPS Flow In PV013B UO,MP to LP Letdown MPS Flow In PV013B UO,1,2024-12-12 08:22:07,0,NULL,NULL
294,MP_to_LP_Letdown_MPS_Flow_In_PV31_UO,inferred,NULL,real,MP to LP Letdown MPS Flow In PV31 UO,MP to LP Letdown MPS Flow In PV31 UO,1,2024-12-12 08:22:07,0,NULL,NULL
295,MP_to_LP_Letdown_MPS_Flow_In_PV32_UO,inferred,NULL,real,MP to LP Letdown MPS Flow In PV32 UO,MP to LP Letdown MPS Flow In PV32 UO,1,2024-12-12 08:22:07,0,NULL,NULL
296,MP_to_LP_Letdown_LPS_Flow_Out_PV013A_UO,inferred,NULL,real,MP to LP Letdown LPS Flow Out PV013A UO,MP to LP Letdown LPS Flow Out PV013A UO,1,2024-12-12 08:22:07,0,NULL,NULL
297,MP_to_LP_Letdown_LPS_Flow_Out_PV013B_UO,inferred,NULL,real,MP to LP Letdown LPS Flow Out PV013B UO,MP to LP Letdown LPS Flow Out PV013B UO,1,2024-12-12 08:22:07,0,NULL,NULL
298,MP_to_LP_Letdown_LPS_Flow_Out_PV31_UO,inferred,NULL,real,MP to LP Letdown LPS Flow Out PV31 UO,MP to LP Letdown LPS Flow Out PV31 UO,1,2024-12-12 08:22:07,0,NULL,NULL
299,MP_to_LP_Letdown_LPS_Flow_Out_PV32_UO,inferred,NULL,real,MP to LP Letdown LPS Flow Out PV32 UO,MP to LP Letdown LPS Flow Out PV32 UO,1,2024-12-12 08:22:07,0,NULL,NULL
300,HP_to_MP_Let_Down_Valve_PC9209_EG1_HP_Steam_Flow_in,inferred,NULL,real,HP to MP Let Down Valve PC9209 EG1 HP Steam Flow in,HP to MP Let Down Valve PC9209 EG1 HP Steam Flow in,1,2024-12-12 08:22:07,0,NULL,NULL
301,HP_to_MP_Let_Down_Valve_PC9209_EG2_HP_Steam_Flow_in,inferred,NULL,real,HP to MP Let Down Valve PC9209 EG2 HP Steam Flow in,HP to MP Let Down Valve PC9209 EG2 HP Steam Flow in,1,2024-12-12 08:22:07,0,NULL,NULL
302,HP_to_MP_Let_Down_Valve_PC9207_EG3_HP_Steam_Flow_in,inferred,NULL,real,HP to MP Let Down Valve PC9207 EG3 HP Steam Flow in,HP to MP Let Down Valve PC9207 EG3 HP Steam Flow in,1,2024-12-12 08:22:07,0,NULL,NULL
303,HP_to_MP_Let_Down_Valve_PC9209_EG1_MP_Steam_Flow_out,inferred,NULL,real,HP to MP Let Down Valve PC9209 EG1 MP Steam Flow out,HP to MP Let Down Valve PC9209 EG1 MP Steam Flow out,1,2024-12-12 08:22:07,0,NULL,NULL
304,HP_to_MP_Let_Down_Valve_PC9209_EG2_MP_Steam_Flow_out,inferred,NULL,real,HP to MP Let Down Valve PC9209 EG2 MP Steam Flow out,HP to MP Let Down Valve PC9209 EG2 MP Steam Flow out,1,2024-12-12 08:22:07,0,NULL,NULL
305,HP_to_MP_Let_Down_Valve_PC9207_EG3_MP_Steam_Flow_out,inferred,NULL,real,HP to MP Let Down Valve PC9207 EG3 MP Steam Flow out,HP to MP Let Down Valve PC9207 EG3 MP Steam Flow out,1,2024-12-12 08:22:07,0,NULL,NULL
306,VHP_to_HP_Let_Down_Valve_PX7024A_VHP_Steam_flow_in_ETH,inferred,NULL,real,VHP to HP Let Down Valve PX7024A VHP Steam flow in ETH,VHP to HP Let Down Valve PX7024A VHP Steam flow in ETH,1,2024-12-12 08:22:07,0,NULL,NULL
307,VHP_to_HP_Let_Down_Valve_PX7024B_VHP_Steam_flow_in_ETH,inferred,NULL,real,VHP to HP Let Down Valve PX7024B VHP Steam flow in ETH,VHP to HP Let Down Valve PX7024B VHP Steam flow in ETH,1,2024-12-12 08:22:07,0,NULL,NULL
308,VHP_to_HP_Let_Down_Valve_PX7024A_HP_Steam_flow_out_ETH,inferred,NULL,real,"VHP to HP Letdown, PV-7024A",VHP to HP Let Down Valve PX7024A HP Steam flow out ETH,1,2024-12-12 08:22:07,0,NULL,NULL
309,VHP_to_HP_Let_Down_Valve_PX7024B_HP_Steam_flow_out_ETH,inferred,NULL,real,"VHP to HP Letdown, PV-7024B",VHP to HP Let Down Valve PX7024B HP Steam flow out ETH,1,2024-12-12 08:22:07,0,NULL,NULL
310,HP_to_LP_Let_Down_Valve_PC7026_HP_Steam_flow_in_ETH,inferred,NULL,real,HP to LP Let Down Valve PC7026 HP Steam flow in ETH,HP to LP Let Down Valve PC7026 HP Steam flow in ETH,1,2024-12-12 08:22:07,0,NULL,NULL
311,HP_to_LP_Let_Down_Valve_HC7262_HP_Steam_flow_in_ETH,inferred,NULL,real,"HP to LP letdown, HV-7262",HP to LP Let Down Valve HC7262 HP Steam flow in ETH,1,2024-12-12 08:22:07,0,NULL,NULL
312,HP_to_LP_Let_Down_Valve_PC7026_LP_Steam_flow_out_ETH,inferred,NULL,real,"HP to LP letdown, PV-7026",HP to LP Let Down Valve PC7026 LP Steam flow out ETH,1,2024-12-12 08:22:07,0,NULL,NULL
313,HP_to_LP_Let_Down_Valve_HC7262_LP_Steam_flow_out_ETH,inferred,NULL,real,HP to LP Let Down Valve HC7262 LP Steam flow out ETH,HP to LP Let Down Valve HC7262 LP Steam flow out ETH,1,2024-12-12 08:22:07,0,NULL,NULL
314,LP_to_LLP_Let_Down_Valve_PC7029_LP_Steam_Flow_in_ETH,inferred,NULL,real,LP to LLP Let Down Valve PC7029 LP Steam Flow in ETH,LP to LLP Let Down Valve PC7029 LP Steam Flow in ETH,1,2024-12-12 08:22:07,0,NULL,NULL
315,LP_to_LLP_Let_Down_Valve_PC7029_LLP_Steam_Flow_out_ETH,inferred,NULL,real,LP to LLP Let Down Valve PC7029 LLP Steam Flow out ETH,LP to LLP Let Down Valve PC7029 LLP Steam Flow out ETH,1,2024-12-12 08:22:07,0,NULL,NULL
316,Purge_Steam_to_Furnace_valve_PDC1154_Steam_Flow_ETH,inferred,NULL,real,Purge Steam to Furnace valve PDC1154 Steam Flow ETH,Purge Steam to Furnace valve PDC1154 Steam Flow ETH,1,2024-12-12 08:22:07,0,NULL,NULL
317,Purge_Steam_to_Furnace_valve_PDC1155_Steam_Flow_ETH,inferred,NULL,real,Purge Steam to Furnace valve PDC1155 Steam Flow ETH,Purge Steam to Furnace valve PDC1155 Steam Flow ETH,1,2024-12-12 08:22:07,0,NULL,NULL
318,LP_Steam_Dumping_Valve_PC0024A_Steam_flow_out_UO,inferred,NULL,real,LP Steam Dumping from PC0024A in U&O,LP Steam Dumping Valve PC0024A Steam flow out UO,1,2024-12-12 08:22:07,0,NULL,NULL
319,HP_Steam_Vent_valve_PV0012_Steam_flow_out_UO,inferred,NULL,real,HP Steam Vent from PV0012 in U&O,HP Steam Vent valve PV0012 Steam flow out UO,1,2024-12-12 08:22:07,0,NULL,NULL
320,LP_Steam_Vent_valve_PV0024B_Steam_flow_out_UO,inferred,NULL,real,LP Steam Vent from PV0024B in U&O,LP Steam Vent valve PV0024B Steam flow out UO,1,2024-12-12 08:22:07,0,NULL,NULL
321,HP_Steam_Vent_Valve_PC7032_Steam_Flow_Out_ETH,inferred,NULL,real,HP Steam Vent from PC7032 in ETH,HP Steam Vent Valve PC7032 Steam Flow Out ETH,1,2024-12-12 08:22:07,0,NULL,NULL
322,HP_Steam_Vent_Valve_PC7027_Steam_Flow_Out_ETH,inferred,NULL,real,HP Steam Vent from PC7027 in ETH,HP Steam Vent Valve PC7027 Steam Flow Out ETH,1,2024-12-12 08:22:07,0,NULL,NULL
323,LP_Steam_Vent_Valve_PC7028_Steam_Flow_Out_ETH,inferred,NULL,real,LP Steam Vent from PC7028 in ETH,LP Steam Vent Valve PC7028 Steam Flow Out ETH,1,2024-12-12 08:22:07,0,NULL,NULL
324,Objective function (Energy Bill),inferred,NULL,real,Objective function (Energy Bill),Objective function (Energy Bill),0,2024-12-12 08:22:07,0,NULL,NULL
325,HP_Steam_Generation,inferred,NULL,real,HP Steam Generation,HP Steam Generation,1,2024-12-12 08:22:07,0,NULL,NULL
326,HP_Steam_Consumption,inferred,NULL,real,Total HP Steam Demand,HP Steam Consumption,1,2024-12-12 08:22:07,0,NULL,NULL
327,HP_Steam_Imbalance,inferred,NULL,real,HP Steam Imbalance,HP Steam Imbalance,1,2024-12-12 08:22:07,0,NULL,NULL
328,MP_Steam_Generation,inferred,NULL,real,HP to MP letdown flow,MP Steam Generation,1,2024-12-12 08:22:07,0,NULL,NULL
329,MP_Steam_Consumption,inferred,NULL,real,MP Steam Consumption,MP Steam Consumption,1,2024-12-12 08:22:07,0,NULL,NULL
330,MP_Steam_Imbalance,inferred,NULL,real,MP Steam Imbalance,MP Steam Imbalance,1,2024-12-12 08:22:07,0,NULL,NULL
331,LP_Steam_Generation,inferred,NULL,real,LP Steam Generation,LP Steam Generation,1,2024-12-12 08:22:07,0,NULL,NULL
332,LP_Steam_Consumption,inferred,NULL,real,LP Steam Consumption,LP Steam Consumption,1,2024-12-12 08:22:07,0,NULL,NULL
333,LP_Steam_Imbalance,inferred,NULL,real,LP Steam Imbalance,LP Steam Imbalance,1,2024-12-12 08:22:07,0,NULL,NULL
334,Energy_Bill,inferred,NULL,real,Energy Bill U&O,Energy Bill,1,2024-12-12 08:22:07,0,NULL,NULL
335,Total_Fuel_Demand,pi,UN.UO.Total_Fuel_Demand_EO_CALC_OUTPUT,real,Total Fuel Demand,Total Fuel Demand,1,2024-12-12 08:22:07,0,NULL,NULL
336,Total_Power_Demand,inferred,NULL,real,Total Power Demand,Total Power Demand,1,2024-12-12 08:22:07,0,NULL,NULL
337,HP_Steam_to_MP_Steam_Letdown_flow,inferred,NULL,real,HP Steam to MP Steam Letdown flow,HP Steam to MP Steam Letdown flow,1,2024-12-12 08:22:07,0,NULL,NULL
338,MP_Steam_to_LP_Steam_Letdown_flow,inferred,NULL,real,MP Steam to LP Steam Letdown flow,MP Steam to LP Steam Letdown flow,1,2024-12-12 08:22:07,0,NULL,NULL
339,LP_Steam_to_Condensing,inferred,NULL,real,LP Steam to Condensing,LP Steam to Condensing,1,2024-12-12 08:22:07,0,NULL,NULL
340,LP_Steam_to_venting,inferred,NULL,real,LP Steam to venting,LP Steam to venting,1,2024-12-12 08:22:07,0,NULL,NULL
341,Boilers_Running,inferred,NULL,real,Boilers Running,Boilers Running,1,2024-12-12 08:22:07,0,NULL,NULL
342,Steam_Generation_from_Boilers,pi,UN.UO.Steam_Generation_From_Boilers_EO_CALC_OUTPUT,real,Steam Generation from Boilers,Steam Generation from Boilers,1,2024-12-12 08:22:07,0,NULL,NULL
343,Boilers_Specific_Energy_Consumption,pi,UN.UO.Boilers_Specific_Energy_Consumption_EO_CALC_OUTPUT,real,Boilers Specific Energy Consumption,Boilers Specific Energy Consumption,1,2024-12-12 08:22:07,0,NULL,NULL
344,Turbine_Drives_running,inferred,NULL,real,Turbine Drives running,Turbine Drives running,1,2024-12-12 08:22:07,0,NULL,NULL
345,Motor_Drives_running,inferred,NULL,real,Motor Drives running,Motor Drives running,1,2024-12-12 08:22:07,0,NULL,NULL
346,DM_Water_Makeup,inferred,NULL,real,DM Water Makeup,DM Water Makeup,1,2024-12-12 08:22:07,0,NULL,NULL
347,Total_Steam_venting,inferred,NULL,real,Total Steam Vent,Total Steam venting,1,2024-12-12 08:22:07,0,NULL,NULL
348,Total_Energy_Consumption,inferred,NULL,real,Total Energy Import,Total Energy Consumption,1,2024-12-12 08:22:07,0,NULL,NULL
349,Specific_Energy_Cost,inferred,NULL,real,Specific Energy Cost,Specific Energy Cost,1,2024-12-12 08:22:07,0,NULL,NULL
350,Specific_Energy_Consumption,inferred,NULL,real,Specific Energy Consumption,Specific Energy Consumption,1,2024-12-12 08:22:07,0,NULL,NULL
351,Total_BFW_Generated,inferred,NULL,real,Total BFW Generated,Total BFW Generated,1,2024-12-12 08:22:07,0,NULL,NULL
352,Total_BFW_Consumption,inferred,NULL,real,Total BFW Consumption,Total BFW Consumption,1,2024-12-12 08:22:07,0,NULL,NULL
353,Total_Air_Demand,inferred,NULL,real,Total Air Demand,Total Air Demand,1,2024-12-12 08:22:07,0,NULL,NULL
354,Total_CW_Demand,inferred,NULL,real,CW Demand (HDR 1),Total CW Demand,1,2024-12-12 08:22:07,0,NULL,NULL
355,BFW_Imbalance,inferred,NULL,real,BFW Imbalance,BFW Imbalance,1,2024-12-12 08:22:07,0,NULL,NULL
356,BFW_Flow_Consumption,inferred,NULL,real,BFW Flow Consumption,BFW Flow Consumption,1,2024-12-12 08:22:07,0,NULL,NULL
357,VHP_Flow_Demand,pi,UN.UO.VHP_Flow_Demand_EO_CALC_OUTPUT,real,VHP Flow Demand,VHP Flow Demand,1,2024-12-12 08:22:07,0,NULL,NULL
358,Total_Drives_Running,inferred,NULL,real,Total Drives Running,Total Drives Running,1,2024-12-12 08:22:07,0,NULL,NULL
359,Total_Motors_Running,inferred,NULL,real,Total U&O Motors Running,Total Motors Running,1,2024-12-12 08:22:07,0,NULL,NULL
360,Objective,inferred,NULL,real,objective,objective,1,2024-12-12 08:22:07,0,NULL,NULL
361,energy_bill_efficiency,inferred,NULL,real,energy bill efficiency loss,energy_bill_efficiency,1,2024-12-12 08:22:07,0,NULL,NULL
362,opportunity_energy_bills,inferred,NULL,real,Total opportunity in energy bills,opportunity_energy_bills,1,2024-12-12 08:22:07,0,NULL,NULL
363,fuel_efficiency,inferred,NULL,real,fuel efficiency,fuel_efficiency,1,2024-12-12 08:22:07,0,NULL,NULL
364,opportunity_fuel,inferred,NULL,real,opportunity fuel,opportunity_fuel,1,2024-12-12 08:22:07,0,NULL,NULL
365,energy_intensity_index,inferred,NULL,real,energy intensity index,energy_intensity_index,1,2024-12-12 08:22:07,0,NULL,NULL
366,opportunity_co2,inferred,NULL,real,opportunity co2,opportunity_co2,1,2024-12-12 08:22:07,0,NULL,NULL
367,CW_TO_EG1_raw,pi,UN.EG1.29FQI9101,real,CW TO EG1 raw,CW TO EG1 raw,1,2024-12-17 12:52:54,0,NULL,NULL
368,NG_Fuel_to_EG1_raw,pi,UN.EG1.29FC9301.PV,real,NG Fuel to EG1 raw,NG Fuel to EG1 raw,1,2024-12-17 12:52:54,0,NULL,NULL
369,TAILGAS_From_EG1_to_UO_raw,pi,UN.EG1.29FI9304.PV,real,TAILGAS From EG1 to UO raw,TAILGAS From EG1 to UO raw,1,2024-12-17 12:52:54,0,NULL,NULL
370,NG_Fuel_to_EG2_raw,pi,UN.EG2.49FC9301.PV,real,NG Fuel to EG2 raw,NG Fuel to EG2 raw,1,2024-12-17 12:52:54,0,NULL,NULL
371,TAILGAS_From_EG2_to_UO_raw,pi,UN.EG2.49FI9304.PV,real,TAILGAS From EG2 to UO raw,TAILGAS From EG2 to UO raw,1,2024-12-17 12:52:54,0,NULL,NULL
372,NG_Fuel_to_EG3_raw,pi,UN.EG3.69FI9304.PV,real,NG Fuel to EG3 raw,NG Fuel to EG3 raw,1,2024-12-17 12:52:54,0,NULL,NULL
373,TAILGAS_From_EG3_to_UO_raw,pi,UN.EG3.69FI9305.PV,real,TAILGAS From EG3 to UO raw,TAILGAS From EG3 to UO raw,1,2024-12-17 12:52:54,0,NULL,NULL
374,FUEL_GAS_From_UO_to_ETH,pi,UN.ETH.Fuel_Gas_From_Utility_to_Ethylene_EO_CALC_OUTPUT,real,FUEL GAS From UO to ETH,FUEL GAS From UO to ETH,1,2024-12-17 12:52:54,0,NULL,NULL
375,FUEL_GAS_From_UO_to_LAO_raw,pi,UN.LAO.38FI8315.PV,real,FUEL GAS From UO to LAO raw,FUEL GAS From UO to LAO raw,1,2024-12-17 12:52:54,0,NULL,NULL
376,ETHANE_Fuel_From_ETH_to_UO_raw,pi,UN.UO.74FI4001.PV,real,ETHANE Fuel From ETH to UO raw,ETHANE Fuel From ETH to UO raw,1,2024-12-17 12:52:54,0,NULL,NULL
377,FUEL_GAS_From_UO_to_Flare_raw,pi,UN.UO.79FC9081.PV,real,FUEL GAS From UO to Flare raw,FUEL GAS From UO to Flare raw,1,2024-12-17 12:52:54,0,NULL,NULL
378,FUEL_GAS_From_UO_to_Incinerator_raw,pi,UN.UO.79FC9281.PV,real,FUEL GAS From UO to Incinerator raw,FUEL GAS From UO to Incinerator raw,1,2024-12-17 12:52:54,0,NULL,NULL
379,FUEL_GAS_From_UO_to_WTO_raw,pi,UN.UO.79FI9584.PV,real,FUEL GAS From UO to WTO raw,FUEL GAS From UO to WTO raw,1,2024-12-17 12:52:54,0,NULL,NULL
380,NATURAL_GAS_Import_CTM_raw,pi,UN.UO.83FI0002TOT.Input,real,NATURAL GAS Import CTM raw,NATURAL GAS Import CTM raw,1,2024-12-17 12:52:54,0,NULL,NULL
381,Total_Flow_to_Deareator_B,pi,UN.UO.71FI1097.PV,real,Total Flow to Deareator B,Total Flow to Deareator B,1,2024-12-17 12:52:54,0,NULL,NULL
382,Total_Flow_to_Deareator_A,pi,UN.UO.71FI1096.PV,real,Total Flow to Deareator A,Total Flow to Deareator A,1,2024-12-17 12:52:54,0,NULL,NULL
383,Polished_Condenstae_to_Deaerator,pi,UN.UO.71FC1839.PV,real,Polished Condenstae to Deaerator,Polished Condenstae to Deaerator,1,2024-12-17 12:52:54,0,NULL,NULL
384,BFW_TO_BOILER_A,pi,UN.UO.71FC1103.PV,real,BFW TO BOILER A,BFW TO BOILER A,1,2024-12-17 12:52:54,0,NULL,NULL
385,BFW_TO_BOILER_B,pi,UN.UO.71FC1203.PV,real,BFW TO BOILER B,BFW TO BOILER B,1,2024-12-17 12:52:54,0,NULL,NULL
386,BFW_TO_BOILER_C,pi,UN.UO.71FI1303.PV,real,BFW TO BOILER C,BFW TO BOILER C,1,2024-12-17 12:52:54,0,NULL,NULL
387,BFW_TO_BOILER_D,pi,UN.UO.71FI1403.PV,real,BFW TO BOILER D,BFW TO BOILER D,1,2024-12-17 12:52:54,0,NULL,NULL
388,BFW_TO_BOILER_E,pi,UN.UO.71FC1503.PV,real,BFW TO BOILER E,BFW TO BOILER E,1,2024-12-17 12:52:54,0,NULL,NULL
389,ETH_Plant_Status,pi,UN.ETH.Plant_Status_EO_CALC_OUTPUT,polynomial,ETH Plant Status,ETH Plant Status,1,2024-12-17 12:52:55,0,NULL,NULL
390,EOEG1_Plant_Status,pi,UN.EG1.EG1_Plant_Status_EO_CALC_OUTPUT,polynomial,EOEG1 Plant Status,EOEG1 Plant Status,1,2024-12-17 12:52:55,0,NULL,NULL
391,EOEG2_Plant_Status,pi,UN.EG2.EG2_Plant_Status_EO_CALC_OUTPUT,polynomial,EOEG2 Plant Status,EOEG2 Plant Status,1,2024-12-17 12:52:55,0,NULL,NULL
392,EOEG3_Plant_Status,pi,UN.EG3.EG3_Plant_Status_EO_CALC_OUTPUT,polynomial,EOEG3 Plant Status,EOEG3 Plant Status,1,2024-12-17 12:52:55,0,NULL,NULL
393,LAO_Plant_Status,pi,UN.LAO.Plant_Status_EO_CALC_OUTPUT,polynomial,LAO Plant Status,LAO Plant Status,1,2024-12-17 12:52:55,0,NULL,NULL
394,CO2_Plant_Status,pi,UN.CO2.CO2_Plant_Status_EO_CALC_OUTPUT,polynomial,CO2 Plant Status,CO2 Plant Status,1,2024-12-17 12:52:55,0,NULL,NULL
395,UO_Plant_Status,inferred,NULL,real,UO Plant Status,UO Plant Status,1,2024-12-17 12:52:55,0,NULL,NULL
396,ETH_Power_Consumption,pi,UN.ETH.Power_Consumption_EO_CALC_OUTPUT,real,ETH Power Consumption,ETH Power Consumption,1,2024-12-17 12:52:55,0,NULL,NULL
397,EOEG_1_Power_Consumption,pi,UN.EG1.Power_Consumption_EO_CALC_OUTPUT,real,EOEG 1 Power Consumption,EOEG 1 Power Consumption,1,2024-12-17 12:52:55,0,NULL,NULL
398,EOEG_2_Power_Consumption,pi,UN.EG2.Power_Consumption_EO_CALC_OUTPUT,real,EOEG 2 Power Consumption,EOEG 2 Power Consumption,1,2024-12-17 12:52:55,0,NULL,NULL
399,EOEG_3_Power_Consumption,pi,UN.EG3.Power_Consumption_EO_CALC_OUTPUT,real,EOEG 3 Power Consumption,EOEG 3 Power Consumption,1,2024-12-17 12:52:55,0,NULL,NULL
400,LAO_Power_Consumption,pi,UN.LAO.Power_Consumption_EO_CALC_OUTPUT,real,LAO Power Consumption,LAO Power Consumption,1,2024-12-17 12:52:55,0,NULL,NULL
401,CO2_Power_Consumption,pi,UN.CO2.CO2_Power_Consumption_EO_CALC_OUTPUT,real,CO2 Power Consumption,CO2 Power Consumption,1,2024-12-17 12:52:55,0,NULL,NULL
402,UO_Power_Consumption_without_Drives,pi,UN.UO.Power_Consumption_without_Drives_EO_CALC_OUTPUT,real,UO Power Consumption without Drives,UO Power Consumption without Drives,1,2024-12-17 12:52:55,0,NULL,NULL
403,Total_Power_Consumption_without_Drives,inferred,NULL,real,Total Power Consumption without Drives,Total Power Consumption without Drives,1,2024-12-17 12:52:55,0,NULL,NULL
404,Total_Power_Consumption,inferred,NULL,real,Total Power Import,Total Power Consumption,1,2024-12-17 12:52:55,0,NULL,NULL
405,NG_Fuel_to_EG1,pi,UN.EG1.Natural_Gas_Fuel_to_Ethylene_Glycol_EO_CALC_OUTPUT,real,NG Fuel to EG1,NG Fuel to EG1,1,2024-12-17 12:52:55,0,NULL,NULL
406,TAILGAS_From_EG1_to_UO,inferred,NULL,real,TAILGAS From EG1 to UO,TAILGAS From EG1 to UO,1,2024-12-17 12:52:55,0,NULL,NULL
407,NG_Fuel_to_EG2,inferred,NULL,real,NG Fuel to EG2,NG Fuel to EG2,1,2024-12-17 12:52:55,0,NULL,NULL
408,TAILGAS_From_EG2_to_UO,inferred,NULL,real,TAILGAS From EG2 to UO,TAILGAS From EG2 to UO,1,2024-12-17 12:52:55,0,NULL,NULL
409,NG_Fuel_to_EG3,inferred,NULL,real,NG Fuel to EG3,NG Fuel to EG3,1,2024-12-17 12:52:55,0,NULL,NULL
410,TAILGAS_From_EG3_to_UO,inferred,NULL,real,TAILGAS From EG3 to UO,TAILGAS From EG3 to UO,1,2024-12-17 12:52:55,0,NULL,NULL
411,FUEL_GAS_From_UO_to_LAO,pi,UN.LAO.Fuel_Gas_From_Utility_to_LAO_EO_CALC_OUTPUT,real,FUEL GAS From UO to LAO,FUEL GAS From UO to LAO,1,2024-12-17 12:52:55,0,NULL,NULL
412,ETHANE_Fuel_From_ETH_to_UO,inferred,NULL,real,ETHANE Fuel From ETH to UO,ETHANE Fuel From ETH to UO,1,2024-12-17 12:52:55,0,NULL,NULL
413,FUEL_GAS_From_UO_to_Flare,pi,UN.UO.Fuel_Gas_From_Utility_to_Flare_EO_CALC_OUTPUT,real,FUEL GAS From UO to Flare,FUEL GAS From UO to Flare,1,2024-12-17 12:52:55,0,NULL,NULL
414,FUEL_GAS_From_UO_to_Incinerator,inferred,NULL,real,FUEL GAS From UO to Incinerator,FUEL GAS From UO to Incinerator,1,2024-12-17 12:52:55,0,NULL,NULL
415,FUEL_GAS_From_UO_to_WTO,pi,UN.UO.Fuel_Gas_From_Utility_to_WTO_EO_CALC_OUTPUT,real,FUEL GAS From UO to WTO,FUEL GAS From UO to WTO,1,2024-12-17 12:52:55,0,NULL,NULL
416,NATURAL_GAS_Import_CTM,inferred,NULL,real,Total Fuel Import,NATURAL GAS Import CTM,1,2024-12-17 12:52:55,0,NULL,NULL
417,Total_Fuel_Supply,inferred,NULL,real,Total Fuel Supply,Total Fuel Supply,1,2024-12-17 12:52:55,0,NULL,NULL
418,Total_Fuel_Consumption_without_Boilers,inferred,NULL,real,Total Fuel Consumption without Boilers,Total Fuel Consumption without Boilers,1,2024-12-17 12:52:55,0,NULL,NULL
419,Total_Fuel_Consumption,inferred,NULL,real,Total Fuel Consumption,Total Fuel Consumption,1,2024-12-17 12:52:55,0,NULL,NULL
420,Total_Fuel_Imbalance,inferred,NULL,real,Total Fuel Imbalance,Total Fuel Imbalance,1,2024-12-17 12:52:55,0,NULL,NULL
421,Power_Bill,inferred,NULL,real,Power Bill U&O,Power Bill,1,2024-12-17 12:52:55,0,NULL,NULL
422,Fuel_Bill,inferred,NULL,real,Fuel Bill U&O,Fuel Bill,1,2024-12-17 12:52:55,0,NULL,NULL
423,DMW_Bill,inferred,NULL,real,DMW Bill U&O,DMW Bill,1,2024-12-17 12:52:55,0,NULL,NULL
424,Total_Energy_Bill,inferred,NULL,real,Total Energy Bill U&O,Objective function (Energy Bill),1,2024-12-17 12:52:55,0,NULL,NULL
425,BFW_to_Boilers,pi,UN.UO.BFW_To_Boilers_EO_CALC_OUTPUT,real,BFW to Boilers,BFW to Boilers,1,2024-12-17 12:52:55,0,NULL,NULL
426,Buffer_Steam_in_Boilers,inferred,NULL,real,Buffer Steam in Boilers,Buffer_Steam_in_Boilers,1,2024-12-17 12:52:55,0,NULL,NULL
427,BLR_1_Capacity,inferred,NULL,real,Boiler A Capacity,BLR_1_Capacity,1,2024-12-17 12:52:55,0,NULL,NULL
428,BLR_2_Capacity,inferred,NULL,real,Boiler B Capacity,BLR_2_Capacity,1,2024-12-17 12:52:55,0,NULL,NULL
429,BLR_3_Capacity,inferred,NULL,real,Boiler C Capacity,BLR_3_Capacity,1,2024-12-17 12:52:55,0,NULL,NULL
430,BLR_4_Capacity,inferred,NULL,real,Boiler D Capacity,BLR_4_Capacity,1,2024-12-17 12:52:55,0,NULL,NULL
431,BLR_5_Capacity,inferred,NULL,real,Boiler E Capacity,BLR_5_Capacity,1,2024-12-17 12:52:55,0,NULL,NULL
432,Buffer_in_BFW_Flow_Margin,inferred,NULL,real,Buffer in BFW Flow Margin,Buffer_in_BFW_Flow_Margin,1,2024-12-17 12:52:55,0,NULL,NULL
433,Buffer_in_VHP_Flow_Margin,inferred,NULL,real,Buffer in VHP Flow Margin,Buffer_in_VHP_Flow_Margin,1,2024-12-17 12:52:55,0,NULL,NULL
434,Buffer_in_Air_Flow_Margin,inferred,NULL,real,Buffer in Air Flow Margin,Buffer_in_Air_Flow_Margin,1,2024-12-17 12:52:55,0,NULL,NULL
435,Buffer_in_CW_Flow_Margin,inferred,NULL,real,Buffer in CW Flow Margin,Buffer_in_CW_Flow_Margin,1,2024-12-17 12:52:55,0,NULL,NULL
436,UO_HP_MP_Desuperheater2_opening_v1,pi,UN.UO.70PC0012B.MV,real,UO HP MP Desuperheater2 opening v1,UO HP MP Desuperheater2 opening v1,1,2024-12-18 15:57:43,0,NULL,NULL
437,UN_EG1_21II1815A_PV,pi,UN.EG1.21II1815A.PV,real,UN EG1 21II1815A PV,UN EG1 21II1815A PV,0,2024-12-18 15:57:43,0,NULL,NULL
438,UN_EG2_41II1815A_PV,pi,UN.EG2.41II1815A.PV,real,UN EG2 41II1815A PV,UN EG2 41II1815A PV,0,2024-12-18 15:57:43,0,NULL,NULL
439,Boiler_A_DSP_outlet_Temp,pi,UN.UO.71TC1111.PV,real,Boiler A DSP outlet Temp,Boiler A DSP outlet Temp,1,2024-12-18 15:57:43,0,NULL,NULL
440,Boiler_A_DSP_outlet_Pressure,pi,UN.UO.71PI1113.PV,real,Boiler A DSP outlet Pressure,Boiler A DSP outlet Pressure,1,2024-12-18 15:57:43,0,NULL,NULL
441,Boiler_B_DSP_outlet_Temp,pi,UN.UO.71TC1211.PV,real,Boiler B DSP outlet Temp,Boiler B DSP outlet Temp,1,2024-12-18 15:57:43,0,NULL,NULL
442,Boiler_B_DSP_outlet_Pressure,pi,UN.UO.71PI1213.PV,real,Boiler B DSP outlet Pressure,Boiler B DSP outlet Pressure,1,2024-12-18 15:57:43,0,NULL,NULL
443,Boiler_C_DSP_outlet_Temp,pi,UN.UO.71TC1311.PV,real,Boiler C DSP outlet Temp,Boiler C DSP outlet Temp,1,2024-12-18 15:57:43,0,NULL,NULL
444,Boiler_C_DSP_outlet_Pressure,pi,UN.UO.71PI1313.PV,real,Boiler C DSP outlet Pressure,Boiler C DSP outlet Pressure,1,2024-12-18 15:57:43,0,NULL,NULL
445,Boiler_D_DSP_outlet_Temp,pi,UN.UO.71TC1411.PV,real,Boiler D DSP outlet Temp,Boiler D DSP outlet Temp,1,2024-12-18 15:57:43,0,NULL,NULL
446,Boiler_D_DSP_outlet_Pressure,pi,UN.UO.71PI1413.PV,real,Boiler D DSP outlet Pressure,Boiler D DSP outlet Pressure,1,2024-12-18 15:57:43,0,NULL,NULL
447,Boiler_E_DSP_outlet_Temp,pi,UN.UO.71TC1511.PV,real,Boiler E DSP outlet Temp,Boiler E DSP outlet Temp,1,2024-12-18 15:57:43,0,NULL,NULL
448,Boiler_E_DSP_outlet_Pressure,pi,UN.UO.71PC1513.PV,real,Boiler E DSP outlet Pressure,Boiler E DSP outlet Pressure,1,2024-12-18 15:57:43,0,NULL,NULL
449,UO_HP_MP_Desuperheater1_opening,pi,UN.UO.70PC0007A.MV,real,UO HP MP Desuperheater1 opening,UO HP MP Desuperheater1 opening,1,2024-12-18 15:57:43,0,NULL,NULL
450,UO_HP_MP_Desuperheater1_water_opening,pi,UN.UO.70TC0005.MV,real,UO HP MP Desuperheater1 water opening,UO HP MP Desuperheater1 water opening,1,2024-12-18 15:57:43,0,NULL,NULL
451,UO_MP_LP_letdown2_opening,pi,UN.UO.70PC0013C.MV,real,UO MP LP letdown2 opening,UO MP LP letdown2 opening,1,2024-12-18 15:57:43,0,NULL,NULL
452,LP_steam_to_Deaerator_A_Temp,pi,UN.UO.71TI1001.PV,real,LP steam to Deaerator A Temp,LP steam to Deaerator A Temp,1,2024-12-18 15:57:43,0,NULL,NULL
453,LP_steam_to_Deaerator_A_pressure,pi,UN.UO.71PC1005.PV,real,LP steam to Deaerator A pressure,LP steam to Deaerator A pressure,1,2024-12-18 15:57:43,0,NULL,NULL
454,LP_steam_to_Deaerator_B_Temp,pi,UN.UO.71TI1002.PV,real,LP steam to Deaerator B Temp,LP steam to Deaerator B Temp,1,2024-12-18 15:57:43,0,NULL,NULL
455,LP_steam_to_Deaerator_B_pressure,pi,UN.UO.71PC1008.PV,real,LP steam to Deaerator B pressure,LP steam to Deaerator B pressure,1,2024-12-18 15:57:43,0,NULL,NULL
456,Furnace_A_steam_outlet_temp,pi,UN.ETH.11TC1017A.PV,real,Furnace A steam outlet temp,Furnace A steam outlet temp,1,2024-12-18 15:57:43,0,NULL,NULL
457,Furnace_A_steam_outlet_pressure,pi,UN.ETH.11PI1688A.PV,real,Furnace A steam outlet pressure,Furnace A steam outlet pressure,1,2024-12-18 15:57:43,0,NULL,NULL
458,Furnace_A_steam_outlet_flow,pi,UN.ETH.11FI1031A.PV,real,Furnace A steam outlet flow,Furnace A steam outlet flow,1,2024-12-18 15:57:43,0,NULL,NULL
459,Furnace_B_steam_outlet_temp,pi,UN.ETH.11TC1017B.PV,real,Furnace B steam outlet temp,Furnace B steam outlet temp,1,2024-12-18 15:57:43,0,NULL,NULL
460,Furnace_B_steam_outlet_pressure,pi,UN.ETH.11PI1688B.PV,real,Furnace B steam outlet pressure,Furnace B steam outlet pressure,1,2024-12-18 15:57:43,0,NULL,NULL
461,Furnace_B_steam_outlet_flow,pi,UN.ETH.11FI1031B.PV,real,Furnace B steam outlet flow,Furnace B steam outlet flow,1,2024-12-18 15:57:43,0,NULL,NULL
462,Furnace_C_steam_outlet_temp,pi,UN.ETH.11TC1017C.PV,real,Furnace C steam outlet temp,Furnace C steam outlet temp,1,2024-12-18 15:57:43,0,NULL,NULL
463,Furnace_C_steam_outlet_pressure,pi,UN.ETH.11PI1688C.PV,real,Furnace C steam outlet pressure,Furnace C steam outlet pressure,1,2024-12-18 15:57:43,0,NULL,NULL
464,Furnace_C_steam_outlet_flow,pi,UN.ETH.11FI1031C.PV,real,Furnace C steam outlet flow,Furnace C steam outlet flow,1,2024-12-18 15:57:43,0,NULL,NULL
465,Furnace_D_steam_outlet_temp,pi,UN.ETH.11TC1017D.PV,real,Furnace D steam outlet temp,Furnace D steam outlet temp,1,2024-12-18 15:57:43,0,NULL,NULL
466,Furnace_D_steam_outlet_pressure,pi,UN.ETH.11PI1688D.PV,real,Furnace D steam outlet pressure,Furnace D steam outlet pressure,1,2024-12-18 15:57:43,0,NULL,NULL
467,Furnace_D_steam_outlet_flow,pi,UN.ETH.11FI1031D.PV,real,Furnace D steam outlet flow,Furnace D steam outlet flow,1,2024-12-18 15:57:43,0,NULL,NULL
468,Furnace_E_steam_outlet_temp,pi,UN.ETH.11TC1017E.PV,real,Furnace E steam outlet temp,Furnace E steam outlet temp,1,2024-12-18 15:57:43,0,NULL,NULL
469,Furnace_E_steam_outlet_pressure,pi,UN.ETH.11PI1688E.PV,real,Furnace E steam outlet pressure,Furnace E steam outlet pressure,1,2024-12-18 15:57:43,0,NULL,NULL
470,Furnace_E_steam_outlet_flow,pi,UN.ETH.11FI1031E.PV,real,Furnace E steam outlet flow,Furnace E steam outlet flow,1,2024-12-18 15:57:43,0,NULL,NULL
471,Furnace_F_steam_outlet_temp,pi,UN.ETH.11TC1017F.PV,real,Furnace F steam outlet temp,Furnace F steam outlet temp,1,2024-12-18 15:57:43,0,NULL,NULL
472,Furnace_F_steam_outlet_pressure,pi,UN.ETH.11PI1688F.PV,real,Furnace F steam outlet pressure,Furnace F steam outlet pressure,1,2024-12-18 15:57:43,0,NULL,NULL
473,Furnace_F_steam_outlet_flow,pi,UN.ETH.11FI1031F.PV,real,Furnace F steam outlet flow,Furnace F steam outlet flow,1,2024-12-18 15:57:43,0,NULL,NULL
474,Furnace_G_steam_outlet_temp,pi,UN.ETH.11TC1017G.PV,real,Furnace G steam outlet temp,Furnace G steam outlet temp,1,2024-12-18 15:57:43,0,NULL,NULL
475,Furnace_G_steam_outlet_pressure,pi,UN.ETH.11PI1688G.PV,real,Furnace G steam outlet pressure,Furnace G steam outlet pressure,1,2024-12-18 15:57:43,0,NULL,NULL
476,Furnace_G_steam_outlet_flow,pi,UN.ETH.11FI1031G.PV,real,Furnace G steam outlet flow,Furnace G steam outlet flow,1,2024-12-18 15:57:43,0,NULL,NULL
477,Furnace_H_steam_outlet_temp,pi,UN.ETH.11TC1017H.PV,real,Furnace H steam outlet temp,Furnace H steam outlet temp,1,2024-12-18 15:57:43,0,NULL,NULL
478,Furnace_H_steam_outlet_pressure,pi,UN.ETH.11PI1688H.PV,real,Furnace H steam outlet pressure,Furnace H steam outlet pressure,1,2024-12-18 15:57:43,0,NULL,NULL
479,Furnace_H_steam_outlet_flow,pi,UN.ETH.11FI1031H.PV,real,Furnace H steam outlet flow,Furnace H steam outlet flow,1,2024-12-18 15:57:43,0,NULL,NULL
480,Furnace_J_steam_outlet_temp,pi,UN.ETH.11TC1017J.PV,real,Furnace J steam outlet temp,Furnace J steam outlet temp,1,2024-12-18 15:57:43,0,NULL,NULL
481,Furnace_J_steam_outlet_pressure,pi,UN.ETH.11PI1688J.PV,real,Furnace J steam outlet pressure,Furnace J steam outlet pressure,1,2024-12-18 15:57:43,0,NULL,NULL
482,Furnace_J_steam_outlet_flow,pi,UN.ETH.11FI1031J.PV,real,Furnace J steam outlet flow,Furnace J steam outlet flow,1,2024-12-18 15:57:43,0,NULL,NULL
483,Furnace_A_VHP_Desuperheater_water,pi,UN.ETH.11FI1033A.PV,real,Furnace A VHP Desuperheater water,Furnace A VHP Desuperheater water,1,2024-12-18 15:57:43,0,NULL,NULL
484,Furnace_B_VHP_Desuperheater_water,pi,UN.ETH.11FI1033B.PV,real,Furnace B VHP Desuperheater water,Furnace B VHP Desuperheater water,1,2024-12-18 15:57:43,0,NULL,NULL
485,Furnace_C_VHP_Desuperheater_water,pi,UN.ETH.11FI1033C.PV,real,Furnace C VHP Desuperheater water,Furnace C VHP Desuperheater water,1,2024-12-18 15:57:43,0,NULL,NULL
486,Furnace_D_VHP_Desuperheater_water,pi,UN.ETH.11FI1033D.PV,real,Furnace D VHP Desuperheater water,Furnace D VHP Desuperheater water,1,2024-12-18 15:57:43,0,NULL,NULL
487,Furnace_E_VHP_Desuperheater_water,pi,UN.ETH.11FI1033E.PV,real,Furnace E VHP Desuperheater water,Furnace E VHP Desuperheater water,1,2024-12-18 15:57:43,0,NULL,NULL
488,Furnace_F_VHP_Desuperheater_water,pi,UN.ETH.11FI1033F.PV,real,Furnace F VHP Desuperheater water,Furnace F VHP Desuperheater water,1,2024-12-18 15:57:43,0,NULL,NULL
489,Furnace_G_VHP_Desuperheater_water,pi,UN.ETH.11FI1033G.PV,real,Furnace G VHP Desuperheater water,Furnace G VHP Desuperheater water,1,2024-12-18 15:57:43,0,NULL,NULL
490,Furnace_H_VHP_Desuperheater_water,pi,UN.ETH.11FI1033H.PV,real,Furnace H VHP Desuperheater water,Furnace H VHP Desuperheater water,1,2024-12-18 15:57:43,0,NULL,NULL
491,Furnace_J_VHP_Desuperheater_water,pi,UN.ETH.11FI1033J.PV,real,Furnace J VHP Desuperheater water,Furnace J VHP Desuperheater water,1,2024-12-18 15:57:43,0,NULL,NULL
492,ETH_VHP_HP_Desuperheater1_water_opening,pi,UN.ETH.17TC7006.MV,real,ETH VHP HP Desuperheater1 water opening,ETH VHP HP Desuperheater1 water opening,1,2024-12-18 15:57:43,0,NULL,NULL
493,ETH_VHP_HP_Desuperheater2_opening,pi,UN.ETH.17PC7024.MV,real,ETH VHP HP Desuperheater2 opening,ETH VHP HP Desuperheater2 opening,1,2024-12-18 15:57:43,0,NULL,NULL
494,ETH_VHP_HP_Desuperheater2_water_opening,pi,UN.ETH.17TC7012.MV,real,ETH VHP HP Desuperheater2 water opening,ETH VHP HP Desuperheater2 water opening,1,2024-12-18 15:57:43,0,NULL,NULL
495,ETH_VHP_HP_Desuperheater1_outlet_temp,pi,UN.ETH.17TC7006.PV,real,ETH VHP HP Desuperheater1 outlet temp,ETH VHP HP Desuperheater1 outlet temp,1,2024-12-18 15:57:43,0,NULL,NULL
496,ETH_VHP_HP_Desuperheater2_outlet_temp,pi,UN.ETH.17TC7012.PV,real,ETH VHP HP Desuperheater2 outlet temp,ETH VHP HP Desuperheater2 outlet temp,1,2024-12-18 15:57:43,0,NULL,NULL
497,ETH_HP_steam_BL_Import_pressure,pi,UN.ETH.17PC7121.PV,real,ETH HP steam BL Import pressure,ETH HP steam BL Import pressure,1,2024-12-18 15:57:43,0,NULL,NULL
498,ETH_HP_steam_BL_import_temp,pi,UN.ETH.17TI7101.PV,real,ETH HP steam BL import temp,ETH HP steam BL import temp,1,2024-12-18 15:57:43,0,NULL,NULL
499,ETH_HP_steam_BL_Export_pressure,pi,UN.ETH.17PC7120.PV,real,ETH HP steam BL Export pressure,ETH HP steam BL Export pressure,1,2024-12-18 15:57:43,0,NULL,NULL
500,ETH_HP_steam_BL_Export_temp,pi,UN.ETH.17TI7102.PV,real,ETH HP steam BL Export temp,ETH HP steam BL Export temp,1,2024-12-18 15:57:43,0,NULL,NULL
501,ETH_HP_LP_Desuperheater_water_opening,pi,UN.ETH.17TC7008.MV,real,ETH HP LP Desuperheater water opening,ETH HP LP Desuperheater water opening,1,2024-12-18 15:57:43,0,NULL,NULL
502,Ethane_feed_superheater_HP_steam_valve_opening,pi,UN.ETH.11TC1004.MV,real,Ethane feed superheater HP steam valve opening,Ethane feed superheater HP steam valve opening,1,2024-12-18 15:57:43,0,NULL,NULL
503,CGC_turbine_Inlet_steam_pressure,pi,UN.ETH.12PI2125.PV,real,CGC turbine Inlet steam pressure,CGC turbine Inlet steam pressure,1,2024-12-18 15:57:43,0,NULL,NULL
504,CGC_turbine_Inlet_steam_flow,pi,UN.ETH.12FI2157.PV,real,CGC turbine Inlet steam flow,CGC turbine Inlet steam flow,1,2024-12-18 15:57:43,0,NULL,NULL
505,Quench_water_pump_turbine_Inlet_steam_flow,pi,UN.ETH.11FI1259.PV,real,Quench water pump turbine Inlet steam flow,Quench water pump turbine Inlet steam flow,1,2024-12-18 15:57:43,0,NULL,NULL
506,C2R_turbine_Inlet_steam_temp,pi,UN.ETH.15TI5105.PV,real,C2R turbine Inlet steam temp,C2R turbine Inlet steam temp,1,2024-12-18 15:57:43,0,NULL,NULL
507,C2R_turbine_Inlet_steam_pressure,pi,UN.ETH.15PI5029.PV,real,C2R turbine Inlet steam pressure,C2R turbine Inlet steam pressure,1,2024-12-18 15:57:43,0,NULL,NULL
508,C2R_turbine_Inlet_steam_flow,pi,UN.ETH.15FI5165.PV,real,C2R turbine Inlet steam flow,C2R turbine Inlet steam flow,1,2024-12-18 15:57:43,0,NULL,NULL
509,C3R_turbine_Inlet_steam_temp,pi,UN.ETH.16TI6006.PV,real,C3R turbine Inlet steam temp,C3R turbine Inlet steam temp,1,2024-12-18 15:57:43,0,NULL,NULL
510,C3R_turbine_Inlet_steam_pressure,pi,UN.ETH.16PI6029.PV,real,C3R turbine Inlet steam pressure,C3R turbine Inlet steam pressure,1,2024-12-18 15:57:43,0,NULL,NULL
511,C3R_turbine_Inlet_steam_flow,pi,UN.ETH.16FI6065.PV,real,C3R turbine Inlet steam flow,C3R turbine Inlet steam flow,1,2024-12-18 15:57:43,0,NULL,NULL
512,C2R_turbine_outlet_steam_pressure,pi,UN.ETH.16PI6028.PV,real,C2R turbine outlet steam pressure,C2R turbine outlet steam pressure,1,2024-12-18 15:57:43,0,NULL,NULL
513,C3R_turbine_outlet_steam_temp,pi,UN.ETH.16TI6008.PV,real,C3R turbine outlet steam temp,C3R turbine outlet steam temp,1,2024-12-18 15:57:43,0,NULL,NULL
514,ETH_LP_steam_BL_pressure,pi,UN.ETH.17PI7122.PV,real,ETH LP steam BL pressure,ETH LP steam BL pressure,1,2024-12-18 15:57:43,0,NULL,NULL
515,ETH_LP_steam_BL_temp,pi,UN.ETH.17TI7103.PV,real,ETH LP steam BL temp,ETH LP steam BL temp,1,2024-12-18 15:57:43,0,NULL,NULL
516,ETH_LP_LLP_Desuperheater_water_opening,pi,UN.ETH.17TC7100.MV,real,ETH LP LLP Desuperheater water opening,ETH LP LLP Desuperheater water opening,1,2024-12-18 15:57:43,0,NULL,NULL
517,Stored_ethylene_product_vaporiser_steam_Inlet_valve_opening,pi,UN.ETH.15TC5101.MV,real,Stored ethylene product vaporiser steam Inlet valve opening,Stored ethylene product vaporiser steam Inlet valve opening,1,2024-12-18 15:57:43,0,NULL,NULL
518,Ethane_feed_saturator_inlet_steam_flow,pi,UN.ETH.11FC1021.PV,real,Ethane feed saturator inlet steam flow,Ethane feed saturator inlet steam flow,1,2024-12-18 15:57:43,0,NULL,NULL
519,Process_condensate_stripper_Inlet_steam_flow,pi,UN.ETH.11FI1675.PV,real,Process condensate stripper Inlet steam flow,Process condensate stripper Inlet steam flow,1,2024-12-18 15:57:43,0,NULL,NULL
520,Deethaniser_reboiler_Inlet_steam_flow,pi,UN.ETH.13FC3060.PV,real,Deethaniser  reboiler Inlet steam flow,Deethaniser  reboiler Inlet steam flow,1,2024-12-18 15:57:43,0,NULL,NULL
521,EG1_HP_steam_BL_pressure,pi,UN.EG1.29PI9201.PV,real,EG1 HP steam BL pressure,EG1 HP steam BL pressure,1,2024-12-18 15:57:43,0,NULL,NULL
522,EG1_HP_steam_BL_temp,pi,UN.EG1.29TI9201.PV,real,EG1 HP steam BL temp,EG1 HP steam BL temp,1,2024-12-18 15:57:43,0,NULL,NULL
523,EG1_MP_steam_BL_pressure,pi,UN.EG1.29PI9203.PV,real,EG1 MP steam BL pressure,EG1 MP steam BL pressure,1,2024-12-18 15:57:43,0,NULL,NULL
524,EG1_MP_steam_BL_temp,pi,UN.EG1.29TI9202.PV,real,EG1 MP steam BL temp,EG1 MP steam BL temp,1,2024-12-18 15:57:43,0,NULL,NULL
525,EG1_LP_steam_BL_pressure,pi,UN.EG1.29PI9205.PV,real,EG1 LP steam BL pressure,EG1 LP steam BL pressure,1,2024-12-18 15:57:43,0,NULL,NULL
526,EG1_LP_steam_BL_temp,pi,UN.EG1.29TI9203.PV,real,EG1 LP steam BL temp,EG1 LP steam BL temp,1,2024-12-18 15:57:43,0,NULL,NULL
527,EG1_HP_desuperheated_temp,pi,UN.EG1.29TC9205.PV,real,EG1 HP desuperheated temp,EG1 HP desuperheated temp,1,2024-12-18 15:57:43,0,NULL,NULL
528,EG1_MP_desuperheated_temp,pi,UN.EG1.29TC9207.PV,real,EG1 MP desuperheated temp,EG1 MP desuperheated temp,1,2024-12-18 15:57:43,0,NULL,NULL
529,EG1_LP_desuperheated_temp,pi,UN.EG1.29TC9209.PV,real,EG1 LP desuperheated temp,EG1 LP desuperheated temp,1,2024-12-18 15:57:43,0,NULL,NULL
530,EG1_HP_desuperheater_valve_opening,pi,UN.EG1.29TC9205.MV,real,EG1 HP desuperheater valve opening,EG1 HP desuperheater valve opening,1,2024-12-18 15:57:43,0,NULL,NULL
531,EG1_MP_desuperheater_valve_opening,pi,UN.EG1.29TC9207.MV,real,EG1 MP desuperheater valve opening,EG1 MP desuperheater valve opening,1,2024-12-18 15:57:43,0,NULL,NULL
532,EG1_LP_desuperheater_valve_opening,pi,UN.EG1.29TC9209.MV,real,EG1 LP desuperheater valve opening,EG1 LP desuperheater valve opening,1,2024-12-18 15:57:43,0,NULL,NULL
533,EG1_EO_reactor1_HP_steam_generation,pi,UN.EG1.21FI1361A.PV,real,EG1 EO reactor1 HP steam generation,EG1 EO reactor1 HP steam generation,1,2024-12-18 15:57:43,0,NULL,NULL
534,EG1_EO_reactor2_HP_steam_generation,pi,UN.EG1.21FI1461A.PV,real,EG1 EO reactor2 HP steam generation,EG1 EO reactor2 HP steam generation,1,2024-12-18 15:57:43,0,NULL,NULL
535,EG1_Reactor1_steam_drum_HP_steam_generation,pi,UN.EG1.21FC1107.PV,real,EG1 Reactor1 steam drum HP steam generation,EG1 Reactor1 steam drum HP steam generation,1,2024-12-18 15:57:43,0,NULL,NULL
536,EG1_Reactor2_steam_drum_HP_steam_generation,pi,UN.EG1.21FC1207.PV,real,EG1 Reactor2 steam drum HP steam generation,EG1 Reactor2 steam drum HP steam generation,1,2024-12-18 15:57:43,0,NULL,NULL
537,EG1_MP_from_V2110,pi,UN.EG1.21FI1106.PV,real,EG1 Reactor1 steam drum MP steam generation,EG1 Reactor1 steam drum MP steam generation,1,2024-12-18 15:57:43,0,NULL,NULL
538,EG1_MP_from_V2120,pi,UN.EG1.21FI1206.PV,real,EG1 Reactor2 steam drum MP steam generation,EG1 Reactor2 steam drum MP steam generation,1,2024-12-18 15:57:43,0,NULL,NULL
539,EG1_MP_to_E_2630,pi,UN.EG1.26FC6515.PV,real,EG1 MEG splitter reboiler Inlet MP steam flow,EG1 MEG splitter reboiler Inlet steam flow,1,2024-12-18 15:57:43,0,NULL,NULL
540,EG1_MP_to_E_2710,pi,UN.EG1.27FC7208.PV,real,EG1 DEG column reboiler Inlet MP steam flow,EG1 DEG column reboiler Inlet steam flow,1,2024-12-18 15:57:43,0,NULL,NULL
541,EG1_MP_to_E_2720,pi,UN.EG1.27FC7408.PV,real,EG1 TEG column reboiler Inlet MP steam flow,EG1 TEG column reboiler Inlet steam flow,1,2024-12-18 15:57:43,0,NULL,NULL
542,EG1_MP_to_E_2610,pi,UN.EG1.26FC6205.PV,real,EG1 Drying column reboiler Inlet MP steam flow,EG1 Drying column reboiler Inlet steam flow,1,2024-12-18 15:57:43,0,NULL,NULL
543,EG1_MP_to_E_2620,pi,UN.EG1.26FC6308.PV,real,EG1 MEG column reboiler Inlet MP steam flow,EG1 MEG column reboiler Inlet steam flow,1,2024-12-18 15:57:43,0,NULL,NULL
544,EG1_MP_to_E_2624,pi,UN.EG1.26FC6388.PV,real,EG1 MEG column reboiler heater Inlet MP steam flow,EG1 MEG column reboiler heater Inlet steam flow,1,2024-12-18 15:57:43,0,NULL,NULL
545,EG1_MP_to_V_2533,pi,UN.EG1.25FC5537.PV,real,EG1 Third effect reboiler condensate drum Inlet MP steam flow,EG1 Third effect reboiler condensate drum Inlet steam flow,1,2024-12-18 15:57:43,0,NULL,NULL
546,EG1_MP_to_E_2531,pi,UN.EG1.25FC5514.PV,real,EG1 first effect reboiler Inlet LP steam flow,EG1 first effect reboiler Inlet steam flow,1,2024-12-18 15:57:43,0,NULL,NULL
547,EG1_LP_Steam_from_V_2920,pi,UN.EG1.29FI9206.PV,real,EG1 condensate flash drum LP steam generation,EG1 condensate flash drum LP steam generation,1,2024-12-18 15:57:43,0,NULL,NULL
548,EG1_LP_Steam_from_V_2112,pi,UN.EG1.21FI1354.PV,real,EG1 Reactor1 gas cooler steam drum LP steam generation,EG1 Reactor1 gas cooler steam drum LP steam generation,1,2024-12-18 15:57:43,0,NULL,NULL
549,EG1_LP_Steam_from_V_2122,pi,UN.EG1.21FI1454.PV,real,EG1 Reactor2 gas cooler steam drum LP steam generation,EG1 Reactor2 gas cooler steam drum LP steam generation,1,2024-12-18 15:57:43,0,NULL,NULL
550,EG1_LP_to_E_2220,pi,UN.EG1.22FC2209.PV,real,EG1 Regeneration reboiler Inlet LP steam flow,EG1 Regeneration reboiler Inlet steam flow,1,2024-12-18 15:57:43,0,NULL,NULL
551,EG1_LP_to_C_2220,pi,UN.EG1.22FC2208.PV,real,EG1 Regenerator feed flash drum Inlet LP steam flow,EG1 Regenerator feed flash drum Inlet steam flow,1,2024-12-18 15:57:43,0,NULL,NULL
552,EG1_LP_to_C_2310,pi,UN.EG1.23FI3215.PV,real,EG1 stripping column Inlet LP steam flow,EG1 stripping column Inlet steam flow,1,2024-12-18 15:57:43,0,NULL,NULL
553,EG1_LP_to_E_2310,pi,UN.EG1.23FC3206.PV,real,EG1 stripping column reboiler Inlet LP steam flow,EG1 stripping column reboiler Inlet steam flow,1,2024-12-18 15:57:43,0,NULL,NULL
554,EG1_LP_to_C_2510,pi,UN.EG1.25FC5103.PV,real,EG1 glycol feed stripper Inlet LP steam flow,EG1 glycol feed stripper Inlet steam flow,1,2024-12-18 15:57:43,0,NULL,NULL
555,EG1_LP_to_E_2523,pi,UN.EG1.25FC5304.PV,real,EG1 Third Stage reactor feed heater Inlet LP steam flow,EG1 Third Stage reactor feed heater Inlet steam flow,1,2024-12-18 15:57:43,0,NULL,NULL
556,EG1_LP_to_C_2570,pi,UN.EG1.25FC5230.PV,real,EG1 Waste water VOC stipper,EG1 Waste water VOC stipper,1,2024-12-18 15:57:43,0,NULL,NULL
557,EG2_HP_steam_BL_pressure,pi,UN.EG2.49PI9201.PV,real,EG2 HP steam BL pressure,EG2 HP steam BL pressure,1,2024-12-18 15:57:43,0,NULL,NULL
558,EG2_HP_steam_BL_temp,pi,UN.EG2.49TI9201.PV,real,EG2 HP steam BL temp,EG2 HP steam BL temp,1,2024-12-18 15:57:43,0,NULL,NULL
559,EG2_MP_steam_BL_temp,pi,UN.EG2.49TI9202.PV,real,EG2 MP steam BL temp,EG2 MP steam BL temp,1,2024-12-18 15:57:43,0,NULL,NULL
560,EG2_LP_steam_BL_temp,pi,UN.EG2.49TI9203.PV,real,EG2 LP steam BL temp,EG2 LP steam BL temp,1,2024-12-18 15:57:43,0,NULL,NULL
561,EG2_HP_desuperheated_temp,pi,UN.EG2.49TC9205.PV,real,EG2 HP desuperheated temp,EG2 HP desuperheated temp,1,2024-12-18 15:57:43,0,NULL,NULL
562,EG2_MP_desuperheated_temp,pi,UN.EG2.49TC9207.PV,real,EG2 MP desuperheated temp,EG2 MP desuperheated temp,1,2024-12-18 15:57:43,0,NULL,NULL
563,EG2_LP_desuperheated_temp,pi,UN.EG2.49TC9209.PV,real,EG2 LP desuperheated temp,EG2 LP desuperheated temp,1,2024-12-18 15:57:43,0,NULL,NULL
564,EG2_HP_desuperheater_valve_opening,pi,UN.EG2.49TC9205.MV,real,EG2 HP desuperheater valve opening,EG2 HP desuperheater valve opening,1,2024-12-18 15:57:43,0,NULL,NULL
565,EG2_MP_desuperheater_valve_opening,pi,UN.EG2.49TC9207.MV,real,EG2 MP desuperheater valve opening,EG2 MP desuperheater valve opening,1,2024-12-18 15:57:43,0,NULL,NULL
566,EG2_LP_desuperheater_valve_opening,pi,UN.EG2.49TC9209.MV,real,EG2 LP desuperheater valve opening,EG2 LP desuperheater valve opening,1,2024-12-18 15:57:43,0,NULL,NULL
567,EG2_EO_reactor1_HP_steam_generation,pi,UN.EG2.41FI1361A.PV,real,EG2 EO reactor1 HP steam generation,EG2 EO reactor1 HP steam generation,1,2024-12-18 15:57:43,0,NULL,NULL
568,EG2_EO_reactor2_HP_steam_generation,pi,UN.EG2.41FI1461A.PV,real,EG2 EO reactor2 HP steam generation,EG2 EO reactor2 HP steam generation,1,2024-12-18 15:57:43,0,NULL,NULL
569,EG2_Reactor1_steam_drum_HP_steam_generation,pi,UN.EG2.41FC1107.PV,real,EG2 Reactor1 steam drum HP steam generation,EG2 Reactor1 steam drum HP steam generation,1,2024-12-18 15:57:43,0,NULL,NULL
570,EG2_Reactor2_steam_drum_HP_steam_generation,pi,UN.EG2.41FC1207.PV,real,EG2 Reactor2 steam drum HP steam generation,EG2 Reactor2 steam drum HP steam generation,1,2024-12-18 15:57:43,0,NULL,NULL
571,EG2_MP_from_V4110,pi,UN.EG2.41FI1106.PV,real,EG2 Reactor1 steam drum MP steam generation,EG2 Reactor1 steam drum MP steam generation,1,2024-12-18 15:57:43,0,NULL,NULL
572,EG2_MP_from_V4120,pi,UN.EG2.41FI1206.PV,real,EG2 Reactor2 steam drum MP steam generation,EG2 Reactor2 steam drum MP steam generation,1,2024-12-18 15:57:43,0,NULL,NULL
573,EG2_MP_to_E_4630,pi,UN.EG2.46FC6515.PV,real,EG2 MEG splitter reboiler Inlet MP steam flow,EG2 MEG splitter reboiler Inlet steam flow,1,2024-12-18 15:57:43,0,NULL,NULL
574,EG2_MP_to_E_4710,pi,UN.EG2.47FC7208.PV,real,EG2 DEG column reboiler Inlet MP steam flow,EG2 DEG column reboiler Inlet steam flow,1,2024-12-18 15:57:43,0,NULL,NULL
575,EG2_MP_to_E_4720,pi,UN.EG2.47FC7408.PV,real,EG2 TEG column reboiler Inlet MP steam flow,EG2 TEG column reboiler Inlet steam flow,1,2024-12-18 15:57:43,0,NULL,NULL
576,EG2_MP_to_E_4610,pi,UN.EG2.46FC6205.PV,real,EG2 Drying column reboiler Inlet MP steam flow,EG2 Drying column reboiler Inlet steam flow,1,2024-12-18 15:57:43,0,NULL,NULL
577,EG2_MP_to_E_4620,pi,UN.EG2.46FC6308.PV,real,EG2 MEG column reboiler Inlet MP steam flow,EG2 MEG column reboiler Inlet steam flow,1,2024-12-18 15:57:44,0,NULL,NULL
578,EG2_MP_to_E_4624,pi,UN.EG2.46FC6388.PV,real,EG2 MEG column reboiler heater Inlet MP steam flow,EG2 MEG column reboiler heater Inlet steam flow,1,2024-12-18 15:57:44,0,NULL,NULL
579,EG2_MP_to_V_4533,pi,UN.EG2.45FC5537.PV,real,EG2 Third effect reboiler condensate drum Inlet MP steam flow,EG2 Third effect reboiler condensate drum Inlet steam flow,1,2024-12-18 15:57:44,0,NULL,NULL
580,EG2_MP_to_E_4531,pi,UN.EG2.45FC5514.PV,real,EG2 first effect reboiler Inlet MP steam flow,EG2 first effect reboiler Inlet steam flow,1,2024-12-18 15:57:44,0,NULL,NULL
581,EG2_LP_Steam_from_V_4920,pi,UN.EG2.49FI9206.PV,real,EG2 condensate flash drum LP steam generation,EG2 condensate flash drum LP steam generation,1,2024-12-18 15:57:44,0,NULL,NULL
582,EG2_LP_Steam_from_V_4112,pi,UN.EG2.41FI1354.PV,real,EG2 Reactor1 gas cooler steam drum LP steam generation,EG2 Reactor1 gas cooler steam drum LP steam generation,1,2024-12-18 15:57:44,0,NULL,NULL
583,EG2_LP_Steam_from_V_4122,pi,UN.EG2.41FI1454.PV,real,EG2 Reactor2 gas cooler steam drum LP steam generation,EG2 Reactor2 gas cooler steam drum LP steam generation,1,2024-12-18 15:57:44,0,NULL,NULL
584,EG2_LP_to_E_4220,pi,UN.EG2.42FC2209.PV,real,EG2 Regeneration reboiler Inlet LP steam flow,EG2 Regeneration reboiler Inlet steam flow,1,2024-12-18 15:57:44,0,NULL,NULL
585,EG2_LP_to_C_4220,pi,UN.EG2.42FC2208.PV,real,EG2 Regenerator feed flash drum Inlet LP steam flow,EG2 Regenerator feed flash drum Inlet steam flow,1,2024-12-18 15:57:44,0,NULL,NULL
586,EG2_LP_to_C_4310,pi,UN.EG2.43FI3215.PV,real,EG2 stripping column Inlet LP steam flow,EG2 stripping column Inlet steam flow,1,2024-12-18 15:57:44,0,NULL,NULL
587,EG2_LP_to_E_4310,pi,UN.EG2.43FC3206.PV,real,EG2 stripping column reboiler Inlet LP steam flow,EG2 stripping column reboiler Inlet steam flow,1,2024-12-18 15:57:44,0,NULL,NULL
588,EG2_LP_to_C_4510,pi,UN.EG2.45FC5103.PV,real,EG2 glycol feed stripper Inlet LP steam flow,EG2 glycol feed stripper Inlet steam flow,1,2024-12-18 15:57:44,0,NULL,NULL
589,EG2_LP_to_E_4523,pi,UN.EG2.45FC5304.PV,real,EG2 Third Stage reactor feed heater Inlet LP steam flow,EG2 Third Stage reactor feed heater Inlet steam flow,1,2024-12-18 15:57:44,0,NULL,NULL
590,EG2_LP_to_C_4570,pi,UN.EG2.45FC5230.PV,real,EG2 Waste water VOC stipper,EG2 Waste water VOC stipper,1,2024-12-18 15:57:44,0,NULL,NULL
591,EG3_HP_steam_BL_pressure,pi,UN.EG3.69PI9201.PV,real,EG3 HP steam BL pressure,EG3 HP steam BL pressure,1,2024-12-18 15:57:44,0,NULL,NULL
592,EG3_HP_steam_BL_temp,pi,UN.EG3.69TI9201.PV,real,EG3 HP steam BL temp,EG3 HP steam BL temp,1,2024-12-18 15:57:44,0,NULL,NULL
593,EG3_MP_steam_BL_pressure,pi,UN.EG3.69PI9230.PV,real,EG3 MP steam BL pressure,EG3 MP steam BL pressure,1,2024-12-18 15:57:44,0,NULL,NULL
594,EG3_MP_steam_BL_temp,pi,UN.EG3.69TI9208.PV,real,EG3 MP steam BL temp,EG3 MP steam BL temp,1,2024-12-18 15:57:44,0,NULL,NULL
595,EG3_LP_steam_BL_pressure,pi,UN.EG3.69PI9233.PV,real,EG3 LP steam BL pressure,EG3 LP steam BL pressure,1,2024-12-18 15:57:44,0,NULL,NULL
596,EG3_LP_steam_BL_temp,pi,UN.EG3.69TI9209.PV,real,EG3 LP steam BL temp,EG3 LP steam BL temp,1,2024-12-18 15:57:44,0,NULL,NULL
597,EG3_HP_desuperheated_temp,pi,UN.EG3.69TC9202.PV,real,EG3 HP desuperheated temp,EG3 HP desuperheated temp,1,2024-12-18 15:57:44,0,NULL,NULL
598,EG3_MP_desuperheated_temp,pi,UN.EG3.69TC9204.PV,real,EG3 MP desuperheated temp,EG3 MP desuperheated temp,1,2024-12-18 15:57:44,0,NULL,NULL
599,EG3_LP_desuperheated_temp,pi,UN.EG3.69TC9205.PV,real,EG3 LP desuperheated temp,EG3 LP desuperheated temp,1,2024-12-18 15:57:44,0,NULL,NULL
600,EG3_HP_desuperheater_valve_opening,pi,UN.EG3.69TV9202A.MV,real,EG3 HP desuperheater valve opening,EG3 HP desuperheater valve opening,1,2024-12-18 15:57:44,0,NULL,NULL
601,EG3_MP_desuperheater_valve_opening,pi,UN.EG3.69TC9204.MV,real,EG3 MP desuperheater valve opening,EG3 MP desuperheater valve opening,1,2024-12-18 15:57:44,0,NULL,NULL
602,EG3_LP_desuperheater_valve_opening,pi,UN.EG3.69TC9205.MV,real,EG3 LP desuperheater valve opening,EG3 LP desuperheater valve opening,1,2024-12-18 15:57:44,0,NULL,NULL
603,EG3_EO_reactor1_HP_steam_generation,pi,UN.EG3.61FI1361.PV,real,EG3 EO reactor1 HP steam generation,EG3 EO reactor1 HP steam generation,1,2024-12-18 15:57:44,0,NULL,NULL
604,EG3_EO_reactor2_HP_steam_generation,pi,UN.EG3.61FI1461.PV,real,EG3 EO reactor2 HP steam generation,EG3 EO reactor2 HP steam generation,1,2024-12-18 15:57:44,0,NULL,NULL
605,EG3_Reactor1_steam_drum_HP_steam_generation,pi,UN.EG3.61FC1107.PV,real,EG3 Reactor1 steam drum HP steam generation,EG3 Reactor1 steam drum HP steam generation,1,2024-12-18 15:57:44,0,NULL,NULL
606,EG3_Reactor2_steam_drum_HP_steam_generation,pi,UN.EG3.61FC1207.PV,real,EG3 Reactor2 steam drum HP steam generation,EG3 Reactor2 steam drum HP steam generation,1,2024-12-18 15:57:44,0,NULL,NULL
607,EG3_MP_from_V6110,pi,UN.EG3.61FI1106.PV,real,EG3 Reactor1 steam drum MP steam generation,EG3 Reactor1 steam drum MP steam generation,1,2024-12-18 15:57:44,0,NULL,NULL
608,EG3_MP_from_V6120,pi,UN.EG3.61FI1206.PV,real,EG3 Reactor2 steam drum MP steam generation,EG3 Reactor2 steam drum MP steam generation,1,2024-12-18 15:57:44,0,NULL,NULL
609,EG3_MP_to_E_6630,pi,UN.EG3.66FC6515.PV,real,EG3 MEG splitter reboiler Inlet MP steam flow,EG3 MEG splitter reboiler Inlet steam flow,1,2024-12-18 15:57:44,0,NULL,NULL
610,EG3_MP_to_E_6710,pi,UN.EG3.67FC7208.PV,real,EG3 DEG column reboiler Inlet MP steam flow,EG3 DEG column reboiler Inlet steam flow,1,2024-12-18 15:57:44,0,NULL,NULL
611,EG3_MP_to_E_6720,pi,UN.EG3.67FC7408.PV,real,EG3 TEG column reboiler Inlet MP steam flow,EG3 TEG column reboiler Inlet steam flow,1,2024-12-18 15:57:44,0,NULL,NULL
612,EG3_MP_to_E_6610,pi,UN.EG3.66FC6205.PV,real,EG3 Drying column reboiler Inlet MP steam flow,EG3 Drying column reboiler Inlet steam flow,1,2024-12-18 15:57:44,0,NULL,NULL
613,EG3_MP_to_E_6620,pi,UN.EG3.66FC6308.PV,real,EG3 MEG column reboiler Inlet MP steam flow,EG3 MEG column reboiler Inlet steam flow,1,2024-12-18 15:57:44,0,NULL,NULL
614,EG3_MP_to_E_6624,pi,UN.EG3.66FC6388.PV,real,EG3 MEG column reboiler heater Inlet MP steam flow,EG3 MEG column reboiler heater Inlet steam flow,1,2024-12-18 15:57:44,0,NULL,NULL
615,EG3_MP_to_V_6533,pi,UN.EG3.65FC5537.PV,real,EG3 Third effect reboiler condensate drum Inlet MP steam flow,EG3 Third effect reboiler condensate drum Inlet steam flow,1,2024-12-18 15:57:44,0,NULL,NULL
616,EG3_MP_to_E_6531,pi,UN.EG3.65FC5514.PV,real,EG3 first effect reboiler Inlet MP steam flow,EG3 first effect reboiler Inlet steam flow,1,2024-12-18 15:57:44,0,NULL,NULL
617,EG3_LP_Steam_from_V_6920,pi,UN.EG3.69FI9204.PV,real,EG3 condensate flash drum LP steam generation,EG3 condensate flash drum LP steam generation,1,2024-12-18 15:57:44,0,NULL,NULL
618,EG3_LP_Steam_from_V_6112,pi,UN.EG3.61FI1354.PV,real,EG3 Reactor1 gas cooler steam drum LP steam generation,EG3 Reactor1 gas cooler steam drum LP steam generation,1,2024-12-18 15:57:44,0,NULL,NULL
619,EG3_LP_Steam_from_V_6122,pi,UN.EG3.61FI1454.PV,real,EG3 Reactor2 gas cooler steam drum LP steam generation,EG3 Reactor2 gas cooler steam drum LP steam generation,1,2024-12-18 15:57:44,0,NULL,NULL
620,EG3_LP_to_E_6220,pi,UN.EG3.62FC2209.PV,real,EG3 Regeneration reboiler Inlet LP steam flow,EG3 Regeneration reboiler Inlet steam flow,1,2024-12-18 15:57:44,0,NULL,NULL
621,EG3_LP_to_C_6220,pi,UN.EG3.62FC2208.PV,real,EG3 Regenerator feed flash drum Inlet LP steam flow,EG3 Regenerator feed flash drum Inlet steam flow,1,2024-12-18 15:57:44,0,NULL,NULL
622,EG3_LP_to_C_6310,pi,UN.EG3.63FI3215.PV,real,EG3 stripping column Inlet LP steam flow,EG3 stripping column Inlet steam flow,1,2024-12-18 15:57:44,0,NULL,NULL
623,EG3_LP_to_E_6310,pi,UN.EG3.63FC3206.PV,real,EG3 stripping column reboiler Inlet LP steam flow,EG3 stripping column reboiler Inlet steam flow,1,2024-12-18 15:57:44,0,NULL,NULL
624,EG3_LP_to_C_6510,pi,UN.EG3.65FC5103.PV,real,EG3 glycol feed stripper Inlet LP steam flow,EG3 glycol feed stripper Inlet steam flow,1,2024-12-18 15:57:44,0,NULL,NULL
625,EG3_LP_to_E_6523,pi,UN.EG3.65FC5304.PV,real,EG3 Third Stage reactor feed heater Inlet LP steam flow,EG3 Third Stage reactor feed heater Inlet steam flow,1,2024-12-18 15:57:44,0,NULL,NULL
626,EG3_LP_to_C_6570,pi,UN.EG3.65FC5230.PV,real,EG3 Waste water VOC stipper,EG3 Waste water VOC stipper,1,2024-12-18 15:57:44,0,NULL,NULL
627,COOLING_WATER_PUMPS_C,pi,UN.UO.78P7801C.PV,real,COOLING WATER PUMPS C,COOLING WATER PUMPS C,1,2024-12-18 15:57:44,0,NULL,NULL
628,COOLING_WATER_PUMPS_D,pi,UN.UO.78P7801D.PV,real,COOLING WATER PUMPS D,COOLING WATER PUMPS D,1,2024-12-18 15:57:44,0,NULL,NULL
629,COOLING_WATER_PUMPS_E,pi,UN.UO.78P7801E.PV,real,COOLING WATER PUMPS E,COOLING WATER PUMPS E,1,2024-12-18 15:57:44,0,NULL,NULL
630,COOLING_WATER_PUMPS_F,pi,UN.UO.78P7801F.PV,real,COOLING WATER PUMPS F,COOLING WATER PUMPS F,1,2024-12-18 15:57:44,0,NULL,NULL
631,VHP_BFW_PUMP_A,pi,UN.UO.71P7102A.PV,real,VHP BFW PUMP A,VHP BFW PUMP A,1,2024-12-18 15:57:44,0,NULL,NULL
632,BFW_PUMPS_A,pi,UN.UO.71P7103A.PV,real,BFW PUMPS A,BFW PUMPS A,1,2024-12-18 15:57:44,0,NULL,NULL
633,BFW_PUMPS_D,pi,UN.UO.71P7103D.PV,real,BFW PUMPS D,BFW PUMPS D,1,2024-12-18 15:57:44,0,NULL,NULL
634,BFW_PUMPS_F,pi,UN.UO.71P7103F.PV,real,BFW PUMPS F,BFW PUMPS F,1,2024-12-18 15:57:44,0,NULL,NULL
635,FDF_MOTOR_A,pi,UN.UO.71P7101A.PV,real,FDF MOTOR A,FDF MOTOR A,1,2024-12-18 15:57:44,0,NULL,NULL
636,FDF_MOTOR_B,pi,UN.UO.71P7101B.PV,real,FDF MOTOR B,FDF MOTOR B,1,2024-12-18 15:57:44,0,NULL,NULL
637,BOILER_FG_CH4_CONCENTRATION_ARRAZI,pi,AR.AR5.DCS.Process.AI51211.PV,real,BOILER FG CH4 CONCENTRATION ARRAZI,BOILER FG CH4 CONCENTRATION ARRAZI,1,2024-12-18 15:57:44,0,NULL,NULL
638,BOILER_FG_CO2_CONCENTRATION_ARRAZI,pi,AR.AR5.DCS.Process.AI51217.PV,real,BOILER FG CO2 CONCENTRATION ARRAZI,BOILER FG CO2 CONCENTRATION ARRAZI,1,2024-12-18 15:57:44,0,NULL,NULL
639,BOILER_FG_ETHANE_CONCENTRATION_ARRAZI,pi,AR.AR5.DCS.Process.AI51212.PV,real,BOILER FG ETHANE CONCENTRATION ARRAZI,BOILER FG ETHANE CONCENTRATION ARRAZI,1,2024-12-18 15:57:44,0,NULL,NULL
640,BOILER_FG_IC4_CONCENTRATION_ARRAZI,pi,AR.AR5.DCS.Process.AI51215.PV,real,BOILER FG IC4 CONCENTRATION ARRAZI,BOILER FG IC4 CONCENTRATION ARRAZI,1,2024-12-18 15:57:44,0,NULL,NULL
641,BOILER_FG_IC5_CONCENTRATION_ARRAZI,pi,AR.AR5.DCS.Process.AI512111.PV,real,BOILER FG IC5 CONCENTRATION ARRAZI,BOILER FG IC5 CONCENTRATION ARRAZI,1,2024-12-18 15:57:44,0,NULL,NULL
642,BOILER_FG_N2_CONCENTRATION_ARRAZI,pi,AR.AR5.DCS.Process.AI51219.PV,real,BOILER FG N2 CONCENTRATION ARRAZI,BOILER FG N2 CONCENTRATION ARRAZI,1,2024-12-18 15:57:44,0,NULL,NULL
643,BOILER_FG_NC4_CONCENTRATION_ARRAZI,pi,AR.AR5.DCS.Process.AI51214.PV,real,BOILER FG NC4 CONCENTRATION ARRAZI,BOILER FG NC4 CONCENTRATION ARRAZI,1,2024-12-18 15:57:44,0,NULL,NULL
644,BOILER_FG_NC5_CONCENTRATION_ARRAZI,pi,AR.AR5.DCS.Process.AI512110.PV,real,BOILER FG NC5 CONCENTRATION ARRAZI,BOILER FG NC5 CONCENTRATION ARRAZI,1,2024-12-18 15:57:44,0,NULL,NULL
645,BOILER_FG_PROPANE_CONCENTRATION_ARRAZI,pi,AR.AR5.DCS.Process.AI51213.PV,real,BOILER FG PROPANE CONCENTRATION ARRAZI,BOILER FG PROPANE CONCENTRATION ARRAZI,1,2024-12-18 15:57:44,0,NULL,NULL
646,EG1_strippin_column_Inlet_steam_flow,pi,UN.EG1.23FC3215.PV,real,EG1 strippin column Inlet steam flow,EG1 strippin column Inlet steam flow,1,2024-12-18 15:57:44,0,NULL,NULL
647,EG2_strippin_column_Inlet_steam_flow,pi,UN.EG2.43FC3215.PV,real,EG2 strippin column Inlet steam flow,EG2 strippin column Inlet steam flow,1,2024-12-18 15:57:44,0,NULL,NULL
648,Furnace_A_Fuel_gas_flow,pi,UN.ETH.11FI1029AA.PV,real,Furnace A Fuel gas flow,Furnace A Fuel gas flow,1,2024-12-18 15:57:44,0,NULL,NULL
649,Furnace_B_Fuel_gas_flow,pi,UN.ETH.11FI1029BA.PV,real,Furnace B Fuel gas flow,Furnace B Fuel gas flow,1,2024-12-18 15:57:44,0,NULL,NULL
650,Furnace_C_Fuel_gas_flow,pi,UN.ETH.11FI1029CA.PV,real,Furnace C Fuel gas flow,Furnace C Fuel gas flow,1,2024-12-18 15:57:44,0,NULL,NULL
651,Furnace_D_Fuel_gas_flow,pi,UN.ETH.11FI1029DA.PV,real,Furnace D Fuel gas flow,Furnace D Fuel gas flow,1,2024-12-18 15:57:44,0,NULL,NULL
652,Furnace_E_Fuel_gas_flow,pi,UN.ETH.11FI1029EA.PV,real,Furnace E Fuel gas flow,Furnace E Fuel gas flow,1,2024-12-18 15:57:44,0,NULL,NULL
653,Furnace_F_Fuel_gas_flow,pi,UN.ETH.11FI1029FA.PV,real,Furnace F Fuel gas flow,Furnace F Fuel gas flow,1,2024-12-18 15:57:44,0,NULL,NULL
654,Furnace_G_Fuel_gas_flow,pi,UN.ETH.11FI1029GA.PV,real,Furnace G Fuel gas flow,Furnace G Fuel gas flow,1,2024-12-18 15:57:44,0,NULL,NULL
655,Furnace_H_Fuel_gas_flow,pi,UN.ETH.11FI1029HA.PV,real,Furnace H Fuel gas flow,Furnace H Fuel gas flow,1,2024-12-18 15:57:44,0,NULL,NULL
656,Furnace_J_Fuel_gas_flow,pi,UN.ETH.11FI1029JA.PV,real,Furnace J Fuel gas flow,Furnace J Fuel gas flow,1,2024-12-18 15:57:44,0,NULL,NULL
657,BFW_to_Boilers_Desuperheating,pi,UN.UO.71FI1022test,real,BFW to Boilers Desuperheating,BFW to Boilers Desuperheating,1,2024-12-18 15:57:44,0,NULL,NULL
658,EG1_K_2115_Dis_presssure,pi,UN.EG1.21PI1608.PV,real,EG1 K 2115 Dis presssure,EG1 K 2115 Dis presssure,1,2024-12-18 15:57:44,0,NULL,NULL
659,EG1_K_2115_Dis_temp,pi,UN.EG1.21TI1603.PV,real,EG1 K 2115 Dis temp,EG1 K 2115 Dis temp,1,2024-12-18 15:57:44,0,NULL,NULL
660,EG1_K_2115_flow,pi,UN.EG1.21FI1610.PV,real,EG1 K 2115 flow,EG1 K 2115 flow,1,2024-12-18 15:57:44,0,NULL,NULL
661,EG1_K_2115_suc_presssure,pi,UN.EG1.21PI1864B.PV,real,EG1 K 2115 suc presssure,EG1 K 2115 suc presssure,0,2024-12-18 15:57:44,0,NULL,NULL
662,EG1_K_2115_suc_temp,pi,UN.EG1.21TI1841B.PV,real,EG1 K 2115 suc temp,EG1 K 2115 suc temp,1,2024-12-18 15:57:44,0,NULL,NULL
663,EG2_K_4115_Dis_presssure,pi,UN.EG2.41PI1608.PV,real,EG2 K 4115 Dis presssure,EG2 K 4115 Dis presssure,1,2024-12-18 15:57:44,0,NULL,NULL
664,EG2_K_4115_Dis_temp,pi,UN.EG2.41TI1603.PV,real,EG2 K 4115 Dis temp,EG2 K 4115 Dis temp,1,2024-12-18 15:57:44,0,NULL,NULL
665,EG2_K_4115_flow,pi,UN.EG2.41FI1610.PV,real,EG2 K 4115 flow,EG2 K 4115 flow,1,2024-12-18 15:57:44,0,NULL,NULL
666,EG2_K_4115_suc_presssure,pi,UN.EG2.41PI1864B.PV,real,EG2 K 4115 suc presssure,EG2 K 4115 suc presssure,1,2024-12-18 15:57:44,0,NULL,NULL
667,EG2_K_4115_suc_temp,pi,UN.EG2.41TI1841B.PV,real,EG2 K 4115 suc temp,EG2 K 4115 suc temp,1,2024-12-18 15:57:44,0,NULL,NULL
668,EG3_K_6115_Dis_presssure,pi,UN.EG3.61PI1608.PV,real,EG3 K 6115 Dis presssure,EG3 K 6115 Dis presssure,1,2024-12-18 15:57:44,0,NULL,NULL
669,EG3_K_6115_Dis_temp,pi,UN.EG3.61TI1603.PV,real,EG3 K 6115 Dis temp,EG3 K 6115 Dis temp,1,2024-12-18 15:57:44,0,NULL,NULL
670,EG3_K_6115_flow,pi,UN.EG3.61FI1780.PV,real,EG3 K 6115 flow,EG3 K 6115 flow,1,2024-12-18 15:57:44,0,NULL,NULL
671,EG3_K_6115_suc_presssure,pi,UN.EG3.61PI1830.PV,real,EG3 K 6115 suc presssure,EG3 K 6115 suc presssure,1,2024-12-18 15:57:44,0,NULL,NULL
672,EG3_K_6115_suc_temp,pi,UN.EG3.61TI1715.PV,real,EG3 K 6115 suc temp,EG3 K 6115 suc temp,1,2024-12-18 15:57:44,0,NULL,NULL
673,K_7202B_Dis_temp,pi,UN.UO.72TI2017.PV,real,K 7202B Dis temp,K 7202B Dis temp,1,2024-12-18 15:57:44,0,NULL,NULL
674,K_7202B_suc_pressure,pi,UN.UO.72PI2116A.PV,real,K 7202B suc pressure,K 7202B suc pressure,1,2024-12-18 15:57:44,0,NULL,NULL
675,K_7202B_suc_temp,pi,UN.UO.72TI2053A.PV,real,K 7202B suc temp,K 7202B suc temp,1,2024-12-18 15:57:44,0,NULL,NULL
676,K_7202C_Dis_temp,pi,UN.UO.72TI2009.PV,real,K 7202C Dis temp,K 7202C Dis temp,1,2024-12-18 15:57:44,0,NULL,NULL
677,K_7202C_suc_pressure,pi,UN.UO.72PI2139A.PV,real,K 7202C suc pressure,K 7202C suc pressure,1,2024-12-18 15:57:44,0,NULL,NULL
678,K_7202C_suc_temp,pi,UN.UO.72TI2076A.PV,real,K 7202C suc temp,K 7202C suc temp,1,2024-12-18 15:57:44,0,NULL,NULL
679,Boiler_A_Combustion_Air_Temperature,pi,UN.UO.71TI1114B.PV,real,Ambient Temperature,Ambient Temperature,1,2024-12-18 15:57:44,0,NULL,NULL
680,Boielr_A_Fuel_Gas_Flow,pi,UN.UO.71FC1104.PV,real,Boielr A Fuel Gas Flow,Boielr A Fuel Gas Flow,1,2024-12-18 15:57:44,0,NULL,NULL
681,Boielr_B_Fuel_Gas_Flow,pi,UN.UO.71FC1204.PV,real,Boielr B Fuel Gas Flow,Boielr B Fuel Gas Flow,1,2024-12-18 15:57:44,0,NULL,NULL
682,Boielr_C_Fuel_Gas_Flow,pi,UN.UO.71FC1304.PV,real,Boielr C Fuel Gas Flow,Boielr C Fuel Gas Flow,1,2024-12-18 15:57:44,0,NULL,NULL
683,Boielr_D_Fuel_Gas_Flow,pi,UN.UO.71FC1404.PV,real,Boielr D Fuel Gas Flow,Boielr D Fuel Gas Flow,1,2024-12-18 15:57:44,0,NULL,NULL
684,Boielr_E_Fuel_Gas_Flow,pi,UN.UO.71FC1504.PV,real,Boielr E Fuel Gas Flow,Boielr E Fuel Gas Flow,1,2024-12-18 15:57:44,0,NULL,NULL
685,EG1_Plant_load,pi,UN.EG1.21FI1839.PV,real,EG1 Plant load,EG1 Plant load,1,2024-12-18 15:57:44,0,NULL,NULL
686,EG2_Plant_load,pi,UN.EG2.41FI1839.PV,real,EG2 Plant load,EG2 Plant load,1,2024-12-18 15:57:44,0,NULL,NULL
687,EG3_Plant_load,pi,UN.EG3.61FI1839.PV,real,EG3 Plant load,EG3 Plant load,1,2024-12-18 15:57:44,0,NULL,NULL
688,FUR_1_PASS_1_ETHANE_FEED,pi,UN.ETH.11FC1162A.PV,real,Fur A Ethane feed,Fur A Ethane feed,1,2024-12-18 15:57:44,0,NULL,NULL
689,FUR_2_PASS_1_ETHANE_FEED,pi,UN.ETH.11FC1162B.PV,real,Fur B Ethane feed,Fur B Ethane feed,1,2024-12-18 15:57:44,0,NULL,NULL
690,FUR_3_PASS_1_ETHANE_FEED,pi,UN.ETH.11FC1162C.PV,real,Fur C Ethane feed,Fur C Ethane feed,1,2024-12-18 15:57:44,0,NULL,NULL
691,FUR_4_PASS_1_ETHANE_FEED,pi,UN.ETH.11FC1162D.PV,real,Fur D Ethane feed,Fur D Ethane feed,1,2024-12-18 15:57:44,0,NULL,NULL
692,FUR_5_PASS_1_ETHANE_FEED,pi,UN.ETH.11FC1162E.PV,real,Fur E Ethane feed,Fur E Ethane feed,1,2024-12-18 15:57:44,0,NULL,NULL
693,FUR_6_PASS_1_ETHANE_FEED,pi,UN.ETH.11FC1162F.PV,real,Fur F Ethane feed,Fur F Ethane feed,1,2024-12-18 15:57:44,0,NULL,NULL
694,FUR_7_PASS_1_ETHANE_FEED,pi,UN.ETH.11FC1162G.PV,real,Fur G Ethane feed,Fur G Ethane feed,1,2024-12-18 15:57:44,0,NULL,NULL
695,FUR_8_PASS_1_ETHANE_FEED,pi,UN.ETH.11FC1162H.PV,real,Fur H Ethane feed,Fur H Ethane feed,1,2024-12-18 15:57:44,0,NULL,NULL
696,FUR_9_PASS_1_ETHANE_FEED,pi,UN.ETH.11FC1162J.PV,real,Fur J Ethane feed,Fur J Ethane feed,1,2024-12-18 15:57:44,0,NULL,NULL
697,VHP_BFW_pump_Disc_Pressure,pi,UN.UO.71PC1002.PV,real,VHP BFW pump Disc Pressure,VHP BFW pump Disc Pressure,1,2024-12-18 15:57:44,0,NULL,NULL
698,FUR_1_PASS_2_ETHANE_FEED,pi,UN.ETH.11FC1262A.PV,real,FUR 1 PASS 2 ETHANE FEED,FUR 1 PASS 2 ETHANE FEED,1,2024-12-18 15:57:44,0,NULL,NULL
699,FUR_1_PASS_3_ETHANE_FEED,pi,UN.ETH.11FC1362A.PV,real,FUR 1 PASS 3 ETHANE FEED,FUR 1 PASS 3 ETHANE FEED,1,2024-12-18 15:57:44,0,NULL,NULL
700,FUR_1_PASS_4_ETHANE_FEED,pi,UN.ETH.11FC1462A.PV,real,FUR 1 PASS 4 ETHANE FEED,FUR 1 PASS 4 ETHANE FEED,1,2024-12-18 15:57:44,0,NULL,NULL
701,FUR_1_PASS_5_ETHANE_FEED,pi,UN.ETH.11FC1562A.PV,real,FUR 1 PASS 5 ETHANE FEED,FUR 1 PASS 5 ETHANE FEED,1,2024-12-18 15:57:44,0,NULL,NULL
702,FUR_1_PASS_6_ETHANE_FEED,pi,UN.ETH.11FC1662A.PV,real,FUR 1 PASS 6 ETHANE FEED,FUR 1 PASS 6 ETHANE FEED,1,2024-12-18 15:57:44,0,NULL,NULL
703,FUR_1_PASS_7_ETHANE_FEED,pi,UN.ETH.11FC1762A.PV,real,FUR 1 PASS 7 ETHANE FEED,FUR 1 PASS 7 ETHANE FEED,1,2024-12-18 15:57:44,0,NULL,NULL
704,FUR_1_PASS_8_ETHANE_FEED,pi,UN.ETH.11FC1862A.PV,real,FUR 1 PASS 8 ETHANE FEED,FUR 1 PASS 8 ETHANE FEED,1,2024-12-18 15:57:44,0,NULL,NULL
705,FUR_2_PASS_2_ETHANE_FEED,pi,UN.ETH.11FC1262B.PV,real,FUR 2 PASS 2 ETHANE FEED,FUR 2 PASS 2 ETHANE FEED,1,2024-12-18 15:57:44,0,NULL,NULL
706,FUR_2_PASS_3_ETHANE_FEED,pi,UN.ETH.11FC1362B.PV,real,FUR 2 PASS 3 ETHANE FEED,FUR 2 PASS 3 ETHANE FEED,1,2024-12-18 15:57:44,0,NULL,NULL
707,FUR_2_PASS_4_ETHANE_FEED,pi,UN.ETH.11FC1462B.PV,real,FUR 2 PASS 4 ETHANE FEED,FUR 2 PASS 4 ETHANE FEED,1,2024-12-18 15:57:44,0,NULL,NULL
708,FUR_2_PASS_5_ETHANE_FEED,pi,UN.ETH.11FC1562B.PV,real,FUR 2 PASS 5 ETHANE FEED,FUR 2 PASS 5 ETHANE FEED,1,2024-12-18 15:57:44,0,NULL,NULL
709,FUR_2_PASS_6_ETHANE_FEED,pi,UN.ETH.11FC1662B.PV,real,FUR 2 PASS 6 ETHANE FEED,FUR 2 PASS 6 ETHANE FEED,1,2024-12-18 15:57:44,0,NULL,NULL
710,FUR_2_PASS_7_ETHANE_FEED,pi,UN.ETH.11FC1762B.PV,real,FUR 2 PASS 7 ETHANE FEED,FUR 2 PASS 7 ETHANE FEED,1,2024-12-18 15:57:44,0,NULL,NULL
711,FUR_2_PASS_8_ETHANE_FEED,pi,UN.ETH.11FC1862B.PV,real,FUR 2 PASS 8 ETHANE FEED,FUR 2 PASS 8 ETHANE FEED,1,2024-12-18 15:57:45,0,NULL,NULL
712,FUR_3_PASS_2_ETHANE_FEED,pi,UN.ETH.11FC1262C.PV,real,FUR 3 PASS 2 ETHANE FEED,FUR 3 PASS 2 ETHANE FEED,1,2024-12-18 15:57:45,0,NULL,NULL
713,FUR_3_PASS_3_ETHANE_FEED,pi,UN.ETH.11FC1362C.PV,real,FUR 3 PASS 3 ETHANE FEED,FUR 3 PASS 3 ETHANE FEED,1,2024-12-18 15:57:45,0,NULL,NULL
714,FUR_3_PASS_4_ETHANE_FEED,pi,UN.ETH.11FC1462C.PV,real,FUR 3 PASS 4 ETHANE FEED,FUR 3 PASS 4 ETHANE FEED,1,2024-12-18 15:57:45,0,NULL,NULL
715,FUR_3_PASS_5_ETHANE_FEED,pi,UN.ETH.11FC1562C.PV,real,FUR 3 PASS 5 ETHANE FEED,FUR 3 PASS 5 ETHANE FEED,1,2024-12-18 15:57:45,0,NULL,NULL
716,FUR_3_PASS_6_ETHANE_FEED,pi,UN.ETH.11FC1662C.PV,real,FUR 3 PASS 6 ETHANE FEED,FUR 3 PASS 6 ETHANE FEED,1,2024-12-18 15:57:45,0,NULL,NULL
717,FUR_3_PASS_7_ETHANE_FEED,pi,UN.ETH.11FC1762C.PV,real,FUR 3 PASS 7 ETHANE FEED,FUR 3 PASS 7 ETHANE FEED,1,2024-12-18 15:57:45,0,NULL,NULL
718,FUR_3_PASS_8_ETHANE_FEED,pi,UN.ETH.11FC1862C.PV,real,FUR 3 PASS 8 ETHANE FEED,FUR 3 PASS 8 ETHANE FEED,1,2024-12-18 15:57:45,0,NULL,NULL
719,FUR_4_PASS_2_ETHANE_FEED,pi,UN.ETH.11FC1262D.PV,real,FUR 4 PASS 2 ETHANE FEED,FUR 4 PASS 2 ETHANE FEED,1,2024-12-18 15:57:45,0,NULL,NULL
720,FUR_4_PASS_3_ETHANE_FEED,pi,UN.ETH.11FC1362D.PV,real,FUR 4 PASS 3 ETHANE FEED,FUR 4 PASS 3 ETHANE FEED,1,2024-12-18 15:57:45,0,NULL,NULL
721,FUR_4_PASS_4_ETHANE_FEED,pi,UN.ETH.11FC1462D.PV,real,FUR 4 PASS 4 ETHANE FEED,FUR 4 PASS 4 ETHANE FEED,1,2024-12-18 15:57:45,0,NULL,NULL
722,FUR_4_PASS_5_ETHANE_FEED,pi,UN.ETH.11FC1562D.PV,real,FUR 4 PASS 5 ETHANE FEED,FUR 4 PASS 5 ETHANE FEED,1,2024-12-18 15:57:45,0,NULL,NULL
723,FUR_4_PASS_6_ETHANE_FEED,pi,UN.ETH.11FC1662D.PV,real,FUR 4 PASS 6 ETHANE FEED,FUR 4 PASS 6 ETHANE FEED,1,2024-12-18 15:57:45,0,NULL,NULL
724,FUR_4_PASS_7_ETHANE_FEED,pi,UN.ETH.11FC1762D.PV,real,FUR 4 PASS 7 ETHANE FEED,FUR 4 PASS 7 ETHANE FEED,1,2024-12-18 15:57:45,0,NULL,NULL
725,FUR_4_PASS_8_ETHANE_FEED,pi,UN.ETH.11FC1862D.PV,real,FUR 4 PASS 8 ETHANE FEED,FUR 4 PASS 8 ETHANE FEED,1,2024-12-18 15:57:45,0,NULL,NULL
726,FUR_5_PASS_2_ETHANE_FEED,pi,UN.ETH.11FC1262E.PV,real,FUR 5 PASS 2 ETHANE FEED,FUR 5 PASS 2 ETHANE FEED,1,2024-12-18 15:57:45,0,NULL,NULL
727,FUR_5_PASS_3_ETHANE_FEED,pi,UN.ETH.11FC1362E.PV,real,FUR 5 PASS 3 ETHANE FEED,FUR 5 PASS 3 ETHANE FEED,1,2024-12-18 15:57:45,0,NULL,NULL
728,FUR_5_PASS_4_ETHANE_FEED,pi,UN.ETH.11FC1462E.PV,real,FUR 5 PASS 4 ETHANE FEED,FUR 5 PASS 4 ETHANE FEED,1,2024-12-18 15:57:45,0,NULL,NULL
729,FUR_5_PASS_5_ETHANE_FEED,pi,UN.ETH.11FC1562E.PV,real,FUR 5 PASS 5 ETHANE FEED,FUR 5 PASS 5 ETHANE FEED,1,2024-12-18 15:57:45,0,NULL,NULL
730,FUR_5_PASS_6_ETHANE_FEED,pi,UN.ETH.11FC1662E.PV,real,FUR 5 PASS 6 ETHANE FEED,FUR 5 PASS 6 ETHANE FEED,1,2024-12-18 15:57:45,0,NULL,NULL
731,FUR_5_PASS_7_ETHANE_FEED,pi,UN.ETH.11FC1762E.PV,real,FUR 5 PASS 7 ETHANE FEED,FUR 5 PASS 7 ETHANE FEED,1,2024-12-18 15:57:45,0,NULL,NULL
732,FUR_5_PASS_8_ETHANE_FEED,pi,UN.ETH.11FC1862E.PV,real,FUR 5 PASS 8 ETHANE FEED,FUR 5 PASS 8 ETHANE FEED,1,2024-12-18 15:57:45,0,NULL,NULL
733,FUR_6_PASS_2_ETHANE_FEED,pi,UN.ETH.11FC1262F.PV,real,FUR 6 PASS 2 ETHANE FEED,FUR 6 PASS 2 ETHANE FEED,1,2024-12-18 15:57:45,0,NULL,NULL
734,FUR_6_PASS_3_ETHANE_FEED,pi,UN.ETH.11FC1362F.PV,real,FUR 6 PASS 3 ETHANE FEED,FUR 6 PASS 3 ETHANE FEED,1,2024-12-18 15:57:45,0,NULL,NULL
735,FUR_6_PASS_4_ETHANE_FEED,pi,UN.ETH.11FC1462F.PV,real,FUR 6 PASS 4 ETHANE FEED,FUR 6 PASS 4 ETHANE FEED,1,2024-12-18 15:57:45,0,NULL,NULL
736,FUR_6_PASS_5_ETHANE_FEED,pi,UN.ETH.11FC1562F.PV,real,FUR 6 PASS 5 ETHANE FEED,FUR 6 PASS 5 ETHANE FEED,1,2024-12-18 15:57:45,0,NULL,NULL
737,FUR_6_PASS_6_ETHANE_FEED,pi,UN.ETH.11FC1662F.PV,real,FUR 6 PASS 6 ETHANE FEED,FUR 6 PASS 6 ETHANE FEED,1,2024-12-18 15:57:45,0,NULL,NULL
738,FUR_6_PASS_7_ETHANE_FEED,pi,UN.ETH.11FC1762F.PV,real,FUR 6 PASS 7 ETHANE FEED,FUR 6 PASS 7 ETHANE FEED,1,2024-12-18 15:57:45,0,NULL,NULL
739,FUR_6_PASS_8_ETHANE_FEED,pi,UN.ETH.11FC1862F.PV,real,FUR 6 PASS 8 ETHANE FEED,FUR 6 PASS 8 ETHANE FEED,1,2024-12-18 15:57:45,0,NULL,NULL
740,FUR_7_PASS_2_ETHANE_FEED,pi,UN.ETH.11FC1262G.PV,real,FUR 7 PASS 2 ETHANE FEED,FUR 7 PASS 2 ETHANE FEED,1,2024-12-18 15:57:45,0,NULL,NULL
741,FUR_7_PASS_3_ETHANE_FEED,pi,UN.ETH.11FC1362G.PV,real,FUR 7 PASS 3 ETHANE FEED,FUR 7 PASS 3 ETHANE FEED,1,2024-12-18 15:57:45,0,NULL,NULL
742,FUR_7_PASS_4_ETHANE_FEED,pi,UN.ETH.11FC1462G.PV,real,FUR 7 PASS 4 ETHANE FEED,FUR 7 PASS 4 ETHANE FEED,1,2024-12-18 15:57:45,0,NULL,NULL
743,FUR_7_PASS_5_ETHANE_FEED,pi,UN.ETH.11FC1562G.PV,real,FUR 7 PASS 5 ETHANE FEED,FUR 7 PASS 5 ETHANE FEED,1,2024-12-18 15:57:45,0,NULL,NULL
744,FUR_7_PASS_6_ETHANE_FEED,pi,UN.ETH.11FC1662G.PV,real,FUR 7 PASS 6 ETHANE FEED,FUR 7 PASS 6 ETHANE FEED,1,2024-12-18 15:57:45,0,NULL,NULL
745,FUR_7_PASS_7_ETHANE_FEED,pi,UN.ETH.11FC1762G.PV,real,FUR 7 PASS 7 ETHANE FEED,FUR 7 PASS 7 ETHANE FEED,1,2024-12-18 15:57:45,0,NULL,NULL
746,FUR_7_PASS_8_ETHANE_FEED,pi,UN.ETH.11FC1862G.PV,real,FUR 7 PASS 8 ETHANE FEED,FUR 7 PASS 8 ETHANE FEED,1,2024-12-18 15:57:45,0,NULL,NULL
747,FUR_8_PASS_2_ETHANE_FEED,pi,UN.ETH.11FC1262H.PV,real,FUR 8 PASS 2 ETHANE FEED,FUR 8 PASS 2 ETHANE FEED,1,2024-12-18 15:57:45,0,NULL,NULL
748,FUR_8_PASS_3_ETHANE_FEED,pi,UN.ETH.11FC1362H.PV,real,FUR 8 PASS 3 ETHANE FEED,FUR 8 PASS 3 ETHANE FEED,1,2024-12-18 15:57:45,0,NULL,NULL
749,FUR_8_PASS_4_ETHANE_FEED,pi,UN.ETH.11FC1462H.PV,real,FUR 8 PASS 4 ETHANE FEED,FUR 8 PASS 4 ETHANE FEED,1,2024-12-18 15:57:45,0,NULL,NULL
750,FUR_8_PASS_5ETHANE_FEED,pi,UN.ETH.11FC1562H.PV,real,FUR 8 PASS 5ETHANE FEED,FUR 8 PASS 5ETHANE FEED,1,2024-12-18 15:57:45,0,NULL,NULL
751,FUR_8_PASS_6_ETHANE_FEED,pi,UN.ETH.11FC1662H.PV,real,FUR 8 PASS 6 ETHANE FEED,FUR 8 PASS 6 ETHANE FEED,1,2024-12-18 15:57:45,0,NULL,NULL
752,FUR_8_PASS_7_ETHANE_FEED,pi,UN.ETH.11FC1762H.PV,real,FUR 8 PASS 7 ETHANE FEED,FUR 8 PASS 7 ETHANE FEED,1,2024-12-18 15:57:45,0,NULL,NULL
753,FUR_8_PASS_8_ETHANE_FEED,pi,UN.ETH.11FC1862H.PV,real,FUR 8 PASS 8 ETHANE FEED,FUR 8 PASS 8 ETHANE FEED,1,2024-12-18 15:57:45,0,NULL,NULL
754,FUR_9_PASS_2_ETHANE_FEED,pi,UN.ETH.11FC1262J.PV,real,FUR 9 PASS 2 ETHANE FEED,FUR 9 PASS 2 ETHANE FEED,1,2024-12-18 15:57:45,0,NULL,NULL
755,FUR_9_PASS_3_ETHANE_FEED,pi,UN.ETH.11FC1362J.PV,real,FUR 9 PASS 3 ETHANE FEED,FUR 9 PASS 3 ETHANE FEED,1,2024-12-18 15:57:45,0,NULL,NULL
756,FUR_9_PASS_4_ETHANE_FEED,pi,UN.ETH.11FC1462J.PV,real,FUR 9 PASS 4 ETHANE FEED,FUR 9 PASS 4 ETHANE FEED,1,2024-12-18 15:57:45,0,NULL,NULL
757,FUR_9_PASS_5ETHANE_FEED,pi,UN.ETH.11FC1562J.PV,real,FUR 9 PASS 5ETHANE FEED,FUR 9 PASS 5ETHANE FEED,1,2024-12-18 15:57:45,0,NULL,NULL
758,FUR_9_PASS_6_ETHANE_FEED,pi,UN.ETH.11FC1662J.PV,real,FUR 9 PASS 6 ETHANE FEED,FUR 9 PASS 6 ETHANE FEED,1,2024-12-18 15:57:45,0,NULL,NULL
759,FUR_9_PASS_7_ETHANE_FEED,pi,UN.ETH.11FC1762J.PV,real,FUR 9 PASS 7 ETHANE FEED,FUR 9 PASS 7 ETHANE FEED,1,2024-12-18 15:57:45,0,NULL,NULL
760,FUR_9_PASS_8_ETHANE_FEED,pi,UN.ETH.11FC1862J.PV,real,FUR 9 PASS 8 ETHANE FEED,FUR 9 PASS 8 ETHANE FEED,1,2024-12-18 15:57:45,0,NULL,NULL
761,EG1_LP_steam_To_Condensate_FD,pi,UN.EG1.22FV2208B.MV,real,EG1 LP steam To Condensate FD,EG1 LP steam To Condensate FD,1,2024-12-18 15:57:45,0,NULL,NULL
762,EG2_LP_steam_To_Condensate_FD,pi,UN.EG2.42FV2208B.MV,real,EG2 LP steam To Condensate FD,EG2 LP steam To Condensate FD,1,2024-12-18 15:57:45,0,NULL,NULL
763,EG3_LP_steam_To_Condensate_FD,pi,UN.EG3.69FC9208B.PV,real,EG3 LP steam To Condensate FD,EG3 LP steam To Condensate FD,1,2024-12-18 15:57:45,0,NULL,NULL
764,ETH_V_1732_Level_1,pi,UN.ETH.17LC7051.MV,real,ETH V 1732 Level 1,ETH V 1732 Level 1,1,2024-12-18 15:57:45,0,NULL,NULL
765,ETH_V_1732_Level_2,pi,UN.ETH.17LC7043.MV,real,ETH V 1732 Level 2,ETH V 1732 Level 2,1,2024-12-18 15:57:45,0,NULL,NULL
766,Regeneration_Gas_Heater_Level,pi,UN.ETH.12LC2142.MV,real,ETH E 1214 Opening,ETH E 1214 Opening,1,2024-12-18 15:57:45,0,NULL,NULL
767,From_Utilities_to_cracker,pi,UN.ETH.17FI7064A.PV,real,From Utilities to cracker,From Utilities to cracker,1,2024-12-18 15:57:45,0,NULL,NULL
768,LP_steam_BL_import_flow,pi,UN.ETH.17FI7065.PV,real,LP steam BL import flow,LP steam BL import flow,1,2024-12-18 15:57:45,0,NULL,NULL
769,UN_UO_70PY0013A_MV,pi,UN.UO.70PY0013A.MV,real,UN UO 70PY0013A MV,UN_UO_70PY0013A_MV,1,2024-12-18 15:57:45,0,NULL,NULL
770,EG_1_Ejecter_stm_to_EJ_2612,inferred,NULL,real,EG 1 Ejecter stm to EJ 2612,EG 1 Ejecter stm to EJ 2612,0,2024-12-18 15:57:45,0,NULL,NULL
771,EG_1_Ejecter_stm_to_EJ_2622,inferred,NULL,real,EG 1 Ejecter stm to EJ 2622,EG 1 Ejecter stm to EJ 2622,0,2024-12-18 15:57:45,0,NULL,NULL
772,EG_1_Ejecter_stm_to_EJ_2632,inferred,NULL,real,EG 1 Ejecter stm to EJ 2632,EG 1 Ejecter stm to EJ 2632,0,2024-12-18 15:57:45,0,NULL,NULL
773,EG_1_Ejecter_stm_to_EJ_2712,inferred,NULL,real,EG 1 Ejecter stm to EJ 2712,EG 1 Ejecter stm to EJ 2712,0,2024-12-18 15:57:45,0,NULL,NULL
774,EG_2_Ejecter_stm_to_EJ_4612,inferred,NULL,real,EG 2 Ejecter stm to EJ 4612,EG 2 Ejecter stm to EJ 4612,0,2024-12-18 15:57:45,0,NULL,NULL
775,EG_2_Ejecter_stm_to_EJ_4622,inferred,NULL,real,EG 2 Ejecter stm to EJ 4622,EG 2 Ejecter stm to EJ 4622,0,2024-12-18 15:57:45,0,NULL,NULL
776,EG_2_Ejecter_stm_to_EJ_4632,inferred,NULL,real,EG 2 Ejecter stm to EJ 4632,EG 2 Ejecter stm to EJ 4632,0,2024-12-18 15:57:45,0,NULL,NULL
777,EG_2_Ejecter_stm_to_EJ_4712,inferred,NULL,real,EG 2 Ejecter stm to EJ 4712,EG 2 Ejecter stm to EJ 4712,0,2024-12-18 15:57:45,0,NULL,NULL
778,EG_3_Ejecter_stm_to_EJ_6612,inferred,NULL,real,EG 3 Ejecter stm to EJ 6612,EG 3 Ejecter stm to EJ 6612,0,2024-12-18 15:57:45,0,NULL,NULL
779,EG_3_Ejecter_stm_to_EJ_6622,inferred,NULL,real,EG 3 Ejecter stm to EJ 6622,EG 3 Ejecter stm to EJ 6622,0,2024-12-18 15:57:45,0,NULL,NULL
780,EG_3_Ejecter_stm_to_EJ_6632,inferred,NULL,real,EG 3 Ejecter stm to EJ 6632,EG 3 Ejecter stm to EJ 6632,0,2024-12-18 15:57:45,0,NULL,NULL
781,EG_3_Ejecter_stm_to_EJ_6712,inferred,NULL,real,EG 3 Ejecter stm to EJ 6712,EG 3 Ejecter stm to EJ 6712,0,2024-12-18 15:57:45,0,NULL,NULL
782,Total_DMW_Demand_raw,pi,UN.UO.73FC3001.PV,real,Total DMW Demand raw,Total DMW Demand raw,1,2024-12-20 08:57:46,0,NULL,NULL
783,Total_DMW_Demand,pi,UN.UO.Total_DMW_Demand_EO_CALC_OUTPUT,real,Total DMW Demand,Total DMW Demand,1,2024-12-20 08:57:46,0,NULL,NULL
784,Fuel_BLR_1,inferred,NULL,real,Fuel Boiler A,Fuel Boiler A,1,2024-12-20 11:04:46,0,NULL,NULL
785,Fuel_BLR_2,inferred,NULL,real,Fuel Boiler B,Fuel Boiler B,1,2024-12-20 11:04:46,0,NULL,NULL
786,Fuel_BLR_3,inferred,NULL,real,Fuel Boiler C,Fuel Boiler C,1,2024-12-20 11:04:46,0,NULL,NULL
787,Fuel_BLR_4,inferred,NULL,real,Fuel Boiler D,Fuel Boiler D,1,2024-12-20 11:04:46,0,NULL,NULL
788,Fuel_BLR_5,inferred,NULL,real,Fuel Boiler E,Fuel Boiler E,1,2024-12-20 11:04:46,0,NULL,NULL
790,BLR_1_HPS_Gen_Cost,inferred,NULL,real,BOILER 1 HP Steam Generation Cost,BLR 1 HPS Gen Cost,0,2024-12-20 13:30:09,0,NULL,NULL
791,BLR_2_HPS_Gen_Cost,inferred,NULL,real,BOILER 2 HP Steam Generation Cost,BLR 2 HPS Gen Cost,0,2024-12-20 13:30:09,0,NULL,NULL
792,BLR_3_HPS_Gen_Cost,inferred,NULL,real,BOILER 3 HP Steam Generation Cost,BLR 3 HPS Gen Cost,0,2024-12-20 13:30:09,0,NULL,NULL
793,BLR_4_HPS_Gen_Cost,inferred,NULL,real,BOILER 4 HP Steam Generation Cost,BLR 4 HPS Gen Cost,0,2024-12-20 13:30:09,0,NULL,NULL
794,BLR_5_HPS_Gen_Cost,inferred,NULL,real,BOILER 5 HP Steam Generation Cost,BLR 5 HPS Gen Cost,0,2024-12-20 13:30:09,0,NULL,NULL
795,HP_Steam_Cost,inferred,NULL,real,HP Steam Cost,HP Steam Cost,1,2024-12-20 13:30:09,0,NULL,NULL
796,FD_Fan_BLR_1_Steam_Cost,inferred,NULL,real,FD Fan BOILER 1 Steam Cost,FD Fan BLR 1 Steam Cost,0,2024-12-20 13:30:09,0,NULL,NULL
797,FD_Fan_BLR_2_Steam_Cost,inferred,NULL,real,FD Fan BOILER 2 Steam Cost,FD Fan BLR 2 Steam Cost,0,2024-12-20 13:30:09,0,NULL,NULL
798,FD_Fan_BLR_3_Steam_Cost,inferred,NULL,real,FD Fan BOILER 3 Steam Cost,FD Fan BLR 3 Steam Cost,0,2024-12-20 13:30:09,0,NULL,NULL
799,FD_Fan_BLR_4_Steam_Cost,inferred,NULL,real,FD Fan BOILER 4 Steam Cost,FD Fan BLR 4 Steam Cost,0,2024-12-20 13:30:09,0,NULL,NULL
800,FD_Fan_BLR_5_Steam_Cost,inferred,NULL,real,FD Fan BOILER 5 Steam Cost,FD Fan BLR 5 Steam Cost,0,2024-12-20 13:30:09,0,NULL,NULL
801,FD_Fan_BLR_1_LP_Steam_Cost,inferred,NULL,real,FD Fan BOILER 1 LP Steam Cost,FD Fan BLR 1 LP Steam Cost,0,2024-12-20 13:30:09,0,NULL,NULL
802,FD_Fan_BLR_2_LP_Steam_Cost,inferred,NULL,real,FD Fan BOILER 2 LP Steam Cost,FD Fan BLR 2 LP Steam Cost,0,2024-12-20 13:30:09,0,NULL,NULL
803,FD_Fan_BLR_3_LP_Steam_Cost,inferred,NULL,real,FD Fan BOILER 3 LP Steam Cost,FD Fan BLR 3 LP Steam Cost,0,2024-12-20 13:30:09,0,NULL,NULL
804,FD_Fan_BLR_4_LP_Steam_Cost,inferred,NULL,real,FD Fan BOILER 4 LP Steam Cost,FD Fan BLR 4 LP Steam Cost,0,2024-12-20 13:30:09,0,NULL,NULL
805,FD_Fan_BLR_5_LP_Steam_Cost,inferred,NULL,real,FD Fan BOILER 5 LP Steam Cost,FD Fan BLR 5 LP Steam Cost,0,2024-12-20 13:30:09,0,NULL,NULL
806,LP_Steam_Cost,inferred,NULL,real,LP Steam Cost,LP Steam Cost,1,2024-12-20 13:30:09,0,NULL,NULL
807,BFW_B_Turb_Steam_Cost,inferred,NULL,real,BFW B Turbine Steam Cost,BFW B Turb Steam Cost,0,2024-12-20 13:30:09,0,NULL,NULL
808,BFW_C_Turb_Steam_Cost,inferred,NULL,real,BFW C Turbine Steam Cost,BFW C Turb Steam Cost,0,2024-12-20 13:30:09,0,NULL,NULL
809,BFW_E_Turb_Steam_Cost,inferred,NULL,real,BFW E Turbine Steam Cost,BFW E Turb Steam Cost,0,2024-12-20 13:30:09,0,NULL,NULL
810,VHP_BFW_B_Turb_Steam_Cost,inferred,NULL,real,VHP BFW B Turbine Steam Cost,VHP BFW B Turb Steam Cost,0,2024-12-20 13:30:09,0,NULL,NULL
811,VHP_BFW_C_Turb_Steam_Cost,inferred,NULL,real,VHP BFW C Turbine Steam Cost,VHP BFW C Turb Steam Cost,0,2024-12-20 13:30:09,0,NULL,NULL
812,CW_Turbine_A_Steam_Cost,inferred,NULL,real,CW Turbine A Steam Cost,CW Turbine A Steam Cost,0,2024-12-20 13:30:09,0,NULL,NULL
813,CW_Turbine_B_Steam_Cost,inferred,NULL,real,CW Turbine B Steam Cost,CW Turbine B Steam Cost,0,2024-12-20 13:30:09,0,NULL,NULL
814,CW_Turbine_G_Steam_Cost,inferred,NULL,real,CW Turbine G Steam Cost,CW Turbine G Steam Cost,0,2024-12-20 13:30:09,0,NULL,NULL
815,Air_Compressor_Turbine_A_Steam_Cost,inferred,NULL,real,Air Compressor Turbine A Steam Cost,Air Compressor Turbine A Steam Cost,0,2024-12-20 13:30:09,0,NULL,NULL
816,Air_Compressor_Turbine_D_Steam_Cost,inferred,NULL,real,Air Compressor Turbine D Steam Cost,Air Compressor Turbine D Steam Cost,0,2024-12-20 13:30:09,0,NULL,NULL
817,BFW_B_Turb_LP_Steam_Cost,inferred,NULL,real,BFW B Turbine LP Steam Cost,BFW B Turb LP Steam Cost,0,2024-12-20 13:30:09,0,NULL,NULL
818,BFW_C_Turb_LP_Steam_Cost,inferred,NULL,real,BFW C Turbine LP Steam Cost,BFW C Turb LP Steam Cost,0,2024-12-20 13:30:09,0,NULL,NULL
819,BFW_E_Turb_LP_Steam_Cost,inferred,NULL,real,BFW E Turbine LP Steam Cost,BFW E Turb LP Steam Cost,0,2024-12-20 13:30:09,0,NULL,NULL
820,VHP_BFW_B_Turb_LP_Steam_Cost,inferred,NULL,real,VHP BFW B Turbine LP Steam Cost,VHP BFW B Turb LP Steam Cost,0,2024-12-20 13:30:09,0,NULL,NULL
821,VHP_BFW_C_Turb_LP_Steam_Cost,inferred,NULL,real,VHP BFW C Turbine LP Steam Cost,VHP BFW C Turb LP Steam Cost,0,2024-12-20 13:30:09,0,NULL,NULL
822,CW_Turbine_A_LP_Steam_Cost,inferred,NULL,real,CW Turbine A LP Steam Cost,CW Turbine A LP Steam Cost,0,2024-12-20 13:30:09,0,NULL,NULL
823,CW_Turbine_B_LP_Steam_Cost,inferred,NULL,real,CW Turbine B LP Steam Cost,CW Turbine B LP Steam Cost,0,2024-12-20 13:30:09,0,NULL,NULL
824,CW_Turbine_G_LP_Steam_Cost,inferred,NULL,real,CW Turbine G LP Steam Cost,CW Turbine G LP Steam Cost,0,2024-12-20 13:30:09,0,NULL,NULL
825,Air_Compressor_Turbine_A_LP_Steam_Cost,inferred,NULL,real,Air Compressor Turbine A LP Steam Cost,Air Compressor Turbine A LP Steam Cost,0,2024-12-20 13:30:09,0,NULL,NULL
826,Air_Compressor_Turbine_D_LP_Steam_Cost,inferred,NULL,real,Air Compressor Turbine D LP Steam Cost,Air Compressor Turbine D LP Steam Cost,0,2024-12-20 13:30:09,0,NULL,NULL
827,BFW_A_Motor_Cost,inferred,NULL,real,BFW A Motor Cost,BFW A Motor Cost,0,2024-12-20 13:30:09,0,NULL,NULL
828,BFW_D_Motor_Cost,inferred,NULL,real,BFW D Motor Cost,BFW D Motor Cost,0,2024-12-20 13:30:09,0,NULL,NULL
829,BFW_F_Motor_Cost,inferred,NULL,real,BFW F Motor Cost,BFW F Motor Cost,0,2024-12-20 13:30:09,0,NULL,NULL
830,CW_Motor_C_Cost,inferred,NULL,real,CW Motor C Cost,CW Motor C Cost,0,2024-12-20 13:30:09,0,NULL,NULL
831,CW_Motor_D_Cost,inferred,NULL,real,CW Motor D Cost,CW Motor D Cost,0,2024-12-20 13:30:09,0,NULL,NULL
832,CW_Motor_E_Cost,inferred,NULL,real,CW Motor E Cost,CW Motor E Cost,0,2024-12-20 13:30:09,0,NULL,NULL
833,CW_Motor_F_Cost,inferred,NULL,real,CW Motor F Cost,CW Motor F Cost,0,2024-12-20 13:30:09,0,NULL,NULL
834,Air_Compressor_Motor_B_Cost,inferred,NULL,real,Air Compressor Motor B Cost,Air Compressor Motor B Cost,0,2024-12-20 13:30:09,0,NULL,NULL
835,Air_Compressor_Motor_C_Cost,inferred,NULL,real,Air Compressor Motor C Cost,Air Compressor Motor C Cost,0,2024-12-20 13:30:09,0,NULL,NULL
836,HP_to_MP_steam_Letdown_0007A_Cost,inferred,NULL,real,HP to MP steam Letdown 0007A Cost,HP to MP steam Letdown 0007A Cost,0,2024-12-20 13:30:09,0,NULL,NULL
837,HP_to_MP_steam_Letdown_0007B_Cost,inferred,NULL,real,HP to MP steam Letdown 0007B Cost,HP to MP steam Letdown 0007B Cost,0,2024-12-20 13:30:09,0,NULL,NULL
838,MP_steam_generation_Cost,inferred,NULL,real,MP steam generation Cost,MP steam generation Cost,1,2024-12-20 13:30:09,0,NULL,NULL
839,MP_to_LP_steam_Letdown_0013A_Cost,inferred,NULL,real,MP to LP steam Letdown 0013A Cost,MP to LP steam Letdown 0013A Cost,0,2024-12-20 13:30:09,0,NULL,NULL
840,MP_to_LP_steam_Letdown_0013B_Cost,inferred,NULL,real,MP to LP steam Letdown 0013B Cost,MP to LP steam Letdown 0013B Cost,0,2024-12-20 13:30:09,0,NULL,NULL
841,DMW_Turbine_A_Steam_Cost,inferred,NULL,real,DMW Turbine A Steam Cost,DMW Turbine A Steam Cost,0,2024-12-20 13:30:09,0,NULL,NULL
842,DMW_Turbine_C_Steam_Cost,inferred,NULL,real,DMW Turbine C Steam Cost,DMW Turbine C Steam Cost,0,2024-12-20 13:30:09,0,NULL,NULL
843,DMW_A_Turb_LP_Steam_Cost,inferred,NULL,real,DMW A Turbine LP Steam Cost,DMW A Turb LP Steam Cost,0,2024-12-20 13:30:09,0,NULL,NULL
844,DMW_C_Turb_LP_Steam_Cost,inferred,NULL,real,DMW C Turbine LP Steam Cost,DMW C Turb LP Steam Cost,0,2024-12-20 13:30:09,0,NULL,NULL
845,Total_clean_cond_return,inferred,NULL,real,Total clean cond return,Total clean cond return,0,2024-12-20 13:30:09,0,NULL,NULL
846,Total_suspect_cond_return,inferred,NULL,real,Total suspect cond return,Total suspect cond return,0,2024-12-20 13:30:09,0,NULL,NULL
847,Clean_cond_Cost,inferred,NULL,real,Clean cond Cost,Clean cond Cost,0,2024-12-20 13:30:09,0,NULL,NULL
848,Suspect_cond_Cost,inferred,NULL,real,Suspect cond Cost,Suspect cond Cost,0,2024-12-20 13:30:09,0,NULL,NULL
849,Total_Deaerator_steam,inferred,NULL,real,Total Deaerator steam,Total Deaerator steam,0,2024-12-20 13:30:09,0,NULL,NULL
850,De_aerator_outlet,inferred,NULL,real,De aerator outlet,De aerator outlet,0,2024-12-20 13:30:09,0,NULL,NULL
851,HP_for_BFW_Turbine,inferred,NULL,real,HP for BFW Turbine,HP for BFW Turbine,0,2024-12-20 13:30:09,0,NULL,NULL
852,Power_for_BFW_pumps,inferred,NULL,real,Power for BFW pumps,Power for BFW pumps,0,2024-12-20 13:30:09,0,NULL,NULL
853,BFW_Cost,inferred,NULL,real,BFW Cost,BFW Cost,1,2024-12-20 13:30:09,0,NULL,NULL
854,Power_Cost_in_KWh,inferred,NULL,real,Power Cost in KWh,Power Cost in KWh,0,2024-12-20 13:30:09,0,NULL,NULL
855,VHP_BFW_pump_motor_A_Cost,inferred,NULL,real,VHP BFW pump motor A Cost,VHP BFW pump motor A Cost,0,2024-12-20 13:30:09,0,NULL,NULL
856,DMW_Motor_B_Cost,inferred,NULL,real,"DMW Motor B Cost  ","DMW_Motor_B_Cost  ",1,2024-12-20 13:30:09,0,NULL,NULL
857,BFW_to_Boilers_pi,pi,UN.UO.71FI1020.PV,real,BFW to Boilers,BFW to Boilers,1,2024-12-20 17:38:14,0,NULL,NULL
858,Utility_HP_to_MP_Flow_throttle,inferred,NULL,real,Utility HP to MP Flow throttle,Utility HP to MP Flow throttle,1,2024-12-20 17:39:03,0,NULL,NULL
859,Utility_LP_to_acid_alkali,inferred,NULL,real,Utility LP to acid alkali,Utility LP to acid alkali,1,2024-12-20 17:39:04,0,NULL,NULL
860,EG_1_Ejecter_Steam_to_EJ_2612,inferred,NULL,real,EG 1 Ejecter Steam to EJ 2612,EG 1 Ejecter Steam to EJ 2612,1,2024-12-20 17:39:04,0,NULL,NULL
861,EG_1_Ejecter_Steam_to_EJ_2622,inferred,NULL,real,EG 1 Ejecter Steam to EJ 2622,EG 1 Ejecter Steam to EJ 2622,1,2024-12-20 17:39:05,0,NULL,NULL
862,EG_1_Ejecter_Steam_to_EJ_2632,inferred,NULL,real,EG 1 Ejecter Steam to EJ 2632,EG 1 Ejecter Steam to EJ 2632,1,2024-12-20 17:39:05,0,NULL,NULL
863,EG_1_Ejecter_Steam_to_EJ_2712,inferred,NULL,real,EG 1 Ejecter Steam to EJ 2712,EG 1 Ejecter Steam to EJ 2712,1,2024-12-20 17:39:06,0,NULL,NULL
864,EG_2_Ejecter_Steam_to_EJ_4612,inferred,NULL,real,EG 2 Ejecter Steam to EJ 4612,EG 2 Ejecter Steam to EJ 4612,1,2024-12-20 17:39:06,0,NULL,NULL
865,EG_2_Ejecter_Steam_to_EJ_4622,inferred,NULL,real,EG 2 Ejecter Steam to EJ 4622,EG 2 Ejecter Steam to EJ 4622,1,2024-12-20 17:39:07,0,NULL,NULL
866,EG_2_Ejecter_Steam_to_EJ_4632,inferred,NULL,real,EG 2 Ejecter Steam to EJ 4632,EG 2 Ejecter Steam to EJ 4632,1,2024-12-20 17:39:07,0,NULL,NULL
867,EG_2_Ejecter_Steam_to_EJ_4712,inferred,NULL,real,EG 2 Ejecter Steam to EJ 4712,EG 2 Ejecter Steam to EJ 4712,1,2024-12-20 17:39:08,0,NULL,NULL
868,EG_3_Ejecter_Steam_to_EJ_6612,inferred,NULL,real,EG 3 Ejecter Steam to EJ 6612,EG 3 Ejecter Steam to EJ 6612,1,2024-12-20 17:39:08,0,NULL,NULL
869,EG_3_Ejecter_Steam_to_EJ_6622,inferred,NULL,real,EG 3 Ejecter Steam to EJ 6622,EG 3 Ejecter Steam to EJ 6622,1,2024-12-20 17:39:09,0,NULL,NULL
870,EG_3_Ejecter_Steam_to_EJ_6632,inferred,NULL,real,EG 3 Ejecter Steam to EJ 6632,EG 3 Ejecter Steam to EJ 6632,1,2024-12-20 17:39:09,0,NULL,NULL
871,EG_3_Ejecter_Steam_to_EJ_6712,inferred,NULL,real,EG 3 Ejecter Steam to EJ 6712,EG 3 Ejecter Steam to EJ 6712,1,2024-12-20 17:39:10,0,NULL,NULL
872,EG1_MP_to_Ejectors,inferred,NULL,real,EG1 MP to Ejectors,EG1 MP to Ejectors,1,2024-12-20 17:39:10,0,NULL,NULL
873,EG2_MP_to_Ejectors,inferred,NULL,real,EG2 MP to Ejectors,EG2 MP to Ejectors,1,2024-12-20 17:39:10,0,NULL,NULL
874,EG3_MP_to_Ejectors,inferred,NULL,real,EG3 MP to Ejectors,EG3 MP to Ejectors,1,2024-12-20 17:39:11,0,NULL,NULL
875,NATURAL_GAS_Import_CTM_Energy,inferred,NULL,real,NATURAL GAS Import,NATURAL GAS Import CTM Energy,1,2024-12-20 17:39:11,0,NULL,NULL
876,Fuel_BLR_1_Energy,inferred,NULL,real,Fuel Boiler A Energy,Fuel Boiler A Energy,1,2024-12-20 17:39:12,0,NULL,NULL
877,Fuel_BLR_2_Energy,inferred,NULL,real,Fuel Boiler B Energy,Fuel Boiler B Energy,1,2024-12-20 17:39:12,0,NULL,NULL
878,Fuel_BLR_3_Energy,inferred,NULL,real,Fuel Boiler C Energy,Fuel Boiler C Energy,1,2024-12-20 17:39:13,0,NULL,NULL
879,Fuel_BLR_4_Energy,inferred,NULL,real,Fuel Boiler D Energy,Fuel Boiler D Energy,1,2024-12-20 17:39:13,0,NULL,NULL
880,Fuel_BLR_5_Energy,inferred,NULL,real,Fuel Boiler E Energy,Fuel Boiler E Energy,1,2024-12-20 17:39:14,0,NULL,NULL
881,HPS_Vent_Energy,inferred,NULL,real,HP Steam Vent Energy,HPS Vent Energy,1,2024-12-20 17:39:14,0,NULL,NULL
882,ETH_HPS_Demand_Energy,inferred,NULL,real,ETH HP Steam Demand Energy,ETH HPS Demand Energy,1,2024-12-20 17:39:15,0,NULL,NULL
883,EOEG_1_HPS_Demand_Energy,inferred,NULL,real,EOEG 1 HP Steam Demand Energy,EOEG 1 HPS Demand Energy,1,2024-12-20 17:39:15,0,NULL,NULL
884,EOEG_2_HPS_Demand_Energy,inferred,NULL,real,EOEG 2 HP Steam Demand Energy,EOEG 2 HPS Demand Energy,1,2024-12-20 17:39:16,0,NULL,NULL
885,EOEG_3_HPS_Demand_Energy,inferred,NULL,real,EOEG 3 HP Steam Demand Energy,EOEG 3 HPS Demand Energy,1,2024-12-20 17:39:16,0,NULL,NULL
886,BLR_1_HPS_Gen_Energy,pi,UN.UO.BO-7101A.Boiler_1_HPS_Generation_Energy_EO_CALC_OUTPUT,real,Boiler A HP Steam Generation Energy,Boiler A HPS Gen Energy,1,2024-12-20 17:39:17,0,NULL,NULL
887,BLR_2_HPS_Gen_Energy,pi,UN.UO.BO-7101B.Boiler_2_HPS_Generation_Energy_EO_CALC_OUTPUT,real,Boiler B HP Steam Generation Energy,Boiler B HPS Gen Energy,1,2024-12-20 17:39:17,0,NULL,NULL
888,BLR_3_HPS_Gen_Energy,pi,UN.UO.BO-7101C.Boiler_3_HPS_Generation_Energy_EO_CALC_OUTPUT,real,Boiler C HP Steam Generation Energy,Boiler C HPS Gen Energy,1,2024-12-20 17:39:18,0,NULL,NULL
889,BLR_4_HPS_Gen_Energy,pi,UN.UO.BO-7101D.Boiler_4_HPS_Generation_Energy_EO_CALC_OUTPUT,real,Boiler D HP Steam Generation Energy,Boiler D HPS Gen Energy,1,2024-12-20 17:39:18,0,NULL,NULL
890,BLR_5_HPS_Gen_Energy,pi,UN.UO.PK-7104E.Boiler_5_HPS_Generation_Energy_EO_CALC_OUTPUT,real,Boiler E HP Steam Generation Energy,Boiler E HPS Gen Energy,1,2024-12-20 17:39:19,0,NULL,NULL
891,Utility_HP_to_MP_Flow_throttle_Energy,inferred,NULL,real,Utility HP to MP Flow throttle Energy,Utility HP to MP Flow throttle Energy,1,2024-12-20 17:39:19,0,NULL,NULL
892,MP_to_LP_Letdown_MPS_Flow_In_PV013A_UO_Energy,inferred,NULL,real,MP to LP Letdown MPS Flow In PV013A UO Energy,MP to LP Letdown MPS Flow In PV013A UO Energy,1,2024-12-20 17:39:20,0,NULL,NULL
893,MP_to_LP_Letdown_MPS_Flow_In_PV013B_UO_Energy,inferred,NULL,real,MP to LP Letdown MPS Flow In PV013B UO Energy,MP to LP Letdown MPS Flow In PV013B UO Energy,1,2024-12-20 17:39:20,0,NULL,NULL
894,MP_to_LP_Letdown_MPS_Flow_In_PV31_UO_Energy,inferred,NULL,real,MP to LP Letdown MPS Flow In PV31 UO Energy,MP to LP Letdown MPS Flow In PV31 UO Energy,1,2024-12-20 17:39:21,0,NULL,NULL
895,MP_to_LP_Letdown_MPS_Flow_In_PV32_UO_Energy,inferred,NULL,real,MP to LP Letdown MPS Flow In PV32 UO Energy,MP to LP Letdown MPS Flow In PV32 UO Energy,1,2024-12-20 17:39:21,0,NULL,NULL
896,FD_Fan_BLR_1_Steam_Energy,inferred,NULL,real,FD Fan Boiler A Steam Energy,FD Fan Boiler A Steam Energy,1,2024-12-20 17:39:22,0,NULL,NULL
897,FD_Fan_BLR_2_Steam_Energy,inferred,NULL,real,FD Fan Boiler B Steam Energy,FD Fan Boiler B Steam Energy,1,2024-12-20 17:39:22,0,NULL,NULL
898,FD_Fan_BLR_3_Steam_Energy,inferred,NULL,real,FD Fan Boiler C Steam Energy,FD Fan Boiler C Steam Energy,1,2024-12-20 17:39:23,0,NULL,NULL
899,FD_Fan_BLR_4_Steam_Energy,inferred,NULL,real,FD Fan Boiler D Steam Energy,FD Fan Boiler D Steam Energy,1,2024-12-20 17:39:23,0,NULL,NULL
900,FD_Fan_BLR_5_Steam_Energy,inferred,NULL,real,FD Fan Boiler E Steam Energy,FD Fan Boiler E Steam Energy,1,2024-12-20 17:39:23,0,NULL,NULL
901,BFW_B_Turb_Steam_Energy,inferred,NULL,real,BFW B Turbine Steam Energy,BFW B Turb Steam Energy,1,2024-12-20 17:39:24,0,NULL,NULL
902,BFW_C_Turb_Steam_Energy,inferred,NULL,real,BFW C Turbine Steam Energy,BFW C Turb Steam Energy,1,2024-12-20 17:39:24,0,NULL,NULL
903,BFW_E_Turb_Steam_Energy,inferred,NULL,real,BFW E Turbine Steam Energy,BFW E Turb Steam Energy,1,2024-12-20 17:39:25,0,NULL,NULL
904,VHP_BFW_B_Turb_Steam_Energy,inferred,NULL,real,VHP BFW B Turbine Steam Energy,VHP BFW B Turb Steam Energy,1,2024-12-20 17:39:25,0,NULL,NULL
905,VHP_BFW_C_Turb_Steam_Energy,inferred,NULL,real,VHP BFW C Turbine Steam Energy,VHP BFW C Turb Steam Energy,1,2024-12-20 17:39:26,0,NULL,NULL
906,CW_Turbine_A_Steam_Energy,inferred,NULL,real,CW Turbine A Steam Energy,CW Turbine A Steam Energy,1,2024-12-20 17:39:26,0,NULL,NULL
907,CW_Turbine_B_Steam_Energy,inferred,NULL,real,CW Turbine B Steam Energy,CW Turbine B Steam Energy,1,2024-12-20 17:39:27,0,NULL,NULL
908,CW_Turbine_G_Steam_Energy,inferred,NULL,real,CW Turbine G Steam Energy,CW Turbine G Steam Energy,1,2024-12-20 17:39:27,0,NULL,NULL
909,Air_Compressor_Turbine_A_Steam_Energy,inferred,NULL,real,Air Compressor Turbine A Steam Energy,Air Compressor Turbine A Steam Energy,1,2024-12-20 17:39:28,0,NULL,NULL
910,Air_Compressor_Turbine_D_Steam_Energy,inferred,NULL,real,Air Compressor Turbine D Steam Energy,Air Compressor Turbine D Steam Energy,1,2024-12-20 17:39:28,0,NULL,NULL
911,DMW_Turbine_A_Steam_Energy,inferred,NULL,real,DMW Turbine A Steam Energy,DMW Turbine A Steam Energy,1,2024-12-20 17:39:29,0,NULL,NULL
912,DMW_Turbine_C_Steam_Energy,inferred,NULL,real,DMW Turbine C Steam Energy,DMW Turbine C Steam Energy,1,2024-12-20 17:39:29,0,NULL,NULL
913,Deaerator_A_LPS_Energy,pi,UN.UO.V-7101A.Deaerator_A_LPS_Energy_EO_CALC_OUTPUT,real,Deaerator A LPS Energy,Deaerator A LPS Energy,1,2024-12-20 17:39:30,0,NULL,NULL
914,Deaerator_B_LPS_Energy,inferred,NULL,real,Deaerator B LPS Energy,Deaerator B LPS Energy,1,2024-12-20 17:39:30,0,NULL,NULL
915,LP_Steam_Vent_valve_PV0024B_Steam_flow_out_UO_Energy,inferred,NULL,real,LP Steam Vent valve PV0024B Steam flow out UO Energy,LP Steam Vent valve PV0024B Steam flow out UO Energy,1,2024-12-20 17:39:31,0,NULL,NULL
916,LP_Steam_Dumping_Valve_PC0024A_Steam_flow_out_UO_Energy,inferred,NULL,real,LP Steam Dumping Valve PC0024A Steam flow out UO Energy,LP Steam Dumping Valve PC0024A Steam flow out UO Energy,1,2024-12-20 17:39:31,0,NULL,NULL
917,Utility_LP_to_acid_alkali_Energy,inferred,NULL,real,Utility LP to acid alkali Energy,Utility LP to acid alkali Energy,1,2024-12-20 17:39:32,0,NULL,NULL
918,LAO_LP_Steam_Demand_Energy,pi,UN.LAO.LP_Steam_Demand_Energy_EO_CALC_OUTPUT,real,LAO LP Steam Demand Energy,LAO LP Steam Demand Energy,1,2024-12-20 17:39:32,0,NULL,NULL
919,ETH_LPS_Demand_Energy,inferred,NULL,real,ETH LPS Demand Energy,ETH LPS Demand Energy,1,2024-12-20 17:39:33,0,NULL,NULL
920,EOEG_1_LPS_Demand_Energy,inferred,NULL,real,EOEG 1 LPS Demand Energy,EOEG 1 LPS Demand Energy,1,2024-12-20 17:39:33,0,NULL,NULL
921,EOEG_2_LPS_Demand_Energy,pi,UN.EG2.LPS_Demand_Energy_EO_CALC_OUTPUT,real,EOEG 2 LPS Demand Energy,EOEG 2 LPS Demand Energy,1,2024-12-20 17:39:34,0,NULL,NULL
922,EOEG_3_LPS_Demand_Energy,pi,UN.EG3.LPS_Demand_Energy_EO_CALC_OUTPUT,real,EOEG 3 LPS Demand Energy,EOEG 3 LPS Demand Energy,1,2024-12-20 17:39:34,0,NULL,NULL
923,EG1_MP_to_Ejectors_Energy,inferred,NULL,real,EG1 MP to Ejectors Energy,EG1 MP to Ejectors Energy,1,2024-12-20 17:39:35,0,NULL,NULL
924,EG1_MP_to_E_2630_Energy,inferred,NULL,real,EG1 MP to E 2630 Energy,EG1 MP to E 2630 Energy,1,2024-12-20 17:39:35,0,NULL,NULL
925,EG1_MP_to_E_2710_Energy,inferred,NULL,real,EG1 MP to E 2710 Energy,EG1 MP to E 2710 Energy,1,2024-12-20 17:39:36,0,NULL,NULL
926,EG1_MP_to_E_2720_Energy,inferred,NULL,real,EG1 MP to E 2720 Energy,EG1 MP to E 2720 Energy,1,2024-12-20 17:39:36,0,NULL,NULL
927,EG1_MP_to_E_2610_Energy,inferred,NULL,real,EG1 MP to E 2610 Energy,EG1 MP to E 2610 Energy,1,2024-12-20 17:39:37,0,NULL,NULL
928,EG1_MP_to_E_2620_Energy,inferred,NULL,real,EG1 MP to E 2620 Energy,EG1 MP to E 2620 Energy,1,2024-12-20 17:39:37,0,NULL,NULL
929,EG1_MP_to_E_2624_Energy,inferred,NULL,real,EG1 MP to E 2624 Energy,EG1 MP to E 2624 Energy,1,2024-12-20 17:39:37,0,NULL,NULL
930,EG1_MP_to_V_2533_Energy,inferred,NULL,real,EG1 MP to V 2533 Energy,EG1 MP to V 2533 Energy,1,2024-12-20 17:39:38,0,NULL,NULL
931,EG1_MP_to_E_2531_Energy,inferred,NULL,real,EG1 MP to E 2531 Energy,EG1 MP to E 2531 Energy,1,2024-12-20 17:39:38,0,NULL,NULL
932,EOEG_1_MPS_Demand_Energy,inferred,NULL,real,EOEG 1 MPS Demand Energy,EOEG 1 MPS Demand Energy,1,2024-12-20 17:39:39,0,NULL,NULL
933,EG1_MP_from_V2110_Energy,inferred,NULL,real,EG1 MP from V2110 Energy,EG1 MP from V2110 Energy,1,2024-12-20 17:39:39,0,NULL,NULL
934,HP_to_MP_Let_Down_Valve_PC9209_EG1_HP_Steam_Flow_in_Energy,inferred,NULL,real,HP to MP Let Down Valve PC9209 EG1 HP Steam Flow in Energy,HP to MP Let Down Valve PC9209 EG1 HP Steam Flow in Energy,1,2024-12-20 17:39:40,0,NULL,NULL
935,EG1_MP_from_V2120_Energy,inferred,NULL,real,EG1 MP from V2120 Energy,EG1 MP from V2120 Energy,1,2024-12-20 17:39:40,0,NULL,NULL
936,EG1_LP_Steam_from_V_2920_Energy,inferred,NULL,real,EG1 LP Steam from V 2920 Energy,EG1 LP Steam from V 2920 Energy,1,2024-12-20 17:39:41,0,NULL,NULL
937,EG1_LP_Steam_from_V_2112_Energy,inferred,NULL,real,EG1 LP Steam from V 2112 Energy,EG1 LP Steam from V 2112 Energy,1,2024-12-20 17:39:41,0,NULL,NULL
938,EG1_LP_Steam_from_V_2122_Energy,inferred,NULL,real,EG1 LP Steam from V 2122 Energy,EG1 LP Steam from V 2122 Energy,1,2024-12-20 17:39:42,0,NULL,NULL
939,EG1_LP_to_E_2220_Energy,inferred,NULL,real,EG1 LP to E 2220 Energy,EG1 LP to E 2220 Energy,1,2024-12-20 17:39:42,0,NULL,NULL
940,EG1_LP_to_C_2220_Energy,inferred,NULL,real,EG1 LP to C 2220 Energy,EG1 LP to C 2220 Energy,1,2024-12-20 17:39:43,0,NULL,NULL
941,EG1_LP_to_C_2310_Energy,inferred,NULL,real,EG1 LP to C 2310 Energy,EG1 LP to C 2310 Energy,1,2024-12-20 17:39:43,0,NULL,NULL
942,EG1_LP_to_E_2310_Energy,inferred,NULL,real,EG1 LP to E 2310 Energy,EG1 LP to E 2310 Energy,1,2024-12-20 17:39:44,0,NULL,NULL
943,EG1_LP_to_C_2510_Energy,inferred,NULL,real,EG1 LP to C 2510 Energy,EG1 LP to C 2510 Energy,1,2024-12-20 17:39:44,0,NULL,NULL
944,EG1_LP_to_E_2523_Energy,inferred,NULL,real,EG1 LP to E 2523 Energy,EG1 LP to E 2523 Energy,1,2024-12-20 17:39:45,0,NULL,NULL
945,EG1_LP_to_C_2570_Energy,inferred,NULL,real,EG1 LP to C 2570 Energy,EG1 LP to C 2570 Energy,1,2024-12-20 17:39:45,0,NULL,NULL
946,EG2_MP_to_Ejectors_Energy,inferred,NULL,real,EG2 MP to Ejectors Energy,EG2 MP to Ejectors Energy,1,2024-12-20 17:39:46,0,NULL,NULL
947,EG2_MP_to_E_4630_Energy,inferred,NULL,real,EG2 MP to E 4630 Energy,EG2 MP to E 4630 Energy,1,2024-12-20 17:39:46,0,NULL,NULL
948,EG2_MP_to_E_4710_Energy,inferred,NULL,real,EG2 MP to E 4710 Energy,EG2 MP to E 4710 Energy,1,2024-12-20 17:39:47,0,NULL,NULL
949,EG2_MP_to_E_4720_Energy,inferred,NULL,real,EG2 MP to E 4720 Energy,EG2 MP to E 4720 Energy,1,2024-12-20 17:39:47,0,NULL,NULL
950,EG2_MP_to_E_4610_Energy,inferred,NULL,real,EG2 MP to E 4610 Energy,EG2 MP to E 4610 Energy,1,2024-12-20 17:39:48,0,NULL,NULL
951,EG2_MP_to_E_4620_Energy,inferred,NULL,real,EG2 MP to E 4620 Energy,EG2 MP to E 4620 Energy,1,2024-12-20 17:39:48,0,NULL,NULL
952,EG2_MP_to_E_4624_Energy,inferred,NULL,real,EG2 MP to E 4624 Energy,EG2 MP to E 4624 Energy,1,2024-12-20 17:39:49,0,NULL,NULL
953,EG2_MP_to_V_4533_Energy,inferred,NULL,real,EG2 MP to V 4533 Energy,EG2 MP to V 4533 Energy,1,2024-12-20 17:39:49,0,NULL,NULL
954,EG2_MP_to_E_4531_Energy,inferred,NULL,real,EG2 MP to E 4531 Energy,EG2 MP to E 4531 Energy,1,2024-12-20 17:39:50,0,NULL,NULL
955,EOEG_2_MPS_Demand_Energy,inferred,NULL,real,EOEG 2 MPS Demand Energy,EOEG 2 MPS Demand Energy,1,2024-12-20 17:39:50,0,NULL,NULL
956,EG2_MP_from_V4110_Energy,inferred,NULL,real,EG2 MP from V4110 Energy,EG2 MP from V4110 Energy,1,2024-12-20 17:39:51,0,NULL,NULL
957,HP_to_MP_Let_Down_Valve_PC9209_EG2_HP_Steam_Flow_in_Energy,inferred,NULL,real,HP to MP Let Down Valve PC9209 EG2 HP Steam Flow in Energy,HP to MP Let Down Valve PC9209 EG2 HP Steam Flow in Energy,1,2024-12-20 17:39:51,0,NULL,NULL
958,EG2_MP_from_V4120_Energy,inferred,NULL,real,EG2 MP from V4120 Energy,EG2 MP from V4120 Energy,1,2024-12-20 17:39:52,0,NULL,NULL
959,EG2_LP_Steam_from_V_4920_Energy,inferred,NULL,real,EG2 LP Steam from V 4920 Energy,EG2 LP Steam from V 4920 Energy,1,2024-12-20 17:39:52,0,NULL,NULL
960,EG2_LP_Steam_from_V_4112_Energy,inferred,NULL,real,EG2 LP Steam from V 4112 Energy,EG2 LP Steam from V 4112 Energy,1,2024-12-20 17:39:53,0,NULL,NULL
961,EG2_LP_Steam_from_V_4122_Energy,inferred,NULL,real,EG2 LP Steam from V 4122 Energy,EG2 LP Steam from V 4122 Energy,1,2024-12-20 17:39:53,0,NULL,NULL
962,EG2_LP_to_E_4220_Energy,inferred,NULL,real,EG2 LP to E 4220 Energy,EG2 LP to E 4220 Energy,1,2024-12-20 17:39:54,0,NULL,NULL
963,EG2_LP_to_C_4220_Energy,inferred,NULL,real,EG2 LP to C 4220 Energy,EG2 LP to C 4220 Energy,1,2024-12-20 17:39:54,0,NULL,NULL
964,EG2_LP_to_C_4310_Energy,inferred,NULL,real,EG2 LP to C 4310 Energy,EG2 LP to C 4310 Energy,1,2024-12-20 17:39:55,0,NULL,NULL
965,EG2_LP_to_E_4310_Energy,inferred,NULL,real,EG2 LP to E 4310 Energy,EG2 LP to E 4310 Energy,1,2024-12-20 17:39:55,0,NULL,NULL
966,EG2_LP_to_C_4510_Energy,inferred,NULL,real,EG2 LP to C 4510 Energy,EG2 LP to C 4510 Energy,1,2024-12-20 17:39:56,0,NULL,NULL
967,EG2_LP_to_E_4523_Energy,inferred,NULL,real,EG2 LP to E 4523 Energy,EG2 LP to E 4523 Energy,1,2024-12-20 17:39:56,0,NULL,NULL
968,EG2_LP_to_C_4570_Energy,inferred,NULL,real,EG2 LP to C 4570 Energy,EG2 LP to C 4570 Energy,1,2024-12-20 17:39:57,0,NULL,NULL
969,EG3_MP_to_Ejectors_Energy,inferred,NULL,real,EG3 MP to Ejectors Energy,EG3 MP to Ejectors Energy,1,2024-12-20 17:39:57,0,NULL,NULL
970,EG3_MP_to_E_6630_Energy,inferred,NULL,real,EG3 MP to E 6630 Energy,EG3 MP to E 6630 Energy,1,2024-12-20 17:39:58,0,NULL,NULL
971,EG3_MP_to_E_6710_Energy,inferred,NULL,real,EG3 MP to E 6710 Energy,EG3 MP to E 6710 Energy,1,2024-12-20 17:39:58,0,NULL,NULL
972,EG3_MP_to_E_6720_Energy,inferred,NULL,real,EG3 MP to E 6720 Energy,EG3 MP to E 6720 Energy,1,2024-12-20 17:39:59,0,NULL,NULL
973,EG3_MP_to_E_6610_Energy,inferred,NULL,real,EG3 MP to E 6610 Energy,EG3 MP to E 6610 Energy,1,2024-12-20 17:39:59,0,NULL,NULL
974,EG3_MP_to_E_6620_Energy,inferred,NULL,real,EG3 MP to E 6620 Energy,EG3 MP to E 6620 Energy,1,2024-12-20 17:40:00,0,NULL,NULL
975,EG3_MP_to_E_6624_Energy,inferred,NULL,real,EG3 MP to E 6624 Energy,EG3 MP to E 6624 Energy,1,2024-12-20 17:40:00,0,NULL,NULL
976,EG3_MP_to_V_6533_Energy,inferred,NULL,real,EG3 MP to V 6533 Energy,EG3 MP to V 6533 Energy,1,2024-12-20 17:40:01,0,NULL,NULL
977,EG3_MP_to_E_6531_Energy,inferred,NULL,real,EG3 MP to E 6531 Energy,EG3 MP to E 6531 Energy,1,2024-12-20 17:40:01,0,NULL,NULL
978,EOEG_3_MPS_Demand_Energy,inferred,NULL,real,EOEG 3 MPS Demand Energy,EOEG 3 MPS Demand Energy,1,2024-12-20 17:40:02,0,NULL,NULL
979,EG3_MP_from_V6110_Energy,inferred,NULL,real,EG3 MP from V6110 Energy,EG3 MP from V6110 Energy,1,2024-12-20 17:40:02,0,NULL,NULL
980,HP_to_MP_Let_Down_Valve_PC9207_EG3_HP_Steam_Flow_in_Energy,inferred,NULL,real,HP to MP Let Down Valve PC9207 EG3 HP Steam Flow in Energy,HP to MP Let Down Valve PC9207 EG3 HP Steam Flow in Energy,1,2024-12-20 17:40:03,0,NULL,NULL
981,EG3_MP_from_V6120_Energy,inferred,NULL,real,EG3 MP from V6120 Energy,EG3 MP from V6120 Energy,1,2024-12-20 17:40:03,0,NULL,NULL
982,EG3_LP_Steam_from_V_6920_Energy,inferred,NULL,real,EG3 LP Steam from V 6920 Energy,EG3 LP Steam from V 6920 Energy,1,2024-12-20 17:40:04,0,NULL,NULL
983,EG3_LP_Steam_from_V_6112_Energy,inferred,NULL,real,EG3 LP Steam from V 6112 Energy,EG3 LP Steam from V 6112 Energy,1,2024-12-20 17:40:04,0,NULL,NULL
984,EG3_LP_Steam_from_V_6122_Energy,inferred,NULL,real,EG3 LP Steam from V 6122 Energy,EG3 LP Steam from V 6122 Energy,1,2024-12-20 17:40:05,0,NULL,NULL
985,EG3_LP_to_E_6220_Energy,inferred,NULL,real,EG3 LP to E 6220 Energy,EG3 LP to E 6220 Energy,1,2024-12-20 17:40:05,0,NULL,NULL
986,EG3_LP_to_C_6220_Energy,inferred,NULL,real,EG3 LP to C 6220 Energy,EG3 LP to C 6220 Energy,1,2024-12-20 17:40:05,0,NULL,NULL
987,EG3_LP_to_C_6310_Energy,inferred,NULL,real,EG3 LP to C 6310 Energy,EG3 LP to C 6310 Energy,1,2024-12-20 17:40:06,0,NULL,NULL
988,EG3_LP_to_E_6310_Energy,inferred,NULL,real,EG3 LP to E 6310 Energy,EG3 LP to E 6310 Energy,1,2024-12-20 17:40:06,0,NULL,NULL
989,EG3_LP_to_C_6510_Energy,inferred,NULL,real,EG3 LP to C 6510 Energy,EG3 LP to C 6510 Energy,1,2024-12-20 17:40:07,0,NULL,NULL
990,EG3_LP_to_E_6523_Energy,inferred,NULL,real,EG3 LP to E 6523 Energy,EG3 LP to E 6523 Energy,1,2024-12-20 17:40:07,0,NULL,NULL
991,EG3_LP_to_C_6570_Energy,inferred,NULL,real,EG3 LP to C 6570 Energy,EG3 LP to C 6570 Energy,1,2024-12-20 17:40:08,0,NULL,NULL
992,Furnace_A_Fuel_gas_flow_Energy,inferred,NULL,real,Furnace A Fuel gas flow Energy,Furnace A Fuel gas flow Energy,1,2024-12-21 09:06:51,0,NULL,NULL
993,Furnace_B_Fuel_gas_flow_Energy,inferred,NULL,real,Furnace B Fuel gas flow Energy,Furnace B Fuel gas flow Energy,1,2024-12-21 09:06:51,0,NULL,NULL
994,Furnace_C_Fuel_gas_flow_Energy,inferred,NULL,real,Furnace C Fuel gas flow Energy,Furnace C Fuel gas flow Energy,1,2024-12-21 09:06:52,0,NULL,NULL
995,Furnace_D_Fuel_gas_flow_Energy,inferred,NULL,real,Furnace D Fuel gas flow Energy,Furnace D Fuel gas flow Energy,1,2024-12-21 09:06:52,0,NULL,NULL
996,Furnace_E_Fuel_gas_flow_Energy,inferred,NULL,real,Furnace E Fuel gas flow Energy,Furnace E Fuel gas flow Energy,1,2024-12-21 09:06:53,0,NULL,NULL
997,Furnace_F_Fuel_gas_flow_Energy,inferred,NULL,real,Furnace F Fuel gas flow Energy,Furnace F Fuel gas flow Energy,1,2024-12-21 09:06:53,0,NULL,NULL
998,Furnace_G_Fuel_gas_flow_Energy,inferred,NULL,real,Furnace G Fuel gas flow Energy,Furnace G Fuel gas flow Energy,1,2024-12-21 09:06:54,0,NULL,NULL
999,Furnace_H_Fuel_gas_flow_Energy,inferred,NULL,real,Furnace H Fuel gas flow Energy,Furnace H Fuel gas flow Energy,1,2024-12-21 09:06:54,0,NULL,NULL
1000,Furnace_J_Fuel_gas_flow_Energy,inferred,NULL,real,Furnace J Fuel gas flow Energy,Furnace J Fuel gas flow Energy,1,2024-12-21 09:06:54,0,NULL,NULL
1001,Furnace_A_steam_outlet_flow_Energy,inferred,NULL,real,Furnace A steam outlet flow Energy,Furnace A steam outlet flow Energy,1,2024-12-21 09:06:55,0,NULL,NULL
1002,Furnace_B_steam_outlet_flow_Energy,inferred,NULL,real,Furnace B steam outlet flow Energy,Furnace B steam outlet flow Energy,1,2024-12-21 09:06:55,0,NULL,NULL
1003,Furnace_C_steam_outlet_flow_Energy,inferred,NULL,real,Furnace C steam outlet flow Energy,Furnace C steam outlet flow Energy,1,2024-12-21 09:06:56,0,NULL,NULL
1004,Furnace_D_steam_outlet_flow_Energy,inferred,NULL,real,Furnace D steam outlet flow Energy,Furnace D steam outlet flow Energy,1,2024-12-21 09:06:56,0,NULL,NULL
1005,Furnace_E_steam_outlet_flow_Energy,inferred,NULL,real,Furnace E steam outlet flow Energy,Furnace E steam outlet flow Energy,1,2024-12-21 09:06:57,0,NULL,NULL
1006,Furnace_F_steam_outlet_flow_Energy,inferred,NULL,real,Furnace F steam outlet flow Energy,Furnace F steam outlet flow Energy,1,2024-12-21 09:06:57,0,NULL,NULL
1007,Furnace_G_steam_outlet_flow_Energy,inferred,NULL,real,Furnace G steam outlet flow Energy,Furnace G steam outlet flow Energy,1,2024-12-21 09:06:58,0,NULL,NULL
1008,Furnace_H_steam_outlet_flow_Energy,inferred,NULL,real,Furnace H steam outlet flow Energy,Furnace H steam outlet flow Energy,1,2024-12-21 09:06:58,0,NULL,NULL
1009,Furnace_J_steam_outlet_flow_Energy,inferred,NULL,real,Furnace J steam outlet flow Energy,Furnace J steam outlet flow Energy,1,2024-12-21 09:06:59,0,NULL,NULL
1010,CGC_turbine_Inlet_steam_flow_Energy,inferred,NULL,real,CGC turbine Inlet steam flow Energy,CGC turbine Inlet steam flow Energy,1,2024-12-21 09:06:59,0,NULL,NULL
1011,ETH_HP_steam_BL_Export_flow_Energy,inferred,NULL,real,ETH HP steam BL Export flow Energy,ETH HP steam BL Export flow Energy,1,2024-12-21 09:07:00,0,NULL,NULL
1012,HP_Steam_from_CGC_Extraction_Energy,inferred,NULL,real,HP Steam from CGC Extraction Energy,HP Steam from CGC Extraction Energy,1,2024-12-21 09:07:00,0,NULL,NULL
1013,VHP_to_HP_Let_Down_Valve_PX7024A_VHP_Steam_flow_in_ETH_Energy,inferred,NULL,real,VHP to HP Let Down Valve PX7024A VHP Steam flow in ETH Energy,VHP to HP Let Down Valve PX7024A VHP Steam flow in ETH Energy,1,2024-12-21 09:07:01,0,NULL,NULL
1014,VHP_to_HP_Let_Down_Valve_PX7024B_VHP_Steam_flow_in_ETH_Energy,inferred,NULL,real,VHP to HP Let Down Valve PX7024B VHP Steam flow in ETH Energy,VHP to HP Let Down Valve PX7024B VHP Steam flow in ETH Energy,1,2024-12-21 09:07:01,0,NULL,NULL
1015,LP_Quench_water_pump_turbine_Inlet_steam_flow_Energy,inferred,NULL,real,LP Quench water pump turbine Inlet steam flow Energy,LP Quench water pump turbine Inlet steam flow Energy,1,2024-12-21 09:07:02,0,NULL,NULL
1016,LP_Eth_HP_to_CGC_lube_oil_pump_turbine_flow_Energy,inferred,NULL,real,LP Eth HP to CGC lube oil pump turbine flow Energy,LP Eth HP to CGC lube oil pump turbine flow Energy,1,2024-12-21 09:07:02,0,NULL,NULL
1017,HP_to_LP_Let_Down_Valve_PC7026_HP_Steam_flow_in_ETH_Energy,inferred,NULL,real,HP to LP Let Down Valve PC7026 HP Steam flow in ETH Energy,HP to LP Let Down Valve PC7026 HP Steam flow in ETH Energy,1,2024-12-21 09:07:02,0,NULL,NULL
1018,LP_Steam_from_PRC_Extraction_Energy,inferred,NULL,real,LP Steam from PRC Extraction Energy,LP Steam from PRC Extraction Energy,1,2024-12-21 09:07:03,0,NULL,NULL
1019,Purge_Steam_to_Furnace_valve_PDC1154_Steam_Flow_ETH_Energy,inferred,NULL,real,Purge Steam to Furnace valve PDC1154 Steam Flow ETH Energy,Purge Steam to Furnace valve PDC1154 Steam Flow ETH Energy,1,2024-12-21 09:07:03,0,NULL,NULL
1020,Purge_Steam_to_Furnace_valve_PDC1155_Steam_Flow_ETH_Energy,inferred,NULL,real,Purge Steam to Furnace valve PDC1155 Steam Flow ETH Energy,Purge Steam to Furnace valve PDC1155 Steam Flow ETH Energy,1,2024-12-21 09:07:04,0,NULL,NULL
1021,Ethane_feed_saturator_inlet_steam_flow_Energy,inferred,NULL,real,Ethane feed saturator inlet steam flow Energy,Ethane feed saturator inlet steam flow Energy,1,2024-12-21 09:07:04,0,NULL,NULL
1022,Process_condensate_stripper_Inlet_steam_flow_Energy,inferred,NULL,real,Process condensate stripper Inlet steam flow Energy,Process condensate stripper Inlet steam flow Energy,1,2024-12-21 09:07:05,0,NULL,NULL
1023,LP_to_LLP_Let_Down_Valve_PC7029_LP_Steam_Flow_in_ETH_Energy,inferred,NULL,real,LP to LLP Let Down Valve PC7029 LP Steam Flow in ETH Energy,LP to LLP Let Down Valve PC7029 LP Steam Flow in ETH Energy,1,2024-12-21 09:07:05,0,NULL,NULL
1024,LP_Steam_Vent_Valve_PC7028_Steam_Flow_Out_ETH_Energy,inferred,NULL,real,LP Steam Vent Valve PC7028 Steam Flow Out ETH Energy,LP Steam Vent Valve PC7028 Steam Flow Out ETH Energy,1,2024-12-21 09:07:06,0,NULL,NULL
1025,Deethaniser_reboiler_Inlet_steam_flow_Energy,inferred,NULL,real,Deethaniser  reboiler Inlet steam flow Energy,Deethaniser  reboiler Inlet steam flow Energy,1,2024-12-21 09:07:06,0,NULL,NULL
1026,Eth_HP_to_CGC_lube_oil_pump_turbine_flow,inferred,NULL,real,Eth HP to CGC lube oil pump turbine flow,Eth HP to CGC lube oil pump turbine flow,1,2024-12-21 09:07:07,0,NULL,NULL
1027,Eth_HP_to_E_1103_flow,inferred,NULL,real,Eth HP to E 1103 flow,Eth HP to E 1103 flow,1,2024-12-21 09:07:07,0,NULL,NULL
1028,Eth_HP_to_E_1214_flow,inferred,NULL,real,Eth HP to E 1214 flow,Eth HP to E 1214 flow,1,2024-12-21 09:07:08,0,NULL,NULL
1029,Eth_HP_to_PT_1650_flow,inferred,NULL,real,Eth HP to PT 1650 flow,Eth HP to PT 1650 flow,1,2024-12-21 09:07:08,0,NULL,NULL
1030,HP_to_LP_Let_Down_Valve_HC7262_HP_Steam_flow_in_ETH_Energy,inferred,NULL,real,HP to LP Let Down Valve HC7262 HP Steam flow in ETH Energy,HP to LP Let Down Valve HC7262 HP Steam flow in ETH Energy,1,2024-12-21 09:07:09,0,NULL,NULL
1031,Quench_water_pump_turbine_Inlet_steam_flow_Energy,pi,UN.ETH.PT-1141.Quench_Water_Pump_Turbine_Inlet_Steam_Flow_Energy_EO_CALC_OUTPUT,real,Quench water pump turbine Inlet steam flow Energy,Quench water pump turbine Inlet steam flow Energy,1,2024-12-21 09:07:09,0,NULL,NULL
1032,Eth_HP_to_CGC_lube_oil_pump_turbine_flow_Energy,pi,UN.ETH.PT-1250.ETH_HP_To_CGC_Lube_Oil_Pump_Turbine_Flow_Energy_EO_CALC_OUTPUT,real,Eth HP to CGC lube oil pump turbine flow Energy,Eth HP to CGC lube oil pump turbine flow Energy,1,2024-12-21 09:07:10,0,NULL,NULL
1033,Eth_HP_to_E_1103_flow_Energy,pi,UN.ETH.E-1103.ETH_HP_To_E_1103_Flow_Energy_EO_CALC_OUTPUT,real,Eth HP to E 1103 flow Energy,Eth HP to E 1103 flow Energy,1,2024-12-21 09:07:10,0,NULL,NULL
1034,Eth_HP_to_E_1214_flow_Energy,pi,UN.ETH.E-1214.Eth_HP_To_E_1214_flow_Energy_EO_CALC_OUTPUT,real,Eth HP to E 1214 flow Energy,Eth HP to E 1214 flow Energy,1,2024-12-21 09:07:11,0,NULL,NULL
1035,Eth_HP_to_PT_1650_flow_Energy,pi,UN.ETH.PT-1650.Eth_HP_To_PT_1650_flow_Energy_EO_CALC_OUTPUT,real,Eth HP to PT 1650 flow Energy,Eth HP to PT 1650 flow Energy,1,2024-12-21 09:07:11,0,NULL,NULL
1036,C2R_turbine_Inlet_steam_flow_Energy,inferred,NULL,real,C2R turbine Inlet steam flow Energy,C2R turbine Inlet steam flow Energy,1,2024-12-21 09:07:12,0,NULL,NULL
1037,C3R_turbine_Inlet_steam_flow_Energy,inferred,NULL,real,C3R turbine Inlet steam flow Energy,C3R turbine Inlet steam flow Energy,1,2024-12-21 09:07:12,0,NULL,NULL
1038,HP_Steam_Vent_Valve_PC7027_Steam_Flow_Out_ETH_Energy,inferred,NULL,real,HP Steam Vent Valve PC7027 Steam Flow Out ETH Energy,HP Steam Vent Valve PC7027 Steam Flow Out ETH Energy,1,2024-12-21 09:07:13,0,NULL,NULL
1039,VHP_to_HP_Let_Down_Valve_PX7024A_VHP_Steam_flow_in_ETH_Cost,inferred,NULL,real,VHP to HP Let Down Valve PX7024A VHP Steam flow in ETH Cost,VHP to HP Let Down Valve PX7024A VHP Steam flow in ETH Cost,1,2024-12-21 09:07:13,0,NULL,NULL
1040,VHP_to_HP_Let_Down_Valve_PX7024B_VHP_Steam_flow_in_ETH_Cost,inferred,NULL,real,VHP to HP Let Down Valve PX7024B VHP Steam flow in ETH Cost,VHP to HP Let Down Valve PX7024B VHP Steam flow in ETH Cost,1,2024-12-21 09:07:14,0,NULL,NULL
1041,VHP_Steam_Cost,inferred,NULL,real,VHP Steam Cost,VHP Steam Cost,1,2024-12-21 09:07:14,0,NULL,NULL
1042,Total_Power_Consumption_Energy,inferred,NULL,real,Electrical Power Demand,Power Demand in Energy in GJ Hr,1,2024-12-23 11:27:44,0,NULL,NULL
1043,EG1_EO_Reactor_Selectivity,pi,UN.EG1.EO_Reactor_Selectivity_EO_CALC_OUTPUT,real,EG1 EO React Selectivity,EG1 EO Reactor Selectivity,1,2024-12-23 11:27:47,0,NULL,NULL
1044,EG2_EO_Reactor_Selectivity,pi,UN.EG2.EO_Reactor_Selectivity_EO_CALC_OUTPUT,real,EG2 EO React Selectivity,EG2 EO Reactor Selectivity,1,2024-12-23 11:27:47,0,NULL,NULL
1045,EG3_EO_Reactor_Selectivity,pi,UN.EG3.EO_Reactor_Selectivity_EO_CALC_OUTPUT,real,EG3 EO React Selectivity,EG3 EO Reactor Selectivity,1,2024-12-23 11:27:47,0,NULL,NULL
1046,Dump,inferred,NULL,real,Dump,Dump,1,2024-12-23 11:27:47,0,NULL,NULL
1047,Vent,inferred,NULL,real,Vent,Vent,1,2024-12-23 11:27:47,0,NULL,NULL
1048,Ethylene_VHP,inferred,NULL,real,Ethylene VHP,Ethylene VHP,1,2024-12-23 11:27:47,0,NULL,NULL
1049,Ethylene_HP_CGC,inferred,NULL,real,Ethylene HP CGC,Ethylene HP CGC,1,2024-12-23 11:27:47,0,NULL,NULL
1050,Ethylene_HP_ERC,inferred,NULL,real,Ethylene HP ERC,Ethylene HP ERC,1,2024-12-23 11:27:47,0,NULL,NULL
1051,Ethylene_HP_PRC,inferred,NULL,real,Ethylene HP PRC,Ethylene HP PRC,1,2024-12-23 11:27:47,0,NULL,NULL
1052,Ethylene_LP_Steam_Saturator,inferred,NULL,real,Ethylene LP Steam Saturator,Ethylene LP Steam Saturator,1,2024-12-23 11:27:47,0,NULL,NULL
1053,Ethylene_LP_Steam_PRC,inferred,NULL,real,Ethylene LP Steam PRC,Ethylene LP Steam PRC,1,2024-12-23 11:27:47,0,NULL,NULL
1054,Deaerator_LP_Steam,inferred,NULL,real,Deaerator LP Steam,Deaerator LP Steam,1,2024-12-23 11:27:47,0,NULL,NULL
1055,Regeneration_Gas_Heater_Steam,inferred,NULL,real,Regen Gas Heater Steam,Regeneration Gas Heater Steam,1,2024-12-23 11:27:47,0,NULL,NULL
1056,Specific_Steam_Consumption_ETH,inferred,NULL,real,Specific Steam Consumption ETH,Specific Steam Consumption ETH,1,2024-12-23 11:27:47,0,NULL,NULL
1057,Specific_Steam_Consumption_EG1,inferred,NULL,real,Specific Steam Consumption EG1,Specific Steam Consumption EG1,1,2024-12-23 11:27:47,0,NULL,NULL
1058,Specific_Steam_Consumption_EG2,pi,UN.EG2.Specific_Steam_Consumption_Ethylene_Glycol_EO_CALC_OUTPUT,real,Specific Steam Consumption EG2,Specific Steam Consumption EG2,1,2024-12-23 11:27:47,0,NULL,NULL
1059,Specific_Steam_Consumption_EG3,pi,UN.EG3.Specific_Steam_Consumption_Ethylene_Glycol_EO_CALC_OUTPUT,real,Specific Steam Consumption EG3,Specific Steam Consumption EG3,1,2024-12-23 11:27:47,0,NULL,NULL
1060,EG1_MP_CONSUMPTION,pi,UN.EG1.MP_Consumption_EO_CALC_OUTPUT,real,EG1 MP Consumption,EG1 MP Consumption,1,2024-12-23 13:23:38,0,NULL,NULL
1061,EG1_MP_CONSUMPTION_ENERGY,inferred,NULL,real,EG1 MP Consumption Energy,EG1 MP Consumption Energy,1,2024-12-23 13:23:38,0,NULL,NULL
1062,EG1_MP_GENERATION,pi,UN.EG1.MP_Generation_EO_CALC_OUTPUT,real,EG1 MP Generation,EG1 MP Generation,1,2024-12-23 13:23:38,0,NULL,NULL
1063,EG1_MP_GENERATION_ENERGY,inferred,NULL,real,EG1 MP Generation Energy,EG1 MP Generation Energy,1,2024-12-23 13:23:38,0,NULL,NULL
1064,EG1_LP_GENERATION,inferred,NULL,real,EG1 LP Generation,EG1 LP Generation,1,2024-12-23 13:23:38,0,NULL,NULL
1065,EG1_LP_GENERATION_ENERGY,inferred,NULL,real,EG1 LP Generation Energy,EG1 LP Generation Energy,1,2024-12-23 13:23:38,0,NULL,NULL
1066,EG1_LP_CONSUMPTION,pi,UN.EG1.LP_Consumption_EO_CALC_OUTPUT,real,EG1 LP Consumption,EG1 LP Consumption,1,2024-12-23 13:23:38,0,NULL,NULL
1067,EG1_LP_CONSUMPTION_ENERGY,inferred,NULL,real,EG1 LP Consumption Energy,EG1 LP Consumption Energy,1,2024-12-23 13:23:38,0,NULL,NULL
1068,EG2_MP_CONSUMPTION,pi,UN.EG2.MP_Consumption_EO_CALC_OUTPUT,real,EG2 MP Consumption,EG2 MP Consumption,1,2024-12-23 13:23:38,0,NULL,NULL
1069,EG2_MP_CONSUMPTION_ENERGY,inferred,NULL,real,EG2 MP Consumption Energy,EG2 MP Consumption Energy,1,2024-12-23 13:23:38,0,NULL,NULL
1070,EG2_MP_GENERATION,inferred,NULL,real,EG2 MP Generation,EG2 MP Generation,1,2024-12-23 13:23:38,0,NULL,NULL
1071,EG2_MP_GENERATION_ENERGY,inferred,NULL,real,EG2 MP Generation Energy,EG2 MP Generation Energy,1,2024-12-23 13:23:38,0,NULL,NULL
1072,EG2_LP_GENERATION,pi,UN.EG2.LP_Generation_EO_CALC_OUTPUT,real,EG2 LP Generation,EG2 LP Generation,1,2024-12-23 13:23:38,0,NULL,NULL
1073,EG2_LP_GENERATION_ENERGY,pi,UN.EG2.LP_Generation_Energy_EO_CALC_OUTPUT,real,EG2 LP Generation Energy,EG2 LP Generation Energy,1,2024-12-23 13:23:38,0,NULL,NULL
1074,EG2_LP_CONSUMPTION,pi,UN.EG2.LP_Consumption_EO_CALC_OUTPUT,real,EG2 LP Consumption,EG2 LP Consumption,1,2024-12-23 13:23:38,0,NULL,NULL
1075,EG2_LP_CONSUMPTION_ENERGY,inferred,NULL,real,EG2 LP Consumption Energy,EG2 LP Consumption Energy,1,2024-12-23 13:23:38,0,NULL,NULL
1076,EG3_MP_CONSUMPTION,pi,UN.EG3.MP_Consumption_EO_CALC_OUTPUT,real,EG3 MP Consumption,EG3 MP Consumption,1,2024-12-23 13:23:38,0,NULL,NULL
1077,EG3_MP_CONSUMPTION_ENERGY,inferred,NULL,real,EG3 MP Consumption Energy,EG3 MP Consumption Energy,1,2024-12-23 13:23:38,0,NULL,NULL
1078,EG3_MP_GENERATION,pi,UN.EG3.MP_Generation_EO_CALC_OUTPUT,real,EG3 MP Generation,EG3 MP Generation,1,2024-12-23 13:23:38,0,NULL,NULL
1079,EG3_MP_GENERATION_ENERGY,inferred,NULL,real,EG3 MP Generation Energy,EG3 MP Generation Energy,1,2024-12-23 13:23:38,0,NULL,NULL
1080,EG3_LP_GENERATION,pi,UN.EG3.LP_Generation_EO_CALC_OUTPUT,real,EG3 LP Generation,EG3 LP Generation,1,2024-12-23 13:23:38,0,NULL,NULL
1081,EG3_LP_GENERATION_ENERGY,pi,UN.EG3.LP_Generation_Energy_EO_CALC_OUTPUT,real,EG3 LP Generation Energy,EG3 LP Generation Energy,1,2024-12-23 13:23:38,0,NULL,NULL
1082,EG3_LP_CONSUMPTION,pi,UN.EG3.LP_Consumption_EO_CALC_OUTPUT,real,EG3 LP Consumption,EG3 LP Consumption,1,2024-12-23 13:23:38,0,NULL,NULL
1083,EG3_LP_CONSUMPTION_ENERGY,inferred,NULL,real,EG3 LP Consumption Energy,EG3 LP Consumption Energy,1,2024-12-23 13:23:38,0,NULL,NULL
1084,ETHYLENE_FUEL_CONSUMPTION,inferred,NULL,real,ETHYLENE Fuel Consumption,ETHYLENE Fuel Consumption,1,2024-12-23 13:23:38,0,NULL,NULL
1085,ETHYLENE_FUEL_CONSUMPTION_ENERGY,inferred,NULL,real,ETHYLENE Fuel Consumption Energy,ETHYLENE Fuel Consumption Energy,1,2024-12-23 13:23:38,0,NULL,NULL
1086,ETHYLENE_VHP_GENERATION,inferred,NULL,real,ETHYLENE VHP Generation,ETHYLENE VHP Generation,1,2024-12-23 13:23:38,0,NULL,NULL
1087,ETHYLENE_VHP_GENERATION_ENERGY,inferred,NULL,real,ETHYLENE VHP Generation Energy,ETHYLENE VHP Generation Energy,1,2024-12-23 13:23:38,0,NULL,NULL
1088,ETHYLENE_VHP_CONSUMPTION,inferred,NULL,real,ETHYLENE VHP Consumption,ETHYLENE VHP Consumption,1,2024-12-23 13:23:38,0,NULL,NULL
1089,ETHYLENE_VHP_CONSUMPTION_ENERGY,inferred,NULL,real,ETHYLENE VHP Consumption Energy,ETHYLENE VHP Consumption Energy,1,2024-12-23 13:23:38,0,NULL,NULL
1090,ETHYLENE_HP_CONSUMPTION,inferred,NULL,real,ETHYLENE HP Consumption,ETHYLENE HP Consumption,1,2024-12-23 13:23:38,0,NULL,NULL
1091,ETHYLENE_HP_CONSUMPTION_ENERGY,inferred,NULL,real,ETHYLENE HP Consumption Energy,ETHYLENE HP Consumption Energy,1,2024-12-23 13:23:38,0,NULL,NULL
1092,ETHYLENE_HP_GENERATION,inferred,NULL,real,ETHYLENE HP Generation,ETHYLENE HP Generation,1,2024-12-23 13:23:38,0,NULL,NULL
1093,ETHYLENE_HP_GENERATION_ENERGY,inferred,NULL,real,ETHYLENE HP Generation Energy,ETHYLENE HP Generation Energy,1,2024-12-23 13:23:38,0,NULL,NULL
1094,ETHYLENE_LP_GENERATION,inferred,NULL,real,ETHYLENE LP Generation,ETHYLENE LP Generation,1,2024-12-23 13:23:38,0,NULL,NULL
1095,ETHYLENE_LP_GENERATION_ENERGY,inferred,NULL,real,ETHYLENE LP Generation Energy,ETHYLENE LP Generation Energy,1,2024-12-23 13:23:38,0,NULL,NULL
1096,ETHYLENE_LP_CONSUMPTION,inferred,NULL,real,ETHYLENE LP Consumption,ETHYLENE LP Consumption,1,2024-12-23 13:23:38,0,NULL,NULL
1097,ETHYLENE_LP_CONSUMPTION_ENERGY,inferred,NULL,real,ETHYLENE LP Consumption Energy,ETHYLENE LP Consumption Energy,1,2024-12-23 13:23:38,0,NULL,NULL
1098,UO_FUEL_CONSUMPTION,pi,UN.UO.Fuel_Consumption_EO_CALC_OUTPUT,real,UO Fuel Consumption,UO Fuel Consumption,1,2024-12-23 13:23:38,0,NULL,NULL
1099,UO_FUEL_CONSUMPTION_ENERGY,inferred,NULL,real,UO Fuel Consumption Energy,UO Fuel Consumption Energy,1,2024-12-23 13:23:38,0,NULL,NULL
1100,UO_LP_CONSUMPTION,inferred,NULL,real,UO LP Consumption,UO LP Consumption,1,2024-12-23 13:23:38,0,NULL,NULL
1101,UO_LP_CONSUMPTION_ENERGY,inferred,NULL,real,UO LP Consumption Energy,UO LP Consumption Energy,1,2024-12-23 13:23:38,0,NULL,NULL
1102,UO_LP_GENERATION,pi,UN.UO.LP_Generation_EO_CALC_OUTPUT,real,UO LP Generation,UO LP Generation,1,2024-12-23 13:23:38,0,NULL,NULL
1103,UO_LP_GENERATION_ENERGY,inferred,NULL,real,UO LP Generation Energy,UO LP Generation Energy,1,2024-12-23 13:23:38,0,NULL,NULL
1104,UO_MP_GENERATION,inferred,NULL,real,UO MP Generation,UO MP Generation,1,2024-12-23 13:23:38,0,NULL,NULL
1105,UO_MP_GENERATION_ENERGY,inferred,NULL,real,UO MP Generation Energy,UO MP Generation Energy,1,2024-12-23 13:23:38,0,NULL,NULL
1106,UO_MP_CONSUMPTION,inferred,NULL,real,UO MP Consumption,UO MP Consumption,1,2024-12-23 13:23:38,0,NULL,NULL
1107,UO_MP_CONSUMPTION_ENERGY,inferred,NULL,real,UO MP Consumption Energy,UO MP Consumption Energy,1,2024-12-23 13:23:38,0,NULL,NULL
1108,UO_HP_GENERATION,pi,UN.UO.HP_Generation_EO_CALC_OUTPUT,real,UO HP Generation,UO HP Generation,1,2024-12-23 13:23:38,0,NULL,NULL
1109,UO_HP_GENERATION_ENERGY,pi,UN.UO.HP_Generation_Energy_EO_CALC_OUTPUT,real,UO HP Generation Energy,UO HP Generation Energy,1,2024-12-23 13:23:38,0,NULL,NULL
1110,UO_HP_CONSUMPTION,inferred,NULL,real,UO HP Consumption,UO HP Consumption,1,2024-12-23 13:23:38,0,NULL,NULL
1111,UO_HP_CONSUMPTION_ENERGY,inferred,NULL,real,UO HP Consumption Energy,UO HP Consumption Energy,1,2024-12-23 13:23:38,0,NULL,NULL
1112,Power_to_Utility,inferred,NULL,real,Power to Utility,Power to Utility,1,2024-12-23 13:23:38,0,NULL,NULL
1113,Power_to_ETH,inferred,NULL,real,Power to ETH,Power to ETH,1,2024-12-23 13:23:38,0,NULL,NULL
1114,Power_to_EG_1,inferred,NULL,real,Power to EG 1,Power to EG 1,1,2024-12-23 13:23:38,0,NULL,NULL
1115,Power_to_EG_2,inferred,NULL,real,Power to EG 2,Power to EG 2,1,2024-12-23 13:23:38,0,NULL,NULL
1116,Power_to_EG_3,inferred,NULL,real,Power to EG 3,Power to EG 3,1,2024-12-23 13:23:38,0,NULL,NULL
1117,Power_to_LAO,inferred,NULL,real,Power to LAO,Power to LAO,1,2024-12-23 13:23:38,0,NULL,NULL
1118,Power_to_CO2,inferred,NULL,real,Power to CO2,Power to CO2,1,2024-12-23 13:23:38,0,NULL,NULL
1119,Power_to_Utility_Energy,inferred,NULL,real,Power to Utility Energy,Power to Utility Energy,1,2024-12-23 13:23:38,0,NULL,NULL
1120,Power_to_ETH_Energy,inferred,NULL,real,Power to ETH Energy,Power to ETH Energy,1,2024-12-23 13:23:38,0,NULL,NULL
1121,Power_to_EG_1_Energy,inferred,NULL,real,Power to EG 1 Energy,Power to EG 1 Energy,1,2024-12-23 13:23:38,0,NULL,NULL
1122,Power_to_EG_2_Energy,inferred,NULL,real,Power to EG 2 Energy,Power to EG 2 Energy,1,2024-12-23 13:23:38,0,NULL,NULL
1123,Power_to_EG_3_Energy,inferred,NULL,real,Power to EG 3 Energy,Power to EG 3 Energy,1,2024-12-23 13:23:38,0,NULL,NULL
1124,Power_to_LAO_Energy,pi,UN.LAO.Power_to_Energy_EO_CALC_OUTPUT,real,Power to LAO Energy,Power to LAO Energy,1,2024-12-23 13:23:38,0,NULL,NULL
1125,Power_to_CO2_Energy,pi,UN.CO2.Power_To_CO2_Energy_EO_CALC_OUTPUT,real,Power to CO2 Energy,Power to CO2 Energy,1,2024-12-23 13:23:38,0,NULL,NULL
1126,Power_to_Utility_Cost,pi,UN.UO.Power_to_Utility_Cost_EO_CALC_OUTPUT,real,Power to Utility Cost,Power to Utility Cost,1,2024-12-23 13:23:38,0,NULL,NULL
1127,Power_to_ETH_Cost,inferred,NULL,real,Cost of power to Ethylene unit,Cost of power to Ethylene unit,1,2024-12-23 13:23:38,0,NULL,NULL
1128,Power_to_EG_1_Cost,inferred,NULL,real,Cost of power to EG1 unit,Cost of power to EG1 unit,1,2024-12-23 13:23:38,0,NULL,NULL
1129,Power_to_EG_2_Cost,pi,UN.EG2.Power_to_Ethylene_Glycol_Cost_EO_CALC_OUTPUT,real,Cost of power to EG2 unit,Cost of power to EG2 unit,1,2024-12-23 13:23:38,0,NULL,NULL
1130,Power_to_EG_3_Cost,pi,UN.EG3.Power_to_Ethylene_Glycol_Cost_EO_CALC_OUTPUT,real,Cost of power to EG3 unit,Cost of power to EG3 unit,1,2024-12-23 13:23:38,0,NULL,NULL
1131,Power_to_LAO_Cost,pi,UN.LAO.Power_to_Cost_EO_CALC_OUTPUT,real,Cost of power to LAO unit,Cost of power to LAO unit,1,2024-12-23 13:23:38,0,NULL,NULL
1132,Power_to_CO2_Cost,pi,UN.CO2.Power_To_CO2_Cost_EO_CALC_OUTPUT,real,Cost of power to CO2 unit,Cost of power to CO2 unit,1,2024-12-23 13:23:38,0,NULL,NULL
1133,LAO_LP_Steam_Demand_TPH,pi,UN.LAO.LP_Steam_Demand_Ton_per_hour_EO_CALC_OUTPUT,real,LAO LPS  Demand,LAO LPS  Demand,1,2024-12-25 11:49:06,0,NULL,NULL
1134,BFW_Motors_Running,inferred,NULL,real,BFW Motors Running,BFW Motors Running,1,2024-12-27 07:50:23,0,NULL,NULL
1135,BFW_Turbines_Running,inferred,NULL,real,BFW Turbines Running,BFW Turbines Running,1,2024-12-27 07:50:23,0,NULL,NULL
1136,VHP_BFW_Motors_Running,inferred,NULL,real,VHP BFW Motors Running,VHP BFW Motors Running,1,2024-12-27 07:50:23,0,NULL,NULL
1137,VHP_BFW_Turbines_Running,inferred,NULL,real,VHP BFW Turbines Running,VHP BFW Turbines Running,1,2024-12-27 07:50:23,0,NULL,NULL
1138,CW_Motors_Running,inferred,NULL,real,CW Motors Running,CW Motors Running,1,2024-12-27 07:50:23,0,NULL,NULL
1139,CW_Turbines_Running,inferred,NULL,real,CW Turbines Running,CW Turbines Running,1,2024-12-27 07:50:23,0,NULL,NULL
1140,Air_Compressor_Motors_Running,inferred,NULL,real,Air Compressor Motors Running,Air Compressor Motors Running,1,2024-12-27 07:50:23,0,NULL,NULL
1141,Air_Compressor_Turbines_Running,inferred,NULL,real,Air Compressor Turbines Running,Air Compressor Turbines Running,1,2024-12-27 07:50:23,0,NULL,NULL
1142,DMW_Motors_Running,inferred,NULL,real,DMW Motors Running,DMW Motors Running,1,2024-12-27 07:50:23,0,NULL,NULL
1143,DMW_Turbines_Running,inferred,NULL,real,DMW Turbines Running,DMW Turbines Running,1,2024-12-27 07:50:23,0,NULL,NULL
1144,BOILER_A_CBD,pi,UN.UO.71FC1100.PV,real,BOILER A CBD,BOILER A CBD,1,2024-12-30 11:44:18,0,NULL,NULL
1145,BOILER_B_CBD,pi,UN.UO.71FC1200.PV,real,BOILER B CBD,BOILER B CBD,1,2024-12-30 11:44:18,0,NULL,NULL
1146,BOILER_C_CBD,pi,UN.UO.71FC1300.PV,real,BOILER C CBD,BOILER C CBD,1,2024-12-30 11:44:18,0,NULL,NULL
1147,BOILER_D_CBD,pi,UN.UO.71FC1400.PV,real,BOILER D CBD,BOILER D CBD,1,2024-12-30 11:44:18,0,NULL,NULL
1148,BOILER_E_CBD,pi,UN.UO.71FC1500.PV,real,BOILER E CBD,BOILER E CBD,1,2024-12-30 11:44:18,0,NULL,NULL
1149,Boiler_CBD,pi,UN.UO.Boiler_CBD_EO_CALC_OUTPUT,real,Boiler CBD,Boiler CBD,1,2024-12-30 11:44:18,0,NULL,NULL
1150,Condensate_from_Traps,inferred,NULL,real,Condenstae from Traps,Condenstae from Traps,1,2024-12-30 11:44:18,0,NULL,NULL
1151,BFW_Imbalance_Enthalpy,inferred,NULL,real,BFW Imbalance Enthalpy,BFW Imbalance Enthalpy,1,2024-12-30 11:44:18,0,NULL,NULL
1152,FUR_1_PASS_1_ETHANE_FEED_delete_21,pi,NULL,real,Fur A Ethane feed,Fur A Ethane feed,0,2024-12-30 15:17:40,0,NULL,NULL
1153,FUR_2_PASS_1_ETHANE_FEED_delete_22,pi,NULL,real,Fur B Ethane feed,Fur B Ethane feed,0,2024-12-30 15:17:40,0,NULL,NULL
1154,FUR_3_PASS_1_ETHANE_FEED_delete_23,pi,NULL,real,Fur C Ethane feed,Fur C Ethane feed,0,2024-12-30 15:17:40,0,NULL,NULL
1155,FUR_4_PASS_1_ETHANE_FEED_delete_24,pi,NULL,real,Fur D Ethane feed,Fur D Ethane feed,0,2024-12-30 15:17:40,0,NULL,NULL
1156,FUR_5_PASS_1_ETHANE_FEED_delete_25,pi,NULL,real,Fur E Ethane feed,Fur E Ethane feed,0,2024-12-30 15:17:40,0,NULL,NULL
1157,FUR_6_PASS_1_ETHANE_FEED_delete_26,pi,NULL,real,Fur F Ethane feed,Fur F Ethane feed,0,2024-12-30 15:17:40,0,NULL,NULL
1158,FUR_7_PASS_1_ETHANE_FEED_delete_27,pi,NULL,real,Fur G Ethane feed,Fur G Ethane feed,0,2024-12-30 15:17:40,0,NULL,NULL
1159,FUR_8_PASS_1_ETHANE_FEED_delete_28,pi,NULL,real,Fur H Ethane feed,Fur H Ethane feed,0,2024-12-30 15:17:40,0,NULL,NULL
1160,FUR_9_PASS_1_ETHANE_FEED_delete_29,pi,NULL,real,Fur J Ethane feed,Fur J Ethane feed,0,2024-12-30 15:17:40,0,NULL,NULL
1161,Regeneration_Gas_Heater_Level_delete_20,pi,NULL,real,ETH E 1214 Opening,ETH E 1214 Opening,0,2024-12-30 15:17:41,0,NULL,NULL
1162,BOILER_A_CO2_Fuel_Emission_Factor,pi,UN.UO.BO-7101A.Boiler_Co2_Formed_PEEO_CALC_OUTPUT,real,BOILER A Ton of CO2 Emitted per Ton of Fuel,BOILER A Ton of CO2 Emitted per Ton of Fuel,1,2024-12-30 15:17:42,0,NULL,NULL
1163,BOILER_B_CO2_Fuel_Emission_Factor,pi,UN.UO.BO-7101B.Boiler_Co2_Formed_PEEO_CALC_OUTPUT,real,BOILER B Ton of CO2 Emitted per Ton of Fuel,BOILER B Ton of CO2 Emitted per Ton of Fuel,1,2024-12-30 15:17:42,0,NULL,NULL
1164,BOILER_C_CO2_Fuel_Emission_Factor,pi,UN.UO.BO-7101C.Boiler_Co2_Formed_PEEO_CALC_OUTPUT,real,BOILER C Ton of CO2 Emitted per Ton of Fuel,BOILER C Ton of CO2 Emitted per Ton of Fuel,1,2024-12-30 15:17:42,0,NULL,NULL
1165,BOILER_D_CO2_Fuel_Emission_Factor,pi,UN.UO.BO-7101D.Boiler_Co2_Formed_PEEO_CALC_OUTPUT,real,BOILER D Ton of CO2 Emitted per Ton of Fuel,BOILER D Ton of CO2 Emitted per Ton of Fuel,1,2024-12-30 15:17:42,0,NULL,NULL
1166,BOILER_E_CO2_Fuel_Emission_Factor,pi,UN.UO.PK-7104E.Boiler_Co2_Formed_PEEO_CALC_OUTPUT,real,BOILER E Ton of CO2 Emitted per Ton of Fuel,BOILER E Ton of CO2 Emitted per Ton of Fuel,1,2024-12-30 15:17:42,0,NULL,NULL
1167,Fuel_Emission_Factor,pi,UN.UO.Fuel_Emission_Factor_EO_CALC_OUTPUT,real,Average Ton of CO2 Emitted per Ton of Fuel,Average Ton of CO2 Emitted per Ton of Fuel,1,2024-12-30 15:17:42,0,NULL,NULL
1168,Power_Emission_Factor,inferred,NULL,real,Average Ton of CO2 Emitted per MW of Power,Average Ton of CO2 Emitted per MW of Power,1,2024-12-30 15:17:42,0,NULL,NULL
1169,opportunity_power,inferred,NULL,real,opportunity power,opportunity_power,1,2024-12-30 15:17:42,0,NULL,NULL
1170,opportunity_Total_Energy_Consumption,inferred,NULL,real,REDUCTION OPPORTUNITY IN ENERGY,opportunity_Total_Energy_Consumption,1,2024-12-30 15:17:42,0,NULL,NULL
1171,energy_efficiency,inferred,NULL,real,energy efficiency,energy_efficiency,1,2024-12-30 15:17:42,0,NULL,NULL
1172,EG1_Fresh_Ethylene,pi,UN.EG1.21FC1838C.PV,real,EG1 Fresh Ethylene,EG1_Fresh_Ethylene,1,2024-12-30 15:29:46,0,NULL,NULL
1173,EG1_Fresh_Oxygen,pi,UN.EG1.21FC1619BFast.PV,real,EG1 Fresh Oxygen,EG1_Fresh_Oxygen,1,2024-12-30 15:29:46,0,NULL,NULL
1174,EG2_Fresh_Ethylene,pi,UN.EG2.41FC1838C.PV,real,EG2 Fresh Ethylene,EG2_Fresh_Ethylene,1,2024-12-30 15:29:46,0,NULL,NULL
1175,EG2_Fresh_Oxygen,pi,UN.EG2.41FC1619B.PV,real,EG2 Fresh Oxygen,EG2_Fresh_Oxygen,1,2024-12-30 15:29:46,0,NULL,NULL
1176,EG3_Fresh_Ethylene,pi,UN.EG3.61FC1838C.PV,real,EG3 Fresh Ethylene,EG3_Fresh_Ethylene,1,2024-12-30 15:29:46,0,NULL,NULL
1177,EG3_Fresh_Oxygen,pi,UN.EG3.61FC1619B.PV,real,EG3 Fresh Oxygen,EG3_Fresh_Oxygen,1,2024-12-30 15:29:46,0,NULL,NULL
1178,Condensate_from_Traps_DELETE,inferred,NULL,real,Condenstae from Traps,Condenstae from Traps,0,2024-12-31 09:08:13,0,NULL,NULL
1179,Furnace1_Feed,inferred,NULL,real,Furnace A Feed,Furnace1_Feed,1,2024-12-31 11:38:24,0,NULL,NULL
1180,Furnace2_Feed,inferred,NULL,real,Furnace B Feed,Furnace2_Feed,1,2024-12-31 11:38:24,0,NULL,NULL
1181,Furnace3_Feed,inferred,NULL,real,Furnace C Feed,Furnace3_Feed,1,2024-12-31 11:38:24,0,NULL,NULL
1182,Furnace4_Feed,inferred,NULL,real,Furnace D Feed,Furnace4_Feed,1,2024-12-31 11:38:24,0,NULL,NULL
1183,Furnace5_Feed,inferred,NULL,real,Furnace E Feed,Furnace5_Feed,1,2024-12-31 11:38:24,0,NULL,NULL
1184,Furnace6_Feed,inferred,NULL,real,Furnace F Feed,Furnace6_Feed,1,2024-12-31 11:38:24,0,NULL,NULL
1185,Furnace7_Feed,inferred,NULL,real,Furnace G Feed,Furnace7_Feed,1,2024-12-31 11:38:24,0,NULL,NULL
1186,Furnace8_Feed,inferred,NULL,real,Furnace H Feed,Furnace8_Feed,1,2024-12-31 11:38:24,0,NULL,NULL
1187,Furnace9_Feed,inferred,NULL,real,Furnace J Feed,Furnace9_Feed,1,2024-12-31 11:38:24,0,NULL,NULL
1188,Total_Ethylene_Load,inferred,NULL,real,Total Ethylene Load,Total_Ethylene_Load,1,2024-12-31 11:38:24,0,NULL,NULL
1189,Ethylene_VHP_BFW,inferred,NULL,real,Ethylene_VHP_BFW,Ethylene_VHP_BFW,0,2024-12-31 11:38:24,0,NULL,NULL
1190,Boilers_HP_Steam_Generation,inferred,NULL,real,Boilers_HP_Steam_Generation,Boilers_HP_Steam_Generation,0,2024-12-31 11:38:24,0,NULL,NULL
1191,Boilers_BFW,inferred,NULL,real,Boilers_BFW,Boilers_BFW,0,2024-12-31 11:38:24,0,NULL,NULL
1192,Power_Bill_delta,inferred,NULL,real,Power Bill delta,Power Bill delta,1,2024-12-31 14:53:40,0,NULL,NULL
1193,Fuel_Bill_delta,inferred,NULL,real,Fuel Bill delta,Fuel Bill delta,1,2024-12-31 14:53:40,0,NULL,NULL
1194,DMW_Bill_delta,inferred,NULL,real,DMW Bill delta,DMW Bill delta,1,2024-12-31 14:53:40,0,NULL,NULL
1195,Carbon_Neutrality_Index,inferred,NULL,real,Carbon Neutrality Index,Carbon Neutrality Index,1,2024-12-31 15:59:22,0,NULL,NULL
1196,Power_Consumption_delta,inferred,NULL,real,Power Consumption Delta,Power Consumption Delta,1,2025-01-02 15:22:40,0,NULL,NULL
1197,Fuel_Consumption_delta,inferred,NULL,real,Fuel Consumption Delta,Fuel Consumption Delta,1,2025-01-02 15:22:40,0,NULL,NULL
1199,Overall_Boiler_Load,pi,UN.UO.Overall_Boiler_Load_EO_CALC_OUTPUT,real,Overall Boiler Load,Overall Boiler Load,0,2025-01-06 09:27:10,0,NULL,NULL
1200,Overall_Boiler_Load_Optimum,inferred,NULL,real,Overall Boiler Load Optimum,Overall Boiler Load Optimum,0,2025-01-06 09:27:10,0,NULL,NULL
1201,testing_tag_delete_19,inferred,NULL,test,testing_tag_ui_name,Testing_tag_description,0,2025-01-06 19:21:30,0,NULL,NULL
1202,testing_tag_delete_1,inferred,test_tag,test,testing_tag_ui_name,Testing_tag_description,0,2025-01-07 08:35:18,0,NULL,NULL
1203,testi11g_tag,inferred,test_tag,test,testing_tag_ui_name,Testing_tag_description,0,2025-01-07 08:37:04,0,NULL,NULL
1204,testi11q_tag,inferred,test_tag,test,testing_tag_ui_name,Testing_tag_description,0,2025-01-07 09:15:51,0,NULL,NULL
1205,VHP_Steam_Pressure,pi,UN.ETH.17PC7032.PV,real,VHP Steam Pressure,VHP Steam Pressure,1,2025-01-07 09:28:07,0,NULL,NULL
1206,Ethylene_Product,inferred,NULL,real,Ethylene Product,Ethylene Product,1,2025-01-07 09:28:13,0,NULL,NULL
1207,LAO_Load_raw,pi,UN.LAO.31FI1014A.PV,real,LAO Plant Load in kg,LAO Plant Load,1,2025-01-07 09:28:13,0,NULL,NULL
1208,CO2_Load_raw,pi,UN.UO.50FI0253_HS,real,CO2 Plant Load in kg,CO2 Plant Load,1,2025-01-07 09:28:13,0,NULL,NULL
1209,LAO_Load,pi,UN.LAO.Plant_Load_EO_CALC_OUTPUT,real,LAO Plant Load,LAO Plant Load,1,2025-01-07 09:28:13,0,NULL,NULL
1210,CO2_Load,inferred,NULL,real,CO2 Plant Load,CO2 Plant Load,1,2025-01-07 09:28:13,0,NULL,NULL
1211,testi11q_tag_DELETE,inferred,test,test,testing_tag_ui_name,Testing_tag_description,0,2025-01-07 09:29:08,0,NULL,NULL
1213,testing_tag_delete_2,inferred,test_tag,test,swaggertesting_tag_ui_name,Testing_tag_description,0,2025-01-07 11:23:12,0,NULL,NULL
1218,Testing,constant,Testing,polinomial,Testing,Testing,0,2025-01-09 16:15:50,0,NULL,NULL
1219,test,inferred,NULL,polinomial,test,test,0,2025-01-09 16:26:43,0,NULL,NULL
1220,Test tag 1,inferred,NULL,real,Test tag 1,Test tag 1,0,2025-01-10 08:06:34,0,NULL,NULL
1221,Test Tag 2,inferred,NULL,real,Test Tag 2,Test Tag 2,0,2025-01-10 08:13:38,0,NULL,NULL
1222,testin,pi,testin,polinomial,testin,testin,0,2025-01-10 08:21:47,0,NULL,NULL
1223,testing_DELETE_4,inferred,NULL,polinomial,testing,testing,0,2025-01-10 08:38:10,0,NULL,NULL
1224,testing_DELETE_3,inferred,NULL,polinomial,testing,testing,0,2025-01-10 08:43:30,0,NULL,NULL
1225,testing_DELETE_2,inferred,NULL,real,testing,testing,0,2025-01-10 12:11:08,0,NULL,NULL
1226,testing_DELETE,pi,testing,polinomial,testing,testing,0,2025-01-10 12:15:52,0,NULL,NULL
1227,refetch,pi,refetch,polinomial,refetch,refetch,0,2025-01-10 12:22:29,0,NULL,NULL
1228,refetch_DELETE,pi,refetch,real,refetch,refetch,0,2025-01-10 13:24:05,0,NULL,NULL
1229,testing1,inferred,NULL,polinomial,testing1,testing1,0,2025-01-10 13:37:00,0,NULL,NULL
1230,TESTIMG10,pi,TESTIMG10,polinomial,TESTIMG10,TESTIMG10,0,2025-01-13 10:06:10,0,NULL,NULL
1231,plant_status,inferred,NULL,real,plant status,plant status,1,2025-01-17 08:10:03,0,NULL,NULL
1232,Decoke_Steam,inferred,NULL,real,Decoke Status,Decoke Steam,1,2025-01-27 11:46:12,0,NULL,NULL
1233,HPS_to_Turbines,pi,UN.UO.HPS_to_Turbines_EO_CALC_OUTPUT,real,HPS to Turbines,HPS to Turbines,1,2025-01-27 12:55:44,0,NULL,NULL
1234,Costing_total_BFW_Cost_du,inferred,NULL,real,Costing total BFW Cost,Costing total BFW Cost,0,2025-01-27 12:55:44,0,NULL,NULL
1235,Costing_total_Fuel_Cost,inferred,NULL,real,Costing total Fuel Cost,Costing total Fuel Cost,1,2025-01-27 12:55:44,0,NULL,NULL
1236,All_HP_turbine_work,inferred,NULL,real,All HP turbine work,All HP turbine work,1,2025-01-27 12:55:44,0,NULL,NULL
1237,Value_of_all_HP_Turbine_work,inferred,NULL,real,Value of all HP Turbine work,Value of all HP Turbine work,1,2025-01-27 12:55:44,0,NULL,NULL
1238,LP_Steam_cost_from_HP_turbine_drives_du,inferred,NULL,real,LP Steam cost from HP turbine drives,LP Steam cost from HP turbine drives,0,2025-01-27 12:55:44,0,NULL,NULL
1239,HP_Turbine_Efficiency,inferred,NULL,real,HP Turbine Efficiency,HP Turbine Efficiency,1,2025-01-27 12:55:44,0,NULL,NULL
1240,MP_Turbine_Efficiency,inferred,NULL,real,MP Turbine Efficiency,MP Turbine Efficiency,1,2025-01-27 12:55:44,0,NULL,NULL
1241,Percentage_cond_return,inferred,NULL,real,Percentage cond return,Percentage cond return,1,2025-01-27 12:55:44,0,NULL,NULL
1242,UO_HP_to_MP_Letdown_steam_flow,inferred,NULL,real,UO HP to MP Letdown steam flow,UO HP to MP Letdown steam flow,1,2025-01-27 12:55:44,0,NULL,NULL
1243,UO_HP_to_MP_Letdown_BFW_flow,inferred,NULL,real,UO HP to MP Letdown BFW flow,UO HP to MP Letdown BFW flow,1,2025-01-27 12:55:44,0,NULL,NULL
1244,UO_HP_to_MP_Generation,inferred,NULL,real,UO HP to MP Generation,UO HP to MP Generation,1,2025-01-27 12:55:44,0,NULL,NULL
1245,MP_Export_to_EG_Plants,inferred,NULL,real,MP Export  to EG 1 2 3 Plants,MP Export  to EG 1 2 3 Plants,1,2025-01-27 12:55:44,0,NULL,NULL
1246,DMW_turbine_MP_steam_2,pi,UN.UO.DMW_Turbine_MP_Steam_2_EO_CALC_OUTPUT,real,2 DMW turbine MP steam,2 DMW turbine MP steam,1,2025-01-27 12:55:44,0,NULL,NULL
1247,UO_All_MP_to_LP_letdown,inferred,NULL,real,UO All MP to LP letdown,UO All MP to LP letdown,1,2025-01-27 12:55:44,0,NULL,NULL
1248,MP_turbine_work,inferred,NULL,real,MP turbine work,MP turbine work,1,2025-01-27 12:55:44,0,NULL,NULL
1249,Value_of_MP_Turbine_work,inferred,NULL,real,Value of MP Turbine work,Value of MP Turbine work,1,2025-01-27 12:55:44,0,NULL,NULL
1250,LP_Steam_cost_from_MP_turbine_du,inferred,NULL,real,LP Steam cost from MP turbine,LP Steam cost from MP turbine,0,2025-01-27 12:55:44,0,NULL,NULL
1251,Energy_of_MP_LP_Steam_exported,inferred,NULL,real,Energy of MP LP Steam exported,Energy of MP LP Steam exported,1,2025-01-27 12:55:44,0,NULL,NULL
1252,Energy_of_condensate_returned,inferred,NULL,real,Energy of condensate returned,Energy of condensate returned,1,2025-01-27 12:55:44,0,NULL,NULL
1253,Energy_utilized_in_exported_steam,inferred,NULL,real,Energy utilized in exported steam,Energy utilized in exported steam,1,2025-01-27 12:55:44,0,NULL,NULL
1254,Value_of_MP_LP_Steam_exported_du,inferred,NULL,real,Value of MP LP Steam exported,Value of MP LP Steam exported,0,2025-01-27 12:55:44,0,NULL,NULL
1255,value_of_condensate_returned_du,inferred,NULL,real,value of condensate returned,value of condensate returned,0,2025-01-27 12:55:44,0,NULL,NULL
1256,Returned_condensate_cost_du,inferred,NULL,real,Returned condensate cost,Returned condensate cost,0,2025-01-27 12:55:44,0,NULL,NULL
1257,Returned_condensate_from_plants,inferred,NULL,real,Returned condensate from plants,Returned condensate from plants,1,2025-01-27 12:55:44,0,NULL,NULL
1258,Returned_condensate_cost_per_hr_du,inferred,NULL,real,Returned condensate cost per hr,Returned condensate cost per hr,0,2025-01-27 12:55:44,0,NULL,NULL
1259,makeup_water_for_HPS_Boiler,inferred,NULL,real,makeup water for HPS Boiler,makeup water for HPS Boiler,1,2025-01-27 12:55:44,0,NULL,NULL
1260,Makeup_cost_by_SABIC,inferred,NULL,real,Makeup cost by SABIC,Makeup cost by SABIC,1,2025-01-27 12:55:44,0,NULL,NULL
1261,Treatment_cost_by_SABIC,inferred,NULL,real,Treatment cost by SABIC,Treatment cost by SABIC,1,2025-01-27 12:55:44,0,NULL,NULL
1262,Makeup_cost_per_hour,inferred,NULL,real,Makeup cost per hour,Makeup cost per hour,1,2025-01-27 12:55:44,0,NULL,NULL
1263,LP_for_heating_only_HPS_Boiler,pi,UN.UO.LP_for_heating_only_HPS_Boiler_EO_CALC_OUTPUT,real,LP for heating only HPS Boiler,LP for heating only HPS Boiler,1,2025-01-27 12:55:44,0,NULL,NULL
1264,LP_for_heating_only_HPS_Boiler_cost_du,inferred,NULL,real,LP for heating only HPS Boiler cost,LP for heating only HPS Boiler cost,0,2025-01-27 12:55:44,0,NULL,NULL
1265,two_BFW_and_one_Motor_running_cost,inferred,NULL,real,two BFW and one Motor running cost,two BFW and one Motor running cost,1,2025-01-27 12:55:44,0,NULL,NULL
1266,Total_BFW_cost_per_hour_du,inferred,NULL,real,Total BFW cost per hour,Total BFW cost per hour,0,2025-01-27 12:55:44,0,NULL,NULL
1267,LP_Steam_from_HP_stm_turb,pi,UN.UO.LP_Steam_from_HP_Steam_Turbine_EO_CALC_OUTPUT,real,LP Steam from HP stm turb,LP Steam from HP stm turb,1,2025-01-27 12:55:44,0,NULL,NULL
1268,LP_Steam_from_MP_stm_turb,pi,UN.UO.LP_Steam_from_MP_Steam_Turbine_EO_CALC_OUTPUT,real,LP Steam from MP stm turb,LP Steam from MP stm turb,1,2025-01-27 12:55:44,0,NULL,NULL
1269,LP_Steam_from_MP_to_LP_letdown_and_all_imbalances,inferred,NULL,real,LP Steam from MP to LP letdown and all imbalances,LP Steam from MP to LP letdown and all imbalances,1,2025-01-27 12:55:44,0,NULL,NULL
1270,LP_Export_to_EG_Ethylene_Plants,inferred,NULL,real,LP Export  to EG 1 2 3 Ethylene Plants,LP Export  to EG 1 2 3 Ethylene Plants,1,2025-01-27 12:55:44,0,NULL,NULL
1271,All_LP_steam_to_Deaerator,pi,UN.UO.All_LP_steam_to_Deaerator_EO_CALC_OUTPUT,real,All LP steam to Deaerator,All LP steam to Deaerator,1,2025-01-27 12:55:44,0,NULL,NULL
1272,dummy_7,inferred,NULL,real,HP Steam Cost,HP Steam Cost,0,2025-01-29 10:02:55,0,NULL,NULL
1273,dummy_12,inferred,NULL,real,LP Steam Cost,LP Steam Cost,0,2025-01-29 10:02:55,0,NULL,NULL
1274,dummy_4,inferred,NULL,real,MP steam generation Cost,MP steam generation Cost,0,2025-01-29 10:02:55,0,NULL,NULL
1275,dummy_1,inferred,NULL,real,BFW Cost,BFW Cost,0,2025-01-29 10:02:55,0,NULL,NULL
1276,Costing_total_BFW_Cost_du_delete_1,inferred,NULL,real,Costing total BFW Cost,Costing total BFW Cost,0,2025-01-29 10:02:56,0,NULL,NULL
1277,LP_Steam_cost_from_HP_turbine_drives_du_delete_5,inferred,NULL,real,LP Steam cost from HP turbine drives,LP Steam cost from HP turbine drives,0,2025-01-29 10:02:56,0,NULL,NULL
1278,LP_Steam_cost_from_MP_turbine_du_delete_7,inferred,NULL,real,LP Steam cost from MP turbine,LP Steam cost from MP turbine,0,2025-01-29 10:02:56,0,NULL,NULL
1279,Value_of_MP_LP_Steam_exported_du_delete_17,inferred,NULL,real,Value of MP LP Steam exported,Value of MP LP Steam exported,0,2025-01-29 10:02:56,0,NULL,NULL
1280,value_of_condensate_returned_du_delete_15,inferred,NULL,real,value of condensate returned,value of condensate returned,0,2025-01-29 10:02:56,0,NULL,NULL
1281,Returned_condensate_cost_du_delete_9,inferred,NULL,real,Returned condensate cost,Returned condensate cost,0,2025-01-29 10:02:56,0,NULL,NULL
1282,Returned_condensate_cost_per_hr_du_delete_11,inferred,NULL,real,Returned condensate cost per hr,Returned condensate cost per hr,0,2025-01-29 10:02:56,0,NULL,NULL
1283,LP_for_heating_only_HPS_Boiler_cost_du_delete_3,inferred,NULL,real,LP for heating only HPS Boiler cost,LP for heating only HPS Boiler cost,0,2025-01-29 10:02:56,0,NULL,NULL
1284,Total_BFW_cost_per_hour_du_delete_13,inferred,NULL,real,Total BFW cost per hour,Total BFW cost per hour,0,2025-01-29 10:02:56,0,NULL,NULL
1285,dummy_8,inferred,NULL,real,HP Steam Cost,HP Steam Cost,0,2025-01-29 10:03:29,0,NULL,NULL
1286,dummy_11,inferred,NULL,real,LP Steam Cost,LP Steam Cost,0,2025-01-29 10:03:29,0,NULL,NULL
1287,dummy_5,inferred,NULL,real,MP steam generation Cost,MP steam generation Cost,0,2025-01-29 10:03:29,0,NULL,NULL
1288,dummy_2,inferred,NULL,real,BFW Cost,BFW Cost,0,2025-01-29 10:03:29,0,NULL,NULL
1289,Costing_total_BFW_Cost_du_delete_2,inferred,NULL,real,Costing total BFW Cost,Costing total BFW Cost,0,2025-01-29 10:03:30,0,NULL,NULL
1290,LP_Steam_cost_from_HP_turbine_drives_du_delete_6,inferred,NULL,real,LP Steam cost from HP turbine drives,LP Steam cost from HP turbine drives,0,2025-01-29 10:03:30,0,NULL,NULL
1291,LP_Steam_cost_from_MP_turbine_du_delete_8,inferred,NULL,real,LP Steam cost from MP turbine,LP Steam cost from MP turbine,0,2025-01-29 10:03:30,0,NULL,NULL
1292,Value_of_MP_LP_Steam_exported_du_delete_18,inferred,NULL,real,Value of MP LP Steam exported,Value of MP LP Steam exported,0,2025-01-29 10:03:30,0,NULL,NULL
1293,value_of_condensate_returned_du_delete_16,inferred,NULL,real,value of condensate returned,value of condensate returned,0,2025-01-29 10:03:30,0,NULL,NULL
1294,Returned_condensate_cost_du_delete_10,inferred,NULL,real,Returned condensate cost,Returned condensate cost,0,2025-01-29 10:03:30,0,NULL,NULL
1295,Returned_condensate_cost_per_hr_du_delete_12,inferred,NULL,real,Returned condensate cost per hr,Returned condensate cost per hr,0,2025-01-29 10:03:30,0,NULL,NULL
1296,LP_for_heating_only_HPS_Boiler_cost_du_delete_4,inferred,NULL,real,LP for heating only HPS Boiler cost,LP for heating only HPS Boiler cost,0,2025-01-29 10:03:30,0,NULL,NULL
1297,Total_BFW_cost_per_hour_du_delete_14,inferred,NULL,real,Total BFW cost per hour,Total BFW cost per hour,0,2025-01-29 10:03:30,0,NULL,NULL
1298,dummy_3,constant,NULL,real,BFW Cost,BFW Cost,0,2025-01-29 10:24:19,0,NULL,NULL
1299,Costing_total_BFW_Cost,inferred,NULL,real,Costing total BFW Cost,Costing total BFW Cost,1,2025-01-29 10:24:19,0,NULL,NULL
1300,dummy_9,inferred,NULL,real,HP Steam Cost,HP Steam Cost,0,2025-01-29 10:24:19,0,NULL,NULL
1301,dummy_6,inferred,NULL,real,MP steam generation Cost,MP steam generation Cost,0,2025-01-29 10:24:19,0,NULL,NULL
1302,LP_Steam_cost_from_HP_turbine_drives,inferred,NULL,real,LP Steam cost from HP turbine drives,LP Steam cost from HP turbine drives,1,2025-01-29 10:24:19,0,NULL,NULL
1303,LP_Steam_cost_from_MP_turbine,inferred,NULL,real,LP Steam cost from MP turbine,LP Steam cost from MP turbine,1,2025-01-29 10:24:19,0,NULL,NULL
1304,dummy_10,inferred,NULL,real,LP Steam Cost,LP Steam Cost,0,2025-01-29 10:24:19,0,NULL,NULL
1305,Value_of_MP_LP_Steam_exported,inferred,NULL,real,Value of MP LP Steam exported,Value of MP LP Steam exported,1,2025-01-29 10:24:19,0,NULL,NULL
1306,value_of_condensate_returned,inferred,NULL,real,value of condensate returned,value of condensate returned,1,2025-01-29 10:24:19,0,NULL,NULL
1307,Returned_condensate_cost,inferred,NULL,real,Returned condensate cost,Returned condensate cost,1,2025-01-29 10:24:19,0,NULL,NULL
1308,Returned_condensate_cost_per_hr,inferred,NULL,real,Returned condensate cost per hr,Returned condensate cost per hr,1,2025-01-29 10:24:19,0,NULL,NULL
1309,LP_for_heating_only_HPS_Boiler_cost,inferred,NULL,real,LP for heating only HPS Boiler cost,LP for heating only HPS Boiler cost,1,2025-01-29 10:24:19,0,NULL,NULL
1310,Total_BFW_cost_per_hour,inferred,NULL,real,Total BFW cost per hour,Total BFW cost per hour,1,2025-01-29 10:24:19,0,NULL,NULL
1311,DMW_Imbalance,pi,UN.UO.DMW_Imbalance_EO_CALC_OUTPUT,real,DMW Imbalance,DMW Imbalance,1,2025-01-29 10:42:25,0,NULL,NULL
1312,Buffer_in_DWM_Flow_Margin,inferred,NULL,real,Buffer in DWM Flow Margin,Buffer in DWM Flow Margin,1,2025-01-29 10:42:25,0,NULL,NULL
1313,Utilities_plant_status,pi,UN.UO.UN80-01.Plant_Status_PEEO_CALC_OUTPUT,polynomial,Utilities plant status,Utilities plant status,1,2025-01-31 13:02:58,0,NULL,NULL
1314,Total_BLR_HPS_Generation_ub,pi,UN.UO.Total_BLR_HPS_Generation_Upper_Bound_EO_CALC_OUTPUT,real,Total BLR HPS Generation ub,Total BLR HPS Generation ub,1,2025-02-03 12:37:40,0,NULL,NULL
1315,Fuel_Cost_in_MMBTU,inferred,NULL,real,Fuel Cost in MMBTU,Fuel Cost in MMBTU,1,2025-02-05 10:16:10,0,NULL,NULL
1316,RC_Temperature_to_Deaerator,inferred,NULL,real,RC Temperature to Deaerator,RC Temperature to Deaerator,1,2025-02-05 10:16:10,0,NULL,NULL
1317,BFW_Temp,inferred,NULL,real,BFW Temp,BFW Temp,1,2025-02-05 10:16:10,0,NULL,NULL
1318,Makeup_water_Temp,inferred,NULL,real,Makeup water Temp,Makeup water Temp,1,2025-02-05 10:16:10,0,NULL,NULL
1319,ETH_HPS_Demand,inferred,NULL,real,ETH HP steam Import,ETH HP steam Import calc,1,2025-02-05 10:16:10,0,NULL,NULL
1320,HP_Export_to_EG_Ethylene_Plants,inferred,NULL,real,HP Export  to EG Ethylene Plants,HP Export  to EG Ethylene Plants,1,2025-02-05 10:16:10,0,NULL,NULL
1321,HP_Steam_enthalpy_Cost,inferred,NULL,real,HP Steam enthalpy Cost,HP Steam enthalpy Cost,1,2025-02-05 10:16:10,0,NULL,NULL
1322,MP_steam_enthalpy_Cost,inferred,NULL,real,MP steam enthalpy Cost,MP steam enthalpy Cost,1,2025-02-05 10:16:10,0,NULL,NULL
1323,LP_Steam_enthalpy_Cost,inferred,NULL,real,LP Steam enthalpy Cost,LP Steam enthalpy Cost,1,2025-02-05 10:16:10,0,NULL,NULL
1324,Steam_Generation_from_Boilers_Benefit,inferred,NULL,real,Steam Generation from Boilers Benefit,Steam Generation from Boilers Benefit,1,2025-02-05 10:16:10,0,NULL,NULL
1325,HP_Steam_Consumption_Benefit,inferred,NULL,real,HP Steam Consumption Benefit,HP Steam Consumption Benefit,1,2025-02-05 10:16:10,0,NULL,NULL
1326,MP_Steam_Consumption_Benefit,inferred,NULL,real,MP Steam Consumption Benefit,MP Steam Consumption Benefit,1,2025-02-05 10:16:10,0,NULL,NULL
1327,LP_Steam_Consumption_Benefit,inferred,NULL,real,LP Steam Consumption Benefit,LP Steam Consumption Benefit,1,2025-02-05 10:16:10,0,NULL,NULL
1328,NATURAL_GAS_Import_CTM_Benefit,inferred,NULL,real,NATURAL GAS Import CTM Benefit,NATURAL GAS Import CTM Benefit,1,2025-02-05 10:16:10,0,NULL,NULL
1329,Total_Power_Consumption_Benefit,inferred,NULL,real,Total Power Consumption Benefit,Total Power Consumption Benefit,1,2025-02-05 10:16:10,0,NULL,NULL
1330,DM_Water_Makeup_Benefit,inferred,NULL,real,DM Water Makeup Benefit,DM Water Makeup Benefit,1,2025-02-05 10:16:10,0,NULL,NULL
1331,Total_BLR_HPS_Generation_Benefit,inferred,NULL,real,Total BLR HPS Generation Benefit,Total BLR HPS Generation Benefit,1,2025-02-05 10:16:10,0,NULL,NULL
1332,BLR_1_HPS_Gen_Benefit,inferred,NULL,real,Boiler A HPS Gen Benefit,Boiler A HPS Gen Benefit,1,2025-02-05 10:16:10,0,NULL,NULL
1333,BLR_2_HPS_Gen_Benefit,inferred,NULL,real,Boiler B HPS Gen Benefit,Boiler B HPS Gen Benefit,1,2025-02-05 10:16:10,0,NULL,NULL
1334,BLR_3_HPS_Gen_Benefit,inferred,NULL,real,Boiler C HPS Gen Benefit,Boiler C HPS Gen Benefit,1,2025-02-05 10:16:10,0,NULL,NULL
1335,BLR_4_HPS_Gen_Benefit,inferred,NULL,real,Boiler D HPS Gen Benefit,Boiler D HPS Gen Benefit,1,2025-02-05 10:16:10,0,NULL,NULL
1336,BLR_5_HPS_Gen_Benefit,inferred,NULL,real,Boiler E HPS Gen Benefit,Boiler E HPS Gen Benefit,1,2025-02-05 10:16:10,0,NULL,NULL
1337,Total_Fuel_for_Boilers_Benefit,inferred,NULL,real,Total Fuel for Boilers Benefit,Total Fuel for Boilers Benefit,1,2025-02-05 10:16:10,0,NULL,NULL
1338,BFW_A_Motor_Power_Benefit,inferred,NULL,real,BFW A Motor Power Benefit,BFW A Motor Power Benefit,1,2025-02-05 10:16:10,0,NULL,NULL
1339,BFW_D_Motor_Power_Benefit,inferred,NULL,real,BFW D Motor Power Benefit,BFW D Motor Power Benefit,1,2025-02-05 10:16:10,0,NULL,NULL
1340,BFW_F_Motor_Power_Benefit,inferred,NULL,real,BFW F Motor Power Benefit,BFW F Motor Power Benefit,1,2025-02-05 10:16:10,0,NULL,NULL
1341,BFW_B_Turb_Steam_Benefit,inferred,NULL,real,BFW B Turb Steam Benefit,BFW B Turb Steam Benefit,1,2025-02-05 10:16:10,0,NULL,NULL
1342,BFW_C_Turb_Steam_Benefit,inferred,NULL,real,BFW C Turb Steam Benefit,BFW C Turb Steam Benefit,1,2025-02-05 10:16:10,0,NULL,NULL
1343,BFW_E_Turb_Steam_Benefit,inferred,NULL,real,BFW E Turb Steam Benefit,BFW E Turb Steam Benefit,1,2025-02-05 10:16:10,0,NULL,NULL
1344,VHP_BFW_A_Motor_Power_Benefit,inferred,NULL,real,VHP BFW A Motor Power Benefit,VHP BFW A Motor Power Benefit,1,2025-02-05 10:16:10,0,NULL,NULL
1345,VHP_BFW_B_Turb_Steam_Benefit,inferred,NULL,real,VHP BFW B Turb Steam Benefit,VHP BFW B Turb Steam Benefit,1,2025-02-05 10:16:10,0,NULL,NULL
1346,VHP_BFW_C_Turb_Steam_Benefit,inferred,NULL,real,VHP BFW C Turb Steam Benefit,VHP BFW C Turb Steam Benefit,1,2025-02-05 10:16:10,0,NULL,NULL
1347,Air_Compressor_Turbine_A_Steam_Benefit,inferred,NULL,real,Air Compressor Turbine A Steam Benefit,Air Compressor Turbine A Steam Benefit,1,2025-02-05 10:16:10,0,NULL,NULL
1348,Air_Compressor_Turbine_D_Steam_Benefit,inferred,NULL,real,Air Compressor Turbine D Steam Benefit,Air Compressor Turbine D Steam Benefit,1,2025-02-05 10:16:10,0,NULL,NULL
1349,Air_Compressor_Motor_B_Power_Benefit,inferred,NULL,real,Air Compressor Motor B Power Benefit,Air Compressor Motor B Power Benefit,1,2025-02-05 10:16:10,0,NULL,NULL
1350,Air_Compressor_Motor_C_Power_Benefit,inferred,NULL,real,Air Compressor Motor C Power Benefit,Air Compressor Motor C Power Benefit,1,2025-02-05 10:16:10,0,NULL,NULL
1351,DMW_Turbine_A_Steam_Benefit,inferred,NULL,real,DMW Turbine A Steam Benefit,DMW Turbine A Steam Benefit,1,2025-02-05 10:16:10,0,NULL,NULL
1352,DMW_Turbine_C_Steam_Benefit,inferred,NULL,real,DMW Turbine C Steam Benefit,DMW Turbine C Steam Benefit,1,2025-02-05 10:16:10,0,NULL,NULL
1353,DMW_Motor_B_Power_Benefit,inferred,NULL,real,DMW Motor B Power Benefit,DMW Motor B Power Benefit,1,2025-02-05 10:16:10,0,NULL,NULL
1354,CW_Turbine_A_Steam_Benefit,inferred,NULL,real,CW Turbine A Steam Benefit,CW Turbine A Steam Benefit,1,2025-02-05 10:16:10,0,NULL,NULL
1355,CW_Turbine_B_Steam_Benefit,inferred,NULL,real,CW Turbine B Steam Benefit,CW Turbine B Steam Benefit,1,2025-02-05 10:16:10,0,NULL,NULL
1356,CW_Turbine_G_Steam_Benefit,inferred,NULL,real,CW Turbine G Steam Benefit,CW Turbine G Steam Benefit,1,2025-02-05 10:16:10,0,NULL,NULL
1357,CW_Motor_C_Power_Benefit,inferred,NULL,real,CW Motor C Power Benefit,CW Motor C Power Benefit,1,2025-02-05 10:16:10,0,NULL,NULL
1358,CW_Motor_D_Power_Benefit,inferred,NULL,real,CW Motor D Power Benefit,CW Motor D Power Benefit,1,2025-02-05 10:16:10,0,NULL,NULL
1359,CW_Motor_E_Power_Benefit,inferred,NULL,real,CW Motor E Power Benefit,CW Motor E Power Benefit,1,2025-02-05 10:16:10,0,NULL,NULL
1360,CW_Motor_F_Power_Benefit,inferred,NULL,real,CW Motor F Power Benefit,CW Motor F Power Benefit,1,2025-02-05 10:16:10,0,NULL,NULL
1361,FD_Fan_BLR_1_Steam_Benefit,inferred,NULL,real,FD Fan Boiler A Steam Benefit,FD Fan Boiler A Steam Benefit,1,2025-02-05 10:16:10,0,NULL,NULL
1362,FD_Fan_BLR_2_Steam_Benefit,inferred,NULL,real,FD Fan Boiler B Steam Benefit,FD Fan Boiler B Steam Benefit,1,2025-02-05 10:16:10,0,NULL,NULL
1363,FD_Fan_BLR_3_Steam_Benefit,inferred,NULL,real,FD Fan Boiler C Steam Benefit,FD Fan Boiler C Steam Benefit,1,2025-02-05 10:16:10,0,NULL,NULL
1364,FD_Fan_BLR_4_Steam_Benefit,inferred,NULL,real,FD Fan Boiler D Steam Benefit,FD Fan Boiler D Steam Benefit,1,2025-02-05 10:16:10,0,NULL,NULL
1365,FD_Fan_BLR_5_Steam_Benefit,inferred,NULL,real,FD Fan Boiler E Steam Benefit,FD Fan Boiler E Steam Benefit,1,2025-02-05 10:16:10,0,NULL,NULL
1366,LP_Steam_Dumping_Valve_PC0024A_Steam_flow_out_UO_Benefit,inferred,NULL,real,LP Steam Dumping Valve PC0024A Steam flow out UO Benefit,LP Steam Dumping Valve PC0024A Steam flow out UO Benefit,1,2025-02-05 10:16:10,0,NULL,NULL
1367,HP_Steam_Vent_valve_PV0012_Steam_flow_out_UO_Benefit,inferred,NULL,real,HP Steam Vent valve PV0012 Steam flow out UO Benefit,HP Steam Vent valve PV0012 Steam flow out UO Benefit,1,2025-02-05 10:16:10,0,NULL,NULL
1368,LP_Steam_Vent_valve_PV0024B_Steam_flow_out_UO_Benefit,inferred,NULL,real,LP Steam Vent valve PV0024B Steam flow out UO Benefit,LP Steam Vent valve PV0024B Steam flow out UO Benefit,1,2025-02-05 10:16:10,0,NULL,NULL
1369,HP_Steam_Vent_Valve_PC7032_Steam_Flow_Out_ETH_Benefit,inferred,NULL,real,HP Steam Vent Valve PC7032 Steam Flow Out ETH Benefit,HP Steam Vent Valve PC7032 Steam Flow Out ETH Benefit,1,2025-02-05 10:16:10,0,NULL,NULL
1370,HP_Steam_Vent_Valve_PC7027_Steam_Flow_Out_ETH_Benefit,inferred,NULL,real,HP Steam Vent Valve PC7027 Steam Flow Out ETH Benefit,HP Steam Vent Valve PC7027 Steam Flow Out ETH Benefit,1,2025-02-05 10:16:10,0,NULL,NULL
1371,LP_Steam_Vent_Valve_PC7028_Steam_Flow_Out_ETH_Benefit,inferred,NULL,real,LP Steam Vent Valve PC7028 Steam Flow Out ETH Benefit,LP Steam Vent Valve PC7028 Steam Flow Out ETH Benefit,1,2025-02-05 10:16:10,0,NULL,NULL
1372,Steam_Generation_from_Boilers_Benefit_Percentage,inferred,NULL,real,Steam Generation from Boilers Benefit Percentage,Steam Generation from Boilers Benefit Percentage,0,2025-02-05 10:16:10,0,NULL,NULL
1373,HP_Steam_Consumption_Benefit_Percentage,inferred,NULL,real,HP Steam Consumption Benefit Percentage,HP Steam Consumption Benefit Percentage,0,2025-02-05 10:16:10,0,NULL,NULL
1374,MP_Steam_Consumption_Benefit_Percentage,inferred,NULL,real,MP Steam Consumption Benefit Percentage,MP Steam Consumption Benefit Percentage,0,2025-02-05 10:16:10,0,NULL,NULL
1375,LP_Steam_Consumption_Benefit_Percentage,inferred,NULL,real,LP Steam Consumption Benefit Percentage,LP Steam Consumption Benefit Percentage,0,2025-02-05 10:16:10,0,NULL,NULL
1376,NATURAL_GAS_Import_CTM_Benefit_Percentage,inferred,NULL,real,NATURAL GAS Import CTM Benefit Percentage,NATURAL GAS Import CTM Benefit Percentage,0,2025-02-05 10:16:10,0,NULL,NULL
1377,Total_Power_Consumption_Benefit_Percentage,inferred,NULL,real,Total Power Consumption Benefit Percentage,Total Power Consumption Benefit Percentage,0,2025-02-05 10:16:10,0,NULL,NULL
1378,DM_Water_Makeup_Benefit_Percentage,inferred,NULL,real,DM Water Makeup Benefit Percentage,DM Water Makeup Benefit Percentage,0,2025-02-05 10:16:10,0,NULL,NULL
1379,Total_BLR_HPS_Generation_Benefit_Percentage,inferred,NULL,real,Total BLR HPS Generation Benefit Percentage,Total BLR HPS Generation Benefit Percentage,0,2025-02-05 10:16:10,0,NULL,NULL
1380,BLR_1_HPS_Gen_Benefit_Percentage,inferred,NULL,real,BLR 1 HPS Gen Benefit Percentage,BLR 1 HPS Gen Benefit Percentage,0,2025-02-05 10:16:10,0,NULL,NULL
1381,BLR_2_HPS_Gen_Benefit_Percentage,inferred,NULL,real,BLR 2 HPS Gen Benefit Percentage,BLR 2 HPS Gen Benefit Percentage,0,2025-02-05 10:16:10,0,NULL,NULL
1382,BLR_3_HPS_Gen_Benefit_Percentage,inferred,NULL,real,BLR 3 HPS Gen Benefit Percentage,BLR 3 HPS Gen Benefit Percentage,0,2025-02-05 10:16:10,0,NULL,NULL
1383,BLR_4_HPS_Gen_Benefit_Percentage,inferred,NULL,real,BLR 4 HPS Gen Benefit Percentage,BLR 4 HPS Gen Benefit Percentage,0,2025-02-05 10:16:10,0,NULL,NULL
1384,BLR_5_HPS_Gen_Benefit_Percentage,inferred,NULL,real,BLR 5 HPS Gen Benefit Percentage,BLR 5 HPS Gen Benefit Percentage,0,2025-02-05 10:16:10,0,NULL,NULL
1385,Total_Fuel_for_Boilers_Benefit_Percentage,inferred,NULL,real,Total Fuel for Boilers Benefit Percentage,Total Fuel for Boilers Benefit Percentage,0,2025-02-05 10:16:10,0,NULL,NULL
1386,BFW_A_Motor_Power_Benefit_Percentage,inferred,NULL,real,BFW A Motor Power Benefit Percentage,BFW A Motor Power Benefit Percentage,0,2025-02-05 10:16:10,0,NULL,NULL
1387,BFW_D_Motor_Power_Benefit_Percentage,inferred,NULL,real,BFW D Motor Power Benefit Percentage,BFW D Motor Power Benefit Percentage,0,2025-02-05 10:16:10,0,NULL,NULL
1388,BFW_F_Motor_Power_Benefit_Percentage,inferred,NULL,real,BFW F Motor Power Benefit Percentage,BFW F Motor Power Benefit Percentage,0,2025-02-05 10:16:10,0,NULL,NULL
1389,BFW_B_Turb_Steam_Benefit_Percentage,inferred,NULL,real,BFW B Turb Steam Benefit Percentage,BFW B Turb Steam Benefit Percentage,0,2025-02-05 10:16:10,0,NULL,NULL
1390,BFW_C_Turb_Steam_Benefit_Percentage,inferred,NULL,real,BFW C Turb Steam Benefit Percentage,BFW C Turb Steam Benefit Percentage,0,2025-02-05 10:16:10,0,NULL,NULL
1391,BFW_E_Turb_Steam_Benefit_Percentage,inferred,NULL,real,BFW E Turb Steam Benefit Percentage,BFW E Turb Steam Benefit Percentage,0,2025-02-05 10:16:10,0,NULL,NULL
1392,VHP_BFW_A_Motor_Power_Benefit_Percentage,inferred,NULL,real,VHP BFW A Motor Power Benefit Percentage,VHP BFW A Motor Power Benefit Percentage,0,2025-02-05 10:16:10,0,NULL,NULL
1393,VHP_BFW_B_Turb_Steam_Benefit_Percentage,inferred,NULL,real,VHP BFW B Turb Steam Benefit Percentage,VHP BFW B Turb Steam Benefit Percentage,0,2025-02-05 10:16:10,0,NULL,NULL
1394,VHP_BFW_C_Turb_Steam_Benefit_Percentage,inferred,NULL,real,VHP BFW C Turb Steam Benefit Percentage,VHP BFW C Turb Steam Benefit Percentage,0,2025-02-05 10:16:10,0,NULL,NULL
1395,Air_Compressor_Turbine_A_Steam_Benefit_Percentage,inferred,NULL,real,Air Compressor Turbine A Steam Benefit Percentage,Air Compressor Turbine A Steam Benefit Percentage,0,2025-02-05 10:16:10,0,NULL,NULL
1396,Air_Compressor_Turbine_D_Steam_Benefit_Percentage,inferred,NULL,real,Air Compressor Turbine D Steam Benefit Percentage,Air Compressor Turbine D Steam Benefit Percentage,0,2025-02-05 10:16:10,0,NULL,NULL
1397,Air_Compressor_Motor_B_Power_Benefit_Percentage,inferred,NULL,real,Air Compressor Motor B Power Benefit Percentage,Air Compressor Motor B Power Benefit Percentage,0,2025-02-05 10:16:10,0,NULL,NULL
1398,Air_Compressor_Motor_C_Power_Benefit_Percentage,inferred,NULL,real,Air Compressor Motor C Power Benefit Percentage,Air Compressor Motor C Power Benefit Percentage,0,2025-02-05 10:16:10,0,NULL,NULL
1399,DMW_Turbine_A_Steam_Benefit_Percentage,inferred,NULL,real,DMW Turbine A Steam Benefit Percentage,DMW Turbine A Steam Benefit Percentage,0,2025-02-05 10:16:10,0,NULL,NULL
1400,DMW_Turbine_C_Steam_Benefit_Percentage,inferred,NULL,real,DMW Turbine C Steam Benefit Percentage,DMW Turbine C Steam Benefit Percentage,0,2025-02-05 10:16:10,0,NULL,NULL
1401,DMW_Motor_B_Power_Benefit_Percentage,inferred,NULL,real,DMW Motor B Power Benefit Percentage,DMW Motor B Power Benefit Percentage,0,2025-02-05 10:16:10,0,NULL,NULL
1402,CW_Turbine_A_Steam_Benefit_Percentage,inferred,NULL,real,CW Turbine A Steam Benefit Percentage,CW Turbine A Steam Benefit Percentage,0,2025-02-05 10:16:10,0,NULL,NULL
1403,CW_Turbine_B_Steam_Benefit_Percentage,inferred,NULL,real,CW Turbine B Steam Benefit Percentage,CW Turbine B Steam Benefit Percentage,0,2025-02-05 10:16:10,0,NULL,NULL
1404,CW_Turbine_G_Steam_Benefit_Percentage,inferred,NULL,real,CW Turbine G Steam Benefit Percentage,CW Turbine G Steam Benefit Percentage,0,2025-02-05 10:16:10,0,NULL,NULL
1405,CW_Motor_C_Power_Benefit_Percentage,inferred,NULL,real,CW Motor C Power Benefit Percentage,CW Motor C Power Benefit Percentage,0,2025-02-05 10:16:10,0,NULL,NULL
1406,CW_Motor_D_Power_Benefit_Percentage,inferred,NULL,real,CW Motor D Power Benefit Percentage,CW Motor D Power Benefit Percentage,0,2025-02-05 10:16:10,0,NULL,NULL
1407,CW_Motor_E_Power_Benefit_Percentage,inferred,NULL,real,CW Motor E Power Benefit Percentage,CW Motor E Power Benefit Percentage,0,2025-02-05 10:16:10,0,NULL,NULL
1408,CW_Motor_F_Power_Benefit_Percentage,inferred,NULL,real,CW Motor F Power Benefit Percentage,CW Motor F Power Benefit Percentage,0,2025-02-05 10:16:10,0,NULL,NULL
1409,FD_Fan_BLR_1_Steam_Benefit_Percentage,inferred,NULL,real,FD Fan BLR 1 Steam Benefit Percentage,FD Fan BLR 1 Steam Benefit Percentage,0,2025-02-05 10:16:10,0,NULL,NULL
1410,FD_Fan_BLR_2_Steam_Benefit_Percentage,inferred,NULL,real,FD Fan BLR 2 Steam Benefit Percentage,FD Fan BLR 2 Steam Benefit Percentage,0,2025-02-05 10:16:10,0,NULL,NULL
1411,FD_Fan_BLR_3_Steam_Benefit_Percentage,inferred,NULL,real,FD Fan BLR 3 Steam Benefit Percentage,FD Fan BLR 3 Steam Benefit Percentage,0,2025-02-05 10:16:10,0,NULL,NULL
1412,FD_Fan_BLR_4_Steam_Benefit_Percentage,inferred,NULL,real,FD Fan BLR 4 Steam Benefit Percentage,FD Fan BLR 4 Steam Benefit Percentage,0,2025-02-05 10:16:10,0,NULL,NULL
1413,FD_Fan_BLR_5_Steam_Benefit_Percentage,inferred,NULL,real,FD Fan BLR 5 Steam Benefit Percentage,FD Fan BLR 5 Steam Benefit Percentage,0,2025-02-05 10:16:10,0,NULL,NULL
1414,LP_Steam_Dumping_Valve_PC0024A_Steam_flow_out_UO_Benefit_Percentage,inferred,NULL,real,LP Steam Dumping Valve PC0024A Steam flow out UO Benefit Percentage,LP Steam Dumping Valve PC0024A Steam flow out UO Benefit Percentage,0,2025-02-05 10:16:10,0,NULL,NULL
1415,HP_Steam_Vent_valve_PV0012_Steam_flow_out_UO_Benefit_Percentage,inferred,NULL,real,HP Steam Vent valve PV0012 Steam flow out UO Benefit Percentage,HP Steam Vent valve PV0012 Steam flow out UO Benefit Percentage,0,2025-02-05 10:16:10,0,NULL,NULL
1416,LP_Steam_Vent_valve_PV0024B_Steam_flow_out_UO_Benefit_Percentage,inferred,NULL,real,LP Steam Vent valve PV0024B Steam flow out UO Benefit Percentage,LP Steam Vent valve PV0024B Steam flow out UO Benefit Percentage,0,2025-02-05 10:16:10,0,NULL,NULL
1417,HP_Steam_Vent_Valve_PC7032_Steam_Flow_Out_ETH_Benefit_Percentage,inferred,NULL,real,HP Steam Vent Valve PC7032 Steam Flow Out ETH Benefit Percentage,HP Steam Vent Valve PC7032 Steam Flow Out ETH Benefit Percentage,0,2025-02-05 10:16:10,0,NULL,NULL
1418,HP_Steam_Vent_Valve_PC7027_Steam_Flow_Out_ETH_Benefit_Percentage,inferred,NULL,real,HP Steam Vent Valve PC7027 Steam Flow Out ETH Benefit Percentage,HP Steam Vent Valve PC7027 Steam Flow Out ETH Benefit Percentage,0,2025-02-05 10:16:10,0,NULL,NULL
1419,LP_Steam_Vent_Valve_PC7028_Steam_Flow_Out_ETH_Benefit_Percentage,inferred,NULL,real,LP Steam Vent Valve PC7028 Steam Flow Out ETH Benefit Percentage,LP Steam Vent Valve PC7028 Steam Flow Out ETH Benefit Percentage,0,2025-02-05 10:16:10,0,NULL,NULL
1420,Absolute_benefit,inferred,NULL,real,Absolute benefit,Absolute benefit,0,2025-02-05 10:16:10,0,NULL,NULL
1421,VHP_BFW_A_Motor_Power_Regression,inferred,NULL,real,VHP BFW A Motor Power Regression,VHP BFW A Motor Power Regression,1,2025-02-10 12:34:16,0,NULL,NULL
1422,VHP_BFW_B_Turb_Steam_Regression,inferred,NULL,real,VHP BFW B Turb Steam Regression,VHP BFW B Turb Steam Regression,1,2025-02-10 12:34:16,0,NULL,NULL
1423,VHP_BFW_C_Turb_Steam_Regression,inferred,NULL,real,VHP BFW C Turb Steam Regression,VHP BFW C Turb Steam Regression,1,2025-02-10 12:34:16,0,NULL,NULL
1424,VHP_BFW_A_Motor_Power_Imbalance,inferred,NULL,real,VHP BFW A Motor Power Imbalance,VHP BFW A Motor Power Imbalance,1,2025-02-10 12:34:16,0,NULL,NULL
1425,VHP_BFW_B_Turb_Steam_Imbalance,inferred,NULL,real,VHP BFW B Turb Steam Imbalance,VHP BFW B Turb Steam Imbalance,1,2025-02-10 12:34:16,0,NULL,NULL
1426,VHP_BFW_C_Turb_Steam_Imbalance,inferred,NULL,real,VHP BFW C Turb Steam Imbalance,VHP BFW C Turb Steam Imbalance,1,2025-02-10 12:34:16,0,NULL,NULL
1427,CW_Turbine_A_Steam_Regression,inferred,NULL,real,CW Turbine A Steam Regression,CW Turbine A Steam Regression,1,2025-02-10 12:34:16,0,NULL,NULL
1428,CW_Turbine_B_Steam_Regression,inferred,NULL,real,CW Turbine B Steam Regression,CW Turbine B Steam Regression,1,2025-02-10 12:34:16,0,NULL,NULL
1429,CW_Motor_C_Power_Regression,inferred,NULL,real,CW Motor C Power Regression,CW Motor C Power Regression,1,2025-02-10 12:34:16,0,NULL,NULL
1430,CW_Motor_D_Power_Regression,inferred,NULL,real,CW Motor D Power Regression,CW Motor D Power Regression,1,2025-02-10 12:34:16,0,NULL,NULL
1431,CW_Motor_E_Power_Regression,inferred,NULL,real,CW Motor E Power Regression,CW Motor E Power Regression,1,2025-02-10 12:34:16,0,NULL,NULL
1432,CW_Motor_F_Power_Regression,inferred,NULL,real,CW Motor F Power Regression,CW Motor F Power Regression,1,2025-02-10 12:34:16,0,NULL,NULL
1433,CW_Turbine_G_Steam_Regression,inferred,NULL,real,CW Turbine G Steam Regression,CW Turbine G Steam Regression,1,2025-02-10 12:34:16,0,NULL,NULL
1434,CW_Turbine_A_Steam_Imbalance,inferred,NULL,real,CW Turbine A Steam Imbalance,CW Turbine A Steam Imbalance,1,2025-02-10 12:34:16,0,NULL,NULL
1435,CW_Turbine_B_Steam_Imbalance,inferred,NULL,real,CW Turbine B Steam Imbalance,CW Turbine B Steam Imbalance,1,2025-02-10 12:34:16,0,NULL,NULL
1436,CW_Motor_C_Power_Imbalance,inferred,NULL,real,CW Motor C Power Imbalance,CW Motor C Power Imbalance,1,2025-02-10 12:34:16,0,NULL,NULL
1437,CW_Motor_D_Power_Imbalance,inferred,NULL,real,CW Motor D Power Imbalance,CW Motor D Power Imbalance,1,2025-02-10 12:34:16,0,NULL,NULL
1438,CW_Motor_E_Power_Imbalance,inferred,NULL,real,CW Motor E Power Imbalance,CW Motor E Power Imbalance,1,2025-02-10 12:34:16,0,NULL,NULL
1439,CW_Motor_F_Power_Imbalance,inferred,NULL,real,CW Motor F Power Imbalance,CW Motor F Power Imbalance,1,2025-02-10 12:34:16,0,NULL,NULL
1440,CW_Turbine_G_Steam_Imbalance,inferred,NULL,real,CW Turbine G Steam Imbalance,CW Turbine G Steam Imbalance,1,2025-02-10 12:34:16,0,NULL,NULL
1441,Air_Compressor_Turbine_A_Steam_Regression,inferred,NULL,real,Air Compressor Turbine A Steam Regression,Air Compressor Turbine A Steam Regression,1,2025-02-10 12:34:16,0,NULL,NULL
1442,Air_Compressor_Turbine_D_Steam_Regression,inferred,NULL,real,Air Compressor Turbine D Steam Regression,Air Compressor Turbine D Steam Regression,1,2025-02-10 12:34:16,0,NULL,NULL
1443,Air_Compressor_Motor_C_Power_Regression,inferred,NULL,real,Air Compressor Motor C Power Regression,Air Compressor Motor C Power Regression,1,2025-02-10 12:34:16,0,NULL,NULL
1444,Air_Compressor_Motor_B_Power_Regression,inferred,NULL,real,Air Compressor Motor B Power Regression,Air Compressor Motor B Power Regression,1,2025-02-10 12:34:16,0,NULL,NULL
1445,Air_Compressor_Turbine_A_Steam_Imbalance,inferred,NULL,real,Air Compressor Turbine A Steam Imbalance,Air Compressor Turbine A Steam Imbalance,1,2025-02-10 12:34:16,0,NULL,NULL
1446,Air_Compressor_Turbine_D_Steam_Imbalance,inferred,NULL,real,Air Compressor Turbine D Steam Imbalance,Air Compressor Turbine D Steam Imbalance,1,2025-02-10 12:34:16,0,NULL,NULL
1447,Air_Compressor_Motor_C_Power_Imbalance,inferred,NULL,real,Air Compressor Motor C Power Imbalance,Air Compressor Motor C Power Imbalance,1,2025-02-10 12:34:16,0,NULL,NULL
1448,Air_Compressor_Motor_B_Power_Imbalance,inferred,NULL,real,Air Compressor Motor B Power Imbalance,Air Compressor Motor B Power Imbalance,1,2025-02-10 12:34:16,0,NULL,NULL
1449,DMW_Turbine_A_Steam_Regression,inferred,NULL,real,DMW Turbine A Steam Regression,DMW Turbine A Steam Regression,1,2025-02-10 12:34:16,0,NULL,NULL
1450,DMW_Motor_B_Power_Regression,inferred,NULL,real,DMW Motor B Power Regression,DMW Motor B Power Regression,1,2025-02-10 12:34:16,0,NULL,NULL
1451,DMW_Turbine_C_Steam_Regression,inferred,NULL,real,DMW Turbine C Steam Regression,DMW Turbine C Steam Regression,1,2025-02-10 12:34:16,0,NULL,NULL
1452,DMW_Turbine_A_Steam_Imbalance,inferred,NULL,real,DMW Turbine A Steam Imbalance,DMW Turbine A Steam Imbalance,1,2025-02-10 12:34:16,0,NULL,NULL
1453,DMW_Pump_Motor_B_Power_Imbalance,inferred,NULL,real,DMW Pump Motor B Power Imbalance,DMW Pump Motor B Power Imbalance,1,2025-02-10 12:34:16,0,NULL,NULL
1454,DMW_Turbine_C_Steam_Imbalance,inferred,NULL,real,DMW Turbine C Steam Imbalance,DMW Turbine C Steam Imbalance,1,2025-02-10 12:34:17,0,NULL,NULL
1455,BFW_A_Motor_Power_Regression,inferred,NULL,real,BFW A Motor Power Regression,BFW A Motor Power Regression,1,2025-02-10 12:34:17,0,NULL,NULL
1456,BFW_B_Turb_Steam_Regression,inferred,NULL,real,BFW B Turb Steam Regression,BFW B Turb Steam Regression,1,2025-02-10 12:34:17,0,NULL,NULL
1457,BFW_C_Turb_Steam_Regression,inferred,NULL,real,BFW C Turb Steam Regression,BFW C Turb Steam Regression,1,2025-02-10 12:34:17,0,NULL,NULL
1458,BFW_D_Motor_Power_Regression,inferred,NULL,real,BFW D Motor Power Regression,BFW D Motor Power Regression,1,2025-02-10 12:34:17,0,NULL,NULL
1459,BFW_E_Turb_Steam_Regression,inferred,NULL,real,BFW E Turb Steam Regression,BFW E Turb Steam Regression,1,2025-02-10 12:34:17,0,NULL,NULL
1460,BFW_F_Motor_Power_Regression,inferred,NULL,real,BFW F Motor Power Regression,BFW F Motor Power Regression,1,2025-02-10 12:34:17,0,NULL,NULL
1461,BFW_A_Motor_Power_Imbalance,inferred,NULL,real,BFW A Motor Power Imbalance,BFW A Motor Power Imbalance,1,2025-02-10 12:34:17,0,NULL,NULL
1462,BFW_B_Turb_Steam_Imbalance,inferred,NULL,real,BFW B Turb Steam Imbalance,BFW B Turb Steam Imbalance,1,2025-02-10 12:34:17,0,NULL,NULL
1463,BFW_C_Turb_Steam_Imbalance,inferred,NULL,real,BFW C Turb Steam Imbalance,BFW C Turb Steam Imbalance,1,2025-02-10 12:34:17,0,NULL,NULL
1464,BFW_D_Motor_Power_Imbalance,inferred,NULL,real,BFW D Motor Power Imbalance,BFW D Motor Power Imbalance,1,2025-02-10 12:34:17,0,NULL,NULL
1465,BFW_E_Turb_Steam_Imbalance,inferred,NULL,real,BFW E Turb Steam Imbalance,BFW E Turb Steam Imbalance,1,2025-02-10 12:34:17,0,NULL,NULL
1466,BFW_F_Motor_Power_Imbalance,inferred,NULL,real,BFW F Motor Power Imbalance,BFW F Motor Power Imbalance,1,2025-02-10 12:34:17,0,NULL,NULL
1467,LAO_LP_Steam_Demand,pi,UN.LAO.LP_Steam_Demand_EO_CALC_OUTPUT,real,LAO LP Steam Demand,LAO LP Steam Demand,1,2025-02-12 15:35:59,0,NULL,NULL
1468,seec_gain,inferred,NULL,real,Seec Improvement (Baseline),seec_gain,1,2025-02-14 12:02:36,0,NULL,NULL
1469,seec_baseline,inferred,NULL,real,Seec Improvement Potential (Baseline),seec_baseline,1,2025-02-14 12:02:36,0,NULL,NULL
1470,Ethylene_HP_Generation_Calculated,inferred,NULL,real,Ethylene HP Generation Calculated,Ethylene HP Generation Calculated,1,2025-02-17 19:25:13,0,NULL,NULL
1471,Ethylene_HP_Consumption_Calculated,pi,UN.ETH.HP_Consumption_Calculated_EO_CALC_OUTPUT,real,Ethylene HP Consumption Calculated,Ethylene HP Consumption Calculated,1,2025-02-17 19:25:13,0,NULL,NULL
1472,HP_MP_Letdown_Opening_Calculated,inferred,NULL,real,HP MP Letdown Opening Calculated,HP MP Letdown Opening Calculated,1,2025-02-18 07:50:18,0,NULL,NULL
1473,HP_MP_LetDown_Valve_Controller_Opening,inferred,NULL,real,HP MP LetDown Valve Controller Opening,HP MP LetDown Valve Controller Opening,1,2025-02-18 07:50:18,0,NULL,NULL
1474,EG1_EO_Reactor_Selectivity_perc,inferred,NULL,real,EG1 EO React Selectivity,EG1_EO_Reactor_Selectivity_perc,1,2025-02-21 14:33:10,0,NULL,NULL
1475,EG2_EO_Reactor_Selectivity_perc,inferred,NULL,real,EG2 EO React Selectivity,EG2_EO_Reactor_Selectivity_perc,1,2025-02-21 14:33:10,0,NULL,NULL
1476,EG3_EO_Reactor_Selectivity_perc,inferred,NULL,real,EG3 EO React Selectivity,EG3_EO_Reactor_Selectivity_perc,1,2025-02-21 14:33:10,0,NULL,NULL
1477,Regeneration_Gas_Heater_Status,inferred,NULL,real,Regen Gas Heater Status,Regen Gas Heater Status,1,2025-02-21 14:33:10,0,NULL,NULL
1478,LP_Steam_To_Stripping_Column_Duty,pi,UN.EG1.C-2310.LP_Steam_To_Stripping_Column_Duty_PEEO_CALC_OUTPUT,real,LP Steam To Stripping Column Duty,LP Steam To Stripping Column Duty,1,2025-02-27 14:38:27,0,NULL,NULL
1479,LP_steam_saturated_vapor_enthalpy,pi,UN.EG1.LP_Steam_Saturated_Vapor_Enthalpy_EO_CALC_OUTPUT,real,LP steam saturated vapor enthalpy,LP steam saturated vapor enthalpy,1,2025-02-27 14:38:27,0,NULL,NULL
1480,LP_Steam_To_Stripping_Column_reboiler_Duty,pi,UN.EG1.E-2310.Stripping_Column_Reboiler_Duty_PEEO_CALC_OUTPUT,real,LP Steam To Stripping Column reboiler Duty,LP Steam To Stripping Column reboiler Duty,1,2025-02-27 14:38:27,0,NULL,NULL
1481,LP_steam_condensate_enthalpy,pi,UN.EG1.LP_Steam_Condensate_Enthalpy_EO_CALC_OUTPUT,real,LP steam condensate enthalpy,LP steam condensate enthalpy,1,2025-02-27 14:38:27,0,NULL,NULL
1482,EG1_Recycle_Compressor_Current,pi,UN.EG1.21II1815A.PV,real,EG1 Recycle Compressor Current,EG1 Recycle Compressor Current,1,2025-02-27 14:38:27,0,NULL,NULL
1483,KM_2115_Flow,pi,UN.EG1.21FI1780.PV,real,KM 2115 Flow,KM 2115 Flow,1,2025-02-27 14:38:27,0,NULL,NULL
1484,EG1_Recycle_Compressor_Power,inferred,NULL,real,EG1 Recycle Compressor Power,EG1 Recycle Compressor Power,1,2025-02-27 14:38:27,0,NULL,NULL
1485,LP_steam_to_E_2523_Duty,pi,UN.EG1.E-2523.Ultimate_EG_Reactor_Feed_Preheater_Duty_PEEO_CALC_OUTPUT,real,LP steam to E 2523 Duty,LP steam to E 2523 Duty,1,2025-02-27 14:38:27,0,NULL,NULL
1486,LP_steam_flow_to_C_2220_Duty,pi,UN.EG1.C-2220.Regenerator_Direct_Steam_Duty_PEEO_CALC_OUTPUT,real,LP steam flow to C 2220 Duty,LP steam flow to C 2220 Duty,1,2025-02-27 14:38:27,0,NULL,NULL
1487,LP_steam_to_E_2220_Duty,pi,UN.EG1.E-2220.Regenerator_Reboiler_Duty_PEEO_CALC_OUTPUT,real,LP steam to E 2220 Duty,LP steam to E 2220 Duty,1,2025-02-27 14:38:27,0,NULL,NULL
1488,EG1_first_effect_reboiler_Duty,pi,UN.EG1.E-2531.Primary_Evaporator_Reboiler_Duty_PEEO_CALC_OUTPUT,real,EG1 first effect reboiler Duty,EG1 first effect reboiler Duty,1,2025-02-27 14:38:27,0,NULL,NULL
1489,MP_steam_saturated_vapor_enthalpy,pi,UN.EG1.MP_Steam_Saturated_Vapor_Enthalpy_EO_CALC_OUTPUT,real,MP steam saturated vapor enthalpy,MP steam saturated vapor enthalpy,1,2025-02-27 14:38:27,0,NULL,NULL
1498,MP_steam_condensate_enthalpy,pi,UN.EG1.MP_Steam_Condensate_Enthalpy_EO_CALC_OUTPUT,real,MP steam condensate enthalpy,MP steam condensate enthalpy,1,2025-02-27 15:35:19,0,NULL,NULL
1499,EG1_Drying_column_reboiler_Duty,pi,UN.EG1.E-2610.Drying_Column_Reboiler_Duty_PEEO_CALC_OUTPUT,real,EG1 Drying column reboiler Duty,EG1 Drying column reboiler Duty,1,2025-02-27 15:35:19,0,NULL,NULL
1500,EG1_MEG_column_reboiler_Duty,pi,UN.EG1.E-2620.MEG_Column_Reboiler_Duty_PEEO_CALC_OUTPUT,real,EG1 MEG column reboiler Duty,EG1 MEG column reboiler Duty,1,2025-02-27 15:35:19,0,NULL,NULL
1501,EG2_stripping_column_Duty,pi,UN.EG2.C-4310.LP_Steam_To_Stripping_Column_Duty_PEEO_CALC_OUTPUT,real,EG2 stripping column Duty,EG2 stripping column Duty,1,2025-02-27 15:35:19,0,NULL,NULL
1502,EG2_stripping_column_reboiler_Duty,pi,UN.EG2.E-4310.Stripping_Column_Reboiler_Duty_PEEO_CALC_OUTPUT,real,EG2 stripping column reboiler Duty,EG2 stripping column reboiler Duty,1,2025-02-27 15:35:19,0,NULL,NULL
1503,EG2_LP_steam_saturated_vapor_enthalpy,pi,UN.EG2.LP_Steam_Saturated_Vapor_Enthalpy_EO_CALC_OUTPUT,real,EG2 LP steam saturated vapor enthalpy,EG2 LP steam saturated vapor enthalpy,1,2025-02-27 15:35:19,0,NULL,NULL
1504,EG2_LP_steam_condensate_enthalpy,pi,UN.EG2.LP_Steam_Condensate_Enthalpy_EO_CALC_OUTPUT,real,EG2 LP steam condensate enthalpy,EG2 LP steam condensate enthalpy,1,2025-02-27 15:35:19,0,NULL,NULL
1505,EG2_MP_steam_saturated_vapor_enthalpy,pi,UN.EG2.MP_Steam_Saturated_Vapor_Enthalpy_EO_CALC_OUTPUT,real,EG2 MP steam saturated vapor enthalpy,EG2 MP steam saturated vapor enthalpy,1,2025-02-27 15:35:19,0,NULL,NULL
1506,EG2_MP_steam_condensate_enthalpy,pi,UN.EG2.MP_Steam_Condensate_Enthalpy_EO_CALC_OUTPUT,real,EG2 MP steam condensate enthalpy,EG2 MP steam condensate enthalpy,1,2025-02-27 15:35:19,0,NULL,NULL
1507,EG2_MP_steam_pressure_act,pi,UN.EG2.49PI9203.PV,real,EG2 MP steam pressure act,EG2 MP steam pressure act,1,2025-02-27 15:35:19,0,NULL,NULL
1508,EG2_Recycle_Compressor_Current,pi,UN.EG2.41II1815AB.PV,real,EG2 Recycle Compressor Current,EG2 Recycle Compressor Current,1,2025-02-27 15:35:19,0,NULL,NULL
1509,KM_4115_Flow,pi,UN.EG2.41FI1780.PV,real,KM 4115 Flow,KM 4115 Flow,1,2025-02-27 15:35:19,0,NULL,NULL
1510,EG2_Third_Stage_reactor_feed_heater_Duty,pi,UN.EG2.E-4523.Ultimate_EG_Reactor_Feed_Preheater_Duty_PEEO_CALC_OUTPUT,real,EG2 Third Stage reactor feed heater Duty,EG2 Third Stage reactor feed heater Duty,1,2025-02-27 15:35:19,0,NULL,NULL
1511,EG2_Regenerator_feed_flash_drum_Duty,pi,UN.EG2.C-4220.Regenerator_Direct_Steam_Duty_PEEO_CALC_OUTPUT,real,EG2 Regenerator feed flash drum Duty,EG2 Regenerator feed flash drum Duty,1,2025-02-27 15:35:19,0,NULL,NULL
1512,EG2_Regeneration_reboiler_Duty,pi,UN.EG2.E-4220.Regenerator_Reboiler_Duty_PEEO_CALC_OUTPUT,real,EG2 Regeneration reboiler Duty,EG2 Regeneration reboiler Duty,1,2025-02-27 15:35:19,0,NULL,NULL
1513,EG2_first_effect_reboiler_Duty,pi,UN.EG2.E-4531.Primary_Evaporator_Reboiler_Duty_PEEO_CALC_OUTPUT,real,EG2 first effect reboiler Duty,EG2 first effect reboiler Duty,1,2025-02-27 15:35:19,0,NULL,NULL
1514,EG2_Drying_column_reboiler_Duty,pi,UN.EG2.E-4610.Drying_Column_Reboiler_Duty_PEEO_CALC_OUTPUT,real,EG2 Drying column reboiler Duty,EG2 Drying column reboiler Duty,1,2025-02-27 15:35:19,0,NULL,NULL
1515,EG2_MEG_column_reboiler_Duty,pi,UN.EG2.E-4620.MEG_Column_Reboiler_Duty_PEEO_CALC_OUTPUT,real,EG2 MEG column reboiler Duty,EG2 MEG column reboiler Duty,1,2025-02-27 15:35:19,0,NULL,NULL
1516,EG3_Recycle_Compressor_Power,inferred,NULL,real,EG3 Recycle Compressor Power,EG3 Recycle Compressor Power,1,2025-02-27 15:35:19,0,NULL,NULL
1517,KM_6115_Flow,inferred,NULL,real,KM 6115 Flow,KM 6115 Flow,1,2025-02-27 15:35:19,0,NULL,NULL
1518,EG3_Regeneration_reboiler_Duty,pi,UN.EG3.E-6220.Regenerator_Reboiler_Duty_PEEO_CALC_OUTPUT,real,EG3 Regeneration reboiler Duty,EG3 Regeneration reboiler Duty,1,2025-02-27 15:35:19,0,NULL,NULL
1519,EG3_first_effect_reboiler_Duty,pi,UN.EG3.E-6531.Primary_Evaporator_Reboiler_Duty_PEEO_CALC_OUTPUT,real,EG3 first effect reboiler Duty,EG3 first effect reboiler Duty,1,2025-02-27 15:35:19,0,NULL,NULL
1520,EG3_MEG_column_reboiler_Duty,pi,UN.EG3.E-6620.MEG_Column_Reboiler_Duty_PEEO_CALC_OUTPUT,real,EG3 MEG column reboiler Duty,EG3 MEG column reboiler Duty,1,2025-02-27 15:35:19,0,NULL,NULL
1521,EG3_LP_steam_saturated_vapor_enthalpy,pi,UN.EG3.LP_Steam_Saturated_Vapor_Enthalpy_EO_CALC_OUTPUT,real,EG3 LP steam saturated vapor enthalpy,EG3 LP steam saturated vapor enthalpy,1,2025-02-27 15:35:19,0,NULL,NULL
1522,EG3_LP_steam_pressure,pi,UN.EG3.69PI9208.PV,real,EG3 LP steam pressure,EG3 LP steam pressure,1,2025-02-27 15:35:19,0,NULL,NULL
1523,EG3_LP_steam_condensate_enthalpy,pi,UN.EG3.LP_Steam_Condensate_Enthalpy_EO_CALC_OUTPUT,real,EG3 LP steam condensate enthalpy,EG3 LP steam condensate enthalpy,1,2025-02-27 15:35:19,0,NULL,NULL
1524,EG3_MP_steam_saturated_vapor_enthalpy,pi,UN.EG3.MP_Steam_Saturated_Vapor_Enthalpy_EO_CALC_OUTPUT,real,EG3 MP steam saturated vapor enthalpy,EG3 MP steam saturated vapor enthalpy,1,2025-02-27 15:35:19,0,NULL,NULL
1525,EG3_MP_steam_condensate_enthalpy,pi,UN.EG3.MP_Steam_Condensate_Enthalpy_EO_CALC_OUTPUT,real,EG3 MP steam condensate enthalpy,EG3 MP steam condensate enthalpy,1,2025-02-27 15:35:19,0,NULL,NULL
1526,Furnace_H_1111_Duty,inferred,NULL,real,Furnace H 1111 Duty,Furnace H 1111 Duty,1,2025-02-27 15:35:19,0,NULL,NULL
1527,Furnace_H_1112_Duty,inferred,NULL,real,Furnace H 1112 Duty,Furnace H 1112 Duty,1,2025-02-27 15:35:19,0,NULL,NULL
1528,Furnace_H_1113_Duty,inferred,NULL,real,Furnace H 1113 Duty,Furnace H 1113 Duty,1,2025-02-27 15:35:19,0,NULL,NULL
1529,Furnace_H_1114_Duty,inferred,NULL,real,Furnace H 1114 Duty,Furnace H 1114 Duty,1,2025-02-27 15:35:19,0,NULL,NULL
1530,Furnace_H_1115_Duty,inferred,NULL,real,Furnace H 1115 Duty,Furnace H 1115 Duty,1,2025-02-27 15:35:19,0,NULL,NULL
1531,Furnace_H_1116_Duty,inferred,NULL,real,Furnace H 1116 Duty,Furnace H 1116 Duty,1,2025-02-27 15:35:19,0,NULL,NULL
1532,Furnace_H_1117_Duty,inferred,NULL,real,Furnace H 1117 Duty,Furnace H 1117 Duty,1,2025-02-27 15:35:19,0,NULL,NULL
1533,Furnace_H_1118_Duty,inferred,NULL,real,Furnace H 1118 Duty,Furnace H 1118 Duty,1,2025-02-27 15:35:19,0,NULL,NULL
1534,Furnace_H_1119_Duty,inferred,NULL,real,Furnace H 1119 Duty,Furnace H 1119 Duty,1,2025-02-27 15:35:19,0,NULL,NULL
1535,Eth_LHV,inferred,NULL,real,Eth LHV,Eth LHV,1,2025-02-27 15:35:19,0,NULL,NULL
1536,Normalised_Fuel_H2,inferred,NULL,real,Normalised Fuel H2,Normalised Fuel H2,1,2025-02-27 15:35:19,0,NULL,NULL
1537,Normalised_Fuel_CH4,inferred,NULL,real,Normalised Fuel CH4,Normalised Fuel CH4,1,2025-02-27 15:35:19,0,NULL,NULL
1538,Normalised_Fuel_C2H4,inferred,NULL,real,Normalised Fuel C2H4,Normalised Fuel C2H4,1,2025-02-27 15:35:19,0,NULL,NULL
1539,Normalised_Fuel_C2H6,inferred,NULL,real,Normalised Fuel C2H6,Normalised Fuel C2H6,1,2025-02-27 15:35:19,0,NULL,NULL
1540,Normalised_Fuel_C3H8,inferred,NULL,real,Normalised Fuel C3H8,Normalised Fuel C3H8,1,2025-02-27 15:35:19,0,NULL,NULL
1541,Sum_of_Off_Gas_Components,inferred,NULL,real,Sum of Off Gas Components,Sum of Off Gas Components,1,2025-02-27 15:35:19,0,NULL,NULL
1542,Fuel_Gas_H2_Concentration,pi,UN.ETH.12AI2206A.PV,real,Fuel Gas H2 Concentration,Fuel Gas H2 Concentration,1,2025-02-27 15:35:19,0,NULL,NULL
1543,Fuel_Gas_CH4_Concentration,pi,UN.ETH.12AI2206B.PV,real,Fuel Gas CH4 Concentration,Fuel Gas CH4 Concentration,1,2025-02-27 15:35:19,0,NULL,NULL
1544,Fuel_Gas_C2H4_Concentration,pi,UN.ETH.12AI2206C.PV,real,Fuel Gas C2H4 Concentration,Fuel Gas C2H4 Concentration,1,2025-02-27 15:35:19,0,NULL,NULL
1545,Fuel_Gas_C2H6_Concentration,pi,UN.ETH.12AI2206D.PV,real,Fuel Gas C2H6 Concentration,Fuel Gas C2H6 Concentration,1,2025-02-27 15:35:19,0,NULL,NULL
1546,Fuel_Gas_C3H8_Concentration,pi,UN.ETH.12AI2206E.PV,real,Fuel Gas C3H8 Concentration,Fuel Gas C3H8 Concentration,1,2025-02-27 15:35:19,0,NULL,NULL
1547,Feed_to_Furnace_H_1111,inferred,NULL,real,Feed to Furnace H 1111,Feed to Furnace H 1111,1,2025-02-27 15:35:19,0,NULL,NULL
1548,Feed_to_Furnace_H_1112,inferred,NULL,real,Feed to Furnace H 1112,Feed to Furnace H 1112,1,2025-02-27 15:35:19,0,NULL,NULL
1549,Feed_to_Furnace_H_1113,inferred,NULL,real,Feed to Furnace H 1113,Feed to Furnace H 1113,1,2025-02-27 15:35:19,0,NULL,NULL
1550,Feed_to_Furnace_H_1114,inferred,NULL,real,Feed to Furnace H 1114,Feed to Furnace H 1114,1,2025-02-27 15:35:19,0,NULL,NULL
1551,Feed_to_Furnace_H_1115,inferred,NULL,real,Feed to Furnace H 1115,Feed to Furnace H 1115,1,2025-02-27 15:35:19,0,NULL,NULL
1552,Feed_to_Furnace_H_1116,inferred,NULL,real,Feed to Furnace H 1116,Feed to Furnace H 1116,1,2025-02-27 15:35:19,0,NULL,NULL
1553,Feed_to_Furnace_H_1117,inferred,NULL,real,Feed to Furnace H 1117,Feed to Furnace H 1117,1,2025-02-27 15:35:19,0,NULL,NULL
1554,Feed_to_Furnace_H_1118,inferred,NULL,real,Feed to Furnace H 1118,Feed to Furnace H 1118,1,2025-02-27 15:35:19,0,NULL,NULL
1555,Feed_to_Furnace_H_1119,inferred,NULL,real,Feed to Furnace H 1119,Feed to Furnace H 1119,1,2025-02-27 15:35:19,0,NULL,NULL
1556,Boiler_A_Duty,inferred,NULL,real,Boiler A Duty,Boiler A Duty,1,2025-02-27 15:35:19,0,NULL,NULL
1557,Boiler_B_Duty,inferred,NULL,real,Boiler B Duty,Boiler B Duty,1,2025-02-27 15:35:19,0,NULL,NULL
1558,Boiler_C_Duty,inferred,NULL,real,Boiler C Duty,Boiler C Duty,1,2025-02-27 15:35:19,0,NULL,NULL
1559,Boiler_D_Duty,inferred,NULL,real,Boiler D Duty,Boiler D Duty,1,2025-02-27 15:35:19,0,NULL,NULL
1560,Boiler_E_Duty,inferred,NULL,real,Boiler E Duty,Boiler E Duty,1,2025-02-27 15:35:19,0,NULL,NULL
1561,Eth_CGC_turbine_Duty,pi,UN.ETH.K-1200.Compressor_Power_PEEO_CALC_OUTPUT,real,Eth CGC turbine Duty,Eth CGC turbine Duty,1,2025-02-27 15:35:19,0,NULL,NULL
1562,Ethane_Feed_Saturator_Duty,pi,UN.ETH.E-1102A.Saturator_Duty_PEEO_CALC_OUTPUT,real,Ethane Feed Saturator Duty,Ethane Feed Saturator Duty,1,2025-02-27 15:35:19,0,NULL,NULL
1563,Turbine_exhaust_pressure,inferred,NULL,real,Turbine exhaust pressure,Turbine exhaust pressure,1,2025-02-27 15:35:19,0,NULL,NULL
1564,Eth_VHP_steam_Enthaphy,inferred,NULL,real,Eth VHP steam Enthaphy,Eth VHP steam Enthaphy,1,2025-02-27 15:35:19,0,NULL,NULL
1565,Eth_HP_steam_Enthalphy,inferred,NULL,real,Eth HP steam Enthalphy,Eth HP steam Enthalphy,1,2025-02-27 15:35:19,0,NULL,NULL
1566,CGC_Condensate_Enthalphy,inferred,NULL,real,CGC Condensate Enthalphy,CGC Condensate Enthalphy,1,2025-02-27 15:35:19,0,NULL,NULL
1567,Eth_LP_steam_saturated_vapor_enthalpy,pi,UN.ETH.LP_Steam_Saturated_Vapor_Enthalpy_EO_CALC_OUTPUT,real,Eth LP steam saturated vapor enthalpy,Eth LP steam saturated vapor enthalpy,1,2025-02-27 15:35:19,0,NULL,NULL
1568,Eth_LP_steam_condensate_enthalpy,pi,UN.ETH.LP_Steam_Condensate_Enthalpy_EO_CALC_OUTPUT,real,Eth LP steam condensate enthalpy,Eth LP steam condensate enthalpy,1,2025-02-27 15:35:19,0,NULL,NULL
1569,CGC_turbine_extraction_steam_pressure,pi,UN.ETH.12PI2130.PV,real,CGC turbine extraction steam pressure,CGC turbine extraction steam pressure,1,2025-02-27 15:35:19,0,NULL,NULL
1570,CGC_turbine_extraction_steam_temp,pi,UN.ETH.12TI2103.PV,real,CGC turbine extraction steam temp,CGC turbine extraction steam temp,1,2025-02-27 15:35:19,0,NULL,NULL
1571,LP_steam_pressure_to_saturator,pi,UN.ETH.11PI1042.PV,real,Chest pressure of E-1102,Chest pressure of E-1102,1,2025-02-27 15:35:19,0,NULL,NULL
1572,Saturator_Tsat,pi,UN.ETH.Saturation_Temperature_EO_CALC_OUTPUT,real,Saturator Tsat,Saturator Tsat,1,2025-02-27 15:35:19,0,NULL,NULL
1573,Turbine_exhaust_pressure_a,pi,UN.ETH.12PI2901A.PV,real,Turbine exhaust pressure a,Turbine exhaust pressure a,1,2025-02-27 15:35:19,0,NULL,NULL
1574,Turbine_exhaust_pressure_b,pi,UN.ETH.12PI2901B.PV,real,Turbine exhaust pressure b,Turbine exhaust pressure b,1,2025-02-27 15:35:19,0,NULL,NULL
1575,Turbine_exhaust_pressure_c,pi,UN.ETH.12PI2901C.PV,real,Turbine exhaust pressure c,Turbine exhaust pressure c,1,2025-02-27 15:35:19,0,NULL,NULL
1576,Turbine_exhaust_pressure_old,pi,UN.ETH.12PI2901.PV,real,Turbine exhaust pressure old,Turbine exhaust pressure old,1,2025-02-27 15:35:19,0,NULL,NULL
1577,BFW_Pump_F_Ampere,inferred,NULL,real,BFW Pump F Ampere,BFW Pump F Ampere,1,2025-02-27 15:35:19,0,NULL,NULL
1578,Cooling_Water_Pump_Header_Pressure,pi,UN.UO.78PI8357.PV,real,Cooling Water Pump Header Pressure,Cooling Water Pump Header Pressure,1,2025-02-27 15:35:19,0,NULL,NULL
1579,Cooling_Water_Pump_A_Design_Discharge_flow,pi,UN.UO.PT-7801A.KEV_Discharge_Flow_EO_CALC_OUTPUT,real,Cooling Water Pump A Design Discharge flow,Cooling Water Pump A Design Discharge flow,1,2025-02-27 15:35:19,0,NULL,NULL
1580,Cooling_Water_Pump_B_Design_Discharge_flow,pi,UN.UO.PT-7801B.KEV_Discharge_Flow_EO_CALC_OUTPUT,real,Cooling Water Pump B Design Discharge flow,Cooling Water Pump B Design Discharge flow,1,2025-02-27 15:35:19,0,NULL,NULL
1581,Cooling_Water_Pump_G_Design_Discharge_flow,pi,UN.UO.PT-7801G.KEV_Discharge_Flow_EO_CALC_OUTPUT,real,Cooling Water Pump G Design Discharge flow,Cooling Water Pump G Design Discharge flow,1,2025-02-27 15:35:19,0,NULL,NULL
1582,EOEG_1_HPS_Demand_raw,pi,UN.EG1.29FI9201.PV,real,EOEG 1 HP Steam Demand,EOEG 1 HP Steam Demand,1,2025-02-28 18:39:14,0,NULL,NULL
1583,EOEG_2_HPS_Demand_raw,pi,UN.EG2.49FI9201.PV,real,EOEG 2 HP Steam Demand,EOEG 2 HP Steam Demand,1,2025-02-28 18:39:14,0,NULL,NULL
1584,EOEG_3_HPS_Demand_raw,pi,UN.EG3.69FI9201.PV,real,EOEG 3 HP Steam Demand,EOEG 3 HP Steam Demand,1,2025-02-28 18:39:14,0,NULL,NULL
1585,EOEG_1_MPS_Demand_raw,pi,UN.EG1.29FI9202.PV,real,EOEG 1 MPS Demand,EOEG 1 MPS Demand,1,2025-02-28 18:39:14,0,NULL,NULL
1586,EOEG_2_MPS_Demand_raw,pi,UN.EG2.49FI9202.PV,real,EOEG 2 MPS Demand,EOEG 2 MPS Demand,1,2025-02-28 18:39:14,0,NULL,NULL
1587,EOEG_3_MPS_Demand_raw,pi,UN.EG3.69FI9208.PV,real,EOEG 3 MPS Demand,EOEG 3 MPS Demand,1,2025-02-28 18:39:14,0,NULL,NULL
1588,EOEG_1_LPS_Demand_raw,pi,UN.EG1.29FI9203.PV,real,EOEG 1 LPS Demand,EOEG 1 LPS Demand,1,2025-02-28 18:39:14,0,NULL,NULL
1589,EOEG_2_LPS_Demand_raw,pi,UN.EG2.49FI9203.PV,real,EOEG 2 LPS Demand,EOEG 2 LPS Demand,1,2025-02-28 18:39:14,0,NULL,NULL
1590,EOEG_3_LPS_Demand_raw,pi,UN.EG3.69FI9209.PV,real,EOEG 3 LPS Demand,EOEG 3 LPS Demand,1,2025-02-28 18:39:14,0,NULL,NULL
1591,EG2_Recycle_Compressor_Power,inferred,NULL,real,EG2 Recycle Compressor Power,EG2 Recycle Compressor Power,1,2025-03-03 15:49:55,0,NULL,NULL
1592,EG3_CLEAN_COND_TO_U_O_raw,pi,UN.EG3.69FI9210.PV,real,EG3 CLEAN COND TO U O,EG3 CLEAN COND TO U O,1,2025-03-04 13:17:25,0,NULL,NULL
1593,EG3_suspect_COND_TO_U_O_raw,pi,UN.EG3.69FI9231.PV,real,EG3 suspect COND TO U O,EG3 suspect COND TO U O,1,2025-03-04 13:17:25,0,NULL,NULL
1594,HP_to_MP_Let_Down_Valve_Opening_PC9207_EG3_raw,pi,UN.EG3.69PV9207.MV,real,HP to MP Let Down Valve Opening PC9207 EG3,HP to MP Let Down Valve Opening PC9207 EG3,1,2025-03-04 13:17:25,0,NULL,NULL
1595,DSP_BFW_TO_EG3_raw,pi,UN.EG3.69FI9216.PV,real,DSP BFW TO EG3,DSP BFW TO EG3,1,2025-03-04 13:17:25,0,NULL,NULL
1596,Venting_Dumping_ub,inferred,NULL,real,Venting Dumping ub,Venting Dumping ub,1,2025-03-04 17:27:18,0,NULL,NULL
1597,BFW_to_EOEG_1_raw,pi,UN.EG1.29FI9205.PV,real,BFW to EOEG 1,BFW to EOEG 1,1,2025-03-07 18:26:53,0,NULL,NULL
1598,BFW_to_EOEG_2_raw,pi,UN.EG2.49FI9205.PV,real,BFW to EOEG 2,BFW to EOEG 2,1,2025-03-07 18:26:53,0,NULL,NULL
1599,EG1_CLEAN_COND_TO_U_O_raw,pi,UN.EG1.29FI9208.PV,real,EG1 CLEAN COND TO U O,EG1 CLEAN COND TO U O,1,2025-03-07 18:26:53,0,NULL,NULL
1600,EG2_CLEAN_COND_TO_U_O_raw,pi,UN.EG2.49FI9208.PV,real,EG2 CLEAN COND TO U O,EG2 CLEAN COND TO U O,1,2025-03-07 18:26:53,0,NULL,NULL
1601,EG1_suspect_COND_TO_U_O_raw,pi,UN.EG1.29FI9209.PV,real,EG1 suspect COND TO U O,EG1 suspect COND TO U O,1,2025-03-07 18:26:53,0,NULL,NULL
1602,EG2_suspect_COND_TO_U_O_raw,pi,UN.EG2.49FI9209.PV,real,EG2 suspect COND TO U O,EG2 suspect COND TO U O,1,2025-03-07 18:26:53,0,NULL,NULL
1603,DSP_BFW_TO_EG1_raw,pi,UN.EG1.29FI9204.PV,real,DSP BFW TO EG1,DSP BFW TO EG1,1,2025-03-07 18:26:54,0,NULL,NULL
1604,DSP_BFW_TO_EG2_raw,pi,UN.EG2.49FI9204.PV,real,DSP BFW TO EG2,DSP BFW TO EG2,1,2025-03-07 18:26:54,0,NULL,NULL
1605,Spec_En_Cons_BLR_1_raw,pi,UN.UO.BO-7101A.Boiler_Specific_Energy_Consumption_In_Gj_PEEO_CALC_OUTPUT,real,Specific Energy Consumption Boiler A,Spec En Cons Boiler A,1,2025-03-10 09:56:42,0,NULL,NULL
1606,Spec_En_Cons_BLR_2_raw,pi,UN.UO.BO-7101B.Boiler_Specific_Energy_Consumption_In_Gj_PEEO_CALC_OUTPUT,real,Specific Energy Consumption Boiler B,Spec En Cons Boiler B,1,2025-03-10 09:56:42,0,NULL,NULL
1607,Spec_En_Cons_BLR_3_raw,pi,UN.UO.BO-7101C.Boiler_Specific_Energy_Consumption_In_Gj_PEEO_CALC_OUTPUT,real,Specific Energy Consumption Boiler C,Spec En Cons Boiler C,1,2025-03-10 09:56:42,0,NULL,NULL
1608,Spec_En_Cons_BLR_4_raw,pi,UN.UO.BO-7101D.Boiler_Specific_Energy_Consumption_In_Gj_PEEO_CALC_OUTPUT,real,Specific Energy Consumption Boiler D,Spec En Cons Boiler D,1,2025-03-10 09:56:42,0,NULL,NULL
1609,Spec_En_Cons_BLR_5_raw,pi,UN.UO.PK-7104E.Boiler_Specific_Energy_Consumption_In_Gj_PEEO_CALC_OUTPUT,real,Specific Energy Consumption Boiler E,Spec En Cons Boiler E,1,2025-03-10 09:56:42,0,NULL,NULL
1610,CW_intial_value,pi,UN.UO.CW_Initial_Value_EO_CALC_OUTPUT,real,CW intial value,CW intial value,1,2025-03-10 12:34:26,0,NULL,NULL
1611,Decoke_check,pi,UN.ETH.17FI7163.PV,real,Plant air to ethylene plant,Plant air to ethylene plant,1,2025-03-10 12:34:26,0,NULL,NULL
1612,Decoke status,inferred,NULL,real,Decoke status,decoke status,0,2025-03-10 12:34:26,0,NULL,NULL
1613,H3831_steam_flow,pi,UN.LAO.38FIC8302A.PV,real,H3831 Oil Flow,H3831 Oil Flow,1,2025-03-10 14:26:47,0,NULL,NULL
1614,H3831_outlet_temp,pi,UN.LAO.38TIC8464.PV,real,H3831 outlet temp,H3831 outlet temp,1,2025-03-10 14:26:47,0,NULL,NULL
1615,H3831_inlet_temp,pi,UN.LAO.38TI8303.PV,real,H3831 inlet temp,H3831 inlet temp,1,2025-03-10 14:26:47,0,NULL,NULL
1616,LP_Steam_Vent_valve_HV9208_Opening_EG3,pi,UN.EG3.69HC9208.MV,real,LP Steam Vent valve HV9208 Opening EG3,LP Steam Vent valve HV9208 Opening EG3,1,2025-03-10 14:26:47,0,NULL,NULL
1617,MP_to_LP_Letdown_Valve_Opening_PV9206B_EG3,pi,UN.EG3.69PV9206B.MV,real,MP to LP Letdown Valve Opening PV9206B EG3,MP to LP Letdown Valve Opening PV9206B EG3,1,2025-03-10 14:26:47,0,NULL,NULL
1618,LP_Steam_Vent_valve_HV9208_Flowout_EG3,inferred,NULL,real,LP Steam Vent valve HV9208 Flowout EG3,LP Steam Vent valve HV9208 Flowout EG3,1,2025-03-10 14:26:47,0,NULL,NULL
1619,MP_to_LP_Letdown_Valve_Flowout_PV9206B_EG3,inferred,NULL,real,MP to LP Letdown Valve Flowout PV9206B EG3,MP to LP Letdown Valve Flowout PV9206B EG3,1,2025-03-10 14:26:47,0,NULL,NULL
1620,AIR_COMPRESSOR_A_Venting_Opening,pi,UN.UO.72FV2094.MV,real,AIR COMPRESSOR A Venting Opening,AIR COMPRESSOR A Venting Opening,1,2025-03-10 14:26:47,0,NULL,NULL
1621,AIR_COMPRESSOR_B_Venting_Opening,pi,UN.UO.72FV2117.MV,real,AIR COMPRESSOR B Venting Opening,AIR COMPRESSOR B Venting Opening,1,2025-03-10 14:26:47,0,NULL,NULL
1622,AIR_COMPRESSOR_C_Venting_Opening,pi,UN.UO.72FV2140.MV,real,AIR COMPRESSOR C Venting Opening,AIR COMPRESSOR C Venting Opening,1,2025-03-10 14:26:47,0,NULL,NULL
1623,AIR_COMPRESSOR_D_Venting_Opening,pi,UN.UO.72FV2163.MV,real,AIR COMPRESSOR D Venting Opening,AIR COMPRESSOR D Venting Opening,1,2025-03-10 14:26:47,0,NULL,NULL
1624,Air_density,inferred,NULL,real,Air density,Air density,1,2025-03-10 14:26:47,0,NULL,NULL
1625,AIR_COMPRESSOR_A_Vent_flow,inferred,NULL,real,AIR COMPRESSOR A Vent flow,AIR COMPRESSOR A Vent flow,1,2025-03-10 14:26:47,0,NULL,NULL
1626,AIR_COMPRESSOR_B_Vent_flow,inferred,NULL,real,AIR COMPRESSOR B Vent flow,AIR COMPRESSOR B Vent flow,1,2025-03-10 14:26:47,0,NULL,NULL
1627,AIR_COMPRESSOR_C_Vent_flow,inferred,NULL,real,AIR COMPRESSOR C Vent flow,AIR COMPRESSOR C Vent flow,1,2025-03-10 14:26:47,0,NULL,NULL
1628,AIR_COMPRESSOR_D_Vent_flow,inferred,NULL,real,AIR COMPRESSOR D Vent flow,AIR COMPRESSOR D Vent flow,1,2025-03-10 14:26:47,0,NULL,NULL
1629,LP_Steam_To_Stripping_Column_Duty_GJ,inferred,NULL,real,LP Steam To Stripping Column Duty GJ,LP Steam To Stripping Column Duty GJ,1,2025-03-10 15:47:39,0,NULL,NULL
1630,LP_Steam_To_Stripping_Column_reboiler_Duty_GJ,inferred,NULL,real,LP Steam To Stripping Column reboiler Duty GJ,LP Steam To Stripping Column reboiler Duty GJ,1,2025-03-10 15:47:39,0,NULL,NULL
1631,LP_steam_to_E_2523_Duty_GJ,inferred,NULL,real,LP steam to E 2523 Duty GJ,LP steam to E 2523 Duty GJ,1,2025-03-10 15:47:39,0,NULL,NULL
1632,LP_steam_flow_to_C_2220_Duty_GJ,inferred,NULL,real,LP steam flow to C 2220 Duty GJ,LP steam flow to C 2220 Duty GJ,1,2025-03-10 15:47:39,0,NULL,NULL
1633,LP_steam_to_E_2220_Duty_GJ,inferred,NULL,real,LP steam to E 2220 Duty GJ,LP steam to E 2220 Duty GJ,1,2025-03-10 15:47:39,0,NULL,NULL
1634,EG1_first_effect_reboiler_Duty_GJ,inferred,NULL,real,EG1 first effect reboiler Duty GJ,EG1 first effect reboiler Duty GJ,1,2025-03-10 15:47:39,0,NULL,NULL
1635,EG1_Drying_column_reboiler_Duty_GJ,inferred,NULL,real,EG1 Drying column reboiler Duty GJ,EG1 Drying column reboiler Duty GJ,1,2025-03-10 15:47:39,0,NULL,NULL
1636,EG1_MEG_column_reboiler_Duty_GJ,inferred,NULL,real,EG1 MEG column reboiler Duty GJ,EG1 MEG column reboiler Duty GJ,1,2025-03-10 15:47:39,0,NULL,NULL
1637,EG2_stripping_column_Duty_GJ,inferred,NULL,real,EG2 stripping column Duty GJ,EG2 stripping column Duty GJ,1,2025-03-10 15:47:39,0,NULL,NULL
1638,EG2_stripping_column_reboiler_Duty_GJ,inferred,NULL,real,EG2 stripping column reboiler Duty GJ,EG2 stripping column reboiler Duty GJ,1,2025-03-10 15:47:39,0,NULL,NULL
1639,EG2_Third_Stage_reactor_feed_heater_Duty_GJ,inferred,NULL,real,EG2 Third Stage reactor feed heater Duty GJ,EG2 Third Stage reactor feed heater Duty GJ,1,2025-03-10 15:47:39,0,NULL,NULL
1640,EG2_Regenerator_feed_flash_drum_Duty_GJ,inferred,NULL,real,EG2 Regenerator feed flash drum Duty GJ,EG2 Regenerator feed flash drum Duty GJ,1,2025-03-10 15:47:39,0,NULL,NULL
1641,EG2_Regeneration_reboiler_Duty_GJ,inferred,NULL,real,EG2 Regeneration reboiler Duty GJ,EG2 Regeneration reboiler Duty GJ,1,2025-03-10 15:47:39,0,NULL,NULL
1642,EG2_first_effect_reboiler_Duty_GJ,inferred,NULL,real,EG2 first effect reboiler Duty GJ,EG2 first effect reboiler Duty GJ,1,2025-03-10 15:47:39,0,NULL,NULL
1643,EG2_Drying_column_reboiler_Duty_GJ,inferred,NULL,real,EG2 Drying column reboiler Duty GJ,EG2 Drying column reboiler Duty GJ,1,2025-03-10 15:47:39,0,NULL,NULL
1644,EG2_MEG_column_reboiler_Duty_GJ,inferred,NULL,real,EG2 MEG column reboiler Duty GJ,EG2 MEG column reboiler Duty GJ,1,2025-03-10 15:47:39,0,NULL,NULL
1645,EG3_Regeneration_reboiler_Duty_GJ,inferred,NULL,real,EG3 Regeneration reboiler Duty GJ,EG3 Regeneration reboiler Duty GJ,1,2025-03-10 15:47:39,0,NULL,NULL
1646,EG3_first_effect_reboiler_Duty_GJ,inferred,NULL,real,EG3 first effect reboiler Duty GJ,EG3 first effect reboiler Duty GJ,1,2025-03-10 15:47:39,0,NULL,NULL
1647,EG3_MEG_column_reboiler_Duty_GJ,inferred,NULL,real,EG3 MEG column reboiler Duty GJ,EG3 MEG column reboiler Duty GJ,1,2025-03-10 15:47:39,0,NULL,NULL
1648,Eth_CGC_turbine_Duty_GJ,inferred,NULL,real,Eth CGC turbine Duty GJ,Eth CGC turbine Duty GJ,1,2025-03-10 15:47:39,0,NULL,NULL
1649,Ethane_Feed_Saturator_Duty_GJ,inferred,NULL,real,Ethane Feed Saturator Duty GJ,Ethane Feed Saturator Duty GJ,1,2025-03-10 15:47:39,0,NULL,NULL
1650,H3831_acual_duty,inferred,NULL,real,H3831 acual duty,H3831 acual duty,1,2025-03-10 15:47:39,0,NULL,NULL
1651,H3831_target_duty,pi,UN.LAO.H-3831.Hot_Oil_Heater_3831_Target_Duty_EO_CALC_OUTPUT,real,H3831 target duty,H3831 target duty,1,2025-03-10 15:47:39,0,NULL,NULL
1652,PK_5020_status,pi,UN.CO2.PK-5020.Wet_Compressor_Status_EO_CALC_OUTPUT,polynomial,PK 5020 status,PK 5020 status,1,2025-03-11 13:57:25,0,NULL,NULL
1653,PK_5070_status,inferred,NULL,real,PK 5070 status,PK 5070 status,1,2025-03-11 13:57:25,0,NULL,NULL
1654,BFW_temp_A,pi,UN.UO.71TI1078.PV,real,BFW temp A,BFW temp A,1,2025-03-11 13:57:25,0,NULL,NULL
1655,LAO_oxygen,pi,UN.LAO.38AI8460.PV,real,LAO Oxygen,LAO Oxygen,1,2025-03-12 13:39:54,0,NULL,NULL
1656,Total_Furnace_fuel,inferred,NULL,real,Total Furnace fuel,Total Furnace fuel,1,2025-03-12 13:39:54,0,NULL,NULL
1657,Optimized_fuel_H1111,inferred,NULL,real,Optimized fuel H1111,Optimized_fuel_H1111,1,2025-03-12 13:39:54,0,NULL,NULL
1658,Optimized_fuel_H1112,inferred,NULL,real,Optimized fuel H1112,Optimized_fuel_H1112,1,2025-03-12 13:39:54,0,NULL,NULL
1659,Optimized_fuel_H1113,inferred,NULL,real,Optimized fuel H1113,Optimized_fuel_H1113,1,2025-03-12 13:39:54,0,NULL,NULL
1660,Optimized_fuel_H1114,inferred,NULL,real,Optimized fuel H1114,Optimized_fuel_H1114,1,2025-03-12 13:39:54,0,NULL,NULL
1661,Optimized_fuel_H1115,inferred,NULL,real,Optimized fuel H1115,Optimized_fuel_H1115,1,2025-03-12 13:39:54,0,NULL,NULL
1662,Optimized_fuel_H1116,inferred,NULL,real,Optimized fuel H1116,Optimized_fuel_H1116,1,2025-03-12 13:39:54,0,NULL,NULL
1663,Optimized_fuel_H1117,inferred,NULL,real,Optimized fuel H1117,Optimized_fuel_H1117,1,2025-03-12 13:39:54,0,NULL,NULL
1664,Optimized_fuel_H1118,inferred,NULL,real,Optimized fuel H1118,Optimized_fuel_H1118,1,2025-03-12 13:39:54,0,NULL,NULL
1665,Optimized_fuel_H1119,inferred,NULL,real,Optimized fuel H1119,Optimized_fuel_H1119,1,2025-03-12 13:39:54,0,NULL,NULL
1666,Total_Furnace_fuel_min,inferred,NULL,real,Total Furnace fuel min,Total_Furnace_fuel_min,1,2025-03-12 13:39:54,0,NULL,NULL
1667,FUEL_GAS_From_UO_to_ETH_Adjusted,inferred,NULL,real,FUEL GAS From UO to ETH Adjusted,FUEL_GAS_From_UO_to_ETH_Adjusted,1,2025-03-12 13:39:54,0,NULL,NULL
1668,FUEL_GAS_From_UO_to_LAO_A,pi,UN.LAO.38FI8108.PV,real,FUEL GAS From UO to LAO A,FUEL_GAS_From_UO_to_LAO_A,1,2025-03-12 13:39:54,0,NULL,NULL
1669,FUEL_GAS_From_UO_to_LAO_B,pi,UN.LAO.38FIC8109.PV,real,FUEL GAS From UO to LAO B,FUEL_GAS_From_UO_to_LAO_B,1,2025-03-12 13:39:54,0,NULL,NULL
1670,FUEL_GAS_From_UO_to_LAO_Opt,pi,UN.LAO.Fuel_Gas_From_Utility_to_Optimum_EO_CALC_OUTPUT,real,FUEL GAS From UO to LAO Opt,FUEL_GAS_From_UO_to_LAO_Opt,1,2025-03-12 13:39:54,0,NULL,NULL
1671,FUEL_GAS_From_UO_to_LAO_Adjusted,inferred,NULL,real,FUEL GAS From UO to LAO Adjusted,FUEL_GAS_From_UO_to_LAO_Adjusted,1,2025-03-12 13:39:54,0,NULL,NULL
1672,AC_A_UB_DL,inferred,NULL,real,AC A UB DL,AC A UB DL,0,2025-03-12 14:48:47,0,NULL,NULL
1673,AC_B_UB_DL,inferred,NULL,real,AC B UB DL,AC B UB DL,0,2025-03-12 14:48:47,0,NULL,NULL
1674,AC_C_UB_DL,inferred,NULL,real,AC C UB DL,AC C UB DL,0,2025-03-12 14:48:47,0,NULL,NULL
1675,AC_D_UB_DL,inferred,NULL,real,AC D UB DL,AC D UB DL,0,2025-03-12 14:48:47,0,NULL,NULL
1676,Air_Compressor_Turbine_A_Steam_param,inferred,NULL,real,Air Compressor Turbine A Steam param,Air Compressor Turbine A Steam param,1,2025-03-12 14:48:47,0,NULL,NULL
1677,Air_Compressor_Turbine_D_Steam_param,inferred,NULL,real,Air Compressor Turbine D Steam param,Air Compressor Turbine D Steam param,1,2025-03-12 14:48:47,0,NULL,NULL
1678,Air_Compressor_Motor_C_Power_param,inferred,NULL,real,Air Compressor Motor C Power param,Air Compressor Motor C Power param,1,2025-03-12 14:48:47,0,NULL,NULL
1679,Air_Compressor_Motor_B_Power_param,inferred,NULL,real,Air Compressor Motor B Power param,Air Compressor Motor B Power param,1,2025-03-12 14:48:47,0,NULL,NULL
1680,ETH_LPS_Demand_raw,pi,UN.UO.17FI7065,real,ETH LPS Demand,ETH LPS Demand,1,2025-03-12 15:34:27,0,NULL,NULL
1681,ETH_CLEAN_COND_TO_U_O_raw,pi,UN.ETH.17FI7067.PV,real,ETH CLEAN COND TO U O,ETH CLEAN COND TO U O,1,2025-03-12 15:34:28,0,NULL,NULL
1682,ETH_suspect_COND_TO_U_O_raw,pi,UN.ETH.17FI7066.PV,real,ETH suspect COND TO U O,ETH suspect COND TO U O,1,2025-03-12 15:34:28,0,NULL,NULL
1683,DSP_BFW_TO_ETH_raw,pi,UN.ETH.17FI7160.PV,real,DSP BFW TO ETH,DSP BFW TO ETH,1,2025-03-12 15:34:28,0,NULL,NULL
1684,FUEL_GAS_From_UO_to_ETH_raw,pi,UN.ETH.17FI7161.PV,real,FUEL GAS From UO to ETH,FUEL GAS From UO to ETH,1,2025-03-12 15:34:28,0,NULL,NULL
1685,Decoke_status,inferred,NULL,real,Decoke status,decoke status,1,2025-03-12 17:23:37,0,NULL,NULL
1686,Air_Compressor_A_Steam_Reduction,inferred,NULL,real,Air Compressor A Steam Reduction,Air Compressor A Steam Reduction,1,2025-03-13 09:32:05,0,NULL,NULL
1687,Air_Compressor_B_Power_Reduction,inferred,NULL,real,Air Compressor B Power Reduction,Air Compressor B Power Reduction,1,2025-03-13 09:32:05,0,NULL,NULL
1688,Air_Compressor_C_Power_Reduction,inferred,NULL,real,Air Compressor C Power Reduction,Air Compressor C Power Reduction,1,2025-03-13 09:32:05,0,NULL,NULL
1689,Air_Compressor_D_Steam_Reduction,inferred,NULL,real,Air Compressor D Steam Reduction,Air Compressor D Steam Reduction,1,2025-03-13 09:32:05,0,NULL,NULL
1690,Air_Compressor_A_Vent_Cost,inferred,NULL,real,Air Compressor A Vent Cost,Air Compressor A Vent Cost,1,2025-03-13 09:32:05,0,NULL,NULL
1691,Air_Compressor_B_Vent_Cost,inferred,NULL,real,Air Compressor B Vent Cost,Air Compressor B Vent Cost,1,2025-03-13 09:32:05,0,NULL,NULL
1692,Air_Compressor_C_Vent_Cost,inferred,NULL,real,Air Compressor C Vent Cost,Air Compressor C Vent Cost,1,2025-03-13 09:32:05,0,NULL,NULL
1693,Air_Compressor_D_Vent_Cost,inferred,NULL,real,Air Compressor D Vent Cost,Air Compressor D Vent Cost,1,2025-03-13 09:32:05,0,NULL,NULL
1694,CW_TO_UTILITIES_raw,pi,UN.UO.70FI0002.PV,real,CW TO UTILITIES,CW TO UTILITIES,1,2025-03-13 14:46:23,0,NULL,NULL
1695,CW_TO_LAO_raw,pi,UN.LAO.39FI9301.PV,real,CW TO LAO,CW TO LAO,1,2025-03-13 14:46:23,0,NULL,NULL
1696,Total_Air_Demand_Adjusted,inferred,NULL,real,Total Air Demand Adjusted,Total Air Demand Adjusted,1,2025-03-13 14:46:43,0,NULL,NULL
1697,Total_Fuel_Consumption_without_Boilers_Adjusted,inferred,NULL,real,Total Fuel Consumption without Boilers Adjusted,Total_Fuel_Consumption_without_Boilers_Adjusted,1,2025-03-15 09:24:40,0,NULL,NULL
1698,EG3_Recycle_Compressor_Current,pi,UN.EG3.61XII1871.PV,real,EG3 Recycle Compressor Current,EG3 Recycle Compressor Current,1,2025-03-15 14:25:46,0,NULL,NULL
1699,EOEG_1_HPS_Demand_benifit,inferred,NULL,real,EOEG 1 HPS Demand benifit,EOEG_1_HPS_Demand_benifit,1,2025-03-16 16:17:06,0,NULL,NULL
1700,EOEG_2_HPS_Demand_benifit,inferred,NULL,real,EOEG 2 HPS Demand benifit,EOEG_2_HPS_Demand_benifit,1,2025-03-16 16:17:06,0,NULL,NULL
1701,EOEG_3_HPS_Demand_benifit,inferred,NULL,real,EOEG 3 HPS Demand benifit,EOEG_3_HPS_Demand_benifit,1,2025-03-16 16:17:06,0,NULL,NULL
1702,ETH_HPS_Demand_benifit,inferred,NULL,real,ETH HPS Demand benifit,ETH_HPS_Demand_benifit,1,2025-03-16 16:17:06,0,NULL,NULL
1703,EOEG_1_LPS_Demand_benifit,inferred,NULL,real,EOEG 1 LPS Demand benifit,EOEG_1_LPS_Demand_benifit,1,2025-03-16 16:17:06,0,NULL,NULL
1704,EOEG_2_LPS_Demand_benifit,inferred,NULL,real,EOEG 2 LPS Demand benifit,EOEG_2_LPS_Demand_benifit,1,2025-03-16 16:17:06,0,NULL,NULL
1705,EOEG_3_LPS_Demand_benifit,inferred,NULL,real,EOEG 3 LPS Demand benifit,EOEG_3_LPS_Demand_benifit,1,2025-03-16 16:17:06,0,NULL,NULL
1706,LAO_LP_Steam_Demand_benifit,inferred,NULL,real,LAO LP Steam Demand benifit,LAO_LP_Steam_Demand_benifit,1,2025-03-16 16:17:06,0,NULL,NULL
1707,ETH_LPS_Demand_benifit,inferred,NULL,real,ETH LPS Demand benifit,ETH_LPS_Demand_benifit,1,2025-03-16 16:17:06,0,NULL,NULL
1708,EOEG_1_MPS_Demand_benifit,inferred,NULL,real,EOEG 1 MPS Demand benifit,EOEG_1_MPS_Demand_benifit,1,2025-03-16 16:17:06,0,NULL,NULL
1709,EOEG_2_MPS_Demand_benifit,inferred,NULL,real,EOEG 2 MPS Demand benifit,EOEG_2_MPS_Demand_benifit,1,2025-03-16 16:17:06,0,NULL,NULL
1710,EOEG_3_MPS_Demand_benifit,inferred,NULL,real,EOEG 3 MPS Demand benifit,EOEG_3_MPS_Demand_benifit,1,2025-03-16 16:17:06,0,NULL,NULL
1711,BFW_to_EOEG_1_benifit,inferred,NULL,real,BFW to EOEG 1 benifit,BFW_to_EOEG_1_benifit,1,2025-03-16 16:17:06,0,NULL,NULL
1712,BFW_to_EOEG_2_benifit,inferred,NULL,real,BFW to EOEG 2 benifit,BFW_to_EOEG_2_benifit,1,2025-03-16 16:17:06,0,NULL,NULL
1713,BFW_to_EOEG_3_benifit,inferred,NULL,real,BFW to EOEG 3 benifit,BFW_to_EOEG_3_benifit,1,2025-03-16 16:17:06,0,NULL,NULL
1714,BFW_TO_LAO_benifit,inferred,NULL,real,BFW TO LAO benifit,BFW_TO_LAO_benifit,1,2025-03-16 16:17:06,0,NULL,NULL
1715,VHP_BFW_to_ETH_benifit,inferred,NULL,real,VHP BFW to ETH benifit,VHP_BFW_to_ETH_benifit,1,2025-03-16 16:17:06,0,NULL,NULL
1716,CW_TO_ETH_benifit,inferred,NULL,real,CW TO ETH benifit,CW_TO_ETH_benifit,1,2025-03-16 16:17:06,0,NULL,NULL
1717,CW_TO_EG1_benifit,inferred,NULL,real,CW TO EG1 benifit,CW_TO_EG1_benifit,1,2025-03-16 16:17:06,0,NULL,NULL
1718,CW_TO_EG2_benifit,inferred,NULL,real,CW TO EG2 benifit,CW_TO_EG2_benifit,1,2025-03-16 16:17:06,0,NULL,NULL
1719,CW_TO_LAO_benifit,inferred,NULL,real,CW TO LAO benifit,CW_TO_LAO_benifit,1,2025-03-16 16:17:06,0,NULL,NULL
1720,CW_TO_UTILITIES_benifit,inferred,NULL,real,CW TO UTILITIES benifit,CW_TO_UTILITIES_benifit,1,2025-03-16 16:17:06,0,NULL,NULL
1721,Total_Air_Demand_benifit,inferred,NULL,real,Total Air Demand benifit,Total_Air_Demand_benifit,1,2025-03-16 16:17:06,0,NULL,NULL
1722,FUEL_GAS_From_UO_to_ETH_benifit,inferred,NULL,real,FUEL GAS From UO to ETH benifit,FUEL_GAS_From_UO_to_ETH_benifit,1,2025-03-16 16:17:06,0,NULL,NULL
1723,FUEL_GAS_From_UO_to_LAO_benifit,inferred,NULL,real,FUEL GAS From UO to LAO benifit,FUEL_GAS_From_UO_to_LAO_benifit,1,2025-03-16 16:17:06,0,NULL,NULL
1724,Total_Fuel_for_Boilers_benifit,inferred,NULL,real,Total Fuel for Boilers benifit,Total_Fuel_for_Boilers_benifit,1,2025-03-16 16:17:06,0,NULL,NULL
1725,Total_Fuel_Supply_benifit,inferred,NULL,real,Total Fuel Supply benifit,Total_Fuel_Supply_benifit,1,2025-03-16 16:17:06,0,NULL,NULL
1726,CWS_Supply_Temperature,pi,UN.ETH.17TI7000.PV,real,CWS Supply Temp,CWS Supply Temp,1,2025-03-17 11:17:11,0,NULL,NULL
1727,CWS_Return_Temperature,pi,UN.UO.78TI8146.PV,real,CW Circuit 1 supply temp,CW Circuit 1 supply temp,1,2025-03-17 11:17:11,0,NULL,NULL
1728,Sea_Water_Conductivity,pi,UN.UO.78AC8007.PV,real,Sea water Conductivity,Sea water Conductivity,1,2025-03-17 11:17:11,0,NULL,NULL
1729,Seawater_Blowdown_CT_7801,pi,UN.UO.78FC8010.PV,real,Sea water Blowdown CT 1,Sea water Blowdown CT 1,1,2025-03-17 11:17:11,0,NULL,NULL
1730,Cold_Seawater_Blowdown_CT_7801,pi,UN.UO.78FI8220.PV,real,Additional Sea water Blowdown CT 1,Additional Sea water Blowdown CT 1,1,2025-03-17 11:17:11,0,NULL,NULL
1731,Cold_Seawater_Blowdown_CT_2,pi,UN.UO.78FI8601,real,Cold sea water Blowdown CT 2,Cold sea water Blowdown CT 2,0,2025-03-17 11:17:11,0,NULL,NULL
1732,Hot_Seawater_Blowdown_CT_7802,pi,UN.UO.78FI8219.PV,real,Sea water Blowdown CT 2,Sea water Blowdown CT 2,1,2025-03-17 11:17:11,0,NULL,NULL
1733,New_Cold_Seawater_Blowdown_CT_7802,pi,UN.UO.78FI8218.PV,real,New Cold sea water blowdown CT 2,New Cold sea water blowdown CT 2,1,2025-03-17 11:17:11,0,NULL,NULL
1734,Seawater_Return_to_CT_1,pi,UN.UO.78FI8016.PV,real,Sea water circulation conductivity,Sea water circulation conductivity,1,2025-03-17 11:17:11,0,NULL,NULL
1735,Seawater_Blowdown_from_CT_7801,pi,UN.UO.Seawater_Blowdown_from_Cooling_Tower_A_EO_CALC_OUTPUT,real,Seawater Blowdown from CT 7801,Seawater Blowdown from CT 7801,1,2025-03-17 11:17:11,0,NULL,NULL
1737,seec_taget,inferred,NULL,real,seec taget,seec_taget,1,2025-03-17 12:31:40,0,NULL,NULL
1738,seec_enpi,inferred,NULL,real,seec enpi,seec_enpi,1,2025-03-17 12:31:40,0,NULL,NULL
1739,seec_actual,inferred,NULL,real,seec actual,seec_actual,1,2025-03-17 12:31:40,0,NULL,NULL
1740,Cold_Seawater_Blowdown_CT_7802,pi,UN.UO.78FI8601,real,Cold sea water Blowdown CT 2,Cold sea water Blowdown CT 2,0,2025-03-17 13:45:34,0,NULL,NULL
1745,Cool_Seawater_Blowdown_CT_7802,pi,UN.UO.78FI8601,real,Cold sea water Blowdown CT 2,Cold sea water Blowdown CT 2,1,2025-03-17 14:07:02,0,NULL,NULL
1746,Seawater_Blowdown_from_CT_7802,pi,UN.UO.Seawater_Blowdown_from_Cooling_Tower_B_EO_CALC_OUTPUT,real,Seawater Blowdown from CT 7802,Seawater Blowdown from CT 7802,1,2025-03-17 14:27:10,0,NULL,NULL
1747,Seawater_Return_to_CT_7802,pi,UN.UO.78FI8214.PV,real,Seawater Return to CT 7802,Seawater Return to CT 7802,1,2025-03-18 07:46:39,0,NULL,NULL
1748,Bearing_Temperature_PM_7814A,pi,UN.UO.78TI8776A.PV,real,Bearing Temperature PM 7814A,Bearing Temperature PM 7814A,1,2025-03-18 07:46:39,0,NULL,NULL
1749,Bearing_Temperature_PM_7814B,pi,UN.UO.78TI8776B.PV,real,Bearing Temperature PM 7814B,Bearing Temperature PM 7814B,1,2025-03-18 07:46:39,0,NULL,NULL
1750,Bearing_Temperature_PM_7814C,pi,UN.UO.78TI8776C.PV,real,Bearing Temperature PM 7814C,Bearing Temperature PM 7814C,1,2025-03-18 07:46:39,0,NULL,NULL
1751,CW_Motor_7814A_Status,pi,UN.UO.PM-7814A.CW_Motor_7814A_Status_EO_CALC_OUTPUT,polynomial,CW Motor 7814A Status,CW Motor 7814A Status,1,2025-03-18 07:46:39,0,NULL,NULL
1752,CW_Motor_7814B_Status,pi,UN.UO.PM-7814B.CW_Motor_7814B_Status_EO_CALC_OUTPUT,polynomial,CW Motor 7814B Status,CW Motor 7814B Status,1,2025-03-18 07:46:39,0,NULL,NULL
1753,CW_Motor_7814C_Status,pi,UN.UO.PM-7814C.CW_Motor_7814C_Status_EO_CALC_OUTPUT,polynomial,CW Motor 7814C Status,CW Motor 7814C Status,1,2025-03-18 07:46:39,0,NULL,NULL
1754,Total_CW_Motors_Header_2_Running,inferred,NULL,real,Total CW Motors Header 2 Running,Total CW Motors Header 2 Running,1,2025-03-18 07:46:39,0,NULL,NULL
1755,CW_Header_2_Pressure,pi,UN.UO.78PI8502.PV,real,CW Header 2 Pressure,CW Header 2 Pressure,1,2025-03-18 07:46:39,0,NULL,NULL
1756,CW_Demand_Header_2,inferred,NULL,real,CW Demand (HDR 2),CW Demand (HDR 2),1,2025-03-18 07:46:39,0,NULL,NULL
1757,Percentage_Blowdown_CT_7801,pi,UN.UO.Percentage_Blowdown_Cooling_Tower_A_EO_CALC_OUTPUT,real,Percentage Blowdown CT 7801,Percentage Blowdown CT 7801,1,2025-03-18 07:46:39,0,NULL,NULL
1758,Percentage_Blowdown_CT_7802,pi,UN.UO.Percentage_Blowdown_Cooling_Tower_B_EO_CALC_OUTPUT,real,Percentage Blowdown CT 7802,Percentage Blowdown CT 7802,1,2025-03-18 07:46:39,0,NULL,NULL
1759,CW_TO_CO2,inferred,NULL,real,CW TO CO2,CW TO CO2,1,2025-03-18 07:46:39,0,NULL,NULL
1760,Plant_HP_Steam_Demand,inferred,NULL,real,Plant HP Steam Demand,Plant HP Steam Demand,1,2025-03-18 17:38:21,0,NULL,NULL
1761,Plant_MP_Steam_Demand,inferred,NULL,real,Plant MP Steam Demand,Plant MP Steam Demand,1,2025-03-18 17:38:21,0,NULL,NULL
1762,Plant_LP_Steam_Demand,inferred,NULL,real,Plant LP Steam Demand,Plant LP Steam Demand,1,2025-03-18 17:38:21,0,NULL,NULL
1763,Plant_BFW_Demand,inferred,NULL,real,Plant BFW Demand,Plant BFW Demand,1,2025-03-18 17:38:21,0,NULL,NULL
1764,excess_o2,inferred,NULL,real,excess o2,excess o2,1,2025-03-18 18:43:39,0,NULL,NULL
1765,EG1_MP_to_E_2531_Adjusted,inferred,NULL,real,EG1 MP to E 2531 Adjusted,EG1_MP_to_E_2531_Adjusted,1,2025-03-20 09:32:55,0,NULL,NULL
1766,EG1_MP_to_E_2610_Adjusted,inferred,NULL,real,EG1 MP to E 2610 Adjusted,EG1_MP_to_E_2610_Adjusted,1,2025-03-20 09:32:55,0,NULL,NULL
1767,EG1_MP_to_E_2620_Adjusted,inferred,NULL,real,EG1 MP to E 2620 Adjusted,EG1_MP_to_E_2620_Adjusted,1,2025-03-20 09:32:55,0,NULL,NULL
1768,EOEG_1_MPS_Demand_delta,inferred,NULL,real,EOEG 1 MPS Demand delta,EOEG_1_MPS_Demand_delta,1,2025-03-20 09:32:55,0,NULL,NULL
1769,EOEG_1_MPS_Demand_Adjusted,inferred,NULL,real,EOEG 1 MPS Demand Adjusted,EOEG_1_MPS_Demand_Adjusted,1,2025-03-20 09:32:55,0,NULL,NULL
1770,EG1_LP_to_E_2220_Adjusted,inferred,NULL,real,EG1 LP to E 2220 Adjusted,EG1_LP_to_E_2220_Adjusted,1,2025-03-20 09:32:55,0,NULL,NULL
1771,EG1_LP_to_C_2220_Adjusted,inferred,NULL,real,EG1 LP to C 2220 Adjusted,EG1_LP_to_C_2220_Adjusted,1,2025-03-20 09:32:55,0,NULL,NULL
1772,EG1_LP_to_C_2310_Adjusted,inferred,NULL,real,EG1 LP to C 2310 Adjusted,EG1_LP_to_C_2310_Adjusted,1,2025-03-20 09:32:55,0,NULL,NULL
1773,EG1_LP_to_E_2310_Adjusted,inferred,NULL,real,EG1 LP to E 2310 Adjusted,EG1_LP_to_E_2310_Adjusted,1,2025-03-20 09:32:55,0,NULL,NULL
1774,EG1_LP_to_E_2523_Adjusted,inferred,NULL,real,EG1 LP to E 2523 Adjusted,EG1_LP_to_E_2523_Adjusted,1,2025-03-20 09:32:55,0,NULL,NULL
1775,EOEG_1_LPS_Demand_delta,inferred,NULL,real,EOEG 1 LPS Demand delta,EOEG_1_LPS_Demand_delta,1,2025-03-20 09:32:55,0,NULL,NULL
1776,EOEG_1_LPS_Demand_Adjusted,inferred,NULL,real,EOEG 1 LPS Demand Adjusted,EOEG_1_LPS_Demand_Adjusted,1,2025-03-20 09:32:55,0,NULL,NULL
1777,EG2_MP_to_E_4610_Adjusted,inferred,NULL,real,EG2 MP to E 4610 Adjusted,EG2_MP_to_E_4610_Adjusted,1,2025-03-20 09:32:55,0,NULL,NULL
1778,EG2_MP_to_E_4620_Adjusted,inferred,NULL,real,EG2 MP to E 4620 Adjusted,EG2_MP_to_E_4620_Adjusted,1,2025-03-20 09:32:55,0,NULL,NULL
1779,EG2_MP_to_E_4531_Adjusted,inferred,NULL,real,EG2 MP to E 4531 Adjusted,EG2_MP_to_E_4531_Adjusted,1,2025-03-20 09:32:55,0,NULL,NULL
1780,EOEG_2_MPS_Demand_delta,inferred,NULL,real,EOEG 2 MPS Demand delta,EOEG_2_MPS_Demand_delta,1,2025-03-20 09:32:55,0,NULL,NULL
1781,EOEG_2_MPS_Demand_Adjusted,inferred,NULL,real,EOEG 2 MPS Demand Adjusted,EOEG_2_MPS_Demand_Adjusted,1,2025-03-20 09:32:55,0,NULL,NULL
1782,EG2_LP_to_E_4220_Adjusted,inferred,NULL,real,EG2 LP to E 4220 Adjusted,EG2_LP_to_E_4220_Adjusted,1,2025-03-20 09:32:55,0,NULL,NULL
1783,EG2_LP_to_C_4220_Adjusted,inferred,NULL,real,EG2 LP to C 4220 Adjusted,EG2_LP_to_C_4220_Adjusted,1,2025-03-20 09:32:55,0,NULL,NULL
1784,EG2_LP_to_C_4310_Adjusted,inferred,NULL,real,EG2 LP to C 4310 Adjusted,EG2_LP_to_C_4310_Adjusted,1,2025-03-20 09:32:55,0,NULL,NULL
1785,EG2_LP_to_E_4310_Adjusted,inferred,NULL,real,EG2 LP to E 4310 Adjusted,EG2_LP_to_E_4310_Adjusted,1,2025-03-20 09:32:55,0,NULL,NULL
1786,EG2_LP_to_E_4523_Adjusted,inferred,NULL,real,EG2 LP to E 4523 Adjusted,EG2_LP_to_E_4523_Adjusted,1,2025-03-20 09:32:55,0,NULL,NULL
1787,EOEG_2_LPS_Demand_delta,inferred,NULL,real,EOEG 2 LPS Demand delta,EOEG_2_LPS_Demand_delta,1,2025-03-20 09:32:55,0,NULL,NULL
1788,EOEG_2_LPS_Demand_Adjusted,inferred,NULL,real,EOEG 2 LPS Demand Adjusted,EOEG_2_LPS_Demand_Adjusted,1,2025-03-20 09:32:55,0,NULL,NULL
1789,EG3_MP_to_E_6610_Adjusted,inferred,NULL,real,EG3 MP to E 6610 Adjusted,EG3_MP_to_E_6610_Adjusted,1,2025-03-20 09:32:55,0,NULL,NULL
1790,EG3_MP_to_E_6620_Adjusted,inferred,NULL,real,EG3 MP to E 6620 Adjusted,EG3_MP_to_E_6620_Adjusted,1,2025-03-20 09:32:55,0,NULL,NULL
1791,EG3_MP_to_E_6531_Adjusted,inferred,NULL,real,EG3 MP to E 6531 Adjusted,EG3_MP_to_E_6531_Adjusted,1,2025-03-20 09:32:55,0,NULL,NULL
1792,EOEG_3_MPS_Demand_delta,inferred,NULL,real,EOEG 3 MPS Demand delta,EOEG_3_MPS_Demand_delta,1,2025-03-20 09:32:55,0,NULL,NULL
1793,EOEG_3_MPS_Demand_Adjusted,inferred,NULL,real,EOEG 3 MPS Demand Adjusted,EOEG_3_MPS_Demand_Adjusted,1,2025-03-20 09:32:55,0,NULL,NULL
1794,EG3_LP_to_E_6220_Adjusted,inferred,NULL,real,EG3 LP to E 6220 Adjusted,EG3_LP_to_E_6220_Adjusted,1,2025-03-20 09:32:55,0,NULL,NULL
1795,EG3_LP_to_C_6220_Adjusted,inferred,NULL,real,EG3 LP to C 6220 Adjusted,EG3_LP_to_C_6220_Adjusted,1,2025-03-20 09:32:55,0,NULL,NULL
1796,EG3_LP_to_C_6310_Adjusted,inferred,NULL,real,EG3 LP to C 6310 Adjusted,EG3_LP_to_C_6310_Adjusted,1,2025-03-20 09:32:55,0,NULL,NULL
1797,EG3_LP_to_E_6310_Adjusted,inferred,NULL,real,EG3 LP to E 6310 Adjusted,EG3_LP_to_E_6310_Adjusted,1,2025-03-20 09:32:55,0,NULL,NULL
1798,EG3_LP_to_E_6523_Adjusted,inferred,NULL,real,EG3 LP to E 6523 Adjusted,EG3_LP_to_E_6523_Adjusted,1,2025-03-20 09:32:55,0,NULL,NULL
1799,EOEG_3_LPS_Demand_delta,inferred,NULL,real,EOEG 3 LPS Demand delta,EOEG_3_LPS_Demand_delta,1,2025-03-20 09:32:55,0,NULL,NULL
1800,EOEG_3_LPS_Demand_Adjusted,inferred,NULL,real,EOEG 3 LPS Demand Adjusted,EOEG_3_LPS_Demand_Adjusted,1,2025-03-20 09:32:55,0,NULL,NULL
1801,HP_Steam_from_CGC_Extraction_Adjusted,inferred,NULL,real,HP Steam from CGC Extraction Adjusted,HP_Steam_from_CGC_Extraction_Adjusted,1,2025-03-20 09:32:55,0,NULL,NULL
1802,Ethane_feed_saturator_inlet_steam_flow_Adjusted,inferred,NULL,real,Ethane feed saturator inlet steam flow Adjusted,Ethane_feed_saturator_inlet_steam_flow_Adjusted,1,2025-03-20 09:32:55,0,NULL,NULL
1803,ETH_HPS_Demand_delta_2,inferred,NULL,real,ETH HPS Demand delta,ETH_HPS_Demand_delta,0,2025-03-20 09:32:55,0,NULL,NULL
1804,ETH_HPS_Demand_2_Adjusted,inferred,NULL,real,ETH HPS Demand Adjusted,ETH_HPS_Demand_Adjusted,0,2025-03-20 09:32:55,0,NULL,NULL
1805,Spec_En_Cons_BLR_1_param,pi,UN.UO.BO-7101A.Specific_Energy_Consumption_Parameter_EO_CALC_OUTPUT,real,Spec En Cons Boiler A Adjusted,Spec_En_Cons_BLR_1_Adjusted,1,2025-03-20 09:32:55,0,NULL,NULL
1806,Spec_En_Cons_BLR_2_param,pi,UN.UO.BO-7101B.Specific_Energy_Consumption_Parameter_EO_CALC_OUTPUT,real,Spec En Cons Boiler B Adjusted,Spec_En_Cons_BLR_2_Adjusted,1,2025-03-20 09:32:55,0,NULL,NULL
1807,Spec_En_Cons_BLR_3_param,pi,UN.UO.BO-7101C.Specific_Energy_Consumption_Parameter_EO_CALC_OUTPUT,real,Spec En Cons Boiler C Adjusted,Spec_En_Cons_BLR_3_Adjusted,1,2025-03-20 09:32:55,0,NULL,NULL
1808,Spec_En_Cons_BLR_4_param,pi,UN.UO.BO-7101D.Specific_Energy_Consumption_Parameter_EO_CALC_OUTPUT,real,Spec En Cons Boiler D Adjusted,Spec_En_Cons_BLR_4_Adjusted,1,2025-03-20 09:32:55,0,NULL,NULL
1809,Spec_En_Cons_BLR_5_param,pi,UN.UO.PK-7104E.Specific_Energy_Consumption_Parameter_EO_CALC_OUTPUT,real,Spec En Cons Boiler E Adjusted,Spec_En_Cons_BLR_5_Adjusted,1,2025-03-20 09:32:55,0,NULL,NULL
1810,Air_KPI_doller,inferred,NULL,real,Compressed Air,Cost of compressed air in $/Nm3,1,2025-03-20 18:20:37,0,NULL,NULL
1811,Total_CW_Demand_including_EG3,inferred,NULL,real,Total CW Demand including EG3,Toal CW demand,1,2025-03-20 18:20:37,0,NULL,NULL
1812,CW_KPI_doller,inferred,NULL,real,Cooling Water cost per 1000 m3,Cooling Water cost per 1000 m3,1,2025-03-20 18:20:37,0,NULL,NULL
1813,Shaft_loss_KPI,inferred,NULL,real,Shaft losses,Shaft losses through letdown valves,1,2025-03-20 18:20:37,0,NULL,NULL
1814,Total_BFW_Consumption_init,inferred,NULL,real,Total BFW Consumption init,Total BFW Consumption init,0,2025-03-25 10:39:58,0,NULL,NULL
1815,Return_Condensate_init,inferred,NULL,real,Return Condensate init,Return Condensate init,0,2025-03-25 10:39:58,0,NULL,NULL
1816,DMW_Makeup_actual_init,inferred,NULL,real,DMW Makeup actual init,DMW Makeup actual init,0,2025-03-25 10:39:58,0,NULL,NULL
1817,Plant_HP_Steam_Demand_Benefit,inferred,NULL,real,Plant HP Steam Demand Benefit,Plant HP Steam Demand Benefit,1,2025-03-25 10:39:58,0,NULL,NULL
1818,Plant_MP_Steam_Demand_Benefit,inferred,NULL,real,Plant MP Steam Demand Benefit,Plant MP Steam Demand Benefit,1,2025-03-25 10:39:58,0,NULL,NULL
1819,Plant_LP_Steam_Demand_Benefit,inferred,NULL,real,Plant LP Steam Demand Benefit,Plant LP Steam Demand Benefit,1,2025-03-25 10:39:58,0,NULL,NULL
1820,Plant_BFW_Demand_Benefit,inferred,NULL,real,Plant BFW Demand Benefit,Plant BFW Demand Benefit,1,2025-03-25 10:39:58,0,NULL,NULL
1821,VHP_BFW_To_ETH_Benefit,inferred,NULL,real,VHP BFW To ETH Benefit,VHP BFW To ETH Benefit,1,2025-03-25 10:39:58,0,NULL,NULL
1822,Total_CW_Demand_Loop_1_Benefit,inferred,NULL,real,Total CW Demand Loop 1 Benefit,Total CW Demand Loop 1 Benefit,1,2025-03-25 10:39:58,0,NULL,NULL
1823,Total_CW_Demand_Loop_2_Benefit,inferred,NULL,real,Total CW Demand Loop 2 Benefit,Total CW Demand Loop 2 Benefit,1,2025-03-25 10:39:58,0,NULL,NULL
1824,Total_Air_Demand_Benefit,inferred,NULL,real,Total Air Demand Benefit,Total Air Demand Benefit,1,2025-03-25 10:39:58,0,NULL,NULL
1825,Furnace_1_Status,inferred,NULL,real,Furnace A Status,Furnace A Status,1,2025-03-25 13:24:17,0,NULL,NULL
1826,Furnace_2_Status,inferred,NULL,real,Furnace B Status,Furnace B Status,1,2025-03-25 13:24:17,0,NULL,NULL
1827,Furnace_3_Status,inferred,NULL,real,Furnace C Status,Furnace C Status,1,2025-03-25 13:24:17,0,NULL,NULL
1828,Furnace_4_Status,inferred,NULL,real,Furnace D Status,Furnace D Status,1,2025-03-25 13:24:17,0,NULL,NULL
1829,Furnace_5_Status,inferred,NULL,real,Furnace E Status,Furnace E Status,1,2025-03-25 13:24:17,0,NULL,NULL
1830,Furnace_6_Status,inferred,NULL,real,Furnace F Status,Furnace F Status,1,2025-03-25 13:24:17,0,NULL,NULL
1831,Furnace_7_Status,inferred,NULL,real,Furnace G Status,Furnace G Status,1,2025-03-25 13:24:17,0,NULL,NULL
1832,Furnace_8_Status,inferred,NULL,real,Furnace H Status,Furnace H Status,1,2025-03-25 13:24:17,0,NULL,NULL
1833,Furnace_9_Status,inferred,NULL,real,Furnace J Status,Furnace J Status,1,2025-03-25 13:24:17,0,NULL,NULL
1835,Contribution_from_SEUs,inferred,NULL,real,"Process Plant Total Energy import bill ","Process Plant Total Energy import bill ",1,2025-03-27 16:56:52,0,NULL,NULL
1836,Sp_energy_Eth,inferred,NULL,real,Specific energy consumption of Ethylene,Specific energy consumption of Ethylene,1,2025-03-28 19:54:04,0,NULL,NULL
1837,Sp_energy_EG1,inferred,NULL,real,Specific energy consumption of EG1,Specific energy consumption of EG1,1,2025-03-28 19:54:04,0,NULL,NULL
1838,Sp_energy_EG2,inferred,NULL,real,Specific energy consumption of EG2,Specific energy consumption of EG2,1,2025-03-28 19:54:04,0,NULL,NULL
1839,Sp_energy_EG3,inferred,NULL,real,Specific energy consumption of EG3,Specific energy consumption of EG3,1,2025-03-28 19:54:04,0,NULL,NULL
1840,Sp_energy_LAO,inferred,NULL,real,Specific energy consumption of LAO,Specific energy consumption of LAO,1,2025-03-28 19:54:04,0,NULL,NULL
1841,BOILER_A_FLUE_GAS_OXGYGEN,pi,UN.UO.71AC1104.PV,real,BOILER A FLUE GAS OXYGEN,Boiler A O2,1,2025-03-28 19:54:04,0,NULL,NULL
1842,BOILER_B_FLUE_GAS_OXGYGEN,pi,UN.UO.71AC1204.PV,real,BOILER B FLUE GAS OXYGEN,Boiler B O2,1,2025-03-28 19:54:04,0,NULL,NULL
1843,BOILER_C_FLUE_GAS_OXGYGEN,pi,UN.UO.71AC1304.PV,real,BOILER C FLUE GAS OXYGEN,Boiler C O2,1,2025-03-28 19:54:04,0,NULL,NULL
1844,BOILER_D_FLUE_GAS_OXGYGEN,pi,UN.UO.71AC1404.PV,real,BOILER D FLUE GAS OXYGEN,Boiler D O2,1,2025-03-28 19:54:04,0,NULL,NULL
1845,Boiler_5_O2,pi,UN.UO.71AC1504AA.PV,real,BOILER E FLUE GAS OXYGEN,Boiler E O2,1,2025-03-28 19:54:04,0,NULL,NULL
1846,FUR_1_FLUE_GAS_O2,pi,UN.ETH.11AI1068A.PV,real,Furnace A Excess O2,FUR 1 FLUE GAS O2,1,2025-03-28 19:54:04,0,NULL,NULL
1847,FUR_2_FLUE_GAS_O2,pi,UN.ETH.11AI1068B.PV,real,Furnace B Excess O2,FUR 2 FLUE GAS O2,1,2025-03-28 19:54:04,0,NULL,NULL
1848,FUR_3_FLUE_GAS_O2,pi,UN.ETH.11AI1068C.PV,real,Furnace C Excess O2,FUR 3 FLUE GAS O2,1,2025-03-28 19:54:04,0,NULL,NULL
1849,FUR_4_FLUE_GAS_O2,pi,UN.ETH.11AI1068D.PV,real,Furnace D Excess O2,FUR 4 FLUE GAS O2,1,2025-03-28 19:54:04,0,NULL,NULL
1850,FUR_5_FLUE_GAS_O2,pi,UN.ETH.11AI1068E.PV,real,Furnace E Excess O2,FUR 5 FLUE GAS O2,1,2025-03-28 19:54:04,0,NULL,NULL
1851,FUR_6_FLUE_GAS_O2,pi,UN.ETH.11AI1068F.PV,real,Furnace F Excess O2,FUR 6 FLUE GAS O2,1,2025-03-28 19:54:04,0,NULL,NULL
1852,FUR_7_FLUE_GAS_O2,pi,UN.ETH.11AI1068G.PV,real,Furnace G Excess O2,FUR 7 FLUE GAS O2,1,2025-03-28 19:54:04,0,NULL,NULL
1853,FUR_8_FLUE_GAS_O2,pi,UN.ETH.11AI1068H.PV,real,Furnace H Excess O2,FUR 8 FLUE GAS O2,1,2025-03-28 19:54:04,0,NULL,NULL
1854,FUR_9_FLUE_GAS_O2,pi,UN.ETH.11AI1068J.PV,real,Furnace J Excess O2,FUR 9 FLUE GAS O2,1,2025-03-28 19:54:04,0,NULL,NULL
1855,Spec_En_Cons_BLR_1_Opt,pi,UN.UO.BO-7101A.Specific_Energy_Consumption_Optimum_EO_CALC_OUTPUT,real,Spec En Cons Boiler A Opt,Spec En Cons Boiler A Opt,1,2025-03-28 19:54:04,0,NULL,NULL
1856,Spec_En_Cons_BLR_2_Opt,pi,UN.UO.BO-7101B.Specific_Energy_Consumption_Optimum_EO_CALC_OUTPUT,real,Spec En Cons Boiler B Opt,Spec En Cons Boiler B Opt,1,2025-03-28 19:54:04,0,NULL,NULL
1857,Spec_En_Cons_BLR_3_Opt,pi,UN.UO.BO-7101C.Specific_Energy_Consumption_Optimum_EO_CALC_OUTPUT,real,Spec En Cons Boiler C Opt,Spec En Cons Boiler C Opt,1,2025-03-28 19:54:04,0,NULL,NULL
1858,Spec_En_Cons_BLR_4_Opt,pi,UN.UO.BO-7101D.Specific_Energy_Consumption_Optimum_EO_CALC_OUTPUT,real,Spec En Cons Boiler D Opt,Spec En Cons Boiler D Opt,1,2025-03-28 19:54:04,0,NULL,NULL
1859,Spec_En_Cons_BLR_5_Opt,pi,UN.UO.PK-7104E.Specific_Energy_Consumption_Optimum_EO_CALC_OUTPUT,real,Spec En Cons Boiler E Opt,Spec En Cons Boiler E Opt,1,2025-03-28 19:54:04,0,NULL,NULL
1860,LHV_Raw_2,pi,UN.UO.BO-7101B.Boiler_Mixed_Lhv_Per_Kg_PEEO_CALC_OUTPUT,real,LHV Raw 2,BOILER B MIXED LHV PER KG,1,2025-03-28 19:54:04,0,NULL,NULL
1861,LHV_Raw_3,pi,UN.UO.BO-7101C.Boiler_Mixed_Lhv_Per_Kg_PEEO_CALC_OUTPUT,real,LHV Raw 3,BOILER C MIXED LHV PER KG,1,2025-03-28 19:54:04,0,NULL,NULL
1862,LHV_Raw_4,pi,UN.UO.BO-7101D.Boiler_Mixed_Lhv_Per_Kg_PEEO_CALC_OUTPUT,real,LHV Raw 4,BOILER D MIXED LHV PER KG,1,2025-03-28 19:54:04,0,NULL,NULL
1863,LHV_Raw_5,pi,UN.UO.PK-7104E.Boiler_Mixed_Lhv_Per_Kg_PEEO_CALC_OUTPUT,real,LHV Raw 5,BOILER E MIXED LHV PER KG,1,2025-03-28 19:54:04,0,NULL,NULL
1864,Capacity_Utilization_EG1,pi,UN.EG1.UN01-01.Capacity_Utilization_PEEO_CALC_OUTPUT,real,Capacity Utilization EG1,Capacity Utilization EG1,1,2025-03-28 19:59:45,0,NULL,NULL
1865,Capacity_Utilization_EG2,pi,UN.EG2.UN01-02.Capacity_Utilization_PEEO_CALC_OUTPUT,real,Capacity Utilization EG2,Capacity Utilization EG2,1,2025-03-28 19:59:45,0,NULL,NULL
1866,Capacity_Utilization_EG3,pi,UN.EG3.UN01-03.Capacity_Utilization_PEEO_CALC_OUTPUT,real,Capacity Utilization EG3,Capacity Utilization EG3,1,2025-03-28 19:59:45,0,NULL,NULL
1867,Capacity_Utilization_ETH,pi,UN.ETH.UN05-01.Capacity_Utilization_PEEO_CALC_OUTPUT,real,Capacity Utilization ETH,Capacity Utilization ETH,1,2025-03-28 19:59:45,0,NULL,NULL
1868,EG1_LP_steam_imbalance,inferred,NULL,real,EG1 LP steam Imbalance,EG1 LP steam Imbalance,1,2025-03-29 20:27:05,0,NULL,NULL
1869,EG1_LP_steam_imbalance_Adjusted,inferred,NULL,real,EG1 LP steam Imbalance Adjusted,EG1 LP steam Imbalance Adjusted,1,2025-03-29 20:27:05,0,NULL,NULL
1870,Imbalance_Deviation,inferred,NULL,real,Imbalance Deviation,Imbalance Deviation,1,2025-03-29 20:27:05,0,NULL,NULL
1871,CGC_Extraction_Opening,pi,UN.ETH.KT-1200.Cgc_Extraction_Governor_Opening_PEEO_CALC_OUTPUT,real,CGC Extraction Opening," Cgc Extraction Governor Opening ",1,2025-03-31 09:50:10,0,NULL,NULL
1872,Percentage_Contribution_SEU,inferred,NULL,real,"Process SEU's Contribution ","SEUs Percentage Contribution ",1,2025-04-01 09:51:04,0,NULL,NULL
1873,K_5071_Dis_Flow,pi,UN.UO.50FI0921.PV,real,K 5071 Dis Flow,K_5071_Dis_Flow,1,2025-04-01 17:12:05,0,NULL,NULL
1874,Drying_Column_Critical_Tray_EG1,pi,UN.EG1.26TI6203A.PV,real,Drying Column Critical Tray EG1,Drying Column Critical Tray EG1,1,2025-04-02 10:08:19,0,NULL,NULL
1875,MEG_Column_Critical_Tray_EG1,pi,UN.EG1.26TC6314.PV,real,MEG Column Critical Tray EG1,MEG Column Critical Tray EG1,1,2025-04-02 10:08:19,0,NULL,NULL
1876,Drying_Column_Critical_Tray_EG2,pi,UN.EG2.46TI6203A.PV,real,Drying Column Critical Tray EG2,Drying Column Critical Tray EG2,1,2025-04-02 10:08:20,0,NULL,NULL
1877,MEG_Column_Critical_Tray_EG2,pi,UN.EG2.46TC6314.PV,real,MEG Column Critical Tray EG2,MEG Column Critical Tray EG2,1,2025-04-02 10:08:20,0,NULL,NULL
1878,MEG_Column_Critical_Tray_EG3,pi,UN.EG3.66TI6314A.PV,real,MEG Column Critical Tray EG3,MEG Column Critical Tray EG3,1,2025-04-02 10:08:20,0,NULL,NULL
1881,Total_CW_Demand_2,inferred,NULL,real,Total CW Demand 2,Total CW Demand 2,1,2025-04-02 10:58:31,0,NULL,NULL
1882,Total_CW_Demand_Adjusted,inferred,NULL,real,Total CW Demand Adjusted,Total CW Demand Adjusted,1,2025-04-02 10:58:32,0,NULL,NULL
1883,Power_Consumption_Energy_delta,inferred,NULL,real,Power Consumption Energy delta,Power Consumption Energy delta,1,2025-04-04 11:02:30,0,NULL,NULL
1884,Fuel_Consumption_Energy_delta,inferred,NULL,real,Fuel Consumption Energy delta,Fuel Consumption Energy delta,1,2025-04-04 11:02:30,0,NULL,NULL
1885,BOILER_A_CONDUCTIVITY,pi,UN.UO.71AC1101.PV,real,BOILER A CONDUCTIVITY,BOILER A CONDUCTIVITY,1,2025-04-06 19:55:33,0,NULL,NULL
1886,BOILER_B_CONDUCTIVITY,pi,UN.UO.71AC1201.PV,real,BOILER B CONDUCTIVITY,BOILER B CONDUCTIVITY,1,2025-04-06 19:55:33,0,NULL,NULL
1887,BOILER_C_CONDUCTIVITY,pi,UN.UO.71AC1301.PV,real,BOILER C CONDUCTIVITY,BOILER C CONDUCTIVITY,1,2025-04-06 19:55:33,0,NULL,NULL
1888,BOILER_D_CONDUCTIVITY,pi,UN.UO.71AC1401.PV,real,BOILER D CONDUCTIVITY,BOILER D CONDUCTIVITY,1,2025-04-06 19:55:33,0,NULL,NULL
1889,BOILER_E_CONDUCTIVITY,pi,UN.UO.71AC1501A.PV,real,BOILER E CONDUCTIVITY,BOILER E CONDUCTIVITY,1,2025-04-06 19:55:33,0,NULL,NULL
1890,CBD_energy_saving_BLR1,inferred,NULL,real,CBD energy saving BLR1,CBD energy saving BLR1,1,2025-04-06 19:55:33,0,NULL,NULL
1891,CBD_energy_saving_BLR2,inferred,NULL,real,CBD energy saving BLR2,CBD energy saving BLR2,1,2025-04-06 19:55:33,0,NULL,NULL
1892,CBD_energy_saving_BLR3,inferred,NULL,real,CBD energy saving BLR3,CBD energy saving BLR3,1,2025-04-06 19:55:33,0,NULL,NULL
1893,CBD_energy_saving_BLR4,inferred,NULL,real,CBD energy saving BLR4,CBD energy saving BLR4,1,2025-04-06 19:55:33,0,NULL,NULL
1894,CBD_energy_saving_BLR5,inferred,NULL,real,CBD energy saving BLR5,CBD energy saving BLR5,1,2025-04-06 19:55:33,0,NULL,NULL
1895,CBD_energy_saving_Total,inferred,NULL,real,CBD energy saving Total,CBD energy saving Total,1,2025-04-06 19:55:33,0,NULL,NULL
1896,Fuel_wrt_CBD_Saving,inferred,NULL,real,Fuel wrt CBD Saving,Fuel wrt CBD Saving,1,2025-04-06 19:55:33,0,NULL,NULL
1897,KM_2115_Status,pi,UN.EG1.KM-2115.Recycle_Compressor_Status_EO_CALC_OUTPUT,polynomial,KM 2115 Status,KM_2115_Status,1,2025-04-06 19:55:33,0,NULL,NULL
1898,KM_4115_Status,pi,UN.EG2.KM-4115.Recycle_Compressor_Status_EO_CALC_OUTPUT,polynomial,KM 4115 Status,KM_4115_Status,1,2025-04-06 19:55:33,0,NULL,NULL
1899,KM_6115_Status,pi,UN.EG3.KM-6115.Recycle_Compressor_Status_EO_CALC_OUTPUT,polynomial,KM 6115 Status,KM_6115_Status,1,2025-04-06 19:55:33,0,NULL,NULL
1900,E_2523_Status,inferred,NULL,real,E 2523 Status,E_2523_Status,1,2025-04-06 19:55:33,0,NULL,NULL
1901,E_2531_Status,inferred,NULL,real,E 2531 Status,E_2531_Status,1,2025-04-06 19:55:33,0,NULL,NULL
1902,EG1_Stripping_status,pi,UN.EG1.Stripping_Status_EO_CALC_OUTPUT,polynomial,EG1 Stripping status,EG1_Stripping_status,1,2025-04-06 19:55:33,0,NULL,NULL
1903,E_4523_Status,inferred,NULL,real,E 4523 Status,E_4523_Status,1,2025-04-06 19:55:33,0,NULL,NULL
1904,E_4531_Status,inferred,NULL,real,E 4531 Status,E_4531_Status,1,2025-04-06 19:55:33,0,NULL,NULL
1905,EG2_Stripping_status,pi,UN.EG2.Stripping_Status_EO_CALC_OUTPUT,polynomial,EG2 Stripping status,EG2_Stripping_status,1,2025-04-06 19:55:33,0,NULL,NULL
1906,E_6531_Status,inferred,NULL,real,E 6531 Status,E_6531_Status,1,2025-04-06 19:55:33,0,NULL,NULL
1907,EG1_Regen_status,pi,UN.EG1.Regeneration_Status_EO_CALC_OUTPUT,polynomial,EG1 Regen status,EG1_Regen_status,1,2025-04-06 19:55:33,0,NULL,NULL
1908,EG2_Regen_status,pi,UN.EG2.Regeneration_Status_EO_CALC_OUTPUT,polynomial,EG2 Regen status,EG2_Regen_status,1,2025-04-06 19:55:33,0,NULL,NULL
1909,EG3_Regen_status,pi,UN.EG3.Regeneration_Status_EO_CALC_OUTPUT,polynomial,EG3 Regen status,EG3_Regen_status,1,2025-04-06 19:55:33,0,NULL,NULL
1910,E_6620_Status,inferred,NULL,real,E 6620 Status,E_6620_Status,1,2025-04-06 19:55:33,0,NULL,NULL
1911,E_2610_Status,inferred,NULL,real,E 2610 Status,E_2610_Status,1,2025-04-06 19:55:33,0,NULL,NULL
1912,E_2620_Status,inferred,NULL,real,E 2620 Status,E_2620_Status,1,2025-04-06 19:55:33,0,NULL,NULL
1913,E_4610_Status,inferred,NULL,real,E 4610 Status,E_4610_Status,1,2025-04-06 19:55:33,0,NULL,NULL
1914,E_4620_Status,inferred,NULL,real,E 4620 Status,E_4620_Status,1,2025-04-06 19:55:33,0,NULL,NULL
1915,V_7101A_Status,inferred,NULL,polynomial,V 7101A Status,V_7101A_Status,1,2025-04-06 19:55:33,0,NULL,NULL
1916,V_7101B_Status,inferred,NULL,polynomial,V 7101B Status,V_7101B_Status,1,2025-04-06 19:55:33,0,NULL,NULL
1917,KT_1200_Status,inferred,NULL,real,KT 1200 Status,KT_1200_Status,1,2025-04-06 19:55:33,0,NULL,NULL
1918,E_1102_Status,inferred,NULL,real,E 1102 Status,E_1102_Status,1,2025-04-06 19:55:33,0,NULL,NULL
1919,BFW_A_Motor_Power_cons,inferred,NULL,real,BFW A Motor Power cons,BFW_A_Motor_Power_cons,1,2025-04-08 14:32:24,0,NULL,NULL
1920,BFW_B_Turb_Steam_cons,pi,UN.UO.PT-7103B.Turbine_Steam_Consumption_EO_CALC_OUTPUT,real,BFW B Turb Steam cons,BFW_B_Turb_Steam_cons,1,2025-04-08 14:32:24,0,NULL,NULL
1921,BFW_C_Turb_Steam_cons,pi,UN.UO.PT-7103C.Turbine_Steam_Consumption_EO_CALC_OUTPUT,real,BFW C Turb Steam cons,BFW_C_Turb_Steam_cons,1,2025-04-08 14:32:24,0,NULL,NULL
1922,BFW_D_Motor_Power_cons,inferred,NULL,real,BFW D Motor Power cons,BFW_D_Motor_Power_cons,1,2025-04-08 14:32:24,0,NULL,NULL
1923,BFW_E_Turb_Steam_cons,pi,UN.UO.PT-7103E.Turbine_Steam_Consumption_EO_CALC_OUTPUT,real,BFW E Turb Steam cons,BFW_E_Turb_Steam_cons,1,2025-04-08 14:32:24,0,NULL,NULL
1924,BFW_F_Motor_Power_cons,inferred,NULL,real,BFW F Motor Power cons,BFW_F_Motor_Power_cons,1,2025-04-08 14:32:24,0,NULL,NULL
1925,VHP_BFW_A_Motor_Power_cons,inferred,NULL,real,VHP BFW A Motor Power cons,VHP_BFW_A_Motor_Power_cons,1,2025-04-08 14:32:24,0,NULL,NULL
1926,VHP_BFW_B_Turb_Steam_cons,pi,UN.UO.PT-7102B.Turbine_Steam_Consumption_EO_CALC_OUTPUT,real,VHP BFW B Turb Steam cons,VHP_BFW_B_Turb_Steam_cons,1,2025-04-08 14:32:24,0,NULL,NULL
1927,VHP_BFW_C_Turb_Steam_cons,pi,UN.UO.PT-7102C.Turbine_Steam_Consumption_EO_CALC_OUTPUT,real,VHP BFW C Turb Steam cons,VHP_BFW_C_Turb_Steam_cons,1,2025-04-08 14:32:24,0,NULL,NULL
1928,CW_Makeup_1,pi,UN.UO.78FI8043U,real,CW Makeup 1,CW Makeup 1,1,2025-04-08 14:32:24,0,NULL,NULL
1929,CW_Makeup_2,pi,UN.UO.78FI8216.PV,real,CW Makeup 2,CW Makeup 2,1,2025-04-08 14:32:24,0,NULL,NULL
1930,DMW_Turbine_A_Steam_cons,inferred,NULL,real,DMW Turbine A Steam cons,DMW_Turbine_A_Steam_cons,1,2025-04-08 14:32:24,0,NULL,NULL
1931,DMW_Turbine_C_Steam_cons,inferred,NULL,real,DMW Turbine C Steam cons,DMW_Turbine_C_Steam_cons,1,2025-04-08 14:32:24,0,NULL,NULL
1932,DMW_Motor_B_Power_cons,inferred,NULL,real,DMW Motor B Power cons,DMW_Motor_B_Power_cons,1,2025-04-08 14:32:24,0,NULL,NULL
1933,EG1_RC_TEMP_1,pi,UN.EG1.21TI1201B.PV,real,EG1 RC TEMP 1,EG1 RC TEMP 1,1,2025-04-08 14:32:24,0,NULL,NULL
1934,EG1_RC_TEMP_2,pi,UN.EG1.21TI1101B.PV,real,EG1 RC TEMP 2,EG1 RC TEMP 2,1,2025-04-08 14:32:24,0,NULL,NULL
1935,EG1_0xygen_contrl,pi,UN.EG1.21AC1515B.PV,real,EG1 0xygen contrl,EG1 0xygen contrl,1,2025-04-08 14:32:24,0,NULL,NULL
1936,EG2_RC_TEMP_1,pi,UN.EG2.41TI1201B.PV,real,EG2 RC TEMP 1,EG2 RC TEMP 1,1,2025-04-08 14:32:24,0,NULL,NULL
1937,EG2_RC_TEMP_2,pi,UN.EG2.41TI1101B.PV,real,EG2 RC TEMP 2,EG2 RC TEMP 2,1,2025-04-08 14:32:24,0,NULL,NULL
1938,EG2_0xygen_contrl,pi,UN.EG2.41AC1515B.PV,real,EG2 0xygen contrl,EG2 0xygen contrl,1,2025-04-08 14:32:25,0,NULL,NULL
1939,EG3_RC_TEMP_1,pi,UN.EG3.61TI1233.PV,real,EG3 RC TEMP 1,EG3 RC TEMP 1,1,2025-04-08 14:32:25,0,NULL,NULL
1940,EG3_0xygen_contrl,pi,UN.EG3.61AI1515X2.PV,real,EG3 0xygen contrl,EG3 0xygen contrl,1,2025-04-08 14:32:25,0,NULL,NULL
1941,AC_A_Flow_To_Header_raw,pi,UN.UO.72FI2001.PV,real,Air Compressor A Flow To Header,AC A Flow To Header,1,2025-04-11 17:43:23,0,NULL,NULL
1942,AC_B_Flow_To_Header_raw,pi,UN.UO.72FI2002.PV,real,Air Compressor B Flow To Header,AC B Flow To Header,1,2025-04-11 17:43:23,0,NULL,NULL
1943,AC_C_Flow_To_Header_raw,pi,UN.UO.72FI2003.PV,real,Air Compressor C Flow To Header,AC C Flow To Header,1,2025-04-11 17:43:23,0,NULL,NULL
1944,AC_D_Flow_To_Header_raw,pi,UN.UO.72FI2004.PV,real,Air Compressor D Flow To Header,AC D Flow To Header,1,2025-04-11 17:43:23,0,NULL,NULL
1945,Air_compressor_A_Discharge_flow_raw,pi,UN.UO.72FI2094.PV,real,Air compressor A Discharge flow,Air compressor A Discharge flow,1,2025-04-11 17:43:23,0,NULL,NULL
1946,Air_compressor_B_Discharge_flow_raw,pi,UN.UO.72FI2117.PV,real,Air compressor B Discharge flow,Air compressor B Discharge flow,1,2025-04-11 17:43:23,0,NULL,NULL
1947,Air_compressor_C_Discharge_flow_raw,pi,UN.UO.72FI2140.PV,real,Air compressor C Discharge flow,Air compressor C Discharge flow,1,2025-04-11 17:43:23,0,NULL,NULL
1948,Air_compressor_D_Discharge_flow_raw,pi,UN.UO.72FI2163.PV,real,Air compressor D Discharge flow,Air compressor D Discharge flow,1,2025-04-11 17:43:23,0,NULL,NULL
1949,Furnace_A_COT,pi,UN.ETH.11TC1000A.PV,real,Furnace A COT,Furnace A COT,1,2025-04-11 17:43:28,0,NULL,NULL
1950,Furnace_B_COT,pi,UN.ETH.11TC1000B.PV,real,Furnace B COT,Furnace B COT,1,2025-04-11 17:43:28,0,NULL,NULL
1951,Furnace_C_COT,pi,UN.ETH.11TC1000C.PV,real,Furnace C COT,Furnace C COT,1,2025-04-11 17:43:28,0,NULL,NULL
1952,Furnace_D_COT,pi,UN.ETH.11TC1000D.PV,real,Furnace D COT,Furnace D COT,1,2025-04-11 17:43:28,0,NULL,NULL
1953,Furnace_E_COT,pi,UN.ETH.11TC1000E.PV,real,Furnace E COT,Furnace E COT,1,2025-04-11 17:43:28,0,NULL,NULL
1954,Furnace_F_COT,pi,UN.ETH.11TC1000F.PV,real,Furnace F COT,Furnace F COT,1,2025-04-11 17:43:28,0,NULL,NULL
1955,Furnace_G_COT,pi,UN.ETH.11TC1000G.PV,real,Furnace G COT,Furnace G COT,1,2025-04-11 17:43:28,0,NULL,NULL
1956,Furnace_H_COT,pi,UN.ETH.11TC1000H.PV,real,Furnace H COT,Furnace H COT,1,2025-04-11 17:43:28,0,NULL,NULL
1957,Furnace_J_COT,pi,UN.ETH.11TC1000J.PV,real,Furnace J COT,Furnace J COT,1,2025-04-11 17:43:28,0,NULL,NULL
1958,FUR_1_STACK_TEMPERATURE,pi,UN.ETH.11TI1011A.PV,real,FURNACE A STACK TEMPERATURE,FURNACE 1 STACK TEMPERATURE,1,2025-04-11 17:43:28,0,NULL,NULL
1959,FUR_2_STACK_TEMPERATURE,pi,UN.ETH.11TI1011B.PV,real,FURNACE B STACK TEMPERATURE,FURNACE 2 STACK TEMPERATURE,1,2025-04-11 17:43:28,0,NULL,NULL
1960,FUR_3_STACK_TEMPERATURE,pi,UN.ETH.11TI1011C.PV,real,FURNACE C STACK TEMPERATURE,FURNACE 3 STACK TEMPERATURE,1,2025-04-11 17:43:28,0,NULL,NULL
1961,FUR_4_STACK_TEMPERATURE,pi,UN.ETH.11TI1011D.PV,real,FURNACE D STACK TEMPERATURE,FURNACE 4 STACK TEMPERATURE,1,2025-04-11 17:43:28,0,NULL,NULL
1962,FUR_5_STACK_TEMPERATURE,pi,UN.ETH.11TI1011E.PV,real,FURNACE E STACK TEMPERATURE,FURNACE 5 STACK TEMPERATURE,1,2025-04-11 17:43:28,0,NULL,NULL
1963,FUR_6_STACK_TEMPERATURE,pi,UN.ETH.11TI1011F.PV,real,FURNACE F STACK TEMPERATURE,FURNACE 6 STACK TEMPERATURE,1,2025-04-11 17:43:28,0,NULL,NULL
1964,FUR_7_STACK_TEMPERATURE,pi,UN.ETH.11TI1011G.PV,real,FURNACE G STACK TEMPERATURE,FURNACE 7 STACK TEMPERATURE,1,2025-04-11 17:43:28,0,NULL,NULL
1965,FUR_8_STACK_TEMPERATURE,pi,UN.ETH.11TI1011H.PV,real,FURNACE H STACK TEMPERATURE,FURNACE 8 STACK TEMPERATURE,1,2025-04-11 17:43:28,0,NULL,NULL
1966,FUR_9_STACK_TEMPERATURE,pi,UN.ETH.11TI1011J.PV,real,FURNACE J STACK TEMPERATURE,FURNACE 9 STACK TEMPERATURE,1,2025-04-11 17:43:28,0,NULL,NULL
1967,Fur_1_mixed_feed_flow,pi,UN.ETH.11FQI1162A.CPV,real,Furnace A mixed feed flow,Furnace 1 mixed feed flow,1,2025-04-11 17:43:28,0,NULL,NULL
1968,Fur_2_mixed_feed_flow,pi,UN.ETH.11FQI1162B.CPV,real,Furnace B mixed feed flow,Furnace 2 mixed feed flow,1,2025-04-11 17:43:28,0,NULL,NULL
1969,Fur_3_mixed_feed_flow,pi,UN.ETH.11FQI1162C.CPV,real,Furnace C mixed feed flow,Furnace 3 mixed feed flow,1,2025-04-11 17:43:28,0,NULL,NULL
1970,Fur_4_mixed_feed_flow,pi,UN.ETH.11FQI1162D.CPV,real,Furnace D mixed feed flow,Furnace 4 mixed feed flow,1,2025-04-11 17:43:28,0,NULL,NULL
1971,Fur_5_mixed_feed_flow,pi,UN.ETH.11FQI1162E.CPV,real,Furnace E mixed feed flow,Furnace 5 mixed feed flow,1,2025-04-11 17:43:28,0,NULL,NULL
1972,Fur_6_mixed_feed_flow,pi,UN.ETH.11FQI1162F.CPV,real,Furnace F mixed feed flow,Furnace 6 mixed feed flow,1,2025-04-11 17:43:28,0,NULL,NULL
1973,Fur_7_mixed_feed_flow,pi,UN.ETH.11FQI1162G.CPV,real,Furnace G mixed feed flow,Furnace 7 mixed feed flow,1,2025-04-11 17:43:28,0,NULL,NULL
1974,Fur_8_mixed_feed_flow,pi,UN.ETH.11FQI1162H.CPV,real,Furnace H mixed feed flow,Furnace 8 mixed feed flow,1,2025-04-11 17:43:28,0,NULL,NULL
1975,Fur_9_mixed_feed_flow,pi,UN.ETH.11FQI1162J.CPV,real,Furnace J mixed feed flow,Furnace 9 mixed feed flow,1,2025-04-11 17:43:28,0,NULL,NULL
1976,Overall_SHC_Ratio,pi,UN.ETH.STM_HC_RATIO.CPV,real,Overall SHC Ratio,Overall SHC Ratio,1,2025-04-11 17:43:28,0,NULL,NULL
1977,Fur_1_HC_Feed,inferred,NULL,real,Furnace A HC Feed,Furnace 1 HC Feed,1,2025-04-11 17:43:28,0,NULL,NULL
1978,Fur_2_HC_Feed,inferred,NULL,real,Furnace B HC Feed,Furnace 2 HC Feed,1,2025-04-11 17:43:28,0,NULL,NULL
1979,Fur_3_HC_Feed,inferred,NULL,real,Furnace C HC Feed,Furnace 3 HC Feed,1,2025-04-11 17:43:28,0,NULL,NULL
1980,Fur_4_HC_Feed,inferred,NULL,real,Furnace D HC Feed,Furnace 4 HC Feed,1,2025-04-11 17:43:28,0,NULL,NULL
1981,Fur_5_HC_Feed,inferred,NULL,real,Furnace E HC Feed,Furnace 5 HC Feed,1,2025-04-11 17:43:28,0,NULL,NULL
1982,Fur_6_HC_Feed,inferred,NULL,real,Furnace F HC Feed,Furnace 6 HC Feed,1,2025-04-11 17:43:28,0,NULL,NULL
1983,Fur_7_HC_Feed,inferred,NULL,real,Furnace G HC Feed,Furnace 7 HC Feed,1,2025-04-11 17:43:28,0,NULL,NULL
1984,Fur_8_HC_Feed,inferred,NULL,real,Furnace H HC Feed,Furnace 8 HC Feed,1,2025-04-11 17:43:28,0,NULL,NULL
1985,Fur_9_HC_Feed,inferred,NULL,real,Furnace J HC Feed,Furnace 9 HC Feed,1,2025-04-11 17:43:28,0,NULL,NULL
1986,furn1_net_efficiency,inferred,NULL,real,Furnace A efficiency,Furnace 1 net efficiency,1,2025-04-11 17:43:28,0,NULL,NULL
1987,furn2_net_efficiency,inferred,NULL,real,Furnace B efficiency,Furnace 2 net efficiency,1,2025-04-11 17:43:28,0,NULL,NULL
1988,furn3_net_efficiency,inferred,NULL,real,Furnace C efficiency,Furnace 3 net efficiency,1,2025-04-11 17:43:28,0,NULL,NULL
1989,furn4_net_efficiency,inferred,NULL,real,Furnace D efficiency,Furnace 4 net efficiency,1,2025-04-11 17:43:28,0,NULL,NULL
1990,furn5_net_efficiency,inferred,NULL,real,Furnace E efficiency,Furnace 5 net efficiency,1,2025-04-11 17:43:28,0,NULL,NULL
1991,furn6_net_efficiency,inferred,NULL,real,Furnace F efficiency,Furnace 6 net efficiency,1,2025-04-11 17:43:28,0,NULL,NULL
1992,furn7_net_efficiency,inferred,NULL,real,Furnace G efficiency,Furnace 7 net efficiency,1,2025-04-11 17:43:28,0,NULL,NULL
1993,furn8_net_efficiency,inferred,NULL,real,Furnace H efficiency,Furnace 8 net efficiency,1,2025-04-11 17:43:28,0,NULL,NULL
1994,furn9_net_efficiency,inferred,NULL,real,Furnace J efficiency,Furnace 9 net efficiency,1,2025-04-11 17:43:28,0,NULL,NULL
1995,FUR_1_STACK_TEMPERATURE_Adjusted,inferred,NULL,real,FURNACE A STACK TEMPERATURE Adjusted,FUR 1 STACK TEMPERATURE Adjusted,1,2025-04-11 17:43:28,0,NULL,NULL
1996,FUR_2_STACK_TEMPERATURE_Adjusted,inferred,NULL,real,FURNACE B STACK TEMPERATURE Adjusted,FUR 2 STACK TEMPERATURE Adjusted,1,2025-04-11 17:43:28,0,NULL,NULL
1997,FUR_3_STACK_TEMPERATURE_Adjusted,inferred,NULL,real,FURNACE C STACK TEMPERATURE Adjusted,FUR 3 STACK TEMPERATURE Adjusted,1,2025-04-11 17:43:28,0,NULL,NULL
1998,FUR_4_STACK_TEMPERATURE_Adjusted,inferred,NULL,real,FURNACE D STACK TEMPERATURE Adjusted,FUR 4 STACK TEMPERATURE Adjusted,1,2025-04-11 17:43:28,0,NULL,NULL
1999,FUR_5_STACK_TEMPERATURE_Adjusted,inferred,NULL,real,FURNACE E STACK TEMPERATURE Adjusted,FUR 5 STACK TEMPERATURE Adjusted,1,2025-04-11 17:43:28,0,NULL,NULL
2000,FUR_6_STACK_TEMPERATURE_Adjusted,inferred,NULL,real,FURNACE F STACK TEMPERATURE Adjusted,FUR 6 STACK TEMPERATURE Adjusted,1,2025-04-11 17:43:28,0,NULL,NULL
2001,FUR_7_STACK_TEMPERATURE_Adjusted,inferred,NULL,real,FURNACE G STACK TEMPERATURE Adjusted,FUR 7 STACK TEMPERATURE Adjusted,1,2025-04-11 17:43:28,0,NULL,NULL
2002,FUR_8_STACK_TEMPERATURE_Adjusted,inferred,NULL,real,FURNACE H STACK TEMPERATURE Adjusted,FUR 8 STACK TEMPERATURE Adjusted,1,2025-04-11 17:43:28,0,NULL,NULL
2003,FUR_9_STACK_TEMPERATURE_Adjusted,inferred,NULL,real,FURNACE J STACK TEMPERATURE Adjusted,FUR 9 STACK TEMPERATURE Adjusted,1,2025-04-11 17:43:28,0,NULL,NULL
2004,FUR_1_FLUE_GAS_O2_Adjusted,inferred,NULL,real,FURNACE A FLUE GAS O2 Adjusted,FUR 1 FLUE GAS O2 Adjusted,1,2025-04-11 17:43:28,0,NULL,NULL
2005,FUR_2_FLUE_GAS_O2_Adjusted,inferred,NULL,real,FURNACE B FLUE GAS O2 Adjusted,FUR 2 FLUE GAS O2 Adjusted,1,2025-04-11 17:43:28,0,NULL,NULL
2006,FUR_3_FLUE_GAS_O2_Adjusted,inferred,NULL,real,FURNACE C FLUE GAS O2 Adjusted,FUR 3 FLUE GAS O2 Adjusted,1,2025-04-11 17:43:28,0,NULL,NULL
2007,FUR_4_FLUE_GAS_O2_Adjusted,inferred,NULL,real,FURNACE D FLUE GAS O2 Adjusted,FUR 4 FLUE GAS O2 Adjusted,1,2025-04-11 17:43:28,0,NULL,NULL
2008,FUR_5_FLUE_GAS_O2_Adjusted,inferred,NULL,real,FURNACE E FLUE GAS O2 Adjusted,FUR 5 FLUE GAS O2 Adjusted,1,2025-04-11 17:43:28,0,NULL,NULL
2009,FUR_6_FLUE_GAS_O2_Adjusted,inferred,NULL,real,FURNACE F FLUE GAS O2 Adjusted,FUR 6 FLUE GAS O2 Adjusted,1,2025-04-11 17:43:28,0,NULL,NULL
2010,FUR_7_FLUE_GAS_O2_Adjusted,inferred,NULL,real,FURNACE G FLUE GAS O2 Adjusted,FUR 7 FLUE GAS O2 Adjusted,1,2025-04-11 17:43:28,0,NULL,NULL
2011,FUR_8_FLUE_GAS_O2_Adjusted,inferred,NULL,real,FURNACE H FLUE GAS O2 Adjusted,FUR 8 FLUE GAS O2 Adjusted,1,2025-04-11 17:43:28,0,NULL,NULL
2012,FUR_9_FLUE_GAS_O2_Adjusted,inferred,NULL,real,FURNACE J FLUE GAS O2 Adjusted,FUR 9 FLUE GAS O2 Adjusted,1,2025-04-11 17:43:28,0,NULL,NULL
2013,furn1_net_efficiency_Adjusted,inferred,NULL,real,furn1 net efficiency Adjusted,furn1_net_efficiency_Adjusted,1,2025-04-12 12:08:33,0,NULL,NULL
2014,furn2_net_efficiency_Adjusted,inferred,NULL,real,furn2 net efficiency Adjusted,furn2_net_efficiency_Adjusted,1,2025-04-12 12:08:33,0,NULL,NULL
2015,furn3_net_efficiency_Adjusted,inferred,NULL,real,furn3 net efficiency Adjusted,furn3_net_efficiency_Adjusted,1,2025-04-12 12:08:33,0,NULL,NULL
2016,furn4_net_efficiency_Adjusted,inferred,NULL,real,furn4 net efficiency Adjusted,furn4_net_efficiency_Adjusted,1,2025-04-12 12:08:33,0,NULL,NULL
2017,furn5_net_efficiency_Adjusted,inferred,NULL,real,furn5 net efficiency Adjusted,furn5_net_efficiency_Adjusted,1,2025-04-12 12:08:33,0,NULL,NULL
2018,furn6_net_efficiency_Adjusted,inferred,NULL,real,furn6 net efficiency Adjusted,furn6_net_efficiency_Adjusted,1,2025-04-12 12:08:33,0,NULL,NULL
2019,furn7_net_efficiency_Adjusted,inferred,NULL,real,furn7 net efficiency Adjusted,furn7_net_efficiency_Adjusted,1,2025-04-12 12:08:33,0,NULL,NULL
2020,furn8_net_efficiency_Adjusted,inferred,NULL,real,furn8 net efficiency Adjusted,furn8_net_efficiency_Adjusted,1,2025-04-12 12:08:33,0,NULL,NULL
2021,furn9_net_efficiency_Adjusted,inferred,NULL,real,furn9 net efficiency Adjusted,furn9_net_efficiency_Adjusted,1,2025-04-12 12:08:33,0,NULL,NULL
2022,Furnace_A_Fuel_gas_flow_Adjusted,inferred,NULL,real,Furnace A Fuel gas flow Adjusted,Furnace_A_Fuel_gas_flow_Adjusted,1,2025-04-12 12:08:33,0,NULL,NULL
2023,Furnace_B_Fuel_gas_flow_Adjusted,inferred,NULL,real,Furnace B Fuel gas flow Adjusted,Furnace_B_Fuel_gas_flow_Adjusted,1,2025-04-12 12:08:33,0,NULL,NULL
2024,Furnace_C_Fuel_gas_flow_Adjusted,inferred,NULL,real,Furnace C Fuel gas flow Adjusted,Furnace_C_Fuel_gas_flow_Adjusted,1,2025-04-12 12:08:33,0,NULL,NULL
2025,Furnace_D_Fuel_gas_flow_Adjusted,inferred,NULL,real,Furnace D Fuel gas flow Adjusted,Furnace_D_Fuel_gas_flow_Adjusted,1,2025-04-12 12:08:33,0,NULL,NULL
2026,Furnace_E_Fuel_gas_flow_Adjusted,inferred,NULL,real,Furnace E Fuel gas flow Adjusted,Furnace_E_Fuel_gas_flow_Adjusted,1,2025-04-12 12:08:34,0,NULL,NULL
2027,Furnace_F_Fuel_gas_flow_Adjusted,inferred,NULL,real,Furnace F Fuel gas flow Adjusted,Furnace_F_Fuel_gas_flow_Adjusted,1,2025-04-12 12:08:34,0,NULL,NULL
2028,Furnace_G_Fuel_gas_flow_Adjusted,inferred,NULL,real,Furnace G Fuel gas flow Adjusted,Furnace_G_Fuel_gas_flow_Adjusted,1,2025-04-12 12:08:34,0,NULL,NULL
2029,Furnace_H_Fuel_gas_flow_Adjusted,inferred,NULL,real,Furnace H Fuel gas flow Adjusted,Furnace_H_Fuel_gas_flow_Adjusted,1,2025-04-12 12:08:34,0,NULL,NULL
2030,Furnace_J_Fuel_gas_flow_Adjusted,inferred,NULL,real,Furnace J Fuel gas flow Adjusted,Furnace_J_Fuel_gas_flow_Adjusted,1,2025-04-12 12:08:34,0,NULL,NULL
2031,total_air_generated,inferred,NULL,real,Total Air Demand,Total Air Generated,1,2025-04-12 12:08:34,0,NULL,NULL
2032,Total_air_vent,inferred,NULL,real,Total Air Venting,Total Air Venting,1,2025-04-14 11:53:23,0,NULL,NULL
2033,Sp_En_KM_2115,pi,UN.EG1.KM-2115.Recycle_Compressor_Specific_Energy_Consumption_EO_CALC_OUTPUT,real,Sp. Energy for EG1 Recycle gas compressor: KM-2115,Sp. Energy for EG1 Recycle gas compressor: KM-2115,1,2025-04-14 11:53:23,0,NULL,NULL
2034,Sp_En_E_2523,inferred,NULL,real,Sp. Energy for EG1 Third Stage Reactor Feed Heater: E-2523,Sp. Energy for EG1 Third Stage Reactor Feed Heater: E-2523,1,2025-04-14 11:53:23,0,NULL,NULL
2035,Sp_En_E_2531,inferred,NULL,real,Sp. Energy for EG1 First Effect Reboiler: E-2531,Sp. Energy for EG1 First Effect Reboiler: E-2531,1,2025-04-14 11:53:23,0,NULL,NULL
2036,Sp_En_E_2610,inferred,NULL,real,Sp. Energy for EG1 Drying Column Reboiler: E-2610,Sp. Energy for EG1 Drying Column Reboiler: E-2610,1,2025-04-14 11:53:23,0,NULL,NULL
2037,Sp_En_E_2620,inferred,NULL,real,Sp. Energy for EG1 MEG Column Reboiler: E-2620,Sp. Energy for EG1 MEG Column Reboiler: E-2620,1,2025-04-14 11:53:23,0,NULL,NULL
2038,Sp_En_KM_4115,pi,UN.EG2.KM-4115.Recycle_Compressor_Specific_Energy_Consumption_EO_CALC_OUTPUT,real,Sp. Energy for EG2 Recycle gas compressor: KM-4115,Sp. Energy for EG2 Recycle gas compressor: KM-4115,1,2025-04-14 11:53:23,0,NULL,NULL
2039,Sp_En_E_4523,inferred,NULL,real,Sp. Energy for EG2 Third Stage Reactor Feed Heater: E-4523,Sp. Energy for EG2 Third Stage Reactor Feed Heater: E-4523,1,2025-04-14 11:53:23,0,NULL,NULL
2040,Sp_En_E_4531,inferred,NULL,real,Sp. Energy for EG2 First Effect Reboiler: E-4531,Sp. Energy for EG2 First Effect Reboiler: E-4531,1,2025-04-14 11:53:23,0,NULL,NULL
2041,Sp_En_E_4610,inferred,NULL,real,Sp. Energy for EG2 Drying Column Reboiler: E-4610,Sp. Energy for EG2 Drying Column Reboiler: E-4610,1,2025-04-14 11:53:23,0,NULL,NULL
2042,Sp_En_E_4620,inferred,NULL,real,Sp. Energy for EG2 MEG Column Reboiler: E-4620,Sp. Energy for EG2 MEG Column Reboiler: E-4620,1,2025-04-14 11:53:23,0,NULL,NULL
2043,Sp_En_E_6531,inferred,NULL,real,Sp. Energy for EG3 First Effect Reboiler: E-6531,Sp. Energy for EG3 First Effect Reboiler: E-6531,1,2025-04-14 11:53:23,0,NULL,NULL
2044,Sp_En_E_6620,inferred,NULL,real,Sp. Energy for EG3 MEG Column Reboiler: E-6620,Sp. Energy for EG3 MEG Column Reboiler: E-6620,1,2025-04-14 11:53:23,0,NULL,NULL
2045,Sp_En_H_1111,inferred,NULL,real,Sp. Energy for Eth Furnace A: H-1111,Sp. Energy for Eth Furnace A: H-1111,1,2025-04-14 11:53:23,0,NULL,NULL
2046,Sp_En_H_1112,inferred,NULL,real,Sp. Energy for Eth Furnace B: H-1112,Sp. Energy for Eth Furnace B: H-1112,1,2025-04-14 11:53:23,0,NULL,NULL
2047,Sp_En_H_1113,inferred,NULL,real,Sp. Energy for Eth Furnace C: H-1113,Sp. Energy for Eth Furnace C: H-1113,1,2025-04-14 11:53:23,0,NULL,NULL
2048,Sp_En_H_1114,inferred,NULL,real,Sp. Energy for Eth Furnace D: H-1114,Sp. Energy for Eth Furnace D: H-1114,1,2025-04-14 11:53:23,0,NULL,NULL
2049,Sp_En_H_1115,inferred,NULL,real,Sp. Energy for Eth Furnace E: H-1115,Sp. Energy for Eth Furnace E: H-1115,1,2025-04-14 11:53:23,0,NULL,NULL
2050,Sp_En_H_1116,inferred,NULL,real,Sp. Energy for Eth Furnace G: H-1116,Sp. Energy for Eth Furnace G: H-1116,1,2025-04-14 11:53:23,0,NULL,NULL
2051,Sp_En_H_1117,inferred,NULL,real,Sp. Energy for Eth Furnace H: H-1117,Sp. Energy for Eth Furnace H: H-1117,1,2025-04-14 11:53:23,0,NULL,NULL
2052,Sp_En_H_1118,inferred,NULL,real,Sp. Energy for Eth Furnace I: H-1118,Sp. Energy for Eth Furnace I: H-1118,1,2025-04-14 11:53:23,0,NULL,NULL
2053,Sp_En_H_1119,inferred,NULL,real,Sp. Energy for Eth Furnace J: H-1119,Sp. Energy for Eth Furnace J: H-1119,1,2025-04-14 11:53:23,0,NULL,NULL
2054,Sp_En_BO_7104A,inferred,NULL,real,Sp. Energy for U&O Boiler A: BO-7104A,Sp. Energy for U&O Boiler A: BO-7104A,1,2025-04-14 11:53:23,0,NULL,NULL
2055,Sp_En_BO_7104B,inferred,NULL,real,Sp. Energy for U&O Boiler B: BO-7104B,Sp. Energy for U&O Boiler B: BO-7104B,1,2025-04-14 11:53:23,0,NULL,NULL
2056,Sp_En_BO_7104C,inferred,NULL,real,Sp. Energy for U&O Boiler C: BO-7104C,Sp. Energy for U&O Boiler C: BO-7104C,1,2025-04-14 11:53:23,0,NULL,NULL
2057,Sp_En_BO_7104D,inferred,NULL,real,Sp. Energy for U&O Boiler D: BO-7104D,Sp. Energy for U&O Boiler D: BO-7104D,1,2025-04-14 11:53:23,0,NULL,NULL
2058,Sp_En_BO_7104E,inferred,NULL,real,Sp. Energy for U&O Boiler E: BO-7104E,Sp. Energy for U&O Boiler E: BO-7104E,1,2025-04-14 11:53:23,0,NULL,NULL
2059,Sp_En_KT_1200,inferred,NULL,real,Sp. Energy for Eth CGC Turbine: KT-1200,Sp. Energy for Eth CGC Turbine: KT-1200,1,2025-04-14 11:53:23,0,NULL,NULL
2060,Sp_En_E_1102,inferred,NULL,real,Sp. Energy for Eth Ethane feed saturator: E-1102,Sp. Energy for Eth Ethane feed saturator: E-1102,1,2025-04-14 11:53:23,0,NULL,NULL
2061,Sp_En_KM_7202B,inferred,NULL,real,Sp. Energy for U&O Air Compressor-B: KM-7202B,Sp. Energy for U&O Air Compressor-B: KM-7202B,1,2025-04-14 11:53:23,0,NULL,NULL
2062,Sp_En_KM_7202C,pi,UN.UO.KM-7201C.Air_Compressor_Motor_C_Specific_Energy_Consumption_EO_CALC_OUTPUT,real,Sp. Energy for U&O Air Compressor-C: KM-7202C,Sp. Energy for U&O Air Compressor-C: KM-7202C,1,2025-04-14 11:53:23,0,NULL,NULL
2063,Sp_En_PK_5020,pi,UN.CO2.PK-5020.Specific_Energy_Consumption_EO_CALC_OUTPUT,real,Sp. Energy for CO2 Raw Gas Compressor: PK-5020,Sp. Energy for CO2 Raw Gas Compressor: PK-5020,1,2025-04-14 11:53:23,0,NULL,NULL
2064,Sp_En_PK_5070,pi,UN.CO2.PK-5070.Specific_Energy_Consumption_EO_CALC_OUTPUT,real,Sp. Energy for CO2 Product Compressor: PK-5070,Sp. Energy for CO2 Product Compressor: PK-5070,1,2025-04-14 11:53:23,0,NULL,NULL
2065,Sp_En_KT_7202A,inferred,NULL,real,Sp. Energy for U&O Air Compressor-A: KT-7202A,Sp. Energy for U&O Air Compressor-A: KT-7202A,1,2025-04-14 11:53:23,0,NULL,NULL
2066,Sp_En_KT_7202D,pi,UN.UO.KT-7201D.Specific_Energy_Consumption_EO_CALC_OUTPUT,real,Sp. Energy for U&O Air Compressor-D: KT-7202D,Sp. Energy for U&O Air Compressor-D: KT-7202D,1,2025-04-14 11:53:23,0,NULL,NULL
2067,Sp_En_V_7101A,inferred,NULL,real,Sp. Energy for U&O Deaerator-A: V-7101A,Sp. Energy for U&O Deaerator-A: V-7101A,1,2025-04-14 11:53:23,0,NULL,NULL
2068,Sp_En_V_7101B,inferred,NULL,real,Sp. Energy for U&O Deaerator-B: V-7101B,Sp. Energy for U&O Deaerator-B: V-7101B,1,2025-04-14 11:53:23,0,NULL,NULL
2069,Sp_En_PM_7102A,inferred,NULL,real,Sp. Energy for U&O VHP BFW Pump-A: PM-7102A,Sp. Energy for U&O VHP BFW Pump-A: PM-7102A,1,2025-04-14 11:53:23,0,NULL,NULL
2070,Sp_En_PM_7103A,inferred,NULL,real,Sp. Energy for U&O BFW Pump-A: PM-7103A,Sp. Energy for U&O BFW Pump-A: PM-7103A,1,2025-04-14 11:53:23,0,NULL,NULL
2071,Sp_En_PM_7103D,inferred,NULL,real,Sp. Energy for U&O BFW Pump-D: PM-7103D,Sp. Energy for U&O BFW Pump-D: PM-7103D,1,2025-04-14 11:53:24,0,NULL,NULL
2072,Sp_En_PM_7103F,inferred,NULL,real,Sp. Energy for U&O BFW Pump-F: PM-7103F,Sp. Energy for U&O BFW Pump-F: PM-7103F,1,2025-04-14 11:53:24,0,NULL,NULL
2073,Sp_En_PT_7102B,pi,UN.UO.PT-7102B.Specific_Energy_Consumption_EO_CALC_OUTPUT,real,Sp. Energy for U&O VHP BFW Pump-B: PT-7102B,Sp. Energy for U&O VHP BFW Pump-B: PT-7102B,1,2025-04-14 11:53:24,0,NULL,NULL
2074,Sp_En_PT_7102C,pi,UN.UO.PT-7102C.Specific_Energy_Consumption_EO_CALC_OUTPUT,real,Sp. Energy for U&O VHP BFW Pump-C: PT-7102C,Sp. Energy for U&O VHP BFW Pump-C: PT-7102C,1,2025-04-14 11:53:24,0,NULL,NULL
2075,Sp_En_PT_7103B,inferred,NULL,real,Sp. Energy for U&O BFW Pump-B: PT-7103B,Sp. Energy for U&O BFW Pump-B: PT-7103B,1,2025-04-14 11:53:24,0,NULL,NULL
2076,Sp_En_PT_7103C,inferred,NULL,real,Sp. Energy for U&O BFW Pump-C: PT-7103C,Sp. Energy for U&O BFW Pump-C: PT-7103C,1,2025-04-14 11:53:24,0,NULL,NULL
2077,Sp_En_PT_7103E,inferred,NULL,real,Sp. Energy for U&O BFW Pump-E: PT-7103E,Sp. Energy for U&O BFW Pump-E: PT-7103E,1,2025-04-14 11:53:24,0,NULL,NULL
2078,Sp_En_PT_7801A,inferred,NULL,real,Sp. Energy for U&O Cooling Water Pump-A: PT-7801A,Sp. Energy for U&O Cooling Water Pump-A: PT-7801A,1,2025-04-14 11:53:24,0,NULL,NULL
2079,Sp_En_PT_7801B,pi,UN.UO.PT-7801B.Specific_Energy_Consumption_EO_CALC_OUTPUT,real,Sp. Energy for U&O Cooling Water Pump-B: PT-7801B,Sp. Energy for U&O Cooling Water Pump-B: PT-7801B,1,2025-04-14 11:53:24,0,NULL,NULL
2080,Sp_En_PT_7801G,inferred,NULL,real,Sp. Energy for U&O Cooling Water Pump-G: PT-7801G,Sp. Energy for U&O Cooling Water Pump-G: PT-7801G,1,2025-04-14 11:53:24,0,NULL,NULL
2081,Sp_En_KM_6115,inferred,NULL,real,Sp. Energy for EG3 Recycle gas compressor: KM-6115,Sp. Energy for EG3 Recycle gas compressor: KM-6115,1,2025-04-14 11:53:24,0,NULL,NULL
2082,Sp_En_H_3831,inferred,NULL,real,Sp. Energy for LAO Hot Oil Heater: H-3831,Sp. Energy for LAO Hot Oil Heater: H-3831,1,2025-04-14 11:53:24,0,NULL,NULL
2083,Sp_En_C_2310_to_E_2310,inferred,NULL,real,Sp. Energy for EG1 Stripping System: C-2310 / E-2310,Sp. Energy for EG1 Stripping System: C-2310 / E-2310,1,2025-04-14 11:53:24,0,NULL,NULL
2084,Sp_En_C_4310_to_E_4310,inferred,NULL,real,Sp. Energy for EG2 Stripping System: C-4310 / E-4310,Sp. Energy for EG2 Stripping System: C-4310 / E-4310,1,2025-04-14 11:53:24,0,NULL,NULL
2085,Sp_En_C_2220_to_E_2220,inferred,NULL,real,Sp. Energy for EG1 Regeneration System: C-2220 / E-2220,Sp. Energy for EG1 Regeneration System: C-2220 / E-2220,1,2025-04-14 11:53:24,0,NULL,NULL
2086,Sp_En_C_4220_to_E_4220,inferred,NULL,real,Sp. Energy for EG2 Regeneration System: C-4220 / E-4220,Sp. Energy for EG2 Regeneration System: C-4220 / E-4220,1,2025-04-14 11:53:24,0,NULL,NULL
2087,Sp_En_E_6220,inferred,NULL,real,Sp. Energy for EG3 Regeneration System: E-6220,Sp. Energy for EG3 Regeneration System: E-6220,1,2025-04-14 11:53:24,0,NULL,NULL
2088,Process_flow_of_E_2523,pi,UN.EG1.UN01-01-REA01.Total_Eoe_PEEO_CALC_OUTPUT,real,Process flow of E-2523,Process flow of E-2523,1,2025-04-14 11:53:24,0,NULL,NULL
2089,Process_flow_of_E_2531,inferred,NULL,real,Process flow of E-2531,Process flow of E-2531,1,2025-04-14 11:53:24,0,NULL,NULL
2090,Process_flow_of_E_2610,pi,UN.EG1.25FC5562.PV,real,Process flow of E-2610,Process flow of E-2610,1,2025-04-14 11:53:24,0,NULL,NULL
2091,Process_flow_of_E_2620,pi,UN.EG1.26FI6389.PV,real,Process flow of E-2620,Process flow of E-2620,1,2025-04-14 11:53:24,0,NULL,NULL
2092,Process_flow_of_E_4523,pi,UN.EG2.UN01-02-REA01.Total_Eoe_PEEO_CALC_OUTPUT,real,Process flow of E-4523,Indicates Equivalent EO Flow; Calculated Based on Glycol Products,1,2025-04-14 11:53:24,0,NULL,NULL
2093,Process_flow_of_E_4531,inferred,NULL,real,Process flow of E-4531,Process flow of E-4531,1,2025-04-14 11:53:24,0,NULL,NULL
2094,Process_flow_of_E_4610,pi,UN.EG2.45FC5562.PV,real,Process flow of E-4610,Process flow of E-4610,1,2025-04-14 11:53:24,0,NULL,NULL
2095,Process_flow_of_E_4620,pi,UN.EG2.46FI6389.PV,real,Process flow of E-4620,Process flow of E-4620,1,2025-04-14 11:53:24,0,NULL,NULL
2096,Process_flow_of_E_6531,pi,UN.EG3.UN01-03-REA01.Total_Eoe_PEEO_CALC_OUTPUT,real,Process flow of E-6531,Process flow of E-6531,1,2025-04-14 11:53:24,0,NULL,NULL
2097,Process_flow_of_E_6620,inferred,NULL,real,Process flow of E-6620,Process flow of E-6620,1,2025-04-14 11:53:24,0,NULL,NULL
2098,Process_flow_of_PK_5020,pi,UN.UO.50FI0115.PV,real,Process flow of PK-5020,Process flow of PK-5020,1,2025-04-14 11:53:24,0,NULL,NULL
2099,Process_flow_of_PM_7103A,inferred,NULL,real,Process flow of PM-7103A,Process flow of PM-7103A,1,2025-04-14 11:53:24,0,NULL,NULL
2100,Process_flow_of_PM_7103D,inferred,NULL,real,Process flow of PM-7103D,Process flow of PM-7103D,1,2025-04-14 11:53:24,0,NULL,NULL
2101,Process_flow_of_PM_7103F,inferred,NULL,real,Process flow of PM-7103F,Process flow of PM-7103F,1,2025-04-14 11:53:24,0,NULL,NULL
2102,Process_flow_of_PT_7103B,inferred,NULL,real,Process flow of PT-7103B,Process flow of PT-7103B,1,2025-04-14 11:53:24,0,NULL,NULL
2103,Process_flow_of_PT_7103C,inferred,NULL,real,Process flow of PT-7103C,Process flow of PT-7103C,1,2025-04-14 11:53:24,0,NULL,NULL
2104,Process_flow_of_PT_7103E,inferred,NULL,real,Process flow of PT-7103E,Process flow of PT-7103E,1,2025-04-14 11:53:24,0,NULL,NULL
2105,Process_flow_of_PT_7801A,inferred,NULL,real,Process flow of PT-7801A,Process flow of PT-7801A,1,2025-04-14 11:53:24,0,NULL,NULL
2106,Process_flow_of_PT_7801B,inferred,NULL,real,Process flow of PT-7801B,Process flow of PT-7801B,1,2025-04-14 11:53:24,0,NULL,NULL
2107,Process_flow_of_PT_7801G,inferred,NULL,real,Process flow of PT-7801G,Process flow of PT-7801G,1,2025-04-14 11:53:24,0,NULL,NULL
2108,Process_flow_of_KM_6115,pi,un.eg3.61fi1611A.pv,real,Process flow of KM-6115,Process flow of KM-6115,1,2025-04-14 11:53:24,0,NULL,NULL
2109,Process_flow_of_C_2310_E_2310,inferred,NULL,real,Process flow of C-2310 & E-2310,Process flow of C-2310 & E-2310,1,2025-04-14 11:53:24,0,NULL,NULL
2110,Process_flow_of_C_4310_E_4310,inferred,NULL,real,Process flow of C-4310 & E-4310,Process flow of C-4310 & E-4310,1,2025-04-14 11:53:24,0,NULL,NULL
2111,Process_flow_of_C_2220_E_2220,pi,UN.EG1.UN01-01-REA01.Co2_Production_PEEO_CALC_OUTPUT,real,Process flow of C-2220 & E-2220,Process flow of C-2220 & E-2220,1,2025-04-14 11:53:24,0,NULL,NULL
2112,Process_flow_of_C_4220_E_4220,pi,UN.EG2.UN01-02-REA01.Co2_Production_PEEO_CALC_OUTPUT,real,Process flow of C-4220 & E-4220,Process flow of C-4220 & E-4220,1,2025-04-14 11:53:24,0,NULL,NULL
2113,Process_flow_of_E_6220,pi,UN.EG3.UN01-03-REA01.Co2_Production_PEEO_CALC_OUTPUT,real,Process flow of E-6220,Process flow of E-6220,1,2025-04-14 11:53:24,0,NULL,NULL
2114,Process_flow_of_E_1102_1,pi,UN.ETH.ETHANE_TOT.CPV,real,Process flow of E-1102 1,Process flow of E-1102_1,1,2025-04-14 11:53:24,0,NULL,NULL
2115,Process_flow_of_E_1102_2,pi,UN.ETH.15FC5064.PV,real,Process flow of E-1102 2,Process flow of E-1102_2,1,2025-04-14 11:53:24,0,NULL,NULL
2116,Process_flow_of_E_1102,inferred,NULL,real,Process flow of E-1102,Process flow of E-1102,1,2025-04-14 11:53:24,0,NULL,NULL
2117,BOILER_A_CBD_Adjusted,inferred,NULL,real,BOILER A CBD Adjusted,BOILER_A_CBD_Adjusted,1,2025-04-14 11:53:24,0,NULL,NULL
2118,BOILER_B_CBD_Adjusted,inferred,NULL,real,BOILER B CBD Adjusted,BOILER_B_CBD_Adjusted,1,2025-04-14 11:53:24,0,NULL,NULL
2119,BOILER_C_CBD_Adjusted,inferred,NULL,real,BOILER C CBD Adjusted,BOILER_C_CBD_Adjusted,1,2025-04-14 11:53:24,0,NULL,NULL
2120,BOILER_D_CBD_Adjusted,inferred,NULL,real,BOILER D CBD Adjusted,BOILER_D_CBD_Adjusted,1,2025-04-14 11:53:24,0,NULL,NULL
2121,BOILER_E_CBD_Adjusted,inferred,NULL,real,BOILER E CBD Adjusted,BOILER_E_CBD_Adjusted,1,2025-04-14 11:53:24,0,NULL,NULL
2122,CW_Turbine_A_Steam_raw,inferred,NULL,real,CW Turbine A Steam raw,CW_Turbine_A_Steam_raw,1,2025-04-15 11:05:20,0,NULL,NULL
2123,CW_Turbine_B_Steam_raw,inferred,NULL,real,CW Turbine B Steam raw,CW_Turbine_B_Steam_raw,1,2025-04-15 11:05:20,0,NULL,NULL
2124,CW_Turbine_G_Steam_raw,inferred,NULL,real,CW Turbine G Steam raw,CW_Turbine_G_Steam_raw,1,2025-04-15 11:05:20,0,NULL,NULL
2125,Air_vent_upper_bound,inferred,NULL,real,Air vent upper bound,Air_vent_upper_bound,1,2025-04-17 12:28:45,0,NULL,NULL
2126,CW_Circuit_1_return_temp,pi,UN.EG1.29TI9101.PV,real,CW Circuit 1 return temp,CW Circuit 1 return temp,1,2025-04-22 10:26:10,0,NULL,NULL
2127,CW_Circuit_2_supply_temp,pi,UN.UO.78TI8728.PV,real,CW Circuit 2 supply temp,CW Circuit 2 supply temp,1,2025-04-22 10:26:10,0,NULL,NULL
2128,CW_Circuit_2_return_temp,pi,UN.UO.78TI8306.PV,real,CW Circuit 2 return temp,CW Circuit 2 return temp,1,2025-04-22 10:26:10,0,NULL,NULL
2129,Sea_water_supply_1_temp,pi,UN.UO.92TI2001.PV,real,Sea water supply 1,Sea water supply 1 temp,1,2025-04-22 10:26:10,0,NULL,NULL
2130,Sea_water_supply_2_temp,pi,UN.UO.92TI2002.PV,real,Sea water supply 2,Sea water supply 2 temp,1,2025-04-22 10:26:10,0,NULL,NULL
2131,Sea_water_return_temp,pi,UN.UO.78TI8009.PV,real,Sea water return,Sea water return temp,1,2025-04-22 10:26:10,0,NULL,NULL
2132,Sea_water_blowdown_flow,pi,UN.UO.78FI8010A.PV,real,Sea water blowdown flow,Sea water blowdown flow,1,2025-04-22 10:26:10,0,NULL,NULL
2133,CW_Circuit_1_delta_Temp,inferred,NULL,real,CW Circuit 1 delta Temp,CW Circuit 1 delta Temp,1,2025-04-22 10:26:10,0,NULL,NULL
2134,CW_Circuit_1_cooling_duty,inferred,NULL,real,CW Circuit 1 cooling duty,CW Circuit 1 cooling duty,1,2025-04-22 10:26:10,0,NULL,NULL
2135,CW_Circuit_2_delta_Temp,pi,UN.UO.CW_Circuit_2_Delta_Temperature_EO_CALC_OUTPUT,real,CW Circuit 2 delta Temp,CW Circuit 2 delta Temp,1,2025-04-22 10:26:10,0,NULL,NULL
2136,CW_Circuit_2_cooling_duty,inferred,NULL,real,CW Circuit 2 cooling duty,CW Circuit 2 cooling duty,1,2025-04-22 10:26:10,0,NULL,NULL
2137,Total_plant_cooling_duty,inferred,NULL,real,Total plant cooling duty,Total plant cooling duty,1,2025-04-22 10:26:10,0,NULL,NULL
2138,Sea_CW_delta_Temp,pi,UN.UO.Sea_Cooling_Water_delta_Temperature_EO_CALC_OUTPUT,real,Sea CW delta Temp,Sea CW delta Temp,1,2025-04-22 10:26:10,0,NULL,NULL
2139,Sea_CW_Flow,inferred,NULL,real,Sea CW Flow,Sea CW Flow,1,2025-04-22 10:26:10,0,NULL,NULL
2140,AIR_COMPRESSOR_A_Vent_flow_benifit,inferred,NULL,real,AIR COMPRESSOR A Vent flow benifit,AIR_COMPRESSOR_A_Vent_flow_benifit,1,2025-04-22 10:26:10,0,NULL,NULL
2141,AIR_COMPRESSOR_B_Vent_flow_benifit,inferred,NULL,real,AIR COMPRESSOR B Vent flow benifit,AIR_COMPRESSOR_B_Vent_flow_benifit,1,2025-04-22 10:26:10,0,NULL,NULL
2142,AIR_COMPRESSOR_C_Vent_flow_benifit,inferred,NULL,real,AIR COMPRESSOR C Vent flow benifit,AIR_COMPRESSOR_C_Vent_flow_benifit,1,2025-04-22 10:26:10,0,NULL,NULL
2143,AIR_COMPRESSOR_D_Vent_flow_benifit,inferred,NULL,real,AIR COMPRESSOR D Vent flow benifit,AIR_COMPRESSOR_D_Vent_flow_benifit,1,2025-04-22 10:26:10,0,NULL,NULL
2144,Spec_En_Cons_BLR_1_dev,inferred,NULL,real,Spec En Cons BLR 1 dev,Spec_En_Cons_BLR_1_dev,1,2025-04-22 10:26:10,0,NULL,NULL
2145,Spec_En_Cons_BLR_2_dev,inferred,NULL,real,Spec En Cons BLR 2 dev,Spec_En_Cons_BLR_2_dev,1,2025-04-22 10:26:10,0,NULL,NULL
2146,Spec_En_Cons_BLR_3_dev,inferred,NULL,real,Spec En Cons BLR 3 dev,Spec_En_Cons_BLR_3_dev,1,2025-04-22 10:26:10,0,NULL,NULL
2147,Spec_En_Cons_BLR_4_dev,inferred,NULL,real,Spec En Cons BLR 4 dev,Spec_En_Cons_BLR_4_dev,1,2025-04-22 10:26:10,0,NULL,NULL
2148,Spec_En_Cons_BLR_5_dev,inferred,NULL,real,Spec En Cons BLR 5 dev,Spec_En_Cons_BLR_5_dev,1,2025-04-22 10:26:10,0,NULL,NULL
2149,KM_2115_suc_Pressure,pi,UN.EG1.21PI1864B.PV,real,KM 2115 suc Pressure,KM 2115 suc Pressure,1,2025-04-22 10:26:10,0,NULL,NULL
2150,KM_2115_Dis_Pressure,pi,UN.EG1.21PI1863B.PV,real,KM 2115 Dis Pressure,KM 2115 Dis Pressure,1,2025-04-22 10:26:10,0,NULL,NULL
2151,KM_2115_Dis_Temp,pi,UN.EG1.21TI1840B.PV,real,KM 2115 Dis Temp,KM 2115 Dis Temp,1,2025-04-22 10:26:10,0,NULL,NULL
2152,KM_4115_Dis_Pressure,pi,UN.EG2.41PI1863B.PV,real,KM 4115 Dis Pressure,KM 4115 Dis Pressure,1,2025-04-22 10:26:10,0,NULL,NULL
2153,KM_4115_Dis_Temp,pi,UN.EG2.41TI1840B.PV,real,KM 4115 Dis Temp,KM 4115 Dis Temp,1,2025-04-22 10:26:10,0,NULL,NULL
2154,KM_6115_suc_Pressure,pi,UN.EG3.61PI1835.PV,real,KM 6115 suc Pressure,KM 6115 suc Pressure,1,2025-04-22 10:26:10,0,NULL,NULL
2155,MW_Ratio,inferred,NULL,real,MW Ratio,MW Ratio,1,2025-04-22 10:26:10,0,NULL,NULL
2156,EG1_temp_ratio,pi,UN.EG1.Temperature_Ratio_EO_CALC_OUTPUT,real,EG1 temp ratio,EG1 temp ratio,1,2025-04-22 10:26:10,0,NULL,NULL
2157,EG1_pr_ratio,pi,UN.EG1.Pressure_Ratio_EO_CALC_OUTPUT,real,EG1 pr ratio,EG1 pr ratio,1,2025-04-22 10:26:10,0,NULL,NULL
2158,EG1_avg_temp,pi,UN.EG1.Average_Temperature_EO_CALC_OUTPUT,real,EG1 avg temp,EG1 avg temp,1,2025-04-22 10:26:10,0,NULL,NULL
2159,K_Eq,inferred,NULL,real,K Eq,K Eq,1,2025-04-22 10:26:10,0,NULL,NULL
2160,EG1_Comp_eff,inferred,NULL,real,EG1 Comp eff,EG1 Comp eff,1,2025-04-22 10:26:10,0,NULL,NULL
2161,EG2_temp_ratio,inferred,NULL,real,EG2 temp ratio,EG2 temp ratio,1,2025-04-22 10:26:10,0,NULL,NULL
2162,EG2_pr_ratio,pi,UN.EG2.Pressure_Ratio_EO_CALC_OUTPUT,real,EG2 pr ratio,EG2 pr ratio,1,2025-04-22 10:26:10,0,NULL,NULL
2163,EG2_avg_temp,inferred,NULL,real,EG2 avg temp,EG2 avg temp,1,2025-04-22 10:26:10,0,NULL,NULL
2164,EG2_Comp_eff,inferred,NULL,real,EG2 Comp eff,EG2 Comp eff,1,2025-04-22 10:26:10,0,NULL,NULL
2165,EG3_temp_ratio,inferred,NULL,real,EG3 temp ratio,EG3 temp ratio,1,2025-04-22 10:26:10,0,NULL,NULL
2166,EG3_pr_ratio,pi,UN.EG3.Pressure_Ratio_EO_CALC_OUTPUT,real,EG3 pr ratio,EG3 pr ratio,1,2025-04-22 10:26:10,0,NULL,NULL
2167,EG3_avg_temp,inferred,NULL,real,EG3 avg temp,EG3 avg temp,1,2025-04-22 10:26:10,0,NULL,NULL
2168,EG3_Comp_eff,inferred,NULL,real,EG3 Comp eff,EG3 Comp eff,1,2025-04-22 10:26:10,0,NULL,NULL
2169,Closed_circuit_CW_chem_Cost,inferred,NULL,real,Closed circuit CW chem Cost,Closed circuit CW chem Cost,1,2025-04-22 10:26:10,0,NULL,NULL
2170,Deaerator_LPS,pi,UN.UO.Deaerator_LPS_EO_CALC_OUTPUT,real,Deaerator LPS,Deaerator_LPS,1,2025-04-24 12:34:13,0,NULL,NULL
2171,Deaerator_A_LPS_percent,pi,UN.UO.V-7101A.Deaerator_A_LPS_Percent_EO_CALC_OUTPUT,real,Deaerator A LPS percent,Deaerator_A_LPS_percent,1,2025-04-24 12:34:13,0,NULL,NULL
2172,Deaerator_B_LPS_percent,inferred,NULL,real,Deaerator B LPS percent,Deaerator_B_LPS_percent,1,2025-04-24 12:34:13,0,NULL,NULL
2173,SEU_Enable,inferred,NULL,real,SEU Enable,use SEU switch,1,2025-04-25 12:57:08,0,NULL,NULL
2174,FUEL_GAS_From_UO_to_LAO_delta,inferred,NULL,real,FUEL GAS From UO to LAO delta,FUEL_GAS_From_UO_to_LAO_delta,1,2025-04-25 14:31:19,0,NULL,NULL
2175,FUEL_GAS_From_UO_to_ETH_delta,inferred,NULL,real,FUEL GAS From UO to ETH delta,FUEL_GAS_From_UO_to_ETH_delta,1,2025-04-25 14:31:19,0,NULL,NULL
2176,MEG_Column_Critical_Tray_EG1_Adjusted,inferred,NULL,real,MEG Column Critical Tray EG1 Adjusted,MEG_Column_Critical_Tray_EG1_Adjusted,1,2025-04-29 12:16:43,0,NULL,NULL
2177,Drying_Column_Critical_Tray_EG1_Adjusted,inferred,NULL,real,Drying Column Critical Tray EG1 Adjusted,Drying_Column_Critical_Tray_EG1_Adjusted,1,2025-04-29 12:16:43,0,NULL,NULL
2178,MEG_Column_Critical_Tray_EG2_Adjusted,inferred,NULL,real,MEG Column Critical Tray EG2 Adjusted,MEG_Column_Critical_Tray_EG2_Adjusted,1,2025-04-29 12:16:43,0,NULL,NULL
2179,Drying_Column_Critical_Tray_EG2_Adjusted,inferred,NULL,real,Drying Column Critical Tray EG2 Adjusted,Drying_Column_Critical_Tray_EG2_Adjusted,1,2025-04-29 12:16:43,0,NULL,NULL
2180,MEG_Column_Critical_Tray_EG3_Adjusted,inferred,NULL,real,MEG Column Critical Tray EG3 Adjusted,MEG_Column_Critical_Tray_EG3_Adjusted,1,2025-04-29 12:16:43,0,NULL,NULL
2181,EOEG_1_MPS_Demand_delta_Adjusted,inferred,NULL,real,EOEG 1 MPS Demand delta Adjusted,EOEG_1_MPS_Demand_delta_Adjusted,1,2025-04-29 12:16:43,0,NULL,NULL
2182,EOEG_1_LPS_Demand_delta_Adjusted,inferred,NULL,real,EOEG 1 LPS Demand delta Adjusted,EOEG_1_LPS_Demand_delta_Adjusted,1,2025-04-29 12:16:43,0,NULL,NULL
2183,EOEG_2_MPS_Demand_delta_Adjusted,inferred,NULL,real,EOEG 2 MPS Demand delta Adjusted,EOEG_2_MPS_Demand_delta_Adjusted,1,2025-04-29 12:16:43,0,NULL,NULL
2184,EOEG_2_LPS_Demand_delta_Adjusted,inferred,NULL,real,EOEG 2 LPS Demand delta Adjusted,EOEG_2_LPS_Demand_delta_Adjusted,1,2025-04-29 12:16:43,0,NULL,NULL
2185,EOEG_3_MPS_Demand_delta_Adjusted,inferred,NULL,real,EOEG 3 MPS Demand delta Adjusted,EOEG_3_MPS_Demand_delta_Adjusted,1,2025-04-29 12:16:43,0,NULL,NULL
2186,EOEG_3_LPS_Demand_delta_Adjusted,inferred,NULL,real,EOEG 3 LPS Demand delta Adjusted,EOEG_3_LPS_Demand_delta_Adjusted,1,2025-04-29 12:16:43,0,NULL,NULL
2187,ETH_HPS_Demand_delta_2_Adjusted,inferred,NULL,real,ETH HPS Demand delta Adjusted,ETH_HPS_Demand_delta_Adjusted,0,2025-04-29 12:16:43,0,NULL,NULL
2188,Total_Benifit,inferred,NULL,real,Opportunity in Energy Bills (U&O),Opportunity in Energy Bills,1,2025-04-29 12:16:43,0,NULL,NULL
2189,Whatif_running,inferred,NULL,real,Whatif running,Whatif_running,1,2025-04-29 14:37:15,0,NULL,NULL
2190,K_5071_suc_temp,pi,UN.UO.50TI0928.PV,real,K 5071 suc temp,K_5071_suc_temp,1,2025-04-29 14:37:15,0,NULL,NULL
2191,K_5071_suc_pressure,pi,UN.UO.50PI0923A.PV,real,K 5071 suc pressure,K_5071_suc_pressure,1,2025-04-29 14:37:15,0,NULL,NULL
2192,K_5071_Dis_temp,pi,UN.UO.50TI0923.PV,real,K 5071 Dis temp,K_5071_Dis_temp,1,2025-04-29 14:37:15,0,NULL,NULL
2193,K_5071_Dis_pressure,pi,UN.UO.50PI0924.PV,real,K 5071 Dis pressure,K_5071_Dis_pressure,1,2025-04-29 14:37:15,0,NULL,NULL
2194,IGV_Opening,pi,UN.UO.50HV0923.MV,real,IGV Opening,IGV_Opening,1,2025-04-29 14:37:15,0,NULL,NULL
2195,ASCV_Opening,pi,UN.UO.50FV0924.MV,real,ASCV Opening,ASCV_Opening,1,2025-04-29 14:37:15,0,NULL,NULL
2196,CO2_Sale_flow,pi,UN.UO.83FYI3001.PV,real,CO2 Sale flow,CO2_Sale_flow,1,2025-04-29 14:37:15,0,NULL,NULL
2197,ASCV_Optimum_Opening,inferred,NULL,real,ASCV Optimum Opening,ASCV_Optimum_Opening,1,2025-04-29 14:37:15,0,NULL,NULL
2198,ASCV_Opening_Margin,inferred,NULL,real,ASCV Opening Margin,ASCV_Opening_Margin,1,2025-04-29 14:37:15,0,NULL,NULL
2199,K_5071_Flow_Reduction,inferred,NULL,real,K 5071 Flow Reduction,K_5071_Flow_Reduction,1,2025-04-29 14:37:15,0,NULL,NULL
2200,K_5071_Actual_Power,inferred,NULL,real,K-5071 Power consumption,K_5071_Actual_Power,1,2025-04-29 14:37:15,0,NULL,NULL
2201,K_5071_Optimum_Power,inferred,NULL,real,K_5071_Optimum_Power,K_5071_Optimum_Power,0,2025-04-29 14:37:15,0,NULL,NULL
2202,opportunity_from_seus,inferred,NULL,real,Opportunity in Energy Bills (Process Plant SEU's),"Opportunity from SEU's ",1,2025-04-29 18:25:29,0,NULL,NULL
2203,Sea_water_makeup_CW,pi,UN.UO.Sea_Water_Makeup_Cooling_Water_EO_CALC_OUTPUT,real,Sea water makeup CW,Sea water makeup CW,1,2025-04-29 18:25:29,0,NULL,NULL
2204,Sea_water_cost,pi,UN.UO.Sea_Water_Cost_EO_CALC_OUTPUT,real,Sea water cost,Sea water cost,1,2025-04-29 18:25:29,0,NULL,NULL
2205,Clean_suspect_return_cond,inferred,NULL,real,Clean suspect return cond,Clean suspect return cond,1,2025-04-29 18:25:29,0,NULL,NULL
2206,BOILER_E_FLUE_GAS_OXGYGEN,pi,UN.UO.71AI1501C.PV,real,BOILER E FLUE GAS OXGYGEN,BOILER_E_FLUE_GAS_OXGYGEN,1,2025-04-30 07:40:47,0,NULL,NULL
2207,BOILER_A_STACK_TEMPERATURE,pi,UN.UO.71TI1107.PV,real,BOILER A STACK TEMPERATURE,BOILER_A_STACK_TEMPERATURE,1,2025-04-30 07:40:47,0,NULL,NULL
2208,BOILER_B_STACK_TEMPERATURE,pi,UN.UO.71TI1207.PV,real,BOILER B STACK TEMPERATURE,BOILER_B_STACK_TEMPERATURE,1,2025-04-30 07:40:47,0,NULL,NULL
2209,BOILER_C_STACK_TEMPERATURE,pi,UN.UO.71TI1307.PV,real,BOILER C STACK TEMPERATURE,BOILER_C_STACK_TEMPERATURE,1,2025-04-30 07:40:47,0,NULL,NULL
2210,BOILER_D_STACK_TEMPERATURE,pi,UN.UO.71TI1407.PV,real,BOILER D STACK TEMPERATURE,BOILER_D_STACK_TEMPERATURE,1,2025-04-30 07:40:47,0,NULL,NULL
2211,BOILER_E_STACK_TEMPERATURE,pi,UN.UO.71TI1507.PV,real,BOILER E STACK TEMPERATURE,BOILER_E_STACK_TEMPERATURE,1,2025-04-30 07:40:47,0,NULL,NULL
2212,BOILER_A_FLUE_GAS_OXGYGEN_Adjusted,inferred,NULL,real,BOILER A FLUE GAS OXGYGEN Adjusted,BOILER_A_FLUE_GAS_OXGYGEN_Adjusted,1,2025-04-30 07:40:47,0,NULL,NULL
2213,BOILER_B_FLUE_GAS_OXGYGEN_Adjusted,inferred,NULL,real,BOILER B FLUE GAS OXGYGEN Adjusted,BOILER_B_FLUE_GAS_OXGYGEN_Adjusted,1,2025-04-30 07:40:47,0,NULL,NULL
2214,BOILER_C_FLUE_GAS_OXGYGEN_Adjusted,inferred,NULL,real,BOILER C FLUE GAS OXGYGEN Adjusted,BOILER_C_FLUE_GAS_OXGYGEN_Adjusted,1,2025-04-30 07:40:47,0,NULL,NULL
2215,BOILER_D_FLUE_GAS_OXGYGEN_Adjusted,inferred,NULL,real,BOILER D FLUE GAS OXGYGEN Adjusted,BOILER_D_FLUE_GAS_OXGYGEN_Adjusted,1,2025-04-30 07:40:47,0,NULL,NULL
2216,BOILER_E_FLUE_GAS_OXGYGEN_Adjusted,inferred,NULL,real,BOILER E FLUE GAS OXGYGEN Adjusted,BOILER_E_FLUE_GAS_OXGYGEN_Adjusted,1,2025-04-30 07:40:47,0,NULL,NULL
2217,BOILER_A_STACK_TEMPERATURE_Adjusted,inferred,NULL,real,BOILER A STACK TEMPERATURE Adjusted,BOILER_A_STACK_TEMPERATURE_Adjusted,1,2025-04-30 07:40:47,0,NULL,NULL
2218,BOILER_B_STACK_TEMPERATURE_Adjusted,inferred,NULL,real,BOILER B STACK TEMPERATURE Adjusted,BOILER_B_STACK_TEMPERATURE_Adjusted,1,2025-04-30 07:40:47,0,NULL,NULL
2219,BOILER_C_STACK_TEMPERATURE_Adjusted,inferred,NULL,real,BOILER C STACK TEMPERATURE Adjusted,BOILER_C_STACK_TEMPERATURE_Adjusted,1,2025-04-30 07:40:47,0,NULL,NULL
2220,BOILER_D_STACK_TEMPERATURE_Adjusted,inferred,NULL,real,BOILER D STACK TEMPERATURE Adjusted,BOILER_D_STACK_TEMPERATURE_Adjusted,1,2025-04-30 07:40:47,0,NULL,NULL
2221,BOILER_E_STACK_TEMPERATURE_Adjusted,inferred,NULL,real,BOILER E STACK TEMPERATURE Adjusted,BOILER_E_STACK_TEMPERATURE_Adjusted,1,2025-04-30 07:40:47,0,NULL,NULL
2222,K_5021_suc_temp,pi,UN.UO.50TI0252.PV,real,K 5021 suc temp,K_5021_suc_temp,1,2025-04-30 13:34:06,0,NULL,NULL
2223,K_5021_suc_pressure,pi,UN.UO.50PI0259B FAST,real,K 5021 suc pressure,K_5021_suc_pressure,1,2025-04-30 13:34:06,0,NULL,NULL
2224,K_5021_Dis_temp,pi,UN.UO.50TI0260A.PV,real,K 5021 Dis temp,K_5021_Dis_temp,1,2025-04-30 13:34:06,0,NULL,NULL
2225,K_5021_Dis_pressure,pi,UN.UO.50PI0256.PV,real,K 5021 Dis pressure,K_5021_Dis_pressure,1,2025-04-30 13:34:06,0,NULL,NULL
2226,K_5021_Dis_Flow,inferred,NULL,real,K 5021 Dis Flow,K_5021_Dis_Flow,1,2025-04-30 13:34:06,0,NULL,NULL
2227,Optium_Temp_Ratio_5021,inferred,NULL,real,Optium Temp Ratio 5021,Optium_Temp_Ratio_5021,1,2025-04-30 13:34:06,0,NULL,NULL
2228,Presssure_Ratio_5021,inferred,NULL,real,Presssure Ratio 5021,Presssure_Ratio_5021,1,2025-04-30 13:34:06,0,NULL,NULL
2229,Temp_Ratio_5021,inferred,NULL,real,Temp Ratio 5021,Temp_Ratio_5021,1,2025-04-30 13:34:06,0,NULL,NULL
2230,Short_Eff_5021,pi,UN.CO2.PK-5020.Short_Efficiency_EO_CALC_OUTPUT,real,Short Eff 5021,Short_Eff_5021,1,2025-04-30 13:34:06,0,NULL,NULL
2231,scaled_eff_5021,pi,UN.CO2.PK-5020.Scaled_Efficiency_EO_CALC_OUTPUT,real,K-5021 Efficiency,scaled_eff_5021,1,2025-04-30 13:34:06,0,NULL,NULL
2232,Optimum_Eff_5021,pi,UN.CO2.PK-5020.Optimum_Efficiency_EO_CALC_OUTPUT,real,Optimum Eff 5021,Optimum_Eff_5021,1,2025-04-30 13:35:15,0,NULL,NULL
2233,Theoritical_Power_Consumption_5021,pi,UN.CO2.PK-5020.Theoretical_Power_Consumption_EO_CALC_OUTPUT,real,Theoritical Power Consumption 5021,Theoritical_Power_Consumption_5021,1,2025-04-30 13:35:15,0,NULL,NULL
2234,Actual_Power_Consumption_5021,pi,UN.CO2.PK-5020.Actual_Power_Consumption_EO_CALC_OUTPUT,real,K-5021 Power consumption,Actual_Power_Consumption_5021,1,2025-04-30 13:35:15,0,NULL,NULL
2235,Optimum_Power_Consumption_5021,inferred,NULL,real,Optimum_Power_Consumption_5021,Optimum_Power_Consumption_5021,0,2025-04-30 13:35:15,0,NULL,NULL
2236,K_5071_Actual_Power_Adjusted,pi,UN.CO2.PK-5070.Actual_Power_Consumption_Adjusted_EO_CALC_OUTPUT,real,K 5071 Optimum Power,K_5071_Optimum_Power,1,2025-05-01 10:47:20,0,NULL,NULL
2237,Actual_Power_Consumption_5021_Adjusted,pi,UN.CO2.PK-5020.Actual_Power_Consumption_Adjusted_EO_CALC_OUTPUT,real,Optimum Power Consumption 5021,Optimum_Power_Consumption_5021,1,2025-05-01 10:47:20,0,NULL,NULL
2238,Total_Plant_Bill,inferred,NULL,real,Total Plant Bill,Total Plant Bill,1,2025-05-01 14:15:21,0,NULL,NULL
2239,Objective_2,inferred,NULL,real,Objective,Objective_2,1,2025-05-03 07:10:50,0,NULL,NULL
2240,LP_Steam_From_Condensate_Drum,pi,UN.UO.LP_Steam_From_Condensate_Drum_EO_CALC_OUTPUT,real,LP Steam From Condensate Drum,LP_Steam_From_Condensate_Drum,1,2025-05-03 07:10:50,0,NULL,NULL
2241,Eth_LHV_GJ_T,inferred,NULL,real,Eth of LHV in GJ/T,Eth of LHV in GJ/T,1,2025-05-03 07:10:50,0,NULL,NULL
2242,Process_flow_of_E_2523_Adjusted,inferred,NULL,real,Process flow of E 2523 Adjusted,Process_flow_of_E_2523_Adjusted,1,2025-05-03 07:10:50,0,NULL,NULL
2243,Process_flow_of_E_2610_Adjusted,inferred,NULL,real,Process flow of E 2610 Adjusted,Process_flow_of_E_2610_Adjusted,1,2025-05-03 07:10:50,0,NULL,NULL
2244,Process_flow_of_E_2620_Adjusted,inferred,NULL,real,Process flow of E 2620 Adjusted,Process_flow_of_E_2620_Adjusted,1,2025-05-03 07:10:50,0,NULL,NULL
2245,Process_flow_of_E_4523_Adjusted,inferred,NULL,real,Process flow of E 4523 Adjusted,Process_flow_of_E_4523_Adjusted,1,2025-05-03 07:10:50,0,NULL,NULL
2246,Process_flow_of_E_4610_Adjusted,inferred,NULL,real,Process flow of E 4610 Adjusted,Process_flow_of_E_4610_Adjusted,1,2025-05-03 07:10:50,0,NULL,NULL
2247,Process_flow_of_E_4620_Adjusted,inferred,NULL,real,Process flow of E 4620 Adjusted,Process_flow_of_E_4620_Adjusted,1,2025-05-03 07:10:50,0,NULL,NULL
2248,Process_flow_of_E_6531_Adjusted,inferred,NULL,real,Process flow of E 6531 Adjusted,Process_flow_of_E_6531_Adjusted,1,2025-05-03 07:10:50,0,NULL,NULL
2249,Process_flow_of_C_2220_E_2220_Adjusted,inferred,NULL,real,Process flow of C 2220 E 2220 Adjusted,Process_flow_of_C_2220_E_2220_Adjusted,1,2025-05-03 07:10:50,0,NULL,NULL
2250,Process_flow_of_C_4220_E_4220_Adjusted,inferred,NULL,real,Process flow of C 4220 E 4220 Adjusted,Process_flow_of_C_4220_E_4220_Adjusted,1,2025-05-03 07:10:50,0,NULL,NULL
2251,Process_flow_of_E_6220_Adjusted,inferred,NULL,real,Process flow of E 6220 Adjusted,Process_flow_of_E_6220_Adjusted,1,2025-05-03 07:10:50,0,NULL,NULL
2252,EG2_LP_steam_BL_pressure,pi,UN.EG2.49PI9205.PV,real,EG LP BL Pressure,EG LP BL Pressure,1,2025-05-03 07:10:50,0,NULL,NULL
2253,Boiler_A_Main_Fuel_Gas_Temperature,pi,UN.UO.71TI1113.PV,real,Boiler A Main Fuel Gas Temperature,Boiler_A_Main_Fuel_Gas_Temperature,1,2025-05-04 11:56:41,0,NULL,NULL
2254,Ambient_Temperature_1,pi,UN.UO.86XI6024.PV,real,Ambient Temperature 1,Ambient_Temperature_1,1,2025-05-04 11:56:41,0,NULL,NULL
2255,Relative_Humidity,pi,UN.UO.86XI6025.PV,real,Relative Humidity,Relative_Humidity,1,2025-05-04 11:56:41,0,NULL,NULL
2256,Arrazi_Plant_Load,pi,AR.AR5.DCS.Process.REFLOAD5.CPV,real,Arrazi Plant Load,Arrazi_Plant_Load,1,2025-05-04 11:56:41,0,NULL,NULL
2257,Boiler_B_Main_Fuel_Gas_Temperature,pi,UN.UO.71TI1213.PV,real,Boiler B Main Fuel Gas Temperature,Boiler_B_Main_Fuel_Gas_Temperature,1,2025-05-04 11:56:41,0,NULL,NULL
2258,Boiler_B_Combustion_Air_Temperature,pi,UN.UO.71TI1214B.PV,real,Boiler B Combustion Air Temperature,Boiler_B_Combustion_Air_Temperature,1,2025-05-04 11:56:41,0,NULL,NULL
2259,Boiler_C_Main_Fuel_Gas_Temperature,pi,UN.UO.71TI1313.PV,real,Boiler C Main Fuel Gas Temperature,Boiler_C_Main_Fuel_Gas_Temperature,1,2025-05-04 11:56:41,0,NULL,NULL
2260,Boiler_C_Combustion_Air_Temperature,pi,UN.UO.71TI1314B.PV,real,Boiler C Combustion Air Temperature,Boiler_C_Combustion_Air_Temperature,1,2025-05-04 11:56:41,0,NULL,NULL
2261,Boiler_D_Main_Fuel_Gas_Temperature,pi,UN.UO.71TI1413.PV,real,Boiler D Main Fuel Gas Temperature,Boiler_D_Main_Fuel_Gas_Temperature,1,2025-05-04 11:56:41,0,NULL,NULL
2262,Boiler_D_Combustion_Air_Temperature,pi,UN.UO.71TI1414B.PV,real,Boiler D Combustion Air Temperature,Boiler_D_Combustion_Air_Temperature,1,2025-05-04 11:56:41,0,NULL,NULL
2263,Boiler_E_Main_Fuel_Gas_Temperature,pi,UN.UO.71TI1513.PV,real,Boiler E Main Fuel Gas Temperature,Boiler_E_Main_Fuel_Gas_Temperature,1,2025-05-04 11:56:41,0,NULL,NULL
2264,Boiler_E_Combustion_Air_Temp,pi,UN.UO.71TI1514.PV,real,Boiler E Combustion Air Temp,Boiler_E_Combustion_Air_Temp,1,2025-05-04 11:56:41,0,NULL,NULL
2265,Lhv_H2_Hydrogen,inferred,NULL,real,Lhv H2 Hydrogen,Lhv_H2_Hydrogen,1,2025-05-04 11:56:41,0,NULL,NULL
2266,Lhv_Ch4_Methane,inferred,NULL,real,Lhv Ch4 Methane,Lhv_Ch4_Methane,1,2025-05-04 11:56:41,0,NULL,NULL
2267,Lhv_N2_Nitrogen,inferred,NULL,real,Lhv N2 Nitrogen,Lhv_N2_Nitrogen,1,2025-05-04 11:56:41,0,NULL,NULL
2268,Lhv_C2H4_Ethylene,inferred,NULL,real,Lhv C2H4 Ethylene,Lhv_C2H4_Ethylene,1,2025-05-04 11:56:41,0,NULL,NULL
2269,Lhv_C2H6_Ethane,inferred,NULL,real,Lhv C2H6 Ethane,Lhv_C2H6_Ethane,1,2025-05-04 11:56:41,0,NULL,NULL
2270,Lhv_C3H8_Propane,inferred,NULL,real,Lhv C3H8 Propane,Lhv_C3H8_Propane,1,2025-05-04 11:56:41,0,NULL,NULL
2271,Lhv_Ic4,inferred,NULL,real,Lhv Ic4,Lhv_Ic4,1,2025-05-04 11:56:41,0,NULL,NULL
2272,Lhv_Nc4,inferred,NULL,real,Lhv Nc4,Lhv_Nc4,1,2025-05-04 11:56:41,0,NULL,NULL
2273,Lhv_Nc5,inferred,NULL,real,Lhv Nc5,Lhv_Nc5,1,2025-05-04 11:56:41,0,NULL,NULL
2274,Lhv_Ic5,inferred,NULL,real,Lhv Ic5,Lhv_Ic5,1,2025-05-04 11:56:41,0,NULL,NULL
2275,Component_Hydrogen_Mw,inferred,NULL,real,Component Hydrogen Mw,Component_Hydrogen_Mw,1,2025-05-04 11:56:41,0,NULL,NULL
2276,Component_Methane_Mw,inferred,NULL,real,Component Methane Mw,Component_Methane_Mw,1,2025-05-04 11:56:41,0,NULL,NULL
2277,Component_Ethylene_Mw,inferred,NULL,real,Component Ethylene Mw,Component_Ethylene_Mw,1,2025-05-04 11:56:41,0,NULL,NULL
2278,Component_Ethane_Mw,inferred,NULL,real,Component Ethane Mw,Component_Ethane_Mw,1,2025-05-04 11:56:41,0,NULL,NULL
2279,Component_Propane_Mw,inferred,NULL,real,Component Propane Mw,Component_Propane_Mw,1,2025-05-04 11:56:41,0,NULL,NULL
2280,Component_Butane_Mw,inferred,NULL,real,Component Butane Mw,Component_Butane_Mw,1,2025-05-04 11:56:41,0,NULL,NULL
2281,Component_Pentane_Mw,inferred,NULL,real,Component Pentane Mw,Component_Pentane_Mw,1,2025-05-04 11:56:41,0,NULL,NULL
2282,Component_Nitrogen_Mw,inferred,NULL,real,Component Nitrogen Mw,Component_Nitrogen_Mw,1,2025-05-04 11:56:41,0,NULL,NULL
2283,Boiler_A_Air_Cp_Ref_T,inferred,NULL,real,Boiler A Air Cp Ref T,Boiler_A_Air_Cp_Ref_T,1,2025-05-04 11:56:41,0,NULL,NULL
2284,Boiler_B_Air_Cp_Ref_T,inferred,NULL,real,Boiler B Air Cp Ref T,Boiler_B_Air_Cp_Ref_T,1,2025-05-04 11:56:41,0,NULL,NULL
2285,Boiler_C_Air_Cp_Ref_T,inferred,NULL,real,Boiler C Air Cp Ref T,Boiler_C_Air_Cp_Ref_T,1,2025-05-04 11:56:41,0,NULL,NULL
2286,Boiler_D_Air_Cp_Ref_T,inferred,NULL,real,Boiler D Air Cp Ref T,Boiler_D_Air_Cp_Ref_T,1,2025-05-04 11:56:41,0,NULL,NULL
2287,Boiler_E_Air_Cp_Ref_T,inferred,NULL,real,Boiler E Air Cp Ref T,Boiler_E_Air_Cp_Ref_T,1,2025-05-04 11:56:41,0,NULL,NULL
2288,Boiler_B_Cp_Of_H2O_At_Stack_Temperature,inferred,NULL,real,Boiler B Cp Of H2O At Stack Temperature,Boiler_B_Cp_Of_H2O_At_Stack_Temperature,1,2025-05-04 11:56:41,0,NULL,NULL
2289,Relative_Humidity_Clean,pi,UN.UO.BO-7101A.Relative_Humidity_Clean_EO_CALC_OUTPUT,real,Relative Humidity Clean,Relative_Humidity_Clean,1,2025-05-04 11:56:41,0,NULL,NULL
2290,Boiler_A_Boiler_Load,inferred,NULL,real,Boiler A Boiler Load,Boiler_A_Boiler_Load,1,2025-05-04 11:56:41,0,NULL,NULL
2291,Boiler_A_Status,inferred,NULL,real,Boiler A Status,Boiler_A_Status,1,2025-05-04 11:56:41,0,NULL,NULL
2292,Arrazi_Plant_Load_1,inferred,NULL,real,Arrazi Plant Load 1,Arrazi_Plant_Load_1,1,2025-05-04 11:56:41,0,NULL,NULL
2293,Arrazi_Plant_Status,inferred,NULL,real,Arrazi Plant Status,Arrazi_Plant_Status,1,2025-05-04 11:56:41,0,NULL,NULL
2294,Boiler_Fg_N2_Concentration,inferred,NULL,real,Boiler Fg N2 Concentration,Boiler_Fg_N2_Concentration,1,2025-05-04 11:56:41,0,NULL,NULL
2295,Boiler_Fg_Ch4_Concentration,inferred,NULL,real,Boiler Fg Ch4 Concentration,Boiler_Fg_Ch4_Concentration,1,2025-05-04 11:56:41,0,NULL,NULL
2296,Boiler_Fg_Ethane_Concentration,inferred,NULL,real,Boiler Fg Ethane Concentration,Boiler_Fg_Ethane_Concentration,1,2025-05-04 11:56:41,0,NULL,NULL
2297,Boiler_Fg_Propane_Concentration,inferred,NULL,real,Boiler Fg Propane Concentration,Boiler_Fg_Propane_Concentration,1,2025-05-04 11:56:41,0,NULL,NULL
2298,Boiler_Fg_Nc4_Concentration,inferred,NULL,real,Boiler Fg Nc4 Concentration,Boiler_Fg_Nc4_Concentration,1,2025-05-04 11:56:41,0,NULL,NULL
2299,Boiler_Fg_Ic4_Concentration,inferred,NULL,real,Boiler Fg Ic4 Concentration,Boiler_Fg_Ic4_Concentration,1,2025-05-04 11:56:41,0,NULL,NULL
2300,Boiler_Fg_Nc5_Concentration,inferred,NULL,real,Boiler Fg Nc5 Concentration,Boiler_Fg_Nc5_Concentration,1,2025-05-04 11:56:41,0,NULL,NULL
2301,Boiler_Fg_Ic5_Concentration,inferred,NULL,real,Boiler Fg Ic5 Concentration,Boiler_Fg_Ic5_Concentration,1,2025-05-04 11:56:41,0,NULL,NULL
2302,Boiler_Fg_Hydrogen_Concentration,inferred,NULL,real,Boiler Fg Hydrogen Concentration,Boiler_Fg_Hydrogen_Concentration,1,2025-05-04 11:56:41,0,NULL,NULL
2303,Boiler_A_Fuel_Composition_Total,inferred,NULL,real,Boiler A Fuel Composition Total,Boiler_A_Fuel_Composition_Total,1,2025-05-04 11:56:41,0,NULL,NULL
2304,Normalized_Boiler_A_Fg_Ch4_Concentration,inferred,NULL,real,Normalized Boiler A Fg Ch4 Concentration,Normalized_Boiler_A_Fg_Ch4_Concentration,1,2025-05-04 11:56:41,0,NULL,NULL
2305,Normalized_Boiler_A_Fg_Ethane_Concentration,inferred,NULL,real,Normalized Boiler A Fg Ethane Concentration,Normalized_Boiler_A_Fg_Ethane_Concentration,1,2025-05-04 11:56:41,0,NULL,NULL
2306,Normalized_Boiler_A_Fg_Ethylene_Concentration,inferred,NULL,real,Normalized Boiler A Fg Ethylene Concentration,Normalized_Boiler_A_Fg_Ethylene_Concentration,1,2025-05-04 11:56:41,0,NULL,NULL
2307,Normalized_Boiler_A_Fg_Propane_Concentration,inferred,NULL,real,Normalized Boiler A Fg Propane Concentration,Normalized_Boiler_A_Fg_Propane_Concentration,1,2025-05-04 11:56:41,0,NULL,NULL
2308,Normalized_Boiler_A_Fg_Ic4_Concentration,inferred,NULL,real,Normalized Boiler A Fg Ic4 Concentration,Normalized_Boiler_A_Fg_Ic4_Concentration,1,2025-05-04 11:56:41,0,NULL,NULL
2309,Normalized_Boiler_A_Fg_Nc4_Concentration,inferred,NULL,real,Normalized Boiler A Fg Nc4 Concentration,Normalized_Boiler_A_Fg_Nc4_Concentration,1,2025-05-04 11:56:41,0,NULL,NULL
2310,Normalized_Boiler_A_Fg_Nc5_Concentration,inferred,NULL,real,Normalized Boiler A Fg Nc5 Concentration,Normalized_Boiler_A_Fg_Nc5_Concentration,1,2025-05-04 11:56:41,0,NULL,NULL
2311,Normalized_Boiler_A_Fg_Ic5_Concentration,inferred,NULL,real,Normalized Boiler A Fg Ic5 Concentration,Normalized_Boiler_A_Fg_Ic5_Concentration,1,2025-05-04 11:56:41,0,NULL,NULL
2312,Normalized_Boiler_A_Fg_N2_Concentration,inferred,NULL,real,Normalized Boiler A Fg N2 Concentration,Normalized_Boiler_A_Fg_N2_Concentration,1,2025-05-04 11:56:41,0,NULL,NULL
2313,Normalized_Boiler_A_Fg_Hydrogen_Concentration,inferred,NULL,real,Normalized Boiler A Fg Hydrogen Concentration,Normalized_Boiler_A_Fg_Hydrogen_Concentration,1,2025-05-04 11:56:41,0,NULL,NULL
2314,Boiler_A_Fg_Mw,inferred,NULL,real,Boiler A Fg Mw,Boiler_A_Fg_Mw,1,2025-05-04 11:56:41,0,NULL,NULL
2315,Boiler_A_Fg_Ch4_Mass_Percentage,inferred,NULL,real,Boiler A Fg Ch4 Mass Percentage,Boiler_A_Fg_Ch4_Mass_Percentage,1,2025-05-04 11:56:41,0,NULL,NULL
2316,Boiler_A_Fg_Ethane_Mass_Percentage,inferred,NULL,real,Boiler A Fg Ethane Mass Percentage,Boiler_A_Fg_Ethane_Mass_Percentage,1,2025-05-04 11:56:41,0,NULL,NULL
2317,Boiler_A_Fg_Ethylene_Mass_Percentage,inferred,NULL,real,Boiler A Fg Ethylene Mass Percentage,Boiler_A_Fg_Ethylene_Mass_Percentage,1,2025-05-04 11:56:41,0,NULL,NULL
2318,Boiler_A_Fg_Propane_Mass_Percentage,inferred,NULL,real,Boiler A Fg Propane Mass Percentage,Boiler_A_Fg_Propane_Mass_Percentage,1,2025-05-04 11:56:41,0,NULL,NULL
2319,Boiler_A_Fg_Nitrogen_Mass_Percentage,inferred,NULL,real,Boiler A Fg Nitrogen Mass Percentage,Boiler_A_Fg_Nitrogen_Mass_Percentage,1,2025-05-04 11:56:41,0,NULL,NULL
2320,Boiler_A_Fg_Hydrogen_Mass_Percentage,inferred,NULL,real,Boiler A Fg Hydrogen Mass Percentage,Boiler_A_Fg_Hydrogen_Mass_Percentage,1,2025-05-04 11:56:41,0,NULL,NULL
2321,Boiler_A_Fg_Ic4_Mass_Percentage,inferred,NULL,real,Boiler A Fg Ic4 Mass Percentage,Boiler_A_Fg_Ic4_Mass_Percentage,1,2025-05-04 11:56:41,0,NULL,NULL
2322,Boiler_A_Fg_Nc4_Mass_Percentage,inferred,NULL,real,Boiler A Fg Nc4 Mass Percentage,Boiler_A_Fg_Nc4_Mass_Percentage,1,2025-05-04 11:56:41,0,NULL,NULL
2323,Boiler_A_Fg_Nc5_Mass_Percentage,inferred,NULL,real,Boiler A Fg Nc5 Mass Percentage,Boiler_A_Fg_Nc5_Mass_Percentage,1,2025-05-04 11:56:41,0,NULL,NULL
2324,Boiler_A_Fg_Ic5_Mass_Percentage,inferred,NULL,real,Boiler A Fg Ic5 Mass Percentage,Boiler_A_Fg_Ic5_Mass_Percentage,1,2025-05-04 11:56:41,0,NULL,NULL
2325,Total_Fuel_Compostion_Mass,inferred,NULL,real,Total Fuel Compostion Mass,Total_Fuel_Compostion_Mass,1,2025-05-04 11:56:41,0,NULL,NULL
2326,Boiler_A_Fg_Ch4_Mass_Fraction,inferred,NULL,real,Boiler A Fg Ch4 Mass Fraction,Boiler_A_Fg_Ch4_Mass_Fraction,1,2025-05-04 11:56:41,0,NULL,NULL
2327,Boiler_A_Fg_Ethane_Mass_Fraction,inferred,NULL,real,Boiler A Fg Ethane Mass Fraction,Boiler_A_Fg_Ethane_Mass_Fraction,1,2025-05-04 11:56:41,0,NULL,NULL
2328,Boiler_A_Fg_Ethylene_Mass_Fraction,inferred,NULL,real,Boiler A Fg Ethylene Mass Fraction,Boiler_A_Fg_Ethylene_Mass_Fraction,1,2025-05-04 11:56:41,0,NULL,NULL
2329,Boiler_A_Fg_Propane_Mass_Fraction,inferred,NULL,real,Boiler A Fg Propane Mass Fraction,Boiler_A_Fg_Propane_Mass_Fraction,1,2025-05-04 11:56:41,0,NULL,NULL
2330,Boiler_A_Fg_Nitrogen_Mass_Fraction,inferred,NULL,real,Boiler A Fg Nitrogen Mass Fraction,Boiler_A_Fg_Nitrogen_Mass_Fraction,1,2025-05-04 11:56:42,0,NULL,NULL
2331,Boiler_A_Fg_Hydrogen_Mass_Fraction,inferred,NULL,real,Boiler A Fg Hydrogen Mass Fraction,Boiler_A_Fg_Hydrogen_Mass_Fraction,1,2025-05-04 11:56:42,0,NULL,NULL
2332,Boiler_A_Fg_Ic4_Mass_Fraction,inferred,NULL,real,Boiler A Fg Ic4 Mass Fraction,Boiler_A_Fg_Ic4_Mass_Fraction,1,2025-05-04 11:56:42,0,NULL,NULL
2333,Boiler_A_Fg_Nc4_Mass_Fraction,inferred,NULL,real,Boiler A Fg Nc4 Mass Fraction,Boiler_A_Fg_Nc4_Mass_Fraction,1,2025-05-04 11:56:42,0,NULL,NULL
2334,Boiler_A_Fg_Nc5_Mass_Fraction,inferred,NULL,real,Boiler A Fg Nc5 Mass Fraction,Boiler_A_Fg_Nc5_Mass_Fraction,1,2025-05-04 11:56:42,0,NULL,NULL
2335,Boiler_A_Fg_Ic5_Mass_Fraction,inferred,NULL,real,Boiler A Fg Ic5 Mass Fraction,Boiler_A_Fg_Ic5_Mass_Fraction,1,2025-05-04 11:56:42,0,NULL,NULL
2336,Boiler_Lhv,inferred,NULL,real,Boiler Lhv,Boiler_Lhv,1,2025-05-04 11:56:42,0,NULL,NULL
2337,Boiler_A_Air_Required_For_H2_Combustion,inferred,NULL,real,Boiler A Air Required For H2 Combustion,Boiler_A_Air_Required_For_H2_Combustion,1,2025-05-04 11:56:42,0,NULL,NULL
2338,Boiler_A_Air_Required_For_Ch4_Combustion,inferred,NULL,real,Boiler A Air Required For Ch4 Combustion,Boiler_A_Air_Required_For_Ch4_Combustion,1,2025-05-04 11:56:42,0,NULL,NULL
2339,Boiler_A_Air_Required_For_Ethane_Combustion,inferred,NULL,real,Boiler A Air Required For Ethane Combustion,Boiler_A_Air_Required_For_Ethane_Combustion,1,2025-05-04 11:56:42,0,NULL,NULL
2340,Boiler_A_Air_Required_For_Ethylene_Combustion,inferred,NULL,real,Boiler A Air Required For Ethylene Combustion,Boiler_A_Air_Required_For_Ethylene_Combustion,1,2025-05-04 11:56:42,0,NULL,NULL
2341,Boiler_A_Air_Required_For_Propane_Combustion,inferred,NULL,real,Boiler A Air Required For Propane Combustion,Boiler_A_Air_Required_For_Propane_Combustion,1,2025-05-04 11:56:42,0,NULL,NULL
2342,Boiler_A_Air_Required_For_Nc4_Combustion,inferred,NULL,real,Boiler A Air Required For Nc4 Combustion,Boiler_A_Air_Required_For_Nc4_Combustion,1,2025-05-04 11:56:42,0,NULL,NULL
2343,Boiler_A_Air_Required_For_Ic4_Combustion,inferred,NULL,real,Boiler A Air Required For Ic4 Combustion,Boiler_A_Air_Required_For_Ic4_Combustion,1,2025-05-04 11:56:42,0,NULL,NULL
2344,Boiler_A_Air_Required_For_Nc5_Combustion,inferred,NULL,real,Boiler A Air Required For Nc5 Combustion,Boiler_A_Air_Required_For_Nc5_Combustion,1,2025-05-04 11:56:42,0,NULL,NULL
2345,Boiler_A_Air_Required_For_Ic5_Combustion,inferred,NULL,real,Boiler A Air Required For Ic5 Combustion,Boiler_A_Air_Required_For_Ic5_Combustion,1,2025-05-04 11:56:42,0,NULL,NULL
2346,Boiler_A_Ch4_Co2_Combustion,inferred,NULL,real,Boiler A Ch4 Co2 Combustion,Boiler_A_Ch4_Co2_Combustion,1,2025-05-04 11:56:42,0,NULL,NULL
2347,Boiler_A_Ethane_Co2_Combustion,inferred,NULL,real,Boiler A Ethane Co2 Combustion,Boiler_A_Ethane_Co2_Combustion,1,2025-05-04 11:56:42,0,NULL,NULL
2348,Boiler_A_Ethylene_Co2_Combustion,inferred,NULL,real,Boiler A Ethylene Co2 Combustion,Boiler_A_Ethylene_Co2_Combustion,1,2025-05-04 11:56:42,0,NULL,NULL
2349,Boiler_A_Propane_Co2_Combustion,inferred,NULL,real,Boiler A Propane Co2 Combustion,Boiler_A_Propane_Co2_Combustion,1,2025-05-04 11:56:42,0,NULL,NULL
2350,Boiler_A_Nc4_Co2_Combustion,inferred,NULL,real,Boiler A Nc4 Co2 Combustion,Boiler_A_Nc4_Co2_Combustion,1,2025-05-04 11:56:42,0,NULL,NULL
2351,Boiler_A_Ic4_Co2_Combustion,inferred,NULL,real,Boiler A Ic4 Co2 Combustion,Boiler_A_Ic4_Co2_Combustion,1,2025-05-04 11:56:42,0,NULL,NULL
2352,Boiler_A_Nc5_Co2_Combustion,inferred,NULL,real,Boiler A Nc5 Co2 Combustion,Boiler_A_Nc5_Co2_Combustion,1,2025-05-04 11:56:42,0,NULL,NULL
2353,Boiler_A_Ic5_Co2_Combustion,inferred,NULL,real,Boiler A Ic5 Co2 Combustion,Boiler_A_Ic5_Co2_Combustion,1,2025-05-04 11:56:42,0,NULL,NULL
2354,Boiler_A_H2_N2_Combustion,inferred,NULL,real,Boiler A H2 N2 Combustion,Boiler_A_H2_N2_Combustion,1,2025-05-04 11:56:42,0,NULL,NULL
2355,Boiler_A_Ch4_N2_Combustion,inferred,NULL,real,Boiler A Ch4 N2 Combustion,Boiler_A_Ch4_N2_Combustion,1,2025-05-04 11:56:42,0,NULL,NULL
2356,Boiler_A_Ethane_N2_Combustion,inferred,NULL,real,Boiler A Ethane N2 Combustion,Boiler_A_Ethane_N2_Combustion,1,2025-05-04 11:56:42,0,NULL,NULL
2357,Boiler_A_Ethylene_N2_Combustion,inferred,NULL,real,Boiler A Ethylene N2 Combustion,Boiler_A_Ethylene_N2_Combustion,1,2025-05-04 11:56:42,0,NULL,NULL
2358,Boiler_A_Propane_N2_Combustion,inferred,NULL,real,Boiler A Propane N2 Combustion,Boiler_A_Propane_N2_Combustion,1,2025-05-04 11:56:42,0,NULL,NULL
2359,Boiler_A_Ic4_N2_Combustion,inferred,NULL,real,Boiler A Ic4 N2 Combustion,Boiler_A_Ic4_N2_Combustion,1,2025-05-04 11:56:42,0,NULL,NULL
2360,Boiler_A_Nc4_N2_Combustion,inferred,NULL,real,Boiler A Nc4 N2 Combustion,Boiler_A_Nc4_N2_Combustion,1,2025-05-04 11:56:42,0,NULL,NULL
2361,Boiler_A_Ic5_N2_Combustion,inferred,NULL,real,Boiler A Ic5 N2 Combustion,Boiler_A_Ic5_N2_Combustion,1,2025-05-04 11:56:42,0,NULL,NULL
2362,Boiler_A_Nc5_N2_Combustion,inferred,NULL,real,Boiler A Nc5 N2 Combustion,Boiler_A_Nc5_N2_Combustion,1,2025-05-04 11:56:42,0,NULL,NULL
2363,Boiler_A_H2_H2O_Combustion,inferred,NULL,real,Boiler A H2 H2O Combustion,Boiler_A_H2_H2O_Combustion,1,2025-05-04 11:56:42,0,NULL,NULL
2364,Boiler_A_Ch4_H2O_Combustion,inferred,NULL,real,Boiler A Ch4 H2O Combustion,Boiler_A_Ch4_H2O_Combustion,1,2025-05-04 11:56:42,0,NULL,NULL
2365,Boiler_A_Ethane_H2O_Combustion,inferred,NULL,real,Boiler A Ethane H2O Combustion,Boiler_A_Ethane_H2O_Combustion,1,2025-05-04 11:56:42,0,NULL,NULL
2366,Boiler_A_Ethylene_H2O_Combustion,inferred,NULL,real,Boiler A Ethylene H2O Combustion,Boiler_A_Ethylene_H2O_Combustion,1,2025-05-04 11:56:42,0,NULL,NULL
2367,Boiler_A_Propane_H2O_Combustion,inferred,NULL,real,Boiler A Propane H2O Combustion,Boiler_A_Propane_H2O_Combustion,1,2025-05-04 11:56:42,0,NULL,NULL
2368,Boiler_A_Ic4_H2O_Combustion,inferred,NULL,real,Boiler A Ic4 H2O Combustion,Boiler_A_Ic4_H2O_Combustion,1,2025-05-04 11:56:42,0,NULL,NULL
2369,Boiler_A_Nc4_H2O_Combustion,inferred,NULL,real,Boiler A Nc4 H2O Combustion,Boiler_A_Nc4_H2O_Combustion,1,2025-05-04 11:56:42,0,NULL,NULL
2370,Boiler_A_Ic5_H2O_Combustion,inferred,NULL,real,Boiler A Ic5 H2O Combustion,Boiler_A_Ic5_H2O_Combustion,1,2025-05-04 11:56:42,0,NULL,NULL
2371,Boiler_A_Nc5_H2O_Combustion,inferred,NULL,real,Boiler A Nc5 H2O Combustion,Boiler_A_Nc5_H2O_Combustion,1,2025-05-04 11:56:42,0,NULL,NULL
2372,Boiler_A_Air_Required_For_Complete_Combustion,inferred,NULL,real,Boiler A Air Required For Complete Combustion,Boiler_A_Air_Required_For_Complete_Combustion,1,2025-05-04 11:56:42,0,NULL,NULL
2373,Boiler_A_Co2_Formed,inferred,NULL,real,Boiler A Co2 Formed,Boiler_A_Co2_Formed,1,2025-05-04 11:56:42,0,NULL,NULL
2374,Boiler_A_N2_Formed,inferred,NULL,real,Boiler A N2 Formed,Boiler_A_N2_Formed,1,2025-05-04 11:56:42,0,NULL,NULL
2375,Boiler_A_H2O_Formed,inferred,NULL,real,Boiler A H2O Formed,Boiler_A_H2O_Formed,1,2025-05-04 11:56:42,0,NULL,NULL
2376,Boiler_A_Vapour_Pressure_Of_H2O,inferred,NULL,real,Boiler A Vapour Pressure Of H2O,Boiler_A_Vapour_Pressure_Of_H2O,1,2025-05-04 11:56:42,0,NULL,NULL
2377,Boiler_A_Air_Moisture,pi,UN.UO.BO-7101A.Air_Moisture_EO_CALC_OUTPUT,real,Boiler A Air Moisture,Boiler_A_Air_Moisture,1,2025-05-04 11:56:42,0,NULL,NULL
2378,Boiler_A_Corrected_Combustion_Air,inferred,NULL,real,Boiler A Corrected Combustion Air,Boiler_A_Corrected_Combustion_Air,1,2025-05-04 11:56:42,0,NULL,NULL
2379,Boiler_A_Corrected_Combution_H2O_Formed,inferred,NULL,real,Boiler A Corrected Combution H2O Formed,Boiler_A_Corrected_Combution_H2O_Formed,1,2025-05-04 11:56:42,0,NULL,NULL
2380,Boiler_A_Excess_Air,inferred,NULL,real,Boiler A Excess Air,Boiler_A_Excess_Air,1,2025-05-04 11:56:42,0,NULL,NULL
2381,Boiler_A_Air_Fuel_Mass_Ratio,inferred,NULL,real,Boiler A Air Fuel Mass Ratio,Boiler_A_Air_Fuel_Mass_Ratio,1,2025-05-04 11:56:42,0,NULL,NULL
2382,Boiler_A_Total_Moisture_With_Air,inferred,NULL,real,Boiler A Total Moisture With Air,Boiler_A_Total_Moisture_With_Air,1,2025-05-04 11:56:42,0,NULL,NULL
2383,Boiler_A_Total_H2O_Per_Kg_Of_Fuel,inferred,NULL,real,Boiler A Total H2O Per Kg Of Fuel,Boiler_A_Total_H2O_Per_Kg_Of_Fuel,1,2025-05-04 11:56:42,0,NULL,NULL
2384,Boiler_A_Cp_At_Combustion_Temperature,inferred,NULL,real,Boiler A Cp At Combustion Temperature,Boiler_A_Cp_At_Combustion_Temperature,1,2025-05-04 11:56:42,0,NULL,NULL
2385,Boiler_A_Air_Cp_For_Sensible_Heat_Corrected,pi,UN.UO.BO-7101A.Air_Cp_For_Sensible_Heat_Corrected_EO_CALC_OUTPUT,real,Boiler A Air Cp For Sensible Heat Corrected,Boiler_A_Air_Cp_For_Sensible_Heat_Corrected,1,2025-05-04 11:56:42,0,NULL,NULL
2386,Boiler_A_Cp_H2_Fuel_Temp,inferred,NULL,real,Boiler A Cp H2 Fuel Temp,Boiler_A_Cp_H2_Fuel_Temp,1,2025-05-04 11:56:42,0,NULL,NULL
2387,Boiler_A_Cp_Ch4_Fuel_Temp,inferred,NULL,real,Boiler A Cp Ch4 Fuel Temp,Boiler_A_Cp_Ch4_Fuel_Temp,1,2025-05-04 11:56:42,0,NULL,NULL
2388,Boiler_A_Cp_Ethane_Fuel_Temp,inferred,NULL,real,Boiler A Cp Ethane Fuel Temp,Boiler_A_Cp_Ethane_Fuel_Temp,1,2025-05-04 11:56:42,0,NULL,NULL
2389,Boiler_A_Cp_Propane_Fuel_Temp,inferred,NULL,real,Boiler A Cp Propane Fuel Temp,Boiler_A_Cp_Propane_Fuel_Temp,1,2025-05-04 11:56:42,0,NULL,NULL
2390,Boiler_A_Cp_Ethylene_Fuel_Temp,inferred,NULL,real,Boiler A Cp Ethylene Fuel Temp,Boiler_A_Cp_Ethylene_Fuel_Temp,1,2025-05-04 11:56:42,0,NULL,NULL
2391,Boiler_A_Cp_Nc4_Fuel_Temp,inferred,NULL,real,Boiler A Cp Nc4 Fuel Temp,Boiler_A_Cp_Nc4_Fuel_Temp,1,2025-05-04 11:56:42,0,NULL,NULL
2392,Boiler_A_Cp_Ic4_Fuel_Temp,inferred,NULL,real,Boiler A Cp Ic4 Fuel Temp,Boiler_A_Cp_Ic4_Fuel_Temp,1,2025-05-04 11:56:42,0,NULL,NULL
2393,Boiler_A_Cp_Nc5_Fuel_Temp,inferred,NULL,real,Boiler A Cp Nc5 Fuel Temp,Boiler_A_Cp_Nc5_Fuel_Temp,1,2025-05-04 11:56:42,0,NULL,NULL
2394,Boiler_A_Cp_Ic5_Fuel_Temp,inferred,NULL,real,Boiler A Cp Ic5 Fuel Temp,Boiler_A_Cp_Ic5_Fuel_Temp,1,2025-05-04 11:56:42,0,NULL,NULL
2395,Boiler_A_Cp_Total_Fuel_At_Ref_Temp,inferred,NULL,real,Boiler A Cp Total Fuel At Ref Temp,Boiler_A_Cp_Total_Fuel_At_Ref_Temp,1,2025-05-04 11:56:42,0,NULL,NULL
2396,Boiler_A_Cp_Total_Fuel_At_Fuel_Temp,inferred,NULL,real,Boiler A Cp Total Fuel At Fuel Temp,Boiler_A_Cp_Total_Fuel_At_Fuel_Temp,1,2025-05-04 11:56:42,0,NULL,NULL
2397,Boiler_A_Avg_Cp_Of_Fuel_Gas_Sensible_Heat_Corrected,inferred,NULL,real,Boiler A Avg Cp Of Fuel Gas Sensible Heat Corrected,Boiler_A_Avg_Cp_Of_Fuel_Gas_Sensible_Heat_Corrected,1,2025-05-04 11:56:42,0,NULL,NULL
2398,Boiler_A_Dry_Flue_Gas_Per_Fuel_Mass_Ratio,inferred,NULL,real,Boiler A Dry Flue Gas Per Fuel Mass Ratio,Boiler_A_Dry_Flue_Gas_Per_Fuel_Mass_Ratio,1,2025-05-04 11:56:42,0,NULL,NULL
2399,Boiler_A_Flue_Gas_Per_Fuel_Mass_Ratio,inferred,NULL,real,Boiler A Flue Gas Per Fuel Mass Ratio,Boiler_A_Flue_Gas_Per_Fuel_Mass_Ratio,1,2025-05-04 11:56:42,0,NULL,NULL
2400,Boiler_A_Flue_Gas_Mw,inferred,NULL,real,Boiler A Flue Gas Mw,Boiler_A_Flue_Gas_Mw,1,2025-05-04 11:56:42,0,NULL,NULL
2401,Boiler_A_Cp_Of_Air_At_Stack_Temp,inferred,NULL,real,Boiler A Cp Of Air At Stack Temp,Boiler_A_Cp_Of_Air_At_Stack_Temp,1,2025-05-04 11:56:42,0,NULL,NULL
2402,Boiler_A_Cp_Flue_Gas_Co2_At_Stack_Temp,inferred,NULL,real,Boiler A Cp Flue Gas Co2 At Stack Temp,Boiler_A_Cp_Flue_Gas_Co2_At_Stack_Temp,1,2025-05-04 11:56:42,0,NULL,NULL
2403,Boiler_A_Cp_Flue_Gas_N2_At_Stack_Temp,inferred,NULL,real,Boiler A Cp Flue Gas N2 At Stack Temp,Boiler_A_Cp_Flue_Gas_N2_At_Stack_Temp,1,2025-05-04 11:56:42,0,NULL,NULL
2404,Boiler_A_Avg_Cp_Of_Flue_Gas_At_Stack_Temp,inferred,NULL,real,Boiler A Avg Cp Of Flue Gas At Stack Temp,Boiler_A_Avg_Cp_Of_Flue_Gas_At_Stack_Temp,1,2025-05-04 11:56:42,0,NULL,NULL
2405,Boiler_A_Cp_Of_H2O_At_Stack_Temp,inferred,NULL,real,Boiler A Cp Of H2O At Stack Temp,Boiler_A_Cp_Of_H2O_At_Stack_Temp,1,2025-05-04 11:56:42,0,NULL,NULL
2406,Boiler_A_Sensible_Heat_Correction_For_Fuel,inferred,NULL,real,Boiler A Sensible Heat Correction For Fuel,Boiler_A_Sensible_Heat_Correction_For_Fuel,1,2025-05-04 11:56:42,0,NULL,NULL
2407,Boiler_A_Sensbile_Heat_Correction_For_Air,inferred,NULL,real,Boiler A Sensbile Heat Correction For Air,Boiler_A_Sensbile_Heat_Correction_For_Air,1,2025-05-04 11:56:42,0,NULL,NULL
2408,Boiler_A_Mixed_Lhv_Per_Kg,inferred,NULL,real,Boiler A Mixed Lhv Per Kg,Boiler_A_Mixed_Lhv_Per_Kg,1,2025-05-04 11:56:42,0,NULL,NULL
2409,Boiler_A_Total_Heat_Input_Per_Kg_Of_Fuel,inferred,NULL,real,Boiler A Total Heat Input Per Kg Of Fuel,Boiler_A_Total_Heat_Input_Per_Kg_Of_Fuel,1,2025-05-04 11:56:42,0,NULL,NULL
2410,Boiler_A_Heat_Loss_Due_To_Dry_Flue_Gas_L1,pi,UN.UO.BO-7101A.Heat_Loss_Due_To_Dry_Flue_Gas_L1_EO_CALC_OUTPUT,real,Boiler A Heat Loss Due To Dry Flue Gas L1,Boiler_A_Heat_Loss_Due_To_Dry_Flue_Gas_L1,1,2025-05-04 11:56:42,0,NULL,NULL
2411,Boiler_A_Heat_Loss_Due_To_Evaporation_Of_Water_Formed_Due_To_H2_In_Fuel_L2,inferred,NULL,real,Boiler A Heat Loss Due To Evaporation Of Water Formed Due To H2 In Fuel L2,Boiler_A_Heat_Loss_Due_To_Evaporation_Of_Water_Formed_Due_To_H2_In_Fuel_L2,1,2025-05-04 11:56:42,0,NULL,NULL
2412,Boiler_A_Heat_Loss_Due_To_H2O_In_Stack_L3,inferred,NULL,real,Boiler A Heat Loss Due To H2O In Stack L3,Boiler_A_Heat_Loss_Due_To_H2O_In_Stack_L3,1,2025-05-04 11:56:42,0,NULL,NULL
2413,Boiler_A_Heat_Loss_Due_To_Incomplete_Combustionl4,inferred,NULL,real,Boiler A Heat Loss Due To Incomplete Combustionl4,Boiler_A_Heat_Loss_Due_To_Incomplete_Combustionl4,1,2025-05-04 11:56:42,0,NULL,NULL
2414,Boiler_A_Total_Boiler_Stack_Loss_Per_Kg_Fuel,pi,UN.UO.BO-7101A.Total_Boiler_Stack_Loss_Per_Kg_Fuel_EO_CALC_OUTPUT,real,Boiler A Total Boiler Stack Loss Per Kg Fuel,Boiler_A_Total_Boiler_Stack_Loss_Per_Kg_Fuel,1,2025-05-04 11:56:42,0,NULL,NULL
2415,Boiler_A_Radiation_Losses,inferred,NULL,real,Boiler A Radiation Losses,Boiler_A_Radiation_Losses,1,2025-05-04 11:56:42,0,NULL,NULL
2416,Boiler_A_Total_Heat_Loss_Per_Kg_Of_Fuel,pi,UN.UO.BO-7101A.Total_Heat_Loss_Per_Kg_Of_Fuel_EO_CALC_OUTPUT,real,Boiler A Total Heat Loss Per Kg Of Fuel,Boiler_A_Total_Heat_Loss_Per_Kg_Of_Fuel,1,2025-05-04 11:56:42,0,NULL,NULL
2417,Boiler_A_Total_Heat_Absorbed_Per_Kg_Of_Fuel,pi,UN.UO.BO-7101A.Total_Heat_Absorbed_Per_Kg_Of_Fuel_EO_CALC_OUTPUT,real,Boiler A Total Heat Absorbed Per Kg Of Fuel,Boiler_A_Total_Heat_Absorbed_Per_Kg_Of_Fuel,1,2025-05-04 11:56:42,0,NULL,NULL
2418,Boiler_A_Boiler_Indirect_Efficiency,inferred,NULL,real,Boiler A Boiler Indirect Efficiency,Boiler_A_Boiler_Indirect_Efficiency,1,2025-05-04 11:56:42,0,NULL,NULL
2419,Boiler_B_Boiler_Load,inferred,NULL,real,Boiler B Boiler Load,Boiler_B_Boiler_Load,1,2025-05-04 11:56:42,0,NULL,NULL
2420,Boiler_B_Status,inferred,NULL,real,Boiler B Status,Boiler_B_Status,1,2025-05-04 11:56:42,0,NULL,NULL
2421,Boiler_B_Fuel_Composition_Total,inferred,NULL,real,Boiler B Fuel Composition Total,Boiler_B_Fuel_Composition_Total,1,2025-05-04 11:56:42,0,NULL,NULL
2422,Normalized_Boiler_B_Fg_Ch4_Concentration,inferred,NULL,real,Normalized Boiler B Fg Ch4 Concentration,Normalized_Boiler_B_Fg_Ch4_Concentration,1,2025-05-04 11:56:42,0,NULL,NULL
2423,Normalized_Boiler_B_Fg_Ethane_Concentration,inferred,NULL,real,Normalized Boiler B Fg Ethane Concentration,Normalized_Boiler_B_Fg_Ethane_Concentration,1,2025-05-04 11:56:42,0,NULL,NULL
2424,Normalized_Boiler_B_Fg_Ethylene_Concentration,inferred,NULL,real,Normalized Boiler B Fg Ethylene Concentration,Normalized_Boiler_B_Fg_Ethylene_Concentration,1,2025-05-04 11:56:42,0,NULL,NULL
2425,Normalized_Boiler_B_Fg_Propane_Concentration,inferred,NULL,real,Normalized Boiler B Fg Propane Concentration,Normalized_Boiler_B_Fg_Propane_Concentration,1,2025-05-04 11:56:42,0,NULL,NULL
2426,Normalized_Boiler_B_Fg_Ic4_Concentration,inferred,NULL,real,Normalized Boiler B Fg Ic4 Concentration,Normalized_Boiler_B_Fg_Ic4_Concentration,1,2025-05-04 11:56:42,0,NULL,NULL
2427,Normalized_Boiler_B_Fg_Nc4_Concentration,inferred,NULL,real,Normalized Boiler B Fg Nc4 Concentration,Normalized_Boiler_B_Fg_Nc4_Concentration,1,2025-05-04 11:56:42,0,NULL,NULL
2428,Normalized_Boiler_B_Fg_Nc5_Concentration,inferred,NULL,real,Normalized Boiler B Fg Nc5 Concentration,Normalized_Boiler_B_Fg_Nc5_Concentration,1,2025-05-04 11:56:42,0,NULL,NULL
2429,Normalized_Boiler_B_Fg_Ic5_Concentration,inferred,NULL,real,Normalized Boiler B Fg Ic5 Concentration,Normalized_Boiler_B_Fg_Ic5_Concentration,1,2025-05-04 11:56:42,0,NULL,NULL
2430,Normalized_Boiler_B_Fg_N2_Concentration,inferred,NULL,real,Normalized Boiler B Fg N2 Concentration,Normalized_Boiler_B_Fg_N2_Concentration,1,2025-05-04 11:56:42,0,NULL,NULL
2431,Normalized_Boiler_B_Fg_Hydrogen_Concentration,inferred,NULL,real,Normalized Boiler B Fg Hydrogen Concentration,Normalized_Boiler_B_Fg_Hydrogen_Concentration,1,2025-05-04 11:56:42,0,NULL,NULL
2432,Boiler_B_Fg_Mw,inferred,NULL,real,Boiler B Fg Mw,Boiler_B_Fg_Mw,1,2025-05-04 11:56:42,0,NULL,NULL
2433,Boiler_B_Fg_Ch4_Mass_Percentage,inferred,NULL,real,Boiler B Fg Ch4 Mass Percentage,Boiler_B_Fg_Ch4_Mass_Percentage,1,2025-05-04 11:56:42,0,NULL,NULL
2434,Boiler_B_Fg_Ethane_Mass_Percentage,inferred,NULL,real,Boiler B Fg Ethane Mass Percentage,Boiler_B_Fg_Ethane_Mass_Percentage,1,2025-05-04 11:56:42,0,NULL,NULL
2435,Boiler_B_Fg_Ethylene_Mass_Percentage,inferred,NULL,real,Boiler B Fg Ethylene Mass Percentage,Boiler_B_Fg_Ethylene_Mass_Percentage,1,2025-05-04 11:56:42,0,NULL,NULL
2436,Boiler_B_Fg_Propane_Mass_Percentage,inferred,NULL,real,Boiler B Fg Propane Mass Percentage,Boiler_B_Fg_Propane_Mass_Percentage,1,2025-05-04 11:56:42,0,NULL,NULL
2437,Boiler_B_Fg_Nitrogen_Mass_Percentage,inferred,NULL,real,Boiler B Fg Nitrogen Mass Percentage,Boiler_B_Fg_Nitrogen_Mass_Percentage,1,2025-05-04 11:56:42,0,NULL,NULL
2438,Boiler_B_Fg_Hydrogen_Mass_Percentage,inferred,NULL,real,Boiler B Fg Hydrogen Mass Percentage,Boiler_B_Fg_Hydrogen_Mass_Percentage,1,2025-05-04 11:56:42,0,NULL,NULL
2439,Boiler_B_Fg_Ic4_Mass_Percentage,inferred,NULL,real,Boiler B Fg Ic4 Mass Percentage,Boiler_B_Fg_Ic4_Mass_Percentage,1,2025-05-04 11:56:42,0,NULL,NULL
2440,Boiler_B_Fg_Nc4_Mass_Percentage,inferred,NULL,real,Boiler B Fg Nc4 Mass Percentage,Boiler_B_Fg_Nc4_Mass_Percentage,1,2025-05-04 11:56:42,0,NULL,NULL
2441,Boiler_B_Fg_Nc5_Mass_Percentage,inferred,NULL,real,Boiler B Fg Nc5 Mass Percentage,Boiler_B_Fg_Nc5_Mass_Percentage,1,2025-05-04 11:56:42,0,NULL,NULL
2442,Boiler_B_Fg_Ic5_Mass_Percentage,inferred,NULL,real,Boiler B Fg Ic5 Mass Percentage,Boiler_B_Fg_Ic5_Mass_Percentage,1,2025-05-04 11:56:42,0,NULL,NULL
2443,Boiler_B_Total_Fuel_Compostion_Mass,inferred,NULL,real,Boiler B Total Fuel Compostion Mass,Boiler_B_Total_Fuel_Compostion_Mass,1,2025-05-04 11:56:42,0,NULL,NULL
2444,Boiler_B_Fg_Ch4_Mass_Fraction,inferred,NULL,real,Boiler B Fg Ch4 Mass Fraction,Boiler_B_Fg_Ch4_Mass_Fraction,1,2025-05-04 11:56:42,0,NULL,NULL
2445,Boiler_B_Fg_Ethane_Mass_Fraction,inferred,NULL,real,Boiler B Fg Ethane Mass Fraction,Boiler_B_Fg_Ethane_Mass_Fraction,1,2025-05-04 11:56:42,0,NULL,NULL
2446,Boiler_B_Fg_Ethylene_Mass_Fraction,inferred,NULL,real,Boiler B Fg Ethylene Mass Fraction,Boiler_B_Fg_Ethylene_Mass_Fraction,1,2025-05-04 11:56:42,0,NULL,NULL
2447,Boiler_B_Fg_Propane_Mass_Fraction,inferred,NULL,real,Boiler B Fg Propane Mass Fraction,Boiler_B_Fg_Propane_Mass_Fraction,1,2025-05-04 11:56:42,0,NULL,NULL
2448,Boiler_B_Fg_Hydrogen_Mass_Fraction,inferred,NULL,real,Boiler B Fg Hydrogen Mass Fraction,Boiler_B_Fg_Hydrogen_Mass_Fraction,1,2025-05-04 11:56:42,0,NULL,NULL
2449,Boiler_B_Fg_Ic4_Mass_Fraction,inferred,NULL,real,Boiler B Fg Ic4 Mass Fraction,Boiler_B_Fg_Ic4_Mass_Fraction,1,2025-05-04 11:56:42,0,NULL,NULL
2450,Boiler_B_Fg_Nc4_Mass_Fraction,inferred,NULL,real,Boiler B Fg Nc4 Mass Fraction,Boiler_B_Fg_Nc4_Mass_Fraction,1,2025-05-04 11:56:42,0,NULL,NULL
2451,Boiler_B_Fg_Nc5_Mass_Fraction,inferred,NULL,real,Boiler B Fg Nc5 Mass Fraction,Boiler_B_Fg_Nc5_Mass_Fraction,1,2025-05-04 11:56:42,0,NULL,NULL
2452,Boiler_B_Fg_Ic5_Mass_Fraction,inferred,NULL,real,Boiler B Fg Ic5 Mass Fraction,Boiler_B_Fg_Ic5_Mass_Fraction,1,2025-05-04 11:56:42,0,NULL,NULL
2453,Boiler_B_Air_Required_For_H2_Combustion,inferred,NULL,real,Boiler B Air Required For H2 Combustion,Boiler_B_Air_Required_For_H2_Combustion,1,2025-05-04 11:56:42,0,NULL,NULL
2454,Boiler_B_Air_Required_For_Ch4_Combustion,inferred,NULL,real,Boiler B Air Required For Ch4 Combustion,Boiler_B_Air_Required_For_Ch4_Combustion,1,2025-05-04 11:56:42,0,NULL,NULL
2455,Boiler_B_Air_Required_For_Ethane_Combustion,inferred,NULL,real,Boiler B Air Required For Ethane Combustion,Boiler_B_Air_Required_For_Ethane_Combustion,1,2025-05-04 11:56:42,0,NULL,NULL
2456,Boiler_B_Air_Required_For_Ethylene_Combustion,inferred,NULL,real,Boiler B Air Required For Ethylene Combustion,Boiler_B_Air_Required_For_Ethylene_Combustion,1,2025-05-04 11:56:42,0,NULL,NULL
2457,Boiler_B_Air_Required_For_Propane_Combustion,inferred,NULL,real,Boiler B Air Required For Propane Combustion,Boiler_B_Air_Required_For_Propane_Combustion,1,2025-05-04 11:56:42,0,NULL,NULL
2458,Boiler_B_Air_Required_For_Nc4_Combustion,inferred,NULL,real,Boiler B Air Required For Nc4 Combustion,Boiler_B_Air_Required_For_Nc4_Combustion,1,2025-05-04 11:56:42,0,NULL,NULL
2459,Boiler_B_Air_Required_For_Ic4_Combustion,inferred,NULL,real,Boiler B Air Required For Ic4 Combustion,Boiler_B_Air_Required_For_Ic4_Combustion,1,2025-05-04 11:56:42,0,NULL,NULL
2460,Boiler_B_Air_Required_For_Nc5_Combustion,inferred,NULL,real,Boiler B Air Required For Nc5 Combustion,Boiler_B_Air_Required_For_Nc5_Combustion,1,2025-05-04 11:56:42,0,NULL,NULL
2461,Boiler_B_Air_Required_For_Ic5_Combustion,inferred,NULL,real,Boiler B Air Required For Ic5 Combustion,Boiler_B_Air_Required_For_Ic5_Combustion,1,2025-05-04 11:56:42,0,NULL,NULL
2462,Boiler_B_Ch4_Co2_Combustion,inferred,NULL,real,Boiler B Ch4 Co2 Combustion,Boiler_B_Ch4_Co2_Combustion,1,2025-05-04 11:56:42,0,NULL,NULL
2463,Boiler_B_Ethane_Co2_Combustion,inferred,NULL,real,Boiler B Ethane Co2 Combustion,Boiler_B_Ethane_Co2_Combustion,1,2025-05-04 11:56:42,0,NULL,NULL
2464,Boiler_B_Ethylene_Co2_Combustion,inferred,NULL,real,Boiler B Ethylene Co2 Combustion,Boiler_B_Ethylene_Co2_Combustion,1,2025-05-04 11:56:42,0,NULL,NULL
2465,Boiler_B_Propane_Co2_Combustion,inferred,NULL,real,Boiler B Propane Co2 Combustion,Boiler_B_Propane_Co2_Combustion,1,2025-05-04 11:56:42,0,NULL,NULL
2466,Boiler_B_Nc4_Co2_Combustion,inferred,NULL,real,Boiler B Nc4 Co2 Combustion,Boiler_B_Nc4_Co2_Combustion,1,2025-05-04 11:56:42,0,NULL,NULL
2467,Boiler_B_Ic4_Co2_Combustion,inferred,NULL,real,Boiler B Ic4 Co2 Combustion,Boiler_B_Ic4_Co2_Combustion,1,2025-05-04 11:56:42,0,NULL,NULL
2468,Boiler_B_Nc5_Co2_Combustion,inferred,NULL,real,Boiler B Nc5 Co2 Combustion,Boiler_B_Nc5_Co2_Combustion,1,2025-05-04 11:56:42,0,NULL,NULL
2469,Boiler_B_Ic5_Co2_Combustion,inferred,NULL,real,Boiler B Ic5 Co2 Combustion,Boiler_B_Ic5_Co2_Combustion,1,2025-05-04 11:56:42,0,NULL,NULL
2470,Boiler_B_H2_N2_Combustion,inferred,NULL,real,Boiler B H2 N2 Combustion,Boiler_B_H2_N2_Combustion,1,2025-05-04 11:56:42,0,NULL,NULL
2471,Boiler_B_Ch4_N2_Combustion,inferred,NULL,real,Boiler B Ch4 N2 Combustion,Boiler_B_Ch4_N2_Combustion,1,2025-05-04 11:56:42,0,NULL,NULL
2472,Boiler_B_Ethane_N2_Combustion,inferred,NULL,real,Boiler B Ethane N2 Combustion,Boiler_B_Ethane_N2_Combustion,1,2025-05-04 11:56:42,0,NULL,NULL
2473,Boiler_B_Ethylene_N2_Combustion,inferred,NULL,real,Boiler B Ethylene N2 Combustion,Boiler_B_Ethylene_N2_Combustion,1,2025-05-04 11:56:42,0,NULL,NULL
2474,Boiler_B_Propane_N2_Combustion,inferred,NULL,real,Boiler B Propane N2 Combustion,Boiler_B_Propane_N2_Combustion,1,2025-05-04 11:56:42,0,NULL,NULL
2475,Boiler_B_Ic4_N2_Combustion,inferred,NULL,real,Boiler B Ic4 N2 Combustion,Boiler_B_Ic4_N2_Combustion,1,2025-05-04 11:56:42,0,NULL,NULL
2476,Boiler_B_Nc4_N2_Combustion,inferred,NULL,real,Boiler B Nc4 N2 Combustion,Boiler_B_Nc4_N2_Combustion,1,2025-05-04 11:56:42,0,NULL,NULL
2477,Boiler_B_Ic5_N2_Combustion,inferred,NULL,real,Boiler B Ic5 N2 Combustion,Boiler_B_Ic5_N2_Combustion,1,2025-05-04 11:56:42,0,NULL,NULL
2478,Boiler_B_Nc5_N2_Combustion,inferred,NULL,real,Boiler B Nc5 N2 Combustion,Boiler_B_Nc5_N2_Combustion,1,2025-05-04 11:56:42,0,NULL,NULL
2479,Boiler_B_H2_H2O_Combustion,inferred,NULL,real,Boiler B H2 H2O Combustion,Boiler_B_H2_H2O_Combustion,1,2025-05-04 11:56:42,0,NULL,NULL
2480,Boiler_B_Ch4_H2O_Combustion,inferred,NULL,real,Boiler B Ch4 H2O Combustion,Boiler_B_Ch4_H2O_Combustion,1,2025-05-04 11:56:42,0,NULL,NULL
2481,Boiler_B_Ethane_H2O_Combustion,inferred,NULL,real,Boiler B Ethane H2O Combustion,Boiler_B_Ethane_H2O_Combustion,1,2025-05-04 11:56:42,0,NULL,NULL
2482,Boiler_B_Ethylene_H2O_Combustion,inferred,NULL,real,Boiler B Ethylene H2O Combustion,Boiler_B_Ethylene_H2O_Combustion,1,2025-05-04 11:56:42,0,NULL,NULL
2483,Boiler_B_Propane_H2O_Combustion,inferred,NULL,real,Boiler B Propane H2O Combustion,Boiler_B_Propane_H2O_Combustion,1,2025-05-04 11:56:42,0,NULL,NULL
2484,Boiler_B_Ic4_H2O_Combustion,inferred,NULL,real,Boiler B Ic4 H2O Combustion,Boiler_B_Ic4_H2O_Combustion,1,2025-05-04 11:56:42,0,NULL,NULL
2485,Boiler_B_Nc4_H2O_Combustion,inferred,NULL,real,Boiler B Nc4 H2O Combustion,Boiler_B_Nc4_H2O_Combustion,1,2025-05-04 11:56:42,0,NULL,NULL
2486,Boiler_B_Ic5_H2O_Combustion,inferred,NULL,real,Boiler B Ic5 H2O Combustion,Boiler_B_Ic5_H2O_Combustion,1,2025-05-04 11:56:42,0,NULL,NULL
2487,Boiler_B_Nc5_H2O_Combustion,inferred,NULL,real,Boiler B Nc5 H2O Combustion,Boiler_B_Nc5_H2O_Combustion,1,2025-05-04 11:56:42,0,NULL,NULL
2488,Boiler_B_Air_Required_For_Complete_Combustion,inferred,NULL,real,Boiler B Air Required For Complete Combustion,Boiler_B_Air_Required_For_Complete_Combustion,1,2025-05-04 11:56:42,0,NULL,NULL
2489,Boiler_B_Co2_Formed,inferred,NULL,real,Boiler B Co2 Formed,Boiler_B_Co2_Formed,1,2025-05-04 11:56:42,0,NULL,NULL
2490,Boiler_B_N2_Formed,inferred,NULL,real,Boiler B N2 Formed,Boiler_B_N2_Formed,1,2025-05-04 11:56:42,0,NULL,NULL
2491,Boiler_B_H2O_Formed,inferred,NULL,real,Boiler B H2O Formed,Boiler_B_H2O_Formed,1,2025-05-04 11:56:42,0,NULL,NULL
2492,Boiler_B_Vapour_Pressure_Of_H2O,inferred,NULL,real,Boiler B Vapour Pressure Of H2O,Boiler_B_Vapour_Pressure_Of_H2O,1,2025-05-04 11:56:42,0,NULL,NULL
2493,Boiler_B_Air_Moisture,pi,UN.UO.BO-7101B.Air_Moisture_EO_CALC_OUTPUT,real,Boiler B Air Moisture,Boiler_B_Air_Moisture,1,2025-05-04 11:56:42,0,NULL,NULL
2494,Boiler_B_Corrected_Combustion_Air,inferred,NULL,real,Boiler B Corrected Combustion Air,Boiler_B_Corrected_Combustion_Air,1,2025-05-04 11:56:42,0,NULL,NULL
2495,Boiler_B_Corrected_Combution_H2O_Formed,inferred,NULL,real,Boiler B Corrected Combution H2O Formed,Boiler_B_Corrected_Combution_H2O_Formed,1,2025-05-04 11:56:42,0,NULL,NULL
2496,Boiler_B_Excess_Air,inferred,NULL,real,Boiler B Excess Air,Boiler_B_Excess_Air,1,2025-05-04 11:56:42,0,NULL,NULL
2497,Boiler_B_Air_Fuel_Mass_Ratio,inferred,NULL,real,Boiler B Air Fuel Mass Ratio,Boiler_B_Air_Fuel_Mass_Ratio,1,2025-05-04 11:56:42,0,NULL,NULL
2498,Boiler_B_Total_Moisture_With_Air,inferred,NULL,real,Boiler B Total Moisture With Air,Boiler_B_Total_Moisture_With_Air,1,2025-05-04 11:56:42,0,NULL,NULL
2499,Boiler_B_Total_H2O_Per_Kg_Of_Fuel,inferred,NULL,real,Boiler B Total H2O Per Kg Of Fuel,Boiler_B_Total_H2O_Per_Kg_Of_Fuel,1,2025-05-04 11:56:42,0,NULL,NULL
2500,Boiler_B_Cp_At_Combustion_Temperature,inferred,NULL,real,Boiler B Cp At Combustion Temperature,Boiler_B_Cp_At_Combustion_Temperature,1,2025-05-04 11:56:42,0,NULL,NULL
2501,Boiler_B_Air_Cp_For_Sensible_Heat_Corrected,pi,UN.UO.BO-7101B.Air_Cp_For_Sensible_Heat_Corrected_EO_CALC_OUTPUT,real,Boiler B Air Cp For Sensible Heat Corrected,Boiler_B_Air_Cp_For_Sensible_Heat_Corrected,1,2025-05-04 11:56:42,0,NULL,NULL
2502,Boiler_B_Cp_H2_Fuel_Temp,inferred,NULL,real,Boiler B Cp H2 Fuel Temp,Boiler_B_Cp_H2_Fuel_Temp,1,2025-05-04 11:56:42,0,NULL,NULL
2503,Boiler_B_Cp_Ch4_Fuel_Temp,inferred,NULL,real,Boiler B Cp Ch4 Fuel Temp,Boiler_B_Cp_Ch4_Fuel_Temp,1,2025-05-04 11:56:42,0,NULL,NULL
2504,Boiler_B_Cp_Ethane_Fuel_Temp,inferred,NULL,real,Boiler B Cp Ethane Fuel Temp,Boiler_B_Cp_Ethane_Fuel_Temp,1,2025-05-04 11:56:42,0,NULL,NULL
2505,Boiler_B_Cp_Propane_Fuel_Temp,inferred,NULL,real,Boiler B Cp Propane Fuel Temp,Boiler_B_Cp_Propane_Fuel_Temp,1,2025-05-04 11:56:42,0,NULL,NULL
2506,Boiler_B_Cp_Ethylene_Fuel_Temp,inferred,NULL,real,Boiler B Cp Ethylene Fuel Temp,Boiler_B_Cp_Ethylene_Fuel_Temp,1,2025-05-04 11:56:42,0,NULL,NULL
2507,Boiler_B_Cp_Nc4_Fuel_Temp,inferred,NULL,real,Boiler B Cp Nc4 Fuel Temp,Boiler_B_Cp_Nc4_Fuel_Temp,1,2025-05-04 11:56:42,0,NULL,NULL
2508,Boiler_B_Cp_Ic4_Fuel_Temp,inferred,NULL,real,Boiler B Cp Ic4 Fuel Temp,Boiler_B_Cp_Ic4_Fuel_Temp,1,2025-05-04 11:56:42,0,NULL,NULL
2509,Boiler_B_Cp_Nc5_Fuel_Temp,inferred,NULL,real,Boiler B Cp Nc5 Fuel Temp,Boiler_B_Cp_Nc5_Fuel_Temp,1,2025-05-04 11:56:42,0,NULL,NULL
2510,Boiler_B_Cp_Ic5_Fuel_Temp,inferred,NULL,real,Boiler B Cp Ic5 Fuel Temp,Boiler_B_Cp_Ic5_Fuel_Temp,1,2025-05-04 11:56:42,0,NULL,NULL
2511,Boiler_B_Cp_Total_Fuel_At_Ref_Temp,inferred,NULL,real,Boiler B Cp Total Fuel At Ref Temp,Boiler_B_Cp_Total_Fuel_At_Ref_Temp,1,2025-05-04 11:56:42,0,NULL,NULL
2512,Boiler_B_Cp_Total_Fuel_At_Fuel_Temp,inferred,NULL,real,Boiler B Cp Total Fuel At Fuel Temp,Boiler_B_Cp_Total_Fuel_At_Fuel_Temp,1,2025-05-04 11:56:42,0,NULL,NULL
2513,Boiler_B_Avg_Cp_Of_Fuel_Gas_Sensible_Heat_Corrected,inferred,NULL,real,Boiler B Avg Cp Of Fuel Gas Sensible Heat Corrected,Boiler_B_Avg_Cp_Of_Fuel_Gas_Sensible_Heat_Corrected,1,2025-05-04 11:56:42,0,NULL,NULL
2514,Boiler_B_Dry_Flue_Gas_Per_Fuel_Mass_Ratio,inferred,NULL,real,Boiler B Dry Flue Gas Per Fuel Mass Ratio,Boiler_B_Dry_Flue_Gas_Per_Fuel_Mass_Ratio,1,2025-05-04 11:56:42,0,NULL,NULL
2515,Boiler_B_Flue_Gas_Per_Fuel_Mass_Ratio,inferred,NULL,real,Boiler B Flue Gas Per Fuel Mass Ratio,Boiler_B_Flue_Gas_Per_Fuel_Mass_Ratio,1,2025-05-04 11:56:42,0,NULL,NULL
2516,Boiler_B_Flue_Gas_Mw,inferred,NULL,real,Boiler B Flue Gas Mw,Boiler_B_Flue_Gas_Mw,1,2025-05-04 11:56:42,0,NULL,NULL
2517,Boiler_B_Cp_Of_Air_At_Stack_Temp,inferred,NULL,real,Boiler B Cp Of Air At Stack Temp,Boiler_B_Cp_Of_Air_At_Stack_Temp,1,2025-05-04 11:56:42,0,NULL,NULL
2518,Boiler_B_Cp_Flue_Gas_Co2_At_Stack_Temp,inferred,NULL,real,Boiler B Cp Flue Gas Co2 At Stack Temp,Boiler_B_Cp_Flue_Gas_Co2_At_Stack_Temp,1,2025-05-04 11:56:43,0,NULL,NULL
2519,Boiler_B_Cp_Flue_Gas_N2_At_Stack_Temp,inferred,NULL,real,Boiler B Cp Flue Gas N2 At Stack Temp,Boiler_B_Cp_Flue_Gas_N2_At_Stack_Temp,1,2025-05-04 11:56:43,0,NULL,NULL
2520,Boiler_B_Avg_Cp_Of_Flue_Gas_At_Stack_Temp,inferred,NULL,real,Boiler B Avg Cp Of Flue Gas At Stack Temp,Boiler_B_Avg_Cp_Of_Flue_Gas_At_Stack_Temp,1,2025-05-04 11:56:43,0,NULL,NULL
2521,Boiler_B_Cp_Of_H2O_At_Stack_Temp,inferred,NULL,real,Boiler B Cp Of H2O At Stack Temp,Boiler_B_Cp_Of_H2O_At_Stack_Temp,1,2025-05-04 11:56:43,0,NULL,NULL
2522,Boiler_B_Sensible_Heat_Correction_For_Fuel,inferred,NULL,real,Boiler B Sensible Heat Correction For Fuel,Boiler_B_Sensible_Heat_Correction_For_Fuel,1,2025-05-04 11:56:43,0,NULL,NULL
2523,Boiler_B_Sensbile_Heat_Correction_For_Air,inferred,NULL,real,Boiler B Sensbile Heat Correction For Air,Boiler_B_Sensbile_Heat_Correction_For_Air,1,2025-05-04 11:56:43,0,NULL,NULL
2524,Boiler_B_Mixed_Lhv_Per_Kg,inferred,NULL,real,Boiler B Mixed Lhv Per Kg,Boiler_B_Mixed_Lhv_Per_Kg,1,2025-05-04 11:56:43,0,NULL,NULL
2525,Boiler_B_Total_Heat_Input_Per_Kg_Of_Fuel,inferred,NULL,real,Boiler B Total Heat Input Per Kg Of Fuel,Boiler_B_Total_Heat_Input_Per_Kg_Of_Fuel,1,2025-05-04 11:56:43,0,NULL,NULL
2526,Boiler_B_Heat_Loss_Due_To_Dry_Flue_Gas_L1,pi,UN.UO.BO-7101B.Heat_Loss_Due_To_Dry_Flue_Gas_L1_EO_CALC_OUTPUT,real,Boiler B Heat Loss Due To Dry Flue Gas L1,Boiler_B_Heat_Loss_Due_To_Dry_Flue_Gas_L1,1,2025-05-04 11:56:43,0,NULL,NULL
2527,Boiler_B_Heat_Loss_Due_To_Evaporation_Of_Water_Formed_Due_To_H2_In_Fuel_L2,inferred,NULL,real,Boiler B Heat Loss Due To Evaporation Of Water Formed Due To H2 In Fuel L2,Boiler_B_Heat_Loss_Due_To_Evaporation_Of_Water_Formed_Due_To_H2_In_Fuel_L2,1,2025-05-04 11:56:43,0,NULL,NULL
2528,Boiler_B_Heat_Loss_Due_To_H2O_In_Stack_L3,inferred,NULL,real,Boiler B Heat Loss Due To H2O In Stack L3,Boiler_B_Heat_Loss_Due_To_H2O_In_Stack_L3,1,2025-05-04 11:56:43,0,NULL,NULL
2529,Boiler_B_Heat_Loss_Due_To_Incomplete_Combustionl4,inferred,NULL,real,Boiler B Heat Loss Due To Incomplete Combustionl4,Boiler_B_Heat_Loss_Due_To_Incomplete_Combustionl4,1,2025-05-04 11:56:43,0,NULL,NULL
2530,Boiler_B_Total_Boiler_Stack_Loss_Per_Kg_Fuel,pi,UN.UO.BO-7101B.Total_Boiler_Stack_Loss_Per_Kg_Fuel_EO_CALC_OUTPUT,real,Boiler B Total Boiler Stack Loss Per Kg Fuel,Boiler_B_Total_Boiler_Stack_Loss_Per_Kg_Fuel,1,2025-05-04 11:56:43,0,NULL,NULL
2531,Boiler_B_Radiation_Losses,inferred,NULL,real,Boiler B Radiation Losses,Boiler_B_Radiation_Losses,1,2025-05-04 11:56:43,0,NULL,NULL
2532,Boiler_B_Total_Heat_Loss_Per_Kg_Of_Fuel,pi,UN.UO.BO-7101B.Total_Heat_Loss_Per_Kg_Of_Fuel_EO_CALC_OUTPUT,real,Boiler B Total Heat Loss Per Kg Of Fuel,Boiler_B_Total_Heat_Loss_Per_Kg_Of_Fuel,1,2025-05-04 11:56:43,0,NULL,NULL
2533,Boiler_B_Total_Heat_Absorbed_Per_Kg_Of_Fuel,pi,UN.UO.BO-7101B.Total_Heat_Absorbed_Per_Kg_Of_Fuel_EO_CALC_OUTPUT,real,Boiler B Total Heat Absorbed Per Kg Of Fuel,Boiler_B_Total_Heat_Absorbed_Per_Kg_Of_Fuel,1,2025-05-04 11:56:43,0,NULL,NULL
2534,Boiler_B_Boiler_Indirect_Efficiency,inferred,NULL,real,Boiler B Boiler Indirect Efficiency,Boiler_B_Boiler_Indirect_Efficiency,1,2025-05-04 11:56:43,0,NULL,NULL
2535,Boiler_C_Boiler_Load,inferred,NULL,real,Boiler C Boiler Load,Boiler_C_Boiler_Load,1,2025-05-04 11:56:43,0,NULL,NULL
2536,Boiler_C_Status,inferred,NULL,real,Boiler C Status,Boiler_C_Status,1,2025-05-04 11:56:43,0,NULL,NULL
2537,Boiler_C_Fuel_Composition_Total,inferred,NULL,real,Boiler C Fuel Composition Total,Boiler_C_Fuel_Composition_Total,1,2025-05-04 11:56:43,0,NULL,NULL
2538,Normalized_Boiler_C_Fg_Ch4_Concentration,inferred,NULL,real,Normalized Boiler C Fg Ch4 Concentration,Normalized_Boiler_C_Fg_Ch4_Concentration,1,2025-05-04 11:56:43,0,NULL,NULL
2539,Normalized_Boiler_C_Fg_Ethane_Concentration,inferred,NULL,real,Normalized Boiler C Fg Ethane Concentration,Normalized_Boiler_C_Fg_Ethane_Concentration,1,2025-05-04 11:56:43,0,NULL,NULL
2540,Normalized_Boiler_C_Fg_Ethylene_Concentration,inferred,NULL,real,Normalized Boiler C Fg Ethylene Concentration,Normalized_Boiler_C_Fg_Ethylene_Concentration,1,2025-05-04 11:56:43,0,NULL,NULL
2541,Normalized_Boiler_C_Fg_Propane_Concentration,inferred,NULL,real,Normalized Boiler C Fg Propane Concentration,Normalized_Boiler_C_Fg_Propane_Concentration,1,2025-05-04 11:56:43,0,NULL,NULL
2542,Normalized_Boiler_C_Fg_Ic4_Concentration,inferred,NULL,real,Normalized Boiler C Fg Ic4 Concentration,Normalized_Boiler_C_Fg_Ic4_Concentration,1,2025-05-04 11:56:43,0,NULL,NULL
2543,Normalized_Boiler_C_Fg_Nc4_Concentration,inferred,NULL,real,Normalized Boiler C Fg Nc4 Concentration,Normalized_Boiler_C_Fg_Nc4_Concentration,1,2025-05-04 11:56:43,0,NULL,NULL
2544,Normalized_Boiler_C_Fg_Nc5_Concentration,inferred,NULL,real,Normalized Boiler C Fg Nc5 Concentration,Normalized_Boiler_C_Fg_Nc5_Concentration,1,2025-05-04 11:56:43,0,NULL,NULL
2545,Normalized_Boiler_C_Fg_Ic5_Concentration,inferred,NULL,real,Normalized Boiler C Fg Ic5 Concentration,Normalized_Boiler_C_Fg_Ic5_Concentration,1,2025-05-04 11:56:43,0,NULL,NULL
2546,Normalized_Boiler_C_Fg_N2_Concentration,inferred,NULL,real,Normalized Boiler C Fg N2 Concentration,Normalized_Boiler_C_Fg_N2_Concentration,1,2025-05-04 11:56:43,0,NULL,NULL
2547,Normalized_Boiler_C_Fg_Hydrogen_Concentration,inferred,NULL,real,Normalized Boiler C Fg Hydrogen Concentration,Normalized_Boiler_C_Fg_Hydrogen_Concentration,1,2025-05-04 11:56:43,0,NULL,NULL
2548,Boiler_C_Fg_Mw,inferred,NULL,real,Boiler C Fg Mw,Boiler_C_Fg_Mw,1,2025-05-04 11:56:43,0,NULL,NULL
2549,Boiler_C_Fg_Ch4_Mass_Percentage,inferred,NULL,real,Boiler C Fg Ch4 Mass Percentage,Boiler_C_Fg_Ch4_Mass_Percentage,1,2025-05-04 11:56:43,0,NULL,NULL
2550,Boiler_C_Fg_Ethane_Mass_Percentage,inferred,NULL,real,Boiler C Fg Ethane Mass Percentage,Boiler_C_Fg_Ethane_Mass_Percentage,1,2025-05-04 11:56:43,0,NULL,NULL
2551,Boiler_C_Fg_Ethylene_Mass_Percentage,inferred,NULL,real,Boiler C Fg Ethylene Mass Percentage,Boiler_C_Fg_Ethylene_Mass_Percentage,1,2025-05-04 11:56:43,0,NULL,NULL
2552,Boiler_C_Fg_Propane_Mass_Percentage,inferred,NULL,real,Boiler C Fg Propane Mass Percentage,Boiler_C_Fg_Propane_Mass_Percentage,1,2025-05-04 11:56:43,0,NULL,NULL
2553,Boiler_C_Fg_Nitrogen_Mass_Percentage,inferred,NULL,real,Boiler C Fg Nitrogen Mass Percentage,Boiler_C_Fg_Nitrogen_Mass_Percentage,1,2025-05-04 11:56:43,0,NULL,NULL
2554,Boiler_C_Fg_Hydrogen_Mass_Percentage,inferred,NULL,real,Boiler C Fg Hydrogen Mass Percentage,Boiler_C_Fg_Hydrogen_Mass_Percentage,1,2025-05-04 11:56:43,0,NULL,NULL
2555,Boiler_C_Fg_Ic4_Mass_Percentage,inferred,NULL,real,Boiler C Fg Ic4 Mass Percentage,Boiler_C_Fg_Ic4_Mass_Percentage,1,2025-05-04 11:56:43,0,NULL,NULL
2556,Boiler_C_Fg_Nc4_Mass_Percentage,inferred,NULL,real,Boiler C Fg Nc4 Mass Percentage,Boiler_C_Fg_Nc4_Mass_Percentage,1,2025-05-04 11:56:43,0,NULL,NULL
2557,Boiler_C_Fg_Nc5_Mass_Percentage,inferred,NULL,real,Boiler C Fg Nc5 Mass Percentage,Boiler_C_Fg_Nc5_Mass_Percentage,1,2025-05-04 11:56:43,0,NULL,NULL
2558,Boiler_C_Fg_Ic5_Mass_Percentage,inferred,NULL,real,Boiler C Fg Ic5 Mass Percentage,Boiler_C_Fg_Ic5_Mass_Percentage,1,2025-05-04 11:56:43,0,NULL,NULL
2559,Boiler_C_Total_Fuel_Compostion_Mass,inferred,NULL,real,Boiler C Total Fuel Compostion Mass,Boiler_C_Total_Fuel_Compostion_Mass,1,2025-05-04 11:56:43,0,NULL,NULL
2560,Boiler_C_Fg_Ch4_Mass_Fraction,inferred,NULL,real,Boiler C Fg Ch4 Mass Fraction,Boiler_C_Fg_Ch4_Mass_Fraction,1,2025-05-04 11:56:43,0,NULL,NULL
2561,Boiler_C_Fg_Ethane_Mass_Fraction,inferred,NULL,real,Boiler C Fg Ethane Mass Fraction,Boiler_C_Fg_Ethane_Mass_Fraction,1,2025-05-04 11:56:43,0,NULL,NULL
2562,Boiler_C_Fg_Ethylene_Mass_Fraction,inferred,NULL,real,Boiler C Fg Ethylene Mass Fraction,Boiler_C_Fg_Ethylene_Mass_Fraction,1,2025-05-04 11:56:43,0,NULL,NULL
2563,Boiler_C_Fg_Propane_Mass_Fraction,inferred,NULL,real,Boiler C Fg Propane Mass Fraction,Boiler_C_Fg_Propane_Mass_Fraction,1,2025-05-04 11:56:43,0,NULL,NULL
2564,Boiler_C_Fg_Hydrogen_Mass_Fraction,inferred,NULL,real,Boiler C Fg Hydrogen Mass Fraction,Boiler_C_Fg_Hydrogen_Mass_Fraction,1,2025-05-04 11:56:43,0,NULL,NULL
2565,Boiler_C_Fg_Ic4_Mass_Fraction,inferred,NULL,real,Boiler C Fg Ic4 Mass Fraction,Boiler_C_Fg_Ic4_Mass_Fraction,1,2025-05-04 11:56:43,0,NULL,NULL
2566,Boiler_C_Fg_Nc4_Mass_Fraction,inferred,NULL,real,Boiler C Fg Nc4 Mass Fraction,Boiler_C_Fg_Nc4_Mass_Fraction,1,2025-05-04 11:56:43,0,NULL,NULL
2567,Boiler_C_Fg_Nc5_Mass_Fraction,inferred,NULL,real,Boiler C Fg Nc5 Mass Fraction,Boiler_C_Fg_Nc5_Mass_Fraction,1,2025-05-04 11:56:43,0,NULL,NULL
2568,Boiler_C_Fg_Ic5_Mass_Fraction,inferred,NULL,real,Boiler C Fg Ic5 Mass Fraction,Boiler_C_Fg_Ic5_Mass_Fraction,1,2025-05-04 11:56:43,0,NULL,NULL
2569,Boiler_C_Air_Required_For_H2_Combustion,inferred,NULL,real,Boiler C Air Required For H2 Combustion,Boiler_C_Air_Required_For_H2_Combustion,1,2025-05-04 11:56:43,0,NULL,NULL
2570,Boiler_C_Air_Required_For_Ch4_Combustion,inferred,NULL,real,Boiler C Air Required For Ch4 Combustion,Boiler_C_Air_Required_For_Ch4_Combustion,1,2025-05-04 11:56:43,0,NULL,NULL
2571,Boiler_C_Air_Required_For_Ethane_Combustion,inferred,NULL,real,Boiler C Air Required For Ethane Combustion,Boiler_C_Air_Required_For_Ethane_Combustion,1,2025-05-04 11:56:43,0,NULL,NULL
2572,Boiler_C_Air_Required_For_Ethylene_Combustion,inferred,NULL,real,Boiler C Air Required For Ethylene Combustion,Boiler_C_Air_Required_For_Ethylene_Combustion,1,2025-05-04 11:56:43,0,NULL,NULL
2573,Boiler_C_Air_Required_For_Propane_Combustion,inferred,NULL,real,Boiler C Air Required For Propane Combustion,Boiler_C_Air_Required_For_Propane_Combustion,1,2025-05-04 11:56:43,0,NULL,NULL
2574,Boiler_C_Air_Required_For_Nc4_Combustion,inferred,NULL,real,Boiler C Air Required For Nc4 Combustion,Boiler_C_Air_Required_For_Nc4_Combustion,1,2025-05-04 11:56:43,0,NULL,NULL
2575,Boiler_C_Air_Required_For_Ic4_Combustion,inferred,NULL,real,Boiler C Air Required For Ic4 Combustion,Boiler_C_Air_Required_For_Ic4_Combustion,1,2025-05-04 11:56:43,0,NULL,NULL
2576,Boiler_C_Air_Required_For_Nc5_Combustion,inferred,NULL,real,Boiler C Air Required For Nc5 Combustion,Boiler_C_Air_Required_For_Nc5_Combustion,1,2025-05-04 11:56:43,0,NULL,NULL
2577,Boiler_C_Air_Required_For_Ic5_Combustion,inferred,NULL,real,Boiler C Air Required For Ic5 Combustion,Boiler_C_Air_Required_For_Ic5_Combustion,1,2025-05-04 11:56:43,0,NULL,NULL
2578,Boiler_C_Ch4_Co2_Combustion,inferred,NULL,real,Boiler C Ch4 Co2 Combustion,Boiler_C_Ch4_Co2_Combustion,1,2025-05-04 11:56:43,0,NULL,NULL
2579,Boiler_C_Ethane_Co2_Combustion,inferred,NULL,real,Boiler C Ethane Co2 Combustion,Boiler_C_Ethane_Co2_Combustion,1,2025-05-04 11:56:43,0,NULL,NULL
2580,Boiler_C_Ethylene_Co2_Combustion,inferred,NULL,real,Boiler C Ethylene Co2 Combustion,Boiler_C_Ethylene_Co2_Combustion,1,2025-05-04 11:56:43,0,NULL,NULL
2581,Boiler_C_Propane_Co2_Combustion,inferred,NULL,real,Boiler C Propane Co2 Combustion,Boiler_C_Propane_Co2_Combustion,1,2025-05-04 11:56:43,0,NULL,NULL
2582,Boiler_C_Nc4_Co2_Combustion,inferred,NULL,real,Boiler C Nc4 Co2 Combustion,Boiler_C_Nc4_Co2_Combustion,1,2025-05-04 11:56:43,0,NULL,NULL
2583,Boiler_C_Ic4_Co2_Combustion,inferred,NULL,real,Boiler C Ic4 Co2 Combustion,Boiler_C_Ic4_Co2_Combustion,1,2025-05-04 11:56:43,0,NULL,NULL
2584,Boiler_C_Nc5_Co2_Combustion,inferred,NULL,real,Boiler C Nc5 Co2 Combustion,Boiler_C_Nc5_Co2_Combustion,1,2025-05-04 11:56:43,0,NULL,NULL
2585,Boiler_C_Ic5_Co2_Combustion,inferred,NULL,real,Boiler C Ic5 Co2 Combustion,Boiler_C_Ic5_Co2_Combustion,1,2025-05-04 11:56:43,0,NULL,NULL
2586,Boiler_C_H2_N2_Combustion,inferred,NULL,real,Boiler C H2 N2 Combustion,Boiler_C_H2_N2_Combustion,1,2025-05-04 11:56:43,0,NULL,NULL
2587,Boiler_C_Ch4_N2_Combustion,inferred,NULL,real,Boiler C Ch4 N2 Combustion,Boiler_C_Ch4_N2_Combustion,1,2025-05-04 11:56:43,0,NULL,NULL
2588,Boiler_C_Ethane_N2_Combustion,inferred,NULL,real,Boiler C Ethane N2 Combustion,Boiler_C_Ethane_N2_Combustion,1,2025-05-04 11:56:43,0,NULL,NULL
2589,Boiler_C_Ethylene_N2_Combustion,inferred,NULL,real,Boiler C Ethylene N2 Combustion,Boiler_C_Ethylene_N2_Combustion,1,2025-05-04 11:56:43,0,NULL,NULL
2590,Boiler_C_Propane_N2_Combustion,inferred,NULL,real,Boiler C Propane N2 Combustion,Boiler_C_Propane_N2_Combustion,1,2025-05-04 11:56:43,0,NULL,NULL
2591,Boiler_C_Ic4_N2_Combustion,inferred,NULL,real,Boiler C Ic4 N2 Combustion,Boiler_C_Ic4_N2_Combustion,1,2025-05-04 11:56:43,0,NULL,NULL
2592,Boiler_C_Nc4_N2_Combustion,inferred,NULL,real,Boiler C Nc4 N2 Combustion,Boiler_C_Nc4_N2_Combustion,1,2025-05-04 11:56:43,0,NULL,NULL
2593,Boiler_C_Ic5_N2_Combustion,inferred,NULL,real,Boiler C Ic5 N2 Combustion,Boiler_C_Ic5_N2_Combustion,1,2025-05-04 11:56:43,0,NULL,NULL
2594,Boiler_C_Nc5_N2_Combustion,inferred,NULL,real,Boiler C Nc5 N2 Combustion,Boiler_C_Nc5_N2_Combustion,1,2025-05-04 11:56:43,0,NULL,NULL
2595,Boiler_C_H2_H2O_Combustion,inferred,NULL,real,Boiler C H2 H2O Combustion,Boiler_C_H2_H2O_Combustion,1,2025-05-04 11:56:43,0,NULL,NULL
2596,Boiler_C_Ch4_H2O_Combustion,inferred,NULL,real,Boiler C Ch4 H2O Combustion,Boiler_C_Ch4_H2O_Combustion,1,2025-05-04 11:56:43,0,NULL,NULL
2597,Boiler_C_Ethane_H2O_Combustion,inferred,NULL,real,Boiler C Ethane H2O Combustion,Boiler_C_Ethane_H2O_Combustion,1,2025-05-04 11:56:43,0,NULL,NULL
2598,Boiler_C_Ethylene_H2O_Combustion,inferred,NULL,real,Boiler C Ethylene H2O Combustion,Boiler_C_Ethylene_H2O_Combustion,1,2025-05-04 11:56:43,0,NULL,NULL
2599,Boiler_C_Propane_H2O_Combustion,inferred,NULL,real,Boiler C Propane H2O Combustion,Boiler_C_Propane_H2O_Combustion,1,2025-05-04 11:56:43,0,NULL,NULL
2600,Boiler_C_Ic4_H2O_Combustion,inferred,NULL,real,Boiler C Ic4 H2O Combustion,Boiler_C_Ic4_H2O_Combustion,1,2025-05-04 11:56:43,0,NULL,NULL
2601,Boiler_C_Nc4_H2O_Combustion,inferred,NULL,real,Boiler C Nc4 H2O Combustion,Boiler_C_Nc4_H2O_Combustion,1,2025-05-04 11:56:43,0,NULL,NULL
2602,Boiler_C_Ic5_H2O_Combustion,inferred,NULL,real,Boiler C Ic5 H2O Combustion,Boiler_C_Ic5_H2O_Combustion,1,2025-05-04 11:56:43,0,NULL,NULL
2603,Boiler_C_Nc5_H2O_Combustion,inferred,NULL,real,Boiler C Nc5 H2O Combustion,Boiler_C_Nc5_H2O_Combustion,1,2025-05-04 11:56:43,0,NULL,NULL
2604,Boiler_C_Air_Required_For_Complete_Combustion,inferred,NULL,real,Boiler C Air Required For Complete Combustion,Boiler_C_Air_Required_For_Complete_Combustion,1,2025-05-04 11:56:43,0,NULL,NULL
2605,Boiler_C_Co2_Formed,inferred,NULL,real,Boiler C Co2 Formed,Boiler_C_Co2_Formed,1,2025-05-04 11:56:43,0,NULL,NULL
2606,Boiler_C_N2_Formed,inferred,NULL,real,Boiler C N2 Formed,Boiler_C_N2_Formed,1,2025-05-04 11:56:43,0,NULL,NULL
2607,Boiler_C_H2O_Formed,inferred,NULL,real,Boiler C H2O Formed,Boiler_C_H2O_Formed,1,2025-05-04 11:56:43,0,NULL,NULL
2608,Boiler_C_Vapour_Pressure_Of_H2O,inferred,NULL,real,Boiler C Vapour Pressure Of H2O,Boiler_C_Vapour_Pressure_Of_H2O,1,2025-05-04 11:56:43,0,NULL,NULL
2609,Boiler_C_Air_Moisture,pi,UN.UO.BO-7101C.Air_Moisture_EO_CALC_OUTPUT,real,Boiler C Air Moisture,Boiler_C_Air_Moisture,1,2025-05-04 11:56:43,0,NULL,NULL
2610,Boiler_C_Corrected_Combustion_Air,inferred,NULL,real,Boiler C Corrected Combustion Air,Boiler_C_Corrected_Combustion_Air,1,2025-05-04 11:56:43,0,NULL,NULL
2611,Boiler_C_Corrected_Combution_H2O_Formed,inferred,NULL,real,Boiler C Corrected Combution H2O Formed,Boiler_C_Corrected_Combution_H2O_Formed,1,2025-05-04 11:56:43,0,NULL,NULL
2612,Boiler_C_Excess_Air,inferred,NULL,real,Boiler C Excess Air,Boiler_C_Excess_Air,1,2025-05-04 11:56:43,0,NULL,NULL
2613,Boiler_C_Air_Fuel_Mass_Ratio,inferred,NULL,real,Boiler C Air Fuel Mass Ratio,Boiler_C_Air_Fuel_Mass_Ratio,1,2025-05-04 11:56:43,0,NULL,NULL
2614,Boiler_C_Total_Moisture_With_Air,inferred,NULL,real,Boiler C Total Moisture With Air,Boiler_C_Total_Moisture_With_Air,1,2025-05-04 11:56:43,0,NULL,NULL
2615,Boiler_C_Total_H2O_Per_Kg_Of_Fuel,inferred,NULL,real,Boiler C Total H2O Per Kg Of Fuel,Boiler_C_Total_H2O_Per_Kg_Of_Fuel,1,2025-05-04 11:56:43,0,NULL,NULL
2616,Boiler_C_Cp_At_Combustion_Temperature,inferred,NULL,real,Boiler C Cp At Combustion Temperature,Boiler_C_Cp_At_Combustion_Temperature,1,2025-05-04 11:56:43,0,NULL,NULL
2617,Boiler_C_Air_Cp_For_Sensible_Heat_Corrected,pi,UN.UO.BO-7101C.Air_Cp_For_Sensible_Heat_Corrected_EO_CALC_OUTPUT,real,Boiler C Air Cp For Sensible Heat Corrected,Boiler_C_Air_Cp_For_Sensible_Heat_Corrected,1,2025-05-04 11:56:43,0,NULL,NULL
2618,Boiler_C_Cp_H2_Fuel_Temp,inferred,NULL,real,Boiler C Cp H2 Fuel Temp,Boiler_C_Cp_H2_Fuel_Temp,1,2025-05-04 11:56:43,0,NULL,NULL
2619,Boiler_C_Cp_Ch4_Fuel_Temp,inferred,NULL,real,Boiler C Cp Ch4 Fuel Temp,Boiler_C_Cp_Ch4_Fuel_Temp,1,2025-05-04 11:56:43,0,NULL,NULL
2620,Boiler_C_Cp_Ethane_Fuel_Temp,inferred,NULL,real,Boiler C Cp Ethane Fuel Temp,Boiler_C_Cp_Ethane_Fuel_Temp,1,2025-05-04 11:56:43,0,NULL,NULL
2621,Boiler_C_Cp_Propane_Fuel_Temp,inferred,NULL,real,Boiler C Cp Propane Fuel Temp,Boiler_C_Cp_Propane_Fuel_Temp,1,2025-05-04 11:56:43,0,NULL,NULL
2622,Boiler_C_Cp_Ethylene_Fuel_Temp,inferred,NULL,real,Boiler C Cp Ethylene Fuel Temp,Boiler_C_Cp_Ethylene_Fuel_Temp,1,2025-05-04 11:56:43,0,NULL,NULL
2623,Boiler_C_Cp_Nc4_Fuel_Temp,inferred,NULL,real,Boiler C Cp Nc4 Fuel Temp,Boiler_C_Cp_Nc4_Fuel_Temp,1,2025-05-04 11:56:43,0,NULL,NULL
2624,Boiler_C_Cp_Ic4_Fuel_Temp,inferred,NULL,real,Boiler C Cp Ic4 Fuel Temp,Boiler_C_Cp_Ic4_Fuel_Temp,1,2025-05-04 11:56:43,0,NULL,NULL
2625,Boiler_C_Cp_Nc5_Fuel_Temp,inferred,NULL,real,Boiler C Cp Nc5 Fuel Temp,Boiler_C_Cp_Nc5_Fuel_Temp,1,2025-05-04 11:56:43,0,NULL,NULL
2626,Boiler_C_Cp_Ic5_Fuel_Temp,inferred,NULL,real,Boiler C Cp Ic5 Fuel Temp,Boiler_C_Cp_Ic5_Fuel_Temp,1,2025-05-04 11:56:43,0,NULL,NULL
2627,Boiler_C_Cp_Total_Fuel_At_Ref_Temp,inferred,NULL,real,Boiler C Cp Total Fuel At Ref Temp,Boiler_C_Cp_Total_Fuel_At_Ref_Temp,1,2025-05-04 11:56:43,0,NULL,NULL
2628,Boiler_C_Cp_Total_Fuel_At_Fuel_Temp,inferred,NULL,real,Boiler C Cp Total Fuel At Fuel Temp,Boiler_C_Cp_Total_Fuel_At_Fuel_Temp,1,2025-05-04 11:56:43,0,NULL,NULL
2629,Boiler_C_Avg_Cp_Of_Fuel_Gas_Sensible_Heat_Corrected,inferred,NULL,real,Boiler C Avg Cp Of Fuel Gas Sensible Heat Corrected,Boiler_C_Avg_Cp_Of_Fuel_Gas_Sensible_Heat_Corrected,1,2025-05-04 11:56:43,0,NULL,NULL
2630,Boiler_C_Dry_Flue_Gas_Per_Fuel_Mass_Ratio,inferred,NULL,real,Boiler C Dry Flue Gas Per Fuel Mass Ratio,Boiler_C_Dry_Flue_Gas_Per_Fuel_Mass_Ratio,1,2025-05-04 11:56:43,0,NULL,NULL
2631,Boiler_C_Flue_Gas_Per_Fuel_Mass_Ratio,inferred,NULL,real,Boiler C Flue Gas Per Fuel Mass Ratio,Boiler_C_Flue_Gas_Per_Fuel_Mass_Ratio,1,2025-05-04 11:56:43,0,NULL,NULL
2632,Boiler_C_Flue_Gas_Mw,inferred,NULL,real,Boiler C Flue Gas Mw,Boiler_C_Flue_Gas_Mw,1,2025-05-04 11:56:43,0,NULL,NULL
2633,Boiler_C_Cp_Of_Air_At_Stack_Temp,inferred,NULL,real,Boiler C Cp Of Air At Stack Temp,Boiler_C_Cp_Of_Air_At_Stack_Temp,1,2025-05-04 11:56:43,0,NULL,NULL
2634,Boiler_C_Cp_Flue_Gas_Co2_At_Stack_Temp,inferred,NULL,real,Boiler C Cp Flue Gas Co2 At Stack Temp,Boiler_C_Cp_Flue_Gas_Co2_At_Stack_Temp,1,2025-05-04 11:56:43,0,NULL,NULL
2635,Boiler_C_Cp_Flue_Gas_N2_At_Stack_Temp,inferred,NULL,real,Boiler C Cp Flue Gas N2 At Stack Temp,Boiler_C_Cp_Flue_Gas_N2_At_Stack_Temp,1,2025-05-04 11:56:43,0,NULL,NULL
2636,Boiler_C_Avg_Cp_Of_Flue_Gas_At_Stack_Temp,inferred,NULL,real,Boiler C Avg Cp Of Flue Gas At Stack Temp,Boiler_C_Avg_Cp_Of_Flue_Gas_At_Stack_Temp,1,2025-05-04 11:56:43,0,NULL,NULL
2637,Boiler_C_Cp_Of_H2O_At_Stack_Temp,inferred,NULL,real,Boiler C Cp Of H2O At Stack Temp,Boiler_C_Cp_Of_H2O_At_Stack_Temp,1,2025-05-04 11:56:43,0,NULL,NULL
2638,Boiler_C_Sensible_Heat_Correction_For_Fuel,inferred,NULL,real,Boiler C Sensible Heat Correction For Fuel,Boiler_C_Sensible_Heat_Correction_For_Fuel,1,2025-05-04 11:56:43,0,NULL,NULL
2639,Boiler_C_Sensbile_Heat_Correction_For_Air,inferred,NULL,real,Boiler C Sensbile Heat Correction For Air,Boiler_C_Sensbile_Heat_Correction_For_Air,1,2025-05-04 11:56:43,0,NULL,NULL
2640,Boiler_C_Mixed_Lhv_Per_Kg,inferred,NULL,real,Boiler C Mixed Lhv Per Kg,Boiler_C_Mixed_Lhv_Per_Kg,1,2025-05-04 11:56:43,0,NULL,NULL
2641,Boiler_C_Total_Heat_Input_Per_Kg_Of_Fuel,inferred,NULL,real,Boiler C Total Heat Input Per Kg Of Fuel,Boiler_C_Total_Heat_Input_Per_Kg_Of_Fuel,1,2025-05-04 11:56:43,0,NULL,NULL
2642,Boiler_C_Heat_Loss_Due_To_Dry_Flue_Gas_L1,pi,UN.UO.BO-7101C.Heat_Loss_Due_To_Dry_Flue_Gas_L1_EO_CALC_OUTPUT,real,Boiler C Heat Loss Due To Dry Flue Gas L1,Boiler_C_Heat_Loss_Due_To_Dry_Flue_Gas_L1,1,2025-05-04 11:56:43,0,NULL,NULL
2643,Boiler_C_Heat_Loss_Due_To_Evaporation_Of_Water_Formed_Due_To_H2_In_Fuel_L2,inferred,NULL,real,Boiler C Heat Loss Due To Evaporation Of Water Formed Due To H2 In Fuel L2,Boiler_C_Heat_Loss_Due_To_Evaporation_Of_Water_Formed_Due_To_H2_In_Fuel_L2,1,2025-05-04 11:56:43,0,NULL,NULL
2644,Boiler_C_Heat_Loss_Due_To_H2O_In_Stack_L3,inferred,NULL,real,Boiler C Heat Loss Due To H2O In Stack L3,Boiler_C_Heat_Loss_Due_To_H2O_In_Stack_L3,1,2025-05-04 11:56:43,0,NULL,NULL
2645,Boiler_C_Heat_Loss_Due_To_Incomplete_Combustionl4,inferred,NULL,real,Boiler C Heat Loss Due To Incomplete Combustionl4,Boiler_C_Heat_Loss_Due_To_Incomplete_Combustionl4,1,2025-05-04 11:56:43,0,NULL,NULL
2646,Boiler_C_Total_Boiler_Stack_Loss_Per_Kg_Fuel,pi,UN.UO.BO-7101C.Total_Boiler_Stack_Loss_Per_Kg_Fuel_EO_CALC_OUTPUT,real,Boiler C Total Boiler Stack Loss Per Kg Fuel,Boiler_C_Total_Boiler_Stack_Loss_Per_Kg_Fuel,1,2025-05-04 11:56:43,0,NULL,NULL
2647,Boiler_C_Radiation_Losses,inferred,NULL,real,Boiler C Radiation Losses,Boiler_C_Radiation_Losses,1,2025-05-04 11:56:43,0,NULL,NULL
2648,Boiler_C_Total_Heat_Loss_Per_Kg_Of_Fuel,pi,UN.UO.BO-7101C.Total_Heat_Loss_Per_Kg_Of_Fuel_EO_CALC_OUTPUT,real,Boiler C Total Heat Loss Per Kg Of Fuel,Boiler_C_Total_Heat_Loss_Per_Kg_Of_Fuel,1,2025-05-04 11:56:43,0,NULL,NULL
2649,Boiler_C_Total_Heat_Absorbed_Per_Kg_Of_Fuel,pi,UN.UO.BO-7101C.Total_Heat_Absorbed_Per_Kg_Of_Fuel_EO_CALC_OUTPUT,real,Boiler C Total Heat Absorbed Per Kg Of Fuel,Boiler_C_Total_Heat_Absorbed_Per_Kg_Of_Fuel,1,2025-05-04 11:56:43,0,NULL,NULL
2650,Boiler_C_Boiler_Indirect_Efficiency,inferred,NULL,real,Boiler C Boiler Indirect Efficiency,Boiler_C_Boiler_Indirect_Efficiency,1,2025-05-04 11:56:43,0,NULL,NULL
2651,Boiler_D_Boiler_Load,inferred,NULL,real,Boiler D Boiler Load,Boiler_D_Boiler_Load,1,2025-05-04 11:56:43,0,NULL,NULL
2652,Boiler_D_Status,inferred,NULL,real,Boiler D Status,Boiler_D_Status,1,2025-05-04 11:56:43,0,NULL,NULL
2653,Boiler_D_Fuel_Composition_Total,inferred,NULL,real,Boiler D Fuel Composition Total,Boiler_D_Fuel_Composition_Total,1,2025-05-04 11:56:43,0,NULL,NULL
2654,Normalized_Boiler_D_Fg_Ch4_Concentration,inferred,NULL,real,Normalized Boiler D Fg Ch4 Concentration,Normalized_Boiler_D_Fg_Ch4_Concentration,1,2025-05-04 11:56:43,0,NULL,NULL
2655,Normalized_Boiler_D_Fg_Ethane_Concentration,inferred,NULL,real,Normalized Boiler D Fg Ethane Concentration,Normalized_Boiler_D_Fg_Ethane_Concentration,1,2025-05-04 11:56:43,0,NULL,NULL
2656,Normalized_Boiler_D_Fg_Ethylene_Concentration,inferred,NULL,real,Normalized Boiler D Fg Ethylene Concentration,Normalized_Boiler_D_Fg_Ethylene_Concentration,1,2025-05-04 11:56:43,0,NULL,NULL
2657,Normalized_Boiler_D_Fg_Propane_Concentration,inferred,NULL,real,Normalized Boiler D Fg Propane Concentration,Normalized_Boiler_D_Fg_Propane_Concentration,1,2025-05-04 11:56:43,0,NULL,NULL
2658,Normalized_Boiler_D_Fg_Ic4_Concentration,inferred,NULL,real,Normalized Boiler D Fg Ic4 Concentration,Normalized_Boiler_D_Fg_Ic4_Concentration,1,2025-05-04 11:56:43,0,NULL,NULL
2659,Normalized_Boiler_D_Fg_Nc4_Concentration,inferred,NULL,real,Normalized Boiler D Fg Nc4 Concentration,Normalized_Boiler_D_Fg_Nc4_Concentration,1,2025-05-04 11:56:43,0,NULL,NULL
2660,Normalized_Boiler_D_Fg_Nc5_Concentration,inferred,NULL,real,Normalized Boiler D Fg Nc5 Concentration,Normalized_Boiler_D_Fg_Nc5_Concentration,1,2025-05-04 11:56:43,0,NULL,NULL
2661,Normalized_Boiler_D_Fg_Ic5_Concentration,inferred,NULL,real,Normalized Boiler D Fg Ic5 Concentration,Normalized_Boiler_D_Fg_Ic5_Concentration,1,2025-05-04 11:56:43,0,NULL,NULL
2662,Normalized_Boiler_D_Fg_N2_Concentration,inferred,NULL,real,Normalized Boiler D Fg N2 Concentration,Normalized_Boiler_D_Fg_N2_Concentration,1,2025-05-04 11:56:43,0,NULL,NULL
2663,Normalized_Boiler_D_Fg_Hydrogen_Concentration,inferred,NULL,real,Normalized Boiler D Fg Hydrogen Concentration,Normalized_Boiler_D_Fg_Hydrogen_Concentration,1,2025-05-04 11:56:43,0,NULL,NULL
2664,Boiler_D_Fg_Mw,inferred,NULL,real,Boiler D Fg Mw,Boiler_D_Fg_Mw,1,2025-05-04 11:56:43,0,NULL,NULL
2665,Boiler_D_Fg_Ch4_Mass_Percentage,inferred,NULL,real,Boiler D Fg Ch4 Mass Percentage,Boiler_D_Fg_Ch4_Mass_Percentage,1,2025-05-04 11:56:43,0,NULL,NULL
2666,Boiler_D_Fg_Ethane_Mass_Percentage,inferred,NULL,real,Boiler D Fg Ethane Mass Percentage,Boiler_D_Fg_Ethane_Mass_Percentage,1,2025-05-04 11:56:43,0,NULL,NULL
2667,Boiler_D_Fg_Ethylene_Mass_Percentage,inferred,NULL,real,Boiler D Fg Ethylene Mass Percentage,Boiler_D_Fg_Ethylene_Mass_Percentage,1,2025-05-04 11:56:43,0,NULL,NULL
2668,Boiler_D_Fg_Propane_Mass_Percentage,inferred,NULL,real,Boiler D Fg Propane Mass Percentage,Boiler_D_Fg_Propane_Mass_Percentage,1,2025-05-04 11:56:43,0,NULL,NULL
2669,Boiler_D_Fg_Nitrogen_Mass_Percentage,inferred,NULL,real,Boiler D Fg Nitrogen Mass Percentage,Boiler_D_Fg_Nitrogen_Mass_Percentage,1,2025-05-04 11:56:43,0,NULL,NULL
2670,Boiler_D_Fg_Hydrogen_Mass_Percentage,inferred,NULL,real,Boiler D Fg Hydrogen Mass Percentage,Boiler_D_Fg_Hydrogen_Mass_Percentage,1,2025-05-04 11:56:43,0,NULL,NULL
2671,Boiler_D_Fg_Ic4_Mass_Percentage,inferred,NULL,real,Boiler D Fg Ic4 Mass Percentage,Boiler_D_Fg_Ic4_Mass_Percentage,1,2025-05-04 11:56:43,0,NULL,NULL
2672,Boiler_D_Fg_Nc4_Mass_Percentage,inferred,NULL,real,Boiler D Fg Nc4 Mass Percentage,Boiler_D_Fg_Nc4_Mass_Percentage,1,2025-05-04 11:56:43,0,NULL,NULL
2673,Boiler_D_Fg_Nc5_Mass_Percentage,inferred,NULL,real,Boiler D Fg Nc5 Mass Percentage,Boiler_D_Fg_Nc5_Mass_Percentage,1,2025-05-04 11:56:43,0,NULL,NULL
2674,Boiler_D_Fg_Ic5_Mass_Percentage,inferred,NULL,real,Boiler D Fg Ic5 Mass Percentage,Boiler_D_Fg_Ic5_Mass_Percentage,1,2025-05-04 11:56:43,0,NULL,NULL
2675,Boiler_D_Total_Fuel_Compostion_Mass,inferred,NULL,real,Boiler D Total Fuel Compostion Mass,Boiler_D_Total_Fuel_Compostion_Mass,1,2025-05-04 11:56:43,0,NULL,NULL
2676,Boiler_D_Fg_Ch4_Mass_Fraction,inferred,NULL,real,Boiler D Fg Ch4 Mass Fraction,Boiler_D_Fg_Ch4_Mass_Fraction,1,2025-05-04 11:56:43,0,NULL,NULL
2677,Boiler_D_Fg_Ethane_Mass_Fraction,inferred,NULL,real,Boiler D Fg Ethane Mass Fraction,Boiler_D_Fg_Ethane_Mass_Fraction,1,2025-05-04 11:56:43,0,NULL,NULL
2678,Boiler_D_Fg_Ethylene_Mass_Fraction,inferred,NULL,real,Boiler D Fg Ethylene Mass Fraction,Boiler_D_Fg_Ethylene_Mass_Fraction,1,2025-05-04 11:56:43,0,NULL,NULL
2679,Boiler_D_Fg_Propane_Mass_Fraction,inferred,NULL,real,Boiler D Fg Propane Mass Fraction,Boiler_D_Fg_Propane_Mass_Fraction,1,2025-05-04 11:56:43,0,NULL,NULL
2680,Boiler_D_Fg_Hydrogen_Mass_Fraction,inferred,NULL,real,Boiler D Fg Hydrogen Mass Fraction,Boiler_D_Fg_Hydrogen_Mass_Fraction,1,2025-05-04 11:56:43,0,NULL,NULL
2681,Boiler_D_Fg_Ic4_Mass_Fraction,inferred,NULL,real,Boiler D Fg Ic4 Mass Fraction,Boiler_D_Fg_Ic4_Mass_Fraction,1,2025-05-04 11:56:43,0,NULL,NULL
2682,Boiler_D_Fg_Nc4_Mass_Fraction,inferred,NULL,real,Boiler D Fg Nc4 Mass Fraction,Boiler_D_Fg_Nc4_Mass_Fraction,1,2025-05-04 11:56:43,0,NULL,NULL
2683,Boiler_D_Fg_Nc5_Mass_Fraction,inferred,NULL,real,Boiler D Fg Nc5 Mass Fraction,Boiler_D_Fg_Nc5_Mass_Fraction,1,2025-05-04 11:56:43,0,NULL,NULL
2684,Boiler_D_Fg_Ic5_Mass_Fraction,inferred,NULL,real,Boiler D Fg Ic5 Mass Fraction,Boiler_D_Fg_Ic5_Mass_Fraction,1,2025-05-04 11:56:43,0,NULL,NULL
2685,Boiler_D_Air_Required_For_H2_Combustion,inferred,NULL,real,Boiler D Air Required For H2 Combustion,Boiler_D_Air_Required_For_H2_Combustion,1,2025-05-04 11:56:43,0,NULL,NULL
2686,Boiler_D_Air_Required_For_Ch4_Combustion,inferred,NULL,real,Boiler D Air Required For Ch4 Combustion,Boiler_D_Air_Required_For_Ch4_Combustion,1,2025-05-04 11:56:43,0,NULL,NULL
2687,Boiler_D_Air_Required_For_Ethane_Combustion,inferred,NULL,real,Boiler D Air Required For Ethane Combustion,Boiler_D_Air_Required_For_Ethane_Combustion,1,2025-05-04 11:56:43,0,NULL,NULL
2688,Boiler_D_Air_Required_For_Ethylene_Combustion,inferred,NULL,real,Boiler D Air Required For Ethylene Combustion,Boiler_D_Air_Required_For_Ethylene_Combustion,1,2025-05-04 11:56:43,0,NULL,NULL
2689,Boiler_D_Air_Required_For_Propane_Combustion,inferred,NULL,real,Boiler D Air Required For Propane Combustion,Boiler_D_Air_Required_For_Propane_Combustion,1,2025-05-04 11:56:43,0,NULL,NULL
2690,Boiler_D_Air_Required_For_Nc4_Combustion,inferred,NULL,real,Boiler D Air Required For Nc4 Combustion,Boiler_D_Air_Required_For_Nc4_Combustion,1,2025-05-04 11:56:43,0,NULL,NULL
2691,Boiler_D_Air_Required_For_Ic4_Combustion,inferred,NULL,real,Boiler D Air Required For Ic4 Combustion,Boiler_D_Air_Required_For_Ic4_Combustion,1,2025-05-04 11:56:43,0,NULL,NULL
2692,Boiler_D_Air_Required_For_Nc5_Combustion,inferred,NULL,real,Boiler D Air Required For Nc5 Combustion,Boiler_D_Air_Required_For_Nc5_Combustion,1,2025-05-04 11:56:43,0,NULL,NULL
2693,Boiler_D_Air_Required_For_Ic5_Combustion,inferred,NULL,real,Boiler D Air Required For Ic5 Combustion,Boiler_D_Air_Required_For_Ic5_Combustion,1,2025-05-04 11:56:43,0,NULL,NULL
2694,Boiler_D_Ch4_Co2_Combustion,inferred,NULL,real,Boiler D Ch4 Co2 Combustion,Boiler_D_Ch4_Co2_Combustion,1,2025-05-04 11:56:43,0,NULL,NULL
2695,Boiler_D_Ethane_Co2_Combustion,inferred,NULL,real,Boiler D Ethane Co2 Combustion,Boiler_D_Ethane_Co2_Combustion,1,2025-05-04 11:56:43,0,NULL,NULL
2696,Boiler_D_Ethylene_Co2_Combustion,inferred,NULL,real,Boiler D Ethylene Co2 Combustion,Boiler_D_Ethylene_Co2_Combustion,1,2025-05-04 11:56:43,0,NULL,NULL
2697,Boiler_D_Propane_Co2_Combustion,inferred,NULL,real,Boiler D Propane Co2 Combustion,Boiler_D_Propane_Co2_Combustion,1,2025-05-04 11:56:43,0,NULL,NULL
2698,Boiler_D_Nc4_Co2_Combustion,inferred,NULL,real,Boiler D Nc4 Co2 Combustion,Boiler_D_Nc4_Co2_Combustion,1,2025-05-04 11:56:43,0,NULL,NULL
2699,Boiler_D_Ic4_Co2_Combustion,inferred,NULL,real,Boiler D Ic4 Co2 Combustion,Boiler_D_Ic4_Co2_Combustion,1,2025-05-04 11:56:43,0,NULL,NULL
2700,Boiler_D_Nc5_Co2_Combustion,inferred,NULL,real,Boiler D Nc5 Co2 Combustion,Boiler_D_Nc5_Co2_Combustion,1,2025-05-04 11:56:43,0,NULL,NULL
2701,Boiler_D_Ic5_Co2_Combustion,inferred,NULL,real,Boiler D Ic5 Co2 Combustion,Boiler_D_Ic5_Co2_Combustion,1,2025-05-04 11:56:43,0,NULL,NULL
2702,Boiler_D_H2_N2_Combustion,inferred,NULL,real,Boiler D H2 N2 Combustion,Boiler_D_H2_N2_Combustion,1,2025-05-04 11:56:43,0,NULL,NULL
2703,Boiler_D_Ch4_N2_Combustion,inferred,NULL,real,Boiler D Ch4 N2 Combustion,Boiler_D_Ch4_N2_Combustion,1,2025-05-04 11:56:44,0,NULL,NULL
2704,Boiler_D_Ethane_N2_Combustion,inferred,NULL,real,Boiler D Ethane N2 Combustion,Boiler_D_Ethane_N2_Combustion,1,2025-05-04 11:56:44,0,NULL,NULL
2705,Boiler_D_Ethylene_N2_Combustion,inferred,NULL,real,Boiler D Ethylene N2 Combustion,Boiler_D_Ethylene_N2_Combustion,1,2025-05-04 11:56:44,0,NULL,NULL
2706,Boiler_D_Propane_N2_Combustion,inferred,NULL,real,Boiler D Propane N2 Combustion,Boiler_D_Propane_N2_Combustion,1,2025-05-04 11:56:44,0,NULL,NULL
2707,Boiler_D_Ic4_N2_Combustion,inferred,NULL,real,Boiler D Ic4 N2 Combustion,Boiler_D_Ic4_N2_Combustion,1,2025-05-04 11:56:44,0,NULL,NULL
2708,Boiler_D_Nc4_N2_Combustion,inferred,NULL,real,Boiler D Nc4 N2 Combustion,Boiler_D_Nc4_N2_Combustion,1,2025-05-04 11:56:44,0,NULL,NULL
2709,Boiler_D_Ic5_N2_Combustion,inferred,NULL,real,Boiler D Ic5 N2 Combustion,Boiler_D_Ic5_N2_Combustion,1,2025-05-04 11:56:44,0,NULL,NULL
2710,Boiler_D_Nc5_N2_Combustion,inferred,NULL,real,Boiler D Nc5 N2 Combustion,Boiler_D_Nc5_N2_Combustion,1,2025-05-04 11:56:44,0,NULL,NULL
2711,Boiler_D_H2_H2O_Combustion,inferred,NULL,real,Boiler D H2 H2O Combustion,Boiler_D_H2_H2O_Combustion,1,2025-05-04 11:56:44,0,NULL,NULL
2712,Boiler_D_Ch4_H2O_Combustion,inferred,NULL,real,Boiler D Ch4 H2O Combustion,Boiler_D_Ch4_H2O_Combustion,1,2025-05-04 11:56:44,0,NULL,NULL
2713,Boiler_D_Ethane_H2O_Combustion,inferred,NULL,real,Boiler D Ethane H2O Combustion,Boiler_D_Ethane_H2O_Combustion,1,2025-05-04 11:56:44,0,NULL,NULL
2714,Boiler_D_Ethylene_H2O_Combustion,inferred,NULL,real,Boiler D Ethylene H2O Combustion,Boiler_D_Ethylene_H2O_Combustion,1,2025-05-04 11:56:44,0,NULL,NULL
2715,Boiler_D_Propane_H2O_Combustion,inferred,NULL,real,Boiler D Propane H2O Combustion,Boiler_D_Propane_H2O_Combustion,1,2025-05-04 11:56:44,0,NULL,NULL
2716,Boiler_D_Ic4_H2O_Combustion,inferred,NULL,real,Boiler D Ic4 H2O Combustion,Boiler_D_Ic4_H2O_Combustion,1,2025-05-04 11:56:44,0,NULL,NULL
2717,Boiler_D_Nc4_H2O_Combustion,inferred,NULL,real,Boiler D Nc4 H2O Combustion,Boiler_D_Nc4_H2O_Combustion,1,2025-05-04 11:56:44,0,NULL,NULL
2718,Boiler_D_Ic5_H2O_Combustion,inferred,NULL,real,Boiler D Ic5 H2O Combustion,Boiler_D_Ic5_H2O_Combustion,1,2025-05-04 11:56:44,0,NULL,NULL
2719,Boiler_D_Nc5_H2O_Combustion,inferred,NULL,real,Boiler D Nc5 H2O Combustion,Boiler_D_Nc5_H2O_Combustion,1,2025-05-04 11:56:44,0,NULL,NULL
2720,Boiler_D_Air_Required_For_Complete_Combustion,inferred,NULL,real,Boiler D Air Required For Complete Combustion,Boiler_D_Air_Required_For_Complete_Combustion,1,2025-05-04 11:56:44,0,NULL,NULL
2721,Boiler_D_Co2_Formed,inferred,NULL,real,Boiler D Co2 Formed,Boiler_D_Co2_Formed,1,2025-05-04 11:56:44,0,NULL,NULL
2722,Boiler_D_N2_Formed,inferred,NULL,real,Boiler D N2 Formed,Boiler_D_N2_Formed,1,2025-05-04 11:56:44,0,NULL,NULL
2723,Boiler_D_H2O_Formed,inferred,NULL,real,Boiler D H2O Formed,Boiler_D_H2O_Formed,1,2025-05-04 11:56:44,0,NULL,NULL
2724,Boiler_D_Vapour_Pressure_Of_H2O,inferred,NULL,real,Boiler D Vapour Pressure Of H2O,Boiler_D_Vapour_Pressure_Of_H2O,1,2025-05-04 11:56:44,0,NULL,NULL
2725,Boiler_D_Air_Moisture,pi,UN.UO.BO-7101D.Air_Moisture_EO_CALC_OUTPUT,real,Boiler D Air Moisture,Boiler_D_Air_Moisture,1,2025-05-04 11:56:44,0,NULL,NULL
2726,Boiler_D_Corrected_Combustion_Air,inferred,NULL,real,Boiler D Corrected Combustion Air,Boiler_D_Corrected_Combustion_Air,1,2025-05-04 11:56:44,0,NULL,NULL
2727,Boiler_D_Corrected_Combution_H2O_Formed,inferred,NULL,real,Boiler D Corrected Combution H2O Formed,Boiler_D_Corrected_Combution_H2O_Formed,1,2025-05-04 11:56:44,0,NULL,NULL
2728,Boiler_D_Excess_Air,inferred,NULL,real,Boiler D Excess Air,Boiler_D_Excess_Air,1,2025-05-04 11:56:44,0,NULL,NULL
2729,Boiler_D_Air_Fuel_Mass_Ratio,inferred,NULL,real,Boiler D Air Fuel Mass Ratio,Boiler_D_Air_Fuel_Mass_Ratio,1,2025-05-04 11:56:44,0,NULL,NULL
2730,Boiler_D_Total_Moisture_With_Air,inferred,NULL,real,Boiler D Total Moisture With Air,Boiler_D_Total_Moisture_With_Air,1,2025-05-04 11:56:44,0,NULL,NULL
2731,Boiler_D_Total_H2O_Per_Kg_Of_Fuel,inferred,NULL,real,Boiler D Total H2O Per Kg Of Fuel,Boiler_D_Total_H2O_Per_Kg_Of_Fuel,1,2025-05-04 11:56:44,0,NULL,NULL
2732,Boiler_D_Cp_At_Combustion_Temperature,inferred,NULL,real,Boiler D Cp At Combustion Temperature,Boiler_D_Cp_At_Combustion_Temperature,1,2025-05-04 11:56:44,0,NULL,NULL
2733,Boiler_D_Air_Cp_For_Sensible_Heat_Corrected,pi,UN.UO.BO-7101D.Air_Cp_For_Sensible_Heat_Corrected_EO_CALC_OUTPUT,real,Boiler D Air Cp For Sensible Heat Corrected,Boiler_D_Air_Cp_For_Sensible_Heat_Corrected,1,2025-05-04 11:56:44,0,NULL,NULL
2734,Boiler_D_Cp_H2_Fuel_Temp,inferred,NULL,real,Boiler D Cp H2 Fuel Temp,Boiler_D_Cp_H2_Fuel_Temp,1,2025-05-04 11:56:44,0,NULL,NULL
2735,Boiler_D_Cp_Ch4_Fuel_Temp,inferred,NULL,real,Boiler D Cp Ch4 Fuel Temp,Boiler_D_Cp_Ch4_Fuel_Temp,1,2025-05-04 11:56:44,0,NULL,NULL
2736,Boiler_D_Cp_Ethane_Fuel_Temp,inferred,NULL,real,Boiler D Cp Ethane Fuel Temp,Boiler_D_Cp_Ethane_Fuel_Temp,1,2025-05-04 11:56:44,0,NULL,NULL
2737,Boiler_D_Cp_Propane_Fuel_Temp,inferred,NULL,real,Boiler D Cp Propane Fuel Temp,Boiler_D_Cp_Propane_Fuel_Temp,1,2025-05-04 11:56:44,0,NULL,NULL
2738,Boiler_D_Cp_Ethylene_Fuel_Temp,inferred,NULL,real,Boiler D Cp Ethylene Fuel Temp,Boiler_D_Cp_Ethylene_Fuel_Temp,1,2025-05-04 11:56:44,0,NULL,NULL
2739,Boiler_D_Cp_Nc4_Fuel_Temp,inferred,NULL,real,Boiler D Cp Nc4 Fuel Temp,Boiler_D_Cp_Nc4_Fuel_Temp,1,2025-05-04 11:56:44,0,NULL,NULL
2740,Boiler_D_Cp_Ic4_Fuel_Temp,inferred,NULL,real,Boiler D Cp Ic4 Fuel Temp,Boiler_D_Cp_Ic4_Fuel_Temp,1,2025-05-04 11:56:44,0,NULL,NULL
2741,Boiler_D_Cp_Nc5_Fuel_Temp,inferred,NULL,real,Boiler D Cp Nc5 Fuel Temp,Boiler_D_Cp_Nc5_Fuel_Temp,1,2025-05-04 11:56:44,0,NULL,NULL
2742,Boiler_D_Cp_Ic5_Fuel_Temp,inferred,NULL,real,Boiler D Cp Ic5 Fuel Temp,Boiler_D_Cp_Ic5_Fuel_Temp,1,2025-05-04 11:56:44,0,NULL,NULL
2743,Boiler_D_Cp_Total_Fuel_At_Ref_Temp,inferred,NULL,real,Boiler D Cp Total Fuel At Ref Temp,Boiler_D_Cp_Total_Fuel_At_Ref_Temp,1,2025-05-04 11:56:44,0,NULL,NULL
2744,Boiler_D_Cp_Total_Fuel_At_Fuel_Temp,inferred,NULL,real,Boiler D Cp Total Fuel At Fuel Temp,Boiler_D_Cp_Total_Fuel_At_Fuel_Temp,1,2025-05-04 11:56:44,0,NULL,NULL
2745,Boiler_D_Avg_Cp_Of_Fuel_Gas_Sensible_Heat_Corrected,inferred,NULL,real,Boiler D Avg Cp Of Fuel Gas Sensible Heat Corrected,Boiler_D_Avg_Cp_Of_Fuel_Gas_Sensible_Heat_Corrected,1,2025-05-04 11:56:44,0,NULL,NULL
2746,Boiler_D_Dry_Flue_Gas_Per_Fuel_Mass_Ratio,inferred,NULL,real,Boiler D Dry Flue Gas Per Fuel Mass Ratio,Boiler_D_Dry_Flue_Gas_Per_Fuel_Mass_Ratio,1,2025-05-04 11:56:44,0,NULL,NULL
2747,Boiler_D_Flue_Gas_Per_Fuel_Mass_Ratio,inferred,NULL,real,Boiler D Flue Gas Per Fuel Mass Ratio,Boiler_D_Flue_Gas_Per_Fuel_Mass_Ratio,1,2025-05-04 11:56:44,0,NULL,NULL
2748,Boiler_D_Flue_Gas_Mw,inferred,NULL,real,Boiler D Flue Gas Mw,Boiler_D_Flue_Gas_Mw,1,2025-05-04 11:56:44,0,NULL,NULL
2749,Boiler_D_Cp_Of_Air_At_Stack_Temp,inferred,NULL,real,Boiler D Cp Of Air At Stack Temp,Boiler_D_Cp_Of_Air_At_Stack_Temp,1,2025-05-04 11:56:44,0,NULL,NULL
2750,Boiler_D_Cp_Flue_Gas_Co2_At_Stack_Temp,inferred,NULL,real,Boiler D Cp Flue Gas Co2 At Stack Temp,Boiler_D_Cp_Flue_Gas_Co2_At_Stack_Temp,1,2025-05-04 11:56:44,0,NULL,NULL
2751,Boiler_D_Cp_Flue_Gas_N2_At_Stack_Temp,inferred,NULL,real,Boiler D Cp Flue Gas N2 At Stack Temp,Boiler_D_Cp_Flue_Gas_N2_At_Stack_Temp,1,2025-05-04 11:56:44,0,NULL,NULL
2752,Boiler_D_Avg_Cp_Of_Flue_Gas_At_Stack_Temp,inferred,NULL,real,Boiler D Avg Cp Of Flue Gas At Stack Temp,Boiler_D_Avg_Cp_Of_Flue_Gas_At_Stack_Temp,1,2025-05-04 11:56:44,0,NULL,NULL
2753,Boiler_D_Cp_Of_H2O_At_Stack_Temp,inferred,NULL,real,Boiler D Cp Of H2O At Stack Temp,Boiler_D_Cp_Of_H2O_At_Stack_Temp,1,2025-05-04 11:56:44,0,NULL,NULL
2754,Boiler_D_Sensible_Heat_Correction_For_Fuel,inferred,NULL,real,Boiler D Sensible Heat Correction For Fuel,Boiler_D_Sensible_Heat_Correction_For_Fuel,1,2025-05-04 11:56:44,0,NULL,NULL
2755,Boiler_D_Sensbile_Heat_Correction_For_Air,inferred,NULL,real,Boiler D Sensbile Heat Correction For Air,Boiler_D_Sensbile_Heat_Correction_For_Air,1,2025-05-04 11:56:44,0,NULL,NULL
2756,Boiler_D_Mixed_Lhv_Per_Kg,inferred,NULL,real,Boiler D Mixed Lhv Per Kg,Boiler_D_Mixed_Lhv_Per_Kg,1,2025-05-04 11:56:44,0,NULL,NULL
2757,Boiler_D_Total_Heat_Input_Per_Kg_Of_Fuel,inferred,NULL,real,Boiler D Total Heat Input Per Kg Of Fuel,Boiler_D_Total_Heat_Input_Per_Kg_Of_Fuel,1,2025-05-04 11:56:44,0,NULL,NULL
2758,Boiler_D_Heat_Loss_Due_To_Dry_Flue_Gas_L1,pi,UN.UO.BO-7101D.Heat_Loss_Due_To_Dry_Flue_Gas_L1_EO_CALC_OUTPUT,real,Boiler D Heat Loss Due To Dry Flue Gas L1,Boiler_D_Heat_Loss_Due_To_Dry_Flue_Gas_L1,1,2025-05-04 11:56:44,0,NULL,NULL
2759,Boiler_D_Heat_Loss_Due_To_Evaporation_Of_Water_Formed_Due_To_H2_In_Fuel_L2,inferred,NULL,real,Boiler D Heat Loss Due To Evaporation Of Water Formed Due To H2 In Fuel L2,Boiler_D_Heat_Loss_Due_To_Evaporation_Of_Water_Formed_Due_To_H2_In_Fuel_L2,1,2025-05-04 11:56:44,0,NULL,NULL
2760,Boiler_D_Heat_Loss_Due_To_H2O_In_Stack_L3,inferred,NULL,real,Boiler D Heat Loss Due To H2O In Stack L3,Boiler_D_Heat_Loss_Due_To_H2O_In_Stack_L3,1,2025-05-04 11:56:44,0,NULL,NULL
2761,Boiler_D_Heat_Loss_Due_To_Incomplete_Combustionl4,inferred,NULL,real,Boiler D Heat Loss Due To Incomplete Combustionl4,Boiler_D_Heat_Loss_Due_To_Incomplete_Combustionl4,1,2025-05-04 11:56:44,0,NULL,NULL
2762,Boiler_D_Total_Boiler_Stack_Loss_Per_Kg_Fuel,pi,UN.UO.BO-7101D.Total_Boiler_Stack_Loss_Per_Kg_Fuel_EO_CALC_OUTPUT,real,Boiler D Total Boiler Stack Loss Per Kg Fuel,Boiler_D_Total_Boiler_Stack_Loss_Per_Kg_Fuel,1,2025-05-04 11:56:44,0,NULL,NULL
2763,Boiler_D_Radiation_Losses,inferred,NULL,real,Boiler D Radiation Losses,Boiler_D_Radiation_Losses,1,2025-05-04 11:56:44,0,NULL,NULL
2764,Boiler_D_Total_Heat_Loss_Per_Kg_Of_Fuel,pi,UN.UO.BO-7101D.Total_Heat_Loss_Per_Kg_Of_Fuel_EO_CALC_OUTPUT,real,Boiler D Total Heat Loss Per Kg Of Fuel,Boiler_D_Total_Heat_Loss_Per_Kg_Of_Fuel,1,2025-05-04 11:56:44,0,NULL,NULL
2765,Boiler_D_Total_Heat_Absorbed_Per_Kg_Of_Fuel,pi,UN.UO.BO-7101D.Total_Heat_Absorbed_Per_Kg_Of_Fuel_EO_CALC_OUTPUT,real,Boiler D Total Heat Absorbed Per Kg Of Fuel,Boiler_D_Total_Heat_Absorbed_Per_Kg_Of_Fuel,1,2025-05-04 11:56:44,0,NULL,NULL
2766,Boiler_D_Boiler_Indirect_Efficiency,inferred,NULL,real,Boiler D Boiler Indirect Efficiency,Boiler_D_Boiler_Indirect_Efficiency,1,2025-05-04 11:56:44,0,NULL,NULL
2767,Boiler_E_Boiler_Load,inferred,NULL,real,Boiler E Boiler Load,Boiler_E_Boiler_Load,1,2025-05-04 11:56:44,0,NULL,NULL
2768,Boiler_E_Status,inferred,NULL,real,Boiler E Status,Boiler_E_Status,1,2025-05-04 11:56:44,0,NULL,NULL
2769,Boiler_E_Fuel_Composition_Total,inferred,NULL,real,Boiler E Fuel Composition Total,Boiler_E_Fuel_Composition_Total,1,2025-05-04 11:56:44,0,NULL,NULL
2770,Normalized_Boiler_E_Fg_Ch4_Concentration,inferred,NULL,real,Normalized Boiler E Fg Ch4 Concentration,Normalized_Boiler_E_Fg_Ch4_Concentration,1,2025-05-04 11:56:44,0,NULL,NULL
2771,Normalized_Boiler_E_Fg_Ethane_Concentration,inferred,NULL,real,Normalized Boiler E Fg Ethane Concentration,Normalized_Boiler_E_Fg_Ethane_Concentration,1,2025-05-04 11:56:44,0,NULL,NULL
2772,Normalized_Boiler_E_Fg_Ethylene_Concentration,inferred,NULL,real,Normalized Boiler E Fg Ethylene Concentration,Normalized_Boiler_E_Fg_Ethylene_Concentration,1,2025-05-04 11:56:44,0,NULL,NULL
2773,Normalized_Boiler_E_Fg_Propane_Concentration,inferred,NULL,real,Normalized Boiler E Fg Propane Concentration,Normalized_Boiler_E_Fg_Propane_Concentration,1,2025-05-04 11:56:44,0,NULL,NULL
2774,Normalized_Boiler_E_Fg_Ic4_Concentration,inferred,NULL,real,Normalized Boiler E Fg Ic4 Concentration,Normalized_Boiler_E_Fg_Ic4_Concentration,1,2025-05-04 11:56:44,0,NULL,NULL
2775,Normalized_Boiler_E_Fg_Nc4_Concentration,inferred,NULL,real,Normalized Boiler E Fg Nc4 Concentration,Normalized_Boiler_E_Fg_Nc4_Concentration,1,2025-05-04 11:56:44,0,NULL,NULL
2776,Normalized_Boiler_E_Fg_Nc5_Concentration,inferred,NULL,real,Normalized Boiler E Fg Nc5 Concentration,Normalized_Boiler_E_Fg_Nc5_Concentration,1,2025-05-04 11:56:44,0,NULL,NULL
2777,Normalized_Boiler_E_Fg_Ic5_Concentration,inferred,NULL,real,Normalized Boiler E Fg Ic5 Concentration,Normalized_Boiler_E_Fg_Ic5_Concentration,1,2025-05-04 11:56:44,0,NULL,NULL
2778,Normalized_Boiler_E_Fg_N2_Concentration,inferred,NULL,real,Normalized Boiler E Fg N2 Concentration,Normalized_Boiler_E_Fg_N2_Concentration,1,2025-05-04 11:56:44,0,NULL,NULL
2779,Normalized_Boiler_E_Fg_Hydrogen_Concentration,inferred,NULL,real,Normalized Boiler E Fg Hydrogen Concentration,Normalized_Boiler_E_Fg_Hydrogen_Concentration,1,2025-05-04 11:56:44,0,NULL,NULL
2780,Boiler_E_Fg_Mw,inferred,NULL,real,Boiler E Fg Mw,Boiler_E_Fg_Mw,1,2025-05-04 11:56:44,0,NULL,NULL
2781,Boiler_E_Fg_Ch4_Mass_Percentage,inferred,NULL,real,Boiler E Fg Ch4 Mass Percentage,Boiler_E_Fg_Ch4_Mass_Percentage,1,2025-05-04 11:56:44,0,NULL,NULL
2782,Boiler_E_Fg_Ethane_Mass_Percentage,inferred,NULL,real,Boiler E Fg Ethane Mass Percentage,Boiler_E_Fg_Ethane_Mass_Percentage,1,2025-05-04 11:56:44,0,NULL,NULL
2783,Boiler_E_Fg_Ethylene_Mass_Percentage,inferred,NULL,real,Boiler E Fg Ethylene Mass Percentage,Boiler_E_Fg_Ethylene_Mass_Percentage,1,2025-05-04 11:56:44,0,NULL,NULL
2784,Boiler_E_Fg_Propane_Mass_Percentage,inferred,NULL,real,Boiler E Fg Propane Mass Percentage,Boiler_E_Fg_Propane_Mass_Percentage,1,2025-05-04 11:56:44,0,NULL,NULL
2785,Boiler_E_Fg_Nitrogen_Mass_Percentage,inferred,NULL,real,Boiler E Fg Nitrogen Mass Percentage,Boiler_E_Fg_Nitrogen_Mass_Percentage,1,2025-05-04 11:56:44,0,NULL,NULL
2786,Boiler_E_Fg_Hydrogen_Mass_Percentage,inferred,NULL,real,Boiler E Fg Hydrogen Mass Percentage,Boiler_E_Fg_Hydrogen_Mass_Percentage,1,2025-05-04 11:56:44,0,NULL,NULL
2787,Boiler_E_Fg_Ic4_Mass_Percentage,inferred,NULL,real,Boiler E Fg Ic4 Mass Percentage,Boiler_E_Fg_Ic4_Mass_Percentage,1,2025-05-04 11:56:44,0,NULL,NULL
2788,Boiler_E_Fg_Nc4_Mass_Percentage,inferred,NULL,real,Boiler E Fg Nc4 Mass Percentage,Boiler_E_Fg_Nc4_Mass_Percentage,1,2025-05-04 11:56:44,0,NULL,NULL
2789,Boiler_E_Fg_Nc5_Mass_Percentage,inferred,NULL,real,Boiler E Fg Nc5 Mass Percentage,Boiler_E_Fg_Nc5_Mass_Percentage,1,2025-05-04 11:56:44,0,NULL,NULL
2790,Boiler_E_Fg_Ic5_Mass_Percentage,inferred,NULL,real,Boiler E Fg Ic5 Mass Percentage,Boiler_E_Fg_Ic5_Mass_Percentage,1,2025-05-04 11:56:44,0,NULL,NULL
2791,Boiler_E_Total_Fuel_Compostion_Mass,inferred,NULL,real,Boiler E Total Fuel Compostion Mass,Boiler_E_Total_Fuel_Compostion_Mass,1,2025-05-04 11:56:44,0,NULL,NULL
2792,Boiler_E_Fg_Ch4_Mass_Fraction,inferred,NULL,real,Boiler E Fg Ch4 Mass Fraction,Boiler_E_Fg_Ch4_Mass_Fraction,1,2025-05-04 11:56:44,0,NULL,NULL
2793,Boiler_E_Fg_Ethane_Mass_Fraction,inferred,NULL,real,Boiler E Fg Ethane Mass Fraction,Boiler_E_Fg_Ethane_Mass_Fraction,1,2025-05-04 11:56:44,0,NULL,NULL
2794,Boiler_E_Fg_Ethylene_Mass_Fraction,inferred,NULL,real,Boiler E Fg Ethylene Mass Fraction,Boiler_E_Fg_Ethylene_Mass_Fraction,1,2025-05-04 11:56:44,0,NULL,NULL
2795,Boiler_E_Fg_Propane_Mass_Fraction,inferred,NULL,real,Boiler E Fg Propane Mass Fraction,Boiler_E_Fg_Propane_Mass_Fraction,1,2025-05-04 11:56:44,0,NULL,NULL
2796,Boiler_E_Fg_Hydrogen_Mass_Fraction,inferred,NULL,real,Boiler E Fg Hydrogen Mass Fraction,Boiler_E_Fg_Hydrogen_Mass_Fraction,1,2025-05-04 11:56:44,0,NULL,NULL
2797,Boiler_E_Fg_Ic4_Mass_Fraction,inferred,NULL,real,Boiler E Fg Ic4 Mass Fraction,Boiler_E_Fg_Ic4_Mass_Fraction,1,2025-05-04 11:56:44,0,NULL,NULL
2798,Boiler_E_Fg_Nc4_Mass_Fraction,inferred,NULL,real,Boiler E Fg Nc4 Mass Fraction,Boiler_E_Fg_Nc4_Mass_Fraction,1,2025-05-04 11:56:44,0,NULL,NULL
2799,Boiler_E_Fg_Nc5_Mass_Fraction,inferred,NULL,real,Boiler E Fg Nc5 Mass Fraction,Boiler_E_Fg_Nc5_Mass_Fraction,1,2025-05-04 11:56:44,0,NULL,NULL
2800,Boiler_E_Fg_Ic5_Mass_Fraction,inferred,NULL,real,Boiler E Fg Ic5 Mass Fraction,Boiler_E_Fg_Ic5_Mass_Fraction,1,2025-05-04 11:56:44,0,NULL,NULL
2801,Boiler_E_Air_Required_For_H2_Combustion,inferred,NULL,real,Boiler E Air Required For H2 Combustion,Boiler_E_Air_Required_For_H2_Combustion,1,2025-05-04 11:56:44,0,NULL,NULL
2802,Boiler_E_Air_Required_For_Ch4_Combustion,inferred,NULL,real,Boiler E Air Required For Ch4 Combustion,Boiler_E_Air_Required_For_Ch4_Combustion,1,2025-05-04 11:56:44,0,NULL,NULL
2803,Boiler_E_Air_Required_For_Ethane_Combustion,inferred,NULL,real,Boiler E Air Required For Ethane Combustion,Boiler_E_Air_Required_For_Ethane_Combustion,1,2025-05-04 11:56:44,0,NULL,NULL
2804,Boiler_E_Air_Required_For_Ethylene_Combustion,inferred,NULL,real,Boiler E Air Required For Ethylene Combustion,Boiler_E_Air_Required_For_Ethylene_Combustion,1,2025-05-04 11:56:44,0,NULL,NULL
2805,Boiler_E_Air_Required_For_Propane_Combustion,inferred,NULL,real,Boiler E Air Required For Propane Combustion,Boiler_E_Air_Required_For_Propane_Combustion,1,2025-05-04 11:56:44,0,NULL,NULL
2806,Boiler_E_Air_Required_For_Nc4_Combustion,inferred,NULL,real,Boiler E Air Required For Nc4 Combustion,Boiler_E_Air_Required_For_Nc4_Combustion,1,2025-05-04 11:56:44,0,NULL,NULL
2807,Boiler_E_Air_Required_For_Ic4_Combustion,inferred,NULL,real,Boiler E Air Required For Ic4 Combustion,Boiler_E_Air_Required_For_Ic4_Combustion,1,2025-05-04 11:56:44,0,NULL,NULL
2808,Boiler_E_Air_Required_For_Nc5_Combustion,inferred,NULL,real,Boiler E Air Required For Nc5 Combustion,Boiler_E_Air_Required_For_Nc5_Combustion,1,2025-05-04 11:56:44,0,NULL,NULL
2809,Boiler_E_Air_Required_For_Ic5_Combustion,inferred,NULL,real,Boiler E Air Required For Ic5 Combustion,Boiler_E_Air_Required_For_Ic5_Combustion,1,2025-05-04 11:56:44,0,NULL,NULL
2810,Boiler_E_Ch4_Co2_Combustion,inferred,NULL,real,Boiler E Ch4 Co2 Combustion,Boiler_E_Ch4_Co2_Combustion,1,2025-05-04 11:56:44,0,NULL,NULL
2811,Boiler_E_Ethane_Co2_Combustion,inferred,NULL,real,Boiler E Ethane Co2 Combustion,Boiler_E_Ethane_Co2_Combustion,1,2025-05-04 11:56:44,0,NULL,NULL
2812,Boiler_E_Ethylene_Co2_Combustion,inferred,NULL,real,Boiler E Ethylene Co2 Combustion,Boiler_E_Ethylene_Co2_Combustion,1,2025-05-04 11:56:44,0,NULL,NULL
2813,Boiler_E_Propane_Co2_Combustion,inferred,NULL,real,Boiler E Propane Co2 Combustion,Boiler_E_Propane_Co2_Combustion,1,2025-05-04 11:56:44,0,NULL,NULL
2814,Boiler_E_Nc4_Co2_Combustion,inferred,NULL,real,Boiler E Nc4 Co2 Combustion,Boiler_E_Nc4_Co2_Combustion,1,2025-05-04 11:56:44,0,NULL,NULL
2815,Boiler_E_Ic4_Co2_Combustion,inferred,NULL,real,Boiler E Ic4 Co2 Combustion,Boiler_E_Ic4_Co2_Combustion,1,2025-05-04 11:56:44,0,NULL,NULL
2816,Boiler_E_Nc5_Co2_Combustion,inferred,NULL,real,Boiler E Nc5 Co2 Combustion,Boiler_E_Nc5_Co2_Combustion,1,2025-05-04 11:56:44,0,NULL,NULL
2817,Boiler_E_Ic5_Co2_Combustion,inferred,NULL,real,Boiler E Ic5 Co2 Combustion,Boiler_E_Ic5_Co2_Combustion,1,2025-05-04 11:56:44,0,NULL,NULL
2818,Boiler_E_H2_N2_Combustion,inferred,NULL,real,Boiler E H2 N2 Combustion,Boiler_E_H2_N2_Combustion,1,2025-05-04 11:56:44,0,NULL,NULL
2819,Boiler_E_Ch4_N2_Combustion,inferred,NULL,real,Boiler E Ch4 N2 Combustion,Boiler_E_Ch4_N2_Combustion,1,2025-05-04 11:56:44,0,NULL,NULL
2820,Boiler_E_Ethane_N2_Combustion,inferred,NULL,real,Boiler E Ethane N2 Combustion,Boiler_E_Ethane_N2_Combustion,1,2025-05-04 11:56:44,0,NULL,NULL
2821,Boiler_E_Ethylene_N2_Combustion,inferred,NULL,real,Boiler E Ethylene N2 Combustion,Boiler_E_Ethylene_N2_Combustion,1,2025-05-04 11:56:44,0,NULL,NULL
2822,Boiler_E_Propane_N2_Combustion,inferred,NULL,real,Boiler E Propane N2 Combustion,Boiler_E_Propane_N2_Combustion,1,2025-05-04 11:56:44,0,NULL,NULL
2823,Boiler_E_Ic4_N2_Combustion,inferred,NULL,real,Boiler E Ic4 N2 Combustion,Boiler_E_Ic4_N2_Combustion,1,2025-05-04 11:56:44,0,NULL,NULL
2824,Boiler_E_Nc4_N2_Combustion,inferred,NULL,real,Boiler E Nc4 N2 Combustion,Boiler_E_Nc4_N2_Combustion,1,2025-05-04 11:56:44,0,NULL,NULL
2825,Boiler_E_Ic5_N2_Combustion,inferred,NULL,real,Boiler E Ic5 N2 Combustion,Boiler_E_Ic5_N2_Combustion,1,2025-05-04 11:56:44,0,NULL,NULL
2826,Boiler_E_Nc5_N2_Combustion,inferred,NULL,real,Boiler E Nc5 N2 Combustion,Boiler_E_Nc5_N2_Combustion,1,2025-05-04 11:56:44,0,NULL,NULL
2827,Boiler_E_H2_H2O_Combustion,inferred,NULL,real,Boiler E H2 H2O Combustion,Boiler_E_H2_H2O_Combustion,1,2025-05-04 11:56:44,0,NULL,NULL
2828,Boiler_E_Ch4_H2O_Combustion,inferred,NULL,real,Boiler E Ch4 H2O Combustion,Boiler_E_Ch4_H2O_Combustion,1,2025-05-04 11:56:44,0,NULL,NULL
2829,Boiler_E_Ethane_H2O_Combustion,inferred,NULL,real,Boiler E Ethane H2O Combustion,Boiler_E_Ethane_H2O_Combustion,1,2025-05-04 11:56:44,0,NULL,NULL
2830,Boiler_E_Ethylene_H2O_Combustion,inferred,NULL,real,Boiler E Ethylene H2O Combustion,Boiler_E_Ethylene_H2O_Combustion,1,2025-05-04 11:56:44,0,NULL,NULL
2831,Boiler_E_Propane_H2O_Combustion,inferred,NULL,real,Boiler E Propane H2O Combustion,Boiler_E_Propane_H2O_Combustion,1,2025-05-04 11:56:44,0,NULL,NULL
2832,Boiler_E_Ic4_H2O_Combustion,inferred,NULL,real,Boiler E Ic4 H2O Combustion,Boiler_E_Ic4_H2O_Combustion,1,2025-05-04 11:56:44,0,NULL,NULL
2833,Boiler_E_Nc4_H2O_Combustion,inferred,NULL,real,Boiler E Nc4 H2O Combustion,Boiler_E_Nc4_H2O_Combustion,1,2025-05-04 11:56:44,0,NULL,NULL
2834,Boiler_E_Ic5_H2O_Combustion,inferred,NULL,real,Boiler E Ic5 H2O Combustion,Boiler_E_Ic5_H2O_Combustion,1,2025-05-04 11:56:44,0,NULL,NULL
2835,Boiler_E_Nc5_H2O_Combustion,inferred,NULL,real,Boiler E Nc5 H2O Combustion,Boiler_E_Nc5_H2O_Combustion,1,2025-05-04 11:56:44,0,NULL,NULL
2836,Boiler_E_Air_Required_For_Complete_Combustion,inferred,NULL,real,Boiler E Air Required For Complete Combustion,Boiler_E_Air_Required_For_Complete_Combustion,1,2025-05-04 11:56:44,0,NULL,NULL
2837,Boiler_E_Co2_Formed,inferred,NULL,real,Boiler E Co2 Formed,Boiler_E_Co2_Formed,1,2025-05-04 11:56:44,0,NULL,NULL
2838,Boiler_E_N2_Formed,inferred,NULL,real,Boiler E N2 Formed,Boiler_E_N2_Formed,1,2025-05-04 11:56:44,0,NULL,NULL
2839,Boiler_E_H2O_Formed,inferred,NULL,real,Boiler E H2O Formed,Boiler_E_H2O_Formed,1,2025-05-04 11:56:44,0,NULL,NULL
2840,Boiler_E_Vapour_Pressure_Of_H2O,inferred,NULL,real,Boiler E Vapour Pressure Of H2O,Boiler_E_Vapour_Pressure_Of_H2O,1,2025-05-04 11:56:44,0,NULL,NULL
2841,Boiler_E_Air_Moisture,pi,UN.UO.PK-7104E.Air_Moisture_EO_CALC_OUTPUT,real,Boiler E Air Moisture,Boiler_E_Air_Moisture,1,2025-05-04 11:56:44,0,NULL,NULL
2842,Boiler_E_Corrected_Combustion_Air,inferred,NULL,real,Boiler E Corrected Combustion Air,Boiler_E_Corrected_Combustion_Air,1,2025-05-04 11:56:44,0,NULL,NULL
2843,Boiler_E_Corrected_Combution_H2O_Formed,inferred,NULL,real,Boiler E Corrected Combution H2O Formed,Boiler_E_Corrected_Combution_H2O_Formed,1,2025-05-04 11:56:44,0,NULL,NULL
2844,Boiler_E_Excess_Air,inferred,NULL,real,Boiler E Excess Air,Boiler_E_Excess_Air,1,2025-05-04 11:56:44,0,NULL,NULL
2845,Boiler_E_Air_Fuel_Mass_Ratio,inferred,NULL,real,Boiler E Air Fuel Mass Ratio,Boiler_E_Air_Fuel_Mass_Ratio,1,2025-05-04 11:56:44,0,NULL,NULL
2846,Boiler_E_Total_Moisture_With_Air,inferred,NULL,real,Boiler E Total Moisture With Air,Boiler_E_Total_Moisture_With_Air,1,2025-05-04 11:56:44,0,NULL,NULL
2847,Boiler_E_Total_H2O_Per_Kg_Of_Fuel,inferred,NULL,real,Boiler E Total H2O Per Kg Of Fuel,Boiler_E_Total_H2O_Per_Kg_Of_Fuel,1,2025-05-04 11:56:44,0,NULL,NULL
2848,Boiler_E_Cp_At_Combustion_Temperature,inferred,NULL,real,Boiler E Cp At Combustion Temperature,Boiler_E_Cp_At_Combustion_Temperature,1,2025-05-04 11:56:44,0,NULL,NULL
2849,Boiler_E_Air_Cp_For_Sensible_Heat_Corrected,pi,UN.UO.PK-7104E.Air_Cp_For_Sensible_Heat_Corrected_EO_CALC_OUTPUT,real,Boiler E Air Cp For Sensible Heat Corrected,Boiler_E_Air_Cp_For_Sensible_Heat_Corrected,1,2025-05-04 11:56:44,0,NULL,NULL
2850,Boiler_E_Cp_H2_Fuel_Temp,inferred,NULL,real,Boiler E Cp H2 Fuel Temp,Boiler_E_Cp_H2_Fuel_Temp,1,2025-05-04 11:56:44,0,NULL,NULL
2851,Boiler_E_Cp_Ch4_Fuel_Temp,inferred,NULL,real,Boiler E Cp Ch4 Fuel Temp,Boiler_E_Cp_Ch4_Fuel_Temp,1,2025-05-04 11:56:44,0,NULL,NULL
2852,Boiler_E_Cp_Ethane_Fuel_Temp,inferred,NULL,real,Boiler E Cp Ethane Fuel Temp,Boiler_E_Cp_Ethane_Fuel_Temp,1,2025-05-04 11:56:44,0,NULL,NULL
2853,Boiler_E_Cp_Propane_Fuel_Temp,inferred,NULL,real,Boiler E Cp Propane Fuel Temp,Boiler_E_Cp_Propane_Fuel_Temp,1,2025-05-04 11:56:44,0,NULL,NULL
2854,Boiler_E_Cp_Ethylene_Fuel_Temp,inferred,NULL,real,Boiler E Cp Ethylene Fuel Temp,Boiler_E_Cp_Ethylene_Fuel_Temp,1,2025-05-04 11:56:44,0,NULL,NULL
2855,Boiler_E_Cp_Nc4_Fuel_Temp,inferred,NULL,real,Boiler E Cp Nc4 Fuel Temp,Boiler_E_Cp_Nc4_Fuel_Temp,1,2025-05-04 11:56:44,0,NULL,NULL
2856,Boiler_E_Cp_Ic4_Fuel_Temp,inferred,NULL,real,Boiler E Cp Ic4 Fuel Temp,Boiler_E_Cp_Ic4_Fuel_Temp,1,2025-05-04 11:56:44,0,NULL,NULL
2857,Boiler_E_Cp_Nc5_Fuel_Temp,inferred,NULL,real,Boiler E Cp Nc5 Fuel Temp,Boiler_E_Cp_Nc5_Fuel_Temp,1,2025-05-04 11:56:44,0,NULL,NULL
2858,Boiler_E_Cp_Ic5_Fuel_Temp,inferred,NULL,real,Boiler E Cp Ic5 Fuel Temp,Boiler_E_Cp_Ic5_Fuel_Temp,1,2025-05-04 11:56:45,0,NULL,NULL
2859,Boiler_E_Cp_Total_Fuel_At_Ref_Temp,inferred,NULL,real,Boiler E Cp Total Fuel At Ref Temp,Boiler_E_Cp_Total_Fuel_At_Ref_Temp,1,2025-05-04 11:56:45,0,NULL,NULL
2860,Boiler_E_Cp_Total_Fuel_At_Fuel_Temp,inferred,NULL,real,Boiler E Cp Total Fuel At Fuel Temp,Boiler_E_Cp_Total_Fuel_At_Fuel_Temp,1,2025-05-04 11:56:45,0,NULL,NULL
2861,Boiler_E_Avg_Cp_Of_Fuel_Gas_Sensible_Heat_Corrected,inferred,NULL,real,Boiler E Avg Cp Of Fuel Gas Sensible Heat Corrected,Boiler_E_Avg_Cp_Of_Fuel_Gas_Sensible_Heat_Corrected,1,2025-05-04 11:56:45,0,NULL,NULL
2862,Boiler_E_Dry_Flue_Gas_Per_Fuel_Mass_Ratio,inferred,NULL,real,Boiler E Dry Flue Gas Per Fuel Mass Ratio,Boiler_E_Dry_Flue_Gas_Per_Fuel_Mass_Ratio,1,2025-05-04 11:56:45,0,NULL,NULL
2863,Boiler_E_Flue_Gas_Per_Fuel_Mass_Ratio,inferred,NULL,real,Boiler E Flue Gas Per Fuel Mass Ratio,Boiler_E_Flue_Gas_Per_Fuel_Mass_Ratio,1,2025-05-04 11:56:45,0,NULL,NULL
2864,Boiler_E_Flue_Gas_Mw,inferred,NULL,real,Boiler E Flue Gas Mw,Boiler_E_Flue_Gas_Mw,1,2025-05-04 11:56:45,0,NULL,NULL
2865,Boiler_E_Cp_Of_Air_At_Stack_Temp,inferred,NULL,real,Boiler E Cp Of Air At Stack Temp,Boiler_E_Cp_Of_Air_At_Stack_Temp,1,2025-05-04 11:56:45,0,NULL,NULL
2866,Boiler_E_Cp_Flue_Gas_Co2_At_Stack_Temp,inferred,NULL,real,Boiler E Cp Flue Gas Co2 At Stack Temp,Boiler_E_Cp_Flue_Gas_Co2_At_Stack_Temp,1,2025-05-04 11:56:45,0,NULL,NULL
2867,Boiler_E_Cp_Flue_Gas_N2_At_Stack_Temp,inferred,NULL,real,Boiler E Cp Flue Gas N2 At Stack Temp,Boiler_E_Cp_Flue_Gas_N2_At_Stack_Temp,1,2025-05-04 11:56:45,0,NULL,NULL
2868,Boiler_E_Avg_Cp_Of_Flue_Gas_At_Stack_Temp,inferred,NULL,real,Boiler E Avg Cp Of Flue Gas At Stack Temp,Boiler_E_Avg_Cp_Of_Flue_Gas_At_Stack_Temp,1,2025-05-04 11:56:45,0,NULL,NULL
2869,Boiler_E_Cp_Of_H2O_At_Stack_Temp,inferred,NULL,real,Boiler E Cp Of H2O At Stack Temp,Boiler_E_Cp_Of_H2O_At_Stack_Temp,1,2025-05-04 11:56:45,0,NULL,NULL
2870,Boiler_E_Sensible_Heat_Correction_For_Fuel,inferred,NULL,real,Boiler E Sensible Heat Correction For Fuel,Boiler_E_Sensible_Heat_Correction_For_Fuel,1,2025-05-04 11:56:45,0,NULL,NULL
2871,Boiler_E_Sensbile_Heat_Correction_For_Air,inferred,NULL,real,Boiler E Sensbile Heat Correction For Air,Boiler_E_Sensbile_Heat_Correction_For_Air,1,2025-05-04 11:56:45,0,NULL,NULL
2872,Boiler_E_Mixed_Lhv_Per_Kg,inferred,NULL,real,Boiler E Mixed Lhv Per Kg,Boiler_E_Mixed_Lhv_Per_Kg,1,2025-05-04 11:56:45,0,NULL,NULL
2873,Boiler_E_Total_Heat_Input_Per_Kg_Of_Fuel,inferred,NULL,real,Boiler E Total Heat Input Per Kg Of Fuel,Boiler_E_Total_Heat_Input_Per_Kg_Of_Fuel,1,2025-05-04 11:56:45,0,NULL,NULL
2874,Boiler_E_Heat_Loss_Due_To_Dry_Flue_Gas_L1,pi,UN.UO.PK-7104E.Heat_Loss_Due_To_Dry_Flue_Gas_L1_EO_CALC_OUTPUT,real,Boiler E Heat Loss Due To Dry Flue Gas L1,Boiler_E_Heat_Loss_Due_To_Dry_Flue_Gas_L1,1,2025-05-04 11:56:45,0,NULL,NULL
2875,Boiler_E_Heat_Loss_Due_To_Evaporation_Of_Water_Formed_Due_To_H2_In_Fuel_L2,inferred,NULL,real,Boiler E Heat Loss Due To Evaporation Of Water Formed Due To H2 In Fuel L2,Boiler_E_Heat_Loss_Due_To_Evaporation_Of_Water_Formed_Due_To_H2_In_Fuel_L2,1,2025-05-04 11:56:45,0,NULL,NULL
2876,Boiler_E_Heat_Loss_Due_To_H2O_In_Stack_L3,inferred,NULL,real,Boiler E Heat Loss Due To H2O In Stack L3,Boiler_E_Heat_Loss_Due_To_H2O_In_Stack_L3,1,2025-05-04 11:56:45,0,NULL,NULL
2877,Boiler_E_Heat_Loss_Due_To_Incomplete_Combustionl4,inferred,NULL,real,Boiler E Heat Loss Due To Incomplete Combustionl4,Boiler_E_Heat_Loss_Due_To_Incomplete_Combustionl4,1,2025-05-04 11:56:45,0,NULL,NULL
2878,Boiler_E_Total_Boiler_Stack_Loss_Per_Kg_Fuel,pi,UN.UO.PK-7104E.Total_Boiler_Stack_Loss_Per_Kg_Fuel_EO_CALC_OUTPUT,real,Boiler E Total Boiler Stack Loss Per Kg Fuel,Boiler_E_Total_Boiler_Stack_Loss_Per_Kg_Fuel,1,2025-05-04 11:56:45,0,NULL,NULL
2879,Boiler_E_Radiation_Losses,inferred,NULL,real,Boiler E Radiation Losses,Boiler_E_Radiation_Losses,1,2025-05-04 11:56:45,0,NULL,NULL
2880,Boiler_E_Total_Heat_Loss_Per_Kg_Of_Fuel,pi,UN.UO.PK-7104E.Total_Heat_Loss_Per_Kg_Of_Fuel_EO_CALC_OUTPUT,real,Boiler E Total Heat Loss Per Kg Of Fuel,Boiler_E_Total_Heat_Loss_Per_Kg_Of_Fuel,1,2025-05-04 11:56:45,0,NULL,NULL
2881,Boiler_E_Total_Heat_Absorbed_Per_Kg_Of_Fuel,pi,UN.UO.PK-7104E.Total_Heat_Absorbed_Per_Kg_Of_Fuel_EO_CALC_OUTPUT,real,Boiler E Total Heat Absorbed Per Kg Of Fuel,Boiler_E_Total_Heat_Absorbed_Per_Kg_Of_Fuel,1,2025-05-04 11:56:45,0,NULL,NULL
2882,Boiler_E_Boiler_Indirect_Efficiency,inferred,NULL,real,Boiler E Boiler Indirect Efficiency,Boiler_E_Boiler_Indirect_Efficiency,1,2025-05-04 11:56:45,0,NULL,NULL
2883,act_running,inferred,NULL,real,act running,act_running,1,2025-05-04 11:56:45,0,NULL,NULL
2884,act_Boiler_A_Boiler_Indirect_Efficiency,inferred,NULL,real,act Boiler A Boiler Indirect Efficiency,act_Boiler_A_Boiler_Indirect_Efficiency,1,2025-05-04 11:56:45,0,NULL,NULL
2885,act_Boiler_B_Boiler_Indirect_Efficiency,inferred,NULL,real,act Boiler B Boiler Indirect Efficiency,act_Boiler_B_Boiler_Indirect_Efficiency,1,2025-05-04 11:56:45,0,NULL,NULL
2886,act_Boiler_C_Boiler_Indirect_Efficiency,inferred,NULL,real,act Boiler C Boiler Indirect Efficiency,act_Boiler_C_Boiler_Indirect_Efficiency,1,2025-05-04 11:56:45,0,NULL,NULL
2887,act_Boiler_D_Boiler_Indirect_Efficiency,inferred,NULL,real,act Boiler D Boiler Indirect Efficiency,act_Boiler_D_Boiler_Indirect_Efficiency,1,2025-05-04 11:56:45,0,NULL,NULL
2888,act_Boiler_E_Boiler_Indirect_Efficiency,inferred,NULL,real,act Boiler E Boiler Indirect Efficiency,act_Boiler_E_Boiler_Indirect_Efficiency,1,2025-05-04 11:56:45,0,NULL,NULL
2889,Fuel_BLR_1_corrected,inferred,NULL,real,Fuel for Boiler A,Fuel for Boiler A,1,2025-05-04 11:56:45,0,NULL,NULL
2890,Fuel_BLR_2_corrected,inferred,NULL,real,Fuel for Boiler B,Fuel for Boiler B,1,2025-05-04 11:56:45,0,NULL,NULL
2891,Fuel_BLR_3_corrected,inferred,NULL,real,Fuel for Boiler C,Fuel for Boiler C,1,2025-05-04 11:56:45,0,NULL,NULL
2892,Fuel_BLR_4_corrected,inferred,NULL,real,Fuel for Boiler D,Fuel for Boiler D,1,2025-05-04 11:56:45,0,NULL,NULL
2893,Fuel_BLR_5_corrected,inferred,NULL,real,Fuel for Boiler E,Fuel for Boiler E,1,2025-05-04 11:56:45,0,NULL,NULL
2894,Total_Fuel_for_Boilers_corrected,inferred,NULL,real,Fuel Consumption in U&O,total fuel for all boilers,1,2025-05-04 11:56:45,0,NULL,NULL
2895,Boiler_Fg_Ethylene_Concentration,inferred,NULL,real,Boiler Fg Ethylene Concentration,Boiler_Fg_Ethylene_Concentration,1,2025-05-04 19:46:17,0,NULL,NULL
2896,CW_Closed_circuit_chem_cost,inferred,NULL,real,CW Closed circuit chem cost,CW_Closed_circuit_chem_cost,1,2025-05-06 15:08:41,0,NULL,NULL
2897,CW_Closed_circuit_chem_cost_per_hr,inferred,NULL,real,CW Closed circuit chem cost per hr,CW_Closed_circuit_chem_cost_per_hr,1,2025-05-06 15:08:41,0,NULL,NULL
2898,CW_Chem_bill,inferred,NULL,real,CW Chemical Bill U&O,Chemical &Sea Water cost,1,2025-05-06 15:08:41,0,NULL,NULL
2899,CW_Closed_circuit_pumping_cost,inferred,NULL,real,CW Closed circuit pumping cost,CW_Closed_circuit_pumping_cost,1,2025-05-06 15:08:41,0,NULL,NULL
2900,var_Sea_Water_Conductivity,pi,UN.UO.Sea_Water_Conductivity_EO_CALC_OUTPUT,real,Sea Water Conductivity,Sea Water Conductivity,1,2025-05-06 15:08:41,0,NULL,NULL
2901,CW_Chem_bill_delta,inferred,NULL,real,CW Chem bill delta,CW_Chem_bill_delta,1,2025-05-06 20:02:37,0,NULL,NULL
2902,BFW_Pump_Motor,inferred,NULL,real,BFW Pump Motor,BFW_Pump_Motor,1,2025-05-07 10:06:11,0,NULL,NULL
2903,BFW_Pump_Turbine,inferred,NULL,real,BFW Pump Turbine,BFW_Pump_Turbine,1,2025-05-07 10:06:11,0,NULL,NULL
2904,CW_Pump_Motor,inferred,NULL,real,CW Pump Motor,CW_Pump_Motor,1,2025-05-07 10:06:11,0,NULL,NULL
2905,CW_Pump_Turbine,inferred,NULL,real,CW Pump Turbine,CW_Pump_Turbine,1,2025-05-07 10:06:11,0,NULL,NULL
2906,VHP_BFW_Pump_Motor,inferred,NULL,real,VHP BFW Pump Motor,VHP_BFW_Pump_Motor,1,2025-05-07 10:06:11,0,NULL,NULL
2907,VHP_BFW_Pump_Turbine,inferred,NULL,real,VHP BFW Pump Turbine,VHP_BFW_Pump_Turbine,1,2025-05-07 10:06:11,0,NULL,NULL
2908,Air_Compressor_Motor,inferred,NULL,real,Air Compressor Motor,Air_Compressor_Motor,1,2025-05-07 10:06:11,0,NULL,NULL
2909,Air_Compressor_Turbine,inferred,NULL,real,Air Compressor Turbine,Air_Compressor_Turbine,1,2025-05-07 10:06:11,0,NULL,NULL
2910,DMW_Pump_Motor,inferred,NULL,real,DMW Pump Motor,DMW_Pump_Motor,1,2025-05-07 10:06:11,0,NULL,NULL
2911,DMW_Pump_Turbine,inferred,NULL,real,DMW Pump Turbine,DMW_Pump_Turbine,1,2025-05-07 10:06:11,0,NULL,NULL
2912,Boiler_Boiler,inferred,NULL,real,Boiler Boiler,Boiler_Boiler,1,2025-05-07 10:06:11,0,NULL,NULL
2913,Contribution_from_SEUs_GJ_HR,inferred,NULL,real,Total Energy Import (Process Plant),Contribution from SEUs in GJ_HR,1,2025-05-08 07:01:46,0,NULL,NULL
2914,Power_Consumption_Plants,inferred,NULL,real,Power Consumption (Process Plants),Power Consumption of Plants,1,2025-05-08 20:34:08,0,NULL,NULL
2915,Power_Consumption_Plant_U_O,inferred,NULL,real,Power Consumption (U&O),Static Power Consumption of U&O plant,1,2025-05-08 20:34:08,0,NULL,NULL
2916,Total_Power_Consumption_U_O,inferred,NULL,real,Total Power Consumption (U&O),Total Power Consumption of U&O Plant,1,2025-05-08 20:34:08,0,NULL,NULL
2917,Fuel_Consumption_Plants_fixed,inferred,NULL,real,Fuel Consumption process plants (Constant),Static Fuel Consumption of Plants,1,2025-05-08 20:34:08,0,NULL,NULL
2918,Fuel_Consumption_Plants_changes,inferred,NULL,real,Fuel Consumption process plants (Dynamic),Variable Fuel Consumption of Plants,1,2025-05-08 20:34:08,0,NULL,NULL
2919,Fuel_Consumption_Plants,inferred,NULL,real,Total Fuel Consumption (Process Plants),Total Plants Fuel Consumption,1,2025-05-08 20:34:08,0,NULL,NULL
2920,Fuel_Consumption_Plants_U_O,inferred,NULL,real,Fuel Consumption (U&O),Static Fuel Consumption of Plant U&O,1,2025-05-08 20:34:09,0,NULL,NULL
2921,Fuel_generated,inferred,NULL,real,Fuel Generated,Total Fuel Generated in the Plants,1,2025-05-08 20:34:09,0,NULL,NULL
2922,Total_Fuel_Consumption_U_O,inferred,NULL,real,Total Fuel Consumption (U&O),Total Fuel Consumption of U&O,1,2025-05-08 20:34:09,0,NULL,NULL
2923,FDF_A_Cost,inferred,NULL,real,"FDF A Cost  ","FDF_A_Cost  ",1,2025-05-10 09:49:02,0,NULL,NULL
2924,FDF_B_Cost,inferred,NULL,real,"FDF B Cost  ","FDF_B_Cost  ",1,2025-05-10 09:49:02,0,NULL,NULL
2925,BFW_A_Cost,inferred,NULL,real,"BFW A Cost  ","BFW_A_Cost  ",1,2025-05-10 09:49:02,0,NULL,NULL
2926,BFW_D_Cost,inferred,NULL,real,"BFW D Cost  ","BFW_D_Cost  ",1,2025-05-10 09:49:02,0,NULL,NULL
2927,BFW_F_Cost,inferred,NULL,real,"BFW F Cost  ","BFW_F_Cost  ",1,2025-05-10 09:49:02,0,NULL,NULL
2928,VHP_BFW_A_Cost,inferred,NULL,real,"VHP BFW A Cost  ","VHP_BFW_A_Cost  ",1,2025-05-10 09:49:02,0,NULL,NULL
2929,CW_C_Cost,pi,UN.UO.P-7801C.Cost_EO_CALC_OUTPUT,real,"CW C Cost  ","CW_C_Cost  ",1,2025-05-10 09:49:02,0,NULL,NULL
2930,CW_D_Cost,pi,UN.UO.P-7801D.Cost_EO_CALC_OUTPUT,real,"CW D Cost  ","CW_D_Cost  ",1,2025-05-10 09:49:02,0,NULL,NULL
2931,CW_E_Cost,pi,UN.UO.P-7801E.Cost_EO_CALC_OUTPUT,real,"CW E Cost  ","CW_E_Cost  ",1,2025-05-10 09:49:02,0,NULL,NULL
2932,CW_F_Cost,pi,UN.UO.P-7801F.Cost_EO_CALC_OUTPUT,real,"CW F Cost  ","CW_F_Cost  ",1,2025-05-10 09:49:02,0,NULL,NULL
2933,Air_Compressor_B_Cost,inferred,NULL,real,"Air Compressor B Cost  ","Air_Compressor_B_Cost  ",1,2025-05-10 09:49:02,0,NULL,NULL
2934,Air_Compressor_C_Cost,inferred,NULL,real,"Air Compressor C Cost  ","Air_Compressor_C_Cost  ",1,2025-05-10 09:49:02,0,NULL,NULL
2935,UO_Power_Without_Drives_Cost,pi,UN.UO.Utility_Power_Without_Drives_Cost_EO_CALC_OUTPUT,real,"UO Power Without Drives Cost  ","UO_Power_Without_Drives_Cost  ",1,2025-05-10 09:49:02,0,NULL,NULL
2936,Boiler_1_Fuel_Cost,pi,UN.UO.BO-7101A.Fuel_Cost_EO_CALC_OUTPUT,real,"Boiler 1 Fuel Cost  ","Boiler_1_Fuel_Cost  ",1,2025-05-10 09:49:02,0,NULL,NULL
2937,Boiler_2_Fuel_Cost,pi,UN.UO.BO-7101B.Fuel_Cost_EO_CALC_OUTPUT,real,"Boiler 2 Fuel Cost  ","Boiler_2_Fuel_Cost  ",1,2025-05-10 09:49:02,0,NULL,NULL
2938,Boiler_3_Fuel_Cost,pi,UN.UO.BO-7101C.Fuel_Cost_EO_CALC_OUTPUT,real,"Boiler 3 Fuel Cost  ","Boiler_3_Fuel_Cost  ",1,2025-05-10 09:49:02,0,NULL,NULL
2939,Boiler_4_Fuel_Cost,pi,UN.UO.BO-7101D.Fuel_Cost_EO_CALC_OUTPUT,real,"Boiler 4 Fuel Cost  ","Boiler_4_Fuel_Cost  ",1,2025-05-10 09:49:02,0,NULL,NULL
2940,Boiler_5_Fuel_Cost,pi,UN.UO.PK-7104E.Fuel_Cost_EO_CALC_OUTPUT,real,"Boiler 5 Fuel Cost  ","Boiler_5_Fuel_Cost  ",1,2025-05-10 09:49:02,0,NULL,NULL
2941,Flare_Fuel_Cost,pi,UN.UO.Flare_Fuel_Cost_EO_CALC_OUTPUT,real,"Flare Fuel Cost  ","Flare_Fuel_Cost  ",1,2025-05-10 09:49:02,0,NULL,NULL
2942,Incinerator_Fuel_Cost,inferred,NULL,real,"Incinerator Fuel Cost  ","Incinerator_Fuel_Cost  ",1,2025-05-10 09:49:02,0,NULL,NULL
2943,Plant_HP_Steam_Demand_Cost,inferred,NULL,real,"Plant HP Steam Demand Cost  ","Plant_HP_Steam_Demand_Cost  ",1,2025-05-10 09:49:02,0,NULL,NULL
2944,Plant_MP_Steam_Demand_Cost,inferred,NULL,real,"Plant MP Steam Demand Cost  ","Plant_MP_Steam_Demand_Cost  ",1,2025-05-10 09:49:02,0,NULL,NULL
2945,Plant_LP_Steam_Demand_Cost,inferred,NULL,real,"Plant LP Steam Demand Cost  ","Plant_LP_Steam_Demand_Cost  ",1,2025-05-10 09:49:02,0,NULL,NULL
2946,EG1_NG_Fuel_Cost,pi,UN.EG1.Natural_Gas_Fuel_Cost_EO_CALC_OUTPUT,real,"EG1 NG Fuel Cost  ","EG1_NG_Fuel_Cost  ",1,2025-05-10 09:49:02,0,NULL,NULL
2947,EG2_NG_Fuel_Cost,inferred,NULL,real,"EG2 NG Fuel Cost  ","EG2_NG_Fuel_Cost  ",1,2025-05-10 09:49:02,0,NULL,NULL
2948,EG3_NG_Fuel_Cost,inferred,NULL,real,"EG3 NG Fuel Cost  ","EG3_NG_Fuel_Cost  ",1,2025-05-10 09:49:02,0,NULL,NULL
2949,ETH_Fuel_Cost,inferred,NULL,real,"ETH Fuel Cost  ","ETH_Fuel_Cost  ",1,2025-05-10 09:49:02,0,NULL,NULL
2950,LAO_Fuel_Cost,pi,UN.LAO.Fuel_Cost_EO_CALC_OUTPUT,real,"LAO Fuel Cost  ","LAO_Fuel_Cost  ",1,2025-05-10 09:49:02,0,NULL,NULL
2951,Regenerator_C_2220_Bottom_Temp,pi,UN.EG1.22TI2211.PV,real,Regenerator C 2220 Bottom Temp,Regenerator C 2220 Bottom Temp,1,2025-05-10 09:49:02,0,NULL,NULL
2952,Fractional_Conversion_Bicarbonate_C_2220,pi,UN.EG1.C-2220.Fractional_Conversion_Bicarbonate_PEEO_CALC_OUTPUT,real,Fractional Conversion Bicarbonate C 2220,Fractional Conversion Bicarbonate C 2220,1,2025-05-10 09:49:02,0,NULL,NULL
2953,Stripper_Column_C_2310_Top_Temp,pi,UN.EG1.23TI3206.PV,real,Stripper Column C 2310 Top Temp,Stripper Column C 2310 Top Temp,1,2025-05-10 09:49:02,0,NULL,NULL
2954,Cycle_Water_Bleed_Eo_EG1,pi,UN.LIMS.UN-EG1-3R-2301_Ethylene Oxide,real,Cycle Water Bleed Eo EG1,Cycle Water Bleed Eo EG1,1,2025-05-10 09:49:02,0,NULL,NULL
2955,C2310_Bottom_Pressure,pi,UN.EG1.23PI3210.PV,real,C2310 Bottom Pressure,C2310 Bottom Pressure,1,2025-05-10 09:49:02,0,NULL,NULL
2956,Glycol_Reactor_R_2520_Inlet,pi,UN.EG1.25TC5305.PV,real,Glycol Reactor R 2520 Inlet,Glycol Reactor R 2520 Inlet,1,2025-05-10 09:49:02,0,NULL,NULL
2957,Reactor_Outlet_R_2520_Leg_Temp_Delta,pi,UN.EG1.R-2520.Reactor_Outlet_Differential_Temperature_PEEO_CALC_OUTPUT,real,Reactor Outlet R 2520 Leg Temp Delta,Reactor Outlet R 2520 Leg Temp Delta,1,2025-05-10 09:49:02,0,NULL,NULL
2958,Recycle_Water_Tank_Meg_EG1,pi,UN.LIMS.UN-EG1-1R-2502_MEG,real,Recycle Water Tank Meg EG1,Recycle Water Tank Meg EG1,1,2025-05-10 09:49:02,0,NULL,NULL
2959,Treated_Water_To_1st_Effect_Evaporator_C_2531,pi,UN.EG1.25FC5516.PV,real,Treated Water To 1st Effect Evaporator C 2531,Treated Water To 1st Effect Evaporator C 2531,1,2025-05-10 09:49:02,0,NULL,NULL
2960,Treated_Water_To_2nd_Effect_Evaporator_C_2532,pi,UN.EG1.25FC5526.PV,real,Treated Water To 2nd Effect Evaporator C 2532,Treated Water To 2nd Effect Evaporator C 2532,1,2025-05-10 09:49:02,0,NULL,NULL
2961,Treated_Water_To_3rd_Effect_Evaporator_C_2533,pi,UN.EG1.25FC5536.PV,real,Treated Water To 3rd Effect Evaporator C 2533,Treated Water To 3rd Effect Evaporator C 2533,1,2025-05-10 09:49:02,0,NULL,NULL
2962,Treated_Water_To_4th_Effect_Evaporator_C_2534,pi,UN.EG1.25FC5546.PV,real,Treated Water To 4th Effect Evaporator C 2534,Treated Water To 4th Effect Evaporator C 2534,1,2025-05-10 09:49:02,0,NULL,NULL
2963,Treated_Water_To_5th_Effect_Evaporator_C_2535,pi,UN.EG1.25FC5556.PV,real,Treated Water To 5th Effect Evaporator C 2535,Treated Water To 5th Effect Evaporator C 2535,1,2025-05-10 09:49:02,0,NULL,NULL
2964,5th_Effect_Evaporator_C_2535_Overhead_Pressure,pi,UN.EG1.25PC5551.PV,real,5th Effect Evaporator C 2535 Overhead Pressure,5th Effect Evaporator C 2535 Overhead Pressure,1,2025-05-10 09:49:02,0,NULL,NULL
2965,Chest_Pressure_E_2620,pi,UN.EG1.26PI6343A.PV,real,Chest Pressure E 2620,Chest Pressure E 2620,1,2025-05-10 09:49:02,0,NULL,NULL
2966,Chest_Pressure_E_2610,pi,UN.EG1.26PI6240.PV,real,Chest Pressure E 2610,Chest Pressure E 2610,1,2025-05-10 09:49:02,0,NULL,NULL
2967,Regenerator_C_4220_Bottom_Temp,pi,UN.EG2.42TI2211.PV,real,Regenerator C 4220 Bottom Temp,Regenerator C 4220 Bottom Temp,1,2025-05-10 09:49:02,0,NULL,NULL
2968,Fractional_Conversion_Bicarbonate_C_4220,pi,UN.EG2.C-4220.Fractional_Conversion_Bicarbonate_PEEO_CALC_OUTPUT,real,Fractional Conversion Bicarbonate C 4220,INDICATES EFFICIENCY OF REGENERATOR IN PERCENTAGE.  COMPUTED AS  percentage conversion of bicarbonate to carbonate in Regenerator column.,1,2025-05-10 09:49:02,0,NULL,NULL
2969,Stripper_Column_C_4310_Top_Temp,pi,UN.EG2.43TI3206.PV,real,Stripper Column C 4310 Top Temp,Stripper Column C 4310 Top Temp,1,2025-05-10 09:49:02,0,NULL,NULL
2970,Cycle_Water_Bleed_Eo_EG2,pi,UN.LIMS.UN-EG2-3R-4301_Ethylene Oxide,real,Cycle Water Bleed Eo EG2,Cycle Water Bleed Eo EG2,1,2025-05-10 09:49:02,0,NULL,NULL
2971,C4310_Bottom_Pressure,pi,UN.EG2.43PI3210.PV,real,C4310 Bottom Pressure,C4310 Bottom Pressure,1,2025-05-10 09:49:02,0,NULL,NULL
2972,Glycol_Reactor_R_4520_Inlet,pi,UN.EG2.45TC5305.PV,real,Glycol Reactor R 4520 Inlet,Glycol Reactor R 4520 Inlet,1,2025-05-10 09:49:02,0,NULL,NULL
2973,Reactor_Outlet_R_4520_Leg_Temp_Delta,pi,UN.EG2.R-4520.Reactor_Outlet_Differential_Temperature_PEEO_CALC_OUTPUT,real,Reactor Outlet R 4520 Leg Temp Delta,Reactor Outlet R 4520 Leg Temp Delta,1,2025-05-10 09:49:02,0,NULL,NULL
2974,Recycle_Water_Tank_Meg_EG2,pi,UN.LIMS.UN-EG2-1R-4502_MEG,real,Recycle Water Tank Meg EG2,Recycle Water Tank Meg EG2,1,2025-05-10 09:49:02,0,NULL,NULL
2975,Treated_Water_To_1st_Effect_Evaporator_C_4531,pi,UN.EG2.45FC5516.PV,real,Treated Water To 1st Effect Evaporator C 4531,Treated Water To 1st Effect Evaporator C 4531,1,2025-05-10 09:49:02,0,NULL,NULL
2976,Treated_Water_To_2nd_Effect_Evaporator_C_4532,pi,UN.EG2.45FC5526.PV,real,Treated Water To 2nd Effect Evaporator C 4532,Treated Water To 2nd Effect Evaporator C 4532,1,2025-05-10 09:49:02,0,NULL,NULL
2977,Treated_Water_To_3rd_Effect_Evaporator_C_4533,pi,UN.EG2.45FC5536.PV,real,Treated Water To 3rd Effect Evaporator C 4533,Treated Water To 3rd Effect Evaporator C 4533,1,2025-05-10 09:49:02,0,NULL,NULL
2978,Treated_Water_To_4th_Effect_Evaporator_C_4534,pi,UN.EG2.45FC5546.PV,real,Treated Water To 4th Effect Evaporator C 4534,Treated Water To 4th Effect Evaporator C 4534,1,2025-05-10 09:49:02,0,NULL,NULL
2979,Treated_Water_To_5th_Effect_Evaporator_C_4535,pi,UN.EG2.45FC5556.PV,real,Treated Water To 5th Effect Evaporator C 4535,Treated Water To 5th Effect Evaporator C 4535,1,2025-05-10 09:49:02,0,NULL,NULL
2980,5th_Effect_Evaporator_C_4535_Overhead_Pressure,pi,UN.EG2.45PC5551.PV,real,5th Effect Evaporator C 4535 Overhead Pressure,5th Effect Evaporator C 4535 Overhead Pressure,1,2025-05-10 09:49:02,0,NULL,NULL
2981,Chest_Pressure_E_4620,pi,UN.EG2.46PI6343A.PV,real,Chest Pressure E 4620,Chest Pressure E 4620,1,2025-05-10 09:49:02,0,NULL,NULL
2982,Chest_Pressure_E_4610,pi,UN.EG2.46PI6240.PV,real,Chest Pressure E 4610,Chest Pressure E 4610,1,2025-05-10 09:49:02,0,NULL,NULL
2983,Regenerator_C_6220_Bottom_Temp,pi,UN.EG3.62TI2211.PV,real,Regenerator C 6220 Bottom Temp,Regenerator C 6220 Bottom Temp,1,2025-05-10 09:49:02,0,NULL,NULL
2984,Fractional_Conversion_Bicarbonate_C_6220,pi,UN.EG3.C-6220.Fractional_Conversion_Bicarbonate_PEEO_CALC_OUTPUT,real,Fractional Conversion Bicarbonate C 6220,Fractional Conversion Bicarbonate C 6220,1,2025-05-10 09:49:02,0,NULL,NULL
2985,Recycle_Water_Tank_Meg_EG3,pi,UN.LIMS.UN-EG3-1R-6502_MEG,real,Recycle Water Tank Meg EG3,Recycle Water Tank Meg EG3,1,2025-05-10 09:49:02,0,NULL,NULL
2986,Treated_Water_To_1st_Effect_Evaporator_C_6531,pi,UN.EG3.65FC5516.PV,real,Treated Water To 1st Effect Evaporator C 6531,Treated Water To 1st Effect Evaporator C 6531,1,2025-05-10 09:49:02,0,NULL,NULL
2987,Treated_Water_To_2nd_Effect_Evaporator_C_6532,pi,UN.EG3.65FC5526.PV,real,Treated Water To 2nd Effect Evaporator C 6532,Treated Water To 2nd Effect Evaporator C 6532,1,2025-05-10 09:49:02,0,NULL,NULL
2988,Treated_Water_To_3rd_Effect_Evaporator_C_6533,pi,UN.EG3.65FC5536.PV,real,Treated Water To 3rd Effect Evaporator C 6533,Treated Water To 3rd Effect Evaporator C 6533,1,2025-05-10 09:49:02,0,NULL,NULL
2989,Treated_Water_To_4th_Effect_Evaporator_C_6534,pi,UN.EG3.65FC5546.PV,real,Treated Water To 4th Effect Evaporator C 6534,Treated Water To 4th Effect Evaporator C 6534,1,2025-05-10 09:49:02,0,NULL,NULL
2990,Treated_Water_To_5th_Effect_Evaporator_C_6535,pi,UN.EG3.65FC5556.PV,real,Treated Water To 5th Effect Evaporator C 6535,Treated Water To 5th Effect Evaporator C 6535,1,2025-05-10 09:49:02,0,NULL,NULL
2991,Treated_Water_To_6th_Effect_Evaporator_C_6536,pi,UN.EG3.65FC5578.PV,real,Treated Water To 6th Effect Evaporator C 6536,Treated Water To 6th Effect Evaporator C 6536,1,2025-05-10 09:49:02,0,NULL,NULL
2992,Treated_Water_To_7th_Effect_Evaporator_C_6537,pi,UN.EG3.65FC5605.PV,real,Treated Water To 7th Effect Evaporator C 6537,Treated Water To 7th Effect Evaporator C 6537,1,2025-05-10 09:49:02,0,NULL,NULL
2993,7th_Effect_Evaporator_C_6537_Overhead_Pressure,pi,UN.EG3.65PC5641.PV,real,7th Effect Evaporator C 6537 Overhead Pressure,7th Effect Evaporator C 6537 Overhead Pressure,1,2025-05-10 09:49:02,0,NULL,NULL
2994,Chest_Pressure_E_6620,pi,UN.EG3.66PI6343.PV,real,Chest Pressure E 6620,Chest Pressure E 6620,1,2025-05-10 09:49:02,0,NULL,NULL
2995,Total_Steam_To_Regenerator_EG1,pi,UN.EG1.Total_Steam_to_Regenerator_EO_CALC_OUTPUT,real,EG1 Regenerator system Inlet LP steam flow,Total Steam To Regenerator EG1,1,2025-05-10 09:49:02,0,NULL,NULL
2996,Total_Steam_To_Stripping_Column_EG1,pi,UN.EG1.Total_Steam_to_Stripping_Column_EO_CALC_OUTPUT,real,EG1 Stripping system Inlet LP steam flow,Total Steam To Stripping Column EG1,1,2025-05-10 09:49:02,0,NULL,NULL
2997,Total_Reboiler_Steam_flow_C_2620,inferred,NULL,real,Total Reboiler Steam flow C 2620,Total Reboiler Steam flow C 2620,1,2025-05-10 09:49:02,0,NULL,NULL
2998,Total_Steam_To_Regenerator_EG2,pi,UN.EG2.Total_Steam_to_Regenerator_EO_CALC_OUTPUT,real,EG2 Regenerator system Inlet LP steam flow,Total Steam To Regenerator EG2,1,2025-05-10 09:49:02,0,NULL,NULL
2999,Total_Steam_To_Stripping_Column_EG2,pi,UN.EG2.Total_Steam_to_Stripping_Column_EO_CALC_OUTPUT,real,EG2 Stripping system Inlet LP steam flow,Total Steam To Stripping Column EG2,1,2025-05-10 09:49:02,0,NULL,NULL
3000,Total_Reboiler_Steam_flow_C_4620,inferred,NULL,real,Total Reboiler Steam flow C 4620,Total Reboiler Steam flow C 4620,1,2025-05-10 09:49:02,0,NULL,NULL
3001,Total_Steam_To_Regenerator_EG3,pi,UN.EG3.Total_Steam_to_Regenerator_EO_CALC_OUTPUT,real,EG3 Regenerator system Inlet LP steam flow,Total Steam To Regenerator EG3,1,2025-05-10 09:49:02,0,NULL,NULL
3002,Total_Reboiler_Steam_flow_C_6620,inferred,NULL,real,Total Reboiler Steam flow C 6620,Total Reboiler Steam flow C 6620,1,2025-05-10 09:49:02,0,NULL,NULL
3003,BOILER_A_STACK_TEMPERATURE_KEV,inferred,NULL,real,BOILER A STACK TEMPERATURE,"BOILER_A_STACK_TEMPERATURE_KEV  ",1,2025-05-10 09:49:02,0,NULL,NULL
3004,BLR_1_HPS_Gen_KEV,inferred,NULL,real,Boiler A HP Steam Generation,"BLR_1_HPS_Gen_KEV  ",1,2025-05-10 09:49:02,0,NULL,NULL
3005,BOILER_A_FLUE_GAS_OXGYGEN_KEV,inferred,NULL,real,Boiler A Excess O2,"BOILER_A_FLUE_GAS_OXGYGEN_KEV  ",1,2025-05-10 09:49:02,0,NULL,NULL
3006,BOILER_A_CONDUCTIVITY_KEV,pi,UN.UO.BO-7101A.KEV_BOILER_A_CONDUCTIVITY_EO_CALC_OUTPUT,real,BOILER A CONDUCTIVITY,"BOILER_A_CONDUCTIVITY_KEV  ",1,2025-05-10 09:49:02,0,NULL,NULL
3007,BOILER_B_STACK_TEMPERATURE_KEV,inferred,NULL,real,BOILER B STACK TEMPERATURE,"BOILER_B_STACK_TEMPERATURE_KEV  ",1,2025-05-10 09:49:02,0,NULL,NULL
3008,BLR_2_HPS_Gen_KEV,inferred,NULL,real,Boiler B HP Steam Generation,"BLR_2_HPS_Gen_KEV  ",1,2025-05-10 09:49:02,0,NULL,NULL
3009,BOILER_B_FLUE_GAS_OXGYGEN_KEV,inferred,NULL,real,Boiler B Excess O2,"BOILER_B_FLUE_GAS_OXGYGEN_KEV  ",1,2025-05-10 09:49:02,0,NULL,NULL
3010,BOILER_B_CONDUCTIVITY_KEV,pi,UN.UO.BO-7101B.KEV_BOILER_B_CONDUCTIVITY_EO_CALC_OUTPUT,real,BOILER B CONDUCTIVITY,"BOILER_B_CONDUCTIVITY_KEV  ",1,2025-05-10 09:49:02,0,NULL,NULL
3011,BOILER_C_STACK_TEMPERATURE_KEV,inferred,NULL,real,BOILER C STACK TEMPERATURE,"BOILER_C_STACK_TEMPERATURE_KEV  ",1,2025-05-10 09:49:02,0,NULL,NULL
3012,BLR_3_HPS_Gen_KEV,inferred,NULL,real,Boiler C HP Steam Generation,"BLR_3_HPS_Gen_KEV  ",1,2025-05-10 09:49:02,0,NULL,NULL
3013,BOILER_C_FLUE_GAS_OXGYGEN_KEV,inferred,NULL,real,Boiler C Excess O2,"BOILER_C_FLUE_GAS_OXGYGEN_KEV  ",1,2025-05-10 09:49:02,0,NULL,NULL
3014,BOILER_C_CONDUCTIVITY_KEV,pi,UN.UO.BO-7101C.KEV_BOILER_C_CONDUCTIVITY_EO_CALC_OUTPUT,real,BOILER C CONDUCTIVITY,"BOILER_C_CONDUCTIVITY_KEV  ",1,2025-05-10 09:49:02,0,NULL,NULL
3015,BOILER_D_STACK_TEMPERATURE_KEV,inferred,NULL,real,BOILER D STACK TEMPERATURE,"BOILER_D_STACK_TEMPERATURE_KEV  ",1,2025-05-10 09:49:02,0,NULL,NULL
3016,BLR_4_HPS_Gen_KEV,inferred,NULL,real,Boiler D HP Steam Generation,"BLR_4_HPS_Gen_KEV  ",1,2025-05-10 09:49:02,0,NULL,NULL
3017,BOILER_D_FLUE_GAS_OXGYGEN_KEV,inferred,NULL,real,Boiler D Excess O2,"BOILER_D_FLUE_GAS_OXGYGEN_KEV  ",1,2025-05-10 09:49:02,0,NULL,NULL
3018,BOILER_D_CONDUCTIVITY_KEV,pi,UN.UO.BO-7101D.KEV_BOILER_D_CONDUCTIVITY_EO_CALC_OUTPUT,real,BOILER D CONDUCTIVITY,"BOILER_D_CONDUCTIVITY_KEV  ",1,2025-05-10 09:49:02,0,NULL,NULL
3019,BOILER_E_STACK_TEMPERATURE_KEV,inferred,NULL,real,BOILER E STACK TEMPERATURE,"BOILER_E_STACK_TEMPERATURE_KEV  ",1,2025-05-10 09:49:02,0,NULL,NULL
3020,BLR_5_HPS_Gen_KEV,inferred,NULL,real,Boiler E HP Steam Generation,"BLR_5_HPS_Gen_KEV  ",1,2025-05-10 09:49:03,0,NULL,NULL
3021,Boiler_5_O2_KEV,inferred,NULL,real,Boiler E Excess O2,"Boiler_5_O2_KEV  ",1,2025-05-10 09:49:03,0,NULL,NULL
3022,BOILER_E_CONDUCTIVITY_KEV,pi,UN.UO.PK-7104E.KEV_BOILER_E_CONDUCTIVITY_EO_CALC_OUTPUT,real,BOILER E CONDUCTIVITY,"BOILER_E_CONDUCTIVITY_KEV  ",1,2025-05-10 09:49:03,0,NULL,NULL
3023,FUR_1_STACK_TEMPERATURE_KEV,inferred,NULL,real,FURNACE A STACK TEMPERATURE,"FUR_1_STACK_TEMPERATURE_KEV  ",1,2025-05-10 09:49:03,0,NULL,NULL
3024,FUR_1_FLUE_GAS_O2_KEV,inferred,NULL,real,Furnace A Excess O2,"FUR_1_FLUE_GAS_O2_KEV  ",1,2025-05-10 09:49:03,0,NULL,NULL
3025,Furnace_A_Fuel_gas_flow_KEV,inferred,NULL,real,Furnace A Fuel gas flow,"Furnace_A_Fuel_gas_flow_KEV  ",1,2025-05-10 09:49:03,0,NULL,NULL
3026,Furnace1_Feed_KEV,inferred,NULL,real,Furnace A Feed,"Furnace1_Feed_KEV  ",1,2025-05-10 09:49:03,0,NULL,NULL
3027,Overall_SHC_Ratio_Furnace_1,inferred,NULL,real,Overall SHC Ratio Furnace A,"Overall_SHC_Ratio_Furnace_1  ",1,2025-05-10 09:49:03,0,NULL,NULL
3028,FUR_2_STACK_TEMPERATURE_KEV,inferred,NULL,real,FURNACE B STACK TEMPERATURE,"FUR_2_STACK_TEMPERATURE_KEV  ",1,2025-05-10 09:49:03,0,NULL,NULL
3029,FUR_2_FLUE_GAS_O2_KEV,inferred,NULL,real,Furnace B Excess O2,"FUR_2_FLUE_GAS_O2_KEV  ",1,2025-05-10 09:49:03,0,NULL,NULL
3030,Furnace_B_Fuel_gas_flow_KEV,inferred,NULL,real,Furnace B Fuel gas flow,"Furnace_B_Fuel_gas_flow_KEV  ",1,2025-05-10 09:49:03,0,NULL,NULL
3031,Furnace2_Feed_KEV,inferred,NULL,real,Furnace B Feed,"Furnace2_Feed_KEV  ",1,2025-05-10 09:49:03,0,NULL,NULL
3032,Overall_SHC_Ratio_Furnace_2,inferred,NULL,real,Overall SHC Ratio Furnace B,"Overall_SHC_Ratio_Furnace_2  ",1,2025-05-10 09:49:03,0,NULL,NULL
3033,FUR_3_STACK_TEMPERATURE_KEV,inferred,NULL,real,FURNACE C STACK TEMPERATURE,"FUR_3_STACK_TEMPERATURE_KEV  ",1,2025-05-10 09:49:03,0,NULL,NULL
3034,FUR_3_FLUE_GAS_O2_KEV,inferred,NULL,real,Furnace C Excess O2,"FUR_3_FLUE_GAS_O2_KEV  ",1,2025-05-10 09:49:03,0,NULL,NULL
3035,Furnace_C_Fuel_gas_flow_KEV,inferred,NULL,real,Furnace C Fuel gas flow,"Furnace_C_Fuel_gas_flow_KEV  ",1,2025-05-10 09:49:03,0,NULL,NULL
3036,Furnace3_Feed_KEV,inferred,NULL,real,Furnace C Feed,"Furnace3_Feed_KEV  ",1,2025-05-10 09:49:03,0,NULL,NULL
3037,Overall_SHC_Ratio_Furnace_3,inferred,NULL,real,Overall SHC Ratio Furnace C,"Overall_SHC_Ratio_Furnace_3  ",1,2025-05-10 09:49:03,0,NULL,NULL
3038,FUR_4_STACK_TEMPERATURE_KEV,inferred,NULL,real,FURNACE D STACK TEMPERATURE,"FUR_4_STACK_TEMPERATURE_KEV  ",1,2025-05-10 09:49:03,0,NULL,NULL
3039,FUR_4_FLUE_GAS_O2_KEV,inferred,NULL,real,Furnace D Excess O2,"FUR_4_FLUE_GAS_O2_KEV  ",1,2025-05-10 09:49:03,0,NULL,NULL
3040,Furnace_D_Fuel_gas_flow_KEV,inferred,NULL,real,Furnace D Fuel gas flow,"Furnace_D_Fuel_gas_flow_KEV  ",1,2025-05-10 09:49:03,0,NULL,NULL
3041,Furnace4_Feed_KEV,inferred,NULL,real,Furnace D Feed,"Furnace4_Feed_KEV  ",1,2025-05-10 09:49:03,0,NULL,NULL
3042,Overall_SHC_Ratio_Furnace_4,inferred,NULL,real,"Overall SHC Ratio Furnace D ","Overall_SHC_Ratio_Furnace_4  ",1,2025-05-10 09:49:03,0,NULL,NULL
3043,FUR_5_STACK_TEMPERATURE_KEV,inferred,NULL,real,FURNACE E STACK TEMPERATURE,"FUR_5_STACK_TEMPERATURE_KEV  ",1,2025-05-10 09:49:03,0,NULL,NULL
3044,FUR_5_FLUE_GAS_O2_KEV,inferred,NULL,real,Furnace E Excess O2,"FUR_5_FLUE_GAS_O2_KEV  ",1,2025-05-10 09:49:03,0,NULL,NULL
3045,Furnace_E_Fuel_gas_flow_KEV,inferred,NULL,real,Furnace E Fuel gas flow,"Furnace_E_Fuel_gas_flow_KEV  ",1,2025-05-10 09:49:03,0,NULL,NULL
3046,Furnace5_Feed_KEV,inferred,NULL,real,Furnace E Feed,"Furnace5_Feed_KEV  ",1,2025-05-10 09:49:03,0,NULL,NULL
3047,Overall_SHC_Ratio_Furnace_5,inferred,NULL,real,"Overall SHC Ratio Furnace E  ","Overall_SHC_Ratio_Furnace_5  ",1,2025-05-10 09:49:03,0,NULL,NULL
3048,FUR_6_STACK_TEMPERATURE_KEV,inferred,NULL,real,FURNACE F STACK TEMPERATURE,"FUR_6_STACK_TEMPERATURE_KEV  ",1,2025-05-10 09:49:03,0,NULL,NULL
3049,FUR_6_FLUE_GAS_O2_KEV,inferred,NULL,real,Furnace F Excess O2,"FUR_6_FLUE_GAS_O2_KEV  ",1,2025-05-10 09:49:03,0,NULL,NULL
3050,Furnace_F_Fuel_gas_flow_KEV,inferred,NULL,real,Furnace F Fuel gas flow,"Furnace_F_Fuel_gas_flow_KEV  ",1,2025-05-10 09:49:03,0,NULL,NULL
3051,Furnace6_Feed_KEV,inferred,NULL,real,Furnace F Feed,"Furnace6_Feed_KEV  ",1,2025-05-10 09:49:03,0,NULL,NULL
3052,Overall_SHC_Ratio_Furnace_6,inferred,NULL,real,Overall SHC Ratio Furnace F,"Overall_SHC_Ratio_Furnace_6  ",1,2025-05-10 09:49:03,0,NULL,NULL
3053,FUR_7_STACK_TEMPERATURE_KEV,inferred,NULL,real,FURNACE G STACK TEMPERATURE,"FUR_7_STACK_TEMPERATURE_KEV  ",1,2025-05-10 09:49:03,0,NULL,NULL
3054,FUR_7_FLUE_GAS_O2_KEV,inferred,NULL,real,Furnace G Excess O2,"FUR_7_FLUE_GAS_O2_KEV  ",1,2025-05-10 09:49:03,0,NULL,NULL
3055,Furnace_G_Fuel_gas_flow_KEV,inferred,NULL,real,Furnace G Fuel gas flow,"Furnace_G_Fuel_gas_flow_KEV  ",1,2025-05-10 09:49:03,0,NULL,NULL
3056,Furnace7_Feed_KEV,inferred,NULL,real,Furnace G Feed,"Furnace7_Feed_KEV  ",1,2025-05-10 09:49:03,0,NULL,NULL
3057,Overall_SHC_Ratio_Furnace_7,inferred,NULL,real,Overall SHC Ratio Furnace G,"Overall_SHC_Ratio_Furnace_7  ",1,2025-05-10 09:49:03,0,NULL,NULL
3058,FUR_8_STACK_TEMPERATURE_KEV,inferred,NULL,real,FURNACE H STACK TEMPERATURE,"FUR_8_STACK_TEMPERATURE_KEV  ",1,2025-05-10 09:49:03,0,NULL,NULL
3059,FUR_8_FLUE_GAS_O2_KEV,inferred,NULL,real,Furnace H Excess O2,"FUR_8_FLUE_GAS_O2_KEV  ",1,2025-05-10 09:49:03,0,NULL,NULL
3060,Furnace_H_Fuel_gas_flow_KEV,inferred,NULL,real,Furnace H Fuel gas flow,"Furnace_H_Fuel_gas_flow_KEV  ",1,2025-05-10 09:49:03,0,NULL,NULL
3061,Furnace8_Feed_KEV,inferred,NULL,real,Furnace H Feed,"Furnace8_Feed_KEV  ",1,2025-05-10 09:49:03,0,NULL,NULL
3062,Overall_SHC_Ratio_Furnace_8,inferred,NULL,real,"Overall SHC Ratio Furnace H  ","Overall_SHC_Ratio_Furnace_8  ",1,2025-05-10 09:49:03,0,NULL,NULL
3063,FUR_9_STACK_TEMPERATURE_KEV,inferred,NULL,real,FURNACE J STACK TEMPERATURE,"FUR_9_STACK_TEMPERATURE_KEV  ",1,2025-05-10 09:49:03,0,NULL,NULL
3064,FUR_9_FLUE_GAS_O2_KEV,inferred,NULL,real,Furnace J Excess O2,"FUR_9_FLUE_GAS_O2_KEV  ",1,2025-05-10 09:49:03,0,NULL,NULL
3065,Furnace_J_Fuel_gas_flow_KEV,inferred,NULL,real,Furnace J Fuel gas flow,"Furnace_J_Fuel_gas_flow_KEV  ",1,2025-05-10 09:49:03,0,NULL,NULL
3066,Furnace9_Feed_KEV,inferred,NULL,real,Furnace J Feed,"Furnace9_Feed_KEV  ",1,2025-05-10 09:49:03,0,NULL,NULL
3067,Overall_SHC_Ratio_Furnace_9,inferred,NULL,real,"Overall SHC Ratio Furnace J ","Overall_SHC_Ratio_Furnace_9  ",1,2025-05-10 09:49:03,0,NULL,NULL
3068,BFW_B_Turb_Steam_KEV,pi,UN.UO.PT-7103B.KEV_Turbine_Steam_EO_CALC_OUTPUT,real,BFW B Turbine Steam,"BFW_B_Turb_Steam_KEV  ",1,2025-05-10 09:49:03,0,NULL,NULL
3069,BFW_C_Turb_Steam_KEV,pi,UN.UO.PT-7103C.KEV_Turbine_Steam_EO_CALC_OUTPUT,real,BFW C Turbine Steam,"BFW_C_Turb_Steam_KEV  ",1,2025-05-10 09:49:03,0,NULL,NULL
3070,BFW_E_Turb_Steam_KEV,pi,UN.UO.PT-7103E.KEV_Turbine_Steam_EO_CALC_OUTPUT,real,BFW E Turbine Steam,"BFW_E_Turb_Steam_KEV  ",1,2025-05-10 09:49:03,0,NULL,NULL
3071,BFW_A_Motor_Power_KEV,inferred,NULL,real,BFW A Motor Power,"BFW_A_Motor_Power_KEV  ",1,2025-05-10 09:49:03,0,NULL,NULL
3072,BFW_D_Motor_Power_KEV,inferred,NULL,real,BFW D Motor Power,"BFW_D_Motor_Power_KEV  ",1,2025-05-10 09:49:03,0,NULL,NULL
3073,BFW_F_Motor_Power_KEV,inferred,NULL,real,BFW F Motor Power,"BFW_F_Motor_Power_KEV  ",1,2025-05-10 09:49:03,0,NULL,NULL
3074,VHP_BFW_B_Discharge_flow_KEV,pi,UN.UO.PT-7102B.KEV_Discharge_Flow_EO_CALC_OUTPUT,real,VHP BFW B Discharge flow,"VHP_BFW_B_Discharge_flow_KEV  ",1,2025-05-10 09:49:03,0,NULL,NULL
3075,VHP_BFW_B_Turb_Steam_KEV,pi,UN.UO.PT-7102B.KEV_Turbine_Steam_EO_CALC_OUTPUT,real,VHP BFW B Turbine Steam,"VHP_BFW_B_Turb_Steam_KEV  ",1,2025-05-10 09:49:03,0,NULL,NULL
3076,VHP_BFW_C_Discharge_flow_KEV,pi,UN.UO.PT-7102C.KEV_Discharge_Flow_EO_CALC_OUTPUT,real,VHP BFW C Discharge flow,"VHP_BFW_C_Discharge_flow_KEV  ",1,2025-05-10 09:49:03,0,NULL,NULL
3077,VHP_BFW_C_Turb_Steam_KEV,pi,UN.UO.PT-7102C.KEV_Turbine_Steam_EO_CALC_OUTPUT,real,VHP BFW C Turbine Steam,"VHP_BFW_C_Turb_Steam_KEV  ",1,2025-05-10 09:49:03,0,NULL,NULL
3078,VHP_BFW_A_Discharge_flow_KEV,inferred,NULL,real,VHP BFW A Discharge flow,"VHP_BFW_A_Discharge_flow_KEV  ",1,2025-05-10 09:49:03,0,NULL,NULL
3079,CW_Turbine_A_Steam_KEV,pi,UN.UO.PT-7801A.KEV_Turbine_Steam_EO_CALC_OUTPUT,real,CW Turbine A Steam,"CW_Turbine_A_Steam_KEV  ",1,2025-05-10 09:49:03,0,NULL,NULL
3080,CW_Turbine_B_Steam_KEV,pi,UN.UO.PT-7801B.KEV_Turbine_Steam_EO_CALC_OUTPUT,real,CW Turbine B Steam,"CW_Turbine_B_Steam_KEV  ",1,2025-05-10 09:49:03,0,NULL,NULL
3081,CW_Turbine_G_Steam_KEV,pi,UN.UO.PT-7801G.KEV_Turbine_Steam_EO_CALC_OUTPUT,real,CW Turbine G Steam,"CW_Turbine_G_Steam_KEV  ",1,2025-05-10 09:49:03,0,NULL,NULL
3082,Air_compressor_A_Discharge_flow_KEV,inferred,NULL,real,Air compressor A Discharge flow,"Air_compressor_A_Discharge_flow_KEV  ",1,2025-05-10 09:49:03,0,NULL,NULL
3083,Air_Compressor_Turbine_A_Steam_KEV,inferred,NULL,real,Air Compressor Turbine A Steam,"Air_Compressor_Turbine_A_Steam_KEV  ",1,2025-05-10 09:49:03,0,NULL,NULL
3084,Air_compressor_D_Discharge_flow_KEV,pi,UN.UO.KT-7201D.KEV_Discharge_Flow_EO_CALC_OUTPUT,real,Air compressor D Discharge flow,"Air_compressor_D_Discharge_flow_KEV  ",1,2025-05-10 09:49:03,0,NULL,NULL
3085,Air_Compressor_Turbine_D_Steam_KEV,inferred,NULL,real,Air Compressor Turbine D Steam,"Air_Compressor_Turbine_D_Steam_KEV  ",1,2025-05-10 09:49:03,0,NULL,NULL
3086,Air_compressor_B_Discharge_flow_KEV,inferred,NULL,real,Air compressor B Discharge flow,"Air_compressor_B_Discharge_flow_KEV  ",1,2025-05-10 09:49:03,0,NULL,NULL
3087,Air_compressor_C_Discharge_flow_KEV,inferred,NULL,real,Air compressor C Discharge flow,"Air_compressor_C_Discharge_flow_KEV  ",1,2025-05-10 09:49:03,0,NULL,NULL
3088,Total_BFW_Generated_Deaerator_A,inferred,NULL,real,Total BFW Generated Deaerator A,Total_BFW_Generated_Deaerator_A,1,2025-05-10 09:49:03,0,NULL,NULL
3089,Total_BFW_Generated_Deaerator_B,inferred,NULL,real,Total BFW Generated Deaerator B,Total_BFW_Generated_Deaerator_B,1,2025-05-10 09:49:03,0,NULL,NULL
3090,Process_plant_steam_demand,inferred,NULL,real,Process plant steam demand,Process_plant_steam_demand,1,2025-05-10 10:47:42,0,NULL,NULL
3091,Regenerator_C_2220_Bottom_Temp_KEV,pi,UN.EG1.C-2220.KEV_Regenerator_Bottom_Temperature_EO_CALC_OUTPUT,real,Regenerator C 2220 Bottom Temp KEV,Regenerator_C_2220_Bottom_Temp_KEV,1,2025-05-10 21:15:42,0,NULL,NULL
3092,Total_Steam_To_Regenerator_EG1_KEV,inferred,NULL,real,"Total Steam To Regenerator EG1 KEV  ","Total_Steam_To_Regenerator_EG1_KEV  ",1,2025-05-10 21:15:42,0,NULL,NULL
3093,Fractional_Conversion_Bicarbonate_C_2220_KEV,inferred,NULL,real,"Fractional Conversion Bicarbonate C 2220 KEV  ","Fractional_Conversion_Bicarbonate_C_2220_KEV  ",1,2025-05-10 21:15:42,0,NULL,NULL
3094,Stripper_Column_C_2310_Top_Temp_KEV,pi,UN.EG1.C-2310.KEV_Stripper_Column_Top_Temperature_EO_CALC_OUTPUT,real,"Stripper Column C 2310 Top Temp KEV  ","Stripper_Column_C_2310_Top_Temp_KEV  ",1,2025-05-10 21:15:42,0,NULL,NULL
3095,Cycle_Water_Bleed_Eo_EG1_KEV,inferred,NULL,real,"Cycle Water Bleed Eo EG1 KEV  ","Cycle_Water_Bleed_Eo_EG1_KEV  ",1,2025-05-10 21:15:42,0,NULL,NULL
3096,Total_Steam_To_Stripping_Column_EG1_KEV,inferred,NULL,real,"Total Steam To Stripping Column EG1 KEV  ","Total_Steam_To_Stripping_Column_EG1_KEV  ",1,2025-05-10 21:15:42,0,NULL,NULL
3097,C2310_Bottom_Pressure_KEV,pi,UN.EG1.C-2310.KEV_Bottom_Pressure_EO_CALC_OUTPUT,real,"C2310 Bottom Pressure KEV  ","C2310_Bottom_Pressure_KEV  ",1,2025-05-10 21:15:42,0,NULL,NULL
3098,Glycol_Reactor_R_2520_Inlet_KEV,pi,UN.EG1.E-2523.KEV_Glycol_Reactor_Inlet_EO_CALC_OUTPUT,real,"Glycol Reactor R 2520 Inlet KEV  ","Glycol_Reactor_R_2520_Inlet_KEV  ",1,2025-05-10 21:15:42,0,NULL,NULL
3099,Steam_Flow_E_2523_KEV,inferred,NULL,real,"Steam Flow E 2523 KEV  ","Steam_Flow_E_2523_KEV  ",1,2025-05-10 21:15:42,0,NULL,NULL
3100,Reactor_Outlet_R_2520_Leg_Temp_Delta_KEV,inferred,NULL,real,"Reactor Outlet R 2520 Leg Temp Delta KEV  ","Reactor_Outlet_R_2520_Leg_Temp_Delta_KEV  ",1,2025-05-10 21:15:42,0,NULL,NULL
3101,Recycle_Water_Tank_Meg_EG1_KEV,inferred,NULL,real,"Recycle Water Tank Meg EG1 KEV  ","Recycle_Water_Tank_Meg_EG1_KEV  ",1,2025-05-10 21:15:42,0,NULL,NULL
3102,Treated_Water_To_1st_Effect_Evaporator_C_2531_KEV,inferred,NULL,real,"Treated Water To 1st Effect Evaporator C 2531 KEV  ","Treated_Water_To_1st_Effect_Evaporator_C_2531_KEV  ",1,2025-05-10 21:15:42,0,NULL,NULL
3103,Treated_Water_To_2nd_Effect_Evaporator_C_2532_KEV,inferred,NULL,real,"Treated Water To 2nd Effect Evaporator C 2532 KEV  ","Treated_Water_To_2nd_Effect_Evaporator_C_2532_KEV  ",1,2025-05-10 21:15:42,0,NULL,NULL
3104,Treated_Water_To_3rd_Effect_Evaporator_C_2533_KEV,pi,UN.EG1.E-2531.KEV_Treated_Water_to_3rd_Effect_Evaporator_EO_CALC_OUTPUT,real,"Treated Water To 3rd Effect Evaporator C 2533 KEV  ","Treated_Water_To_3rd_Effect_Evaporator_C_2533_KEV  ",1,2025-05-10 21:15:42,0,NULL,NULL
3105,Treated_Water_To_4th_Effect_Evaporator_C_2534_KEV,pi,UN.EG1.E-2531.KEV_Treated_Water_to_4th_Effect_Evaporator_EO_CALC_OUTPUT,real,"Treated Water To 4th Effect Evaporator C 2534 KEV  ","Treated_Water_To_4th_Effect_Evaporator_C_2534_KEV  ",1,2025-05-10 21:15:42,0,NULL,NULL
3106,Treated_Water_To_5th_Effect_Evaporator_C_2535_KEV,pi,UN.EG1.E-2531.KEV_Treated_Water_to_5th_Effect_Evaporator_EO_CALC_OUTPUT,real,"Treated Water To 5th Effect Evaporator C 2535 KEV  ","Treated_Water_To_5th_Effect_Evaporator_C_2535_KEV  ",1,2025-05-10 21:15:42,0,NULL,NULL
3107,5th_Effect_Evaporator_C_2535_Overhead_Pressure_KEV,inferred,NULL,real,"5th Effect Evaporator C 2535 Overhead Pressure KEV  ","5th_Effect_Evaporator_C_2535_Overhead_Pressure_KEV  ",1,2025-05-10 21:15:42,0,NULL,NULL
3108,Critical_Tray_Temperature_C_2620_KEV,pi,UN.EG1.E-2620.KEV_Critical_Tray_Temperature_EO_CALC_OUTPUT,real,"Critical Tray Temperature C 2620 KEV  ","Critical_Tray_Temperature_C_2620_KEV  ",1,2025-05-10 21:15:42,0,NULL,NULL
3109,Total_Reboiler_Steam_flow_C_2620_KEV,inferred,NULL,real,"Total Reboiler Steam flow C 2620 KEV  ","Total_Reboiler_Steam_flow_C_2620_KEV  ",1,2025-05-10 21:15:42,0,NULL,NULL
3110,Chest_Pressure_E_2620_KEV,inferred,NULL,real,"Chest Pressure E 2620 KEV  ","Chest_Pressure_E_2620_KEV  ",1,2025-05-10 21:15:42,0,NULL,NULL
3111,Critical_Tray_Temperature_C_2610_KEV,inferred,NULL,real,"Critical Tray Temperature C 2610 KEV  ","Critical_Tray_Temperature_C_2610_KEV  ",1,2025-05-10 21:15:42,0,NULL,NULL
3112,Reboiler_Steam_flow_E_2610_KEV,inferred,NULL,real,"Reboiler Steam flow E 2610 KEV  ","Reboiler_Steam_flow_E_2610_KEV  ",1,2025-05-10 21:15:42,0,NULL,NULL
3113,Chest_Pressure_E_2610_KEV,inferred,NULL,real,"Chest Pressure E 2610 KEV  ","Chest_Pressure_E_2610_KEV  ",1,2025-05-10 21:15:42,0,NULL,NULL
3114,Regenerator_C_4220_Bottom_Temp_KEV,pi,UN.EG2.C-4220.KEV_Regenerator_Bottom_Temperature_EO_CALC_OUTPUT,real,"Regenerator C 4220 Bottom Temp KEV  ","Regenerator_C_4220_Bottom_Temp_KEV  ",1,2025-05-10 21:15:42,0,NULL,NULL
3115,Total_Steam_To_Regenerator_EG2_KEV,inferred,NULL,real,"Total Steam To Regenerator EG2 KEV  ","Total_Steam_To_Regenerator_EG2_KEV  ",1,2025-05-10 21:15:42,0,NULL,NULL
3116,Fractional_Conversion_Bicarbonate_C_4220_KEV,pi,UN.EG2.C-4220.KEV_Fractional_Conversion_Bicarbonate_EO_CALC_OUTPUT,real,"Fractional Conversion Bicarbonate C 4220 KEV  ","Fractional_Conversion_Bicarbonate_C_4220_KEV  ",1,2025-05-10 21:15:42,0,NULL,NULL
3117,Stripper_Column_C_4310_Top_Temp_KEV,pi,UN.EG2.C-4310.KEV_Stripper_Column_Top_Temperature_EO_CALC_OUTPUT,real,"Stripper Column C 4310 Top Temp KEV  ","Stripper_Column_C_4310_Top_Temp_KEV  ",1,2025-05-10 21:15:42,0,NULL,NULL
3118,Cycle_Water_Bleed_Eo_EG2_KEV,pi,UN.EG2.C-4310.KEV_Cycle_Water_Bleed_Ethylene_Oxide_EO_CALC_OUTPUT,real,"Cycle Water Bleed Eo EG2 KEV  ","Cycle_Water_Bleed_Eo_EG2_KEV  ",1,2025-05-10 21:15:42,0,NULL,NULL
3119,Total_Steam_To_Stripping_Column_EG2_KEV,inferred,NULL,real,"Total Steam To Stripping Column EG2 KEV  ","Total_Steam_To_Stripping_Column_EG2_KEV  ",1,2025-05-10 21:15:42,0,NULL,NULL
3120,C4310_Bottom_Pressure_KEV,pi,UN.EG2.C-4310.KEV_Bottom_Pressure_EO_CALC_OUTPUT,real,"C4310 Bottom Pressure KEV  ","C4310_Bottom_Pressure_KEV  ",1,2025-05-10 21:15:42,0,NULL,NULL
3121,Glycol_Reactor_R_4520_Inlet_KEV,pi,UN.EG2.E-4523.KEV_Glycol_Reactor_Inlet_EO_CALC_OUTPUT,real,"Glycol Reactor R 4520 Inlet KEV  ","Glycol_Reactor_R_4520_Inlet_KEV  ",1,2025-05-10 21:15:42,0,NULL,NULL
3122,Steam_Flow_E_4523_KEV,pi,UN.EG2.E-4523.KEV_Steam_Flow_EO_CALC_OUTPUT,real,"Steam Flow E 4523 KEV  ","Steam_Flow_E_4523_KEV  ",1,2025-05-10 21:15:42,0,NULL,NULL
3123,Reactor_Outlet_R_4520_Leg_Temp_Delta_KEV,pi,UN.EG2.E-4523.KEV_Reactor_Outlet_Leg_Temperature_Delta_EO_CALC_OUTPUT,real,"Reactor Outlet R 4520 Leg Temp Delta KEV  ","Reactor_Outlet_R_4520_Leg_Temp_Delta_KEV  ",1,2025-05-10 21:15:42,0,NULL,NULL
3124,Recycle_Water_Tank_Meg_EG2_KEV,pi,UN.EG2.E-4531.KEV_Recycle_Water_Tank_MEG_EO_CALC_OUTPUT,real,"Recycle Water Tank Meg EG2 KEV  ","Recycle_Water_Tank_Meg_EG2_KEV  ",1,2025-05-10 21:15:42,0,NULL,NULL
3125,Treated_Water_To_1st_Effect_Evaporator_C_4531_KEV,pi,UN.EG2.E-4531.KEV_Treated_Water_to_1st_Effect_Evaporator_EO_CALC_OUTPUT,real,"Treated Water To 1st Effect Evaporator C 4531 KEV  ","Treated_Water_To_1st_Effect_Evaporator_C_4531_KEV  ",1,2025-05-10 21:15:42,0,NULL,NULL
3126,Treated_Water_To_2nd_Effect_Evaporator_C_4532_KEV,pi,UN.EG2.E-4531.KEV_Treated_Water_to_2nd_Effect_Evaporator_EO_CALC_OUTPUT,real,"Treated Water To 2nd Effect Evaporator C 4532 KEV  ","Treated_Water_To_2nd_Effect_Evaporator_C_4532_KEV  ",1,2025-05-10 21:15:42,0,NULL,NULL
3127,Treated_Water_To_3rd_Effect_Evaporator_C_4533_KEV,pi,UN.EG2.E-4531.KEV_Treated_Water_to_3rd_Effect_Evaporator_EO_CALC_OUTPUT,real,"Treated Water To 3rd Effect Evaporator C 4533 KEV  ","Treated_Water_To_3rd_Effect_Evaporator_C_4533_KEV  ",1,2025-05-10 21:15:42,0,NULL,NULL
3128,Treated_Water_To_4th_Effect_Evaporator_C_4534_KEV,pi,UN.EG2.E-4531.KEV_Treated_Water_to_4th_Effect_Evaporator_EO_CALC_OUTPUT,real,"Treated Water To 4th Effect Evaporator C 4534 KEV  ","Treated_Water_To_4th_Effect_Evaporator_C_4534_KEV  ",1,2025-05-10 21:15:42,0,NULL,NULL
3129,Treated_Water_To_5th_Effect_Evaporator_C_4535_KEV,pi,UN.EG2.E-4531.KEV_Treated_Water_to_5th_Effect_Evaporator_EO_CALC_OUTPUT,real,"Treated Water To 5th Effect Evaporator C 4535 KEV  ","Treated_Water_To_5th_Effect_Evaporator_C_4535_KEV  ",1,2025-05-10 21:15:42,0,NULL,NULL
3130,5th_Effect_Evaporator_C_4535_Overhead_Pressure_KEV,pi,UN.EG2.E-4531.KEV_5th_Effect_Evaporator_Overhead_Pressure_EO_CALC_OUTPUT,real,"5th Effect Evaporator C 4535 Overhead Pressure KEV  ","5th_Effect_Evaporator_C_4535_Overhead_Pressure_KEV  ",1,2025-05-10 21:15:42,0,NULL,NULL
3131,Critical_Tray_Temperature_C_4620_KEV,pi,UN.EG2.E-4620.KEV_Critical_Tray_Temperature_EO_CALC_OUTPUT,real,"Critical Tray Temperature C 4620 KEV  ","Critical_Tray_Temperature_C_4620_KEV  ",1,2025-05-10 21:15:42,0,NULL,NULL
3132,Total_Reboiler_Steam_flow_C_4620_KEV,inferred,NULL,real,"Total Reboiler Steam flow C 4620 KEV  ","Total_Reboiler_Steam_flow_C_4620_KEV  ",1,2025-05-10 21:15:42,0,NULL,NULL
3133,Chest_Pressure_E_4620_KEV,pi,UN.EG2.E-4620.KEV_Chest_Pressure_EO_CALC_OUTPUT,real,"Chest Pressure E 4620 KEV  ","Chest_Pressure_E_4620_KEV  ",1,2025-05-10 21:15:42,0,NULL,NULL
3134,Critical_Tray_Temperature_C_4610_KEV,pi,UN.EG2.E-4610.KEV_Critical_Tray_Temperature_EO_CALC_OUTPUT,real,"Critical Tray Temperature C 4610 KEV  ","Critical_Tray_Temperature_C_4610_KEV  ",1,2025-05-10 21:15:42,0,NULL,NULL
3135,Reboiler_Steam_flow_E_4610_KEV,pi,UN.EG2.E-4610.KEV_Reboiler_Steam_Flow_EO_CALC_OUTPUT,real,"Reboiler Steam flow E 4610 KEV  ","Reboiler_Steam_flow_E_4610_KEV  ",1,2025-05-10 21:15:42,0,NULL,NULL
3136,Chest_Pressure_E_4610_KEV,pi,UN.EG2.E-4610.KEV_Chest_Pressure_EO_CALC_OUTPUT,real,"Chest Pressure E 4610 KEV  ","Chest_Pressure_E_4610_KEV  ",1,2025-05-10 21:15:42,0,NULL,NULL
3137,Regenerator_C_6220_Bottom_Temp_KEV,pi,UN.EG3.C-6220.KEV_Regenerator_Bottom_Temperature_EO_CALC_OUTPUT,real,"Regenerator C 6220 Bottom Temp KEV  ","Regenerator_C_6220_Bottom_Temp_KEV  ",1,2025-05-10 21:15:42,0,NULL,NULL
3138,Total_Steam_To_Regenerator_EG3_KEV,inferred,NULL,real,"Total Steam To Regenerator EG3 KEV  ","Total_Steam_To_Regenerator_EG3_KEV  ",1,2025-05-10 21:15:42,0,NULL,NULL
3139,Fractional_Conversion_Bicarbonate_C_6220_KEV,inferred,NULL,real,"Fractional Conversion Bicarbonate C 6220 KEV  ","Fractional_Conversion_Bicarbonate_C_6220_KEV  ",1,2025-05-10 21:15:42,0,NULL,NULL
3140,Recycle_Water_Tank_Meg_EG3_KEV,inferred,NULL,real,"Recycle Water Tank Meg EG3 KEV  ","Recycle_Water_Tank_Meg_EG3_KEV  ",1,2025-05-10 21:15:42,0,NULL,NULL
3141,Treated_Water_To_1st_Effect_Evaporator_C_6531_KEV,inferred,NULL,real,"Treated Water To 1st Effect Evaporator C 6531 KEV  ","Treated_Water_To_1st_Effect_Evaporator_C_6531_KEV  ",1,2025-05-10 21:15:42,0,NULL,NULL
3142,Treated_Water_To_2nd_Effect_Evaporator_C_6532_KEV,inferred,NULL,real,"Treated Water To 2nd Effect Evaporator C 6532 KEV  ","Treated_Water_To_2nd_Effect_Evaporator_C_6532_KEV  ",1,2025-05-10 21:15:43,0,NULL,NULL
3143,Treated_Water_To_3rd_Effect_Evaporator_C_6533_KEV,inferred,NULL,real,"Treated Water To 3rd Effect Evaporator C 6533 KEV  ","Treated_Water_To_3rd_Effect_Evaporator_C_6533_KEV  ",1,2025-05-10 21:15:43,0,NULL,NULL
3144,Treated_Water_To_4th_Effect_Evaporator_C_6534_KEV,inferred,NULL,real,"Treated Water To 4th Effect Evaporator C 6534 KEV  ","Treated_Water_To_4th_Effect_Evaporator_C_6534_KEV  ",1,2025-05-10 21:15:43,0,NULL,NULL
3145,Treated_Water_To_5th_Effect_Evaporator_C_6535_KEV,pi,UN.EG3.E-6531.KEV_Treated_Water_to_5th_Effect_Evaporator_EO_CALC_OUTPUT,real,"Treated Water To 5th Effect Evaporator C 6535 KEV  ","Treated_Water_To_5th_Effect_Evaporator_C_6535_KEV  ",1,2025-05-10 21:15:43,0,NULL,NULL
3146,Treated_Water_To_6th_Effect_Evaporator_C_6536_KEV,pi,UN.EG3.E-6531.KEV_Treated_Water_To_6th_Effect_Evaporator_C_6536_EO_CALC_OUTPUT,real,"Treated Water To 6th Effect Evaporator C 6536 KEV  ","Treated_Water_To_6th_Effect_Evaporator_C_6536_KEV  ",1,2025-05-10 21:15:43,0,NULL,NULL
3147,Treated_Water_To_7th_Effect_Evaporator_C_6537_KEV,pi,UN.EG3.E-6531.KEV_Treated_Water_To_7th_Effect_Evaporator_C_6537_EO_CALC_OUTPUT,real,"Treated Water To 7th Effect Evaporator C 6537 KEV  ","Treated_Water_To_7th_Effect_Evaporator_C_6537_KEV  ",1,2025-05-10 21:15:43,0,NULL,NULL
3148,7th_Effect_Evaporator_C_6537_Overhead_Pressure_KEV,pi,UN.EG3.E-6531.KEV_5th_Effect_Evaporator_Overhead_Pressure_EO_CALC_OUTPUT,real,"7th Effect Evaporator C 6537 Overhead Pressure KEV  ","7th_Effect_Evaporator_C_6537_Overhead_Pressure_KEV  ",1,2025-05-10 21:15:43,0,NULL,NULL
3149,Critical_Tray_Temperature_C_6620_KEV,inferred,NULL,real,"Critical Tray Temperature C 6620 KEV  ","Critical_Tray_Temperature_C_6620_KEV  ",1,2025-05-10 21:15:43,0,NULL,NULL
3150,Total_Reboiler_Steam_flow_C_6620_KEV,inferred,NULL,real,"Total Reboiler Steam flow C 6620 KEV  ","Total_Reboiler_Steam_flow_C_6620_KEV  ",1,2025-05-10 21:15:43,0,NULL,NULL
3151,Chest_Pressure_E_6620_KEV,inferred,NULL,real,"Chest Pressure E 6620 KEV  ","Chest_Pressure_E_6620_KEV  ",1,2025-05-10 21:15:43,0,NULL,NULL
3152,Regenerator_C_2220_Bottom_Temp_KEV_Adjusted,inferred,NULL,real,"Regenerator C 2220 Bottom Temp KEV Adjusted  ","Regenerator_C_2220_Bottom_Temp_KEV_Adjusted  ",1,2025-05-10 21:15:43,0,NULL,NULL
3153,Total_Steam_To_Regenerator_EG1_KEV_Adjusted,inferred,NULL,real,"Total Steam To Regenerator EG1 KEV Adjusted  ","Total_Steam_To_Regenerator_EG1_KEV_Adjusted  ",1,2025-05-10 21:15:43,0,NULL,NULL
3154,Fractional_Conversion_Bicarbonate_C_2220_KEV_Adjusted,inferred,NULL,real,"Fractional Conversion Bicarbonate C 2220 KEV Adjusted  ","Fractional_Conversion_Bicarbonate_C_2220_KEV_Adjusted  ",1,2025-05-10 21:15:43,0,NULL,NULL
3155,Stripper_Column_C_2310_Top_Temp_KEV_Adjusted,inferred,NULL,real,"Stripper Column C 2310 Top Temp KEV Adjusted  ","Stripper_Column_C_2310_Top_Temp_KEV_Adjusted  ",1,2025-05-10 21:15:43,0,NULL,NULL
3156,Cycle_Water_Bleed_Eo_EG1_KEV_Adjusted,inferred,NULL,real,"Cycle Water Bleed Eo EG1 KEV Adjusted  ","Cycle_Water_Bleed_Eo_EG1_KEV_Adjusted  ",1,2025-05-10 21:15:43,0,NULL,NULL
3157,Total_Steam_To_Stripping_Column_EG1_KEV_Adjusted,inferred,NULL,real,"Total Steam To Stripping Column EG1 KEV Adjusted  ","Total_Steam_To_Stripping_Column_EG1_KEV_Adjusted  ",1,2025-05-10 21:15:43,0,NULL,NULL
3158,C2310_Bottom_Pressure_KEV_Adjusted,inferred,NULL,real,"C2310 Bottom Pressure KEV Adjusted  ","C2310_Bottom_Pressure_KEV_Adjusted  ",1,2025-05-10 21:15:43,0,NULL,NULL
3159,Glycol_Reactor_R_2520_Inlet_KEV_Adjusted,inferred,NULL,real,"Glycol Reactor R 2520 Inlet KEV Adjusted  ","Glycol_Reactor_R_2520_Inlet_KEV_Adjusted  ",1,2025-05-10 21:15:43,0,NULL,NULL
3160,Steam_Flow_E_2523_KEV_Adjusted,inferred,NULL,real,"Steam Flow E 2523 KEV Adjusted  ","Steam_Flow_E_2523_KEV_Adjusted  ",1,2025-05-10 21:15:43,0,NULL,NULL
3161,Reactor_Outlet_R_2520_Leg_Temp_Delta_KEV_Adjusted,inferred,NULL,real,"Reactor Outlet R 2520 Leg Temp Delta KEV Adjusted  ","Reactor_Outlet_R_2520_Leg_Temp_Delta_KEV_Adjusted  ",1,2025-05-10 21:15:43,0,NULL,NULL
3162,Recycle_Water_Tank_Meg_EG1_KEV_Adjusted,inferred,NULL,real,"Recycle Water Tank Meg EG1 KEV Adjusted  ","Recycle_Water_Tank_Meg_EG1_KEV_Adjusted  ",1,2025-05-10 21:15:43,0,NULL,NULL
3163,Treated_Water_To_1st_Effect_Evaporator_C_2531_KEV_Adjusted,inferred,NULL,real,"Treated Water To 1st Effect Evaporator C 2531 KEV Adjusted  ","Treated_Water_To_1st_Effect_Evaporator_C_2531_KEV_Adjusted  ",1,2025-05-10 21:15:43,0,NULL,NULL
3164,Treated_Water_To_2nd_Effect_Evaporator_C_2532_KEV_Adjusted,inferred,NULL,real,"Treated Water To 2nd Effect Evaporator C 2532 KEV Adjusted  ","Treated_Water_To_2nd_Effect_Evaporator_C_2532_KEV_Adjusted  ",1,2025-05-10 21:15:43,0,NULL,NULL
3165,Treated_Water_To_3rd_Effect_Evaporator_C_2533_KEV_Adjusted,inferred,NULL,real,"Treated Water To 3rd Effect Evaporator C 2533 KEV Adjusted  ","Treated_Water_To_3rd_Effect_Evaporator_C_2533_KEV_Adjusted  ",1,2025-05-10 21:15:43,0,NULL,NULL
3166,Treated_Water_To_4th_Effect_Evaporator_C_2534_KEV_Adjusted,inferred,NULL,real,"Treated Water To 4th Effect Evaporator C 2534 KEV Adjusted  ","Treated_Water_To_4th_Effect_Evaporator_C_2534_KEV_Adjusted  ",1,2025-05-10 21:15:43,0,NULL,NULL
3167,Treated_Water_To_5th_Effect_Evaporator_C_2535_KEV_Adjusted,inferred,NULL,real,"Treated Water To 5th Effect Evaporator C 2535 KEV Adjusted  ","Treated_Water_To_5th_Effect_Evaporator_C_2535_KEV_Adjusted  ",1,2025-05-10 21:15:43,0,NULL,NULL
3168,5th_Effect_Evaporator_C_2535_Overhead_Pressure_KEV_Adjusted,inferred,NULL,real,"5th Effect Evaporator C 2535 Overhead Pressure KEV Adjusted  ","5th_Effect_Evaporator_C_2535_Overhead_Pressure_KEV_Adjusted  ",1,2025-05-10 21:15:43,0,NULL,NULL
3169,Critical_Tray_Temperature_C_2620_KEV_Adjusted,inferred,NULL,real,"Critical Tray Temperature C 2620 KEV Adjusted  ","Critical_Tray_Temperature_C_2620_KEV_Adjusted  ",1,2025-05-10 21:15:43,0,NULL,NULL
3170,Total_Reboiler_Steam_flow_C_2620_KEV_Adjusted,inferred,NULL,real,"Total Reboiler Steam flow C 2620 KEV Adjusted  ","Total_Reboiler_Steam_flow_C_2620_KEV_Adjusted  ",1,2025-05-10 21:15:43,0,NULL,NULL
3171,Chest_Pressure_E_2620_KEV_Adjusted,inferred,NULL,real,"Chest Pressure E 2620 KEV Adjusted  ","Chest_Pressure_E_2620_KEV_Adjusted  ",1,2025-05-10 21:15:43,0,NULL,NULL
3172,Critical_Tray_Temperature_C_2610_KEV_Adjusted,inferred,NULL,real,"Critical Tray Temperature C 2610 KEV Adjusted  ","Critical_Tray_Temperature_C_2610_KEV_Adjusted  ",1,2025-05-10 21:15:43,0,NULL,NULL
3173,Reboiler_Steam_flow_E_2610_KEV_Adjusted,inferred,NULL,real,"Reboiler Steam flow E 2610 KEV Adjusted  ","Reboiler_Steam_flow_E_2610_KEV_Adjusted  ",1,2025-05-10 21:15:43,0,NULL,NULL
3174,Chest_Pressure_E_2610_KEV_Adjusted,inferred,NULL,real,Chest Pressure E 2610 KEV Adjusted,Chest_Pressure_E_2610_KEV_Adjusted,1,2025-05-10 21:15:43,0,NULL,NULL
3175,Regenerator_C_4220_Bottom_Temp_KEV_Adjusted,inferred,NULL,real,"Regenerator C 4220 Bottom Temp KEV Adjusted  ","Regenerator_C_4220_Bottom_Temp_KEV_Adjusted  ",1,2025-05-10 21:15:43,0,NULL,NULL
3176,Total_Steam_To_Regenerator_EG2_KEV_Adjusted,inferred,NULL,real,"Total Steam To Regenerator EG2 KEV Adjusted  ","Total_Steam_To_Regenerator_EG2_KEV_Adjusted  ",1,2025-05-10 21:15:43,0,NULL,NULL
3177,Fractional_Conversion_Bicarbonate_C_4220_KEV_Adjusted,inferred,NULL,real,"Fractional Conversion Bicarbonate C 4220 KEV Adjusted  ","Fractional_Conversion_Bicarbonate_C_4220_KEV_Adjusted  ",1,2025-05-10 21:15:43,0,NULL,NULL
3178,Stripper_Column_C_4310_Top_Temp_KEV_Adjusted,inferred,NULL,real,"Stripper Column C 4310 Top Temp KEV Adjusted  ","Stripper_Column_C_4310_Top_Temp_KEV_Adjusted  ",1,2025-05-10 21:15:43,0,NULL,NULL
3179,Cycle_Water_Bleed_Eo_EG2_KEV_Adjusted,inferred,NULL,real,"Cycle Water Bleed Eo EG2 KEV Adjusted  ","Cycle_Water_Bleed_Eo_EG2_KEV_Adjusted  ",1,2025-05-10 21:15:43,0,NULL,NULL
3180,Total_Steam_To_Stripping_Column_EG2_KEV_Adjusted,inferred,NULL,real,"Total Steam To Stripping Column EG2 KEV Adjusted  ","Total_Steam_To_Stripping_Column_EG2_KEV_Adjusted  ",1,2025-05-10 21:15:43,0,NULL,NULL
3181,C4310_Bottom_Pressure_KEV_Adjusted,inferred,NULL,real,"C4310 Bottom Pressure KEV Adjusted  ","C4310_Bottom_Pressure_KEV_Adjusted  ",1,2025-05-10 21:15:43,0,NULL,NULL
3182,Glycol_Reactor_R_4520_Inlet_KEV_Adjusted,inferred,NULL,real,"Glycol Reactor R 4520 Inlet KEV Adjusted  ","Glycol_Reactor_R_4520_Inlet_KEV_Adjusted  ",1,2025-05-10 21:15:43,0,NULL,NULL
3183,Steam_Flow_E_4523_KEV_Adjusted,inferred,NULL,real,"Steam Flow E 4523 KEV Adjusted  ","Steam_Flow_E_4523_KEV_Adjusted  ",1,2025-05-10 21:15:43,0,NULL,NULL
3184,Reactor_Outlet_R_4520_Leg_Temp_Delta_KEV_Adjusted,inferred,NULL,real,"Reactor Outlet R 4520 Leg Temp Delta KEV Adjusted  ","Reactor_Outlet_R_4520_Leg_Temp_Delta_KEV_Adjusted  ",1,2025-05-10 21:15:43,0,NULL,NULL
3185,Recycle_Water_Tank_Meg_EG2_KEV_Adjusted,inferred,NULL,real,"Recycle Water Tank Meg EG2 KEV Adjusted  ","Recycle_Water_Tank_Meg_EG2_KEV_Adjusted  ",1,2025-05-10 21:15:43,0,NULL,NULL
3186,Treated_Water_To_1st_Effect_Evaporator_C_4531_KEV_Adjusted,inferred,NULL,real,"Treated Water To 1st Effect Evaporator C 4531 KEV Adjusted  ","Treated_Water_To_1st_Effect_Evaporator_C_4531_KEV_Adjusted  ",1,2025-05-10 21:15:43,0,NULL,NULL
3187,Treated_Water_To_2nd_Effect_Evaporator_C_4532_KEV_Adjusted,inferred,NULL,real,"Treated Water To 2nd Effect Evaporator C 4532 KEV Adjusted  ","Treated_Water_To_2nd_Effect_Evaporator_C_4532_KEV_Adjusted  ",1,2025-05-10 21:15:43,0,NULL,NULL
3188,Treated_Water_To_3rd_Effect_Evaporator_C_4533_KEV_Adjusted,inferred,NULL,real,"Treated Water To 3rd Effect Evaporator C 4533 KEV Adjusted  ","Treated_Water_To_3rd_Effect_Evaporator_C_4533_KEV_Adjusted  ",1,2025-05-10 21:15:43,0,NULL,NULL
3189,Treated_Water_To_4th_Effect_Evaporator_C_4534_KEV_Adjusted,inferred,NULL,real,"Treated Water To 4th Effect Evaporator C 4534 KEV Adjusted  ","Treated_Water_To_4th_Effect_Evaporator_C_4534_KEV_Adjusted  ",1,2025-05-10 21:15:43,0,NULL,NULL
3190,Treated_Water_To_5th_Effect_Evaporator_C_4535_KEV_Adjusted,inferred,NULL,real,"Treated Water To 5th Effect Evaporator C 4535 KEV Adjusted  ","Treated_Water_To_5th_Effect_Evaporator_C_4535_KEV_Adjusted  ",1,2025-05-10 21:15:43,0,NULL,NULL
3191,5th_Effect_Evaporator_C_4535_Overhead_Pressure_KEV_Adjusted,inferred,NULL,real,"5th Effect Evaporator C 4535 Overhead Pressure KEV Adjusted  ","5th_Effect_Evaporator_C_4535_Overhead_Pressure_KEV_Adjusted  ",1,2025-05-10 21:15:43,0,NULL,NULL
3192,Critical_Tray_Temperature_C_4620_KEV_Adjusted,inferred,NULL,real,"Critical Tray Temperature C 4620 KEV Adjusted  ","Critical_Tray_Temperature_C_4620_KEV_Adjusted  ",1,2025-05-10 21:15:43,0,NULL,NULL
3193,Total_Reboiler_Steam_flow_C_4620_KEV_Adjusted,inferred,NULL,real,"Total Reboiler Steam flow C 4620 KEV Adjusted  ","Total_Reboiler_Steam_flow_C_4620_KEV_Adjusted  ",1,2025-05-10 21:15:43,0,NULL,NULL
3194,Chest_Pressure_E_4620_KEV_Adjusted,inferred,NULL,real,"Chest Pressure E 4620 KEV Adjusted  ","Chest_Pressure_E_4620_KEV_Adjusted  ",1,2025-05-10 21:15:43,0,NULL,NULL
3195,Critical_Tray_Temperature_C_4610_KEV_Adjusted,inferred,NULL,real,"Critical Tray Temperature C 4610 KEV Adjusted  ","Critical_Tray_Temperature_C_4610_KEV_Adjusted  ",1,2025-05-10 21:15:43,0,NULL,NULL
3196,Reboiler_Steam_flow_E_4610_KEV_Adjusted,inferred,NULL,real,"Reboiler Steam flow E 4610 KEV Adjusted  ","Reboiler_Steam_flow_E_4610_KEV_Adjusted  ",1,2025-05-10 21:15:43,0,NULL,NULL
3197,Chest_Pressure_E_4610_KEV_Adjusted,inferred,NULL,real,Chest Pressure E 4610 KEV Adjusted,Chest_Pressure_E_4610_KEV_Adjusted,1,2025-05-10 21:15:43,0,NULL,NULL
3198,Regenerator_C_6220_Bottom_Temp_KEV_Adjusted,inferred,NULL,real,"Regenerator C 6220 Bottom Temp KEV Adjusted  ","Regenerator_C_6220_Bottom_Temp_KEV_Adjusted  ",1,2025-05-10 21:15:43,0,NULL,NULL
3199,Total_Steam_To_Regenerator_EG3_KEV_Adjusted,inferred,NULL,real,"Total Steam To Regenerator EG3 KEV Adjusted  ","Total_Steam_To_Regenerator_EG3_KEV_Adjusted  ",1,2025-05-10 21:15:43,0,NULL,NULL
3200,Fractional_Conversion_Bicarbonate_C_6220_KEV_Adjusted,inferred,NULL,real,"Fractional Conversion Bicarbonate C 6220 KEV Adjusted  ","Fractional_Conversion_Bicarbonate_C_6220_KEV_Adjusted  ",1,2025-05-10 21:15:43,0,NULL,NULL
3201,Recycle_Water_Tank_Meg_EG3_KEV_Adjusted,inferred,NULL,real,"Recycle Water Tank Meg EG3 KEV Adjusted  ","Recycle_Water_Tank_Meg_EG3_KEV_Adjusted  ",1,2025-05-10 21:15:43,0,NULL,NULL
3202,Treated_Water_To_1st_Effect_Evaporator_C_6531_KEV_Adjusted,inferred,NULL,real,"Treated Water To 1st Effect Evaporator C 6531 KEV Adjusted  ","Treated_Water_To_1st_Effect_Evaporator_C_6531_KEV_Adjusted  ",1,2025-05-10 21:15:43,0,NULL,NULL
3203,Treated_Water_To_2nd_Effect_Evaporator_C_6532_KEV_Adjusted,inferred,NULL,real,"Treated Water To 2nd Effect Evaporator C 6532 KEV Adjusted  ","Treated_Water_To_2nd_Effect_Evaporator_C_6532_KEV_Adjusted  ",1,2025-05-10 21:15:43,0,NULL,NULL
3204,Treated_Water_To_3rd_Effect_Evaporator_C_6533_KEV_Adjusted,inferred,NULL,real,"Treated Water To 3rd Effect Evaporator C 6533 KEV Adjusted  ","Treated_Water_To_3rd_Effect_Evaporator_C_6533_KEV_Adjusted  ",1,2025-05-10 21:15:43,0,NULL,NULL
3205,Treated_Water_To_4th_Effect_Evaporator_C_6534_KEV_Adjusted,inferred,NULL,real,"Treated Water To 4th Effect Evaporator C 6534 KEV Adjusted  ","Treated_Water_To_4th_Effect_Evaporator_C_6534_KEV_Adjusted  ",1,2025-05-10 21:15:43,0,NULL,NULL
3206,Treated_Water_To_5th_Effect_Evaporator_C_6535_KEV_Adjusted,inferred,NULL,real,"Treated Water To 5th Effect Evaporator C 6535 KEV Adjusted  ","Treated_Water_To_5th_Effect_Evaporator_C_6535_KEV_Adjusted  ",1,2025-05-10 21:15:43,0,NULL,NULL
3207,Treated_Water_To_6th_Effect_Evaporator_C_6536_KEV_Adjusted,inferred,NULL,real,"Treated Water To 6th Effect Evaporator C 6536 KEV Adjusted  ","Treated_Water_To_6th_Effect_Evaporator_C_6536_KEV_Adjusted  ",1,2025-05-10 21:15:43,0,NULL,NULL
3208,Treated_Water_To_7th_Effect_Evaporator_C_6537_KEV_Adjusted,inferred,NULL,real,"Treated Water To 7th Effect Evaporator C 6537 KEV Adjusted  ","Treated_Water_To_7th_Effect_Evaporator_C_6537_KEV_Adjusted  ",1,2025-05-10 21:15:43,0,NULL,NULL
3209,7th_Effect_Evaporator_C_6537_Overhead_Pressure_KEV_Adjusted,inferred,NULL,real,"7th Effect Evaporator C 6537 Overhead Pressure KEV Adjusted  ","7th_Effect_Evaporator_C_6537_Overhead_Pressure_KEV_Adjusted  ",1,2025-05-10 21:15:43,0,NULL,NULL
3210,Critical_Tray_Temperature_C_6620_KEV_Adjusted,inferred,NULL,real,"Critical Tray Temperature C 6620 KEV Adjusted  ","Critical_Tray_Temperature_C_6620_KEV_Adjusted  ",1,2025-05-10 21:15:43,0,NULL,NULL
3211,Total_Reboiler_Steam_flow_C_6620_KEV_Adjusted,inferred,NULL,real,"Total Reboiler Steam flow C 6620 KEV Adjusted  ","Total_Reboiler_Steam_flow_C_6620_KEV_Adjusted  ",1,2025-05-10 21:15:43,0,NULL,NULL
3212,Chest_Pressure_E_6620_KEV_Adjusted,inferred,NULL,real,"Chest Pressure E 6620 KEV Adjusted  ","Chest_Pressure_E_6620_KEV_Adjusted  ",1,2025-05-10 21:15:43,0,NULL,NULL
3213,ECT_Eth_Total_energy,inferred,NULL,real,ECT Eth Total energy,ECT_Eth_Total_energy,1,2025-05-13 09:03:47,0,NULL,NULL
3214,ECT_EG1_Total_energy,inferred,NULL,real,ECT EG1 Total energy,ECT_EG1_Total_energy,1,2025-05-13 09:03:47,0,NULL,NULL
3215,ECT_EG2_Total_energy,inferred,NULL,real,ECT EG2 Total energy,ECT_EG2_Total_energy,1,2025-05-13 09:03:47,0,NULL,NULL
3216,ECT_EG3_Total_energy,inferred,NULL,real,ECT EG3 Total energy,ECT_EG3_Total_energy,1,2025-05-13 09:03:47,0,NULL,NULL
3217,ECT_LAO_Total_energy,inferred,NULL,real,ECT LAO Total energy,ECT_LAO_Total_energy,1,2025-05-13 09:03:47,0,NULL,NULL
3218,ECT_UO_Total_energy,inferred,NULL,real,ECT UO Total energy,ECT_UO_Total_energy,1,2025-05-13 09:03:47,0,NULL,NULL
3219,ECT_all_plants_Total_energy,inferred,NULL,real,ECT all plants Total energy,ECT_all_plants_Total_energy,1,2025-05-13 09:03:47,0,NULL,NULL
3220,ECT_Eth_SEU_energy,inferred,NULL,real,ECT Eth SEU energy,ECT_Eth_SEU_energy,1,2025-05-13 09:03:47,0,NULL,NULL
3221,ECT_EG1_SEU_energy,inferred,NULL,real,ECT EG1 SEU energy,ECT_EG1_SEU_energy,1,2025-05-13 09:03:47,0,NULL,NULL
3222,ECT_EG2_SEU_energy,inferred,NULL,real,ECT EG2 SEU energy,ECT_EG2_SEU_energy,1,2025-05-13 09:03:47,0,NULL,NULL
3223,ECT_EG3_SEU_energy,inferred,NULL,real,ECT EG3 SEU energy,ECT_EG3_SEU_energy,1,2025-05-13 09:03:47,0,NULL,NULL
3224,ECT_LAO_SEU_energy,inferred,NULL,real,ECT LAO SEU energy,ECT_LAO_SEU_energy,1,2025-05-13 09:03:47,0,NULL,NULL
3225,ECT_UO_SEU_energy,inferred,NULL,real,ECT UO SEU energy,ECT_UO_SEU_energy,1,2025-05-13 09:03:47,0,NULL,NULL
3226,ECT_all_plants_SEU_energy,inferred,NULL,real,ECT all plants SEU energy,ECT_all_plants_SEU_energy,1,2025-05-13 09:03:47,0,NULL,NULL
3227,ECT_Eth_Non_SEU_energy,inferred,NULL,real,ECT Eth Non SEU energy,ECT_Eth_Non_SEU_energy,1,2025-05-13 09:03:47,0,NULL,NULL
3228,ECT_EG1_Non_SEU_energy,inferred,NULL,real,ECT EG1 Non SEU energy,ECT_EG1_Non_SEU_energy,1,2025-05-13 09:03:47,0,NULL,NULL
3229,ECT_EG2_Non_SEU_energy,inferred,NULL,real,ECT EG2 Non SEU energy,ECT_EG2_Non_SEU_energy,1,2025-05-13 09:03:47,0,NULL,NULL
3230,ECT_EG3_Non_SEU_energy,inferred,NULL,real,ECT EG3 Non SEU energy,ECT_EG3_Non_SEU_energy,1,2025-05-13 09:03:47,0,NULL,NULL
3231,ECT_LAO_Non_SEU_energy,inferred,NULL,real,ECT LAO Non SEU energy,ECT_LAO_Non_SEU_energy,1,2025-05-13 09:03:47,0,NULL,NULL
3232,ECT_UO_Non_SEU_energy,inferred,NULL,real,ECT UO Non SEU energy,ECT_UO_Non_SEU_energy,1,2025-05-13 09:03:47,0,NULL,NULL
3233,ECT_all_plants_non_SEU_energy,inferred,NULL,real,ECT all plants non SEU energy,ECT_all_plants_non_SEU_energy,1,2025-05-13 09:03:47,0,NULL,NULL
3234,ECT_Eth_SEU_percent_energy,inferred,NULL,real,ECT Eth SEU percent energy,ECT_Eth_SEU_percent_energy,1,2025-05-13 09:03:47,0,NULL,NULL
3235,ECT_EG1_SEU_percent_energy,inferred,NULL,real,ECT EG1 SEU percent energy,ECT_EG1_SEU_percent_energy,1,2025-05-13 09:03:47,0,NULL,NULL
3236,ECT_EG2_SEU_percent_energy,inferred,NULL,real,ECT EG2 SEU percent energy,ECT_EG2_SEU_percent_energy,1,2025-05-13 09:03:47,0,NULL,NULL
3237,ECT_EG3_SEU_percent_energy,inferred,NULL,real,ECT EG3 SEU percent energy,ECT_EG3_SEU_percent_energy,1,2025-05-13 09:03:47,0,NULL,NULL
3238,ECT_LAO_SEU_percent_energy,inferred,NULL,real,ECT LAO SEU percent energy,ECT_LAO_SEU_percent_energy,1,2025-05-13 09:03:47,0,NULL,NULL
3239,ECT_UO_SEU_percent_energy,inferred,NULL,real,ECT UO SEU percent energy,ECT_UO_SEU_percent_energy,1,2025-05-13 09:03:47,0,NULL,NULL
3240,ECT_all_SEU_percent_energy,inferred,NULL,real,ECT all SEU percent energy,ECT_all_SEU_percent_energy,1,2025-05-13 09:03:47,0,NULL,NULL
3241,ECT_Eth_SEU_energy_reduction,inferred,NULL,real,ECT Eth SEU energy reduction,ECT_Eth_SEU_energy_reduction,1,2025-05-13 09:03:47,0,NULL,NULL
3242,ECT_EG1_SEU_energy_reduction,inferred,NULL,real,ECT EG1 SEU energy reduction,ECT_EG1_SEU_energy_reduction,1,2025-05-13 09:03:47,0,NULL,NULL
3243,ECT_EG2_SEU_energy_reduction,inferred,NULL,real,ECT EG2 SEU energy reduction,ECT_EG2_SEU_energy_reduction,1,2025-05-13 09:03:47,0,NULL,NULL
3244,ECT_EG3_SEU_energy_reduction,inferred,NULL,real,ECT EG3 SEU energy reduction,ECT_EG3_SEU_energy_reduction,1,2025-05-13 09:03:47,0,NULL,NULL
3245,ECT_LAO_SEU_energy_reduction,inferred,NULL,real,ECT LAO SEU energy reduction,ECT_LAO_SEU_energy_reduction,1,2025-05-13 09:03:47,0,NULL,NULL
3246,ECT_UO_SEU_energy_reduction,inferred,NULL,real,ECT UO SEU energy reduction,ECT_UO_SEU_energy_reduction,1,2025-05-13 09:03:47,0,NULL,NULL
3247,ECT_all_SEU_energy_reduction,inferred,NULL,real,ECT all SEU energy reduction,ECT_all_SEU_energy_reduction,1,2025-05-13 09:03:48,0,NULL,NULL
3248,ECT_Eth_Total_energy_reduction,inferred,NULL,real,ECT Eth Total energy reduction,ECT_Eth_Total_energy_reduction,1,2025-05-13 09:03:48,0,NULL,NULL
3249,ECT_EG1_Total_energy_reduction,inferred,NULL,real,ECT EG1 Total energy reduction,ECT_EG1_Total_energy_reduction,1,2025-05-13 09:03:48,0,NULL,NULL
3250,ECT_EG2_Total_energy_reduction,inferred,NULL,real,ECT EG2 Total energy reduction,ECT_EG2_Total_energy_reduction,1,2025-05-13 09:03:48,0,NULL,NULL
3251,ECT_EG3_Total_energy_reduction,inferred,NULL,real,ECT EG3 Total energy reduction,ECT_EG3_Total_energy_reduction,1,2025-05-13 09:03:48,0,NULL,NULL
3252,ECT_LAO_Total_energy_reduction,inferred,NULL,real,ECT LAO Total energy reduction,ECT_LAO_Total_energy_reduction,1,2025-05-13 09:03:48,0,NULL,NULL
3253,ECT_UO_Total_energy_reduction,inferred,NULL,real,ECT UO Total energy reduction,ECT_UO_Total_energy_reduction,1,2025-05-13 09:03:48,0,NULL,NULL
3254,ECT_all_Total_energy_reduction,inferred,NULL,real,ECT all Total energy reduction,ECT_all_Total_energy_reduction,1,2025-05-13 09:03:48,0,NULL,NULL
3255,ECT_Eth_Total_energy_reduction_perc,inferred,NULL,real,ECT Eth Total energy reduction perc,ECT_Eth_Total_energy_reduction_perc,1,2025-05-13 09:03:48,0,NULL,NULL
3256,ECT_EG1_Total_energy_reduction_perc,inferred,NULL,real,ECT EG1 Total energy reduction perc,ECT_EG1_Total_energy_reduction_perc,1,2025-05-13 09:03:48,0,NULL,NULL
3257,ECT_EG2_Total_energy_reduction_perc,inferred,NULL,real,ECT EG2 Total energy reduction perc,ECT_EG2_Total_energy_reduction_perc,1,2025-05-13 09:03:48,0,NULL,NULL
3258,ECT_EG3_Total_energy_reduction_perc,inferred,NULL,real,ECT EG3 Total energy reduction perc,ECT_EG3_Total_energy_reduction_perc,1,2025-05-13 09:03:48,0,NULL,NULL
3259,ECT_LAO_Total_energy_reduction_perc,inferred,NULL,real,ECT LAO Total energy reduction perc,ECT_LAO_Total_energy_reduction_perc,1,2025-05-13 09:03:48,0,NULL,NULL
3260,ECT_UO_Total_energy_reduction_perc,inferred,NULL,real,ECT UO Total energy reduction perc,ECT_UO_Total_energy_reduction_perc,1,2025-05-13 09:03:48,0,NULL,NULL
3261,ECT_all_Total_energy_reduction_perc,inferred,NULL,real,ECT all Total energy reduction perc,ECT_all_Total_energy_reduction_perc,1,2025-05-13 09:03:48,0,NULL,NULL
3262,ECT_elect_Eth_Total_energy,inferred,NULL,real,ECT elect Eth Total energy,ECT_elect_Eth_Total_energy,1,2025-05-13 09:03:48,0,NULL,NULL
3263,ECT_elect_EG1_Total_energy,inferred,NULL,real,ECT elect EG1 Total energy,ECT_elect_EG1_Total_energy,1,2025-05-13 09:03:48,0,NULL,NULL
3264,ECT_elect_EG2_Total_energy,inferred,NULL,real,ECT elect EG2 Total energy,ECT_elect_EG2_Total_energy,1,2025-05-13 09:03:48,0,NULL,NULL
3265,ECT_elect_EG3_Total_energy,inferred,NULL,real,ECT elect EG3 Total energy,ECT_elect_EG3_Total_energy,1,2025-05-13 09:03:48,0,NULL,NULL
3266,ECT_elect_LAO_Total_energy,inferred,NULL,real,ECT elect LAO Total energy,ECT_elect_LAO_Total_energy,1,2025-05-13 09:03:48,0,NULL,NULL
3267,ECT_elect_UO_Total_energy,inferred,NULL,real,ECT elect UO Total energy,ECT_elect_UO_Total_energy,1,2025-05-13 09:03:48,0,NULL,NULL
3268,ECT_elect_all_plants_Total_energy,inferred,NULL,real,ECT elect all plants Total energy,ECT_elect_all_plants_Total_energy,1,2025-05-13 09:03:48,0,NULL,NULL
3269,ECT_elect_Eth_SEU_energy,inferred,NULL,real,ECT elect Eth SEU energy,ECT_elect_Eth_SEU_energy,1,2025-05-13 09:03:48,0,NULL,NULL
3270,ECT_elect_EG1_SEU_energy,inferred,NULL,real,ECT elect EG1 SEU energy,ECT_elect_EG1_SEU_energy,1,2025-05-13 09:03:48,0,NULL,NULL
3271,ECT_elect_EG2_SEU_energy,inferred,NULL,real,ECT elect EG2 SEU energy,ECT_elect_EG2_SEU_energy,1,2025-05-13 09:03:48,0,NULL,NULL
3272,ECT_elect_EG3_SEU_energy,inferred,NULL,real,ECT elect EG3 SEU energy,ECT_elect_EG3_SEU_energy,1,2025-05-13 09:03:48,0,NULL,NULL
3273,ECT_elect_LAO_SEU_energy,inferred,NULL,real,ECT elect LAO SEU energy,ECT_elect_LAO_SEU_energy,1,2025-05-13 09:03:48,0,NULL,NULL
3274,ECT_elect_UO_SEU_energy,inferred,NULL,real,ECT elect UO SEU energy,ECT_elect_UO_SEU_energy,1,2025-05-13 09:03:48,0,NULL,NULL
3275,ECT_elect_all_plants_SEU_energy,inferred,NULL,real,ECT elect all plants SEU energy,ECT_elect_all_plants_SEU_energy,1,2025-05-13 09:03:48,0,NULL,NULL
3276,ECT_elect_Eth_Non_SEU_energy,inferred,NULL,real,ECT elect Eth Non SEU energy,ECT_elect_Eth_Non_SEU_energy,1,2025-05-13 09:03:48,0,NULL,NULL
3277,ECT_elect_EG1_Non_SEU_energy,inferred,NULL,real,ECT elect EG1 Non SEU energy,ECT_elect_EG1_Non_SEU_energy,1,2025-05-13 09:03:48,0,NULL,NULL
3278,ECT_elect_EG2_Non_SEU_energy,inferred,NULL,real,ECT elect EG2 Non SEU energy,ECT_elect_EG2_Non_SEU_energy,1,2025-05-13 09:03:48,0,NULL,NULL
3279,ECT_elect_EG3_Non_SEU_energy,inferred,NULL,real,ECT elect EG3 Non SEU energy,ECT_elect_EG3_Non_SEU_energy,1,2025-05-13 09:03:48,0,NULL,NULL
3280,ECT_elect_LAO_Non_SEU_energy,inferred,NULL,real,ECT elect LAO Non SEU energy,ECT_elect_LAO_Non_SEU_energy,1,2025-05-13 09:03:48,0,NULL,NULL
3281,ECT_elect_UO_Non_SEU_energy,inferred,NULL,real,ECT elect UO Non SEU energy,ECT_elect_UO_Non_SEU_energy,1,2025-05-13 09:03:48,0,NULL,NULL
3282,ECT_elect_all_plants_non_SEU_energy,inferred,NULL,real,ECT elect all plants non SEU energy,ECT_elect_all_plants_non_SEU_energy,1,2025-05-13 09:03:48,0,NULL,NULL
3283,ECT_elect_Eth_SEU_percent_energy,inferred,NULL,real,ECT elect Eth SEU percent energy,ECT_elect_Eth_SEU_percent_energy,1,2025-05-13 09:03:48,0,NULL,NULL
3284,ECT_elect_EG1_SEU_percent_energy,inferred,NULL,real,ECT elect EG1 SEU percent energy,ECT_elect_EG1_SEU_percent_energy,1,2025-05-13 09:03:48,0,NULL,NULL
3285,ECT_elect_EG2_SEU_percent_energy,inferred,NULL,real,ECT elect EG2 SEU percent energy,ECT_elect_EG2_SEU_percent_energy,1,2025-05-13 09:03:48,0,NULL,NULL
3286,ECT_elect_EG3_SEU_percent_energy,inferred,NULL,real,ECT elect EG3 SEU percent energy,ECT_elect_EG3_SEU_percent_energy,1,2025-05-13 09:03:48,0,NULL,NULL
3287,ECT_elect_LAO_SEU_percent_energy,inferred,NULL,real,ECT elect LAO SEU percent energy,ECT_elect_LAO_SEU_percent_energy,1,2025-05-13 09:03:48,0,NULL,NULL
3288,ECT_elect_UO_SEU_percent_energy,inferred,NULL,real,ECT elect UO SEU percent energy,ECT_elect_UO_SEU_percent_energy,1,2025-05-13 09:03:48,0,NULL,NULL
3289,ECT_elect_Eth_SEU_energy_reduction,inferred,NULL,real,ECT elect Eth SEU energy reduction,ECT_elect_Eth_SEU_energy_reduction,1,2025-05-13 09:03:48,0,NULL,NULL
3290,ECT_elect_EG1_SEU_energy_reduction,inferred,NULL,real,ECT elect EG1 SEU energy reduction,ECT_elect_EG1_SEU_energy_reduction,1,2025-05-13 09:03:48,0,NULL,NULL
3291,ECT_elect_EG2_SEU_energy_reduction,inferred,NULL,real,ECT elect EG2 SEU energy reduction,ECT_elect_EG2_SEU_energy_reduction,1,2025-05-13 09:03:48,0,NULL,NULL
3292,ECT_elect_EG3_SEU_energy_reduction,inferred,NULL,real,ECT elect EG3 SEU energy reduction,ECT_elect_EG3_SEU_energy_reduction,1,2025-05-13 09:03:48,0,NULL,NULL
3293,ECT_elect_LAO_SEU_energy_reduction,inferred,NULL,real,ECT elect LAO SEU energy reduction,ECT_elect_LAO_SEU_energy_reduction,1,2025-05-13 09:03:48,0,NULL,NULL
3294,ECT_elect_UO_SEU_energy_reduction,inferred,NULL,real,ECT elect UO SEU energy reduction,ECT_elect_UO_SEU_energy_reduction,1,2025-05-13 09:03:48,0,NULL,NULL
3295,ECT_elect_Eth_Total_energy_reduction,inferred,NULL,real,ECT elect Eth Total energy reduction,ECT_elect_Eth_Total_energy_reduction,1,2025-05-13 09:03:48,0,NULL,NULL
3296,ECT_elect_EG1_Total_energy_reduction,inferred,NULL,real,ECT elect EG1 Total energy reduction,ECT_elect_EG1_Total_energy_reduction,1,2025-05-13 09:03:48,0,NULL,NULL
3297,ECT_elect_EG2_Total_energy_reduction,inferred,NULL,real,ECT elect EG2 Total energy reduction,ECT_elect_EG2_Total_energy_reduction,1,2025-05-13 09:03:48,0,NULL,NULL
3298,ECT_elect_EG3_Total_energy_reduction,inferred,NULL,real,ECT elect EG3 Total energy reduction,ECT_elect_EG3_Total_energy_reduction,1,2025-05-13 09:03:48,0,NULL,NULL
3299,ECT_elect_LAO_Total_energy_reduction,inferred,NULL,real,ECT elect LAO Total energy reduction,ECT_elect_LAO_Total_energy_reduction,1,2025-05-13 09:03:48,0,NULL,NULL
3300,ECT_elect_UO_Total_energy_reduction,inferred,NULL,real,ECT elect UO Total energy reduction,ECT_elect_UO_Total_energy_reduction,1,2025-05-13 09:03:48,0,NULL,NULL
3301,ECT_elect_Eth_Total_energy_reduction_perc,inferred,NULL,real,ECT elect Eth Total energy reduction perc,ECT_elect_Eth_Total_energy_reduction_perc,1,2025-05-13 09:03:48,0,NULL,NULL
3302,ECT_elect_EG1_Total_energy_reduction_perc,inferred,NULL,real,ECT elect EG1 Total energy reduction perc,ECT_elect_EG1_Total_energy_reduction_perc,1,2025-05-13 09:03:48,0,NULL,NULL
3303,ECT_elect_EG2_Total_energy_reduction_perc,inferred,NULL,real,ECT elect EG2 Total energy reduction perc,ECT_elect_EG2_Total_energy_reduction_perc,1,2025-05-13 09:03:48,0,NULL,NULL
3304,ECT_elect_EG3_Total_energy_reduction_perc,inferred,NULL,real,ECT elect EG3 Total energy reduction perc,ECT_elect_EG3_Total_energy_reduction_perc,1,2025-05-13 09:03:48,0,NULL,NULL
3305,ECT_elect_LAO_Total_energy_reduction_perc,inferred,NULL,real,ECT elect LAO Total energy reduction perc,ECT_elect_LAO_Total_energy_reduction_perc,1,2025-05-13 09:03:48,0,NULL,NULL
3306,ECT_elect_UO_Total_energy_reduction_perc,inferred,NULL,real,ECT elect UO Total energy reduction perc,ECT_elect_UO_Total_energy_reduction_perc,1,2025-05-13 09:03:48,0,NULL,NULL
3307,ECT_fuel_Eth_Total_energy,inferred,NULL,real,ECT fuel Eth Total energy,ECT_fuel_Eth_Total_energy,1,2025-05-13 09:03:48,0,NULL,NULL
3308,ECT_fuel_EG1_Total_energy,inferred,NULL,real,ECT fuel EG1 Total energy,ECT_fuel_EG1_Total_energy,1,2025-05-13 09:03:48,0,NULL,NULL
3309,ECT_fuel_EG2_Total_energy,inferred,NULL,real,ECT fuel EG2 Total energy,ECT_fuel_EG2_Total_energy,1,2025-05-13 09:03:48,0,NULL,NULL
3310,ECT_fuel_EG3_Total_energy,inferred,NULL,real,ECT fuel EG3 Total energy,ECT_fuel_EG3_Total_energy,1,2025-05-13 09:03:48,0,NULL,NULL
3311,ECT_fuel_LAO_Total_energy,inferred,NULL,real,ECT fuel LAO Total energy,ECT_fuel_LAO_Total_energy,1,2025-05-13 09:03:48,0,NULL,NULL
3312,ECT_fuel_UO_Total_energy,inferred,NULL,real,ECT fuel UO Total energy,ECT_fuel_UO_Total_energy,1,2025-05-13 09:03:48,0,NULL,NULL
3313,ECT_fuel_all_plants_Total_energy,inferred,NULL,real,ECT fuel all plants Total energy,ECT_fuel_all_plants_Total_energy,1,2025-05-13 09:03:48,0,NULL,NULL
3314,ECT_fuel_Eth_SEU_energy,inferred,NULL,real,ECT fuel Eth SEU energy,ECT_fuel_Eth_SEU_energy,1,2025-05-13 09:03:48,0,NULL,NULL
3315,ECT_fuel_EG1_SEU_energy,inferred,NULL,real,ECT fuel EG1 SEU energy,ECT_fuel_EG1_SEU_energy,1,2025-05-13 09:03:48,0,NULL,NULL
3316,ECT_fuel_EG2_SEU_energy,inferred,NULL,real,ECT fuel EG2 SEU energy,ECT_fuel_EG2_SEU_energy,1,2025-05-13 09:03:48,0,NULL,NULL
3317,ECT_fuel_EG3_SEU_energy,inferred,NULL,real,ECT fuel EG3 SEU energy,ECT_fuel_EG3_SEU_energy,1,2025-05-13 09:03:48,0,NULL,NULL
3318,ECT_fuel_LAO_SEU_energy,inferred,NULL,real,ECT fuel LAO SEU energy,ECT_fuel_LAO_SEU_energy,1,2025-05-13 09:03:48,0,NULL,NULL
3319,ECT_fuel_UO_SEU_energy,inferred,NULL,real,ECT fuel UO SEU energy,ECT_fuel_UO_SEU_energy,1,2025-05-13 09:03:48,0,NULL,NULL
3320,ECT_fuel_all_plants_SEU_energy,inferred,NULL,real,ECT fuel all plants SEU energy,ECT_fuel_all_plants_SEU_energy,1,2025-05-13 09:03:48,0,NULL,NULL
3321,ECT_fuel_Eth_Non_SEU_energy,inferred,NULL,real,ECT fuel Eth Non SEU energy,ECT_fuel_Eth_Non_SEU_energy,1,2025-05-13 09:03:48,0,NULL,NULL
3322,ECT_fuel_EG1_Non_SEU_energy,inferred,NULL,real,ECT fuel EG1 Non SEU energy,ECT_fuel_EG1_Non_SEU_energy,1,2025-05-13 09:03:48,0,NULL,NULL
3323,ECT_fuel_EG2_Non_SEU_energy,inferred,NULL,real,ECT fuel EG2 Non SEU energy,ECT_fuel_EG2_Non_SEU_energy,1,2025-05-13 09:03:48,0,NULL,NULL
3324,ECT_fuel_EG3_Non_SEU_energy,inferred,NULL,real,ECT fuel EG3 Non SEU energy,ECT_fuel_EG3_Non_SEU_energy,1,2025-05-13 09:03:48,0,NULL,NULL
3325,ECT_fuel_LAO_Non_SEU_energy,inferred,NULL,real,ECT fuel LAO Non SEU energy,ECT_fuel_LAO_Non_SEU_energy,1,2025-05-13 09:03:48,0,NULL,NULL
3326,ECT_fuel_UO_Non_SEU_energy,inferred,NULL,real,ECT fuel UO Non SEU energy,ECT_fuel_UO_Non_SEU_energy,1,2025-05-13 09:03:48,0,NULL,NULL
3327,ECT_fuel_all_plants_non_SEU_energy,inferred,NULL,real,ECT fuel all plants non SEU energy,ECT_fuel_all_plants_non_SEU_energy,1,2025-05-13 09:03:48,0,NULL,NULL
3328,ECT_fuel_Eth_SEU_percent_energy,inferred,NULL,real,ECT fuel Eth SEU percent energy,ECT_fuel_Eth_SEU_percent_energy,1,2025-05-13 09:03:48,0,NULL,NULL
3329,ECT_fuel_EG1_SEU_percent_energy,inferred,NULL,real,ECT fuel EG1 SEU percent energy,ECT_fuel_EG1_SEU_percent_energy,1,2025-05-13 09:03:48,0,NULL,NULL
3330,ECT_fuel_EG2_SEU_percent_energy,inferred,NULL,real,ECT fuel EG2 SEU percent energy,ECT_fuel_EG2_SEU_percent_energy,1,2025-05-13 09:03:48,0,NULL,NULL
3331,ECT_fuel_EG3_SEU_percent_energy,inferred,NULL,real,ECT fuel EG3 SEU percent energy,ECT_fuel_EG3_SEU_percent_energy,1,2025-05-13 09:03:48,0,NULL,NULL
3332,ECT_fuel_LAO_SEU_percent_energy,inferred,NULL,real,ECT fuel LAO SEU percent energy,ECT_fuel_LAO_SEU_percent_energy,1,2025-05-13 09:03:48,0,NULL,NULL
3333,ECT_fuel_UO_SEU_percent_energy,inferred,NULL,real,ECT fuel UO SEU percent energy,ECT_fuel_UO_SEU_percent_energy,1,2025-05-13 09:03:48,0,NULL,NULL
3334,ECT_fuel_Eth_SEU_energy_reduction,inferred,NULL,real,ECT fuel Eth SEU energy reduction,ECT_fuel_Eth_SEU_energy_reduction,1,2025-05-13 09:03:48,0,NULL,NULL
3335,ECT_fuel_EG1_SEU_energy_reduction,inferred,NULL,real,ECT fuel EG1 SEU energy reduction,ECT_fuel_EG1_SEU_energy_reduction,1,2025-05-13 09:03:48,0,NULL,NULL
3336,ECT_fuel_EG2_SEU_energy_reduction,inferred,NULL,real,ECT fuel EG2 SEU energy reduction,ECT_fuel_EG2_SEU_energy_reduction,1,2025-05-13 09:03:48,0,NULL,NULL
3337,ECT_fuel_EG3_SEU_energy_reduction,inferred,NULL,real,ECT fuel EG3 SEU energy reduction,ECT_fuel_EG3_SEU_energy_reduction,1,2025-05-13 09:03:48,0,NULL,NULL
3338,ECT_fuel_LAO_SEU_energy_reduction,inferred,NULL,real,ECT fuel LAO SEU energy reduction,ECT_fuel_LAO_SEU_energy_reduction,1,2025-05-13 09:03:48,0,NULL,NULL
3339,ECT_fuel_UO_SEU_energy_reduction,inferred,NULL,real,ECT fuel UO SEU energy reduction,ECT_fuel_UO_SEU_energy_reduction,1,2025-05-13 09:03:48,0,NULL,NULL
3340,ECT_fuel_Eth_Total_energy_reduction,inferred,NULL,real,ECT fuel Eth Total energy reduction,ECT_fuel_Eth_Total_energy_reduction,1,2025-05-13 09:03:48,0,NULL,NULL
3341,ECT_fuel_EG1_Total_energy_reduction,inferred,NULL,real,ECT fuel EG1 Total energy reduction,ECT_fuel_EG1_Total_energy_reduction,1,2025-05-13 09:03:48,0,NULL,NULL
3342,ECT_fuel_EG2_Total_energy_reduction,inferred,NULL,real,ECT fuel EG2 Total energy reduction,ECT_fuel_EG2_Total_energy_reduction,1,2025-05-13 09:03:49,0,NULL,NULL
3343,ECT_fuel_EG3_Total_energy_reduction,inferred,NULL,real,ECT fuel EG3 Total energy reduction,ECT_fuel_EG3_Total_energy_reduction,1,2025-05-13 09:03:49,0,NULL,NULL
3344,ECT_fuel_LAO_Total_energy_reduction,inferred,NULL,real,ECT fuel LAO Total energy reduction,ECT_fuel_LAO_Total_energy_reduction,1,2025-05-13 09:03:49,0,NULL,NULL
3345,ECT_fuel_UO_Total_energy_reduction,inferred,NULL,real,ECT fuel UO Total energy reduction,ECT_fuel_UO_Total_energy_reduction,1,2025-05-13 09:03:49,0,NULL,NULL
3346,ECT_fuel_Eth_Total_energy_reduction_perc,inferred,NULL,real,ECT fuel Eth Total energy reduction perc,ECT_fuel_Eth_Total_energy_reduction_perc,1,2025-05-13 09:03:49,0,NULL,NULL
3347,ECT_fuel_EG1_Total_energy_reduction_perc,inferred,NULL,real,ECT fuel EG1 Total energy reduction perc,ECT_fuel_EG1_Total_energy_reduction_perc,1,2025-05-13 09:03:49,0,NULL,NULL
3348,ECT_fuel_EG2_Total_energy_reduction_perc,inferred,NULL,real,ECT fuel EG2 Total energy reduction perc,ECT_fuel_EG2_Total_energy_reduction_perc,1,2025-05-13 09:03:49,0,NULL,NULL
3349,ECT_fuel_EG3_Total_energy_reduction_perc,inferred,NULL,real,ECT fuel EG3 Total energy reduction perc,ECT_fuel_EG3_Total_energy_reduction_perc,1,2025-05-13 09:03:49,0,NULL,NULL
3350,ECT_fuel_LAO_Total_energy_reduction_perc,inferred,NULL,real,ECT fuel LAO Total energy reduction perc,ECT_fuel_LAO_Total_energy_reduction_perc,1,2025-05-13 09:03:49,0,NULL,NULL
3351,ECT_fuel_UO_Total_energy_reduction_perc,inferred,NULL,real,ECT fuel UO Total energy reduction perc,ECT_fuel_UO_Total_energy_reduction_perc,1,2025-05-13 09:03:49,0,NULL,NULL
3352,ECT_LP_Steam_Eth_Total_energy,inferred,NULL,real,ECT LP Steam Eth Total energy,ECT_LP_Steam_Eth_Total_energy,1,2025-05-13 09:03:49,0,NULL,NULL
3353,ECT_LP_Steam_EG1_Total_energy,inferred,NULL,real,ECT LP Steam EG1 Total energy,ECT_LP_Steam_EG1_Total_energy,1,2025-05-13 09:03:49,0,NULL,NULL
3354,ECT_LP_Steam_EG2_Total_energy,inferred,NULL,real,ECT LP Steam EG2 Total energy,ECT_LP_Steam_EG2_Total_energy,1,2025-05-13 09:03:49,0,NULL,NULL
3355,ECT_LP_Steam_EG3_Total_energy,inferred,NULL,real,ECT LP Steam EG3 Total energy,ECT_LP_Steam_EG3_Total_energy,1,2025-05-13 09:03:49,0,NULL,NULL
3356,ECT_LP_Steam_LAO_Total_energy,inferred,NULL,real,ECT LP Steam LAO Total energy,ECT_LP_Steam_LAO_Total_energy,1,2025-05-13 09:03:49,0,NULL,NULL
3357,ECT_LP_Steam_UO_Total_energy,inferred,NULL,real,ECT LP Steam UO Total energy,ECT_LP_Steam_UO_Total_energy,1,2025-05-13 09:03:49,0,NULL,NULL
3358,ECT_LP_Steam_all_plants_Total_energy,inferred,NULL,real,ECT LP Steam all plants Total energy,ECT_LP_Steam_all_plants_Total_energy,1,2025-05-13 09:03:49,0,NULL,NULL
3359,ECT_LP_Steam_Eth_SEU_energy,inferred,NULL,real,ECT LP Steam Eth SEU energy,ECT_LP_Steam_Eth_SEU_energy,1,2025-05-13 09:03:49,0,NULL,NULL
3360,ECT_LP_Steam_EG1_SEU_energy,inferred,NULL,real,ECT LP Steam EG1 SEU energy,ECT_LP_Steam_EG1_SEU_energy,1,2025-05-13 09:03:49,0,NULL,NULL
3361,ECT_LP_Steam_EG2_SEU_energy,inferred,NULL,real,ECT LP Steam EG2 SEU energy,ECT_LP_Steam_EG2_SEU_energy,1,2025-05-13 09:03:49,0,NULL,NULL
3362,ECT_LP_Steam_EG3_SEU_energy,inferred,NULL,real,ECT LP Steam EG3 SEU energy,ECT_LP_Steam_EG3_SEU_energy,1,2025-05-13 09:03:49,0,NULL,NULL
3363,ECT_LP_Steam_LAO_SEU_energy,inferred,NULL,real,ECT LP Steam LAO SEU energy,ECT_LP_Steam_LAO_SEU_energy,1,2025-05-13 09:03:49,0,NULL,NULL
3364,ECT_LP_Steam_UO_SEU_energy,inferred,NULL,real,ECT LP Steam UO SEU energy,ECT_LP_Steam_UO_SEU_energy,1,2025-05-13 09:03:49,0,NULL,NULL
3365,ECT_LP_Steam_all_plants_SEU_energy,inferred,NULL,real,ECT LP Steam all plants SEU energy,ECT_LP_Steam_all_plants_SEU_energy,1,2025-05-13 09:03:49,0,NULL,NULL
3366,ECT_LP_Steam_Eth_Non_SEU_energy,inferred,NULL,real,ECT LP Steam Eth Non SEU energy,ECT_LP_Steam_Eth_Non_SEU_energy,1,2025-05-13 09:03:49,0,NULL,NULL
3367,ECT_LP_Steam_EG1_Non_SEU_energy,inferred,NULL,real,ECT LP Steam EG1 Non SEU energy,ECT_LP_Steam_EG1_Non_SEU_energy,1,2025-05-13 09:03:49,0,NULL,NULL
3368,ECT_LP_Steam_EG2_Non_SEU_energy,inferred,NULL,real,ECT LP Steam EG2 Non SEU energy,ECT_LP_Steam_EG2_Non_SEU_energy,1,2025-05-13 09:03:49,0,NULL,NULL
3369,ECT_LP_Steam_EG3_Non_SEU_energy,inferred,NULL,real,ECT LP Steam EG3 Non SEU energy,ECT_LP_Steam_EG3_Non_SEU_energy,1,2025-05-13 09:03:49,0,NULL,NULL
3370,ECT_LP_Steam_LAO_Non_SEU_energy,inferred,NULL,real,ECT LP Steam LAO Non SEU energy,ECT_LP_Steam_LAO_Non_SEU_energy,1,2025-05-13 09:03:49,0,NULL,NULL
3371,ECT_LP_Steam_UO_Non_SEU_energy,inferred,NULL,real,ECT LP Steam UO Non SEU energy,ECT_LP_Steam_UO_Non_SEU_energy,1,2025-05-13 09:03:49,0,NULL,NULL
3372,ECT_LP_Steam_all_plants_non_SEU_energy,inferred,NULL,real,ECT LP Steam all plants non SEU energy,ECT_LP_Steam_all_plants_non_SEU_energy,1,2025-05-13 09:03:49,0,NULL,NULL
3373,ECT_LP_Steam_Eth_SEU_percent_energy,inferred,NULL,real,ECT LP Steam Eth SEU percent energy,ECT_LP_Steam_Eth_SEU_percent_energy,1,2025-05-13 09:03:49,0,NULL,NULL
3374,ECT_LP_Steam_EG1_SEU_percent_energy,inferred,NULL,real,ECT LP Steam EG1 SEU percent energy,ECT_LP_Steam_EG1_SEU_percent_energy,1,2025-05-13 09:03:49,0,NULL,NULL
3375,ECT_LP_Steam_EG2_SEU_percent_energy,inferred,NULL,real,ECT LP Steam EG2 SEU percent energy,ECT_LP_Steam_EG2_SEU_percent_energy,1,2025-05-13 09:03:49,0,NULL,NULL
3376,ECT_LP_Steam_EG3_SEU_percent_energy,inferred,NULL,real,ECT LP Steam EG3 SEU percent energy,ECT_LP_Steam_EG3_SEU_percent_energy,1,2025-05-13 09:03:49,0,NULL,NULL
3377,ECT_LP_Steam_LAO_SEU_percent_energy,inferred,NULL,real,ECT LP Steam LAO SEU percent energy,ECT_LP_Steam_LAO_SEU_percent_energy,1,2025-05-13 09:03:49,0,NULL,NULL
3378,ECT_LP_Steam_UO_SEU_percent_energy,inferred,NULL,real,ECT LP Steam UO SEU percent energy,ECT_LP_Steam_UO_SEU_percent_energy,1,2025-05-13 09:03:49,0,NULL,NULL
3379,ECT_LP_Steam_Eth_SEU_energy_reduction,inferred,NULL,real,ECT LP Steam Eth SEU energy reduction,ECT_LP_Steam_Eth_SEU_energy_reduction,1,2025-05-13 09:03:49,0,NULL,NULL
3380,ECT_LP_Steam_EG1_SEU_energy_reduction,inferred,NULL,real,ECT LP Steam EG1 SEU energy reduction,ECT_LP_Steam_EG1_SEU_energy_reduction,1,2025-05-13 09:03:49,0,NULL,NULL
3381,ECT_LP_Steam_EG2_SEU_energy_reduction,inferred,NULL,real,ECT LP Steam EG2 SEU energy reduction,ECT_LP_Steam_EG2_SEU_energy_reduction,1,2025-05-13 09:03:49,0,NULL,NULL
3382,ECT_LP_Steam_EG3_SEU_energy_reduction,inferred,NULL,real,ECT LP Steam EG3 SEU energy reduction,ECT_LP_Steam_EG3_SEU_energy_reduction,1,2025-05-13 09:03:49,0,NULL,NULL
3383,ECT_LP_Steam_LAO_SEU_energy_reduction,inferred,NULL,real,ECT LP Steam LAO SEU energy reduction,ECT_LP_Steam_LAO_SEU_energy_reduction,1,2025-05-13 09:03:49,0,NULL,NULL
3384,ECT_LP_Steam_UO_SEU_energy_reduction,inferred,NULL,real,ECT LP Steam UO SEU energy reduction,ECT_LP_Steam_UO_SEU_energy_reduction,1,2025-05-13 09:03:49,0,NULL,NULL
3385,ECT_LP_Steam_Eth_Total_energy_reduction,inferred,NULL,real,ECT LP Steam Eth Total energy reduction,ECT_LP_Steam_Eth_Total_energy_reduction,1,2025-05-13 09:03:49,0,NULL,NULL
3386,ECT_LP_Steam_EG1_Total_energy_reduction,inferred,NULL,real,ECT LP Steam EG1 Total energy reduction,ECT_LP_Steam_EG1_Total_energy_reduction,1,2025-05-13 09:03:49,0,NULL,NULL
3387,ECT_LP_Steam_EG2_Total_energy_reduction,inferred,NULL,real,ECT LP Steam EG2 Total energy reduction,ECT_LP_Steam_EG2_Total_energy_reduction,1,2025-05-13 09:03:49,0,NULL,NULL
3388,ECT_LP_Steam_EG3_Total_energy_reduction,inferred,NULL,real,ECT LP Steam EG3 Total energy reduction,ECT_LP_Steam_EG3_Total_energy_reduction,1,2025-05-13 09:03:49,0,NULL,NULL
3389,ECT_LP_Steam_LAO_Total_energy_reduction,inferred,NULL,real,ECT LP Steam LAO Total energy reduction,ECT_LP_Steam_LAO_Total_energy_reduction,1,2025-05-13 09:03:49,0,NULL,NULL
3390,ECT_LP_Steam_UO_Total_energy_reduction,inferred,NULL,real,ECT LP Steam UO Total energy reduction,ECT_LP_Steam_UO_Total_energy_reduction,1,2025-05-13 09:03:49,0,NULL,NULL
3391,ECT_LP_Steam_Eth_Total_energy_reduction_perc,inferred,NULL,real,ECT LP Steam Eth Total energy reduction perc,ECT_LP_Steam_Eth_Total_energy_reduction_perc,1,2025-05-13 09:03:49,0,NULL,NULL
3392,ECT_LP_Steam_EG1_Total_energy_reduction_perc,inferred,NULL,real,ECT LP Steam EG1 Total energy reduction perc,ECT_LP_Steam_EG1_Total_energy_reduction_perc,1,2025-05-13 09:03:49,0,NULL,NULL
3393,ECT_LP_Steam_EG2_Total_energy_reduction_perc,inferred,NULL,real,ECT LP Steam EG2 Total energy reduction perc,ECT_LP_Steam_EG2_Total_energy_reduction_perc,1,2025-05-13 09:03:49,0,NULL,NULL
3394,ECT_LP_Steam_EG3_Total_energy_reduction_perc,inferred,NULL,real,ECT LP Steam EG3 Total energy reduction perc,ECT_LP_Steam_EG3_Total_energy_reduction_perc,1,2025-05-13 09:03:49,0,NULL,NULL
3395,ECT_LP_Steam_LAO_Total_energy_reduction_perc,inferred,NULL,real,ECT LP Steam LAO Total energy reduction perc,ECT_LP_Steam_LAO_Total_energy_reduction_perc,1,2025-05-13 09:03:49,0,NULL,NULL
3396,ECT_LP_Steam_UO_Total_energy_reduction_perc,inferred,NULL,real,ECT LP Steam UO Total energy reduction perc,ECT_LP_Steam_UO_Total_energy_reduction_perc,1,2025-05-13 09:03:49,0,NULL,NULL
3397,ECT_MP_Steam_Eth_Total_energy,inferred,NULL,real,ECT MP Steam Eth Total energy,ECT_MP_Steam_Eth_Total_energy,1,2025-05-13 09:03:49,0,NULL,NULL
3398,ECT_MP_Steam_EG1_Total_energy,inferred,NULL,real,ECT MP Steam EG1 Total energy,ECT_MP_Steam_EG1_Total_energy,1,2025-05-13 09:03:49,0,NULL,NULL
3399,ECT_MP_Steam_EG2_Total_energy,inferred,NULL,real,ECT MP Steam EG2 Total energy,ECT_MP_Steam_EG2_Total_energy,1,2025-05-13 09:03:49,0,NULL,NULL
3400,ECT_MP_Steam_EG3_Total_energy,inferred,NULL,real,ECT MP Steam EG3 Total energy,ECT_MP_Steam_EG3_Total_energy,1,2025-05-13 09:03:49,0,NULL,NULL
3401,ECT_MP_Steam_LAO_Total_energy,inferred,NULL,real,ECT MP Steam LAO Total energy,ECT_MP_Steam_LAO_Total_energy,1,2025-05-13 09:03:49,0,NULL,NULL
3402,ECT_MP_Steam_UO_Total_energy,inferred,NULL,real,ECT MP Steam UO Total energy,ECT_MP_Steam_UO_Total_energy,1,2025-05-13 09:03:49,0,NULL,NULL
3403,ECT_MP_Steam_all_plants_Total_energy,inferred,NULL,real,ECT MP Steam all plants Total energy,ECT_MP_Steam_all_plants_Total_energy,1,2025-05-13 09:03:49,0,NULL,NULL
3404,ECT_MP_Steam_Eth_SEU_energy,inferred,NULL,real,ECT MP Steam Eth SEU energy,ECT_MP_Steam_Eth_SEU_energy,1,2025-05-13 09:03:49,0,NULL,NULL
3405,ECT_MP_Steam_EG1_SEU_energy,inferred,NULL,real,ECT MP Steam EG1 SEU energy,ECT_MP_Steam_EG1_SEU_energy,1,2025-05-13 09:03:49,0,NULL,NULL
3406,ECT_MP_Steam_EG2_SEU_energy,inferred,NULL,real,ECT MP Steam EG2 SEU energy,ECT_MP_Steam_EG2_SEU_energy,1,2025-05-13 09:03:49,0,NULL,NULL
3407,ECT_MP_Steam_EG3_SEU_energy,inferred,NULL,real,ECT MP Steam EG3 SEU energy,ECT_MP_Steam_EG3_SEU_energy,1,2025-05-13 09:03:49,0,NULL,NULL
3408,ECT_MP_Steam_LAO_SEU_energy,inferred,NULL,real,ECT MP Steam LAO SEU energy,ECT_MP_Steam_LAO_SEU_energy,1,2025-05-13 09:03:49,0,NULL,NULL
3409,ECT_MP_Steam_UO_SEU_energy,inferred,NULL,real,ECT MP Steam UO SEU energy,ECT_MP_Steam_UO_SEU_energy,1,2025-05-13 09:03:49,0,NULL,NULL
3410,ECT_MP_Steam_all_plants_SEU_energy,inferred,NULL,real,ECT MP Steam all plants SEU energy,ECT_MP_Steam_all_plants_SEU_energy,1,2025-05-13 09:03:49,0,NULL,NULL
3411,ECT_MP_Steam_Eth_Non_SEU_energy,inferred,NULL,real,ECT MP Steam Eth Non SEU energy,ECT_MP_Steam_Eth_Non_SEU_energy,1,2025-05-13 09:03:49,0,NULL,NULL
3412,ECT_MP_Steam_EG1_Non_SEU_energy,inferred,NULL,real,ECT MP Steam EG1 Non SEU energy,ECT_MP_Steam_EG1_Non_SEU_energy,1,2025-05-13 09:03:49,0,NULL,NULL
3413,ECT_MP_Steam_EG2_Non_SEU_energy,inferred,NULL,real,ECT MP Steam EG2 Non SEU energy,ECT_MP_Steam_EG2_Non_SEU_energy,1,2025-05-13 09:03:49,0,NULL,NULL
3414,ECT_MP_Steam_EG3_Non_SEU_energy,inferred,NULL,real,ECT MP Steam EG3 Non SEU energy,ECT_MP_Steam_EG3_Non_SEU_energy,1,2025-05-13 09:03:49,0,NULL,NULL
3415,ECT_MP_Steam_LAO_Non_SEU_energy,inferred,NULL,real,ECT MP Steam LAO Non SEU energy,ECT_MP_Steam_LAO_Non_SEU_energy,1,2025-05-13 09:03:49,0,NULL,NULL
3416,ECT_MP_Steam_UO_Non_SEU_energy,inferred,NULL,real,ECT MP Steam UO Non SEU energy,ECT_MP_Steam_UO_Non_SEU_energy,1,2025-05-13 09:03:49,0,NULL,NULL
3417,ECT_MP_Steam_all_plants_non_SEU_energy,inferred,NULL,real,ECT MP Steam all plants non SEU energy,ECT_MP_Steam_all_plants_non_SEU_energy,1,2025-05-13 09:03:49,0,NULL,NULL
3418,ECT_MP_Steam_Eth_SEU_percent_energy,inferred,NULL,real,ECT MP Steam Eth SEU percent energy,ECT_MP_Steam_Eth_SEU_percent_energy,1,2025-05-13 09:03:49,0,NULL,NULL
3419,ECT_MP_Steam_EG1_SEU_percent_energy,inferred,NULL,real,ECT MP Steam EG1 SEU percent energy,ECT_MP_Steam_EG1_SEU_percent_energy,1,2025-05-13 09:03:49,0,NULL,NULL
3420,ECT_MP_Steam_EG2_SEU_percent_energy,inferred,NULL,real,ECT MP Steam EG2 SEU percent energy,ECT_MP_Steam_EG2_SEU_percent_energy,1,2025-05-13 09:03:49,0,NULL,NULL
3421,ECT_MP_Steam_EG3_SEU_percent_energy,inferred,NULL,real,ECT MP Steam EG3 SEU percent energy,ECT_MP_Steam_EG3_SEU_percent_energy,1,2025-05-13 09:03:49,0,NULL,NULL
3422,ECT_MP_Steam_LAO_SEU_percent_energy,inferred,NULL,real,ECT MP Steam LAO SEU percent energy,ECT_MP_Steam_LAO_SEU_percent_energy,1,2025-05-13 09:03:49,0,NULL,NULL
3423,ECT_MP_Steam_UO_SEU_percent_energy,inferred,NULL,real,ECT MP Steam UO SEU percent energy,ECT_MP_Steam_UO_SEU_percent_energy,1,2025-05-13 09:03:49,0,NULL,NULL
3424,ECT_MP_Steam_Eth_SEU_energy_reduction,inferred,NULL,real,ECT MP Steam Eth SEU energy reduction,ECT_MP_Steam_Eth_SEU_energy_reduction,1,2025-05-13 09:03:49,0,NULL,NULL
3425,ECT_MP_Steam_EG1_SEU_energy_reduction,inferred,NULL,real,ECT MP Steam EG1 SEU energy reduction,ECT_MP_Steam_EG1_SEU_energy_reduction,1,2025-05-13 09:03:49,0,NULL,NULL
3426,ECT_MP_Steam_EG2_SEU_energy_reduction,inferred,NULL,real,ECT MP Steam EG2 SEU energy reduction,ECT_MP_Steam_EG2_SEU_energy_reduction,1,2025-05-13 09:03:49,0,NULL,NULL
3427,ECT_MP_Steam_EG3_SEU_energy_reduction,inferred,NULL,real,ECT MP Steam EG3 SEU energy reduction,ECT_MP_Steam_EG3_SEU_energy_reduction,1,2025-05-13 09:03:49,0,NULL,NULL
3428,ECT_MP_Steam_LAO_SEU_energy_reduction,inferred,NULL,real,ECT MP Steam LAO SEU energy reduction,ECT_MP_Steam_LAO_SEU_energy_reduction,1,2025-05-13 09:03:49,0,NULL,NULL
3429,ECT_MP_Steam_UO_SEU_energy_reduction,inferred,NULL,real,ECT MP Steam UO SEU energy reduction,ECT_MP_Steam_UO_SEU_energy_reduction,1,2025-05-13 09:03:49,0,NULL,NULL
3430,ECT_MP_Steam_Eth_Total_energy_reduction,inferred,NULL,real,ECT MP Steam Eth Total energy reduction,ECT_MP_Steam_Eth_Total_energy_reduction,1,2025-05-13 09:03:49,0,NULL,NULL
3431,ECT_MP_Steam_EG1_Total_energy_reduction,inferred,NULL,real,ECT MP Steam EG1 Total energy reduction,ECT_MP_Steam_EG1_Total_energy_reduction,1,2025-05-13 09:03:49,0,NULL,NULL
3432,ECT_MP_Steam_EG2_Total_energy_reduction,inferred,NULL,real,ECT MP Steam EG2 Total energy reduction,ECT_MP_Steam_EG2_Total_energy_reduction,1,2025-05-13 09:03:49,0,NULL,NULL
3433,ECT_MP_Steam_EG3_Total_energy_reduction,inferred,NULL,real,ECT MP Steam EG3 Total energy reduction,ECT_MP_Steam_EG3_Total_energy_reduction,1,2025-05-13 09:03:49,0,NULL,NULL
3434,ECT_MP_Steam_LAO_Total_energy_reduction,inferred,NULL,real,ECT MP Steam LAO Total energy reduction,ECT_MP_Steam_LAO_Total_energy_reduction,1,2025-05-13 09:03:49,0,NULL,NULL
3435,ECT_MP_Steam_UO_Total_energy_reduction,inferred,NULL,real,ECT MP Steam UO Total energy reduction,ECT_MP_Steam_UO_Total_energy_reduction,1,2025-05-13 09:03:49,0,NULL,NULL
3436,ECT_MP_Steam_Eth_Total_energy_reduction_perc,inferred,NULL,real,ECT MP Steam Eth Total energy reduction perc,ECT_MP_Steam_Eth_Total_energy_reduction_perc,1,2025-05-13 09:03:49,0,NULL,NULL
3437,ECT_MP_Steam_EG1_Total_energy_reduction_perc,inferred,NULL,real,ECT MP Steam EG1 Total energy reduction perc,ECT_MP_Steam_EG1_Total_energy_reduction_perc,1,2025-05-13 09:03:49,0,NULL,NULL
3438,ECT_MP_Steam_EG2_Total_energy_reduction_perc,inferred,NULL,real,ECT MP Steam EG2 Total energy reduction perc,ECT_MP_Steam_EG2_Total_energy_reduction_perc,1,2025-05-13 09:03:49,0,NULL,NULL
3439,ECT_MP_Steam_EG3_Total_energy_reduction_perc,inferred,NULL,real,ECT MP Steam EG3 Total energy reduction perc,ECT_MP_Steam_EG3_Total_energy_reduction_perc,1,2025-05-13 09:03:49,0,NULL,NULL
3440,ECT_MP_Steam_LAO_Total_energy_reduction_perc,inferred,NULL,real,ECT MP Steam LAO Total energy reduction perc,ECT_MP_Steam_LAO_Total_energy_reduction_perc,1,2025-05-13 09:03:49,0,NULL,NULL
3441,ECT_MP_Steam_UO_Total_energy_reduction_perc,inferred,NULL,real,ECT MP Steam UO Total energy reduction perc,ECT_MP_Steam_UO_Total_energy_reduction_perc,1,2025-05-13 09:03:49,0,NULL,NULL
3442,ECT_HP_Steam_Eth_Total_energy,inferred,NULL,real,ECT HP Steam Eth Total energy,ECT_HP_Steam_Eth_Total_energy,1,2025-05-13 09:03:49,0,NULL,NULL
3443,ECT_HP_Steam_EG1_Total_energy,inferred,NULL,real,ECT HP Steam EG1 Total energy,ECT_HP_Steam_EG1_Total_energy,1,2025-05-13 09:03:49,0,NULL,NULL
3444,ECT_HP_Steam_EG2_Total_energy,inferred,NULL,real,ECT HP Steam EG2 Total energy,ECT_HP_Steam_EG2_Total_energy,1,2025-05-13 09:03:49,0,NULL,NULL
3445,ECT_HP_Steam_EG3_Total_energy,inferred,NULL,real,ECT HP Steam EG3 Total energy,ECT_HP_Steam_EG3_Total_energy,1,2025-05-13 09:03:49,0,NULL,NULL
3446,ECT_HP_Steam_LAO_Total_energy,inferred,NULL,real,ECT HP Steam LAO Total energy,ECT_HP_Steam_LAO_Total_energy,1,2025-05-13 09:03:49,0,NULL,NULL
3447,ECT_HP_Steam_UO_Total_energy,inferred,NULL,real,ECT HP Steam UO Total energy,ECT_HP_Steam_UO_Total_energy,1,2025-05-13 09:03:50,0,NULL,NULL
3448,ECT_HP_Steam_all_plants_Total_energy,inferred,NULL,real,ECT HP Steam all plants Total energy,ECT_HP_Steam_all_plants_Total_energy,1,2025-05-13 09:03:50,0,NULL,NULL
3449,ECT_HP_Steam_Eth_SEU_energy,inferred,NULL,real,ECT HP Steam Eth SEU energy,ECT_HP_Steam_Eth_SEU_energy,1,2025-05-13 09:03:50,0,NULL,NULL
3450,ECT_HP_Steam_EG1_SEU_energy,inferred,NULL,real,ECT HP Steam EG1 SEU energy,ECT_HP_Steam_EG1_SEU_energy,1,2025-05-13 09:03:50,0,NULL,NULL
3451,ECT_HP_Steam_EG2_SEU_energy,inferred,NULL,real,ECT HP Steam EG2 SEU energy,ECT_HP_Steam_EG2_SEU_energy,1,2025-05-13 09:03:50,0,NULL,NULL
3452,ECT_HP_Steam_EG3_SEU_energy,inferred,NULL,real,ECT HP Steam EG3 SEU energy,ECT_HP_Steam_EG3_SEU_energy,1,2025-05-13 09:03:50,0,NULL,NULL
3453,ECT_HP_Steam_LAO_SEU_energy,inferred,NULL,real,ECT HP Steam LAO SEU energy,ECT_HP_Steam_LAO_SEU_energy,1,2025-05-13 09:03:50,0,NULL,NULL
3454,ECT_HP_Steam_UO_SEU_energy,inferred,NULL,real,ECT HP Steam UO SEU energy,ECT_HP_Steam_UO_SEU_energy,1,2025-05-13 09:03:50,0,NULL,NULL
3455,ECT_HP_Steam_all_plants_SEU_energy,inferred,NULL,real,ECT HP Steam all plants SEU energy,ECT_HP_Steam_all_plants_SEU_energy,1,2025-05-13 09:03:50,0,NULL,NULL
3456,ECT_HP_Steam_Eth_Non_SEU_energy,inferred,NULL,real,ECT HP Steam Eth Non SEU energy,ECT_HP_Steam_Eth_Non_SEU_energy,1,2025-05-13 09:03:50,0,NULL,NULL
3457,ECT_HP_Steam_EG1_Non_SEU_energy,inferred,NULL,real,ECT HP Steam EG1 Non SEU energy,ECT_HP_Steam_EG1_Non_SEU_energy,1,2025-05-13 09:03:50,0,NULL,NULL
3458,ECT_HP_Steam_EG2_Non_SEU_energy,inferred,NULL,real,ECT HP Steam EG2 Non SEU energy,ECT_HP_Steam_EG2_Non_SEU_energy,1,2025-05-13 09:03:50,0,NULL,NULL
3459,ECT_HP_Steam_EG3_Non_SEU_energy,inferred,NULL,real,ECT HP Steam EG3 Non SEU energy,ECT_HP_Steam_EG3_Non_SEU_energy,1,2025-05-13 09:03:50,0,NULL,NULL
3460,ECT_HP_Steam_LAO_Non_SEU_energy,inferred,NULL,real,ECT HP Steam LAO Non SEU energy,ECT_HP_Steam_LAO_Non_SEU_energy,1,2025-05-13 09:03:50,0,NULL,NULL
3461,ECT_HP_Steam_UO_Non_SEU_energy,inferred,NULL,real,ECT HP Steam UO Non SEU energy,ECT_HP_Steam_UO_Non_SEU_energy,1,2025-05-13 09:03:50,0,NULL,NULL
3462,ECT_HP_Steam_all_plants_non_SEU_energy,inferred,NULL,real,ECT HP Steam all plants non SEU energy,ECT_HP_Steam_all_plants_non_SEU_energy,1,2025-05-13 09:03:50,0,NULL,NULL
3463,ECT_HP_Steam_Eth_SEU_percent_energy,inferred,NULL,real,ECT HP Steam Eth SEU percent energy,ECT_HP_Steam_Eth_SEU_percent_energy,1,2025-05-13 09:03:50,0,NULL,NULL
3464,ECT_HP_Steam_EG1_SEU_percent_energy,inferred,NULL,real,ECT HP Steam EG1 SEU percent energy,ECT_HP_Steam_EG1_SEU_percent_energy,1,2025-05-13 09:03:50,0,NULL,NULL
3465,ECT_HP_Steam_EG2_SEU_percent_energy,inferred,NULL,real,ECT HP Steam EG2 SEU percent energy,ECT_HP_Steam_EG2_SEU_percent_energy,1,2025-05-13 09:03:50,0,NULL,NULL
3466,ECT_HP_Steam_EG3_SEU_percent_energy,inferred,NULL,real,ECT HP Steam EG3 SEU percent energy,ECT_HP_Steam_EG3_SEU_percent_energy,1,2025-05-13 09:03:50,0,NULL,NULL
3467,ECT_HP_Steam_LAO_SEU_percent_energy,inferred,NULL,real,ECT HP Steam LAO SEU percent energy,ECT_HP_Steam_LAO_SEU_percent_energy,1,2025-05-13 09:03:50,0,NULL,NULL
3468,ECT_HP_Steam_UO_SEU_percent_energy,inferred,NULL,real,ECT HP Steam UO SEU percent energy,ECT_HP_Steam_UO_SEU_percent_energy,1,2025-05-13 09:03:50,0,NULL,NULL
3469,ECT_HP_Steam_Eth_SEU_energy_reduction,inferred,NULL,real,ECT HP Steam Eth SEU energy reduction,ECT_HP_Steam_Eth_SEU_energy_reduction,1,2025-05-13 09:03:50,0,NULL,NULL
3470,ECT_HP_Steam_EG1_SEU_energy_reduction,inferred,NULL,real,ECT HP Steam EG1 SEU energy reduction,ECT_HP_Steam_EG1_SEU_energy_reduction,1,2025-05-13 09:03:50,0,NULL,NULL
3471,ECT_HP_Steam_EG2_SEU_energy_reduction,inferred,NULL,real,ECT HP Steam EG2 SEU energy reduction,ECT_HP_Steam_EG2_SEU_energy_reduction,1,2025-05-13 09:03:50,0,NULL,NULL
3472,ECT_HP_Steam_EG3_SEU_energy_reduction,inferred,NULL,real,ECT HP Steam EG3 SEU energy reduction,ECT_HP_Steam_EG3_SEU_energy_reduction,1,2025-05-13 09:03:50,0,NULL,NULL
3473,ECT_HP_Steam_LAO_SEU_energy_reduction,inferred,NULL,real,ECT HP Steam LAO SEU energy reduction,ECT_HP_Steam_LAO_SEU_energy_reduction,1,2025-05-13 09:03:50,0,NULL,NULL
3474,ECT_HP_Steam_UO_SEU_energy_reduction,inferred,NULL,real,ECT HP Steam UO SEU energy reduction,ECT_HP_Steam_UO_SEU_energy_reduction,1,2025-05-13 09:03:50,0,NULL,NULL
3475,ECT_HP_Steam_Eth_Total_energy_reduction,inferred,NULL,real,ECT HP Steam Eth Total energy reduction,ECT_HP_Steam_Eth_Total_energy_reduction,1,2025-05-13 09:03:50,0,NULL,NULL
3476,ECT_HP_Steam_EG1_Total_energy_reduction,inferred,NULL,real,ECT HP Steam EG1 Total energy reduction,ECT_HP_Steam_EG1_Total_energy_reduction,1,2025-05-13 09:03:50,0,NULL,NULL
3477,ECT_HP_Steam_EG2_Total_energy_reduction,inferred,NULL,real,ECT HP Steam EG2 Total energy reduction,ECT_HP_Steam_EG2_Total_energy_reduction,1,2025-05-13 09:03:50,0,NULL,NULL
3478,ECT_HP_Steam_EG3_Total_energy_reduction,inferred,NULL,real,ECT HP Steam EG3 Total energy reduction,ECT_HP_Steam_EG3_Total_energy_reduction,1,2025-05-13 09:03:50,0,NULL,NULL
3479,ECT_HP_Steam_LAO_Total_energy_reduction,inferred,NULL,real,ECT HP Steam LAO Total energy reduction,ECT_HP_Steam_LAO_Total_energy_reduction,1,2025-05-13 09:03:50,0,NULL,NULL
3480,ECT_HP_Steam_UO_Total_energy_reduction,inferred,NULL,real,ECT HP Steam UO Total energy reduction,ECT_HP_Steam_UO_Total_energy_reduction,1,2025-05-13 09:03:50,0,NULL,NULL
3481,ECT_HP_Steam_Eth_Total_energy_reduction_perc,inferred,NULL,real,ECT HP Steam Eth Total energy reduction perc,ECT_HP_Steam_Eth_Total_energy_reduction_perc,1,2025-05-13 09:03:50,0,NULL,NULL
3482,ECT_HP_Steam_EG1_Total_energy_reduction_perc,inferred,NULL,real,ECT HP Steam EG1 Total energy reduction perc,ECT_HP_Steam_EG1_Total_energy_reduction_perc,1,2025-05-13 09:03:50,0,NULL,NULL
3483,ECT_HP_Steam_EG2_Total_energy_reduction_perc,inferred,NULL,real,ECT HP Steam EG2 Total energy reduction perc,ECT_HP_Steam_EG2_Total_energy_reduction_perc,1,2025-05-13 09:03:50,0,NULL,NULL
3484,ECT_HP_Steam_EG3_Total_energy_reduction_perc,inferred,NULL,real,ECT HP Steam EG3 Total energy reduction perc,ECT_HP_Steam_EG3_Total_energy_reduction_perc,1,2025-05-13 09:03:50,0,NULL,NULL
3485,ECT_HP_Steam_LAO_Total_energy_reduction_perc,inferred,NULL,real,ECT HP Steam LAO Total energy reduction perc,ECT_HP_Steam_LAO_Total_energy_reduction_perc,1,2025-05-13 09:03:50,0,NULL,NULL
3486,ECT_HP_Steam_UO_Total_energy_reduction_perc,inferred,NULL,real,ECT HP Steam UO Total energy reduction perc,ECT_HP_Steam_UO_Total_energy_reduction_perc,1,2025-05-13 09:03:50,0,NULL,NULL
3487,ECT_perc_type_Eth_Total_energy,inferred,NULL,real,ECT perc type Eth Total energy,ECT_perc_type_Eth_Total_energy,1,2025-05-13 09:03:50,0,NULL,NULL
3488,ECT_perc_type_EG1_Total_energy,inferred,NULL,real,ECT perc type EG1 Total energy,ECT_perc_type_EG1_Total_energy,1,2025-05-13 09:03:50,0,NULL,NULL
3489,ECT_perc_type_EG2_Total_energy,inferred,NULL,real,ECT perc type EG2 Total energy,ECT_perc_type_EG2_Total_energy,1,2025-05-13 09:03:50,0,NULL,NULL
3490,ECT_perc_type_EG3_Total_energy,inferred,NULL,real,ECT perc type EG3 Total energy,ECT_perc_type_EG3_Total_energy,1,2025-05-13 09:03:50,0,NULL,NULL
3491,ECT_perc_type_LAO_Total_energy,inferred,NULL,real,ECT perc type LAO Total energy,ECT_perc_type_LAO_Total_energy,1,2025-05-13 09:03:50,0,NULL,NULL
3492,ECT_perc_type_UO_Total_energy,inferred,NULL,real,ECT perc type UO Total energy,ECT_perc_type_UO_Total_energy,1,2025-05-13 09:03:50,0,NULL,NULL
3493,ECT_perc_type_Eth_elect_energy,inferred,NULL,real,ECT perc type Eth elect energy,ECT_perc_type_Eth_elect_energy,1,2025-05-13 09:03:50,0,NULL,NULL
3494,ECT_perc_type_EG1_elect_energy,inferred,NULL,real,ECT perc type EG1 elect energy,ECT_perc_type_EG1_elect_energy,1,2025-05-13 09:03:50,0,NULL,NULL
3495,ECT_perc_type_EG2_elect_energy,inferred,NULL,real,ECT perc type EG2 elect energy,ECT_perc_type_EG2_elect_energy,1,2025-05-13 09:03:50,0,NULL,NULL
3496,ECT_perc_type_EG3_elect_energy,inferred,NULL,real,ECT perc type EG3 elect energy,ECT_perc_type_EG3_elect_energy,1,2025-05-13 09:03:50,0,NULL,NULL
3497,ECT_perc_type_LAO_elect_energy,inferred,NULL,real,ECT perc type LAO elect energy,ECT_perc_type_LAO_elect_energy,1,2025-05-13 09:03:50,0,NULL,NULL
3498,ECT_perc_type_UO_elect_energy,inferred,NULL,real,ECT perc type UO elect energy,ECT_perc_type_UO_elect_energy,1,2025-05-13 09:03:50,0,NULL,NULL
3499,ECT_perc_type_Eth_fuel_energy,inferred,NULL,real,ECT perc type Eth fuel energy,ECT_perc_type_Eth_fuel_energy,1,2025-05-13 09:03:50,0,NULL,NULL
3500,ECT_perc_type_EG1_fuel_energy,inferred,NULL,real,ECT perc type EG1 fuel energy,ECT_perc_type_EG1_fuel_energy,1,2025-05-13 09:03:50,0,NULL,NULL
3501,ECT_perc_type_EG2_fuel_energy,inferred,NULL,real,ECT perc type EG2 fuel energy,ECT_perc_type_EG2_fuel_energy,1,2025-05-13 09:03:50,0,NULL,NULL
3502,ECT_perc_type_EG3_fuel_energy,inferred,NULL,real,ECT perc type EG3 fuel energy,ECT_perc_type_EG3_fuel_energy,1,2025-05-13 09:03:50,0,NULL,NULL
3503,ECT_perc_type_LAO_fuel_energy,inferred,NULL,real,ECT perc type LAO fuel energy,ECT_perc_type_LAO_fuel_energy,1,2025-05-13 09:03:50,0,NULL,NULL
3504,ECT_perc_type_UO_fuel_energy,inferred,NULL,real,ECT perc type UO fuel energy,ECT_perc_type_UO_fuel_energy,1,2025-05-13 09:03:50,0,NULL,NULL
3505,ECT_perc_type_Eth_HP_Steam_energy,inferred,NULL,real,ECT perc type Eth HP Steam energy,ECT_perc_type_Eth_HP_Steam_energy,1,2025-05-13 09:03:50,0,NULL,NULL
3506,ECT_perc_type_EG1_HP_Steam_energy,inferred,NULL,real,ECT perc type EG1 HP Steam energy,ECT_perc_type_EG1_HP_Steam_energy,1,2025-05-13 09:03:50,0,NULL,NULL
3507,ECT_perc_type_EG2_HP_Steam_energy,inferred,NULL,real,ECT perc type EG2 HP Steam energy,ECT_perc_type_EG2_HP_Steam_energy,1,2025-05-13 09:03:50,0,NULL,NULL
3508,ECT_perc_type_EG3_HP_Steam_energy,inferred,NULL,real,ECT perc type EG3 HP Steam energy,ECT_perc_type_EG3_HP_Steam_energy,1,2025-05-13 09:03:50,0,NULL,NULL
3509,ECT_perc_type_LAO_HP_Steam_energy,inferred,NULL,real,ECT perc type LAO HP Steam energy,ECT_perc_type_LAO_HP_Steam_energy,1,2025-05-13 09:03:50,0,NULL,NULL
3510,ECT_perc_type_UO_HP_Steam_energy,inferred,NULL,real,ECT perc type UO HP Steam energy,ECT_perc_type_UO_HP_Steam_energy,1,2025-05-13 09:03:50,0,NULL,NULL
3511,ECT_perc_type_Eth_MP_Steam_energy,inferred,NULL,real,ECT perc type Eth MP Steam energy,ECT_perc_type_Eth_MP_Steam_energy,1,2025-05-13 09:03:50,0,NULL,NULL
3512,ECT_perc_type_EG1_MP_Steam_energy,inferred,NULL,real,ECT perc type EG1 MP Steam energy,ECT_perc_type_EG1_MP_Steam_energy,1,2025-05-13 09:03:50,0,NULL,NULL
3513,ECT_perc_type_EG2_MP_Steam_energy,inferred,NULL,real,ECT perc type EG2 MP Steam energy,ECT_perc_type_EG2_MP_Steam_energy,1,2025-05-13 09:03:50,0,NULL,NULL
3514,ECT_perc_type_EG3_MP_Steam_energy,inferred,NULL,real,ECT perc type EG3 MP Steam energy,ECT_perc_type_EG3_MP_Steam_energy,1,2025-05-13 09:03:50,0,NULL,NULL
3515,ECT_perc_type_LAO_MP_Steam_energy,inferred,NULL,real,ECT perc type LAO MP Steam energy,ECT_perc_type_LAO_MP_Steam_energy,1,2025-05-13 09:03:50,0,NULL,NULL
3516,ECT_perc_type_UO_MP_Steam_energy,inferred,NULL,real,ECT perc type UO MP Steam energy,ECT_perc_type_UO_MP_Steam_energy,1,2025-05-13 09:03:50,0,NULL,NULL
3517,ECT_perc_type_Eth_LP_Steam_energy,inferred,NULL,real,ECT perc type Eth LP Steam energy,ECT_perc_type_Eth_LP_Steam_energy,1,2025-05-13 09:03:50,0,NULL,NULL
3518,ECT_perc_type_EG1_LP_Steam_energy,inferred,NULL,real,ECT perc type EG1 LP Steam energy,ECT_perc_type_EG1_LP_Steam_energy,1,2025-05-13 09:03:50,0,NULL,NULL
3519,ECT_perc_type_EG2_LP_Steam_energy,inferred,NULL,real,ECT perc type EG2 LP Steam energy,ECT_perc_type_EG2_LP_Steam_energy,1,2025-05-13 09:03:50,0,NULL,NULL
3520,ECT_perc_type_EG3_LP_Steam_energy,inferred,NULL,real,ECT perc type EG3 LP Steam energy,ECT_perc_type_EG3_LP_Steam_energy,1,2025-05-13 09:03:50,0,NULL,NULL
3521,ECT_perc_type_LAO_LP_Steam_energy,inferred,NULL,real,ECT perc type LAO LP Steam energy,ECT_perc_type_LAO_LP_Steam_energy,1,2025-05-13 09:03:50,0,NULL,NULL
3522,ECT_perc_type_UO_LP_Steam_energy,inferred,NULL,real,ECT perc type UO LP Steam energy,ECT_perc_type_UO_LP_Steam_energy,1,2025-05-13 09:03:50,0,NULL,NULL
3523,EG1_Comp_eff_Adjusted,inferred,NULL,real,EG1 Comp eff Adjusted,EG1_Comp_eff_Adjusted,1,2025-05-13 09:03:50,0,NULL,NULL
3524,EG2_Comp_eff_Adjusted,inferred,NULL,real,EG2 Comp eff Adjusted,EG2_Comp_eff_Adjusted,1,2025-05-13 09:03:50,0,NULL,NULL
3525,EG3_Comp_eff_Adjusted,inferred,NULL,real,EG3 Comp eff Adjusted,EG3_Comp_eff_Adjusted,1,2025-05-13 09:03:50,0,NULL,NULL
3526,EG1_Recycle_Compressor_Power_Adjusted,inferred,NULL,real,EG1 Recycle Compressor Power Adjusted,EG1_Recycle_Compressor_Power_Adjusted,1,2025-05-13 09:03:50,0,NULL,NULL
3527,EG2_Recycle_Compressor_Power_Adjusted,inferred,NULL,real,EG2 Recycle Compressor Power Adjusted,EG2_Recycle_Compressor_Power_Adjusted,1,2025-05-13 09:03:50,0,NULL,NULL
3528,EG3_Recycle_Compressor_Power_Adjusted,inferred,NULL,real,EG3 Recycle Compressor Power adjusted,EG3_Recycle_Compressor_Power_adjusted,1,2025-05-13 09:03:50,0,NULL,NULL
3529,Power_to_EG_1_Adjusted,inferred,NULL,real,Power to EG 1 Adjusted,Power_to_EG_1_Adjusted,1,2025-05-13 09:03:51,0,NULL,NULL
3530,Power_to_EG_2_Adjusted,inferred,NULL,real,Power to EG 2 Adjusted,Power_to_EG_2_Adjusted,1,2025-05-13 09:03:51,0,NULL,NULL
3531,Power_to_EG_3_Adjusted,pi,UN.EG3.Power_to_EG_Adjusted_EO_CALC_OUTPUT,real,Power to EG 3 Adjusted,Power_to_EG_3_Adjusted,1,2025-05-13 09:03:51,0,NULL,NULL
3532,Power_to_CO2_Adjusted,inferred,NULL,real,Power to CO2 Adjusted,Power_to_CO2_Adjusted,1,2025-05-13 09:03:51,0,NULL,NULL
3533,Interstage_Cooler_1_Outlet_Temperature,pi,UN.UO.50TI0254.PV,real,KM-5020 Interstage Cooler 1 Outlet Temperature,KM-5020 Interstage Cooler 1 Outlet Temperature,1,2025-05-13 13:37:40,0,NULL,NULL
3534,Interstage_Cooler_2_Outlet_Temperature,pi,UN.UO.50TI0256.PV,real,KM-5020 Interstage Cooler 2 Outlet Temperature,KM-5020 Interstage Cooler 2 Outlet Temperature,1,2025-05-13 13:37:40,0,NULL,NULL
3535,Interstage_Cooler_3_Outlet_Temperature,pi,UN.UO.50TI0259.PV,real,KM-5020 Interstage Cooler 3 Outlet Temperature,KM-5020 Interstage Cooler 3 Outlet Temperature,1,2025-05-13 13:37:40,0,NULL,NULL
3536,CGC_Discharge_Press_5Stage,pi,UN.ETH.12PI2122.PV,real,CGC Discharge Press 5Stage,CGC Discharge Press 5Stage,1,2025-05-13 13:37:40,0,NULL,NULL
3537,CGC_Turbine_exhaust_pressure,pi,UN.ETH.KT-1200.Turbine_Exhaust_Pressure_PEEO_CALC_OUTPUT,real,CGC Turbine exhaust pressure,CGC Turbine exhaust pressure,1,2025-05-13 13:37:40,0,NULL,NULL
3538,CGC_Quench_overhead_temp,pi,UN.ETH.11TI1904.PV,real,CGC Quench overhead temp,CGC Quench overhead temp,1,2025-05-13 13:37:40,0,NULL,NULL
3539,CGC_VHP_letdown_controller_opening_new,pi,UN.ETH.KT-1200.Vhp_Letdown_Controller_Opening_New_PEEO_CALC_OUTPUT,real,CGC VHP letdown controller opening new,CGC VHP letdown controller opening new,1,2025-05-13 13:37:40,0,NULL,NULL
3540,KT_1200_KEV_Discharge_Press_5Stage,inferred,NULL,real," Discharge Pressure of KT 1200, 5th Stage              "," Discharge Pressure of KT 1200, 5th Stage              ",1,2025-05-13 13:37:41,0,NULL,NULL
3541,KT_1200_KEV_Turbine_exhaust_pressure,inferred,NULL,real," Turbine Exhaust Pressure of KT 1200                   "," Turbine Exhaust Pressure of KT 1200                   ",1,2025-05-13 13:37:41,0,NULL,NULL
3542,KT_1200_KEV_CGC_tubrine_inlet_VHP_steam_temp,inferred,NULL,real," CGC Turbine Inlet VHP Steam Temperature of KT 1200    "," CGC Turbine Inlet VHP Steam Temperature of KT 1200    ",1,2025-05-13 13:37:41,0,NULL,NULL
3543,KT_1200_KEV_Quench_overhead_temp,inferred,NULL,real," Quench Overhead Temperature of KT 1200                "," Quench Overhead Temperature of KT 1200                ",1,2025-05-13 13:37:41,0,NULL,NULL
3544,KT_1200_KEV_VHP_letdown_controller_opening_new,inferred,NULL,real," VHP Letdown Controller Opening of KT 1200 (New)       "," VHP Letdown Controller Opening of KT 1200 (New)       ",1,2025-05-13 13:37:41,0,NULL,NULL
3545,E_1102_KEV_chest_pressure,inferred,NULL,real," Chest Pressure of E 1102                              "," Chest Pressure of E 1102                              ",1,2025-05-13 13:37:41,0,NULL,NULL
3546,CO2_comp_5020_KEV_Process_flow,inferred,NULL,real," Process Flow of CO2 Compressor 5020                   "," Process Flow of CO2 Compressor 5020                   ",1,2025-05-13 13:37:41,0,NULL,NULL
3547,CO2_comp_5020_KEV_Temperature_ratio,pi,UN.CO2.PK-5020.KEV_Temperature_Ratio_EO_CALC_OUTPUT,real," Temperature Ratio of CO2 Compressor 5020              "," Temperature Ratio of CO2 Compressor 5020              ",1,2025-05-13 13:37:41,0,NULL,NULL
3548,CO2_comp_5020_KEV_Pressure_ratio,pi,UN.CO2.PK-5020.KEV_Pressure_Ratio_EO_CALC_OUTPUT,real," Pressure Ratio of CO2 Compressor 5020                 "," Pressure Ratio of CO2 Compressor 5020                 ",1,2025-05-13 13:37:41,0,NULL,NULL
3549,CO2_comp_5020_KEV_Process_OUTELET_TEMP_1,pi,UN.CO2.PK-5020.KEV_Process_OUTELET_TEMP_1_EO_CALC_OUTPUT,real," Process Outlet Temperature 1 of CO2 Compressor 5020   "," Process Outlet Temperature 1 of CO2 Compressor 5020   ",1,2025-05-13 13:37:41,0,NULL,NULL
3550,CO2_comp_5020_KEV_Process_OUTELET_TEMP_2,pi,UN.CO2.PK-5020.KEV_Process_OUTELET_TEMP_2_EO_CALC_OUTPUT,real," Process Outlet Temperature 2 of CO2 Compressor 5020   "," Process Outlet Temperature 2 of CO2 Compressor 5020   ",1,2025-05-13 13:37:41,0,NULL,NULL
3551,CO2_comp_5020_KEV_Process_OUTELET_TEMP_3,pi,UN.CO2.PK-5020.KEV_Process_OUTELET_TEMP_3_EO_CALC_OUTPUT,real," Process Outlet Temperature 3 of CO2 Compressor 5020   "," Process Outlet Temperature 3 of CO2 Compressor 5020   ",1,2025-05-13 13:37:41,0,NULL,NULL
3552,CO2_comp_5070_KEV_ASCV_Opening,inferred,NULL,real," ASCV Opening of CO2 Compressor 5070                   "," ASCV Opening of CO2 Compressor 5070                   ",1,2025-05-13 13:37:41,0,NULL,NULL
3553,CO2_comp_5070_KEV_K_5071_Dis_Flow,pi,UN.CO2.PK-5070.KEV_Discharge_Flow_EO_CALC_OUTPUT,real," Discharge Flow of K 5071 in CO2 Compressor 5070       "," Discharge Flow of K 5071 in CO2 Compressor 5070       ",1,2025-05-13 13:37:41,0,NULL,NULL
3554,CO2_comp_5070_KEV_CO2_Sale_flow,inferred,NULL,real," CO2 Sale Flow of CO2 Compressor 5070                  "," CO2 Sale Flow of CO2 Compressor 5070                  ",1,2025-05-13 13:37:41,0,NULL,NULL
3555,Deaerator_7101_A_KEV_BFW_Flow,pi,UN.UO.V-7101A.Total_Flow_to_Deareator_A_EO_CALC_OUTPUT,real," BFW Flow of Deaerator 7101 A                          "," BFW Flow of Deaerator 7101 A                          ",1,2025-05-13 13:37:41,0,NULL,NULL
3556,Deaerator_7101_A_KEV_BFW_Outlet_temp,pi,UN.UO.V-7101A.KEV_Deaerator_7101_A_BFW_Outlet_Temperature_EO_CALC_OUTPUT,real," BFW Outlet Temperature of Deaerator 7101 A            "," BFW Outlet Temperature of Deaerator 7101 A            ",1,2025-05-13 13:37:41,0,NULL,NULL
3557,Deaerator_7101_B_KEV_BFW_Flow,inferred,NULL,real," BFW Flow of Deaerator 7101 B                          "," BFW Flow of Deaerator 7101 B                          ",1,2025-05-13 13:37:41,0,NULL,NULL
3558,Deaerator_7101_B_KEV_BFW_Outlet_temp,inferred,NULL,real," BFW Outlet Temperature of Deaerator 7101 B            "," BFW Outlet Temperature of Deaerator 7101 B            ",1,2025-05-13 13:37:41,0,NULL,NULL
3559,LAO_Heater_KEV_Feed_flow,pi,UN.LAO.H-3831.KEV_LAO_Heater_Feed_Flow_EO_CALC_OUTPUT,real," Feed Flow of LAO Heater                               "," Feed Flow of LAO Heater                               ",1,2025-05-13 13:37:41,0,NULL,NULL
3560,LAO_Heater_KEV_Feed_temp,pi,UN.LAO.H-3831.KEV_LAO_Heater_Feed_Temperature_EO_CALC_OUTPUT,real," Feed Temperature of LAO Heater                        "," Feed Temperature of LAO Heater                        ",1,2025-05-13 13:37:41,0,NULL,NULL
3561,LAO_Heater_KEV_Stack_O2%,pi,UN.LAO.H-3831.KEV_LAO_Heater_Stack_O2_Percent_EO_CALC_OUTPUT,real," Stack Oxygen Percentage of LAO Heater                 "," Stack Oxygen Percentage of LAO Heater                 ",1,2025-05-13 13:37:41,0,NULL,NULL
3562,EG1_Recycle_comp_KEV_Temperature_Ratio,inferred,NULL,real," Temperature Ratio of EG1 Recycle Compressor "," Temperature Ratio of EG1 Recycle Compressor ",1,2025-05-13 13:37:41,0,NULL,NULL
3563,EG1_Recycle_comp_KEV_Pressure_Ratio,inferred,NULL,real," Pressure Ratio of EG1 Recycle Compressor "," Pressure Ratio of EG1 Recycle Compressor ",1,2025-05-13 13:37:41,0,NULL,NULL
3564,EG1_Recycle_comp_KEV_Efficiency,inferred,NULL,real," Efficiency of EG1 Recycle Compressor "," Efficiency of EG1 Recycle Compressor ",1,2025-05-13 13:37:41,0,NULL,NULL
3565,EG2_Recycle_comp_KEV_Temperature_Ratio,inferred,NULL,real," Temperature Ratio of EG2 Recycle Compressor "," Temperature Ratio of EG2 Recycle Compressor ",1,2025-05-13 13:37:41,0,NULL,NULL
3566,EG2_Recycle_comp_KEV_Pressure_Ratio,inferred,NULL,real," Pressure Ratio of EG2 Recycle Compressor "," Pressure Ratio of EG2 Recycle Compressor ",1,2025-05-13 13:37:41,0,NULL,NULL
3567,EG2_Recycle_comp_KEV_Efficiency,inferred,NULL,real," Efficiency of EG2 Recycle Compressor "," Efficiency of EG2 Recycle Compressor ",1,2025-05-13 13:37:41,0,NULL,NULL
3568,EG3_Recycle_comp_KEV_Temperature_Ratio,inferred,NULL,real," Temperature Ratio of EG3 Recycle Compressor "," Temperature Ratio of EG3 Recycle Compressor ",1,2025-05-13 13:37:41,0,NULL,NULL
3569,EG3_Recycle_comp_KEV_Pressure_Ratio,inferred,NULL,real," Pressure Ratio of EG3 Recycle Compressor "," Pressure Ratio of EG3 Recycle Compressor ",1,2025-05-13 13:37:41,0,NULL,NULL
3570,EG3_Recycle_comp_KEV_Efficiency,inferred,NULL,real," Efficiency of EG3 Recycle Compressor "," Efficiency of EG3 Recycle Compressor ",1,2025-05-13 13:37:41,0,NULL,NULL
3571,Energy_GJ_KM_2115,pi,UN.EG1.KM-2115.Recycle_Compressor_Power_EO_CALC_OUTPUT,real,Energy consumption for EG1 Recycle gas compressor: KM-2115,Energy consumption for EG1 Recycle gas compressor: KM-2115,1,2025-05-13 13:47:07,0,NULL,NULL
3572,Energy_GJ_E_2523,inferred,NULL,real,Energy consumption for EG1 Third Stage Reactor Feed Heater: E-2523,Energy consumption for EG1 Third Stage Reactor Feed Heater: E-2523,1,2025-05-13 13:47:07,0,NULL,NULL
3573,Energy_GJ_E_2531,inferred,NULL,real,Energy consumption for EG1 First Effect Reboiler: E-2531,Energy consumption for EG1 First Effect Reboiler: E-2531,1,2025-05-13 13:47:07,0,NULL,NULL
3574,Energy_GJ_E_2610,inferred,NULL,real,Energy consumption for EG1 Drying Column Reboiler: E-2610,Energy consumption for EG1 Drying Column Reboiler: E-2610,1,2025-05-13 13:47:07,0,NULL,NULL
3575,Energy_GJ_E_2620,inferred,NULL,real,Energy consumption for EG1 MEG Column Reboiler: E-2620,Energy consumption for EG1 MEG Column Reboiler: E-2620,1,2025-05-13 13:47:07,0,NULL,NULL
3576,Energy_GJ_KM_4115,pi,UN.EG2.KM-4115.Recycle_Compressor_Power_EO_CALC_OUTPUT,real,Energy consumption for EG2 Recycle gas compressor: KM-4115,Energy consumption for EG2 Recycle gas compressor: KM-4115,1,2025-05-13 13:47:07,0,NULL,NULL
3577,Energy_GJ_E_4523,inferred,NULL,real,Energy consumption for EG2 Third Stage Reactor Feed Heater: E-4523,Energy consumption for EG2 Third Stage Reactor Feed Heater: E-4523,1,2025-05-13 13:47:07,0,NULL,NULL
3578,Energy_GJ_E_4531,inferred,NULL,real,Energy consumption for EG2 First Effect Reboiler: E-4531,Energy consumption for EG2 First Effect Reboiler: E-4531,1,2025-05-13 13:47:07,0,NULL,NULL
3579,Energy_GJ_E_4610,inferred,NULL,real,Energy consumption for EG2 Drying Column Reboiler: E-4610,Energy consumption for EG2 Drying Column Reboiler: E-4610,1,2025-05-13 13:47:07,0,NULL,NULL
3580,Energy_GJ_E_4620,inferred,NULL,real,Energy consumption for EG2 MEG Column Reboiler: E-4620,Energy consumption for EG2 MEG Column Reboiler: E-4620,1,2025-05-13 13:47:07,0,NULL,NULL
3581,Energy_GJ_E_6531,inferred,NULL,real,Energy consumption for EG3 First Effect Reboiler: E-6531,Energy consumption for EG3 First Effect Reboiler: E-6531,1,2025-05-13 13:47:07,0,NULL,NULL
3582,Energy_GJ_E_6620,inferred,NULL,real,Energy consumption for EG3 MEG Column Reboiler: E-6620,Energy consumption for EG3 MEG Column Reboiler: E-6620,1,2025-05-13 13:47:07,0,NULL,NULL
3583,Energy_GJ_H_1111,inferred,NULL,real,Energy consumption for Eth Furnace A: H-1111,Energy consumption for Eth Furnace A: H-1111,1,2025-05-13 13:47:07,0,NULL,NULL
3584,Energy_GJ_H_1112,inferred,NULL,real,Energy consumption for Eth Furnace B: H-1112,Energy consumption for Eth Furnace B: H-1112,1,2025-05-13 13:47:07,0,NULL,NULL
3585,Energy_GJ_H_1113,inferred,NULL,real,Energy consumption for Eth Furnace C: H-1113,Energy consumption for Eth Furnace C: H-1113,1,2025-05-13 13:47:07,0,NULL,NULL
3586,Energy_GJ_H_1114,inferred,NULL,real,Energy consumption for Eth Furnace D: H-1114,Energy consumption for Eth Furnace D: H-1114,1,2025-05-13 13:47:07,0,NULL,NULL
3587,Energy_GJ_H_1115,inferred,NULL,real,Energy consumption for Eth Furnace E: H-1115,Energy consumption for Eth Furnace E: H-1115,1,2025-05-13 13:47:07,0,NULL,NULL
3588,Energy_GJ_H_1116,inferred,NULL,real,Energy consumption for Eth Furnace F: H-1116,Energy consumption for Eth Furnace F: H-1116,1,2025-05-13 13:47:07,0,NULL,NULL
3589,Energy_GJ_H_1117,inferred,NULL,real,Energy consumption for Eth Furnace G: H-1117,Energy consumption for Eth Furnace G: H-1117,1,2025-05-13 13:47:07,0,NULL,NULL
3590,Energy_GJ_H_1118,inferred,NULL,real,Energy consumption for Eth Furnace H: H-1118,Energy consumption for Eth Furnace H: H-1118,1,2025-05-13 13:47:07,0,NULL,NULL
3591,Energy_GJ_H_1119,inferred,NULL,real,Energy consumption for Eth Furnace J: H-1119,Energy consumption for Eth Furnace J: H-1119,1,2025-05-13 13:47:07,0,NULL,NULL
3592,Energy_GJ_BO_7104A,pi,UN.UO.BO-7101A.Fuel_Boiler_1_Energy_EO_CALC_OUTPUT,real,Energy consumption for U&O Boiler A: BO-7104A,Energy consumption for U&O Boiler A: BO-7104A,1,2025-05-13 13:47:07,0,NULL,NULL
3593,Energy_GJ_BO_7104B,pi,UN.UO.BO-7101B.Fuel_Boiler_2_Energy_EO_CALC_OUTPUT,real,Energy consumption for U&O Boiler B: BO-7104B,Energy consumption for U&O Boiler B: BO-7104B,1,2025-05-13 13:47:07,0,NULL,NULL
3594,Energy_GJ_BO_7104C,pi,UN.UO.BO-7101C.Fuel_Boiler_3_Energy_EO_CALC_OUTPUT,real,Energy consumption for U&O Boiler C: BO-7104C,Energy consumption for U&O Boiler C: BO-7104C,1,2025-05-13 13:47:07,0,NULL,NULL
3595,Energy_GJ_BO_7104D,pi,UN.UO.BO-7101D.Fuel_Boiler_4_Energy_EO_CALC_OUTPUT,real,Energy consumption for U&O Boiler D: BO-7104D,Energy consumption for U&O Boiler D: BO-7104D,1,2025-05-13 13:47:07,0,NULL,NULL
3596,Energy_GJ_BO_7104E,pi,UN.UO.PK-7104E.Fuel_Boiler_5_Energy_EO_CALC_OUTPUT,real,Energy consumption for U&O Boiler E: BO-7104E,Energy consumption for U&O Boiler E: BO-7104E,1,2025-05-13 13:47:07,0,NULL,NULL
3597,Energy_GJ_KT_1200,inferred,NULL,real,Energy consumption for Eth CGC Turbine: KT-1200,Energy consumption for Eth CGC Turbine: KT-1200,1,2025-05-13 13:47:07,0,NULL,NULL
3598,Energy_GJ_E_1102,inferred,NULL,real,Energy consumption for Eth Ethane feed saturator: E-1102,Energy consumption for Eth Ethane feed saturator: E-1102,1,2025-05-13 13:47:07,0,NULL,NULL
3599,Energy_GJ_KM_7202B,inferred,NULL,real,Energy consumption for U&O Air Compressor-B: KM-7202B,Energy consumption for U&O Air Compressor-B: KM-7202B,1,2025-05-13 13:47:07,0,NULL,NULL
3600,Energy_GJ_KM_7202C,pi,UN.UO.KM-7201C.Air_Compressor_Motor_C_Power_EO_CALC_OUTPUT,real,Energy consumption for U&O Air Compressor-C: KM-7202C,Energy consumption for U&O Air Compressor-C: KM-7202C,1,2025-05-13 13:47:07,0,NULL,NULL
3601,Energy_GJ_PK_5020,pi,UN.CO2.PK-5020.Inlet_Flow_Energy_EO_CALC_OUTPUT,real,Energy consumption for CO2 Raw Gas Compressor: PK-5020,Energy consumption for CO2 Raw Gas Compressor: PK-5020,1,2025-05-13 13:47:07,0,NULL,NULL
3602,Energy_GJ_PK_5070,pi,UN.CO2.PK-5070.Inlet_Flow_Energy_EO_CALC_OUTPUT,real,Energy consumption for CO2 Product Compressor: PK-5070,Energy consumption for CO2 Product Compressor: PK-5070,1,2025-05-13 13:47:07,0,NULL,NULL
3603,Energy_GJ_KT_7202A,inferred,NULL,real,Energy consumption for U&O Air Compressor-A: KT-7202A,Energy consumption for U&O Air Compressor-A: KT-7202A,1,2025-05-13 13:47:07,0,NULL,NULL
3604,Energy_GJ_KT_7202D,pi,UN.UO.KT-7201D.Air_Compressor_Turbine_D_Steam_Energy_EO_CALC_OUTPUT,real,Energy consumption for U&O Air Compressor-D: KT-7202D,Energy consumption for U&O Air Compressor-D: KT-7202D,1,2025-05-13 13:47:07,0,NULL,NULL
3605,Energy_GJ_V_7101A,inferred,NULL,real,Energy consumption for U&O Deaerator-A: V-7101A,Energy consumption for U&O Deaerator-A: V-7101A,1,2025-05-13 13:47:07,0,NULL,NULL
3606,Energy_GJ_V_7101B,inferred,NULL,real,Energy consumption for U&O Deaerator-B: V-7101B,Energy consumption for U&O Deaerator-B: V-7101B,1,2025-05-13 13:47:07,0,NULL,NULL
3607,Energy_GJ_PM_7102A,inferred,NULL,real,Energy consumption for U&O VHP BFW Pump-A: PM-7102A,Energy consumption for U&O VHP BFW Pump-A: PM-7102A,1,2025-05-13 13:47:07,0,NULL,NULL
3608,Energy_GJ_PM_7103A,inferred,NULL,real,Energy consumption for U&O BFW Pump-A: PM-7103A,Energy consumption for U&O BFW Pump-A: PM-7103A,1,2025-05-13 13:47:07,0,NULL,NULL
3609,Energy_GJ_PM_7103D,inferred,NULL,real,Energy consumption for U&O BFW Pump-D: PM-7103D,Energy consumption for U&O BFW Pump-D: PM-7103D,1,2025-05-13 13:47:07,0,NULL,NULL
3610,Energy_GJ_PM_7103F,inferred,NULL,real,Energy consumption for U&O BFW Pump-F: PM-7103F,Energy consumption for U&O BFW Pump-F: PM-7103F,1,2025-05-13 13:47:07,0,NULL,NULL
3611,Energy_GJ_PT_7102B,pi,UN.UO.PT-7102B.VHP_BFW_B_Turbine_Steam_Energy_EO_CALC_OUTPUT,real,Energy consumption for U&O VHP BFW Pump-B: PT-7102B,Energy consumption for U&O VHP BFW Pump-B: PT-7102B,1,2025-05-13 13:47:07,0,NULL,NULL
3612,Energy_GJ_PT_7102C,pi,UN.UO.PT-7102C.VHP_BFW_C_Turbine_Steam_Energy_EO_CALC_OUTPUT,real,Energy consumption for U&O VHP BFW Pump-C: PT-7102C,Energy consumption for U&O VHP BFW Pump-C: PT-7102C,1,2025-05-13 13:47:07,0,NULL,NULL
3613,Energy_GJ_PT_7103B,inferred,NULL,real,Energy consumption for U&O BFW Pump-B: PT-7103B,Energy consumption for U&O BFW Pump-B: PT-7103B,1,2025-05-13 13:47:07,0,NULL,NULL
3614,Energy_GJ_PT_7103C,inferred,NULL,real,Energy consumption for U&O BFW Pump-C: PT-7103C,Energy consumption for U&O BFW Pump-C: PT-7103C,1,2025-05-13 13:47:07,0,NULL,NULL
3615,Energy_GJ_PT_7103E,inferred,NULL,real,Energy consumption for U&O BFW Pump-E: PT-7103E,Energy consumption for U&O BFW Pump-E: PT-7103E,1,2025-05-13 13:47:07,0,NULL,NULL
3616,Energy_GJ_PT_7801A,inferred,NULL,real,Energy consumption for U&O Cooling Water Pump-A: PT-7801A,Energy consumption for U&O Cooling Water Pump-A: PT-7801A,1,2025-05-13 13:47:07,0,NULL,NULL
3617,Energy_GJ_PT_7801B,inferred,NULL,real,Energy consumption for U&O Cooling Water Pump-B: PT-7801B,Energy consumption for U&O Cooling Water Pump-B: PT-7801B,1,2025-05-13 13:47:07,0,NULL,NULL
3618,Energy_GJ_PT_7801G,inferred,NULL,real,Energy consumption for U&O Cooling Water Pump-G: PT-7801G,Energy consumption for U&O Cooling Water Pump-G: PT-7801G,1,2025-05-13 13:47:07,0,NULL,NULL
3619,Energy_GJ_KM_6115,inferred,NULL,real,Energy consumption for EG3 Recycle gas compressor: KM-6115,Energy consumption for EG3 Recycle gas compressor: KM-6115,1,2025-05-13 13:47:07,0,NULL,NULL
3620,Energy_GJ_H_3831,inferred,NULL,real,Energy consumption for LAO Hot Oil Heater: H-3831,Energy consumption for LAO Hot Oil Heater: H-3831,1,2025-05-13 13:47:07,0,NULL,NULL
3621,Energy_GJ_C_2310_to_E_2310,inferred,NULL,real,Energy consumption for EG1 Stripping System: C-2310 / E-2310,Energy consumption for EG1 Stripping System: C-2310 / E-2310,1,2025-05-13 13:47:07,0,NULL,NULL
3622,Energy_GJ_C_4310_to_E_4310,inferred,NULL,real,Energy consumption for EG2 Stripping System: C-4310 / E-4310,Energy consumption for EG2 Stripping System: C-4310 / E-4310,1,2025-05-13 13:47:07,0,NULL,NULL
3623,Energy_GJ_C_2220_to_E_2220,inferred,NULL,real,Energy consumption for EG1 Regeneration System: C-2220 / E-2220,Energy consumption for EG1 Regeneration System: C-2220 / E-2220,1,2025-05-13 13:47:07,0,NULL,NULL
3624,Energy_GJ_C_4220_to_E_4220,inferred,NULL,real,Energy consumption for EG2 Regeneration System: C-4220 / E-4220,Energy consumption for EG2 Regeneration System: C-4220 / E-4220,1,2025-05-13 13:47:07,0,NULL,NULL
3625,Energy_GJ_E_6220,inferred,NULL,real,Energy consumption for EG3 Regeneration System: E-6220,Energy consumption for EG3 Regeneration System: E-6220,1,2025-05-13 13:47:07,0,NULL,NULL
3626,max_spec_en_consumption,pi,UN.UO.Maximum_Specific_Energy_Consumption_EO_CALC_OUTPUT,real,max spec en consumption,max_spec_en_consumption,1,2025-05-14 07:12:53,0,NULL,NULL
3627,max_spec_en_consumption_blr,inferred,NULL,real,max spec en consumption blr,max_spec_en_consumption_blr,1,2025-05-14 07:12:53,0,NULL,NULL
3628,avg_load,pi,UN.UO.Average_Load_EO_CALC_OUTPUT,real,avg load,avg_load,1,2025-05-14 07:12:53,0,NULL,NULL
3629,Boiler_opt_running,inferred,NULL,real,Boiler opt running,Boiler_opt_running,1,2025-05-14 07:12:53,0,NULL,NULL
3630,Dryness_fraction,inferred,NULL,real,Dryness fraction,Dryness fraction,1,2025-05-14 07:12:53,0,NULL,NULL
3631,Turbine_EXT_steam_Enthaply,inferred,NULL,real,Turbine EXT steam Enthaply,Turbine EXT steam Enthaply,1,2025-05-14 07:12:53,0,NULL,NULL
3632,Turbine_EXT_steam_Entropy,inferred,NULL,real,Turbine EXT steam Entropy,Turbine EXT steam Entropy,1,2025-05-14 07:12:53,0,NULL,NULL
3633,Turbine_VHP_steam_Entropy,inferred,NULL,real,Turbine VHP steam Entropy,Turbine VHP steam Entropy,1,2025-05-14 07:12:53,0,NULL,NULL
3634,Turbine_VHP_steam_Enthaply,inferred,NULL,real,Turbine VHP steam Enthaply,Turbine VHP steam Enthaply,1,2025-05-14 07:12:53,0,NULL,NULL
3635,Exhaust_Liq_Enthalpy,inferred,NULL,real,Exhaust Liq Enthalpy,Exhaust Liq Enthalpy,1,2025-05-14 07:12:53,0,NULL,NULL
3636,Exhaust_Vap_Enthalpy,inferred,NULL,real,Exhaust Vap Enthalpy,Exhaust Vap Enthalpy,1,2025-05-14 07:12:53,0,NULL,NULL
3637,Turb_VHP_STM_INLET_Flow,inferred,NULL,real,Turb VHP STM INLET Flow,Turb VHP STM INLET Flow,1,2025-05-14 07:12:53,0,NULL,NULL
3638,X_fact_isentropic,inferred,NULL,real,X fact isentropic,X fact isentropic,1,2025-05-14 07:12:53,0,NULL,NULL
3639,Exhaust_section_Efficiency,inferred,NULL,real,Exhaust section Efficiency,Exhaust section Efficiency,1,2025-05-14 07:12:53,0,NULL,NULL
3640,Turb_Exhaust_STM_INLET_Flow,inferred,NULL,real,Turb Exhaust STM INLET Flow,Turb Exhaust STM INLET Flow,1,2025-05-14 07:12:53,0,NULL,NULL
3641,His_Ext,inferred,NULL,real,His Ext,His Ext,1,2025-05-14 07:12:53,0,NULL,NULL
3642,Extraction_stage_Efficiency,inferred,NULL,real,Extraction stage Efficiency,Extraction stage Efficiency,1,2025-05-14 07:12:53,0,NULL,NULL
3643,CGC_Turbine_efficiency,inferred,NULL,real,CGC Turbine efficiency,CGC Turbine efficiency,1,2025-05-14 07:12:53,0,NULL,NULL
3644,Presssure_Ratio_5071,inferred,NULL,real,Presssure Ratio 5071,Presssure_Ratio_5071,1,2025-05-14 07:12:53,0,NULL,NULL
3645,Temp_Ratio_5071,pi,UN.CO2.PK-5070.KEV_Temperature_Ratio_EO_CALC_OUTPUT,real,Temp Ratio 5071,Temp_Ratio_5071,1,2025-05-14 07:12:53,0,NULL,NULL
3646,Short_Eff_5071,pi,UN.CO2.PK-5070.Short_Efficiency_EO_CALC_OUTPUT,real,Short Eff 5071,Short_Eff_5071,1,2025-05-14 07:12:53,0,NULL,NULL
3647,scaled_eff_5071,pi,UN.CO2.PK-5070.Scaled_Efficiency_EO_CALC_OUTPUT,real,K-5071 Efficiency,scaled_eff_5071,1,2025-05-14 07:12:53,0,NULL,NULL
3648,opt_flag,inferred,NULL,real,opt flag,opt_flag,1,2025-05-14 18:07:54,0,NULL,NULL
3649,C2_splitter_top_analyzer_C2H6,pi,UN.ETH.15AI5080C.PV,real,C2 splitter top analyzer C2H6,C2 Splitter Top Analyzer C2H6,1,2025-05-16 11:03:56,0,NULL,NULL
3650,C2_splitter_reflux_controller_opening,pi,UN.ETH.15FC5060.MV,real,C2 splitter reflux controller opening,C2 Splitter Reflux Flow Controller Opening,1,2025-05-16 11:03:56,0,NULL,NULL
3651,C2_splitter_control_tray_temperature_controller_opening,pi,UN.ETH.15LC5041.MV,real,C2 splitter control tray temperature controller opening,C2_splitter_control_tray_temperature_controller_opening,1,2025-05-16 11:03:56,0,NULL,NULL
3652,C2_splitter_control_tray_temperature,pi,UN.ETH.15TC5002.PV,real,C2 splitter control tray temperature,C2 Splitter Control Tray Temperature,1,2025-05-16 11:03:56,0,NULL,NULL
3653,Ethylene_surge_drum_vent_to_CGC_5Th_stage_controller_opening,pi,UN.ETH.15HC5296.MV,real,Ethylene surge drum vent to CGC 5Th stage controller opening,Ethylene_surge_drum_vent_to_CGC_5Th_stage_controller_opening,1,2025-05-16 11:03:56,0,NULL,NULL
3654,C2_compressor_RPM,pi,UN.ETH.15SI5802A.PV,real,C2 compressor RPM,C2 Compressor RPM,1,2025-05-16 11:03:56,0,NULL,NULL
3655,Fuel_gas_drum_pressure,pi,UN.ETH.12PC2228.PV,real,Fuel gas drum pressure,Fuel Gas (V1213) Drum Pressure,1,2025-05-16 11:03:56,0,NULL,NULL
3656,E_1402_level,pi,UN.ETH.14LC4042.PV,real,E 1402 level,E1402 Level,1,2025-05-16 11:03:56,0,NULL,NULL
3657,C2R_governer_opening,pi,UN.ETH.15XY5892A_B.PV,real,C2R governer opening,C2R Governer Opening,1,2025-05-16 11:03:56,0,NULL,NULL
3658,E_1307_level,pi,UN.ETH.13LC3044.PV,real,E 1307 level,E 1307 Level,1,2025-05-16 11:03:56,0,NULL,NULL
3659,E_1308_level,pi,UN.ETH.13LC3045.PV,real,E 1308 level,E 1308 Level,1,2025-05-16 11:03:56,0,NULL,NULL
3660,E_1309_level,pi,UN.ETH.13LC3046.PV,real,E 1309 level,E 1309 Level,1,2025-05-16 11:03:56,0,NULL,NULL
3661,E_1310_level,pi,UN.ETH.13LC3047.PV,real,E 1310 level,E_1310_level,1,2025-05-16 11:03:56,0,NULL,NULL
3662,C2_compressor_suction_pressure,pi,UN.ETH.15PI5031.PV,real,C2 compressor suction pressure,C2 Compressor Suction Pressure,1,2025-05-16 11:03:56,0,NULL,NULL
3663,Ethylene_in_tail_gas,pi,UN.ETH.14AI4083.PV,real,Ethylene in tail gas,Ethylene In Tail Gas,1,2025-05-16 11:03:56,0,NULL,NULL
3664,Ethylene_in_recycle_ethane,pi,UN.ETH.15AI5081A.PV,real,Ethylene in recycle ethane,Ethylene In Recycle Ethane,1,2025-05-16 11:03:56,0,NULL,NULL
3665,Specific_energy_consumption_in_C3R,pi,UN.ETH.KT-1600.Specific_energy_consumption_in_C3R_PEEO_CALC_OUTPUT,real,Specific energy consumption in C3R,Specific energy consumption in C3R,1,2025-05-16 11:03:56,0,NULL,NULL
3666,C3_compressor_RPM,pi,UN.ETH.16SI6802A.PV,real,C3 compressor RPM,C3 Compressor Rpm,1,2025-05-16 11:03:56,0,NULL,NULL
3667,C3R_governer_opening,pi,UN.ETH.16XY6892A_B.PV,real,C3R governer opening,C3R Governer Opening,1,2025-05-16 11:03:56,0,NULL,NULL
3668,C3_compressor_suction_pressure,pi,UN.ETH.16PI6023.PV,real,C3 compressor suction pressure,C3 Compressor Suction Pressure,1,2025-05-16 11:03:56,0,NULL,NULL
3669,C3R_surface_condenser_level_controller_opening,pi,UN.ETH.16LC6044.MV,real,C3R surface condenser level controller opening,C3R Surface Condenser Level Controller Opening,1,2025-05-16 11:03:56,0,NULL,NULL
3670,Plant_air_to_EG1_in_kgph,pi,UN.EG1.29FI9901.PV,real,Plant air to EG1 in kgph,Plant air to EG1 in kgph,1,2025-05-16 11:03:56,0,NULL,NULL
3671,Plant_air_to_EG2_in_kgph,pi,UN.EG2.49FI9901.PV,real,Plant air to EG2 in kgph,Plant air to EG2 in kgph,1,2025-05-16 11:03:56,0,NULL,NULL
3672,Plant_air_to_EG3_in_kgph,pi,UN.EG3.69FI9102.PV,real,Plant air to EG3 in kgph,Plant air to EG3 in kgph,1,2025-05-16 11:03:56,0,NULL,NULL
3673,Plant_air_to_LAO_in_kgph,pi,UN.LAO.39FI9406A.PV,real,Plant air to LAO in kgph,Plant air to LAO in kgph,1,2025-05-16 11:03:56,0,NULL,NULL
3674,Instr_air_to_EG1_in_kgph,pi,UN.EG1.29FI9303.PV,real,Instr air to EG1 in kgph,Instr air to EG1 in kgph,1,2025-05-16 11:03:56,0,NULL,NULL
3675,Instr_air_to_EG2_in_kgph,pi,UN.EG2.49FI9303.PV,real,Instr air to EG2 in kgph,Instr air to EG2 in kgph,1,2025-05-16 11:03:56,0,NULL,NULL
3676,Instr_air_to_EG3_in_kgph,pi,UN.EG3.69FI9303.PV,real,Instr air to EG3 in kgph,Instr air to EG3 in kgph,1,2025-05-16 11:03:56,0,NULL,NULL
3677,Instr_air_to_Eth_in_tph,pi,UN.ETH.17FI7162.PV,real,Instr air to Eth in tph,Instr air to Eth in tph,1,2025-05-16 11:03:56,0,NULL,NULL
3678,Instr_air_to_LAO_in_kgph,pi,UN.LAO.39FI9402A.PV,real,Instr air to LAO in kgph,Instr air to LAO in kgph,1,2025-05-16 11:03:56,0,NULL,NULL
3679,Instr_air_to_CW_in_m3ph,pi,UN.UO.78FI8081.PV,real,Instr air to CW in m3ph,Instr air to CW in m3ph,1,2025-05-16 11:03:56,0,NULL,NULL
3680,Calculated_Inst_air,inferred,NULL,real,Calculated Inst air,Calculated_Inst_air,1,2025-05-16 11:03:56,0,NULL,NULL
3681,Calculated_Plant_air,inferred,NULL,real,Calculated Plant air,Calculated_Plant_air,1,2025-05-16 11:03:56,0,NULL,NULL
3682,Specific_energy_consumption_in_C2R,pi,UN.ETH.KT-1500.Specific_energy_consumption_in_C2R_PEEO_CALC_OUTPUT,real,Specific energy consumption in C2R,Specific energy consumption in C2R,1,2025-05-16 12:22:23,0,NULL,NULL
3683,C2_splitter_top_analyzer_C2H6_Adjusted,inferred,NULL,real,C2 splitter top analyzer C2H6 Adjusted,C2_splitter_top_analyzer_C2H6_Adjusted,1,2025-05-16 12:22:23,0,NULL,NULL
3684,C2_splitter_reflux_controller_opening_Adjusted,inferred,NULL,real,C2 splitter reflux controller opening Adjusted,C2_splitter_reflux_controller_opening_Adjusted,1,2025-05-16 12:22:24,0,NULL,NULL
3685,C2_splitter_control_tray_temperature_controller_opening_Adjusted,inferred,NULL,real,C2 splitter control tray temperature controller opening Adjusted,C2_splitter_control_tray_temperature_controller_opening_Adjusted,1,2025-05-16 12:22:24,0,NULL,NULL
3686,C2_splitter_control_tray_temperature_Adjusted,inferred,NULL,real,C2 splitter control tray temperature Adjusted,C2_splitter_control_tray_temperature_Adjusted,1,2025-05-16 12:22:24,0,NULL,NULL
3687,Ethylene_surge_drum_vent_to_CGC_5Th_stage_controller_opening_Adjusted,inferred,NULL,real,Ethylene surge drum vent to CGC 5Th stage controller opening Adjusted,Ethylene_surge_drum_vent_to_CGC_5Th_stage_controller_opening_Adjusted,1,2025-05-16 12:22:24,0,NULL,NULL
3688,C2_compressor_RPM_Adjusted,inferred,NULL,real,C2 compressor RPM Adjusted,C2_compressor_RPM_Adjusted,1,2025-05-16 12:22:24,0,NULL,NULL
3689,Fuel_gas_drum_pressure_Adjusted,inferred,NULL,real,Fuel gas drum pressure Adjusted,Fuel_gas_drum_pressure_Adjusted,1,2025-05-16 12:22:24,0,NULL,NULL
3690,E_1402_level_Adjusted,inferred,NULL,real,E 1402 level Adjusted,E_1402_level_Adjusted,1,2025-05-16 12:22:24,0,NULL,NULL
3691,C2R_governer_opening_Adjusted,inferred,NULL,real,C2R governer opening Adjusted,C2R_governer_opening_Adjusted,1,2025-05-16 12:22:24,0,NULL,NULL
3692,E_1307_level_Adjusted,inferred,NULL,real,E 1307 level Adjusted,E_1307_level_Adjusted,1,2025-05-16 12:22:24,0,NULL,NULL
3693,E_1308_level_Adjusted,inferred,NULL,real,E 1308 level Adjusted,E_1308_level_Adjusted,1,2025-05-16 12:22:24,0,NULL,NULL
3694,E_1309_level_Adjusted,inferred,NULL,real,E 1309 level Adjusted,E_1309_level_Adjusted,1,2025-05-16 12:22:24,0,NULL,NULL
3695,E_1310_level_Adjusted,inferred,NULL,real,E 1310 level Adjusted,E_1310_level_Adjusted,1,2025-05-16 12:22:24,0,NULL,NULL
3696,C2_compressor_suction_pressure_Adjusted,inferred,NULL,real,C2 compressor suction pressure Adjusted,C2_compressor_suction_pressure_Adjusted,1,2025-05-16 12:22:24,0,NULL,NULL
3697,Ethylene_in_tail_gas_Adjusted,inferred,NULL,real,Ethylene in tail gas Adjusted,Ethylene_in_tail_gas_Adjusted,1,2025-05-16 12:22:24,0,NULL,NULL
3698,Ethylene_in_recycle_ethane_Adjusted,inferred,NULL,real,Ethylene in recycle ethane Adjusted,Ethylene_in_recycle_ethane_Adjusted,1,2025-05-16 12:22:24,0,NULL,NULL
3699,Specific_energy_consumption_in_C2R_Adjusted,inferred,NULL,real,Specific energy consumption in C2R Adjusted,Specific_energy_consumption_in_C2R_Adjusted,1,2025-05-16 12:22:24,0,NULL,NULL
3700,C2R_turbine_Inlet_steam_temp_Adjusted,inferred,NULL,real,C2R turbine Inlet steam temp Adjusted,C2R_turbine_Inlet_steam_temp_Adjusted,1,2025-05-16 12:22:24,0,NULL,NULL
3701,C2R_turbine_Inlet_steam_pressure_Adjusted,inferred,NULL,real,C2R turbine Inlet steam pressure Adjusted,C2R_turbine_Inlet_steam_pressure_Adjusted,1,2025-05-16 12:22:24,0,NULL,NULL
3702,C2R_turbine_Inlet_steam_flow_Adjusted,inferred,NULL,real,C2R turbine Inlet steam flow Adjusted,C2R_turbine_Inlet_steam_flow_Adjusted,1,2025-05-16 12:22:24,0,NULL,NULL
3703,C3_compressor_RPM_Adjusted,inferred,NULL,real,C3 compressor RPM Adjusted,C3_compressor_RPM_Adjusted,1,2025-05-16 12:22:24,0,NULL,NULL
3704,C3R_governer_opening_Adjusted,inferred,NULL,real,C3R governer opening Adjusted,C3R_governer_opening_Adjusted,1,2025-05-16 12:22:24,0,NULL,NULL
3705,C3_compressor_suction_pressure_Adjusted,inferred,NULL,real,C3 compressor suction pressure Adjusted,C3_compressor_suction_pressure_Adjusted,1,2025-05-16 12:22:24,0,NULL,NULL
3706,C3R_surface_condenser_level_controller_opening_Adjusted,inferred,NULL,real,C3R surface condenser level controller opening Adjusted,C3R_surface_condenser_level_controller_opening_Adjusted,1,2025-05-16 12:22:24,0,NULL,NULL
3707,Specific_energy_consumption_in_C3R_Adjusted,inferred,NULL,real,Specific energy consumption in C3R Adjusted,Specific_energy_consumption_in_C3R_Adjusted,1,2025-05-16 12:22:24,0,NULL,NULL
3708,C3R_turbine_Inlet_steam_temp_Adjusted,inferred,NULL,real,C3R turbine Inlet steam temp Adjusted,C3R_turbine_Inlet_steam_temp_Adjusted,1,2025-05-16 12:22:24,0,NULL,NULL
3709,C3R_turbine_Inlet_steam_pressure_Adjusted,inferred,NULL,real,C3R turbine Inlet steam pressure Adjusted,C3R_turbine_Inlet_steam_pressure_Adjusted,1,2025-05-16 12:22:24,0,NULL,NULL
3710,C3R_turbine_Inlet_steam_flow_Adjusted,inferred,NULL,real,C3R turbine Inlet steam flow Adjusted,C3R_turbine_Inlet_steam_flow_Adjusted,1,2025-05-16 12:22:24,0,NULL,NULL
3711,C2R_dis_1,pi,UN.ETH.15FI5062A.PV,real,C3R discharge flow 1,C3R discharge flow 1,1,2025-05-17 13:56:00,0,NULL,NULL
3712,C2R_dis_2,pi,UN.ETH.15FI5063A.PV,real,C3R discharge flow 2,C3R discharge flow 2,1,2025-05-17 13:56:00,0,NULL,NULL
3713,C2R_inlet_T,pi,UN.ETH.15TI5004.PV,real,C3R inlet Temp,C3R inlet Temp,1,2025-05-17 13:56:00,0,NULL,NULL
3714,C2R_dis_Pr_1,pi,UN.ETH.15PI5022.PV,real,C3R dis Pressure 1,C3R dis Pressure 1,1,2025-05-17 13:56:00,0,NULL,NULL
3715,C2R_outlet1_T,pi,UN.ETH.15TI5005.PV,real,C3R outlet 1 temp,C3R outlet 1 temp,1,2025-05-17 13:56:00,0,NULL,NULL
3716,C2R_dis_Pr_2,pi,UN.ETH.15PI5023.PV,real,C3R discharge pressure 2,C3R discharge pressure 2,1,2025-05-17 13:56:00,0,NULL,NULL
3717,KT_1500_temp_out,pi,UN.ETH.15TI5106.PV,real,KT 1500 temp out,KT 1500 temp out,1,2025-05-17 13:56:00,0,NULL,NULL
3718,KT_1500_pressure_out,pi,UN.ETH.15PI5125.PV,real,KT 1500 pressure out,KT 1500 pressure out,1,2025-05-17 13:56:00,0,NULL,NULL
3719,C2R_N,inferred,NULL,real,C2R N,C2R_N,1,2025-05-17 13:56:00,0,NULL,NULL
3720,C2R_expo,inferred,NULL,real,C2R expo,C2R_expo,1,2025-05-17 13:56:00,0,NULL,NULL
3721,C2R_m,inferred,NULL,real,C2R m,C2R_m,1,2025-05-17 13:56:00,0,NULL,NULL
3722,C2R_pr_exp,inferred,NULL,real,C2R pr exp,C2R_pr_exp,1,2025-05-17 13:56:00,0,NULL,NULL
3723,C2R_work1_MW,inferred,NULL,real,C2R work1 MW,C2R_work1_MW,1,2025-05-17 13:56:00,0,NULL,NULL
3724,C2R_m2,inferred,NULL,real,C2R m2,C2R_m2,1,2025-05-17 13:56:00,0,NULL,NULL
3725,C2R_pr_exp2,inferred,NULL,real,C2R pr exp2,C2R_pr_exp2,1,2025-05-17 13:56:00,0,NULL,NULL
3726,C2R_work2_MW,inferred,NULL,real,C2R work2 MW,C2R_work2_MW,1,2025-05-17 13:56:00,0,NULL,NULL
3727,C2R_Total_work,inferred,NULL,real,C2R Total work,C2R_Total_work,1,2025-05-17 13:56:00,0,NULL,NULL
3728,C2_power,pi,UN.ETH.KT-1500.C2_power_PEEO_CALC_OUTPUT,real,C2 power,C2_power,1,2025-05-18 10:10:32,0,NULL,NULL
3729,C3_power,pi,UN.ETH.KT-1600.C3_power_PEEO_CALC_OUTPUT,real,C3 power,C3_power,1,2025-05-18 10:10:32,0,NULL,NULL
3730,Ethylene_total_flow,pi,UN.ETH.15FI5066A.PV,real,Ethylene total flow,Ethylene Total Flow,1,2025-05-18 10:10:32,0,NULL,NULL
3731,C2_power_Adjusted,inferred,NULL,real,C2 power Adjusted,C2_power_Adjusted,1,2025-05-18 10:10:32,0,NULL,NULL
3732,C3_power_Adjusted,inferred,NULL,real,C3 power Adjusted,C3_power_Adjusted,1,2025-05-18 10:10:32,0,NULL,NULL
3733,ETH_HPS_Demand_2_delta,inferred,NULL,real,ETH HPS Demand 2 delta,ETH_HPS_Demand_2_delta,0,2025-05-18 10:10:32,0,NULL,NULL
3734,ETH_HPS_Demand_2_delta_Adjusted,inferred,NULL,real,ETH HPS Demand 2 delta Adjusted,ETH_HPS_Demand_2_delta_Adjusted,0,2025-05-18 10:10:32,0,NULL,NULL
3735,C2_splitter_top_analyzer_C2H6_KEV,inferred,NULL,real,C2 splitter top analyzer C2H6 KEV,C2_splitter_top_analyzer_C2H6_KEV,1,2025-05-18 15:37:20,0,NULL,NULL
3736,C2_splitter_reflux_controller_opening_KEV,inferred,NULL,real,C2 splitter reflux controller opening KEV,C2_splitter_reflux_controller_opening_KEV,1,2025-05-18 15:37:20,0,NULL,NULL
3737,C2_splitter_control_tray_temperature_controller_opening_KEV,inferred,NULL,real,C2 splitter control tray temperature controller opening KEV,C2_splitter_control_tray_temperature_controller_opening_KEV,1,2025-05-18 15:37:20,0,NULL,NULL
3738,Ethylene_surge_drum_vent_to_CGC_5Th_stage_controller_opening_KEV,inferred,NULL,real,Ethylene surge drum vent to CGC 5Th stage controller opening KEV,Ethylene_surge_drum_vent_to_CGC_5Th_stage_controller_opening_KEV,1,2025-05-18 15:37:20,0,NULL,NULL
3739,C2_compressor_RPM_KEV,inferred,NULL,real,C2 compressor RPM KEV,C2_compressor_RPM_KEV,1,2025-05-18 15:37:20,0,NULL,NULL
3740,C2R_governer_opening_KEV,inferred,NULL,real,C2R governer opening KEV,C2R_governer_opening_KEV,1,2025-05-18 15:37:20,0,NULL,NULL
3741,E_1310_level_KEV,inferred,NULL,real,E 1310 level KEV,E_1310_level_KEV,1,2025-05-18 15:37:20,0,NULL,NULL
3742,C2_compressor_suction_pressure_KEV,inferred,NULL,real,C2 compressor suction pressure KEV,C2_compressor_suction_pressure_KEV,1,2025-05-18 15:37:20,0,NULL,NULL
3743,Specific_energy_consumption_in_C2R_KEV,inferred,NULL,real,Specific energy consumption in C2R KEV,Specific_energy_consumption_in_C2R_KEV,1,2025-05-18 15:37:20,0,NULL,NULL
3744,C2R_turbine_Inlet_steam_temp_KEV,inferred,NULL,real,C2R turbine Inlet steam temp KEV,C2R_turbine_Inlet_steam_temp_KEV,1,2025-05-18 15:37:20,0,NULL,NULL
3745,C2R_turbine_Inlet_steam_pressure_KEV,inferred,NULL,real,C2R turbine Inlet steam pressure KEV,C2R_turbine_Inlet_steam_pressure_KEV,1,2025-05-18 15:37:20,0,NULL,NULL
3746,C2R_turbine_Inlet_steam_flow_KEV,inferred,NULL,real,C2R turbine Inlet steam flow KEV,C2R_turbine_Inlet_steam_flow_KEV,1,2025-05-18 15:37:20,0,NULL,NULL
3747,Ethylene_in_tail_gas_KEV,pi,UN.ETH.KEV_Ethylene_In_Tail_Gas_EO_CALC_OUTPUT,real,Ethylene in tail gas KEV,Ethylene_in_tail_gas_KEV,1,2025-05-18 15:37:20,0,NULL,NULL
3748,Fuel_gas_drum_pressure_KEV,pi,UN.ETH.KEV_Fuel_Gas_Drum_Pressure_EO_CALC_OUTPUT,real,Fuel gas drum pressure KEV,Fuel_gas_drum_pressure_KEV,1,2025-05-18 15:37:20,0,NULL,NULL
3749,E_1402_level_KEV,inferred,NULL,real,E 1402 level KEV,E_1402_level_KEV,1,2025-05-18 15:37:20,0,NULL,NULL
3750,E_1307_level_KEV,inferred,NULL,real,E 1307 level KEV,E_1307_level_KEV,1,2025-05-18 15:37:20,0,NULL,NULL
3751,C3_compressor_RPM_KEV,inferred,NULL,real,C3 compressor RPM KEV,C3_compressor_RPM_KEV,1,2025-05-18 15:37:20,0,NULL,NULL
3752,C3R_governer_opening_KEV,inferred,NULL,real,C3R governer opening KEV,C3R_governer_opening_KEV,1,2025-05-18 15:37:21,0,NULL,NULL
3753,E_1308_level_KEV,inferred,NULL,real,E 1308 level KEV,E_1308_level_KEV,1,2025-05-18 15:37:21,0,NULL,NULL
3754,E_1309_level_KEV,inferred,NULL,real,E 1309 level KEV,E_1309_level_KEV,1,2025-05-18 15:37:21,0,NULL,NULL
3755,C3_compressor_suction_pressure_KEV,inferred,NULL,real,C3 compressor suction pressure KEV,C3_compressor_suction_pressure_KEV,1,2025-05-18 15:37:21,0,NULL,NULL
3756,Ethylene_in_recycle_ethane_KEV,inferred,NULL,real,Ethylene in recycle ethane KEV,Ethylene_in_recycle_ethane_KEV,1,2025-05-18 15:37:21,0,NULL,NULL
3757,C2_splitter_control_tray_temperature_KEV,inferred,NULL,real,C2 splitter control tray temperature KEV,C2_splitter_control_tray_temperature_KEV,1,2025-05-18 15:37:21,0,NULL,NULL
3758,C3R_surface_condenser_level_controller_opening_KEV,inferred,NULL,real,C3R surface condenser level controller opening KEV,C3R_surface_condenser_level_controller_opening_KEV,1,2025-05-18 15:37:21,0,NULL,NULL
3759,Specific_energy_consumption_in_C3R_KEV,inferred,NULL,real,Specific energy consumption in C3R KEV,Specific_energy_consumption_in_C3R_KEV,1,2025-05-18 15:37:21,0,NULL,NULL
3760,C3R_turbine_Inlet_steam_temp_KEV,inferred,NULL,real,C3R turbine Inlet steam temp KEV,C3R_turbine_Inlet_steam_temp_KEV,1,2025-05-18 15:37:21,0,NULL,NULL
3761,C3R_turbine_Inlet_steam_pressure_KEV,inferred,NULL,real,C3R turbine Inlet steam pressure KEV,C3R_turbine_Inlet_steam_pressure_KEV,1,2025-05-18 15:37:21,0,NULL,NULL
3762,C3R_turbine_Inlet_steam_flow_KEV,inferred,NULL,real,C3R turbine Inlet steam flow KEV,C3R_turbine_Inlet_steam_flow_KEV,1,2025-05-18 15:37:21,0,NULL,NULL
3763,scaled_eff_5021_Adjusted,inferred,NULL,real,scaled_eff_5021_Adjusted,scaled_eff_5021_Adjusted,1,2025-05-19 16:15:08,0,NULL,NULL
3764,CO2_comp_5070_KEV_ASCV_Opening_Adjusted,inferred,NULL,real,CO2_comp_5070_KEV_ASCV_Opening_Adjusted,CO2_comp_5070_KEV_ASCV_Opening_Adjusted,1,2025-05-19 16:15:08,0,NULL,NULL
3765,CGC_Turb_SPEED,pi,UN.ETH.12SI2800A.PV,real,CGC_Turb_SPEED,CGC_Turb_SPEED,1,2025-05-23 12:09:47,0,NULL,NULL
3766,ETH_LPS_Demand_delta,inferred,NULL,real,ETH_LPS_Demand_delta,ETH_LPS_Demand_delta,1,2025-05-23 12:09:48,0,NULL,NULL
3767,ETH_LPS_Demand_Adjusted,inferred,NULL,real,ETH_LPS_Demand_Adjusted,ETH_LPS_Demand_Adjusted,1,2025-05-23 12:09:48,0,NULL,NULL
3768,ETH_LPS_Demand_delta_Adjusted,inferred,NULL,real,ETH_LPS_Demand_delta_Adjusted,ETH_LPS_Demand_delta_Adjusted,1,2025-05-26 11:33:04,0,NULL,NULL
3769,C3R_Exhaust_temp,pi,UN.ETH.16TI6007.PV,real,C3R Exhaust temp,C3R Exhaust temp,1,2025-05-27 11:36:26,0,NULL,NULL
3770,C3R_Exhaust_pressure,pi,UN.ETH.16PI6120C.PV,real,C3R Exhaust pressure,C3R Exhaust pressure,1,2025-05-27 11:36:27,0,NULL,NULL
3771,C3R_Dryness,inferred,NULL,real,Dryness factor for C3R,Dryness factor for C3R,1,2025-05-27 11:36:27,0,NULL,NULL
3772,C3R_EXT_pressure,inferred,NULL,real,C3R_EXT_pressure,Pressure at the extraction point of the C3R turbine.,1,2025-05-27 11:36:28,0,NULL,NULL
3773,C3R_EXT_Temp,inferred,NULL,real,C3R_EXT_Temp,Temperature at the extraction point of the C3R turbine.,1,2025-05-27 11:36:28,0,NULL,NULL
3774,C3R_InletPressureAbsolute,inferred,NULL,real,C3R_InletPressureAbsolute,Absolute pressure of steam at the C3R turbine inlet.,1,2025-05-27 11:36:29,0,NULL,NULL
3775,C3R_InletFlowRateKgs,inferred,NULL,real,C3R_InletFlowRateKgs,"Mass flow rate of steam at the C3R turbine inlet, in kilograms per second.",1,2025-05-27 11:36:30,0,NULL,NULL
3776,C3R_ExtFlowRateKgs,inferred,NULL,real,C3R_ExtFlowRateKgs,"Mass flow rate of steam extracted from the C3R turbine, in kilograms per second.",1,2025-05-27 11:36:30,0,NULL,NULL
3777,C3R_LPSFlowRateKgs,inferred,NULL,real,C3R_LPSFlowRateKgs,"Mass flow rate of steam continuing to the low-pressure ",1,2025-05-27 11:36:31,0,NULL,NULL
3778,C3R_InletEnthalpy,inferred,NULL,real,C3R_InletEnthalpy,Specific enthalpy of steam at the C3R turbine inlet.,1,2025-05-27 11:36:31,0,NULL,NULL
3779,C3R_InletEntropy,inferred,NULL,real,C3R_InletEntropy,Specific entropy of steam at the C3R turbine inlet.,1,2025-05-27 11:36:32,0,NULL,NULL
3780,C3R_ExtEnthalpyActual,inferred,NULL,real,C3R_ExtEnthalpyActual,Actual specific enthalpy of steam at the C3R turbine extraction point.,1,2025-05-27 11:36:33,0,NULL,NULL
3781,C3R_ExtEntropyActual,inferred,NULL,real,C3R_ExtEntropyActual,Actual specific entropy of steam at the C3R turbine extraction point.,1,2025-05-27 11:36:33,0,NULL,NULL
3782,C3R_entropy_fraction,inferred,NULL,real,C3R_entropy_fraction,Specific enthalpy of saturated liquid at the C3R turbine extraction pressure for an isentropic expansion.,1,2025-05-27 13:15:16,0,NULL,NULL
3783,C3R_ext_enthalpy_isen,inferred,NULL,real,C3R_ext_enthalpy_isen,Latent heat of vaporization at the C3R turbine extraction pressure for an isentropic expansion.,1,2025-05-27 13:15:16,0,NULL,NULL
3784,C3R_ExtSliqIsentropic,inferred,NULL,real,C3R_ExtSliqIsentropic,Specific entropy of saturated liquid at the C3R turbine extraction pressure for an isentropic expansion.,1,2025-05-27 13:15:17,0,NULL,NULL
3785,C3R_ExtSfgIsentropic,inferred,NULL,real,C3R_ExtSfgIsentropic,Latent entropy of vaporization at the C3R turbine extraction pressure for an isentropic expansion.,1,2025-05-27 13:15:17,0,NULL,NULL
3786,C3R_ExtDrynessIsentropic,inferred,NULL,real,C3R_ExtDrynessIsentropic,"Dryness factor of steam at the C3R turbine extraction point for an ideal ",1,2025-05-27 13:15:18,0,NULL,NULL
3787,C3R_ExtEnthalpyIsentropic,inferred,NULL,real,C3R_ExtEnthalpyIsentropic,"Specific enthalpy of steam at the C3R turbine extraction point for an ideal ",1,2025-05-27 13:15:18,0,NULL,NULL
3788,C3R_ExhaustHliqActual,inferred,NULL,real,C3R_ExhaustHliqActual,Specific enthalpy of saturated liquid at the C3R turbine exhaust pressure for the actual process.,1,2025-05-27 13:15:19,0,NULL,NULL
3789,C3R_ExhaustHfgActual,inferred,NULL,real,C3R_ExhaustHfgActual,Latent heat of vaporization at the C3R turbine exhaust pressure for the actual process.,1,2025-05-27 13:15:20,0,NULL,NULL
3790,C3R_ExhaustEnthalpyActual,inferred,NULL,real,C3R_ExhaustEnthalpyActual,Actual specific enthalpy of steam at the C3R turbine exhaust.,1,2025-05-27 13:15:20,0,NULL,NULL
3791,C3R_ExhaustSliqIsentropic,inferred,NULL,real,C3R_ExhaustSliqIsentropic,Specific entropy of saturated liquid at the C3R turbine exhaust pressure for an isentropic expansion.,1,2025-05-27 13:15:21,0,NULL,NULL
3792,C3R_ExhaustSfgIsentropic,inferred,NULL,real,C3R_ExhaustSfgIsentropic,Latent entropy of vaporization at the C3R turbine exhaust pressure for an isentropic expansion.,1,2025-05-27 13:15:21,0,NULL,NULL
3793,C3R_ExhaustDrynessIsentropic,inferred,NULL,real,C3R_ExhaustDrynessIsentropic,"Dryness factor of steam at the C3R turbine exhaust for an ideal ",1,2025-05-27 13:15:22,0,NULL,NULL
3794,C3R_ExhaustHliqIsentropic,inferred,NULL,real,C3R_ExhaustHliqIsentropic,Specific enthalpy of saturated liquid at the C3R turbine exhaust pressure for an isentropic expansion.,1,2025-05-27 13:15:22,0,NULL,NULL
3795,C3R_ExhaustEnthalpyIsentropic,inferred,NULL,real,C3R_ExhaustEnthalpyIsentropic,"Specific enthalpy of steam at the C3R turbine exhaust for an ideal ",1,2025-05-27 13:15:23,0,NULL,NULL
3796,C3R_WorkHPActual,inferred,NULL,real,C3R_WorkHPActual,"Actual work output from the high-pressure ",1,2025-05-27 13:15:23,0,NULL,NULL
3797,C3R_WorkLPCActual,inferred,NULL,real,C3R_WorkLPCActual,"Actual work output from the low-pressure ",1,2025-05-27 13:15:24,0,NULL,NULL
3798,C3R_TotalActualWork,inferred,NULL,real,C3R_TotalActualWork,Total actual work output from the C3R turbine.,1,2025-05-27 13:15:25,0,NULL,NULL
3799,C3R_WorkHPIsentropic,inferred,NULL,real,C3R_WorkHPIsentropic,"Isentropic ",1,2025-05-27 13:15:25,0,NULL,NULL
3800,C3R_WorkLPCIsentropic,inferred,NULL,real,C3R_WorkLPCIsentropic,"Isentropic ",1,2025-05-27 13:15:26,0,NULL,NULL
3801,C3R_TotalIsentropicWork,inferred,NULL,real,C3R_TotalIsentropicWork,"Total isentropic ",1,2025-05-27 13:15:26,0,NULL,NULL
3802,C3R_TurbineEfficiencyPercent,inferred,NULL,real,C3R_TurbineEfficiencyPercent,"Overall efficiency of the C3R turbine, expressed as a percentage.",1,2025-05-27 13:15:27,0,NULL,NULL
3803,C3R_ActualPowerOutputkW,inferred,NULL,real,C3R_ActualPowerOutputkW,"Total actual power output of the C3R turbine, in kilowatts.",1,2025-05-27 13:15:27,0,NULL,NULL
3804,C3R_ActualPowerOutputMW,inferred,NULL,real,C3R_ActualPowerOutputMW,"Total actual power output of the C3R turbine, in megawatts.",1,2025-05-27 13:15:28,0,NULL,NULL
3805,C3R_TurbineEfficiency,inferred,NULL,real,C3R_TurbineEfficiency,"Overall efficiency of the C3R turbine ",1,2025-05-27 13:15:29,0,NULL,NULL
3806,C2R_ActualDrynessFactor,inferred,NULL,real,C2R_ActualDrynessFactor,C2R_ActualDrynessFactor,1,2025-05-27 13:15:29,0,NULL,NULL
3807,C2R_InletPressureAbsolute,inferred,NULL,real,C2R_InletPressureAbsolute,Absolute pressure of steam at the C2R turbine inlet.,1,2025-05-27 13:15:30,0,NULL,NULL
3808,C2R_InletFlowRateKgs,inferred,NULL,real,C2R_InletFlowRateKgs,"Mass flow rate of steam at the C2R turbine inlet, in kilograms per second.",1,2025-05-27 13:15:30,0,NULL,NULL
3809,C2R_OutletSatPressure,inferred,NULL,real,C2R_OutletSatPressure,Saturation pressure of steam at the C2R turbine outlet temperature.,1,2025-05-27 13:15:31,0,NULL,NULL
3810,C2R_InletEnthalpy,inferred,NULL,real,C2R_InletEnthalpy,Specific enthalpy of steam at the C2R turbine inlet.,1,2025-05-27 13:15:31,0,NULL,NULL
3811,C2R_InletEntropy,inferred,NULL,real,C2R_InletEntropy,Specific entropy of steam at the C2R turbine inlet.,1,2025-05-27 13:15:32,0,NULL,NULL
3812,C2R_OutletHliqActual,inferred,NULL,real,C2R_OutletHliqActual,Specific enthalpy of saturated liquid at the C2R turbine actual outlet pressure/temperature.,1,2025-05-27 13:15:32,0,NULL,NULL
3813,C2R_OutletHfgActual,inferred,NULL,real,C2R_OutletHfgActual,Latent heat of vaporization at the C2R turbine actual outlet pressure/temperature.,1,2025-05-27 13:15:33,0,NULL,NULL
3814,C2R_OutletEnthalpyActual,inferred,NULL,real,C2R_OutletEnthalpyActual,Actual specific enthalpy of steam at the C2R turbine exhaust/outlet.,1,2025-05-27 13:15:33,0,NULL,NULL
3815,C2R_OutletSliqIsentropic,inferred,NULL,real,C2R_OutletSliqIsentropic,Specific entropy of saturated liquid at the C2R turbine isentropic (ideal) outlet pressure/temperature.,1,2025-05-27 13:15:34,0,NULL,NULL
3816,C2R_OutletSfgIsentropic,inferred,NULL,real,C2R_OutletSfgIsentropic,Latent entropy of vaporization at the C2R turbine isentropic (ideal) outlet pressure/temperature.,1,2025-05-27 13:15:35,0,NULL,NULL
3817,C2R_IsentropicDrynessFactor,inferred,NULL,real,C2R_IsentropicDrynessFactor,Dryness factor of steam at the C2R turbine outlet for an ideal (isentropic) expansion.,1,2025-05-27 13:15:35,0,NULL,NULL
3818,C2R_OutletEnthalpyIsentropic,inferred,NULL,real,C2R_OutletEnthalpyIsentropic,Specific enthalpy of steam at the C2R turbine outlet for an ideal (isentropic) expansion.,1,2025-05-27 13:15:36,0,NULL,NULL
3819,C2R_TurbineEfficiency,inferred,NULL,real,C2R_TurbineEfficiency,Overall efficiency of the C2R turbine (dimensionless).,1,2025-05-27 13:15:36,0,NULL,NULL
3820,C2R_TurbineEfficiencyPercent,inferred,NULL,real,C2R_TurbineEfficiencyPercent,"Overall efficiency of the C2R turbine, expressed as a percentage.",1,2025-05-27 13:15:37,0,NULL,NULL
3821,C3R_dryness_isentropic,inferred,NULL,real,C3R_dryness_isentropic,C3R_dryness_isentropic,1,2025-05-27 14:58:05,0,NULL,NULL
3822,Furnace_1_Status_PIAF,inferred,NULL,real,Furnace A Status,Furnace A Status,1,2025-05-28 11:02:48,0,NULL,NULL
3823,Furnace_2_Status_PIAF,inferred,NULL,real,Furnace B Status,Furnace B Status,1,2025-05-28 11:02:48,0,NULL,NULL
3824,Furnace_3_Status_PIAF,inferred,NULL,real,Furnace C Status,Furnace C Status,1,2025-05-28 11:02:48,0,NULL,NULL
3825,Furnace_4_Status_PIAF,inferred,NULL,real,Furnace D Status,Furnace D Status,1,2025-05-28 11:02:48,0,NULL,NULL
3826,Furnace_5_Status_PIAF,inferred,NULL,real,Furnace E Status,Furnace E Status,1,2025-05-28 11:02:48,0,NULL,NULL
3827,Furnace_6_Status_PIAF,inferred,NULL,real,Furnace F Status,Furnace F Status,1,2025-05-28 11:02:48,0,NULL,NULL
3828,Furnace_7_Status_PIAF,inferred,NULL,real,Furnace G Status,Furnace G Status,1,2025-05-28 11:02:48,0,NULL,NULL
3829,Furnace_8_Status_PIAF,inferred,NULL,real,Furnace H Status,Furnace H Status,1,2025-05-28 11:02:48,0,NULL,NULL
3830,Furnace_9_Status_PIAF,inferred,NULL,real,Furnace J Status,Furnace J Status,1,2025-05-28 11:02:48,0,NULL,NULL
3831,K_5021_Interstage_Cooler_1_Approach_Temp,inferred,NULL,real,K-5021 Interstage cooler 1 Approach Temp,K_5021_Interstage_Cooler_1_Approach_Temp,1,2025-05-28 15:45:16,0,NULL,NULL
3832,K_5021_Interstage_Cooler_2_Approach_Temp,inferred,NULL,real,K-5021 Interstage cooler 2 Approach Temp,K_5021_Interstage_Cooler_2_Approach_Temp,1,2025-05-28 15:45:16,0,NULL,NULL
3833,K_5021_Interstage_Cooler_3_Approach_Temp,inferred,NULL,real,K-5021 Interstage cooler 3 Approach Temp,K_5021_Interstage_Cooler_3_Approach_Temp,1,2025-05-28 15:45:16,0,NULL,NULL
3834,K_5021_Interstage_Cooler_1_Approach_Temp_Adjusted,inferred,NULL,real,K_5021_Interstage_Cooler_1_Approach_Temp_Adjusted,K_5021_Interstage_Cooler_1_Approach_Temp_Adjusted,1,2025-05-28 15:45:16,0,NULL,NULL
3835,K_5021_Interstage_Cooler_2_Approach_Temp_Adjusted,inferred,NULL,real,K_5021_Interstage_Cooler_2_Approach_Temp_Adjusted,K_5021_Interstage_Cooler_2_Approach_Temp_Adjusted,1,2025-05-28 15:45:16,0,NULL,NULL
3836,K_5021_Interstage_Cooler_3_Approach_Temp_Adjusted,inferred,NULL,real,K_5021_Interstage_Cooler_3_Approach_Temp_Adjusted,K_5021_Interstage_Cooler_3_Approach_Temp_Adjusted,1,2025-05-28 15:45:16,0,NULL,NULL
3837,K_7201A_3rd_Stage_Disch_pressure,pi,UN.UO.72PC2094.PV,real,K_7201A_3rd_Stage_Disch_pressure,K_7201A_3rd_Stage_Disch_pressure,1,2025-05-29 16:35:14,0,NULL,NULL
3838,K_7201B_3rd_Stage_Disch_pressure,pi,UN.UO.72PC2117.PV,real,K_7201B_3rd_Stage_Disch_pressure,K_7201B_3rd_Stage_Disch_pressure,1,2025-05-29 16:35:14,0,NULL,NULL
3839,K_7201C_3rd_Stage_Disch_pressure,pi,UN.UO.72PC2140.PV,real,K_7201C_3rd_Stage_Disch_pressure,K_7201C_3rd_Stage_Disch_pressure,1,2025-05-29 16:35:14,0,NULL,NULL
3840,K_7201D_3rd_Stage_Disch_pressure,pi,UN.UO.72PC2163.PV,real,K_7201D_3rd_Stage_Disch_pressure,K_7201D_3rd_Stage_Disch_pressure,1,2025-05-29 16:35:14,0,NULL,NULL
3841,Contribution_to_SEEC_Fuel,inferred,NULL,real,Fuel contribution to SEEC,Fuel contribution to SEEC,1,2025-05-29 18:17:05,0,NULL,NULL
3842,Contribution_to_SEEC_Steam,inferred,NULL,real,Steam contribution to SEEC,Steam contribution to SEEC,1,2025-05-29 18:17:05,0,NULL,NULL
3843,Contribution_to_SEEC_Elect,inferred,NULL,real,Power contribution to SEEC,Electricity contribution to SEEC,1,2025-05-29 18:17:05,0,NULL,NULL
3844,Contribution_to_SEEC_Total,inferred,NULL,real,Total contribution to SEEC,Total contribution to SEEC,1,2025-05-29 18:17:05,0,NULL,NULL
3845,Contribution_to_SEEC_Equi_Fuel,inferred,NULL,real,Fuel equivalent to primary energy,Fuel contribution to SEEC equivalent to primary energy,1,2025-05-29 18:17:05,0,NULL,NULL
3846,Contribution_to_SEEC_Equi_Steam,inferred,NULL,real,Steam equivalent to primary energy,Steam contribution to SEEC equivalent to primary energy,1,2025-05-29 18:17:05,0,NULL,NULL
3847,Contribution_to_SEEC_Equi_Elect,inferred,NULL,real,Power equivalent to primary energy,Electricity contribution to SEEC equivalent to primary energy,1,2025-05-29 18:17:05,0,NULL,NULL
3848,Contribution_to_SEEC_Equi_Total,inferred,NULL,real,Total equivalent to primary energy,Total contribution to SEEC equivalent to primary energy,1,2025-05-29 18:17:05,0,NULL,NULL
3849,Modified_HP_MP_BFW_Injection,inferred,NULL,real,HP to MP letdown BFW injection,HP to MP letdown BFW injection,1,2025-05-30 15:31:45,0,NULL,NULL
3850,Deaerator_A_Dissolved_Oxygen_ppb,pi,UN.UO.71AI1001.PV,real,Deaerator A Dissolved Oxygen ppb,Deaerator A Dissolved Oxygen ppb,1,2025-05-30 17:50:52,0,NULL,NULL
3851,Deaerator_B_Dissolved_Oxygen_ppb,pi,UN.UO.71AI1009.PV,real,Deaerator B Dissolved Oxygen ppb,Deaerator B Dissolved Oxygen ppb,1,2025-05-30 17:50:52,0,NULL,NULL
3852,Fuel_to_LAO_Heater,pi,UN.LAO.Fuel_to_LAO_Heater_EO_CALC_OUTPUT,real,Fuel to LAO Heater,Fuel to LAO Heater,1,2025-05-30 17:50:53,0,NULL,NULL
3853,All_HP_MP_Shaft_loss,inferred,NULL,real,All_HP_MP_Shaft_loss,All_HP_MP_Shaft_loss,0,2025-06-04 10:33:28,0,NULL,NULL
3854,UO_MP_LP_Shaft_loss,inferred,NULL,real,UO_MP_LP_Shaft_loss,UO_MP_LP_Shaft_loss,0,2025-06-04 10:33:28,0,NULL,NULL
3855,ETH_VHP_HP_Shaft_loss,inferred,NULL,real,ETH_VHP_HP_Shaft_loss,ETH_VHP_HP_Shaft_loss,0,2025-06-04 10:33:28,0,NULL,NULL
3856,ETH_HP_LP_Shaft_loss,inferred,NULL,real,ETH_HP_LP_Shaft_loss,ETH_HP_LP_Shaft_loss,0,2025-06-04 10:33:28,0,NULL,NULL
3857,EG1_HP_MP_Shaft_loss,inferred,NULL,real,EG1_HP_MP_Shaft_loss,EG1_HP_MP_Shaft_loss,0,2025-06-04 10:33:28,0,NULL,NULL
3858,EG2_HP_MP_Shaft_loss,inferred,NULL,real,EG2_HP_MP_Shaft_loss,EG2_HP_MP_Shaft_loss,0,2025-06-04 10:33:28,0,NULL,NULL
3859,EG3_HP_MP_Shaft_loss,inferred,NULL,real,EG3_HP_MP_Shaft_loss,EG3_HP_MP_Shaft_loss,0,2025-06-04 10:33:28,0,NULL,NULL
3860,EG3_MP_LP_Shaft_loss,inferred,NULL,real,EG3_MP_LP_Shaft_loss,EG3_MP_LP_Shaft_loss,0,2025-06-04 10:33:28,0,NULL,NULL
3861,ETH_LP_LLP_Shaft_loss,inferred,NULL,real,ETH_LP_LLP_Shaft_loss,ETH_LP_LLP_Shaft_loss,0,2025-06-04 10:33:28,0,NULL,NULL
3862,ETH_Purge_Shaft_loss,inferred,NULL,real,ETH_Purge_Shaft_loss,ETH_Purge_Shaft_loss,0,2025-06-04 10:33:28,0,NULL,NULL
3863,Furnaces_running,inferred,NULL,real,Furnaces_running,Furnaces_running,1,2025-06-04 10:33:28,0,NULL,NULL
3864,FD_Motor_Motor,inferred,NULL,real,FD_Motor_Motor,FD_Motor_Motor,1,2025-06-06 07:33:04,0,NULL,NULL
3865,EI_CO2_Energy_Consumption_monthly,pi,UN.EG1.21FI1206C.PV,real,Energy Intensity - CO2 Energy Consumption monthly,Energy Intensity CO2 Energy Consumption monthly,1,2025-06-09 17:52:30,0,NULL,NULL
3866,EI_EG1_Energy_Consumption_monthly,pi,UN.EG1.21FI1208.PV,real,Energy Intensity - EG1 Energy Consumption monthly,Energy Intensity EG1 Energy Consumption monthly,1,2025-06-09 17:52:30,0,NULL,NULL
3867,EI_EG2_Energy_Consumption_monthly,pi,UN.EG1.21FI1209.PV,real,Energy Intensity - EG2 Energy Consumption monthly,Energy Intensity EG2 Energy Consumption monthly,1,2025-06-09 17:52:31,0,NULL,NULL
3868,EI_EG3_Energy_Consumption_monthly,pi,UN.EG1.21FI1352.PV,real,Energy Intensity - EG3 Energy Consumption monthly,Energy Intensity EG3 Energy Consumption monthly,1,2025-06-09 17:52:31,0,NULL,NULL
3869,EI_ETH_Energy_Consumption_monthly,pi,UN.EG1.21FI1354C.PV,real,Energy Intensity - ETH Energy Consumption monthly,Energy Intensity ETH Energy Consumption monthly,1,2025-06-09 17:52:31,0,NULL,NULL
3870,EI_LAO_Energy_Consumption_monthly,pi,UN.EG1.21FI1452.PV,real,Energy Intensity - LAO Energy Consumption monthly,Energy Intensity LAO Energy Consumption monthly,1,2025-06-09 17:52:31,0,NULL,NULL
3871,EI_CO2_production_monthly,pi,UN.EG1.21FI1454C.PV,real,Energy Intensity - CO2 production monthly,Energy Intensity CO2 production monthly,1,2025-06-09 17:52:31,0,NULL,NULL
3872,EI_EG1_production_monthly,pi,UN.EG1.21FI1511.PV,real,Energy Intensity - EG1 production monthly,Energy Intensity EG1 production monthly,1,2025-06-09 17:52:31,0,NULL,NULL
3873,EI_EG2_production_monthly,pi,UN.EG1.21FI1511C.PV,real,Energy Intensity - EG2 production monthly,Energy Intensity EG2 production monthly,1,2025-06-09 17:52:31,0,NULL,NULL
3874,EI_EG3_production_monthly,pi,UN.EG1.21FI1521.PV,real,Energy Intensity - EG3 production monthly,Energy Intensity EG3 production monthly,1,2025-06-09 17:52:31,0,NULL,NULL
3875,EI_ETH_production_monthly,pi,UN.EG1.21FI1521C.PV,real,Energy Intensity - ETH production monthly,Energy Intensity ETH production monthly,1,2025-06-09 17:52:31,0,NULL,NULL
3876,EI_LAO_production_monthly,pi,UN.EG1.21FI1563.PV,real,Energy Intensity - LAO production monthly,Energy Intensity LAO production monthly,1,2025-06-09 17:52:31,0,NULL,NULL
3877,EI_total_energy,inferred,NULL,real,Energy Intensity - total energy,Energy Intensity total energy,1,2025-06-09 17:52:31,0,NULL,NULL
3878,EI_total_production,inferred,NULL,real,Energy Intensity - total production,Energy Intensity total production,1,2025-06-09 17:52:31,0,NULL,NULL
3879,EI_Original_sp_energy,inferred,NULL,real,Energy Intensity,Energy Intensity Original sp energy,1,2025-06-09 17:52:31,0,NULL,NULL
3880,EI_energy_benefit_from_EO,inferred,NULL,real,Energy Intensity - energy benefit from EO,Energy Intensity energy benefit from EO,1,2025-06-09 17:52:31,0,NULL,NULL
3881,EI_total_energy_after,inferred,NULL,real,Energy Intensity - total energy after EO benefit,Energy Intensity total energy after,1,2025-06-09 17:52:31,0,NULL,NULL
3882,EI_Original_sp_energy_after,inferred,NULL,real,Energy Intensity Original sp energy after,Energy Intensity Original sp energy after,0,2025-06-09 17:52:31,0,NULL,NULL
3883,EI_percent_improvement,inferred,NULL,real,Energy Intensity - percent improvement,Energy Intensity percent improvement,1,2025-06-09 17:52:31,0,NULL,NULL
3884,ETH_Surface_condenser_controller_level_opening,pi,UN.ETH.12LC2900.MV,real,Surface Condenser Controller Level Opening,Surface Condenser Controller Level Opening,1,2025-06-09 17:52:31,0,NULL,NULL
3885,CGC_Interstage_DP_1Stage,pi,UN.ETH.K-1200.Interstage_Pressure_Drop_Stage_1_PEEO_CALC_OUTPUT,real,Interstage Pressure of 1Stage,Interstage Pressure of 1Stage,1,2025-06-09 17:52:31,0,NULL,NULL
3886,CGC_Interstage_DP_2Stage,pi,UN.ETH.K-1200.Interstage_Pressure_Drop_Stage_2_PEEO_CALC_OUTPUT,real,Interstage Pressure of 2Stage,Interstage Pressure of 2Stage,1,2025-06-09 17:52:31,0,NULL,NULL
3887,CGC_Interstage_DP_3Stage,pi,UN.ETH.K-1200.Interstage_Pressure_Drop_Stage_3_PEEO_CALC_OUTPUT,real,Interstage Pressure of 3Stage,Interstage Pressure of 3Stage,1,2025-06-09 17:52:31,0,NULL,NULL
3888,CGC_Interstage_DP_4Stage,pi,UN.ETH.K-1200.Interstage_Pressure_Drop_Stage_4_PEEO_CALC_OUTPUT,real,Interstage Pressure of 4Stage,Interstage Pressure of 4Stage,1,2025-06-09 17:52:31,0,NULL,NULL
3889,CGC_Disch_Correc_Temp_1Stage,pi,UN.ETH.K-1200.Corrected_Discharge_Temperature_Stage_1_PEEO_CALC_OUTPUT,real,Disch Correc Temp 1Stage,Disch Correc Temp 1Stage,1,2025-06-09 17:52:31,0,NULL,NULL
3890,CGC_Disch_Correc_Temp_2Stage,pi,UN.ETH.K-1200.Corrected_Discharge_Temperature_Stage_2_PEEO_CALC_OUTPUT,real,Disch Correc Temp 2Stage,Disch Correc Temp 2Stage,1,2025-06-09 17:52:31,0,NULL,NULL
3891,CGC_Disch_Correc_Temp_3Stage,pi,UN.ETH.K-1200.Corrected_Discharge_Temperature_Stage_3_PEEO_CALC_OUTPUT,real,Disch Correc Temp 3Stage,Disch Correc Temp 3Stage,1,2025-06-09 17:52:31,0,NULL,NULL
3892,CGC_Disch_Correc_Temp_4Stage,pi,UN.ETH.K-1200.Corrected_Discharge_Temperature_Stage_4_PEEO_CALC_OUTPUT,real,Disch Correc Temp 4Stage,Disch Correc Temp 4Stage,1,2025-06-09 17:52:31,0,NULL,NULL
3893,EG2_Extraction_steam_from_5th_effect_evaporator_to_6th_effect_reboiler,pi,UN.EG2.45FC5565.PV,real,Extraction steam from 5th effect evaporator to 6th effect reboiler,Extraction steam from 5th effect evaporator to 6th effect reboiler,1,2025-06-09 17:52:31,0,NULL,NULL
3894,EG1_Extraction_steam_from_5th_effect_evaporator_to_6th_effect_reboiler,pi,UN.EG1.25FC5565.PV,real,Extraction steam from 5th effect evaporator to 6th effect reboiler,Extraction steam from 5th effect evaporator to 6th effect reboiler,1,2025-06-09 17:52:31,0,NULL,NULL
3895,EG3_8th_effect_reboiler_extraction_steam_inlet,pi,UN.EG3.65FC5601.PV,real,8th effect reboiler extraction steam inlet,8th effect reboiler extraction steam inlet,1,2025-06-09 17:52:31,0,NULL,NULL
3896,ETH_Surface_condenser_controller_level_opening_Adjusted,inferred,NULL,real,ETH_Surface_condenser_controller_level_opening_Adjusted,ETH_Surface_condenser_controller_level_opening_Adjusted,1,2025-06-09 17:52:31,0,NULL,NULL
3897,CGC_Interstage_DP_1Stage_Adjusted,inferred,NULL,real,CGC_Interstage_DP_1Stage_Adjusted,CGC_Interstage_DP_1Stage_Adjusted,1,2025-06-09 17:52:31,0,NULL,NULL
3898,CGC_Interstage_DP_2Stage_Adjusted,inferred,NULL,real,CGC_Interstage_DP_2Stage_Adjusted,CGC_Interstage_DP_2Stage_Adjusted,1,2025-06-09 17:52:31,0,NULL,NULL
3899,CGC_Interstage_DP_3Stage_Adjusted,inferred,NULL,real,CGC_Interstage_DP_3Stage_Adjusted,CGC_Interstage_DP_3Stage_Adjusted,1,2025-06-09 17:52:31,0,NULL,NULL
3900,CGC_Interstage_DP_4Stage_Adjusted,inferred,NULL,real,CGC_Interstage_DP_4Stage_Adjusted,CGC_Interstage_DP_4Stage_Adjusted,1,2025-06-09 17:52:31,0,NULL,NULL
3901,CGC_Disch_Correc_Temp_1Stage_Adjusted,inferred,NULL,real,CGC_Disch_Correc_Temp_1Stage_Adjusted,CGC_Disch_Correc_Temp_1Stage_Adjusted,1,2025-06-09 17:52:31,0,NULL,NULL
3902,CGC_Disch_Correc_Temp_2Stage_Adjusted,inferred,NULL,real,CGC_Disch_Correc_Temp_2Stage_Adjusted,CGC_Disch_Correc_Temp_2Stage_Adjusted,1,2025-06-09 17:52:31,0,NULL,NULL
3903,CGC_Disch_Correc_Temp_3Stage_Adjusted,inferred,NULL,real,CGC_Disch_Correc_Temp_3Stage_Adjusted,CGC_Disch_Correc_Temp_3Stage_Adjusted,1,2025-06-09 17:52:31,0,NULL,NULL
3904,CGC_Disch_Correc_Temp_4Stage_Adjusted,inferred,NULL,real,CGC_Disch_Correc_Temp_4Stage_Adjusted,CGC_Disch_Correc_Temp_4Stage_Adjusted,1,2025-06-09 17:52:31,0,NULL,NULL
3905,EG2_Extraction_steam_from_5th_effect_evaporator_to_6th_effect_reboiler_Adjusted,inferred,NULL,real,EG2_Extraction_steam_from_5th_effect_evaporator_to_6th_effect_reboiler_Adjusted,EG2_Extraction_steam_from_5th_effect_evaporator_to_6th_effect_reboiler_Adjusted,1,2025-06-09 17:52:31,0,NULL,NULL
3906,EG1_Extraction_steam_from_5th_effect_evaporator_to_6th_effect_reboiler_Adjusted,inferred,NULL,real,EG1_Extraction_steam_from_5th_effect_evaporator_to_6th_effect_reboiler_Adjusted,EG1_Extraction_steam_from_5th_effect_evaporator_to_6th_effect_reboiler_Adjusted,1,2025-06-09 17:52:31,0,NULL,NULL
3907,EG3_8th_effect_reboiler_extraction_steam_inlet_Adjusted,inferred,NULL,real,EG3_8th_effect_reboiler_extraction_steam_inlet_Adjusted,EG3_8th_effect_reboiler_extraction_steam_inlet_Adjusted,1,2025-06-09 17:52:31,0,NULL,NULL
3908,CGC_Extraction_Opening_Adjusted,inferred,NULL,real,CGC_Extraction_Opening_Adjusted,CGC_Extraction_Opening_Adjusted,1,2025-06-09 17:52:31,0,NULL,NULL
3909,min_load,inferred,NULL,real,min_load,min_load,1,2025-06-10 12:56:28,0,NULL,NULL
3910,max_load,inferred,NULL,real,max_load,max_load,1,2025-06-10 12:56:28,0,NULL,NULL
3911,min_load_opt,inferred,NULL,real,min_load_opt,min_load_opt,1,2025-06-10 12:56:28,0,NULL,NULL
3912,max_load_opt,inferred,NULL,real,max_load_opt,max_load_opt,1,2025-06-10 12:56:28,0,NULL,NULL
3913,Eth_saturator_Blowdown_flow,pi,UN.ETH.11FC1915.PV,real,BLOWDOWN FLOW,BLOWDOWN FLOW,1,2025-06-10 12:56:28,0,NULL,NULL
3914,Eth_ethylene_flow_C2_splitter_reflux,pi,UN.ETH.15FC5060.PV,real,Ethylene Flow C2 Splitter Reflux,Ethylene Flow C2 Splitter Reflux,1,2025-06-10 12:56:28,0,NULL,NULL
3915,Eth_saturator_Blowdown_flow_Adjusted,inferred,NULL,real,Eth_saturator_Blowdown_flow_Adjusted,Eth_saturator_Blowdown_flow_Adjusted,1,2025-06-10 12:56:28,0,NULL,NULL
3916,Eth_ethylene_flow_C2_splitter_reflux_Adjusted,inferred,NULL,real,Eth_ethylene_flow_C2_splitter_reflux_Adjusted,Eth_ethylene_flow_C2_splitter_reflux_Adjusted,1,2025-06-10 12:56:28,0,NULL,NULL
3917,LP_steam_pressure_to_saturator_Adjusted,inferred,NULL,real,LP_steam_pressure_to_saturator_Adjusted,LP_steam_pressure_to_saturator_Adjusted,1,2025-06-10 12:56:28,0,NULL,NULL
3918,EI_Energy_GJ,inferred,NULL,real,EI_Energy_GJ,EI_Energy_GJ,1,2025-06-11 08:30:33,0,NULL,NULL
3919,CW_Demand_Header_2_Adjusted,inferred,NULL,real,CW_Demand_Header_2_Adjusted,CW_Demand_Header_2_Adjusted,1,2025-06-11 14:45:39,0,NULL,NULL
3920,Total_CW_Demand_both_Headers,inferred,NULL,real,Total CW Demand,Total CW Demand,1,2025-06-11 14:45:39,0,NULL,NULL
3921,Total_Air_Consumption,pi,UN.UO.Total_Air_Consumption_EO_CALC_OUTPUT,real,Total_Air_Consumption,Total_Air_Consumption,1,2025-06-11 14:45:39,0,NULL,NULL
3922,Total_Air_to_Header,pi,UN.UO.Total_Air_To_Header_EO_CALC_OUTPUT,real,Total_Air_to_Header,Total_Air_to_Header,1,2025-06-11 14:45:39,0,NULL,NULL
3923,Air_Imbalance,pi,UN.UO.Air_Imbalance_EO_CALC_OUTPUT,real,Air_Imbalance,Air_Imbalance,1,2025-06-11 14:45:39,0,NULL,NULL
3924,CW_Motor_7814A_Power,pi,UN.UO.PM-7814A.CW_Motor_7814A_Power_EO_CALC_OUTPUT,real,CW Motor P-7814 A Power,CW_Motor_7814A_Power,1,2025-06-12 07:55:30,0,NULL,NULL
3925,CW_Motor_7814B_Power,pi,UN.UO.PM-7814B.CW_Motor_7814B_Power_EO_CALC_OUTPUT,real,CW Motor P-7814 B Power,CW_Motor_7814B_Power,1,2025-06-12 07:55:31,0,NULL,NULL
3926,CW_Motor_7814C_Power,pi,UN.UO.PM-7814C.CW_Motor_7814C_Power_EO_CALC_OUTPUT,real,CW Motor P-7814 C Power,CW_Motor_7814C_Power,1,2025-06-12 07:55:31,0,NULL,NULL
3927,Power_Consumption_Plants_Adjusted,inferred,NULL,real,Power_Consumption_Plants_Adjusted,Power_Consumption_Plants_Adjusted,1,2025-06-12 18:31:21,0,NULL,NULL
3928,C3R_Steam_Margin,inferred,NULL,real,C3R_Steam_Margin,C3R_Steam_Margin,1,2025-06-13 07:49:34,0,NULL,NULL
3929,HP_to_LP_Let_Down_Valve_PC7026_LP_Steam_flow_out_ETH_Adjusted,inferred,NULL,real,HP_to_LP_Let_Down_Valve_PC7026_LP_Steam_flow_out_ETH_Adjusted,HP_to_LP_Let_Down_Valve_PC7026_LP_Steam_flow_out_ETH_Adjusted,1,2025-06-13 07:49:35,0,NULL,NULL
3930,Power_to_EG_1_benefit,inferred,NULL,real,Power_to_EG_1_benefit,Power_to_EG_1_benefit,1,2025-06-16 17:31:46,0,NULL,NULL
3931,Power_to_EG_2_benefit,inferred,NULL,real,Power_to_EG_2_benefit,Power_to_EG_2_benefit,1,2025-06-16 17:31:46,0,NULL,NULL
3932,Power_to_EG_3_benefit,inferred,NULL,real,Power_to_EG_3_benefit,Power_to_EG_3_benefit,1,2025-06-16 17:31:46,0,NULL,NULL
3933,Power_to_CO2_benefit,inferred,NULL,real,Power_to_CO2_benefit,Power_to_CO2_benefit,1,2025-06-16 17:31:47,0,NULL,NULL
3934,U_O_energy,inferred,NULL,real,U&O_energy,U&O_energy,1,2025-06-16 17:31:47,0,NULL,NULL
3935,Total_energy_U&O_and_Process_plants,inferred,NULL,real,Total_energy_U&O_and_Process_plants,Total_energy_U&O_and_Process_plants,1,2025-06-16 17:31:47,0,NULL,NULL
3936,FD_Fan_BLR_1_Steam_reg,inferred,NULL,real,FD_Fan_BLR_1_Steam_reg,FD_Fan_BLR_1_Steam_reg,1,2025-06-17 08:52:42,0,NULL,NULL
3937,FD_Fan_BLR_2_Steam_reg,inferred,NULL,real,FD_Fan_BLR_2_Steam_reg,FD_Fan_BLR_2_Steam_reg,1,2025-06-17 08:52:42,0,NULL,NULL
3938,FD_Fan_BLR_3_Steam_reg,inferred,NULL,real,FD_Fan_BLR_3_Steam_reg,FD_Fan_BLR_3_Steam_reg,1,2025-06-17 08:52:42,0,NULL,NULL
3939,FD_Fan_BLR_4_Steam_reg,inferred,NULL,real,FD_Fan_BLR_4_Steam_reg,FD_Fan_BLR_4_Steam_reg,1,2025-06-17 08:52:42,0,NULL,NULL
3940,FD_Fan_BLR_5_Steam_reg,inferred,NULL,real,FD_Fan_BLR_5_Steam_reg,FD_Fan_BLR_5_Steam_reg,1,2025-06-17 08:52:42,0,NULL,NULL
3941,ECT_Eth_Total_energy_act,inferred,NULL,real,ECT_Eth_Total_energy_act,ECT_Eth_Total_energy_act,1,2025-06-17 17:38:09,0,NULL,NULL
3942,ECT_EG1_Total_energy_act,inferred,NULL,real,ECT_EG1_Total_energy_act,ECT_EG1_Total_energy_act,1,2025-06-17 17:38:09,0,NULL,NULL
3943,ECT_EG2_Total_energy_act,inferred,NULL,real,ECT_EG2_Total_energy_act,ECT_EG2_Total_energy_act,1,2025-06-17 17:38:09,0,NULL,NULL
3944,ECT_EG3_Total_energy_act,inferred,NULL,real,ECT_EG3_Total_energy_act,ECT_EG3_Total_energy_act,1,2025-06-17 17:38:10,0,NULL,NULL
3945,ECT_LAO_Total_energy_act,inferred,NULL,real,ECT_LAO_Total_energy_act,ECT_LAO_Total_energy_act,1,2025-06-17 17:38:10,0,NULL,NULL
3946,BOILER_A_PH_ANALYZER,pi,UN.UO.71AI1102.PV,real,BOILER A PH ANALYZER,BOILER A PH ANALYZER,1,2025-06-18 10:30:14,0,NULL,NULL
3947,BOILER_B_PH_ANALYZER,pi,UN.UO.71AI1202.PV,real,BOILER B PH ANALYZER,BOILER B PH ANALYZER,1,2025-06-18 10:30:14,0,NULL,NULL
3948,BOILER_C_PH_ANALYZER,pi,UN.UO.71AI1302.PV,real,BOILER C PH ANALYZER,BOILER C PH ANALYZER,1,2025-06-18 10:30:14,0,NULL,NULL
3949,BOILER_D_PH_ANALYZER,pi,UN.UO.71AI1402.PV,real,BOILER D PH ANALYZER,BOILER D PH ANALYZER,1,2025-06-18 10:30:14,0,NULL,NULL
3950,BOILER_E_PH_ANALYZER,pi,UN.UO.71AI1502.PV,real,BOILER E PH ANALYZER,BOILER E PH ANALYZER,1,2025-06-18 10:30:14,0,NULL,NULL
3951,W_EOE_ratio_EG1,pi,UN.EG1.R-2520.Water_To_EO_Ratio_PEEO_CALC_OUTPUT,real,water to eoe ratio in EG1,Indicates Molar Ratio of Water to Total EOE to EG1 Reactor.,1,2025-06-18 10:30:14,0,NULL,NULL
3952,W_EOE_ratio_EG2,pi,UN.EG2.R-4520.Water_To_EO_Ratio_PEEO_CALC_OUTPUT,real,water to eoe ratio in EG2,Indicates Molar Ratio of Water to Total EOE to EG2 Reactor.,1,2025-06-18 10:30:14,0,NULL,NULL
3953,W_EOE_ratio_EG3,pi,UN.EG3.R-6520.Water_To_EO_Ratio_PEEO_CALC_OUTPUT,real,water to eoe ratio in EG3,Indicates Molar Ratio of Water to Total EOE to EG3 Reactor.,1,2025-06-18 10:30:14,0,NULL,NULL
3954,Total_treated_water_EG3,pi,UN.EG3.UN01-03-REA02.Total_Reflux_To_Evaporators_PEEO_CALC_OUTPUT,real,Total treated water EG3,Total treated water EG3,1,2025-06-19 07:05:55,0,NULL,NULL
3955,Total_treated_water_EG1,inferred,NULL,real,Total treated water EG1,Total_treated_water_EG1,1,2025-06-19 07:05:55,0,NULL,NULL
3956,Total_treated_water_EG2,inferred,NULL,real,Total treated water EG2,Total_treated_water_EG2,1,2025-06-19 07:05:55,0,NULL,NULL
3957,W_EOE_ratio_EG1_Adjusted,inferred,NULL,real,W_EOE_ratio_EG1_Adjusted,W_EOE_ratio_EG1_Adjusted,1,2025-06-19 07:22:00,0,NULL,NULL
3958,W_EOE_ratio_EG2_Adjusted,inferred,NULL,real,W_EOE_ratio_EG2_Adjusted,W_EOE_ratio_EG2_Adjusted,1,2025-06-19 07:22:00,0,NULL,NULL
3959,W_EOE_ratio_EG3_Adjusted,inferred,NULL,real,W_EOE_ratio_EG3_Adjusted,W_EOE_ratio_EG3_Adjusted,1,2025-06-19 07:22:00,0,NULL,NULL
3960,UNITED_LIMS_CBD_A_PH,pi,UN.Lims.UN-UO-V-7105A_pH,real,BOILER A PH ANALYZER - LIMS,BOILER A PH ANALYZER - LIMS,1,2025-06-20 12:48:37,0,NULL,NULL
3961,UNITED_LIMS_CBD_B_PH,pi,UN.Lims.UN-UO-V-7105B_pH,real,BOILER B PH ANALYZER - LIMS,BOILER B PH ANALYZER - LIMS,1,2025-06-20 12:48:37,0,NULL,NULL
3962,UNITED_LIMS_CBD_C_PH,pi,UN.Lims.UN-UO-V-7105C_pH,real,BOILER C PH ANALYZER - LIMS,BOILER C PH ANALYZER - LIMS,1,2025-06-20 12:48:37,0,NULL,NULL
3963,UNITED_LIMS_CBD_D_PH,pi,UN.Lims.UN-UO-V-7105D_pH,real,BOILER D PH ANALYZER - LIMS,BOILER D PH ANALYZER - LIMS,1,2025-06-20 12:48:37,0,NULL,NULL
3964,UNITED_LIMS_CBD_E_PH,pi,UN.Lims.UN-UO-V-7105E_pH,real,BOILER E PH ANALYZER - LIMS,BOILER E PH ANALYZER - LIMS,1,2025-06-20 12:48:37,0,NULL,NULL
3965,CGC_Condensate,inferred,NULL,real,CGC Condensate,CGC Condensate,1,2025-06-20 12:48:37,0,NULL,NULL
3966,C3R_Condensate,inferred,NULL,real,C3R Condensate,C3R Condensate,1,2025-06-20 12:48:37,0,NULL,NULL
3967,Blowdown_percentage_boiler_A,inferred,NULL,real,Blowdown percentage boiler A,Blowdown percentage boiler A,1,2025-06-20 12:48:37,0,NULL,NULL
3968,Blowdown_percentage_boiler_B,inferred,NULL,real,Blowdown percentage boiler B,Blowdown percentage boiler B,1,2025-06-20 12:48:37,0,NULL,NULL
3969,Blowdown_percentage_boiler_C,inferred,NULL,real,Blowdown percentage boiler C,Blowdown percentage boiler C,1,2025-06-20 12:48:37,0,NULL,NULL
3970,Blowdown_percentage_boiler_D,inferred,NULL,real,Blowdown percentage boiler D,Blowdown percentage boiler D,1,2025-06-20 12:48:37,0,NULL,NULL
3971,Blowdown_percentage_boiler_E,inferred,NULL,real,Blowdown percentage boiler E,Blowdown percentage boiler E,1,2025-06-20 12:48:37,0,NULL,NULL
3972,UO_HP_to_MP_007A_007B_Shaft_loss_in_KW,inferred,NULL,real,UO HP to MP 007A 007B Shaft loss in KW,UO HP to MP 007A 007B Shaft loss in KW,1,2025-06-20 12:48:37,0,NULL,NULL
3973,EG1_HP_to_MP_PC9209_Shaft_loss_in_KW,inferred,NULL,real,EG1 HP to MP PC9209 Shaft loss in KW,EG1 HP to MP PC9209 Shaft loss in KW,1,2025-06-20 12:48:37,0,NULL,NULL
3974,EG2_HP_to_MP_PC9209_Shaft_loss_in_KW,inferred,NULL,real,EG2 HP to MP PC9209 Shaft loss in KW,EG2 HP to MP PC9209 Shaft loss in KW,1,2025-06-20 12:48:37,0,NULL,NULL
3975,EG3_HP_to_MP_PC9207_Shaft_loss_in_KW,inferred,NULL,real,EG3 HP to MP PC9207 Shaft loss in KW,EG3 HP to MP PC9207 Shaft loss in KW,1,2025-06-20 12:48:37,0,NULL,NULL
3976,UO_MP_to_LP_PV013A_Shaft_loss_in_KW,inferred,NULL,real,UO MP to LP PV013A Shaft loss in KW,UO MP to LP PV013A Shaft loss in KW,1,2025-06-20 12:48:37,0,NULL,NULL
3977,UO_MP_to_LP_PV013B_Shaft_loss_in_KW,inferred,NULL,real,UO MP to LP PV013B Shaft loss in KW,UO MP to LP PV013B Shaft loss in KW,1,2025-06-20 12:48:37,0,NULL,NULL
3978,UO_MP_to_LP_PV31_Shaft_loss_in_KW,inferred,NULL,real,UO MP to LP PV31 Shaft loss in KW,UO MP to LP PV31 Shaft loss in KW,1,2025-06-20 12:48:37,0,NULL,NULL
3979,UO_MP_to_LP_PV32_Shaft_loss_in_KW,inferred,NULL,real,UO MP to LP PV32 Shaft loss in KW,UO MP to LP PV32 Shaft loss in KW,1,2025-06-20 12:48:37,0,NULL,NULL
3980,Eth_VHP_to_HP_PX7024A_Shaft_loss_in_KW,inferred,NULL,real,Eth VHP to HP PX7024A Shaft loss in KW,Eth VHP to HP PX7024A Shaft loss in KW,1,2025-06-20 12:48:37,0,NULL,NULL
3981,Eth_VHP_to_HP_PX7024B_Shaft_loss_in_KW,inferred,NULL,real,Eth VHP to HP PX7024B Shaft loss in KW,Eth VHP to HP PX7024B Shaft loss in KW,1,2025-06-20 12:48:37,0,NULL,NULL
3982,Eth_HP_to_LP_PC7026_Shaft_loss_in_KW,inferred,NULL,real,Eth HP to LP PC7026 Shaft loss in KW,Eth HP to LP PC7026 Shaft loss in KW,1,2025-06-20 12:48:37,0,NULL,NULL
3983,Eth_HP_to_LP_HC7262_Shaft_loss_in_KW,inferred,NULL,real,Eth HP to LP HC7262 Shaft loss in KW,Eth HP to LP HC7262 Shaft loss in KW,1,2025-06-20 12:48:37,0,NULL,NULL
3984,EG3_MP_to_LP_PV9206B_Shaft_loss_in_KW,inferred,NULL,real,EG3 MP to LP PV9206B Shaft loss in KW,EG3 MP to LP PV9206B Shaft loss in KW,1,2025-06-20 12:48:37,0,NULL,NULL
3985,Eth_LP_to_LLP_PC7029_Shaft_loss_in_KW,inferred,NULL,real,Eth LP to LLP PC7029 Shaft loss in KW,Eth LP to LLP PC7029 Shaft loss in KW,1,2025-06-20 12:48:37,0,NULL,NULL
3986,Eth_Purge_PDC1154_Shaft_loss_in_KW,inferred,NULL,real,Eth Purge PDC1154 Shaft loss in KW,Eth Purge PDC1154 Shaft loss in KW,1,2025-06-20 12:48:37,0,NULL,NULL
3987,Eth_Purge_PDC1155_Shaft_loss_in_KW,inferred,NULL,real,Eth Purge PDC1155 Shaft loss in KW,Eth Purge PDC1155 Shaft loss in KW,1,2025-06-20 12:48:37,0,NULL,NULL
3988,BOILER_A_PH_ANALYZER_checked,inferred,NULL,real,BOILER A PH ANALYZER compared with LIMS,BOILER A PH ANALYZER compared with LIMS,1,2025-06-20 12:48:37,0,NULL,NULL
3989,BOILER_B_PH_ANALYZER_checked,inferred,NULL,real,BOILER B PH ANALYZER compared with LIMS,BOILER B PH ANALYZER compared with LIMS,1,2025-06-20 12:48:37,0,NULL,NULL
3990,BOILER_C_PH_ANALYZER_checked,inferred,NULL,real,BOILER C PH ANALYZER compared with LIMS,BOILER C PH ANALYZER compared with LIMS,1,2025-06-20 12:48:37,0,NULL,NULL
3991,BOILER_D_PH_ANALYZER_checked,inferred,NULL,real,BOILER D PH ANALYZER compared with LIMS,BOILER D PH ANALYZER compared with LIMS,1,2025-06-20 12:48:37,0,NULL,NULL
3992,BOILER_E_PH_ANALYZER_checked,inferred,NULL,real,BOILER E PH ANALYZER compared with LIMS,BOILER E PH ANALYZER compared with LIMS,1,2025-06-20 12:48:37,0,NULL,NULL
3993,act_shaft_loss,inferred,NULL,real,dummy_shaft_loss,dummy_shaft_loss,1,2025-06-20 12:48:37,0,NULL,NULL
3994,Air_Compressor_shaft_losses,inferred,NULL,real,Air_Compressor_shaft_losses,Air_Compressor_shaft_losses,1,2025-06-20 12:48:37,0,NULL,NULL
3995,du_shaft_loss,inferred,NULL,real,du_shaft_loss,du_shaft_loss,1,2025-06-20 12:48:37,0,NULL,NULL
3996,Furnace_1_Decoke_Status,inferred,NULL,real,Furnace_1_Decoke_Status,Furnace_1_Decoke_Status,1,2025-06-25 07:35:31,0,NULL,NULL
3997,Furnace_2_Decoke_Status,inferred,NULL,real,Furnace_2_Decoke_Status,Furnace_2_Decoke_Status,1,2025-06-25 07:35:31,0,NULL,NULL
3998,Furnace_3_Decoke_Status,inferred,NULL,real,Furnace_3_Decoke_Status,Furnace_3_Decoke_Status,1,2025-06-25 07:35:31,0,NULL,NULL
3999,Furnace_4_Decoke_Status,inferred,NULL,real,Furnace_4_Decoke_Status,Furnace_4_Decoke_Status,1,2025-06-25 07:35:31,0,NULL,NULL
4000,Furnace_5_Decoke_Status,inferred,NULL,real,Furnace_5_Decoke_Status,Furnace_5_Decoke_Status,1,2025-06-25 07:35:31,0,NULL,NULL
4001,Furnace_6_Decoke_Status,inferred,NULL,real,Furnace_6_Decoke_Status,Furnace_6_Decoke_Status,1,2025-06-25 07:35:31,0,NULL,NULL
4002,Furnace_7_Decoke_Status,inferred,NULL,real,Furnace_7_Decoke_Status,Furnace_7_Decoke_Status,1,2025-06-25 07:35:31,0,NULL,NULL
4003,Furnace_8_Decoke_Status,inferred,NULL,real,Furnace_8_Decoke_Status,Furnace_8_Decoke_Status,1,2025-06-25 07:35:31,0,NULL,NULL
4004,Furnace_9_Decoke_Status,inferred,NULL,real,Furnace_9_Decoke_Status,Furnace_9_Decoke_Status,1,2025-06-25 07:35:31,0,NULL,NULL
4005,Air_cost_factor,inferred,NULL,real,Factor for air cost,Factor for air cost,1,2025-06-27 09:11:18,0,NULL,NULL
4006,Air_cost_target,inferred,NULL,real,Air cost Target,Air cost Target,1,2025-06-27 09:11:19,0,NULL,NULL
4007,act_Total_Ethylene_Load,inferred,NULL,real,act_Total_Ethylene_Load,act_Total_Ethylene_Load,1,2025-06-28 14:19:22,0,NULL,NULL
4008,act_EG1_EOE,inferred,NULL,real,act_EG1_EOE,act_EG1_EOE,1,2025-06-28 14:19:22,0,NULL,NULL
4009,act_EG2_EOE,inferred,NULL,real,act_EG2_EOE,act_EG2_EOE,1,2025-06-28 14:19:22,0,NULL,NULL
4010,act_EG3_EOE,inferred,NULL,real,act_EG3_EOE,act_EG3_EOE,1,2025-06-28 14:19:22,0,NULL,NULL
4011,act_EG1_EO_Reactor_Selectivity,inferred,NULL,real,act_EG1_EO_Reactor_Selectivity,act_EG1_EO_Reactor_Selectivity,1,2025-06-28 14:19:22,0,NULL,NULL
4012,act_EG2_EO_Reactor_Selectivity,inferred,NULL,real,act_EG2_EO_Reactor_Selectivity,act_EG2_EO_Reactor_Selectivity,1,2025-06-28 14:19:22,0,NULL,NULL
4013,act_EG3_EO_Reactor_Selectivity,inferred,NULL,real,act_EG3_EO_Reactor_Selectivity,act_EG3_EO_Reactor_Selectivity,1,2025-06-28 14:19:22,0,NULL,NULL
4014,CW_Motor_7814A_Power_Benefit,inferred,NULL,real,CW_Motor_7814A_Power_Benefit,CW_Motor_7814A_Power_Benefit,1,2025-06-30 12:50:32,0,NULL,NULL
4015,CW_Motor_7814B_Power_Benefit,inferred,NULL,real,CW_Motor_7814B_Power_Benefit,CW_Motor_7814B_Power_Benefit,1,2025-06-30 12:50:32,0,NULL,NULL
4016,CW_Motor_7814C_Power_Benefit,inferred,NULL,real,CW_Motor_7814C_Power_Benefit,CW_Motor_7814C_Power_Benefit,1,2025-06-30 12:50:32,0,NULL,NULL
4017,max2_spec_en_consumption,inferred,NULL,real,max2_spec_en_consumption,max2_spec_en_consumption,1,2025-07-01 15:37:42,0,NULL,NULL
4018,max2_spec_en_consumption_blr,inferred,NULL,real,max2_spec_en_consumption_blr,max2_spec_en_consumption_blr,1,2025-07-01 15:37:42,0,NULL,NULL
4019,act_MP_Steam_Consumption,inferred,NULL,real,act_MP_Steam_Consumption,act_MP_Steam_Consumption,1,2025-07-06 16:39:02,0,NULL,NULL
4020,act_LP_Steam_Consumption,inferred,NULL,real,act_LP_Steam_Consumption,act_LP_Steam_Consumption,1,2025-07-06 16:39:02,0,NULL,NULL
4021,act_Total_BFW_Consumption,inferred,NULL,real,act_Total_BFW_Consumption,act_Total_BFW_Consumption,1,2025-07-06 16:39:02,0,NULL,NULL
4022,act_Total_Fuel_Consumption,inferred,NULL,real,act_Total_Fuel_Consumption,act_Total_Fuel_Consumption,1,2025-07-06 16:39:02,0,NULL,NULL
4023,act_DMW_Makeup,inferred,NULL,real,act_DMW_Makeup,act_DMW_Makeup,1,2025-07-06 16:39:02,0,NULL,NULL
4024,act_HP_Steam_Consumption,inferred,NULL,real,act_HP_Steam_Consumption,act_HP_Steam_Consumption,1,2025-07-06 16:39:02,0,NULL,NULL
4025,act_MP_Steam_Imbalance,inferred,NULL,real,act_MP_Steam_Imbalance,act_MP_Steam_Imbalance,1,2025-07-06 16:39:02,0,NULL,NULL
4026,act_LP_Steam_Imbalance,inferred,NULL,real,act_LP_Steam_Imbalance,act_LP_Steam_Imbalance,1,2025-07-06 16:39:02,0,NULL,NULL
4027,act_BFW_Imbalance,inferred,NULL,real,act_BFW_Imbalance,act_BFW_Imbalance,1,2025-07-06 16:39:02,0,NULL,NULL
4028,act_DMW_Imbalance,inferred,NULL,real,act_DMW_Imbalance,act_DMW_Imbalance,1,2025-07-06 16:39:02,0,NULL,NULL
4029,act_HP_Steam_Imbalance,inferred,NULL,real,act_HP_Steam_Imbalance,act_HP_Steam_Imbalance,1,2025-07-06 16:39:02,0,NULL,NULL
4030,act_Total_Fuel_Imbalance,inferred,NULL,real,act_Total_Fuel_Imbalance,act_Total_Fuel_Imbalance,1,2025-07-07 12:13:41,0,NULL,NULL
4031,C3R_Process_flow,pi,UN.ETH.16FI6060a.PV,real,C3R Process flow,C3R Process flow,1,2025-07-07 14:35:04,0,NULL,NULL
4032,act_Total_CW_Demand_including_EG3,inferred,NULL,real,act_Total_CW_Demand_including_EG3,act_Total_CW_Demand_including_EG3,1,2025-07-08 10:24:23,0,NULL,NULL
4033,act_Sea_water_makeup_CW,inferred,NULL,real,act_Sea_water_makeup_CW,act_Sea_water_makeup_CW,1,2025-07-08 11:32:44,0,NULL,NULL
4034,Dummy_tag_1,inferred,NULL,real,Dummy_tag_1,Dummy_tag_1,0,2025-07-09 09:16:04,0,NULL,NULL
4035,Dummy_tag_2,inferred,NULL,real,Dummy_tag_2,Dummy_tag_2,0,2025-07-09 09:16:04,0,NULL,NULL
4036,ETH_suspect_COND_TO_U_O_corrected,inferred,NULL,real,ETH_suspect_COND_TO_U_O_corrected,ETH_suspect_COND_TO_U_O_corrected,1,2025-07-14 12:27:38,0,NULL,NULL
4037,EG1_suspect_COND_TO_U_O_corrected,inferred,NULL,real,EG1_suspect_COND_TO_U_O_corrected,EG1_suspect_COND_TO_U_O_corrected,1,2025-07-14 12:27:38,0,NULL,NULL
4038,EG2_suspect_COND_TO_U_O_corrected,inferred,NULL,real,EG2_suspect_COND_TO_U_O_corrected,EG2_suspect_COND_TO_U_O_corrected,1,2025-07-14 12:27:38,0,NULL,NULL
4039,EG3_suspect_COND_TO_U_O_corrected,inferred,NULL,real,EG3_suspect_COND_TO_U_O_corrected,EG3_suspect_COND_TO_U_O_corrected,1,2025-07-14 12:27:38,0,NULL,NULL
4040,Condensate_Recovery_Ratio_ETH,inferred,NULL,real,Condensate_Recovery_Ratio_ETH,Condensate_Recovery_Ratio_ETH,1,2025-07-14 12:27:38,0,NULL,NULL
4041,Condensate_Recovery_Ratio_EG1,inferred,NULL,real,Condensate_Recovery_Ratio_EG1,Condensate_Recovery_Ratio_EG1,1,2025-07-14 12:27:38,0,NULL,NULL
4042,Condensate_Recovery_Ratio_EG2,inferred,NULL,real,Condensate_Recovery_Ratio_EG2,Condensate_Recovery_Ratio_EG2,1,2025-07-14 12:27:38,0,NULL,NULL
4043,Condensate_Recovery_Ratio_EG3,inferred,NULL,real,Condensate_Recovery_Ratio_EG3,Condensate_Recovery_Ratio_EG3,1,2025-07-14 12:27:38,0,NULL,NULL
4044,act_EOEG_1_MPS_Demand,inferred,NULL,real,act_EOEG_1_MPS_Demand,act_EOEG_1_MPS_Demand,1,2025-07-14 12:27:38,0,NULL,NULL
4045,act_EOEG_1_LPS_Demand,inferred,NULL,real,act_EOEG_1_LPS_Demand,act_EOEG_1_LPS_Demand,1,2025-07-14 12:27:38,0,NULL,NULL
4046,act_EOEG_2_MPS_Demand,inferred,NULL,real,act_EOEG_2_MPS_Demand,act_EOEG_2_MPS_Demand,1,2025-07-14 12:27:38,0,NULL,NULL
4047,act_EOEG_2_LPS_Demand,inferred,NULL,real,act_EOEG_2_LPS_Demand,act_EOEG_2_LPS_Demand,1,2025-07-14 12:27:38,0,NULL,NULL
4048,act_EOEG_3_MPS_Demand,inferred,NULL,real,act_EOEG_3_MPS_Demand,act_EOEG_3_MPS_Demand,1,2025-07-14 12:27:38,0,NULL,NULL
4049,act_EOEG_3_LPS_Demand,inferred,NULL,real,act_EOEG_3_LPS_Demand,act_EOEG_3_LPS_Demand,1,2025-07-14 12:27:38,0,NULL,NULL
4050,act_ETH_LPS_Demand,inferred,NULL,real,act_ETH_LPS_Demand,act_ETH_LPS_Demand,1,2025-07-14 12:27:38,0,NULL,NULL
4051,act_ETH_HPS_Demand,inferred,NULL,real,act_ETH_HPS_Demand,act_ETH_HPS_Demand,1,2025-07-14 12:27:38,0,NULL,NULL
4052,minimum_flow_BFW,inferred,NULL,real,minimum_flow_BFW,minimum_flow_BFW,1,2025-07-16 11:47:42,0,NULL,NULL
4053,Total_ethylene_product_flow_calculated,pi,UN.ETH.UN05-01-ETH01.Total_ethylene_product_flow_calculated_PEEO_CALC_OUTPUT,real,Total_ethylene_product_flow_calculated,Total_ethylene_product_flow_calculated,1,2025-07-22 16:50:30,0,NULL,NULL
4054,Energy_GJ_C2R,inferred,NULL,real,Energy consumption for Eth C2R Turbine: KT-1500,Energy consumption for Eth C2R Turbine: KT-1500,1,2025-07-22 16:50:30,0,NULL,NULL
4055,Energy_GJ_C3R,inferred,NULL,real,Energy consumption for Eth C3R Turbine: KT-1600,Energy consumption for Eth C3R Turbine: KT-1600,1,2025-07-22 16:50:30,0,NULL,NULL
4056,EG1_steam_drum_pr_3,pi,UN.EG1.21PC1450.PV,real,EG1 steam drum pr 3,EG1 steam drum pr 3,1,2025-07-23 16:15:31,0,NULL,NULL
4057,EG2_steam_drum_pr_1,pi,UN.EG2.41PC1350.PV,real,EG2 steam drum pr 1,EG2 steam drum pr 1,1,2025-07-23 16:15:31,0,NULL,NULL
4058,EG2_steam_drum_temp_2,pi,UN.EG2.41TI1368.PV,real,EG2 steam drum temp 2,EG2 steam drum temp 2,1,2025-07-23 16:15:31,0,NULL,NULL
4059,EG2_condensate_drum,pi,UN.EG2.49PC9213.PV,real,EG2 condensate drum,EG2 condensate drum,1,2025-07-23 16:15:31,0,NULL,NULL
4060,EG1_condensate_drum,pi,UN.EG1.29PC9213.PV,real,EG1 condensate drum,EG1 condensate drum,1,2025-07-23 16:15:31,0,NULL,NULL
4061,EG3_condensate_drum,pi,UN.EG3.61TI1469.PV,real,EG3 condensate drum,EG3 condensate drum,1,2025-07-23 16:15:31,0,NULL,NULL
4062,EG3_steam_drum_temp_5,pi,UN.EG3.61TI1468.PV,real,EG3 steam drum temp 5,EG3 steam drum temp 5,1,2025-07-23 16:15:31,0,NULL,NULL
4063,EG1_Energy_Consumption,inferred,NULL,real,EG1 Energy Import,EG1_Energy_Consumption,1,2025-07-24 13:12:36,0,NULL,NULL
4064,EG2_Energy_Consumption,inferred,NULL,real,EG2 Energy Import,EG2_Energy_Consumption,1,2025-07-24 13:12:36,0,NULL,NULL
4065,EG3_Energy_Consumption,inferred,NULL,real,EG3 Energy Import,EG3_Energy_Consumption,1,2025-07-24 13:12:36,0,NULL,NULL
4066,ETH_Energy_Consumption,inferred,NULL,real,ETH Energy Import,ETH_Energy_Consumption,1,2025-07-24 13:12:36,0,NULL,NULL
4067,LAO_Energy_Consumption,inferred,NULL,real,LAO Energy Import,LAO_Energy_Consumption,1,2025-07-24 13:12:36,0,NULL,NULL
4068,Sea_water_cond_CT_LIMS,pi,UN.LIMS.CT-7801_Conductivity,real,Sea water conductivity of CT from LIMS,Sea water conductivity of CT from LIMS,1,2025-07-24 13:12:36,0,NULL,NULL
4069,Suction_Press_1Stage,pi,UN.ETH.12PI2030.PV,real,Suction_Press_1Stage,Suction_Press_1Stage,1,2025-07-24 13:12:36,0,NULL,NULL
4070,Furnace_O2_Check,inferred,NULL,real,Furnace_O2_Check,Furnace_O2_Check,1,2025-07-24 13:12:36,0,NULL,NULL
4071,CBD_energy_saving_BLR1_Adjusted,inferred,NULL,real,CBD_energy_saving_BLR1_Adjusted,CBD_energy_saving_BLR1_Adjusted,1,2025-07-24 14:42:18,0,NULL,NULL
4072,CBD_energy_saving_BLR2_Adjusted,inferred,NULL,real,CBD_energy_saving_BLR2_Adjusted,CBD_energy_saving_BLR2_Adjusted,1,2025-07-24 14:42:18,0,NULL,NULL
4073,CBD_energy_saving_BLR3_Adjusted,inferred,NULL,real,CBD_energy_saving_BLR3_Adjusted,CBD_energy_saving_BLR3_Adjusted,1,2025-07-24 14:42:18,0,NULL,NULL
4074,CBD_energy_saving_BLR4_Adjusted,inferred,NULL,real,CBD_energy_saving_BLR4_Adjusted,CBD_energy_saving_BLR4_Adjusted,1,2025-07-24 14:42:18,0,NULL,NULL
4075,CBD_energy_saving_BLR5_Adjusted,inferred,NULL,real,CBD_energy_saving_BLR5_Adjusted,CBD_energy_saving_BLR5_Adjusted,1,2025-07-24 14:42:18,0,NULL,NULL
4076,Decoking_Furnace_Count,inferred,NULL,real,Furnaces Under Decoking Mode,Furnaces Under Decoking Mode,1,2025-07-28 08:45:26,0,NULL,NULL
4077,Process_flow_of_PK_5020_t_hr,inferred,NULL,real,Process flow of PK 5020in t/hr,Process flow of PK 5020in t/hr,1,2025-07-29 08:40:53,0,NULL,NULL
4078,K_5071_Dis_Flow_t_hr,inferred,NULL,real,K 5071 Dis Flowin t/hr,K 5071 Dis Flowin t/hr,1,2025-07-29 08:40:53,0,NULL,NULL
4079,Total_Flow_to_Deareator_A_t_hr,inferred,NULL,real,Total Flow to Deareator Ain t/hr,Total Flow to Deareator Ain t/hr,1,2025-07-29 08:40:53,0,NULL,NULL
4080,Total_Flow_to_Deareator_B_t_hr,inferred,NULL,real,Total Flow to Deareator Bin t/hr,Total Flow to Deareator Bin t/hr,1,2025-07-29 08:40:53,0,NULL,NULL
4081,VHP_BFW_A_Discharge_flow_t_hr,inferred,NULL,real,VHP BFW A Discharge flowin t/hr,VHP BFW A Discharge flowin t/hr,1,2025-07-29 08:40:53,0,NULL,NULL
4082,VHP_BFW_B_Discharge_flow_t_hr,inferred,NULL,real,VHP BFW B Discharge flowin t/hr,VHP BFW B Discharge flowin t/hr,1,2025-07-29 08:40:53,0,NULL,NULL
4083,VHP_BFW_C_Discharge_flow_t_hr,inferred,NULL,real,VHP BFW C Discharge flowin t/hr,VHP BFW C Discharge flowin t/hr,1,2025-07-29 08:40:53,0,NULL,NULL
4084,H3831_steam_flow_t_hr,inferred,NULL,real,H3831 steam flowin t/hr,H3831 steam flowin t/hr,1,2025-07-29 08:40:53,0,NULL,NULL
4085,Sea_CW_Flow_1,inferred,NULL,real,Sea CW flow for circuit 1,Sea CW flow for circuit 1,1,2025-07-29 17:19:26,0,NULL,NULL
4086,Sea_CW_Flow_2,inferred,NULL,real,Sea CW flow for circuit 2,Sea CW flow for circuit 2,1,2025-07-29 17:19:26,0,NULL,NULL
4087,EOEG1_Plant_benifit,inferred,NULL,real,EOEG1_Plant_benifit,EOEG1_Plant_benifit,1,2025-07-30 10:17:02,0,NULL,NULL
4088,EOEG2_Plant_benifit,inferred,NULL,real,EOEG2_Plant_benifit,EOEG2_Plant_benifit,1,2025-07-30 10:17:02,0,NULL,NULL
4089,EOEG3_Plant_benifit,inferred,NULL,real,EOEG3_Plant_benifit,EOEG3_Plant_benifit,1,2025-07-30 10:17:02,0,NULL,NULL
4090,ETH_Plant_benifit,inferred,NULL,real,ETH_Plant_benifit,ETH_Plant_benifit,1,2025-07-30 10:17:02,0,NULL,NULL
4091,LAO_Plant_benifit,inferred,NULL,real,LAO_Plant_benifit,LAO_Plant_benifit,1,2025-07-30 10:17:02,0,NULL,NULL
4092,LAO_LPS_Demand_benifit,inferred,NULL,real,LAO_LPS_Demand_benifit,LAO_LPS_Demand_benifit,1,2025-07-30 10:17:02,0,NULL,NULL
4093,EG2_BFW_to_Steam_drum_1,pi,UN.EG2.41FC1101.PV,real,EG2_BFW_to_Steam_drum_1,EG2_BFW_to_Steam_drum_1,1,2025-08-04 12:37:46,0,NULL,NULL
4094,EG2_BFW_to_Steam_drum_2,pi,UN.EG2.41FC1201.PV,real,EG2_BFW_to_Steam_drum_2,EG2_BFW_to_Steam_drum_2,1,2025-08-04 12:37:46,0,NULL,NULL
4095,EG1_BFW_to_Steam_drum_1,pi,UN.EG1.21FC1101.PV,real,EG1_BFW_to_Steam_drum_1,EG1_BFW_to_Steam_drum_1,1,2025-08-04 12:37:46,0,NULL,NULL
4096,EG1_BFW_to_Steam_drum_2,pi,UN.EG1.21FC1201.PV,real,EG1_BFW_to_Steam_drum_2,EG1_BFW_to_Steam_drum_2,1,2025-08-04 12:37:46,0,NULL,NULL
4097,act_EG2_RC_TEMP_1,inferred,NULL,real,act_EG2_RC_TEMP_1,act_EG2_RC_TEMP_1,1,2025-08-04 12:37:46,0,NULL,NULL
4098,Total_Steam_To_Regenerator_EG1_Adjusted,inferred,NULL,real,Total_Steam_To_Regenerator_EG1_Adjusted,Total_Steam_To_Regenerator_EG1_Adjusted,1,2025-08-04 14:53:43,0,NULL,NULL
4099,Total_Steam_To_Stripping_Column_EG1_Adjusted,inferred,NULL,real,Total_Steam_To_Stripping_Column_EG1_Adjusted,Total_Steam_To_Stripping_Column_EG1_Adjusted,1,2025-08-04 14:53:43,0,NULL,NULL
4100,Total_Steam_To_Regenerator_EG2_Adjusted,inferred,NULL,real,Total_Steam_To_Regenerator_EG2_Adjusted,Total_Steam_To_Regenerator_EG2_Adjusted,1,2025-08-04 14:53:43,0,NULL,NULL
4101,Total_Steam_To_Stripping_Column_EG2_Adjusted,inferred,NULL,real,Total_Steam_To_Stripping_Column_EG2_Adjusted,Total_Steam_To_Stripping_Column_EG2_Adjusted,1,2025-08-04 14:53:43,0,NULL,NULL
4102,Total_Steam_To_Regenerator_EG3_Adjusted,inferred,NULL,real,Total_Steam_To_Regenerator_EG3_Adjusted,Total_Steam_To_Regenerator_EG3_Adjusted,1,2025-08-04 14:53:43,0,NULL,NULL
4103,MP_Steam_Pressure,pi,UN.UO.70PC0007A.PV,real,MP Steam Pressure,MP Steam Pressure,1,2025-08-05 16:02:47,0,NULL,NULL
4104,act_EG1_RC_TEMP_1,inferred,NULL,real,act_EG1_RC_TEMP_1,act_EG1_RC_TEMP_1,1,2025-08-06 13:07:47,0,NULL,NULL
4105,Air_cost_from_turbines,inferred,NULL,real,Air cost from turbines,Air cost from turbines,1,2025-08-07 08:18:58,0,NULL,NULL
4106,Air_cost_from_motors,inferred,NULL,real,Air cost from Motors,Air cost from Motors,1,2025-08-07 08:18:58,0,NULL,NULL
4107,Total_Steam_To_Regenerator_EG1_Energy,inferred,NULL,real,Total Steam To Regenerator EG1 Energy,Total Steam To Regenerator EG1 Energy,1,2025-08-11 08:02:53,0,NULL,NULL
4108,Total_Steam_To_Stripping_Column_EG1_Energy,inferred,NULL,real,Total Steam To Stripping system EG1 Energy,Total Steam To Stripping system EG1 Energy,1,2025-08-11 08:02:53,0,NULL,NULL
4109,Total_Reboiler_Steam_flow_C_2620_Energy,inferred,NULL,real,Total Reboiler Steam flow C 2620 Energy,Total Reboiler Steam flow C 2620 Energy,1,2025-08-11 08:02:53,0,NULL,NULL
4110,Total_Steam_To_Regenerator_EG2_Energy,inferred,NULL,real,Total Steam To Regenerator EG2 Energy,Total Steam To Regenerator EG2 Energy,1,2025-08-11 08:02:53,0,NULL,NULL
4111,Total_Steam_To_Stripping_Column_EG2_Energy,inferred,NULL,real,Total Steam To Stripping EG2 Energy,Total Steam To Stripping EG2 Energy,1,2025-08-11 08:02:53,0,NULL,NULL
4112,Total_Reboiler_Steam_flow_C_4620_Energy,inferred,NULL,real,Total Reboiler Steam flow C 4620 Energy,Total Reboiler Steam flow C 4620 Energy,1,2025-08-11 08:02:53,0,NULL,NULL
4113,Total_Steam_To_Regenerator_EG3_Energy,inferred,NULL,real,Total Steam To Regenerator EG3 Energy,Total Steam To Regenerator EG3 Energy,1,2025-08-11 08:02:53,0,NULL,NULL
4114,Total_Reboiler_Steam_flow_C_6620_Energy,inferred,NULL,real,Total Reboiler Steam flow C 6620 Energy,Total Reboiler Steam flow C 6620 Energy,1,2025-08-11 08:02:53,0,NULL,NULL
4115,opportunity_energy_eg2_co2,inferred,NULL,real,opportunity_energy_eg2_co2,opportunity_energy_eg2_co2,1,2025-08-14 07:30:18,0,NULL,NULL
4116,opportunity_energy_eg2_eg,inferred,NULL,real,opportunity_energy_eg2_eg,opportunity_energy_eg2_eg,1,2025-08-14 07:30:18,0,NULL,NULL
4117,opportunity_energy_olf_cgc,inferred,NULL,real,opportunity_energy_olf_cgc,opportunity_energy_olf_cgc,1,2025-08-14 07:30:18,0,NULL,NULL
4118,opportunity_energy_eg1_co2,inferred,NULL,real,opportunity_energy_eg1_co2,opportunity_energy_eg1_co2,1,2025-08-14 07:30:18,0,NULL,NULL
4119,opportunity_energy_olf_cold,inferred,NULL,real,opportunity_energy_olf_cold,opportunity_energy_olf_cold,1,2025-08-14 07:30:18,0,NULL,NULL
4120,opportunity_energy_olf_qt,inferred,NULL,real,opportunity_energy_olf_qt,opportunity_energy_olf_qt,1,2025-08-14 07:30:18,0,NULL,NULL
4121,opportunity_energy_eg1_eg,inferred,NULL,real,opportunity_energy_eg1_eg,opportunity_energy_eg1_eg,1,2025-08-14 07:30:18,0,NULL,NULL
4122,opportunity_energy_eg3_co2,inferred,NULL,real,opportunity_energy_eg3_co2,opportunity_energy_eg3_co2,1,2025-08-14 07:30:18,0,NULL,NULL
4123,opportunity_energy_eg3_eg,inferred,NULL,real,opportunity_energy_eg3_eg,opportunity_energy_eg3_eg,1,2025-08-14 07:30:18,0,NULL,NULL
4124,Furnaces_under_Steaming_mode,inferred,NULL,real,Furnaces Under Steaming Mode,Furnaces_under_Steaming_mode,1,2025-08-19 08:41:11,0,NULL,NULL
4125,Decoking_Furnace_Count_user_input,inferred,NULL,real,Furnaces Under Decoking Mode,Decoking_Furnace_Count_user_input,1,2025-08-19 08:41:11,0,NULL,NULL
4126,Modified_ETH_load_Fuel,inferred,NULL,real,Modified_ETH_load_Fuel,Modified_ETH_load_Fuel,1,2025-08-19 08:41:11,0,NULL,NULL
4127,Decoking_Furnace_Count_act,inferred,NULL,real,Decoking_Furnace_Count_act,Decoking_Furnace_Count_act,1,2025-08-19 10:13:33,0,NULL,NULL
4128,act_Air_Compressor_Turbine_A_Status,inferred,NULL,real,act_Air_Compressor_Turbine_A_Status,act_Air_Compressor_Turbine_A_Status,1,2025-08-19 15:25:35,0,NULL,NULL
4129,act_Air_Compressor_Turbine_D_Status,inferred,NULL,real,act_Air_Compressor_Turbine_D_Status,act_Air_Compressor_Turbine_D_Status,1,2025-08-19 15:25:35,0,NULL,NULL
4130,act_Air_Compressor_Motor_C_Status,inferred,NULL,real,act_Air_Compressor_Motor_C_Status,act_Air_Compressor_Motor_C_Status,1,2025-08-19 15:25:35,0,NULL,NULL
4131,act_Air_Compressor_Motor_B_Status,inferred,NULL,real,act_Air_Compressor_Motor_B_Status,act_Air_Compressor_Motor_B_Status,1,2025-08-19 15:25:35,0,NULL,NULL
4132,Sea_water_pumps_to_PHE_temp,pi,UN.UO.78TI8222.PV,real,Sea water pumps to PHE temp,Sea water pumps to PHE temp,1,2025-08-19 15:25:35,0,NULL,NULL
4133,Sea_water_PHE_to_CT_7801_temp,pi,UN.UO.78TI8003.PV,real,Sea water PHE to CT 7801 temp,Sea water PHE to CT 7801 temp,1,2025-08-19 15:25:35,0,NULL,NULL
4134,Sea_water_CT_7801_to_basin_temp,pi,UN.UO.78TI8640.PV,real,Sea water CT 7801 to basin temp,Sea water CT 7801 to basin temp,1,2025-08-19 15:25:35,0,NULL,NULL
4135,BFW_to_Boilers_benefit,inferred,NULL,real,BFW to Boilers benefit,BFW_to_Boilers_benefit,1,2025-08-22 10:10:04,0,NULL,NULL
4136,Eth_CGC_turbine_Duty_Adjusted,inferred,NULL,real,Eth_CGC_turbine_Duty_Adjusted,Eth_CGC_turbine_Duty_Adjusted,1,2025-08-22 10:10:04,0,NULL,NULL
4137,LP_Steam_from_PRC_Extraction_Adjusted,inferred,NULL,real,LP_Steam_from_PRC_Extraction_Adjusted,LP_Steam_from_PRC_Extraction_Adjusted,1,2025-08-25 12:56:17,0,NULL,NULL
4138,Sea_water_pump_cost,inferred,NULL,real,Pumping cost of sea water,Pumping cost of sea water,1,2025-08-28 18:40:34,0,NULL,NULL
4139,total_sea_water,inferred,NULL,real,Total sea water circulation,Total sea water circulation,1,2025-08-28 18:40:34,0,NULL,NULL
4140,Boiler_5_O2_Adjusted,inferred,NULL,real,Boiler_5_O2_Adjusted,Boiler_5_O2_Adjusted,1,2025-08-28 18:40:34,0,NULL,NULL
4141,Boiler_A_Boiler_Indirect_Efficiency_Adjusted,inferred,NULL,real,Boiler_A_Boiler_Indirect_Efficiency_Adjusted,Boiler_A_Boiler_Indirect_Efficiency_Adjusted,1,2025-08-28 18:40:34,0,NULL,NULL
4142,Boiler_B_Boiler_Indirect_Efficiency_Adjusted,inferred,NULL,real,Boiler_B_Boiler_Indirect_Efficiency_Adjusted,Boiler_B_Boiler_Indirect_Efficiency_Adjusted,1,2025-08-28 18:40:34,0,NULL,NULL
4143,Boiler_C_Boiler_Indirect_Efficiency_Adjusted,inferred,NULL,real,Boiler_C_Boiler_Indirect_Efficiency_Adjusted,Boiler_C_Boiler_Indirect_Efficiency_Adjusted,1,2025-08-28 18:40:34,0,NULL,NULL
4144,Boiler_D_Boiler_Indirect_Efficiency_Adjusted,inferred,NULL,real,Boiler_D_Boiler_Indirect_Efficiency_Adjusted,Boiler_D_Boiler_Indirect_Efficiency_Adjusted,1,2025-08-28 18:40:34,0,NULL,NULL
4145,Boiler_E_Boiler_Indirect_Efficiency_Adjusted,inferred,NULL,real,Boiler_E_Boiler_Indirect_Efficiency_Adjusted,Boiler_E_Boiler_Indirect_Efficiency_Adjusted,1,2025-08-28 18:40:34,0,NULL,NULL
4146,TQE_Outlet_Pressure_Furnace_A,pi,UN.ETH.11PI1051A.PV,real,TQE_Outlet_Pressure_Furnace_A,TQE_Outlet_Pressure_Furnace_A,1,2025-09-05 14:17:20,0,NULL,NULL
4147,TQE_Outlet_Pressure_Furnace_B,pi,UN.ETH.11PI1051B.PV,real,TQE_Outlet_Pressure_Furnace_B,TQE_Outlet_Pressure_Furnace_B,1,2025-09-05 14:17:20,0,NULL,NULL
4148,TQE_Outlet_Pressure_Furnace_C,pi,UN.ETH.11PI1051C.PV,real,TQE_Outlet_Pressure_Furnace_C,TQE_Outlet_Pressure_Furnace_C,1,2025-09-05 14:17:20,0,NULL,NULL
4149,TQE_Outlet_Pressure_Furnace_D,pi,UN.ETH.11PI1051D.PV,real,TQE_Outlet_Pressure_Furnace_D,TQE_Outlet_Pressure_Furnace_D,1,2025-09-05 14:17:20,0,NULL,NULL
4150,TQE_Outlet_Pressure_Furnace_E,pi,UN.ETH.11PI1051E.PV,real,TQE_Outlet_Pressure_Furnace_E,TQE_Outlet_Pressure_Furnace_E,1,2025-09-05 14:17:20,0,NULL,NULL
4151,TQE_Outlet_Pressure_Furnace_F,pi,UN.ETH.11PI1051F.PV,real,TQE_Outlet_Pressure_Furnace_F,TQE_Outlet_Pressure_Furnace_F,1,2025-09-05 14:17:20,0,NULL,NULL
4152,TQE_Outlet_Pressure_Furnace_G,pi,UN.ETH.11PI1051G.PV,real,TQE_Outlet_Pressure_Furnace_G,TQE_Outlet_Pressure_Furnace_G,1,2025-09-05 14:17:20,0,NULL,NULL
4153,TQE_Outlet_Pressure_Furnace_H,pi,UN.ETH.11PI1051H.PV,real,TQE_Outlet_Pressure_Furnace_H,TQE_Outlet_Pressure_Furnace_H,1,2025-09-05 14:17:20,0,NULL,NULL
4154,TQE_Outlet_Pressure_Furnace_J,pi,UN.ETH.11PI1051J.PV,real,TQE_Outlet_Pressure_Furnace_J,TQE_Outlet_Pressure_Furnace_J,1,2025-09-05 14:17:20,0,NULL,NULL
4155,FUR_1_ETHANE_TRIP_VALVE,pi,UN.ETH.11XZL1084A.PV,real,FUR_1_ETHANE_TRIP_VALVE,FUR_1_ETHANE_TRIP_VALVE,1,2025-09-05 14:17:20,0,NULL,NULL
4156,FUR_2_ETHANE_TRIP_VALVE,pi,UN.ETH.11XZL1084B.PV,real,FUR_2_ETHANE_TRIP_VALVE,FUR_2_ETHANE_TRIP_VALVE,1,2025-09-05 14:17:20,0,NULL,NULL
4157,FUR_3_ETHANE_TRIP_VALVE,pi,UN.ETH.11XZL1084C.PV,real,FUR_3_ETHANE_TRIP_VALVE,FUR_3_ETHANE_TRIP_VALVE,1,2025-09-05 14:17:20,0,NULL,NULL
4158,FUR_4_ETHANE_TRIP_VALVE,pi,UN.ETH.11XZL1084D.PV,real,FUR_4_ETHANE_TRIP_VALVE,FUR_4_ETHANE_TRIP_VALVE,1,2025-09-05 14:17:20,0,NULL,NULL
4159,FUR_5_ETHANE_TRIP_VALVE,pi,UN.ETH.11XZL1084E.PV,real,FUR_5_ETHANE_TRIP_VALVE,FUR_5_ETHANE_TRIP_VALVE,1,2025-09-05 14:17:20,0,NULL,NULL
4160,FUR_6_ETHANE_TRIP_VALVE,pi,UN.ETH.11XZL1084F.PV,real,FUR_6_ETHANE_TRIP_VALVE,FUR_6_ETHANE_TRIP_VALVE,1,2025-09-05 14:17:20,0,NULL,NULL
4161,FUR_7_ETHANE_TRIP_VALVE,pi,UN.ETH.11XZL1084G.PV,real,FUR_7_ETHANE_TRIP_VALVE,FUR_7_ETHANE_TRIP_VALVE,1,2025-09-05 14:17:20,0,NULL,NULL
4162,FUR_8_ETHANE_TRIP_VALVE,pi,UN.ETH.11XZL1084H.PV,real,FUR_8_ETHANE_TRIP_VALVE,FUR_8_ETHANE_TRIP_VALVE,1,2025-09-05 14:17:20,0,NULL,NULL
4163,FUR_9_ETHANE_TRIP_VALVE,pi,UN.ETH.11XZL1084J.PV,real,FUR_9_ETHANE_TRIP_VALVE,FUR_9_ETHANE_TRIP_VALVE,1,2025-09-05 14:17:20,0,NULL,NULL
4164,Pass8_Mixed_Feed_Pressure_Furnace_A,pi,UN.ETH.11PI1586AH.PV,real,Pass8_Mixed_Feed_Pressure_Furnace_A,Pass8_Mixed_Feed_Pressure_Furnace_A,1,2025-09-05 14:17:20,0,NULL,NULL
4165,Pass7_Mixed_Feed_Pressure_Furnace_A,pi,UN.ETH.11PI1586AG.PV,real,Pass7_Mixed_Feed_Pressure_Furnace_A,Pass7_Mixed_Feed_Pressure_Furnace_A,1,2025-09-05 14:17:20,0,NULL,NULL
4166,Pass6_Mixed_Feed_Pressure_Furnace_A,pi,UN.ETH.11PI1586AF.PV,real,Pass6_Mixed_Feed_Pressure_Furnace_A,Pass6_Mixed_Feed_Pressure_Furnace_A,1,2025-09-05 14:17:21,0,NULL,NULL
4167,Pass5_Mixed_Feed_Pressure_Furnace_A,pi,UN.ETH.11PI1586AE.PV,real,Pass5_Mixed_Feed_Pressure_Furnace_A,Pass5_Mixed_Feed_Pressure_Furnace_A,1,2025-09-05 14:17:21,0,NULL,NULL
4168,Pass4_Mixed_Feed_Pressure_Furnace_A,pi,UN.ETH.11PI1586AD.PV,real,Pass4_Mixed_Feed_Pressure_Furnace_A,Pass4_Mixed_Feed_Pressure_Furnace_A,1,2025-09-05 14:17:21,0,NULL,NULL
4169,Pass3_Mixed_Feed_Pressure_Furnace_A,pi,UN.ETH.11PI1586AC.PV,real,Pass3_Mixed_Feed_Pressure_Furnace_A,Pass3_Mixed_Feed_Pressure_Furnace_A,1,2025-09-05 14:17:21,0,NULL,NULL
4170,Pass2_Mixed_Feed_Pressure_Furnace_A,pi,UN.ETH.11PI1586AB.PV,real,Pass2_Mixed_Feed_Pressure_Furnace_A,Pass2_Mixed_Feed_Pressure_Furnace_A,1,2025-09-05 14:17:21,0,NULL,NULL
4171,Pass1_Mixed_Feed_Pressure_Furnace_A,pi,UN.ETH.11PI1586AA.PV,real,Pass1_Mixed_Feed_Pressure_Furnace_A,Pass1_Mixed_Feed_Pressure_Furnace_A,1,2025-09-05 14:17:21,0,NULL,NULL
4172,Pass8_Mixed_Feed_Pressure_Furnace_B,pi,UN.ETH.11PI1586BH.PV,real,Pass8_Mixed_Feed_Pressure_Furnace_B,Pass8_Mixed_Feed_Pressure_Furnace_B,1,2025-09-05 14:17:21,0,NULL,NULL
4173,Pass7_Mixed_Feed_Pressure_Furnace_B,pi,UN.ETH.11PI1586BG.PV,real,Pass7_Mixed_Feed_Pressure_Furnace_B,Pass7_Mixed_Feed_Pressure_Furnace_B,1,2025-09-05 14:17:21,0,NULL,NULL
4174,Pass6_Mixed_Feed_Pressure_Furnace_B,pi,UN.ETH.11PI1586BF.PV,real,Pass6_Mixed_Feed_Pressure_Furnace_B,Pass6_Mixed_Feed_Pressure_Furnace_B,1,2025-09-05 14:17:21,0,NULL,NULL
4175,Pass5_Mixed_Feed_Pressure_Furnace_B,pi,UN.ETH.11PI1586BE.PV,real,Pass5_Mixed_Feed_Pressure_Furnace_B,Pass5_Mixed_Feed_Pressure_Furnace_B,1,2025-09-05 14:17:21,0,NULL,NULL
4176,Pass4_Mixed_Feed_Pressure_Furnace_B,pi,UN.ETH.11PI1586BD.PV,real,Pass4_Mixed_Feed_Pressure_Furnace_B,Pass4_Mixed_Feed_Pressure_Furnace_B,1,2025-09-05 14:17:21,0,NULL,NULL
4177,Pass3_Mixed_Feed_Pressure_Furnace_B,pi,UN.ETH.11PI1586BC.PV,real,Pass3_Mixed_Feed_Pressure_Furnace_B,Pass3_Mixed_Feed_Pressure_Furnace_B,1,2025-09-05 14:17:21,0,NULL,NULL
4178,Pass2_Mixed_Feed_Pressure_Furnace_B,pi,UN.ETH.11PI1586BB.PV,real,Pass2_Mixed_Feed_Pressure_Furnace_B,Pass2_Mixed_Feed_Pressure_Furnace_B,1,2025-09-05 14:17:21,0,NULL,NULL
4179,Pass1_Mixed_Feed_Pressure_Furnace_B,pi,UN.ETH.11PI1586BA.PV,real,Pass1_Mixed_Feed_Pressure_Furnace_B,Pass1_Mixed_Feed_Pressure_Furnace_B,1,2025-09-05 14:17:21,0,NULL,NULL
4180,Pass8_Mixed_Feed_Pressure_Furnace_C,pi,UN.ETH.11PI1586CH.PV,real,Pass8_Mixed_Feed_Pressure_Furnace_C,Pass8_Mixed_Feed_Pressure_Furnace_C,1,2025-09-05 14:17:21,0,NULL,NULL
4181,Pass7_Mixed_Feed_Pressure_Furnace_C,pi,UN.ETH.11PI1586CG.PV,real,Pass7_Mixed_Feed_Pressure_Furnace_C,Pass7_Mixed_Feed_Pressure_Furnace_C,1,2025-09-05 14:17:21,0,NULL,NULL
4182,Pass6_Mixed_Feed_Pressure_Furnace_C,pi,UN.ETH.11PI1586CF.PV,real,Pass6_Mixed_Feed_Pressure_Furnace_C,Pass6_Mixed_Feed_Pressure_Furnace_C,1,2025-09-05 14:17:21,0,NULL,NULL
4183,Pass5_Mixed_Feed_Pressure_Furnace_C,pi,UN.ETH.11PI1586CE.PV,real,Pass5_Mixed_Feed_Pressure_Furnace_C,Pass5_Mixed_Feed_Pressure_Furnace_C,1,2025-09-05 14:17:21,0,NULL,NULL
4184,Pass4_Mixed_Feed_Pressure_Furnace_C,pi,UN.ETH.11PI1586CD.PV,real,Pass4_Mixed_Feed_Pressure_Furnace_C,Pass4_Mixed_Feed_Pressure_Furnace_C,1,2025-09-05 14:17:21,0,NULL,NULL
4185,Pass3_Mixed_Feed_Pressure_Furnace_C,pi,UN.ETH.11PI1586CC.PV,real,Pass3_Mixed_Feed_Pressure_Furnace_C,Pass3_Mixed_Feed_Pressure_Furnace_C,1,2025-09-05 14:17:21,0,NULL,NULL
4186,Pass2_Mixed_Feed_Pressure_Furnace_C,pi,UN.ETH.11PI1586CB.PV,real,Pass2_Mixed_Feed_Pressure_Furnace_C,Pass2_Mixed_Feed_Pressure_Furnace_C,1,2025-09-05 14:17:21,0,NULL,NULL
4187,Pass1_Mixed_Feed_Pressure_Furnace_C,pi,UN.ETH.11PI1586CA.PV,real,Pass1_Mixed_Feed_Pressure_Furnace_C,Pass1_Mixed_Feed_Pressure_Furnace_C,1,2025-09-05 14:17:21,0,NULL,NULL
4188,Pass8_Mixed_Feed_Pressure_Furnace_D,pi,UN.ETH.11PI1586DH.PV,real,Pass8_Mixed_Feed_Pressure_Furnace_D,Pass8_Mixed_Feed_Pressure_Furnace_D,1,2025-09-05 14:17:21,0,NULL,NULL
4189,Pass7_Mixed_Feed_Pressure_Furnace_D,pi,UN.ETH.11PI1586DG.PV,real,Pass7_Mixed_Feed_Pressure_Furnace_D,Pass7_Mixed_Feed_Pressure_Furnace_D,1,2025-09-05 14:17:21,0,NULL,NULL
4190,Pass6_Mixed_Feed_Pressure_Furnace_D,pi,UN.ETH.11PI1586DF.PV,real,Pass6_Mixed_Feed_Pressure_Furnace_D,Pass6_Mixed_Feed_Pressure_Furnace_D,1,2025-09-05 14:17:21,0,NULL,NULL
4191,Pass5_Mixed_Feed_Pressure_Furnace_D,pi,UN.ETH.11PI1586DE.PV,real,Pass5_Mixed_Feed_Pressure_Furnace_D,Pass5_Mixed_Feed_Pressure_Furnace_D,1,2025-09-05 14:17:21,0,NULL,NULL
4192,Pass4_Mixed_Feed_Pressure_Furnace_D,pi,UN.ETH.11PI1586DD.PV,real,Pass4_Mixed_Feed_Pressure_Furnace_D,Pass4_Mixed_Feed_Pressure_Furnace_D,1,2025-09-05 14:17:21,0,NULL,NULL
4193,Pass3_Mixed_Feed_Pressure_Furnace_D,pi,UN.ETH.11PI1586DC.PV,real,Pass3_Mixed_Feed_Pressure_Furnace_D,Pass3_Mixed_Feed_Pressure_Furnace_D,1,2025-09-05 14:17:21,0,NULL,NULL
4194,Pass2_Mixed_Feed_Pressure_Furnace_D,pi,UN.ETH.11PI1586DB.PV,real,Pass2_Mixed_Feed_Pressure_Furnace_D,Pass2_Mixed_Feed_Pressure_Furnace_D,1,2025-09-05 14:17:21,0,NULL,NULL
4195,Pass1_Mixed_Feed_Pressure_Furnace_D,pi,UN.ETH.11PI1586DA.PV,real,Pass1_Mixed_Feed_Pressure_Furnace_D,Pass1_Mixed_Feed_Pressure_Furnace_D,1,2025-09-05 14:17:21,0,NULL,NULL
4196,Pass8_Mixed_Feed_Pressure_Furnace_E,pi,UN.ETH.11PI1586EH.PV,real,Pass8_Mixed_Feed_Pressure_Furnace_E,Pass8_Mixed_Feed_Pressure_Furnace_E,1,2025-09-05 14:17:21,0,NULL,NULL
4197,Pass7_Mixed_Feed_Pressure_Furnace_E,pi,UN.ETH.11PI1586EG.PV,real,Pass7_Mixed_Feed_Pressure_Furnace_E,Pass7_Mixed_Feed_Pressure_Furnace_E,1,2025-09-05 14:17:21,0,NULL,NULL
4198,Pass6_Mixed_Feed_Pressure_Furnace_E,pi,UN.ETH.11PI1586EF.PV,real,Pass6_Mixed_Feed_Pressure_Furnace_E,Pass6_Mixed_Feed_Pressure_Furnace_E,1,2025-09-05 14:17:21,0,NULL,NULL
4199,Pass5_Mixed_Feed_Pressure_Furnace_E,pi,UN.ETH.11PI1586EE.PV,real,Pass5_Mixed_Feed_Pressure_Furnace_E,Pass5_Mixed_Feed_Pressure_Furnace_E,1,2025-09-05 14:17:21,0,NULL,NULL
4200,Pass4_Mixed_Feed_Pressure_Furnace_E,pi,UN.ETH.11PI1586ED.PV,real,Pass4_Mixed_Feed_Pressure_Furnace_E,Pass4_Mixed_Feed_Pressure_Furnace_E,1,2025-09-05 14:17:21,0,NULL,NULL
4201,Pass3_Mixed_Feed_Pressure_Furnace_E,pi,UN.ETH.11PI1586EC.PV,real,Pass3_Mixed_Feed_Pressure_Furnace_E,Pass3_Mixed_Feed_Pressure_Furnace_E,1,2025-09-05 14:17:21,0,NULL,NULL
4202,Pass2_Mixed_Feed_Pressure_Furnace_E,pi,UN.ETH.11PI1586EB.PV,real,Pass2_Mixed_Feed_Pressure_Furnace_E,Pass2_Mixed_Feed_Pressure_Furnace_E,1,2025-09-05 14:17:21,0,NULL,NULL
4203,Pass1_Mixed_Feed_Pressure_Furnace_E,pi,UN.ETH.11PI1586EA.PV,real,Pass1_Mixed_Feed_Pressure_Furnace_E,Pass1_Mixed_Feed_Pressure_Furnace_E,1,2025-09-05 14:17:21,0,NULL,NULL
4204,Pass8_Mixed_Feed_Pressure_Furnace_F,pi,UN.ETH.11PI1586FH.PV,real,Pass8_Mixed_Feed_Pressure_Furnace_F,Pass8_Mixed_Feed_Pressure_Furnace_F,1,2025-09-05 14:17:21,0,NULL,NULL
4205,Pass7_Mixed_Feed_Pressure_Furnace_F,pi,UN.ETH.11PI1586FG.PV,real,Pass7_Mixed_Feed_Pressure_Furnace_F,Pass7_Mixed_Feed_Pressure_Furnace_F,1,2025-09-05 14:17:21,0,NULL,NULL
4206,Pass6_Mixed_Feed_Pressure_Furnace_F,pi,UN.ETH.11PI1586FF.PV,real,Pass6_Mixed_Feed_Pressure_Furnace_F,Pass6_Mixed_Feed_Pressure_Furnace_F,1,2025-09-05 14:17:21,0,NULL,NULL
4207,Pass5_Mixed_Feed_Pressure_Furnace_F,pi,UN.ETH.11PI1586FE.PV,real,Pass5_Mixed_Feed_Pressure_Furnace_F,Pass5_Mixed_Feed_Pressure_Furnace_F,1,2025-09-05 14:17:21,0,NULL,NULL
4208,Pass4_Mixed_Feed_Pressure_Furnace_F,pi,UN.ETH.11PI1586FD.PV,real,Pass4_Mixed_Feed_Pressure_Furnace_F,Pass4_Mixed_Feed_Pressure_Furnace_F,1,2025-09-05 14:17:21,0,NULL,NULL
4209,Pass3_Mixed_Feed_Pressure_Furnace_F,pi,UN.ETH.11PI1586FC.PV,real,Pass3_Mixed_Feed_Pressure_Furnace_F,Pass3_Mixed_Feed_Pressure_Furnace_F,1,2025-09-05 14:17:21,0,NULL,NULL
4210,Pass2_Mixed_Feed_Pressure_Furnace_F,pi,UN.ETH.11PI1586FB.PV,real,Pass2_Mixed_Feed_Pressure_Furnace_F,Pass2_Mixed_Feed_Pressure_Furnace_F,1,2025-09-05 14:17:21,0,NULL,NULL
4211,Pass1_Mixed_Feed_Pressure_Furnace_F,pi,UN.ETH.11PI1586FA.PV,real,Pass1_Mixed_Feed_Pressure_Furnace_F,Pass1_Mixed_Feed_Pressure_Furnace_F,1,2025-09-05 14:17:21,0,NULL,NULL
4212,Pass8_Mixed_Feed_Pressure_Furnace_G,pi,UN.ETH.11PI1586GH.PV,real,Pass8_Mixed_Feed_Pressure_Furnace_G,Pass8_Mixed_Feed_Pressure_Furnace_G,1,2025-09-05 14:17:21,0,NULL,NULL
4213,Pass7_Mixed_Feed_Pressure_Furnace_G,pi,UN.ETH.11PI1586GG.PV,real,Pass7_Mixed_Feed_Pressure_Furnace_G,Pass7_Mixed_Feed_Pressure_Furnace_G,1,2025-09-05 14:17:21,0,NULL,NULL
4214,Pass6_Mixed_Feed_Pressure_Furnace_G,pi,UN.ETH.11PI1586GF.PV,real,Pass6_Mixed_Feed_Pressure_Furnace_G,Pass6_Mixed_Feed_Pressure_Furnace_G,1,2025-09-05 14:17:21,0,NULL,NULL
4215,Pass5_Mixed_Feed_Pressure_Furnace_G,pi,UN.ETH.11PI1586GE.PV,real,Pass5_Mixed_Feed_Pressure_Furnace_G,Pass5_Mixed_Feed_Pressure_Furnace_G,1,2025-09-05 14:17:21,0,NULL,NULL
4216,Pass4_Mixed_Feed_Pressure_Furnace_G,pi,UN.ETH.11PI1586GD.PV,real,Pass4_Mixed_Feed_Pressure_Furnace_G,Pass4_Mixed_Feed_Pressure_Furnace_G,1,2025-09-05 14:17:21,0,NULL,NULL
4217,Pass3_Mixed_Feed_Pressure_Furnace_G,pi,UN.ETH.11PI1586GC.PV,real,Pass3_Mixed_Feed_Pressure_Furnace_G,Pass3_Mixed_Feed_Pressure_Furnace_G,1,2025-09-05 14:17:21,0,NULL,NULL
4218,Pass2_Mixed_Feed_Pressure_Furnace_G,pi,UN.ETH.11PI1586GB.PV,real,Pass2_Mixed_Feed_Pressure_Furnace_G,Pass2_Mixed_Feed_Pressure_Furnace_G,1,2025-09-05 14:17:21,0,NULL,NULL
4219,Pass1_Mixed_Feed_Pressure_Furnace_G,pi,UN.ETH.11PI1586GA.PV,real,Pass1_Mixed_Feed_Pressure_Furnace_G,Pass1_Mixed_Feed_Pressure_Furnace_G,1,2025-09-05 14:17:21,0,NULL,NULL
4220,Pass8_Mixed_Feed_Pressure_Furnace_H,pi,UN.ETH.11PI1586HH.PV,real,Pass8_Mixed_Feed_Pressure_Furnace_H,Pass8_Mixed_Feed_Pressure_Furnace_H,1,2025-09-05 14:17:21,0,NULL,NULL
4221,Pass7_Mixed_Feed_Pressure_Furnace_H,pi,UN.ETH.11PI1586HG.PV,real,Pass7_Mixed_Feed_Pressure_Furnace_H,Pass7_Mixed_Feed_Pressure_Furnace_H,1,2025-09-05 14:17:22,0,NULL,NULL
4222,Pass6_Mixed_Feed_Pressure_Furnace_H,pi,UN.ETH.11PI1586HF.PV,real,Pass6_Mixed_Feed_Pressure_Furnace_H,Pass6_Mixed_Feed_Pressure_Furnace_H,1,2025-09-05 14:17:22,0,NULL,NULL
4223,Pass5_Mixed_Feed_Pressure_Furnace_H,pi,UN.ETH.11PI1586HE.PV,real,Pass5_Mixed_Feed_Pressure_Furnace_H,Pass5_Mixed_Feed_Pressure_Furnace_H,1,2025-09-05 14:17:22,0,NULL,NULL
4224,Pass4_Mixed_Feed_Pressure_Furnace_H,pi,UN.ETH.11PI1586HD.PV,real,Pass4_Mixed_Feed_Pressure_Furnace_H,Pass4_Mixed_Feed_Pressure_Furnace_H,1,2025-09-05 14:17:22,0,NULL,NULL
4225,Pass3_Mixed_Feed_Pressure_Furnace_H,pi,UN.ETH.11PI1586HC.PV,real,Pass3_Mixed_Feed_Pressure_Furnace_H,Pass3_Mixed_Feed_Pressure_Furnace_H,1,2025-09-05 14:17:22,0,NULL,NULL
4226,Pass2_Mixed_Feed_Pressure_Furnace_H,pi,UN.ETH.11PI1586HB.PV,real,Pass2_Mixed_Feed_Pressure_Furnace_H,Pass2_Mixed_Feed_Pressure_Furnace_H,1,2025-09-05 14:17:22,0,NULL,NULL
4227,Pass1_Mixed_Feed_Pressure_Furnace_H,pi,UN.ETH.11PI1586HA.PV,real,Pass1_Mixed_Feed_Pressure_Furnace_H,Pass1_Mixed_Feed_Pressure_Furnace_H,1,2025-09-05 14:17:22,0,NULL,NULL
4228,Pass7_Mixed_Feed_Pressure_Furnace_J,pi,UN.ETH.11PI1586JG.PV,real,Pass7_Mixed_Feed_Pressure_Furnace_J,Pass7_Mixed_Feed_Pressure_Furnace_J,1,2025-09-05 14:17:22,0,NULL,NULL
4229,Pass6_Mixed_Feed_Pressure_Furnace_J,pi,UN.ETH.11PI1586JF.PV,real,Pass6_Mixed_Feed_Pressure_Furnace_J,Pass6_Mixed_Feed_Pressure_Furnace_J,1,2025-09-05 14:17:22,0,NULL,NULL
4230,Pass5_Mixed_Feed_Pressure_Furnace_J,pi,UN.ETH.11PI1586JE.PV,real,Pass5_Mixed_Feed_Pressure_Furnace_J,Pass5_Mixed_Feed_Pressure_Furnace_J,1,2025-09-05 14:17:22,0,NULL,NULL
4231,Pass4_Mixed_Feed_Pressure_Furnace_J,pi,UN.ETH.11PI1586JD.PV,real,Pass4_Mixed_Feed_Pressure_Furnace_J,Pass4_Mixed_Feed_Pressure_Furnace_J,1,2025-09-05 14:17:22,0,NULL,NULL
4232,Pass3_Mixed_Feed_Pressure_Furnace_J,pi,UN.ETH.11PI1586JC.PV,real,Pass3_Mixed_Feed_Pressure_Furnace_J,Pass3_Mixed_Feed_Pressure_Furnace_J,1,2025-09-05 14:17:22,0,NULL,NULL
4233,Pass2_Mixed_Feed_Pressure_Furnace_J,pi,UN.ETH.11PI1586JB.PV,real,Pass2_Mixed_Feed_Pressure_Furnace_J,Pass2_Mixed_Feed_Pressure_Furnace_J,1,2025-09-05 14:17:22,0,NULL,NULL
4234,Pass1_Mixed_Feed_Pressure_Furnace_J,pi,UN.ETH.11PI1586JA.PV,real,Pass1_Mixed_Feed_Pressure_Furnace_J,Pass1_Mixed_Feed_Pressure_Furnace_J,1,2025-09-05 14:17:22,0,NULL,NULL
4235,Mixed_Feed_MOV_Opening_Furnace_A,pi,UN.ETH.11HC1085A.MV,real,Mixed_Feed_MOV_Opening_Furnace_A,Mixed_Feed_MOV_Opening_Furnace_A,1,2025-09-05 14:17:22,0,NULL,NULL
4236,Mixed_Feed_MOV_Opening_Furnace_B,pi,UN.ETH.11HC1085B.MV,real,Mixed_Feed_MOV_Opening_Furnace_B,Mixed_Feed_MOV_Opening_Furnace_B,1,2025-09-05 14:17:22,0,NULL,NULL
4237,Mixed_Feed_MOV_Opening_Furnace_C,pi,UN.ETH.11HC1085C.MV,real,Mixed_Feed_MOV_Opening_Furnace_C,Mixed_Feed_MOV_Opening_Furnace_C,1,2025-09-05 14:17:22,0,NULL,NULL
4238,Mixed_Feed_MOV_Opening_Furnace_D,pi,UN.ETH.11HC1085D.MV,real,Mixed_Feed_MOV_Opening_Furnace_D,Mixed_Feed_MOV_Opening_Furnace_D,1,2025-09-05 14:17:22,0,NULL,NULL
4239,Mixed_Feed_MOV_Opening_Furnace_E,pi,UN.ETH.11HC1085E.MV,real,Mixed_Feed_MOV_Opening_Furnace_E,Mixed_Feed_MOV_Opening_Furnace_E,1,2025-09-05 14:17:22,0,NULL,NULL
4240,Mixed_Feed_MOV_Opening_Furnace_F,pi,UN.ETH.11HC1085F.MV,real,Mixed_Feed_MOV_Opening_Furnace_F,Mixed_Feed_MOV_Opening_Furnace_F,1,2025-09-05 14:17:22,0,NULL,NULL
4241,Mixed_Feed_MOV_Opening_Furnace_G,pi,UN.ETH.11HC1085G.MV,real,Mixed_Feed_MOV_Opening_Furnace_G,Mixed_Feed_MOV_Opening_Furnace_G,1,2025-09-05 14:17:22,0,NULL,NULL
4242,Mixed_Feed_MOV_Opening_Furnace_H,pi,UN.ETH.11HC1085H.MV,real,Mixed_Feed_MOV_Opening_Furnace_H,Mixed_Feed_MOV_Opening_Furnace_H,1,2025-09-05 14:17:22,0,NULL,NULL
4243,Mixed_Feed_MOV_Opening_Furnace_J,pi,UN.ETH.11HC1085J.MV,real,Mixed_Feed_MOV_Opening_Furnace_J,Mixed_Feed_MOV_Opening_Furnace_J,1,2025-09-05 14:17:22,0,NULL,NULL
4244,Pass8_Decoke_Air_Flow_Furnace_A,pi,UN.ETH.11FC1861A.PV,real,Pass8_Decoke_Air_Flow_Furnace_A,Pass8_Decoke_Air_Flow_Furnace_A,1,2025-09-05 14:17:22,0,NULL,NULL
4245,Pass7_Decoke_Air_Flow_Furnace_A,pi,UN.ETH.11FC1761A.PV,real,Pass7_Decoke_Air_Flow_Furnace_A,Pass7_Decoke_Air_Flow_Furnace_A,1,2025-09-05 14:17:22,0,NULL,NULL
4246,Pass6_Decoke_Air_Flow_Furnace_A,pi,UN.ETH.11FC1661A.PV,real,Pass6_Decoke_Air_Flow_Furnace_A,Pass6_Decoke_Air_Flow_Furnace_A,1,2025-09-05 14:17:22,0,NULL,NULL
4247,Pass5_Decoke_Air_Flow_Furnace_A,pi,UN.ETH.11FC1561A.PV,real,Pass5_Decoke_Air_Flow_Furnace_A,Pass5_Decoke_Air_Flow_Furnace_A,1,2025-09-05 14:17:22,0,NULL,NULL
4248,Pass4_Decoke_Air_Flow_Furnace_A,pi,UN.ETH.11FC1461A.PV,real,Pass4_Decoke_Air_Flow_Furnace_A,Pass4_Decoke_Air_Flow_Furnace_A,1,2025-09-05 14:17:22,0,NULL,NULL
4249,Pass3_Decoke_Air_Flow_Furnace_A,pi,UN.ETH.11FC1361A.PV,real,Pass3_Decoke_Air_Flow_Furnace_A,Pass3_Decoke_Air_Flow_Furnace_A,1,2025-09-05 14:17:22,0,NULL,NULL
4250,Pass2_Decoke_Air_Flow_Furnace_A,pi,UN.ETH.11FC1261A.PV,real,Pass2_Decoke_Air_Flow_Furnace_A,Pass2_Decoke_Air_Flow_Furnace_A,1,2025-09-05 14:17:22,0,NULL,NULL
4251,Pass1_Decoke_Air_Flow_Furnace_A,pi,UN.ETH.11FC1161A.PV,real,Pass1_Decoke_Air_Flow_Furnace_A,Pass1_Decoke_Air_Flow_Furnace_A,1,2025-09-05 14:17:22,0,NULL,NULL
4252,Pass8_Decoke_Air_Flow_Furnace_B,pi,UN.ETH.11FC1861B.PV,real,Pass8_Decoke_Air_Flow_Furnace_B,Pass8_Decoke_Air_Flow_Furnace_B,1,2025-09-05 14:17:22,0,NULL,NULL
4253,Pass7_Decoke_Air_Flow_Furnace_B,pi,UN.ETH.11FC1761B.PV,real,Pass7_Decoke_Air_Flow_Furnace_B,Pass7_Decoke_Air_Flow_Furnace_B,1,2025-09-05 14:17:22,0,NULL,NULL
4254,Pass6_Decoke_Air_Flow_Furnace_B,pi,UN.ETH.11FC1661B.PV,real,Pass6_Decoke_Air_Flow_Furnace_B,Pass6_Decoke_Air_Flow_Furnace_B,1,2025-09-05 14:17:22,0,NULL,NULL
4255,Pass5_Decoke_Air_Flow_Furnace_B,pi,UN.ETH.11FC1561B.PV,real,Pass5_Decoke_Air_Flow_Furnace_B,Pass5_Decoke_Air_Flow_Furnace_B,1,2025-09-05 14:17:22,0,NULL,NULL
4256,Pass4_Decoke_Air_Flow_Furnace_B,pi,UN.ETH.11FC1461B.PV,real,Pass4_Decoke_Air_Flow_Furnace_B,Pass4_Decoke_Air_Flow_Furnace_B,1,2025-09-05 14:17:22,0,NULL,NULL
4257,Pass3_Decoke_Air_Flow_Furnace_B,pi,UN.ETH.11FC1361B.PV,real,Pass3_Decoke_Air_Flow_Furnace_B,Pass3_Decoke_Air_Flow_Furnace_B,1,2025-09-05 14:17:22,0,NULL,NULL
4258,Pass2_Decoke_Air_Flow_Furnace_B,pi,UN.ETH.11FC1261B.PV,real,Pass2_Decoke_Air_Flow_Furnace_B,Pass2_Decoke_Air_Flow_Furnace_B,1,2025-09-05 14:17:22,0,NULL,NULL
4259,Pass1_Decoke_Air_Flow_Furnace_B,pi,UN.ETH.11FC1161B.PV,real,Pass1_Decoke_Air_Flow_Furnace_B,Pass1_Decoke_Air_Flow_Furnace_B,1,2025-09-05 14:17:22,0,NULL,NULL
4260,Pass8_Decoke_Air_Flow_Furnace_C,pi,UN.ETH.11FC1861C.PV,real,Pass8_Decoke_Air_Flow_Furnace_C,Pass8_Decoke_Air_Flow_Furnace_C,1,2025-09-05 14:17:22,0,NULL,NULL
4261,Pass7_Decoke_Air_Flow_Furnace_C,pi,UN.ETH.11FC1761C.PV,real,Pass7_Decoke_Air_Flow_Furnace_C,Pass7_Decoke_Air_Flow_Furnace_C,1,2025-09-05 14:17:22,0,NULL,NULL
4262,Pass6_Decoke_Air_Flow_Furnace_C,pi,UN.ETH.11FC1661C.PV,real,Pass6_Decoke_Air_Flow_Furnace_C,Pass6_Decoke_Air_Flow_Furnace_C,1,2025-09-05 14:17:22,0,NULL,NULL
4263,Pass5_Decoke_Air_Flow_Furnace_C,pi,UN.ETH.11FC1561C.PV,real,Pass5_Decoke_Air_Flow_Furnace_C,Pass5_Decoke_Air_Flow_Furnace_C,1,2025-09-05 14:17:22,0,NULL,NULL
4264,Pass4_Decoke_Air_Flow_Furnace_C,pi,UN.ETH.11FC1461C.PV,real,Pass4_Decoke_Air_Flow_Furnace_C,Pass4_Decoke_Air_Flow_Furnace_C,1,2025-09-05 14:17:22,0,NULL,NULL
4265,Pass3_Decoke_Air_Flow_Furnace_C,pi,UN.ETH.11FC1361C.PV,real,Pass3_Decoke_Air_Flow_Furnace_C,Pass3_Decoke_Air_Flow_Furnace_C,1,2025-09-05 14:17:22,0,NULL,NULL
4266,Pass2_Decoke_Air_Flow_Furnace_C,pi,UN.ETH.11FC1261C.PV,real,Pass2_Decoke_Air_Flow_Furnace_C,Pass2_Decoke_Air_Flow_Furnace_C,1,2025-09-05 14:17:22,0,NULL,NULL
4267,Pass1_Decoke_Air_Flow_Furnace_C,pi,UN.ETH.11FC1161C.PV,real,Pass1_Decoke_Air_Flow_Furnace_C,Pass1_Decoke_Air_Flow_Furnace_C,1,2025-09-05 14:17:22,0,NULL,NULL
4268,Pass8_Decoke_Air_Flow_Furnace_D,pi,UN.ETH.11FC1861D.PV,real,Pass8_Decoke_Air_Flow_Furnace_D,Pass8_Decoke_Air_Flow_Furnace_D,1,2025-09-05 14:17:22,0,NULL,NULL
4269,Pass7_Decoke_Air_Flow_Furnace_D,pi,UN.ETH.11FC1761D.PV,real,Pass7_Decoke_Air_Flow_Furnace_D,Pass7_Decoke_Air_Flow_Furnace_D,1,2025-09-05 14:17:22,0,NULL,NULL
4270,Pass6_Decoke_Air_Flow_Furnace_D,pi,UN.ETH.11FC1661D.PV,real,Pass6_Decoke_Air_Flow_Furnace_D,Pass6_Decoke_Air_Flow_Furnace_D,1,2025-09-05 14:17:22,0,NULL,NULL
4271,Pass5_Decoke_Air_Flow_Furnace_D,pi,UN.ETH.11FC1561D.PV,real,Pass5_Decoke_Air_Flow_Furnace_D,Pass5_Decoke_Air_Flow_Furnace_D,1,2025-09-05 14:17:22,0,NULL,NULL
4272,Pass4_Decoke_Air_Flow_Furnace_D,pi,UN.ETH.11FC1461D.PV,real,Pass4_Decoke_Air_Flow_Furnace_D,Pass4_Decoke_Air_Flow_Furnace_D,1,2025-09-05 14:17:22,0,NULL,NULL
4273,Pass3_Decoke_Air_Flow_Furnace_D,pi,UN.ETH.11FC1361D.PV,real,Pass3_Decoke_Air_Flow_Furnace_D,Pass3_Decoke_Air_Flow_Furnace_D,1,2025-09-05 14:17:22,0,NULL,NULL
4274,Pass2_Decoke_Air_Flow_Furnace_D,pi,UN.ETH.11FC1261D.PV,real,Pass2_Decoke_Air_Flow_Furnace_D,Pass2_Decoke_Air_Flow_Furnace_D,1,2025-09-05 14:17:22,0,NULL,NULL
4275,Pass1_Decoke_Air_Flow_Furnace_D,pi,UN.ETH.11FC1161D.PV,real,Pass1_Decoke_Air_Flow_Furnace_D,Pass1_Decoke_Air_Flow_Furnace_D,1,2025-09-05 14:17:22,0,NULL,NULL
4276,Pass8_Decoke_Air_Flow_Furnace_E,pi,UN.ETH.11FC1861E.PV,real,Pass8_Decoke_Air_Flow_Furnace_E,Pass8_Decoke_Air_Flow_Furnace_E,1,2025-09-05 14:17:22,0,NULL,NULL
4277,Pass7_Decoke_Air_Flow_Furnace_E,pi,UN.ETH.11FC1761E.PV,real,Pass7_Decoke_Air_Flow_Furnace_E,Pass7_Decoke_Air_Flow_Furnace_E,1,2025-09-05 14:17:22,0,NULL,NULL
4278,Pass6_Decoke_Air_Flow_Furnace_E,pi,UN.ETH.11FC1661E.PV,real,Pass6_Decoke_Air_Flow_Furnace_E,Pass6_Decoke_Air_Flow_Furnace_E,1,2025-09-05 14:17:22,0,NULL,NULL
4279,Pass5_Decoke_Air_Flow_Furnace_E,pi,UN.ETH.11FC1561E.PV,real,Pass5_Decoke_Air_Flow_Furnace_E,Pass5_Decoke_Air_Flow_Furnace_E,1,2025-09-05 14:17:22,0,NULL,NULL
4280,Pass4_Decoke_Air_Flow_Furnace_E,pi,UN.ETH.11FC1461E.PV,real,Pass4_Decoke_Air_Flow_Furnace_E,Pass4_Decoke_Air_Flow_Furnace_E,1,2025-09-05 14:17:22,0,NULL,NULL
4281,Pass3_Decoke_Air_Flow_Furnace_E,pi,UN.ETH.11FC1361E.PV,real,Pass3_Decoke_Air_Flow_Furnace_E,Pass3_Decoke_Air_Flow_Furnace_E,1,2025-09-05 14:17:22,0,NULL,NULL
4282,Pass2_Decoke_Air_Flow_Furnace_E,pi,UN.ETH.11FC1261E.PV,real,Pass2_Decoke_Air_Flow_Furnace_E,Pass2_Decoke_Air_Flow_Furnace_E,1,2025-09-05 14:17:22,0,NULL,NULL
4283,Pass1_Decoke_Air_Flow_Furnace_E,pi,UN.ETH.11FC1161E.PV,real,Pass1_Decoke_Air_Flow_Furnace_E,Pass1_Decoke_Air_Flow_Furnace_E,1,2025-09-05 14:17:22,0,NULL,NULL
4284,Pass8_Decoke_Air_Flow_Furnace_F,pi,UN.ETH.11FC1861F.PV,real,Pass8_Decoke_Air_Flow_Furnace_F,Pass8_Decoke_Air_Flow_Furnace_F,1,2025-09-05 14:17:22,0,NULL,NULL
4285,Pass7_Decoke_Air_Flow_Furnace_F,pi,UN.ETH.11FC1761F.PV,real,Pass7_Decoke_Air_Flow_Furnace_F,Pass7_Decoke_Air_Flow_Furnace_F,1,2025-09-05 14:17:22,0,NULL,NULL
4286,Pass6_Decoke_Air_Flow_Furnace_F,pi,UN.ETH.11FC1661F.PV,real,Pass6_Decoke_Air_Flow_Furnace_F,Pass6_Decoke_Air_Flow_Furnace_F,1,2025-09-05 14:17:22,0,NULL,NULL
4287,Pass5_Decoke_Air_Flow_Furnace_F,pi,UN.ETH.11FC1561F.PV,real,Pass5_Decoke_Air_Flow_Furnace_F,Pass5_Decoke_Air_Flow_Furnace_F,1,2025-09-05 14:17:22,0,NULL,NULL
4288,Pass4_Decoke_Air_Flow_Furnace_F,pi,UN.ETH.11FC1461F.PV,real,Pass4_Decoke_Air_Flow_Furnace_F,Pass4_Decoke_Air_Flow_Furnace_F,1,2025-09-05 14:17:22,0,NULL,NULL
4289,Pass3_Decoke_Air_Flow_Furnace_F,pi,UN.ETH.11FC1361F.PV,real,Pass3_Decoke_Air_Flow_Furnace_F,Pass3_Decoke_Air_Flow_Furnace_F,1,2025-09-05 14:17:22,0,NULL,NULL
4290,Pass2_Decoke_Air_Flow_Furnace_F,pi,UN.ETH.11FC1261F.PV,real,Pass2_Decoke_Air_Flow_Furnace_F,Pass2_Decoke_Air_Flow_Furnace_F,1,2025-09-05 14:17:22,0,NULL,NULL
4291,Pass8_Decoke_Air_Flow_Furnace_G,pi,UN.ETH.11FC1861G.PV,real,Pass8_Decoke_Air_Flow_Furnace_G,Pass8_Decoke_Air_Flow_Furnace_G,1,2025-09-05 14:17:22,0,NULL,NULL
4292,Pass7_Decoke_Air_Flow_Furnace_G,pi,UN.ETH.11FC1761G.PV,real,Pass7_Decoke_Air_Flow_Furnace_G,Pass7_Decoke_Air_Flow_Furnace_G,1,2025-09-05 14:17:23,0,NULL,NULL
4293,Pass6_Decoke_Air_Flow_Furnace_G,pi,UN.ETH.11FC1661G.PV,real,Pass6_Decoke_Air_Flow_Furnace_G,Pass6_Decoke_Air_Flow_Furnace_G,1,2025-09-05 14:17:23,0,NULL,NULL
4294,Pass5_Decoke_Air_Flow_Furnace_G,pi,UN.ETH.11FC1561G.PV,real,Pass5_Decoke_Air_Flow_Furnace_G,Pass5_Decoke_Air_Flow_Furnace_G,1,2025-09-05 14:17:23,0,NULL,NULL
4295,Pass4_Decoke_Air_Flow_Furnace_G,pi,UN.ETH.11FC1461G.PV,real,Pass4_Decoke_Air_Flow_Furnace_G,Pass4_Decoke_Air_Flow_Furnace_G,1,2025-09-05 14:17:23,0,NULL,NULL
4296,Pass3_Decoke_Air_Flow_Furnace_G,pi,UN.ETH.11FC1361G.PV,real,Pass3_Decoke_Air_Flow_Furnace_G,Pass3_Decoke_Air_Flow_Furnace_G,1,2025-09-05 14:17:23,0,NULL,NULL
4297,Pass2_Decoke_Air_Flow_Furnace_G,pi,UN.ETH.11FC1261G.PV,real,Pass2_Decoke_Air_Flow_Furnace_G,Pass2_Decoke_Air_Flow_Furnace_G,1,2025-09-05 14:17:23,0,NULL,NULL
4298,Pass1_Decoke_Air_Flow_Furnace_G,pi,UN.ETH.11FC1161G.PV,real,Pass1_Decoke_Air_Flow_Furnace_G,Pass1_Decoke_Air_Flow_Furnace_G,1,2025-09-05 14:17:23,0,NULL,NULL
4299,Pass8_Decoke_Air_Flow_Furnace_H,pi,UN.ETH.11FC1861H.PV,real,Pass8_Decoke_Air_Flow_Furnace_H,Pass8_Decoke_Air_Flow_Furnace_H,1,2025-09-05 14:17:23,0,NULL,NULL
4300,Pass7_Decoke_Air_Flow_Furnace_H,pi,UN.ETH.11FC1761H.PV,real,Pass7_Decoke_Air_Flow_Furnace_H,Pass7_Decoke_Air_Flow_Furnace_H,1,2025-09-05 14:17:23,0,NULL,NULL
4301,Pass6_Decoke_Air_Flow_Furnace_H,pi,UN.ETH.11FC1661H.PV,real,Pass6_Decoke_Air_Flow_Furnace_H,Pass6_Decoke_Air_Flow_Furnace_H,1,2025-09-05 14:17:23,0,NULL,NULL
4302,Pass5_Decoke_Air_Flow_Furnace_H,pi,UN.ETH.11FC1561H.PV,real,Pass5_Decoke_Air_Flow_Furnace_H,Pass5_Decoke_Air_Flow_Furnace_H,1,2025-09-05 14:17:23,0,NULL,NULL
4303,Pass4_Decoke_Air_Flow_Furnace_H,pi,UN.ETH.11FC1461H.PV,real,Pass4_Decoke_Air_Flow_Furnace_H,Pass4_Decoke_Air_Flow_Furnace_H,1,2025-09-05 14:17:23,0,NULL,NULL
4304,Pass3_Decoke_Air_Flow_Furnace_H,pi,UN.ETH.11FC1361H.PV,real,Pass3_Decoke_Air_Flow_Furnace_H,Pass3_Decoke_Air_Flow_Furnace_H,1,2025-09-05 14:17:23,0,NULL,NULL
4305,Pass2_Decoke_Air_Flow_Furnace_H,pi,UN.ETH.11FC1261H.PV,real,Pass2_Decoke_Air_Flow_Furnace_H,Pass2_Decoke_Air_Flow_Furnace_H,1,2025-09-05 14:17:23,0,NULL,NULL
4306,Pass1_Decoke_Air_Flow_Furnace_H,pi,UN.ETH.11FC1161H.PV,real,Pass1_Decoke_Air_Flow_Furnace_H,Pass1_Decoke_Air_Flow_Furnace_H,1,2025-09-05 14:17:23,0,NULL,NULL
4307,Pass8_Decoke_Air_Flow_Furnace_J,pi,UN.ETH.11FC1861J.PV,real,Pass8_Decoke_Air_Flow_Furnace_J,Pass8_Decoke_Air_Flow_Furnace_J,1,2025-09-05 14:17:23,0,NULL,NULL
4308,Pass7_Decoke_Air_Flow_Furnace_J,pi,UN.ETH.11FC1761J.PV,real,Pass7_Decoke_Air_Flow_Furnace_J,Pass7_Decoke_Air_Flow_Furnace_J,1,2025-09-05 14:17:23,0,NULL,NULL
4309,Pass6_Decoke_Air_Flow_Furnace_J,pi,UN.ETH.11FC1661J.PV,real,Pass6_Decoke_Air_Flow_Furnace_J,Pass6_Decoke_Air_Flow_Furnace_J,1,2025-09-05 14:17:23,0,NULL,NULL
4310,Pass5_Decoke_Air_Flow_Furnace_J,pi,UN.ETH.11FC1561J.PV,real,Pass5_Decoke_Air_Flow_Furnace_J,Pass5_Decoke_Air_Flow_Furnace_J,1,2025-09-05 14:17:23,0,NULL,NULL
4311,Pass4_Decoke_Air_Flow_Furnace_J,pi,UN.ETH.11FC1461J.PV,real,Pass4_Decoke_Air_Flow_Furnace_J,Pass4_Decoke_Air_Flow_Furnace_J,1,2025-09-05 14:17:23,0,NULL,NULL
4312,Pass3_Decoke_Air_Flow_Furnace_J,pi,UN.ETH.11FC1361J.PV,real,Pass3_Decoke_Air_Flow_Furnace_J,Pass3_Decoke_Air_Flow_Furnace_J,1,2025-09-05 14:17:23,0,NULL,NULL
4313,Pass2_Decoke_Air_Flow_Furnace_J,pi,UN.ETH.11FC1261J.PV,real,Pass2_Decoke_Air_Flow_Furnace_J,Pass2_Decoke_Air_Flow_Furnace_J,1,2025-09-05 14:17:23,0,NULL,NULL
4314,Pass1_Decoke_Air_Flow_Furnace_J,pi,UN.ETH.11FC1161J.PV,real,Pass1_Decoke_Air_Flow_Furnace_J,Pass1_Decoke_Air_Flow_Furnace_J,1,2025-09-05 14:17:23,0,NULL,NULL
4315,Decoke_Air_Pressure_Furnace_A,pi,UN.ETH.11PI1045A.PV,real,Decoke_Air_Pressure_Furnace_A,Decoke_Air_Pressure_Furnace_A,1,2025-09-05 14:17:23,0,NULL,NULL
4316,Decoke_Air_Pressure_Furnace_B,pi,UN.ETH.11PI1045B.PV,real,Decoke_Air_Pressure_Furnace_B,Decoke_Air_Pressure_Furnace_B,1,2025-09-05 14:17:23,0,NULL,NULL
4317,Decoke_Air_Pressure_Furnace_C,pi,UN.ETH.11PI1045C.PV,real,Decoke_Air_Pressure_Furnace_C,Decoke_Air_Pressure_Furnace_C,1,2025-09-05 14:17:23,0,NULL,NULL
4318,Decoke_Air_Pressure_Furnace_D,pi,UN.ETH.11PI1045D.PV,real,Decoke_Air_Pressure_Furnace_D,Decoke_Air_Pressure_Furnace_D,1,2025-09-05 14:17:23,0,NULL,NULL
4319,Decoke_Air_Pressure_Furnace_E,pi,UN.ETH.11PI1045E.PV,real,Decoke_Air_Pressure_Furnace_E,Decoke_Air_Pressure_Furnace_E,1,2025-09-05 14:17:23,0,NULL,NULL
4320,Decoke_Air_Pressure_Furnace_F,pi,UN.ETH.11PI1045F.PV,real,Decoke_Air_Pressure_Furnace_F,Decoke_Air_Pressure_Furnace_F,1,2025-09-05 14:17:23,0,NULL,NULL
4321,Decoke_Air_Pressure_Furnace_G,pi,UN.ETH.11PI1045G.PV,real,Decoke_Air_Pressure_Furnace_G,Decoke_Air_Pressure_Furnace_G,1,2025-09-05 14:17:23,0,NULL,NULL
4322,Decoke_Air_Pressure_Furnace_H,pi,UN.ETH.11PI1045H.PV,real,Decoke_Air_Pressure_Furnace_H,Decoke_Air_Pressure_Furnace_H,1,2025-09-05 14:17:23,0,NULL,NULL
4323,Decoke_Air_Pressure_Furnace_J,pi,UN.ETH.11PI1045J.PV,real,Decoke_Air_Pressure_Furnace_J,Decoke_Air_Pressure_Furnace_J,1,2025-09-05 14:17:23,0,NULL,NULL
4324,Pass1_Decoke_Air_Flow_Furnace_F,pi,UN.ETH.11FC1161F.PV,real,Pass1_Decoke_Air_Flow_Furnace_F,Pass1_Decoke_Air_Flow_Furnace_F,1,2025-09-05 14:17:23,0,NULL,NULL
4325,min_Convection_Inlet_Pressure_Furnace_A,inferred,NULL,real,min_Convection_Inlet_Pressure_Furnace_A,min_Convection_Inlet_Pressure_Furnace_A,1,2025-09-05 14:17:23,0,NULL,NULL
4326,min_Convection_Inlet_Pressure_Furnace_B,inferred,NULL,real,min_Convection_Inlet_Pressure_Furnace_B,min_Convection_Inlet_Pressure_Furnace_B,1,2025-09-05 14:17:23,0,NULL,NULL
4327,min_Convection_Inlet_Pressure_Furnace_C,inferred,NULL,real,min_Convection_Inlet_Pressure_Furnace_C,min_Convection_Inlet_Pressure_Furnace_C,1,2025-09-05 14:17:23,0,NULL,NULL
4328,min_Convection_Inlet_Pressure_Furnace_D,inferred,NULL,real,min_Convection_Inlet_Pressure_Furnace_D,min_Convection_Inlet_Pressure_Furnace_D,1,2025-09-05 14:17:23,0,NULL,NULL
4329,min_Convection_Inlet_Pressure_Furnace_E,inferred,NULL,real,min_Convection_Inlet_Pressure_Furnace_E,min_Convection_Inlet_Pressure_Furnace_E,1,2025-09-05 14:17:23,0,NULL,NULL
4330,min_Convection_Inlet_Pressure_Furnace_F,inferred,NULL,real,min_Convection_Inlet_Pressure_Furnace_F,min_Convection_Inlet_Pressure_Furnace_F,1,2025-09-05 14:17:23,0,NULL,NULL
4331,min_Convection_Inlet_Pressure_Furnace_G,inferred,NULL,real,min_Convection_Inlet_Pressure_Furnace_G,min_Convection_Inlet_Pressure_Furnace_G,1,2025-09-05 14:17:23,0,NULL,NULL
4332,min_Convection_Inlet_Pressure_Furnace_H,inferred,NULL,real,min_Convection_Inlet_Pressure_Furnace_H,min_Convection_Inlet_Pressure_Furnace_H,1,2025-09-05 14:17:23,0,NULL,NULL
4333,min_Convection_Inlet_Pressure_Furnace_J,inferred,NULL,real,min_Convection_Inlet_Pressure_Furnace_J,min_Convection_Inlet_Pressure_Furnace_J,1,2025-09-05 14:17:23,0,NULL,NULL
4334,Sum_Decoke_Flow_Furnace_A,inferred,NULL,real,Sum_Decoke_Flow_Furnace_A,Sum_Decoke_Flow_Furnace_A,1,2025-09-05 14:17:23,0,NULL,NULL
4335,Sum_Decoke_Flow_Furnace_B,inferred,NULL,real,Sum_Decoke_Flow_Furnace_B,Sum_Decoke_Flow_Furnace_B,1,2025-09-05 14:17:23,0,NULL,NULL
4336,Sum_Decoke_Flow_Furnace_C,inferred,NULL,real,Sum_Decoke_Flow_Furnace_C,Sum_Decoke_Flow_Furnace_C,1,2025-09-05 14:17:23,0,NULL,NULL
4337,Sum_Decoke_Flow_Furnace_D,inferred,NULL,real,Sum_Decoke_Flow_Furnace_D,Sum_Decoke_Flow_Furnace_D,1,2025-09-05 14:17:23,0,NULL,NULL
4338,Sum_Decoke_Flow_Furnace_E,inferred,NULL,real,Sum_Decoke_Flow_Furnace_E,Sum_Decoke_Flow_Furnace_E,1,2025-09-05 14:17:23,0,NULL,NULL
4339,Sum_Decoke_Flow_Furnace_F,inferred,NULL,real,Sum_Decoke_Flow_Furnace_F,Sum_Decoke_Flow_Furnace_F,1,2025-09-05 14:17:23,0,NULL,NULL
4340,Sum_Decoke_Flow_Furnace_G,inferred,NULL,real,Sum_Decoke_Flow_Furnace_G,Sum_Decoke_Flow_Furnace_G,1,2025-09-05 14:17:23,0,NULL,NULL
4341,Sum_Decoke_Flow_Furnace_H,inferred,NULL,real,Sum_Decoke_Flow_Furnace_H,Sum_Decoke_Flow_Furnace_H,1,2025-09-05 14:17:23,0,NULL,NULL
4342,Sum_Decoke_Flow_Furnace_J,inferred,NULL,real,Sum_Decoke_Flow_Furnace_J,Sum_Decoke_Flow_Furnace_J,1,2025-09-05 14:17:23,0,NULL,NULL
4343,EG1_DEG_Benefit,inferred,NULL,real,EG1 DEG Benefit,EG1 DEG Benefit,1,2025-09-05 14:17:23,0,NULL,NULL
4344,EG1_MEG_Benefit,inferred,NULL,real,EG1 MEG Benefit,EG1 MEG Benefit,1,2025-09-05 14:17:23,0,NULL,NULL
4345,EG2_DEG_Benefit,inferred,NULL,real,EG2 DEG Benefit,EG2 DEG Benefit,1,2025-09-05 14:17:23,0,NULL,NULL
4346,EG2_MEG_Benefit,inferred,NULL,real,EG2 MEG Benefit,EG2 MEG Benefit,1,2025-09-05 14:17:23,0,NULL,NULL
4347,Power_to_CO2_benefit_1,inferred,NULL,real,Power to CO2 benefit 1,Power to CO2 benefit 1,1,2025-09-05 14:17:23,0,NULL,NULL
4348,Power_to_CO2_benefit_2,inferred,NULL,real,Power to CO2 benefit 2,Power to CO2 benefit 2,1,2025-09-05 14:17:23,0,NULL,NULL
4349,Power_to_CO2_benefit_3,inferred,NULL,real,Power to CO2 benefit 3,Power to CO2 benefit 3,1,2025-09-05 14:17:23,0,NULL,NULL
4350,Furnace_A_benefit,inferred,NULL,real,Furnace A benefit,Furnace A benefit,1,2025-09-05 14:17:23,0,NULL,NULL
4351,Furnace_B_benefit,inferred,NULL,real,Furnace B benefit,Furnace B benefit,1,2025-09-05 14:17:23,0,NULL,NULL
4352,Furnace_C_benefit,inferred,NULL,real,Furnace C benefit,Furnace C benefit,1,2025-09-05 14:17:23,0,NULL,NULL
4353,Furnace_D_benefit,inferred,NULL,real,Furnace D benefit,Furnace D benefit,1,2025-09-05 14:17:23,0,NULL,NULL
4354,Furnace_E_benefit,inferred,NULL,real,Furnace E benefit,Furnace E benefit,1,2025-09-05 14:17:23,0,NULL,NULL
4355,Furnace_F_benefit,inferred,NULL,real,Furnace F benefit,Furnace F benefit,1,2025-09-05 14:17:23,0,NULL,NULL
4356,Furnace_G_benefit,inferred,NULL,real,Furnace G benefit,Furnace G benefit,1,2025-09-05 14:17:23,0,NULL,NULL
4357,Furnace_H_benefit,inferred,NULL,real,Furnace H benefit,Furnace H benefit,1,2025-09-05 14:17:23,0,NULL,NULL
4358,Furnace_J_benefit,inferred,NULL,real,Furnace J benefit,Furnace J benefit,1,2025-09-05 14:17:23,0,NULL,NULL
4359,Excess_O2_Benefit_BLR_1,inferred,NULL,real,Excess O2 Benefit BLR 1,Excess O2 Benefit BLR 1,1,2025-09-05 14:17:24,0,NULL,NULL
4360,Excess_O2_Benefit_BLR_2,inferred,NULL,real,Excess O2 Benefit BLR 2,Excess O2 Benefit BLR 2,1,2025-09-05 14:17:24,0,NULL,NULL
4361,Excess_O2_Benefit_BLR_3,inferred,NULL,real,Excess O2 Benefit BLR 3,Excess O2 Benefit BLR 3,1,2025-09-05 14:17:24,0,NULL,NULL
4362,Excess_O2_Benefit_BLR_4,inferred,NULL,real,Excess O2 Benefit BLR 4,Excess O2 Benefit BLR 4,1,2025-09-05 14:17:24,0,NULL,NULL
4363,Excess_O2_Benefit_BLR_5,inferred,NULL,real,Excess O2 Benefit BLR 5,Excess O2 Benefit BLR 5,1,2025-09-05 14:17:24,0,NULL,NULL
4364,Total_specific_Power,inferred,NULL,real,Total Specific Power,Total_specific_Power,1,2025-09-05 14:17:24,0,NULL,NULL
4365,C2_power_delta,inferred,NULL,real,C2_power_delta,C2_power_delta,1,2025-09-05 14:17:24,0,NULL,NULL
4366,C3_power_delta,inferred,NULL,real,C3_power_delta,C3_power_delta,1,2025-09-05 14:17:24,0,NULL,NULL
4367,Eth_CGC_turbine_Duty_delta,inferred,NULL,real,Eth_CGC_turbine_Duty_delta,Eth_CGC_turbine_Duty_delta,1,2025-09-05 14:17:24,0,NULL,NULL
4368,Total_specific_Power_Adjusted,inferred,NULL,real,Total_specific_Power_Adjusted,Total_specific_Power_Adjusted,1,2025-09-08 09:22:18,0,NULL,NULL
4369,Eth_HP_export_flow_1,inferred,NULL,real,Eth HP Steam flow 1,Eth HP Steam flow 1,1,2025-09-11 11:33:49,0,NULL,NULL
4370,Eth_HP_export_flow_1_energy,inferred,NULL,real,Eth HP Steam flow 1 energy,Eth HP Steam flow 1 energy,1,2025-09-11 11:33:49,0,NULL,NULL
4371,opportunity_threshold,inferred,NULL,real,opportunity threshold,opportunity threshold,1,2025-09-11 11:33:49,0,NULL,NULL
4372,ETH_HPS_Demand_delta,inferred,NULL,real,ETH HPS Demand delta,ETH_HPS_Demand_delta,1,2025-09-12 10:09:18,0,NULL,NULL
4373,ETH_HPS_Demand_Adjusted,inferred,NULL,real,ETH HPS Demand Adjusted,ETH_HPS_Demand_Adjusted,1,2025-09-12 10:09:18,0,NULL,NULL
4374,ETH_HPS_Demand_delta_Adjusted,inferred,NULL,real,ETH HPS Demand delta Adjusted,ETH_HPS_Demand_delta_Adjusted,1,2025-09-12 10:09:22,0,NULL,NULL
4375,BOILER_A_FLUE_GAS_OXGYGEN_flag,inferred,NULL,real,BOILER_A_FLUE_GAS_OXGYGEN_flag,BOILER_A_FLUE_GAS_OXGYGEN_flag,1,2025-09-15 10:35:05,0,NULL,NULL
4376,BOILER_B_FLUE_GAS_OXGYGEN_flag,inferred,NULL,real,BOILER_B_FLUE_GAS_OXGYGEN_flag,BOILER_B_FLUE_GAS_OXGYGEN_flag,1,2025-09-15 10:35:05,0,NULL,NULL
4377,BOILER_C_FLUE_GAS_OXGYGEN_flag,inferred,NULL,real,BOILER_C_FLUE_GAS_OXGYGEN_flag,BOILER_C_FLUE_GAS_OXGYGEN_flag,1,2025-09-15 10:35:05,0,NULL,NULL
4378,BOILER_D_FLUE_GAS_OXGYGEN_flag,inferred,NULL,real,BOILER_D_FLUE_GAS_OXGYGEN_flag,BOILER_D_FLUE_GAS_OXGYGEN_flag,1,2025-09-15 10:35:05,0,NULL,NULL
4379,Boiler_5_O2_flag,inferred,NULL,real,Boiler_5_O2_flag,Boiler_5_O2_flag,1,2025-09-15 10:35:05,0,NULL,NULL
4380,EG1_Recycle_gas_compressor_benefit,inferred,NULL,real,Cost benefit of EG1 Recycle gas compressor,Cost benefit of EG1 Recycle gas compressor,1,2025-09-15 10:35:05,0,NULL,NULL
4381,EG1_Third_Stage_Reactor_Feed_Heater_benefit,inferred,NULL,real,Cost benefit of EG1 Third Stage Reactor Feed Heater,Cost benefit of EG1 Third Stage Reactor Feed Heater,1,2025-09-15 10:35:05,0,NULL,NULL
4382,EG1_First_Effect_Reboiler_benefit,inferred,NULL,real,Cost benefit of EG1 First Effect Reboiler,Cost benefit of EG1 First Effect Reboiler,1,2025-09-15 10:35:05,0,NULL,NULL
4383,EG1_Drying_Column_Reboiler_benefit,inferred,NULL,real,Cost benefit of EG1 Drying Column Reboiler,Cost benefit of EG1 Drying Column Reboiler,1,2025-09-15 10:35:05,0,NULL,NULL
4384,EG1_MEG_Column_Reboiler_benefit,inferred,NULL,real,Cost benefit of EG1 MEG Column Reboiler,Cost benefit of EG1 MEG Column Reboiler,1,2025-09-15 10:35:05,0,NULL,NULL
4385,EG2_Recycle_gas_compressor_benefit,inferred,NULL,real,Cost benefit of EG2 Recycle gas compressor,Cost benefit of EG2 Recycle gas compressor,1,2025-09-15 10:35:05,0,NULL,NULL
4386,EG2_Third_Stage_Reactor_Feed_Heater_benefit,inferred,NULL,real,Cost benefit of EG2 Third Stage Reactor Feed Heater,Cost benefit of EG2 Third Stage Reactor Feed Heater,1,2025-09-15 10:35:05,0,NULL,NULL
4387,EG2_First_Effect_Reboiler_benefit,inferred,NULL,real,Cost benefit of EG2 First Effect Reboiler,Cost benefit of EG2 First Effect Reboiler,1,2025-09-15 10:35:05,0,NULL,NULL
4388,EG2_Drying_Column_Reboiler_benefit,inferred,NULL,real,Cost benefit of EG2 Drying Column Reboiler,Cost benefit of EG2 Drying Column Reboiler,1,2025-09-15 10:35:05,0,NULL,NULL
4389,EG2_MEG_Column_Reboiler_benefit,inferred,NULL,real,Cost benefit of EG2 MEG Column Reboiler,Cost benefit of EG2 MEG Column Reboiler,1,2025-09-15 10:35:05,0,NULL,NULL
4390,EG3_First_Effect_Reboiler_benefit,inferred,NULL,real,Cost benefit of EG3 First Effect Reboiler,Cost benefit of EG3 First Effect Reboiler,1,2025-09-15 10:35:05,0,NULL,NULL
4391,EG3_MEG_Column_Reboiler_benefit,inferred,NULL,real,Cost benefit of EG3 MEG Column Reboiler,Cost benefit of EG3 MEG Column Reboiler,1,2025-09-15 10:35:05,0,NULL,NULL
4392,Eth_Ethane_feed_saturator_benefit,inferred,NULL,real,Cost benefit of Eth Ethane feed saturator,Cost benefit of Eth Ethane feed saturator,1,2025-09-15 10:35:05,0,NULL,NULL
4393,CO2_Raw_Gas_Compressor_benefit,inferred,NULL,real,Cost benefit of CO2 Raw Gas Compressor,Cost benefit of CO2 Raw Gas Compressor,1,2025-09-15 10:35:05,0,NULL,NULL
4394,CO2_Product_Compressor_benefit,inferred,NULL,real,Cost benefit of CO2 Product Compressor,Cost benefit of CO2 Product Compressor,1,2025-09-15 10:35:05,0,NULL,NULL
4395,EG3_Recycle_gas_compressor_benefit,inferred,NULL,real,Cost benefit of EG3 Recycle gas compressor,Cost benefit of EG3 Recycle gas compressor,1,2025-09-15 10:35:05,0,NULL,NULL
4396,EG1_Stripping_System_benefit,inferred,NULL,real,Cost benefit of EG1 Stripping System,Cost benefit of EG1 Stripping System,1,2025-09-15 10:35:05,0,NULL,NULL
4397,EG2_Stripping_System_benefit,inferred,NULL,real,Cost benefit of EG2 Stripping System,Cost benefit of EG2 Stripping System,1,2025-09-15 10:35:05,0,NULL,NULL
4398,EG1_Regeneration_System_benefit,inferred,NULL,real,Cost benefit of EG1 Regeneration System,Cost benefit of EG1 Regeneration System,1,2025-09-15 10:35:05,0,NULL,NULL
4399,EG2_Regeneration_System_benefit,inferred,NULL,real,Cost benefit of EG2 Regeneration System,Cost benefit of EG2 Regeneration System,1,2025-09-15 10:35:05,0,NULL,NULL
4400,EG3_Regeneration_System_benefit,inferred,NULL,real,Cost benefit of EG3 Regeneration System,Cost benefit of EG3 Regeneration System,1,2025-09-15 10:35:05,0,NULL,NULL
4401,BOILER_A_FLUE_GAS_OXGYGEN_flag_Adjusted,inferred,NULL,real,BOILER_A_FLUE_GAS_OXGYGEN_flag_Adjusted,BOILER_A_FLUE_GAS_OXGYGEN_flag_Adjusted,1,2025-09-15 12:18:48,0,NULL,NULL
4402,BOILER_B_FLUE_GAS_OXGYGEN_flag_Adjusted,inferred,NULL,real,BOILER_B_FLUE_GAS_OXGYGEN_flag_Adjusted,BOILER_B_FLUE_GAS_OXGYGEN_flag_Adjusted,1,2025-09-15 12:18:49,0,NULL,NULL
4403,BOILER_C_FLUE_GAS_OXGYGEN_flag_Adjusted,inferred,NULL,real,BOILER_C_FLUE_GAS_OXGYGEN_flag_Adjusted,BOILER_C_FLUE_GAS_OXGYGEN_flag_Adjusted,1,2025-09-15 12:18:49,0,NULL,NULL
4404,BOILER_D_FLUE_GAS_OXGYGEN_flag_Adjusted,inferred,NULL,real,BOILER_D_FLUE_GAS_OXGYGEN_flag_Adjusted,BOILER_D_FLUE_GAS_OXGYGEN_flag_Adjusted,1,2025-09-15 12:18:49,0,NULL,NULL
4405,Boiler_5_O2_flag_Adjusted,inferred,NULL,real,Boiler_5_O2_flag_Adjusted,Boiler_5_O2_flag_Adjusted,1,2025-09-15 12:18:49,0,NULL,NULL
4406,AC_A_Max_Alloc,inferred,NULL,real,max allocation of vent - air compressor A,max allocation of vent - air compressor A,1,2025-09-18 10:04:23,0,NULL,NULL
4407,AC_B_Max_Alloc,inferred,NULL,real,max allocation of vent - air compressor B,max allocation of vent - air compressor B,1,2025-09-18 10:04:23,0,NULL,NULL
4408,AC_C_Max_Alloc,inferred,NULL,real,max allocation of vent - air compressor C,max allocation of vent - air compressor C,1,2025-09-18 10:04:23,0,NULL,NULL
4409,AC_D_Max_Alloc,inferred,NULL,real,max allocation of vent - air compressor D,max allocation of vent - air compressor D,1,2025-09-18 10:04:23,0,NULL,NULL
4410,AC_total_Max_Alloc,inferred,NULL,real,Total max allocation,Total max allocation,1,2025-09-18 10:04:23,0,NULL,NULL
4411,act_AIR_COMPRESSOR_A_Vent_flow,inferred,NULL,real,allocation of vent - air compressor A,allocation of vent - air compressor A,1,2025-09-18 10:04:23,0,NULL,NULL
4412,act_AIR_COMPRESSOR_B_Vent_flow,inferred,NULL,real,allocation of vent - air compressor B,allocation of vent - air compressor B,1,2025-09-18 10:04:23,0,NULL,NULL
4413,act_AIR_COMPRESSOR_C_Vent_flow,inferred,NULL,real,allocation of vent - air compressor C,allocation of vent - air compressor C,1,2025-09-18 10:04:23,0,NULL,NULL
4414,act_AIR_COMPRESSOR_D_Vent_flow,inferred,NULL,real,allocation of vent - air compressor D,allocation of vent - air compressor D,1,2025-09-18 10:04:23,0,NULL,NULL
4415,BFW_B_Turb_Steam_warmup,inferred,NULL,real,BFW_B_Turb_Steam_warmup,BFW_B_Turb_Steam_warmup,1,2025-09-18 14:05:34,0,NULL,NULL
4416,BFW_C_Turb_Steam_warmup,inferred,NULL,real,BFW_C_Turb_Steam_warmup,BFW_C_Turb_Steam_warmup,1,2025-09-18 14:05:34,0,NULL,NULL
4417,BFW_E_Turb_Steam_warmup,inferred,NULL,real,BFW_E_Turb_Steam_warmup,BFW_E_Turb_Steam_warmup,1,2025-09-18 14:05:34,0,NULL,NULL
4418,DMW_Turbine_A_Steam_warmup,inferred,NULL,real,DMW_Turbine_A_Steam_warmup,DMW_Turbine_A_Steam_warmup,1,2025-09-18 14:05:34,0,NULL,NULL
4419,DMW_Turbine_C_Steam_warmup,inferred,NULL,real,DMW_Turbine_C_Steam_warmup,DMW_Turbine_C_Steam_warmup,1,2025-09-18 14:05:34,0,NULL,NULL
4420,Air_Compressor_Turbine_A_Steam_warmup,inferred,NULL,real,Air_Compressor_Turbine_A_Steam_warmup,Air_Compressor_Turbine_A_Steam_warmup,1,2025-09-18 14:05:34,0,NULL,NULL
4421,Air_Compressor_Turbine_D_Steam_warmup,inferred,NULL,real,Air_Compressor_Turbine_D_Steam_warmup,Air_Compressor_Turbine_D_Steam_warmup,1,2025-09-18 14:05:34,0,NULL,NULL
4422,CW_Turbine_A_Steam_warmup,inferred,NULL,real,CW_Turbine_A_Steam_warmup,CW_Turbine_A_Steam_warmup,1,2025-09-18 14:05:35,0,NULL,NULL
4423,CW_Turbine_B_Steam_warmup,inferred,NULL,real,CW_Turbine_B_Steam_warmup,CW_Turbine_B_Steam_warmup,1,2025-09-18 14:05:35,0,NULL,NULL
4424,CW_Turbine_G_Steam_warmup,inferred,NULL,real,CW_Turbine_G_Steam_warmup,CW_Turbine_G_Steam_warmup,1,2025-09-18 14:05:35,0,NULL,NULL
4425,VHP_BFW_B_Turb_Steam_warmup,inferred,NULL,real,VHP_BFW_B_Turb_Steam_warmup,VHP_BFW_B_Turb_Steam_warmup,1,2025-09-18 14:05:35,0,NULL,NULL
4426,VHP_BFW_C_Turb_Steam_warmup,inferred,NULL,real,VHP_BFW_C_Turb_Steam_warmup,VHP_BFW_C_Turb_Steam_warmup,1,2025-09-18 14:05:35,0,NULL,NULL
4427,FD_Fan_BLR_1_Steam_warmup,inferred,NULL,real,FD_Fan_BLR_1_Steam_warmup,FD_Fan_BLR_1_Steam_warmup,1,2025-09-18 14:05:35,0,NULL,NULL
4428,FD_Fan_BLR_2_Steam_warmup,inferred,NULL,real,FD_Fan_BLR_2_Steam_warmup,FD_Fan_BLR_2_Steam_warmup,1,2025-09-18 14:05:35,0,NULL,NULL
4429,FD_Fan_BLR_3_Steam_warmup,inferred,NULL,real,FD_Fan_BLR_3_Steam_warmup,FD_Fan_BLR_3_Steam_warmup,1,2025-09-18 14:05:35,0,NULL,NULL
4430,FD_Fan_BLR_4_Steam_warmup,inferred,NULL,real,FD_Fan_BLR_4_Steam_warmup,FD_Fan_BLR_4_Steam_warmup,1,2025-09-18 14:05:35,0,NULL,NULL
4431,FD_Fan_BLR_5_Steam_warmup,inferred,NULL,real,FD_Fan_BLR_5_Steam_warmup,FD_Fan_BLR_5_Steam_warmup,1,2025-09-18 14:05:35,0,NULL,NULL
4432,BLR_1_HPS_Gen_warmup,inferred,NULL,real,BLR_1_HPS_Gen_warmup,BLR_1_HPS_Gen_warmup,1,2025-09-18 14:05:35,0,NULL,NULL
4433,BLR_2_HPS_Gen_warmup,inferred,NULL,real,BLR_2_HPS_Gen_warmup,BLR_2_HPS_Gen_warmup,1,2025-09-18 14:05:35,0,NULL,NULL
4434,BLR_3_HPS_Gen_warmup,inferred,NULL,real,BLR_3_HPS_Gen_warmup,BLR_3_HPS_Gen_warmup,1,2025-09-18 14:05:35,0,NULL,NULL
4435,BLR_4_HPS_Gen_warmup,inferred,NULL,real,BLR_4_HPS_Gen_warmup,BLR_4_HPS_Gen_warmup,1,2025-09-18 14:05:35,0,NULL,NULL
4436,BLR_5_HPS_Gen_warmup,inferred,NULL,real,BLR_5_HPS_Gen_warmup,BLR_5_HPS_Gen_warmup,1,2025-09-18 14:05:35,0,NULL,NULL
4437,overall_eth_HP_LP_Shaft_loss_kw,inferred,NULL,real,Eth HP to LP shaft loss in KW,Eth HP to LP shaft loss in KW,1,2025-09-18 18:09:19,0,NULL,NULL
4438,overall_eth_purge_Shaft_loss_kw,inferred,NULL,real,Eth Purge shaft loss in KW,Eth Purge shaft loss in KW,1,2025-09-18 18:09:19,0,NULL,NULL
4439,overall_eth_VHP_HP_Shaft_loss_kw,inferred,NULL,real,Eth VHP to HP shaft loss in KW,Eth VHP to HP shaft loss in KW,1,2025-09-18 18:09:19,0,NULL,NULL
4440,overall_UO_MP_LP_Shaft_loss_kw,inferred,NULL,real,UO MP to LP shaft loss in KW,UO MP to LP shaft loss in KW,1,2025-09-18 18:09:19,0,NULL,NULL
4441,overall_all_plant_Shaft_loss_kw,inferred,NULL,real,All letdown valve shaft loss in KW,All letdown valve shaft loss in KW,1,2025-09-18 18:09:19,0,NULL,NULL
4442,Air_Comp_Flag,inferred,NULL,real,Air_Comp_Flag,Air_Comp_Flag,1,2025-09-25 11:10:07,0,NULL,NULL
4443,dummy_test_tag_1,inferred,NULL,real,dummy_test_1,dummy_test_1,0,2025-10-09 10:08:13,0,NULL,NULL
4444,dummy_test_tag_2,pi,UN.ETH.H-1111.Optimized_Fuel_EO_CALC_OUTPUT,real,dummy_test_tag,dummy_test_tag,0,2025-10-09 10:08:13,0,NULL,NULL
4446,BFW_A_Motor_Power_CO2_Emission,inferred,NULL,real,BFW Motor A CO2 Emission,BFW Motor A CO2 Emission,1,2025-10-28 11:36:03,0,NULL,NULL
4447,BFW_D_Motor_Power_CO2_Emission,inferred,NULL,real,BFW Motor D CO2 Emission,BFW Motor D CO2 Emission,1,2025-10-28 11:36:03,0,NULL,NULL
4448,BFW_F_Motor_Power_CO2_Emission,inferred,NULL,real,BFW Motor F CO2 Emission,BFW Motor F CO2 Emission,1,2025-10-28 11:36:03,0,NULL,NULL
4449,CW_Motor_C_Power_CO2_Emission,inferred,NULL,real,CW Motor C CO2 Emission,CW Motor C CO2 Emission,1,2025-10-28 11:36:03,0,NULL,NULL
4450,CW_Motor_D_Power_CO2_Emission,inferred,NULL,real,CW Motor D CO2 Emission,CW Motor D CO2 Emission,1,2025-10-28 11:36:03,0,NULL,NULL
4451,CW_Motor_E_Power_CO2_Emission,inferred,NULL,real,CW Motor E CO2 Emission,CW Motor E CO2 Emission,1,2025-10-28 11:36:03,0,NULL,NULL
4452,CW_Motor_F_Power_CO2_Emission,inferred,NULL,real,CW Motor F CO2 Emission,CW Motor F CO2 Emission,1,2025-10-28 11:36:03,0,NULL,NULL
4453,Air_Compressor_Motor_B_Power_CO2_Emission,inferred,NULL,real,Air Compressor Motor B CO2 Emission,Air Compressor Motor B CO2 Emission,1,2025-10-28 11:36:03,0,NULL,NULL
4454,Air_Compressor_Motor_C_Power_CO2_Emission,inferred,NULL,real,Air Compressor Motor C CO2 Emission,Air Compressor Motor C CO2 Emission,1,2025-10-28 11:36:03,0,NULL,NULL
4455,DMW_Motor_B_Power_CO2_Emission,inferred,NULL,real,DMW Motor B CO2 Emission,DMW Motor B CO2 Emission,1,2025-10-28 11:36:03,0,NULL,NULL
4456,VHP_BFW_A_Motor_Power_CO2_Emission,inferred,NULL,real,VHP BFW Motor A CO2 Emission,VHP BFW Motor A CO2 Emission,1,2025-10-28 11:36:03,0,NULL,NULL
4457,BFW_B_Turb_Steam_CO2_Emission,inferred,NULL,real,BFW Turbine B CO2 Emission,BFW Turbine B CO2 Emission,1,2025-10-28 11:36:03,0,NULL,NULL
4458,BFW_C_Turb_Steam_CO2_Emission,inferred,NULL,real,BFW Turbine C CO2 Emission,BFW Turbine C CO2 Emission,1,2025-10-28 11:36:04,0,NULL,NULL
4459,BFW_E_Turb_Steam_CO2_Emission,inferred,NULL,real,BFW Turbine E CO2 Emission,BFW Turbine E CO2 Emission,1,2025-10-28 11:36:04,0,NULL,NULL
4460,VHP_BFW_B_Turb_Steam_CO2_Emission,inferred,NULL,real,VHP BFW Turbine B CO2 Emission,VHP BFW Turbine B CO2 Emission,1,2025-10-28 11:36:04,0,NULL,NULL
4461,VHP_BFW_C_Turb_Steam_CO2_Emission,inferred,NULL,real,VHP BFW Turbine C CO2 Emission,VHP BFW Turbine C CO2 Emission,1,2025-10-28 11:36:04,0,NULL,NULL
4462,Air_Compressor_Turbine_A_Steam_CO2_Emission,inferred,NULL,real,Air Compressor Turbine A CO2 Emission,Air Compressor Turbine A CO2 Emission,1,2025-10-28 11:36:04,0,NULL,NULL
4463,Air_Compressor_Turbine_D_Steam_CO2_Emission,inferred,NULL,real,Air Compressor Turbine D CO2 Emission,Air Compressor Turbine D CO2 Emission,1,2025-10-28 11:36:04,0,NULL,NULL
4464,DMW_Turbine_A_Steam_CO2_Emission,inferred,NULL,real,DMW Turbine A CO2 Emission,DMW Turbine A CO2 Emission,1,2025-10-28 11:36:04,0,NULL,NULL
4465,DMW_Turbine_C_Steam_CO2_Emission,inferred,NULL,real,DMW Turbine C CO2 Emission,DMW Turbine C CO2 Emission,1,2025-10-28 11:36:04,0,NULL,NULL
4466,CW_Turbine_A_Steam_CO2_Emission,inferred,NULL,real,CW Turbine A CO2 Emission,CW Turbine A CO2 Emission,1,2025-10-28 11:36:04,0,NULL,NULL
4467,CW_Turbine_B_Steam_CO2_Emission,inferred,NULL,real,CW Turbine B CO2 Emission,CW Turbine B CO2 Emission,1,2025-10-28 11:36:04,0,NULL,NULL
4468,CW_Turbine_G_Steam_CO2_Emission,inferred,NULL,real,CW Turbine G CO2 Emission,CW Turbine G CO2 Emission,1,2025-10-28 11:36:04,0,NULL,NULL
4469,air_compressor_max_capacity,inferred,NULL,real,air_compressor_max_capacity,air_compressor_max_capacity,1,2025-11-12 14:19:46,0,NULL,NULL
4470,air_compressor_c_max_capacity,inferred,NULL,real,air_compressor_c_max_capacity,air_compressor_c_max_capacity,1,2025-11-12 14:19:46,0,NULL,NULL
4471,Sp_Steam_LP_EG1,inferred,NULL,real,Specific LP Steam energy consumption of EG1,Specific LP Steam energy consumption of EG1,1,2025-11-13 12:31:11,0,NULL,NULL
4472,Sp_Steam_LP_EG2,inferred,NULL,real,Specific LP Steam energy consumption of EG2,Specific LP Steam energy consumption of EG2,1,2025-11-13 12:31:11,0,NULL,NULL
4473,Sp_Steam_LP_EG3,inferred,NULL,real,Specific LP Steam energy consumption of EG3,Specific LP Steam energy consumption of EG3,1,2025-11-13 12:31:11,0,NULL,NULL
4474,Sp_Steam_LP_ETH,inferred,NULL,real,Specific LP Steam energy consumption of ETH,Specific LP Steam energy consumption of ETH,1,2025-11-13 12:31:11,0,NULL,NULL
4475,Sp_Steam_MP_EG1,inferred,NULL,real,Specific MP Steam energy consumption of EG1,Specific MP Steam energy consumption of EG1,1,2025-11-13 12:31:11,0,NULL,NULL
4476,Sp_Steam_MP_EG2,inferred,NULL,real,Specific MP Steam energy consumption of EG2,Specific MP Steam energy consumption of EG2,1,2025-11-13 12:31:11,0,NULL,NULL
4477,Sp_Steam_MP_EG3,inferred,NULL,real,Specific MP Steam energy consumption of EG3,Specific MP Steam energy consumption of EG3,1,2025-11-13 12:31:12,0,NULL,NULL
4478,Sp_Steam_HP_ETH,inferred,NULL,real,Specific MP Steam energy consumption of ETH,Specific MP Steam energy consumption of ETH,1,2025-11-13 12:31:12,0,NULL,NULL
4479,Sp_elect_EG1,inferred,NULL,real,Specific Electrical energy consumption of EG1,It indicates electrical energy consumption for EG1 (considered only recycle gas compressor power),1,2025-11-13 12:31:12,0,NULL,NULL
4480,Sp_elect_EG2,inferred,NULL,real,Specific Electrical energy consumption of EG2,It indicates electrical energy consumption for EG1 (considered only recycle gas compressor power),1,2025-11-13 12:31:12,0,NULL,NULL
4481,Sp_elect_EG3,inferred,NULL,real,Specific Electrical energy consumption of EG3,It indicates electrical energy consumption for EG1 (considered only recycle gas compressor power),1,2025-11-13 12:31:12,0,NULL,NULL
4482,Sp_Fuel_ETH,inferred,NULL,real,Specific Fuel energy consumption of ETH,Specific Fuel energy consumption of ETH,1,2025-11-13 12:31:12,0,NULL,NULL
4483,Sp_total_energy_EG1,inferred,NULL,real,Total specific energy consumption of EG1,Total energy import from Utility,1,2025-11-13 12:31:12,0,NULL,NULL
4484,Sp_total_energy_EG2,inferred,NULL,real,Total specific energy consumption of EG2,Total energy import from Utility,1,2025-11-13 12:31:12,0,NULL,NULL
4485,Sp_total_energy_EG3,inferred,NULL,real,Total specific energy consumption of EG3,Total energy import from Utility,1,2025-11-13 12:31:12,0,NULL,NULL
4486,Sp_total_energy_ETH,inferred,NULL,real,Total specific energy consumption of ETH,Total energy import from Utility,1,2025-11-13 12:31:12,0,NULL,NULL
4487,Sp_total_energy_LAO,inferred,NULL,real,Total specific energy consumption of LAO,It indicate total specific energy consumption for LAO. (Feed flow to furnace is considered for defining specific energy consumption),1,2025-11-13 12:31:12,0,NULL,NULL
4488,Sp_total_energy_CO2,inferred,NULL,real,Total specific energy consumption of CO2,It indicate total specific energy consumption for CO2. (CO2 Sale flow is considered for defining specific energy consumption),1,2025-11-13 12:31:12,0,NULL,NULL
4489,MP_to_Intermediate_Letdown_Valve_Opening_PV9206A_EG3,pi,UN.EG3.69PV9206A.MV,real,MP_to_Intermediate_Letdown_Valve_Opening_PV9206A_EG3,MP_to_Intermediate_Letdown_Valve_Opening_PV9206A_EG3,1,2025-11-18 09:57:52,0,NULL,NULL
4490,MP_to_Intermediate_Letdown_Valve_Flowout_PV9206A_EG3,inferred,NULL,real,MP_to_Intermediate_Letdown_Valve_Flowout_PV9206A_EG3,MP_to_Intermediate_Letdown_Valve_Flowout_PV9206A_EG3,1,2025-11-18 09:57:52,0,NULL,NULL
4491,EG3_MP_to_IP_PV9206A_Shaft_loss_in_KW,inferred,NULL,real,EG3_MP_to_IP_PV9206A_Shaft_loss_in_KW,EG3_MP_to_IP_PV9206A_Shaft_loss_in_KW,1,2025-11-18 09:57:53,0,NULL,NULL
4492,CW_TO_UTILITIES_Adjusted,inferred,NULL,real,CW_TO_UTILITIES_Adjusted,CW_TO_UTILITIES_Adjusted,1,2025-12-04 13:42:18,0,NULL,NULL
4493,CW_TO_LAO_Adjusted,inferred,NULL,real,CW_TO_LAO_Adjusted,CW_TO_LAO_Adjusted,1,2025-12-04 13:42:18,0,NULL,NULL
4494,CW_TO_EG1_Adjusted,inferred,NULL,real,CW_TO_EG1_Adjusted,CW_TO_EG1_Adjusted,1,2025-12-04 13:42:18,0,NULL,NULL
4495,CW_TO_EG2_Adjusted,inferred,NULL,real,CW_TO_EG2_Adjusted,CW_TO_EG2_Adjusted,1,2025-12-04 13:42:18,0,NULL,NULL
4496,CW_TO_ETH_Adjusted,inferred,NULL,real,CW_TO_ETH_Adjusted,CW_TO_ETH_Adjusted,1,2025-12-04 13:42:18,0,NULL,NULL
4497,CW_TO_CO2_Adjusted,inferred,NULL,real,CW_TO_CO2_Adjusted,CW_TO_CO2_Adjusted,1,2025-12-04 13:42:18,0,NULL,NULL
4498,total_cw_flow,inferred,NULL,real,total_cw_flow,total_cw_flow,1,2025-12-04 14:18:59,0,NULL,NULL
4499,total_cw_flow_Adjusted,inferred,NULL,real,total_cw_flow_Adjusted,total_cw_flow_Adjusted,1,2025-12-04 14:18:59,0,NULL,NULL
4500,act_total_cw_flow,inferred,NULL,real,act_total_cw_flow,act_total_cw_flow,1,2025-12-04 14:18:59,0,NULL,NULL
4501,BFW_Conductivity,pi,UN.UO.71AI1005B.PV,real,BFW_Conductivity,BFW_Conductivity,1,2025-12-18 12:15:14,0,NULL,NULL
4502,Boiler_A_COC,inferred,NULL,real,Boiler A COC,Boiler A COC,1,2025-12-18 12:15:14,0,NULL,NULL
4503,Boiler_B_COC,inferred,NULL,real,Boiler B COC,Boiler B COC,1,2025-12-18 12:15:14,0,NULL,NULL
4504,Boiler_C_COC,inferred,NULL,real,Boiler C COC,Boiler C COC,1,2025-12-18 12:15:14,0,NULL,NULL
4505,Boiler_D_COC,inferred,NULL,real,Boiler D COC,Boiler D COC,1,2025-12-18 12:15:14,0,NULL,NULL
4506,Boiler_E_COC,inferred,NULL,real,Boiler E COC,Boiler E COC,1,2025-12-18 12:15:14,0,NULL,NULL
4507,CW_TO_EG1_totalizer,pi,UN.EG1.29FQI9101.PV,real,CW TO EG1 totalizer,CW TO EG1 totalizer,1,2025-12-22 13:45:21,0,NULL,NULL
4508,CW_TO_UTILITIES_Ratio,inferred,NULL,real,CW_TO_UTILITIES_Ratio,CW_TO_UTILITIES_Ratio,1,2025-12-22 13:45:21,0,NULL,NULL
4509,CW_TO_LAO_Ratio,inferred,NULL,real,CW_TO_LAO_Ratio,CW_TO_LAO_Ratio,1,2025-12-22 13:45:21,0,NULL,NULL
4510,CW_TO_EG1_Ratio,inferred,NULL,real,CW_TO_EG1_Ratio,CW_TO_EG1_Ratio,1,2025-12-22 13:45:21,0,NULL,NULL
4511,CW_TO_EG2_Ratio,inferred,NULL,real,CW_TO_EG2_Ratio,CW_TO_EG2_Ratio,1,2025-12-22 13:45:21,0,NULL,NULL
4512,CW_TO_ETH_Ratio,inferred,NULL,real,CW_TO_ETH_Ratio,CW_TO_ETH_Ratio,1,2025-12-22 13:45:21,0,NULL,NULL
4513,CW_TO_CO2_Ratio,inferred,NULL,real,CW_TO_CO2_Ratio,CW_TO_CO2_Ratio,1,2025-12-22 13:45:21,0,NULL,NULL
4514,CW_TO_EG1_totalizer_lag,inferred,NULL,real,CW_TO_EG1_totalizer_lag,CW_TO_EG1_totalizer_lag,1,2025-12-22 13:45:21,0,NULL,NULL
4515,New_CW_Flow,inferred,NULL,real,New_CW_Flow,New_CW_Flow,1,2025-12-22 13:45:21,0,NULL,NULL
4516,Flag_CW_Stop,inferred,NULL,real,Flag_CW_Stop,Flag_CW_Stop,1,2025-12-22 13:45:21,0,NULL,NULL
4517,CW_TO_EG1_totalizer_delta,inferred,NULL,real,CW_TO_EG1_totalizer_delta,CW_TO_EG1_totalizer_delta,1,2025-12-24 07:18:25,0,NULL,NULL
4518,Deaerator_benefit,inferred,NULL,real,Deaerator_benefit,Deaerator_benefit,1,2026-01-13 14:43:12,0,NULL,NULL
4519,KM_5070_benefit,inferred,NULL,real,KM_5070_benefit,KM_5070_benefit,1,2026-01-13 14:43:12,0,NULL,NULL
4520,CBD_Benefit_BLR_1,inferred,NULL,real,CBD_Benefit_BLR_1,CBD_Benefit_BLR_1,1,2026-01-13 15:50:16,0,NULL,NULL
4521,CBD_Benefit_BLR_2,inferred,NULL,real,CBD_Benefit_BLR_2,CBD_Benefit_BLR_2,1,2026-01-13 15:50:16,0,NULL,NULL
4522,CBD_Benefit_BLR_3,inferred,NULL,real,CBD_Benefit_BLR_3,CBD_Benefit_BLR_3,1,2026-01-13 15:50:16,0,NULL,NULL
4523,CBD_Benefit_BLR_4,inferred,NULL,real,CBD_Benefit_BLR_4,CBD_Benefit_BLR_4,1,2026-01-13 15:50:16,0,NULL,NULL
4524,CBD_Benefit_BLR_5,inferred,NULL,real,CBD_Benefit_BLR_5,CBD_Benefit_BLR_5,1,2026-01-13 15:50:16,0,NULL,NULL
4525,Sea_CT_Fan_8028,pi,UN.UO.78XL8028.PV,real,Sea CT Fan 8028 ON or OFF tag,Sea CT Fan 8028 ON or OFF tag,1,2026-01-28 11:12:58,0,NULL,NULL
4526,Sea_CT_Fan_8029,pi,UN.UO.78XL8029.PV,real,Sea CT Fan 8029 ON or OFF tag,Sea CT Fan 8029 ON or OFF tag,1,2026-01-28 11:12:58,0,NULL,NULL
4527,Sea_CT_Fan_8030,pi,UN.UO.78XL8030.PV,real,Sea CT Fan 8030 ON or OFF tag,Sea CT Fan 8030 ON or OFF tag,1,2026-01-28 11:12:58,0,NULL,NULL
4528,Sea_CT_Fan_8031,pi,UN.UO.78XL8031.PV,real,Sea CT Fan 8031 ON or OFF tag,Sea CT Fan 8031 ON or OFF tag,1,2026-01-28 11:12:58,0,NULL,NULL
4529,Sea_CT_Fan_8032,pi,UN.UO.78XL8032.PV,real,Sea CT Fan 8032 ON or OFF tag,Sea CT Fan 8032 ON or OFF tag,1,2026-01-28 11:12:58,0,NULL,NULL
4530,Sea_CT_Fan_8033,pi,UN.UO.78XL8033.PV,real,Sea CT Fan 8033 ON or OFF tag,Sea CT Fan 8033 ON or OFF tag,1,2026-01-28 11:12:58,0,NULL,NULL
4531,Sea_CT_Fan_8034,pi,UN.UO.78XL8034.PV,real,Sea CT Fan 8034 ON or OFF tag,Sea CT Fan 8034 ON or OFF tag,1,2026-01-28 11:12:58,0,NULL,NULL
4532,Sea_CT_Fan_8035,pi,UN.UO.78XL8035.PV,real,Sea CT Fan 8035 ON or OFF tag,Sea CT Fan 8035 ON or OFF tag,1,2026-01-28 11:12:58,0,NULL,NULL
4533,Sea_CT_Fan_8036,pi,UN.UO.78XL8036.PV,real,Sea CT Fan 8036 ON or OFF tag,Sea CT Fan 8036 ON or OFF tag,1,2026-01-28 11:12:58,0,NULL,NULL
4534,Sea_CT_Fan_8037,pi,UN.UO.78XL8037.PV,real,Sea CT Fan 8037 ON or OFF tag,Sea CT Fan 8037 ON or OFF tag,1,2026-01-28 11:12:58,0,NULL,NULL
4535,Sea_CT_Fan_8038,pi,UN.UO.78XL8038.PV,real,Sea CT Fan 8038 ON or OFF tag,Sea CT Fan 8038 ON or OFF tag,1,2026-01-28 11:12:58,0,NULL,NULL
4536,Sea_CT_Fan_8039,pi,UN.UO.78XL8039.PV,real,Sea CT Fan 8039 ON or OFF tag,Sea CT Fan 8039 ON or OFF tag,1,2026-01-28 11:12:58,0,NULL,NULL
4537,Sea_CT_Fan_8409,pi,UN.UO.78XL8409.PV,real,Sea CT Fan 8409 ON or OFF tag,Sea CT Fan 8409 ON or OFF tag,1,2026-01-28 11:12:58,0,NULL,NULL
4538,Sea_CT_Fan_8410,pi,UN.UO.78XL8410.PV,real,Sea CT Fan 8410 ON or OFF tag,Sea CT Fan 8410 ON or OFF tag,1,2026-01-28 11:12:59,0,NULL,NULL
4539,Sea_CT_Fan_8411,pi,UN.UO.78XL8411.PV,real,Sea CT Fan 8411 ON or OFF tag,Sea CT Fan 8411 ON or OFF tag,1,2026-01-28 11:12:59,0,NULL,NULL
4540,Sea_CT_Fan_8412,pi,UN.UO.78XL8412.PV,real,Sea CT Fan 8412 ON or OFF tag,Sea CT Fan 8412 ON or OFF tag,1,2026-01-28 11:12:59,0,NULL,NULL
4541,Sea_CT_Fan_8413,pi,UN.UO.78XL8413.PV,real,Sea CT Fan 8413 ON or OFF tag,Sea CT Fan 8413 ON or OFF tag,1,2026-01-28 11:12:59,0,NULL,NULL
4542,Sea_CT_Fan_8414,pi,UN.UO.78XL8414.PV,real,Sea CT Fan 8414 ON or OFF tag,Sea CT Fan 8414 ON or OFF tag,1,2026-01-28 11:12:59,0,NULL,NULL
4543,Sea_CT_Fan_8040,pi,UN.UO.78XL8040.PV,real,Sea CT Fan 8040 ON or OFF tag,Sea CT Fan 8040 ON or OFF tag,1,2026-01-28 11:12:59,0,NULL,NULL
4544,Sea_CT_Fan_8041,pi,UN.UO.78XL8041.PV,real,Sea CT Fan 8041 ON or OFF tag,Sea CT Fan 8041 ON or OFF tag,1,2026-01-28 11:12:59,0,NULL,NULL
4545,Sea_CT_Fan_8602,pi,UN.UO.78XL8602.PV,real,Sea CT Fan 8602 ON or OFF tag,Sea CT Fan 8602 ON or OFF tag,1,2026-01-28 11:12:59,0,NULL,NULL
4546,Sea_CT_Fan_8604,pi,UN.UO.78XL8604.PV,real,Sea CT Fan 8604 ON or OFF tag,Sea CT Fan 8604 ON or OFF tag,1,2026-01-28 11:12:59,0,NULL,NULL
4547,Sea_CT_Fan_8606,pi,UN.UO.78XL8606.PV,real,Sea CT Fan 8606 ON or OFF tag,Sea CT Fan 8606 ON or OFF tag,1,2026-01-28 11:12:59,0,NULL,NULL
4548,Sea_CT_Fan_8608,pi,UN.UO.78XL8608.PV,real,Sea CT Fan 8608 ON or OFF tag,Sea CT Fan 8608 ON or OFF tag,1,2026-01-28 11:12:59,0,NULL,NULL
4549,Sea_CT_Fan_8610,pi,UN.UO.78XL8610.PV,real,Sea CT Fan 8610 ON or OFF tag,Sea CT Fan 8610 ON or OFF tag,1,2026-01-28 11:12:59,0,NULL,NULL
4550,Sea_CT_Fan_8612,pi,UN.UO.78XL8612.PV,real,Sea CT Fan 8612 ON or OFF tag,Sea CT Fan 8612 ON or OFF tag,1,2026-01-28 11:12:59,0,NULL,NULL
4551,Sea_CT_Fan_8626,pi,UN.UO.78XL8626.PV,real,Sea CT Fan 8626 ON or OFF tag,Sea CT Fan 8626 ON or OFF tag,1,2026-01-28 11:12:59,0,NULL,NULL
4552,Sea_CT_Fan_8627,pi,UN.UO.78XL8627.PV,real,Sea CT Fan 8627 ON or OFF tag,Sea CT Fan 8627 ON or OFF tag,1,2026-01-28 11:13:00,0,NULL,NULL
4553,Sea_CT_Fan_8628,pi,UN.UO.78XL8628.PV,real,Sea CT Fan 8628 ON or OFF tag,Sea CT Fan 8628 ON or OFF tag,1,2026-01-28 11:13:00,0,NULL,NULL
4554,Sea_CT_Fan_8629,pi,UN.UO.78XL8629.PV,real,Sea CT Fan 8629 ON or OFF tag,Sea CT Fan 8629 ON or OFF tag,1,2026-01-28 11:13:00,0,NULL,NULL
4555,Sea_CT_Fan_8630,pi,UN.UO.78XL8630.PV,real,Sea CT Fan 8630 ON or OFF tag,Sea CT Fan 8630 ON or OFF tag,1,2026-01-28 11:13:00,0,NULL,NULL
4556,Sea_CT_Fan_8631,pi,UN.UO.78XL8631.PV,real,Sea CT Fan 8631 ON or OFF tag,Sea CT Fan 8631 ON or OFF tag,1,2026-01-28 11:13:00,0,NULL,NULL
4557,Sea_CT_Fan_8632,pi,UN.UO.78XL8632.PV,real,Sea CT Fan 8632 ON or OFF tag,Sea CT Fan 8632 ON or OFF tag,1,2026-01-28 11:13:00,0,NULL,NULL
4558,Sea_CT_Fan_8633,pi,UN.UO.78XL8633.PV,real,Sea CT Fan 8633 ON or OFF tag,Sea CT Fan 8633 ON or OFF tag,1,2026-01-28 11:13:00,0,NULL,NULL
4559,Sea_CT_Fan_8634,pi,UN.UO.78XL8634.PV,real,Sea CT Fan 8634 ON or OFF tag,Sea CT Fan 8634 ON or OFF tag,1,2026-01-28 11:13:00,0,NULL,NULL
4560,Sea_CT_Fan_8635,pi,UN.UO.78XL8635.PV,real,Sea CT Fan 8635 ON or OFF tag,Sea CT Fan 8635 ON or OFF tag,1,2026-01-28 11:13:00,0,NULL,NULL
4561,Sea_CT_Fan_8028_status,inferred,NULL,real,Sea_CT_Fan_8028_status,Sea_CT_Fan_8028_status,1,2026-01-28 11:13:00,0,NULL,NULL
4562,Sea_CT_Fan_8029_status,inferred,NULL,real,Sea_CT_Fan_8029_status,Sea_CT_Fan_8029_status,1,2026-01-28 11:13:00,0,NULL,NULL
4563,Sea_CT_Fan_8030_status,inferred,NULL,real,Sea_CT_Fan_8030_status,Sea_CT_Fan_8030_status,1,2026-01-28 11:13:00,0,NULL,NULL
4564,Sea_CT_Fan_8031_status,inferred,NULL,real,Sea_CT_Fan_8031_status,Sea_CT_Fan_8031_status,1,2026-01-28 11:13:00,0,NULL,NULL
4565,Sea_CT_Fan_8032_status,inferred,NULL,real,Sea_CT_Fan_8032_status,Sea_CT_Fan_8032_status,1,2026-01-28 11:13:00,0,NULL,NULL
4566,Sea_CT_Fan_8033_status,inferred,NULL,real,Sea_CT_Fan_8033_status,Sea_CT_Fan_8033_status,1,2026-01-28 11:13:00,0,NULL,NULL
4567,Sea_CT_Fan_8034_status,inferred,NULL,real,Sea_CT_Fan_8034_status,Sea_CT_Fan_8034_status,1,2026-01-28 11:13:00,0,NULL,NULL
4568,Sea_CT_Fan_8035_status,inferred,NULL,real,Sea_CT_Fan_8035_status,Sea_CT_Fan_8035_status,1,2026-01-28 11:13:00,0,NULL,NULL
4569,Sea_CT_Fan_8036_status,inferred,NULL,real,Sea_CT_Fan_8036_status,Sea_CT_Fan_8036_status,1,2026-01-28 11:13:01,0,NULL,NULL
4570,Sea_CT_Fan_8037_status,inferred,NULL,real,Sea_CT_Fan_8037_status,Sea_CT_Fan_8037_status,1,2026-01-28 11:13:01,0,NULL,NULL
4571,Sea_CT_Fan_8038_status,inferred,NULL,real,Sea_CT_Fan_8038_status,Sea_CT_Fan_8038_status,1,2026-01-28 11:13:01,0,NULL,NULL
4572,Sea_CT_Fan_8039_status,inferred,NULL,real,Sea_CT_Fan_8039_status,Sea_CT_Fan_8039_status,1,2026-01-28 11:13:01,0,NULL,NULL
4573,Sea_CT_Fan_8409_status,inferred,NULL,real,Sea_CT_Fan_8409_status,Sea_CT_Fan_8409_status,1,2026-01-28 11:13:01,0,NULL,NULL
4574,Sea_CT_Fan_8410_status,inferred,NULL,real,Sea_CT_Fan_8410_status,Sea_CT_Fan_8410_status,1,2026-01-28 11:13:01,0,NULL,NULL
4575,Sea_CT_Fan_8411_status,inferred,NULL,real,Sea_CT_Fan_8411_status,Sea_CT_Fan_8411_status,1,2026-01-28 11:13:01,0,NULL,NULL
4576,Sea_CT_Fan_8412_status,inferred,NULL,real,Sea_CT_Fan_8412_status,Sea_CT_Fan_8412_status,1,2026-01-28 11:13:01,0,NULL,NULL
4577,Sea_CT_Fan_8413_status,inferred,NULL,real,Sea_CT_Fan_8413_status,Sea_CT_Fan_8413_status,1,2026-01-28 11:13:01,0,NULL,NULL
4578,Sea_CT_Fan_8414_status,inferred,NULL,real,Sea_CT_Fan_8414_status,Sea_CT_Fan_8414_status,1,2026-01-28 11:13:01,0,NULL,NULL
4579,Sea_CT_Fan_8040_status,inferred,NULL,real,Sea_CT_Fan_8040_status,Sea_CT_Fan_8040_status,1,2026-01-28 11:13:01,0,NULL,NULL
4580,Sea_CT_Fan_8041_status,inferred,NULL,real,Sea_CT_Fan_8041_status,Sea_CT_Fan_8041_status,1,2026-01-28 11:13:01,0,NULL,NULL
4581,Sea_CT_Fan_8602_status,inferred,NULL,real,Sea_CT_Fan_8602_status,Sea_CT_Fan_8602_status,1,2026-01-28 11:13:01,0,NULL,NULL
4582,Sea_CT_Fan_8604_status,inferred,NULL,real,Sea_CT_Fan_8604_status,Sea_CT_Fan_8604_status,1,2026-01-28 11:13:01,0,NULL,NULL
4583,Sea_CT_Fan_8606_status,inferred,NULL,real,Sea_CT_Fan_8606_status,Sea_CT_Fan_8606_status,1,2026-01-28 11:13:01,0,NULL,NULL
4584,Sea_CT_Fan_8608_status,inferred,NULL,real,Sea_CT_Fan_8608_status,Sea_CT_Fan_8608_status,1,2026-01-28 11:13:01,0,NULL,NULL
4585,Sea_CT_Fan_8610_status,inferred,NULL,real,Sea_CT_Fan_8610_status,Sea_CT_Fan_8610_status,1,2026-01-28 11:13:02,0,NULL,NULL
4586,Sea_CT_Fan_8612_status,inferred,NULL,real,Sea_CT_Fan_8612_status,Sea_CT_Fan_8612_status,1,2026-01-28 11:13:02,0,NULL,NULL
4587,Sea_CT_Fan_8626_status,inferred,NULL,real,Sea_CT_Fan_8626_status,Sea_CT_Fan_8626_status,1,2026-01-28 11:13:02,0,NULL,NULL
4588,Sea_CT_Fan_8627_status,inferred,NULL,real,Sea_CT_Fan_8627_status,Sea_CT_Fan_8627_status,1,2026-01-28 11:13:02,0,NULL,NULL
4589,Sea_CT_Fan_8628_status,inferred,NULL,real,Sea_CT_Fan_8628_status,Sea_CT_Fan_8628_status,1,2026-01-28 11:13:02,0,NULL,NULL
4590,Sea_CT_Fan_8629_status,inferred,NULL,real,Sea_CT_Fan_8629_status,Sea_CT_Fan_8629_status,1,2026-01-28 11:13:02,0,NULL,NULL
4591,Sea_CT_Fan_8630_status,inferred,NULL,real,Sea_CT_Fan_8630_status,Sea_CT_Fan_8630_status,1,2026-01-28 11:13:02,0,NULL,NULL
4592,Sea_CT_Fan_8631_status,inferred,NULL,real,Sea_CT_Fan_8631_status,Sea_CT_Fan_8631_status,1,2026-01-28 11:13:02,0,NULL,NULL
4593,Sea_CT_Fan_8632_status,inferred,NULL,real,Sea_CT_Fan_8632_status,Sea_CT_Fan_8632_status,1,2026-01-28 11:13:02,0,NULL,NULL
4594,Sea_CT_Fan_8633_status,inferred,NULL,real,Sea_CT_Fan_8633_status,Sea_CT_Fan_8633_status,1,2026-01-28 11:13:02,0,NULL,NULL
4595,Sea_CT_Fan_8634_status,inferred,NULL,real,Sea_CT_Fan_8634_status,Sea_CT_Fan_8634_status,1,2026-01-28 11:13:02,0,NULL,NULL
4596,Sea_CT_Fan_8635_status,inferred,NULL,real,Sea_CT_Fan_8635_status,Sea_CT_Fan_8635_status,1,2026-01-28 11:13:02,0,NULL,NULL
4597,Sea_CT_Fans_1_12,inferred,NULL,real,Sea_CT_Fans_1_12,Sea_CT_Fans_1_12,1,2026-01-28 11:13:02,0,NULL,NULL
4598,Sea_CT_Fans_13_24,inferred,NULL,real,Sea_CT_Fans_13_24,Sea_CT_Fans_13_24,1,2026-01-28 11:13:02,0,NULL,NULL
4599,Sea_CT_Fans_25_36,inferred,NULL,real,Sea_CT_Fans_25_36,Sea_CT_Fans_25_36,1,2026-01-28 11:13:02,0,NULL,NULL
4600,Sea_CT_Fans_all,inferred,NULL,real,Sea_CT_Fans_all,Sea_CT_Fans_all,1,2026-01-28 11:13:02,0,NULL,NULL
4601,Sea_CT_Fan_power,inferred,NULL,real,Sea_CT_Fan_power,Sea_CT_Fan_power,1,2026-01-28 11:13:02,0,NULL,NULL
4602,Sea_CT_Fan_dp,inferred,NULL,real,Sea_CT_Fan_dp,Sea_CT_Fan_dp,1,2026-01-28 11:13:02,0,NULL,NULL
4603,Sea_CT_Fan_efficiency,inferred,NULL,real,Sea_CT_Fan_efficiency,Sea_CT_Fan_efficiency,1,2026-01-28 11:13:03,0,NULL,NULL
4604,Sea_CT_Fan_air_flow,inferred,NULL,real,Sea_CT_Fan_air_flow,Sea_CT_Fan_air_flow,1,2026-01-28 11:13:03,0,NULL,NULL
4605,Sea_CT_amb_temp,inferred,NULL,real,Sea_CT_amb_temp,Sea_CT_amb_temp,1,2026-01-28 11:13:03,0,NULL,NULL
4606,Sea_CT_Wet_bulb_temp,pi,UN.UO.Wet_Bulb_Temperature_EO_CALC_OUTPUT,real,Sea_CT_Wet_bulb_temp,Sea_CT_Wet_bulb_temp,1,2026-01-28 11:13:03,0,NULL,NULL
4607,Sea_CT_air_density,inferred,NULL,real,Sea_CT_air_density,Sea_CT_air_density,1,2026-01-28 11:13:03,0,NULL,NULL
4608,Sea_CT_Fan_air_flow_mass,inferred,NULL,real,Sea_CT_Fan_air_flow_mass,Sea_CT_Fan_air_flow_mass,1,2026-01-28 11:13:03,0,NULL,NULL
4609,Sea_CT_Fan_L_to_G_ratio,inferred,NULL,real,Sea_CT_Fan_L_to_G_ratio,Sea_CT_Fan_L_to_G_ratio,1,2026-01-28 11:13:03,0,NULL,NULL
4610,Sea_CT_Fan_water_flow_mass,inferred,NULL,real,Sea_CT_Fan_water_flow_mass,Sea_CT_Fan_water_flow_mass,1,2026-01-28 11:13:03,0,NULL,NULL
4611,Sea_CT_Fan_water_flow,inferred,NULL,real,Sea_CT_Fan_water_flow,Sea_CT_Fan_water_flow,1,2026-01-28 11:13:03,0,NULL,NULL
4612,Sea_CT_air_out_temp,inferred,NULL,real,Sea_CT_air_out_temp,Sea_CT_air_out_temp,1,2026-01-28 11:13:03,0,NULL,NULL
4613,Sea_CT_enthalpy_in,inferred,NULL,real,Sea_CT_enthalpy_in,Sea_CT_enthalpy_in,1,2026-01-28 11:13:03,0,NULL,NULL
4614,Sea_CT_enthalpy_out,inferred,NULL,real,Sea_CT_enthalpy_out,Sea_CT_enthalpy_out,1,2026-01-28 11:13:03,0,NULL,NULL
4615,Sea_CT_water_out_temp,inferred,NULL,real,Sea_CT_water_out_temp,Sea_CT_water_out_temp,1,2026-01-28 11:13:03,0,NULL,NULL
4616,Sea_CT_Fan_heat_removal,inferred,NULL,real,Sea_CT_Fan_heat_removal,Sea_CT_Fan_heat_removal,1,2026-01-28 11:13:04,0,NULL,NULL
4617,Sea_CT_Total_heat_removal_required,inferred,NULL,real,Sea_CT_Total_heat_removal_required,Sea_CT_Total_heat_removal_required,1,2026-01-28 11:13:04,0,NULL,NULL
4618,Sea_CT_Optimum_fan_required,inferred,NULL,real,Sea_CT_Optimum_fan_required,Sea_CT_Optimum_fan_required,1,2026-01-28 11:13:04,0,NULL,NULL
4619,Sea_CT_Optimum_fan_1,inferred,NULL,real,Sea_CT_Optimum_fan_1,Sea_CT_Optimum_fan_1,1,2026-01-28 11:13:04,0,NULL,NULL
4620,Sea_CT_Fans_all_Adjusted,inferred,NULL,real,Sea_CT_Optimum_fan,Sea_CT_Optimum_fan,1,2026-01-28 11:13:04,0,NULL,NULL
4621,Sea_CT_Fans_benefit,inferred,NULL,real,Benefit of sea CT fan reduction,Benefit of sea CT fan reduction,1,2026-01-28 11:13:04,0,NULL,NULL
4622,Energy_GJ_E_4523_Adjusted,inferred,NULL,real,Energy_GJ_E_4523_Adjusted,Energy_GJ_E_4523_Adjusted,1,2026-02-04 14:00:58,0,NULL,NULL
4623,Energy_GJ_E_2523_Adjusted,inferred,NULL,real,Energy_GJ_E_2523_Adjusted,Energy_GJ_E_2523_Adjusted,1,2026-02-10 09:03:08,0,NULL,NULL
4624,Energy_GJ_E_2531_Adjusted,inferred,NULL,real,Energy_GJ_E_2531_Adjusted,Energy_GJ_E_2531_Adjusted,1,2026-02-10 09:03:08,0,NULL,NULL
4625,Energy_GJ_E_2610_Adjusted,inferred,NULL,real,Energy_GJ_E_2610_Adjusted,Energy_GJ_E_2610_Adjusted,1,2026-02-10 09:03:08,0,NULL,NULL
4626,Energy_GJ_E_2620_Adjusted,inferred,NULL,real,Energy_GJ_E_2620_Adjusted,Energy_GJ_E_2620_Adjusted,1,2026-02-10 09:03:08,0,NULL,NULL
4627,Energy_GJ_E_4531_Adjusted,inferred,NULL,real,Energy_GJ_E_4531_Adjusted,Energy_GJ_E_4531_Adjusted,1,2026-02-10 09:03:08,0,NULL,NULL
4628,Energy_GJ_E_4610_Adjusted,inferred,NULL,real,Energy_GJ_E_4610_Adjusted,Energy_GJ_E_4610_Adjusted,1,2026-02-10 09:03:08,0,NULL,NULL
4629,Energy_GJ_E_4620_Adjusted,inferred,NULL,real,Energy_GJ_E_4620_Adjusted,Energy_GJ_E_4620_Adjusted,1,2026-02-10 09:03:08,0,NULL,NULL
4630,Energy_GJ_E_6531_Adjusted,inferred,NULL,real,Energy_GJ_E_6531_Adjusted,Energy_GJ_E_6531_Adjusted,1,2026-02-10 09:03:08,0,NULL,NULL
4631,Energy_GJ_E_6620_Adjusted,inferred,NULL,real,Energy_GJ_E_6620_Adjusted,Energy_GJ_E_6620_Adjusted,1,2026-02-10 09:03:08,0,NULL,NULL
4632,Energy_GJ_E_1102_Adjusted,inferred,NULL,real,Energy_GJ_E_1102_Adjusted,Energy_GJ_E_1102_Adjusted,1,2026-02-10 09:03:08,0,NULL,NULL
4633,Energy_GJ_C_2310_to_E_2310_Adjusted,inferred,NULL,real,Energy_GJ_C_2310_to_E_2310_Adjusted,Energy_GJ_C_2310_to_E_2310_Adjusted,1,2026-02-10 09:03:08,0,NULL,NULL
4634,Energy_GJ_C_4310_to_E_4310_Adjusted,inferred,NULL,real,Energy_GJ_C_4310_to_E_4310_Adjusted,Energy_GJ_C_4310_to_E_4310_Adjusted,1,2026-02-10 09:03:08,0,NULL,NULL
4635,Energy_GJ_C_2220_to_E_2220_Adjusted,inferred,NULL,real,Energy_GJ_C_2220_to_E_2220_Adjusted,Energy_GJ_C_2220_to_E_2220_Adjusted,1,2026-02-10 09:03:08,0,NULL,NULL
4636,Energy_GJ_C_4220_to_E_4220_Adjusted,inferred,NULL,real,Energy_GJ_C_4220_to_E_4220_Adjusted,Energy_GJ_C_4220_to_E_4220_Adjusted,1,2026-02-10 09:03:08,0,NULL,NULL
4637,Energy_GJ_E_6220_Adjusted,inferred,NULL,real,Energy_GJ_E_6220_Adjusted,Energy_GJ_E_6220_Adjusted,1,2026-02-10 09:03:08,0,NULL,NULL
4638,Energy_GJ_C2R_Adjusted,inferred,NULL,real,Energy_GJ_C2R_Adjusted,Energy_GJ_C2R_Adjusted,1,2026-02-10 09:03:08,0,NULL,NULL
4639,Energy_GJ_C3R_Adjusted,inferred,NULL,real,Energy_GJ_C3R_Adjusted,Energy_GJ_C3R_Adjusted,1,2026-02-10 09:03:08,0,NULL,NULL
4640,LAO_oxygen_Adjusted,inferred,NULL,real,LAO_oxygen_Adjusted,LAO_oxygen_Adjusted,1,2026-02-23 08:43:57,0,NULL,NULL
4641,LAO_STACK_TEMPERATURE,pi,UN.LAO.X38TI8469A.PV,real,LAO_STACK_TEMPERATURE,LAO_STACK_TEMPERATURE,1,2026-02-23 08:43:57,0,NULL,NULL
4642,LAO_Excess_Air,inferred,NULL,real,LAO_Excess_Air,LAO_Excess_Air,1,2026-02-23 08:43:57,0,NULL,NULL
4643,LAO_Air_Fuel_Mass_Ratio,inferred,NULL,real,LAO_Air_Fuel_Mass_Ratio,LAO_Air_Fuel_Mass_Ratio,1,2026-02-23 08:43:57,0,NULL,NULL
4644,LAO_Total_Moisture_With_Air,inferred,NULL,real,LAO_Total_Moisture_With_Air,LAO_Total_Moisture_With_Air,1,2026-02-23 08:43:57,0,NULL,NULL
4645,LAO_Total_H2O_Per_Kg_Of_Fuel,inferred,NULL,real,LAO_Total_H2O_Per_Kg_Of_Fuel,LAO_Total_H2O_Per_Kg_Of_Fuel,1,2026-02-23 08:43:57,0,NULL,NULL
4646,LAO_Dry_Flue_Gas_Per_Fuel_Mass_Ratio,inferred,NULL,real,LAO_Dry_Flue_Gas_Per_Fuel_Mass_Ratio,LAO_Dry_Flue_Gas_Per_Fuel_Mass_Ratio,1,2026-02-23 08:43:57,0,NULL,NULL
4647,LAO_Flue_Gas_Per_Fuel_Mass_Ratio,inferred,NULL,real,LAO_Flue_Gas_Per_Fuel_Mass_Ratio,LAO_Flue_Gas_Per_Fuel_Mass_Ratio,1,2026-02-23 08:43:57,0,NULL,NULL
4648,LAO_Flue_Gas_Mw,inferred,NULL,real,LAO_Flue_Gas_Mw,LAO_Flue_Gas_Mw,1,2026-02-23 08:43:57,0,NULL,NULL
4649,LAO_Cp_Of_Air_At_Stack_Temp,inferred,NULL,real,LAO_Cp_Of_Air_At_Stack_Temp,LAO_Cp_Of_Air_At_Stack_Temp,1,2026-02-23 08:43:57,0,NULL,NULL
4650,LAO_Cp_Flue_Gas_Co2_At_Stack_Temp,inferred,NULL,real,LAO_Cp_Flue_Gas_Co2_At_Stack_Temp,LAO_Cp_Flue_Gas_Co2_At_Stack_Temp,1,2026-02-23 08:43:57,0,NULL,NULL
4651,LAO_Cp_Flue_Gas_N2_At_Stack_Temp,inferred,NULL,real,LAO_Cp_Flue_Gas_N2_At_Stack_Temp,LAO_Cp_Flue_Gas_N2_At_Stack_Temp,1,2026-02-23 08:43:57,0,NULL,NULL
4652,LAO_Avg_Cp_Of_Flue_Gas_At_Stack_Temp,inferred,NULL,real,LAO_Avg_Cp_Of_Flue_Gas_At_Stack_Temp,LAO_Avg_Cp_Of_Flue_Gas_At_Stack_Temp,1,2026-02-23 08:43:57,0,NULL,NULL
4653,LAO_Cp_Of_H2O_At_Stack_Temp,inferred,NULL,real,LAO_Cp_Of_H2O_At_Stack_Temp,LAO_Cp_Of_H2O_At_Stack_Temp,1,2026-02-23 08:43:57,0,NULL,NULL
4654,LAO_Sensbile_Heat_Correction_For_Air,inferred,NULL,real,LAO_Sensbile_Heat_Correction_For_Air,LAO_Sensbile_Heat_Correction_For_Air,1,2026-02-23 08:43:57,0,NULL,NULL
4655,LAO_Total_Heat_Input_Per_Kg_Of_Fuel,inferred,NULL,real,LAO_Total_Heat_Input_Per_Kg_Of_Fuel,LAO_Total_Heat_Input_Per_Kg_Of_Fuel,1,2026-02-23 08:43:57,0,NULL,NULL
4656,LAO_Heat_Loss_Due_To_Dry_Flue_Gas_L1,inferred,NULL,real,LAO_Heat_Loss_Due_To_Dry_Flue_Gas_L1,LAO_Heat_Loss_Due_To_Dry_Flue_Gas_L1,1,2026-02-23 08:43:57,0,NULL,NULL
4657,LAO_Heat_Loss_Due_To_Evaporation_Of_Water_Formed_Due_To_H2_In_Fuel_L2,inferred,NULL,real,LAO_Heat_Loss_Due_To_Evaporation_Of_Water_Formed_Due_To_H2_In_Fuel_L2,LAO_Heat_Loss_Due_To_Evaporation_Of_Water_Formed_Due_To_H2_In_Fuel_L2,1,2026-02-23 08:43:57,0,NULL,NULL
4658,LAO_Heat_Loss_Due_To_H2O_In_Stack_L3,inferred,NULL,real,LAO_Heat_Loss_Due_To_H2O_In_Stack_L3,LAO_Heat_Loss_Due_To_H2O_In_Stack_L3,1,2026-02-23 08:43:57,0,NULL,NULL
4659,LAO_Total_Boiler_Stack_Loss_Per_Kg_Fuel,inferred,NULL,real,LAO_Total_Boiler_Stack_Loss_Per_Kg_Fuel,LAO_Total_Boiler_Stack_Loss_Per_Kg_Fuel,1,2026-02-23 08:43:57,0,NULL,NULL
4660,LAO_Radiation_Losses,inferred,NULL,real,LAO_Radiation_Losses,LAO_Radiation_Losses,1,2026-02-23 08:43:57,0,NULL,NULL
4661,LAO_Total_Heat_Loss_Per_Kg_Of_Fuel,inferred,NULL,real,LAO_Total_Heat_Loss_Per_Kg_Of_Fuel,LAO_Total_Heat_Loss_Per_Kg_Of_Fuel,1,2026-02-23 08:43:57,0,NULL,NULL
4662,LAO_Total_Heat_Absorbed_Per_Kg_Of_Fuel,inferred,NULL,real,LAO_Total_Heat_Absorbed_Per_Kg_Of_Fuel,LAO_Total_Heat_Absorbed_Per_Kg_Of_Fuel,1,2026-02-23 08:43:57,0,NULL,NULL
4663,LAO_Indirect_Efficiency,inferred,NULL,real,LAO_Indirect_Efficiency,LAO_Indirect_Efficiency,1,2026-02-23 08:43:57,0,NULL,NULL
4664,Dumping_condensate_temp,pi,UN.UO.71TC1009.PV,real,Dumping_condensate_temp,Dumping_condensate_temp,1,2026-02-24 08:26:21,0,NULL,NULL
4665,Dump_Condensate_Enthalpy,inferred,NULL,real,Dump_Condensate_Enthalpy,Dump_Condensate_Enthalpy,1,2026-02-24 08:26:21,0,NULL,NULL
4666,Dump_Air_CP,inferred,NULL,real,Dump_Air_CP,Dump_Air_CP,1,2026-02-24 08:26:21,0,NULL,NULL
4667,Dump_Air_Delta,inferred,NULL,real,Dump_Air_Delta,Dump_Air_Delta,1,2026-02-24 08:26:22,0,NULL,NULL
4668,Dump_cooler_efficiency,inferred,NULL,real,Dump_cooler_efficiency,Dump_cooler_efficiency,1,2026-02-24 08:26:22,0,NULL,NULL
4669,Heat_Energy_dumping,inferred,NULL,real,Heat_Energy_dumping,Heat_Energy_dumping,1,2026-02-24 08:26:22,0,NULL,NULL
4670,Dump_Required_Air_Flow,inferred,NULL,real,Dump_Required_Air_Flow,Dump_Required_Air_Flow,1,2026-02-24 08:26:22,0,NULL,NULL
4671,Dump_Cooler_Power,inferred,NULL,real,Dump_Cooler_Power,Dump_Cooler_Power,1,2026-02-24 08:26:22,0,NULL,NULL
4672,Benefit_Switching_off_all_fans_dump_cooler,inferred,NULL,real,Benefit_Switching_off_all_fans_dump_cooler,Benefit_Switching_off_all_fans_dump_cooler,1,2026-02-24 08:26:22,0,NULL,NULL
4673,Benefit_Switching_off_one_fan_dump_cooler,inferred,NULL,real,Benefit_Switching_off_one_fan_dump_cooler,Benefit_Switching_off_one_fan_dump_cooler,1,2026-02-24 08:26:22,0,NULL,NULL
4674,Boiler_peeo_mesg_taking,inferred,NULL,real,Boiler_peeo_mesg_taking,Boiler_peeo_mesg_taking,1,2026-03-12 08:23:40,0,NULL,NULL
4675,CW_KPI_doller_act,inferred,NULL,real,CW_KPI_doller_act,CW_KPI_doller_act,1,2026-03-12 08:23:40,0,NULL,NULL
4676,Dump_Cooler_Fans_Running,inferred,NULL,real,Dump_Cooler_Fans_Running,Dump_Cooler_Fans_Running,1,2026-03-12 15:58:08,0,NULL,NULL
4677,Dump_Cooler_Fans_benefit,inferred,NULL,real,Dump_Cooler_Fans_benefit,Dump_Cooler_Fans_benefit,1,2026-03-12 15:58:08,0,NULL,NULL
4678,BLR_Fuel_saving_potential_switch,inferred,NULL,real,BLR_Fuel_saving_potential_switch,BLR_Fuel_saving_potential_switch,1,2026-03-13 13:59:09,0,NULL,NULL
4679,BLR_Fuel_saving_potential,inferred,NULL,real,BLR_Fuel_saving_potential,BLR_Fuel_saving_potential,1,2026-03-13 13:59:09,0,NULL,NULL
4680,Fuel_BLR_1_excess_o2_correction,inferred,NULL,real,Fuel_BLR_1_excess_o2_correction,Fuel_BLR_1_excess_o2_correction,1,2026-03-13 13:59:09,0,NULL,NULL
4681,Fuel_BLR_2_excess_o2_correction,inferred,NULL,real,Fuel_BLR_2_excess_o2_correction,Fuel_BLR_2_excess_o2_correction,1,2026-03-13 13:59:09,0,NULL,NULL
4682,Fuel_BLR_3_excess_o2_correction,inferred,NULL,real,Fuel_BLR_3_excess_o2_correction,Fuel_BLR_3_excess_o2_correction,1,2026-03-13 13:59:09,0,NULL,NULL
4683,Fuel_BLR_4_excess_o2_correction,inferred,NULL,real,Fuel_BLR_4_excess_o2_correction,Fuel_BLR_4_excess_o2_correction,1,2026-03-13 13:59:09,0,NULL,NULL
4684,Fuel_BLR_5_excess_o2_correction,inferred,NULL,real,Fuel_BLR_5_excess_o2_correction,Fuel_BLR_5_excess_o2_correction,1,2026-03-13 13:59:09,0,NULL,NULL
4685,LAO_Excess_Air_Adjusted,inferred,NULL,real,LAO_Excess_Air_Adjusted,LAO_Excess_Air_Adjusted,1,2026-03-13 13:59:09,0,NULL,NULL
4686,LAO_Air_Fuel_Mass_Ratio_Adjusted,inferred,NULL,real,LAO_Air_Fuel_Mass_Ratio_Adjusted,LAO_Air_Fuel_Mass_Ratio_Adjusted,1,2026-03-13 13:59:09,0,NULL,NULL
4687,LAO_Total_Moisture_With_Air_Adjusted,inferred,NULL,real,LAO_Total_Moisture_With_Air_Adjusted,LAO_Total_Moisture_With_Air_Adjusted,1,2026-03-13 13:59:09,0,NULL,NULL
4688,LAO_Total_H2O_Per_Kg_Of_Fuel_Adjusted,inferred,NULL,real,LAO_Total_H2O_Per_Kg_Of_Fuel_Adjusted,LAO_Total_H2O_Per_Kg_Of_Fuel_Adjusted,1,2026-03-13 13:59:09,0,NULL,NULL
4689,LAO_Dry_Flue_Gas_Per_Fuel_Mass_Ratio_Adjusted,inferred,NULL,real,LAO_Dry_Flue_Gas_Per_Fuel_Mass_Ratio_Adjusted,LAO_Dry_Flue_Gas_Per_Fuel_Mass_Ratio_Adjusted,1,2026-03-13 13:59:09,0,NULL,NULL
4690,LAO_Flue_Gas_Per_Fuel_Mass_Ratio_Adjusted,inferred,NULL,real,LAO_Flue_Gas_Per_Fuel_Mass_Ratio_Adjusted,LAO_Flue_Gas_Per_Fuel_Mass_Ratio_Adjusted,1,2026-03-13 13:59:09,0,NULL,NULL
4691,LAO_Flue_Gas_Mw_Adjusted,inferred,NULL,real,LAO_Flue_Gas_Mw_Adjusted,LAO_Flue_Gas_Mw_Adjusted,1,2026-03-13 13:59:09,0,NULL,NULL
4692,LAO_Cp_Of_Air_At_Stack_Temp_Adjusted,inferred,NULL,real,LAO_Cp_Of_Air_At_Stack_Temp_Adjusted,LAO_Cp_Of_Air_At_Stack_Temp_Adjusted,1,2026-03-13 13:59:09,0,NULL,NULL
4693,LAO_Cp_Flue_Gas_Co2_At_Stack_Temp_Adjusted,inferred,NULL,real,LAO_Cp_Flue_Gas_Co2_At_Stack_Temp_Adjusted,LAO_Cp_Flue_Gas_Co2_At_Stack_Temp_Adjusted,1,2026-03-13 13:59:09,0,NULL,NULL
4694,LAO_Cp_Flue_Gas_N2_At_Stack_Temp_Adjusted,inferred,NULL,real,LAO_Cp_Flue_Gas_N2_At_Stack_Temp_Adjusted,LAO_Cp_Flue_Gas_N2_At_Stack_Temp_Adjusted,1,2026-03-13 13:59:09,0,NULL,NULL
4695,LAO_Avg_Cp_Of_Flue_Gas_At_Stack_Temp_Adjusted,inferred,NULL,real,LAO_Avg_Cp_Of_Flue_Gas_At_Stack_Temp_Adjusted,LAO_Avg_Cp_Of_Flue_Gas_At_Stack_Temp_Adjusted,1,2026-03-13 13:59:09,0,NULL,NULL
4696,LAO_Cp_Of_H2O_At_Stack_Temp_Adjusted,inferred,NULL,real,LAO_Cp_Of_H2O_At_Stack_Temp_Adjusted,LAO_Cp_Of_H2O_At_Stack_Temp_Adjusted,1,2026-03-13 13:59:09,0,NULL,NULL
4697,LAO_Sensbile_Heat_Correction_For_Air_Adjusted,inferred,NULL,real,LAO_Sensbile_Heat_Correction_For_Air_Adjusted,LAO_Sensbile_Heat_Correction_For_Air_Adjusted,1,2026-03-13 13:59:09,0,NULL,NULL
4698,LAO_Total_Heat_Input_Per_Kg_Of_Fuel_Adjusted,inferred,NULL,real,LAO_Total_Heat_Input_Per_Kg_Of_Fuel_Adjusted,LAO_Total_Heat_Input_Per_Kg_Of_Fuel_Adjusted,1,2026-03-13 13:59:09,0,NULL,NULL
4699,LAO_Heat_Loss_Due_To_Dry_Flue_Gas_L1_Adjusted,inferred,NULL,real,LAO_Heat_Loss_Due_To_Dry_Flue_Gas_L1_Adjusted,LAO_Heat_Loss_Due_To_Dry_Flue_Gas_L1_Adjusted,1,2026-03-13 13:59:09,0,NULL,NULL
4700,LAO_Heat_Loss_Due_To_Evaporation_Of_Water_Formed_Due_To_H2_In_Fuel_L2_Adjusted,inferred,NULL,real,LAO_Heat_Loss_Due_To_Evaporation_Of_Water_Formed_Due_To_H2_In_Fuel_L2_Adjusted,LAO_Heat_Loss_Due_To_Evaporation_Of_Water_Formed_Due_To_H2_In_Fuel_L2_Adjusted,1,2026-03-13 13:59:09,0,NULL,NULL
4701,LAO_Heat_Loss_Due_To_H2O_In_Stack_L3_Adjusted,inferred,NULL,real,LAO_Heat_Loss_Due_To_H2O_In_Stack_L3_Adjusted,LAO_Heat_Loss_Due_To_H2O_In_Stack_L3_Adjusted,1,2026-03-13 13:59:09,0,NULL,NULL
4702,LAO_Total_Boiler_Stack_Loss_Per_Kg_Fuel_Adjusted,inferred,NULL,real,LAO_Total_Boiler_Stack_Loss_Per_Kg_Fuel_Adjusted,LAO_Total_Boiler_Stack_Loss_Per_Kg_Fuel_Adjusted,1,2026-03-13 13:59:10,0,NULL,NULL
4703,LAO_Radiation_Losses_Adjusted,inferred,NULL,real,LAO_Radiation_Losses_Adjusted,LAO_Radiation_Losses_Adjusted,1,2026-03-13 13:59:10,0,NULL,NULL
4704,LAO_Total_Heat_Loss_Per_Kg_Of_Fuel_Adjusted,inferred,NULL,real,LAO_Total_Heat_Loss_Per_Kg_Of_Fuel_Adjusted,LAO_Total_Heat_Loss_Per_Kg_Of_Fuel_Adjusted,1,2026-03-13 13:59:10,0,NULL,NULL
4705,LAO_Total_Heat_Absorbed_Per_Kg_Of_Fuel_Adjusted,inferred,NULL,real,LAO_Total_Heat_Absorbed_Per_Kg_Of_Fuel_Adjusted,LAO_Total_Heat_Absorbed_Per_Kg_Of_Fuel_Adjusted,1,2026-03-13 13:59:10,0,NULL,NULL
4706,LAO_Indirect_Efficiency_Adjusted,inferred,NULL,real,LAO_Indirect_Efficiency_Adjusted,LAO_Indirect_Efficiency_Adjusted,1,2026-03-13 13:59:10,0,NULL,NULL
4707,E2523_inlet_EG1,pi,UN.EG1.25TI5215.PV,real,E2523 inlet EG1 Temp,E2523 inlet EG1 Temp,1,2026-04-01 09:30:03,0,NULL,NULL
4708,E4523_inlet_EG2,pi,UN.EG2.45TI5215.PV,real,E4523 inlet EG2 Temp,E4523 inlet EG2 Temp,1,2026-04-01 09:30:03,0,NULL,NULL
4709,E_2531_column_bottom,pi,UN.EG1.25TI5512.PV,real,E 2531 column bottom Temp,E 2531 column bottom Temp,1,2026-04-01 09:30:04,0,NULL,NULL
4710,E_2610_column_bottom,pi,UN.EG1.26TI6252.PV,real,E 2610 column bottom Temp,E 2610 column bottom Temp,1,2026-04-01 09:30:04,0,NULL,NULL
4711,E_2620_column_bottom,pi,UN.EG1.26TI6361.PV,real,E 2620 column bottom Temp,E 2620 column bottom Temp,1,2026-04-01 09:30:04,0,NULL,NULL
4712,E_4531_column_bottom,pi,UN.EG2.45TI5512.PV,real,E 4531 column bottom Temp,E 4531 column bottom Temp,1,2026-04-01 09:30:04,0,NULL,NULL
4713,E_4610_column_bottom,pi,UN.EG2.46TI6252.PV,real,E 4610 column bottom Temp,E 4610 column bottom Temp,1,2026-04-01 09:30:04,0,NULL,NULL
4714,E_4620_column_bottom,pi,UN.EG2.46TI6361.PV,real,E 4620 column bottom Temp,E 4620 column bottom Temp,1,2026-04-01 09:30:04,0,NULL,NULL
4715,E_6531_column_bottom,pi,UN.EG3.65TI5512.PV,real,E 6531 column bottom Temp,E 6531 column bottom Temp,1,2026-04-01 09:30:04,0,NULL,NULL
4716,E_6620_column_bottom,pi,UN.EG3.66TI6361.PV,real,E 6620 column bottom Temp,E 6620 column bottom Temp,1,2026-04-01 09:30:04,0,NULL,NULL
4717,E_2310_column_bottom,pi,UN.EG1.23TI3236.PV,real,E 2310 column bottom Temp,E 2310 column bottom Temp,1,2026-04-01 09:30:04,0,NULL,NULL
4718,E_4310_column_bottom,pi,UN.EG2.43TI3236.PV,real,E 4310 column bottom Temp,E 4310 column bottom Temp,1,2026-04-01 09:30:04,0,NULL,NULL
4719,Energy_E_2310,inferred,NULL,real,Energy of  E 2310 exchanger,Energy of  E 2310 exchanger,1,2026-04-01 09:30:04,0,NULL,NULL
4720,Energy_E_4310,inferred,NULL,real,Energy of  E 4310 exchanger,Energy of  E 4310 exchanger,1,2026-04-01 09:30:04,0,NULL,NULL
4721,Energy_E_2220,inferred,NULL,real,Energy of  E 2220 exchanger,Energy of  E 2220 exchanger,1,2026-04-01 09:30:04,0,NULL,NULL
4722,Energy_E_4220,inferred,NULL,real,Energy of  E 4220 exchanger,Energy of  E 4220 exchanger,1,2026-04-01 09:30:04,0,NULL,NULL
4723,E2523_PRO_DELTA_EG1,inferred,NULL,real,E2523 PRO DELTA EG1,E2523 PRO DELTA EG1,1,2026-04-01 09:30:04,0,NULL,NULL
4724,E4523_PRO_DELTA_EG2,inferred,NULL,real,E4523 PRO DELTA EG2,E4523 PRO DELTA EG2,1,2026-04-01 09:30:04,0,NULL,NULL
4725,E2523_Steam_DELTA_EG1,inferred,NULL,real,E2523 Steam DELTA EG1,E2523 Steam DELTA EG1,1,2026-04-01 09:30:04,0,NULL,NULL
4726,E4523_Steam_DELTA_EG2,inferred,NULL,real,E4523 Steam DELTA EG2,E4523 Steam DELTA EG2,1,2026-04-01 09:30:04,0,NULL,NULL
4727,E2523_inlet_LMTD,inferred,NULL,real,E2523 inlet LMTD,E2523 inlet LMTD,1,2026-04-01 09:30:04,0,NULL,NULL
4728,E4523_inlet_LMTD,inferred,NULL,real,E4523 inlet LMTD,E4523 inlet LMTD,1,2026-04-01 09:30:04,0,NULL,NULL
4729,UA_E_2523,inferred,NULL,real,UA Of Exchanger 2523,UA Of Exchanger 2523,1,2026-04-01 09:30:04,0,NULL,NULL
4730,UA_E_2531,inferred,NULL,real,UA Of Exchanger 2531,UA Of Exchanger 2531,1,2026-04-01 09:30:04,0,NULL,NULL
4731,UA_E_2610,inferred,NULL,real,UA Of Exchanger 2610,UA Of Exchanger 2610,1,2026-04-01 09:30:05,0,NULL,NULL
4732,UA_E_2620,inferred,NULL,real,UA Of Exchanger 2620,UA Of Exchanger 2620,1,2026-04-01 09:30:05,0,NULL,NULL
4733,UA_E_4523,inferred,NULL,real,UA Of Exchanger 4523,UA Of Exchanger 4523,1,2026-04-01 09:30:05,0,NULL,NULL
4734,UA_E_4531,inferred,NULL,real,UA Of Exchanger 4531,UA Of Exchanger 4531,1,2026-04-01 09:30:05,0,NULL,NULL
4735,UA_E_4610,inferred,NULL,real,UA Of Exchanger 4610,UA Of Exchanger 4610,1,2026-04-01 09:30:05,0,NULL,NULL
4736,UA_E_4620,inferred,NULL,real,UA Of Exchanger 4620,UA Of Exchanger 4620,1,2026-04-01 09:30:05,0,NULL,NULL
4737,UA_E_6531,inferred,NULL,real,UA Of Exchanger 6531,UA Of Exchanger 6531,1,2026-04-01 09:30:05,0,NULL,NULL
4738,UA_E_6620,inferred,NULL,real,UA Of Exchanger 6620,UA Of Exchanger 6620,1,2026-04-01 09:30:05,0,NULL,NULL
4739,UA_E_2310,inferred,NULL,real,UA Of Exchanger 2310,UA Of Exchanger 2310,1,2026-04-01 09:30:05,0,NULL,NULL
4740,UA_E_4310,inferred,NULL,real,UA Of Exchanger 4310,UA Of Exchanger 4310,1,2026-04-01 09:30:05,0,NULL,NULL
4741,UA_E_2220,inferred,NULL,real,UA Of Exchanger 2220,UA Of Exchanger 2220,1,2026-04-01 09:30:05,0,NULL,NULL
4742,UA_E_4220,inferred,NULL,real,UA Of Exchanger 4220,UA Of Exchanger 4220,1,2026-04-01 09:30:05,0,NULL,NULL
4743,UA_E_6220,inferred,NULL,real,UA Of Exchanger 6220,UA Of Exchanger 6220,1,2026-04-01 09:30:05,0,NULL,NULL
4744,UA_E_2523_factor,inferred,NULL,real,UA of Exchanger 2523,UA of Exchanger 2523,1,2026-04-01 09:30:05,0,NULL,NULL
4745,UA_E_2531_factor,inferred,NULL,real,UA of Exchanger 2531,UA of Exchanger 2531,1,2026-04-01 09:30:05,0,NULL,NULL
4746,UA_E_2610_factor,inferred,NULL,real,UA of Exchanger 2610,UA of Exchanger 2610,1,2026-04-01 09:30:05,0,NULL,NULL
4747,UA_E_2620_factor,inferred,NULL,real,UA of Exchanger 2620,UA of Exchanger 2620,1,2026-04-01 09:30:06,0,NULL,NULL
4748,UA_E_4523_factor,inferred,NULL,real,UA of Exchanger 4523,UA of Exchanger 4523,1,2026-04-01 09:30:06,0,NULL,NULL
4749,UA_E_4531_factor,inferred,NULL,real,UA of Exchanger 4531,UA of Exchanger 4531,1,2026-04-01 09:30:06,0,NULL,NULL
4750,UA_E_4610_factor,inferred,NULL,real,UA of Exchanger 4610,UA of Exchanger 4610,1,2026-04-01 09:30:06,0,NULL,NULL
4751,UA_E_4620_factor,inferred,NULL,real,UA of Exchanger 4620,UA of Exchanger 4620,1,2026-04-01 09:30:06,0,NULL,NULL
4752,UA_E_6531_factor,inferred,NULL,real,UA of Exchanger 6531,UA of Exchanger 6531,1,2026-04-01 09:30:06,0,NULL,NULL
4753,UA_E_6620_factor,inferred,NULL,real,UA of Exchanger 6620,UA of Exchanger 6620,1,2026-04-01 09:30:06,0,NULL,NULL
4754,UA_E_2310_factor,inferred,NULL,real,UA of Exchanger 2310,UA of Exchanger 2310,1,2026-04-01 09:30:06,0,NULL,NULL
4755,UA_E_4310_factor,inferred,NULL,real,UA of Exchanger 4310,UA of Exchanger 4310,1,2026-04-01 09:30:06,0,NULL,NULL
4756,UA_E_2220_factor,inferred,NULL,real,UA of Exchanger 2220,UA of Exchanger 2220,1,2026-04-01 09:30:06,0,NULL,NULL
4757,UA_E_4220_factor,inferred,NULL,real,UA of Exchanger 4220,UA of Exchanger 4220,1,2026-04-01 09:30:06,0,NULL,NULL
4758,UA_E_6220_factor,inferred,NULL,real,UA of Exchanger 6220,UA of Exchanger 6220,1,2026-04-01 09:30:06,0,NULL,NULL
4759,UA_E_2523_norm,inferred,NULL,real,normalised UA of 2523,normalised UA of 2523,1,2026-04-01 09:30:06,0,NULL,NULL
4760,UA_E_2531_norm,inferred,NULL,real,normalised UA of 2531,normalised UA of 2531,1,2026-04-01 09:30:07,0,NULL,NULL
4761,UA_E_2610_norm,inferred,NULL,real,normalised UA of 2610,normalised UA of 2610,1,2026-04-01 09:30:07,0,NULL,NULL
4762,UA_E_2620_norm,inferred,NULL,real,normalised UA of 2620,normalised UA of 2620,1,2026-04-01 09:30:07,0,NULL,NULL
4763,UA_E_4523_norm,inferred,NULL,real,normalised UA of 4523,normalised UA of 4523,1,2026-04-01 09:30:07,0,NULL,NULL
4764,UA_E_4531_norm,inferred,NULL,real,normalised UA of 4531,normalised UA of 4531,1,2026-04-01 09:30:07,0,NULL,NULL
4765,UA_E_4610_norm,inferred,NULL,real,normalised UA of 4610,normalised UA of 4610,1,2026-04-01 09:30:07,0,NULL,NULL
4766,UA_E_4620_norm,inferred,NULL,real,normalised UA of 4620,normalised UA of 4620,1,2026-04-01 09:30:07,0,NULL,NULL
4767,UA_E_6531_norm,inferred,NULL,real,normalised UA of 6531,normalised UA of 6531,1,2026-04-01 09:30:07,0,NULL,NULL
4768,UA_E_6620_norm,inferred,NULL,real,normalised UA of 6620,normalised UA of 6620,1,2026-04-01 09:30:07,0,NULL,NULL
4769,UA_E_2310_norm,inferred,NULL,real,normalised UA of 2310,normalised UA of 2310,1,2026-04-01 09:30:07,0,NULL,NULL
4770,UA_E_4310_norm,inferred,NULL,real,normalised UA of 4310,normalised UA of 4310,1,2026-04-01 09:30:07,0,NULL,NULL
4771,UA_E_2220_norm,inferred,NULL,real,normalised UA of 2220,normalised UA of 2220,1,2026-04-01 09:30:07,0,NULL,NULL
4772,UA_E_4220_norm,inferred,NULL,real,normalised UA of 4220,normalised UA of 4220,1,2026-04-01 09:30:07,0,NULL,NULL
4773,UA_E_6220_norm,inferred,NULL,real,normalised UA of 6220,normalised UA of 6220,1,2026-04-01 09:30:07,0,NULL,NULL
