what_if_energy_optimization_input_id,scenario_id,model_tag_id,tag_value,bias,must_run,availability,category,data_timestamp
218,14,353,22.503,0,NULL,NULL,Demand,2025-09-08 01:00:00.000
219,14,22,148.254,0,NULL,NULL,Demand,2025-09-08 01:00:00.000
220,14,23,157.038,0,NULL,NULL,Demand,2025-09-08 01:00:00.000
221,14,177,179.730,0,NULL,NULL,Demand,2025-09-08 01:00:00.000
222,14,199,6,0,NULL,NULL,Demand,2025-09-08 01:00:00.000
223,14,152,1632.583,0,NULL,NULL,Demand,2025-09-08 01:00:00.000
224,14,154,3286.543,0,NULL,NULL,Demand,2025-09-08 01:00:00.000
225,14,155,19262.452,0,NULL,NULL,Demand,2025-09-08 01:00:00.000
226,14,156,19262.452,0,NULL,NULL,Demand,2025-09-08 01:00:00.000
227,14,153,34291.352,0,NULL,NULL,Demand,2025-09-08 01:00:00.000
228,14,2920,1800,0,NULL,NULL,Demand,2025-09-08 01:00:00.000
229,14,2917,22647.917,0,NULL,NULL,Demand,2025-09-08 01:00:00.000
230,14,374,17.250,0,NULL,NULL,Demand,2025-09-08 01:00:00.000
231,14,411,3.328,0,NULL,NULL,Demand,2025-09-08 01:00:00.000
232,14,335,28.107,0,NULL,NULL,Demand,2025-09-08 01:00:00.000
233,14,12,0,0,NULL,NULL,Demand,2025-09-08 01:00:00.000
234,14,13,0,0,NULL,NULL,Demand,2025-09-08 01:00:00.000
235,14,14,0,0,NULL,NULL,Demand,2025-09-08 01:00:00.000
236,14,2490,0.000,0,NULL,NULL,Demand,2025-09-08 01:00:00.000
237,14,19,45.391,0,NULL,NULL,Demand,2025-09-08 01:00:00.000
238,14,20,58.704,0,NULL,NULL,Demand,2025-09-08 01:00:00.000
239,14,21,31.765,0,NULL,NULL,Demand,2025-09-08 01:00:00.000
240,14,2638,1,0,NULL,NULL,Demand,2025-09-08 01:00:00.000
241,14,18,57.919,0,NULL,NULL,Demand,2025-09-08 01:00:00.000
242,14,15,55.113,0,NULL,NULL,Demand,2025-09-08 01:00:00.000
243,14,16,61.770,0,NULL,NULL,Demand,2025-09-08 01:00:00.000
244,14,17,25.216,0,NULL,NULL,Demand,2025-09-08 01:00:00.000
245,14,226,533.651,0,NULL,NULL,Demand,2025-09-08 01:00:00.000
246,14,3348,1,0,NULL,NULL,Other,2025-09-08 01:00:00.000
247,14,5208,57.800,0,NULL,NULL,Other,2025-09-08 01:00:00.000
248,14,5209,55.240,0,NULL,NULL,Other,2025-09-08 01:00:00.000
249,14,5210,68.707,0,NULL,NULL,Other,2025-09-08 01:00:00.000
250,14,5211,37.244,0,NULL,NULL,Other,2025-09-08 01:00:00.000
251,14,5212,25.223,0,NULL,NULL,Other,2025-09-08 01:00:00.000
252,14,5213,31.620,0,NULL,NULL,Other,2025-09-08 01:00:00.000
253,14,5214,57.919,0,NULL,NULL,Other,2025-09-08 01:00:00.000
254,14,5215,0,0,NULL,NULL,Other,2025-09-08 01:00:00.000
255,14,427,150,0,NULL,NULL,Other,2025-09-08 01:00:00.000
256,14,428,150,0,NULL,NULL,Other,2025-09-08 01:00:00.000
257,14,429,150,0,NULL,NULL,Other,2025-09-08 01:00:00.000
258,14,430,150,0,NULL,NULL,Other,2025-09-08 01:00:00.000
259,14,431,150,0,NULL,NULL,Other,2025-09-08 01:00:00.000
260,14,432,0,0,NULL,NULL,Other,2025-09-08 01:00:00.000
261,14,433,0,0,NULL,NULL,Other,2025-09-08 01:00:00.000
262,14,434,0,0,NULL,NULL,Other,2025-09-08 01:00:00.000
263,14,435,0,0,NULL,NULL,Other,2025-09-08 01:00:00.000
264,14,1042,0.843,0,NULL,NULL,Other,2025-09-08 01:00:00.000
265,14,1043,0.874,0,NULL,NULL,Other,2025-09-08 01:00:00.000
266,14,1044,0.898,0,NULL,NULL,Other,2025-09-08 01:00:00.000
267,14,1054,0,0,NULL,NULL,Other,2025-09-08 01:00:00.000
268,14,389,1,0,NULL,NULL,Other,2025-09-08 01:00:00.000
269,14,390,1,0,NULL,NULL,Other,2025-09-08 01:00:00.000
270,14,391,1,0,NULL,NULL,Other,2025-09-08 01:00:00.000
271,14,392,1,0,NULL,NULL,Other,2025-09-08 01:00:00.000
272,14,393,1,0,NULL,NULL,Other,2025-09-08 01:00:00.000
273,14,394,1,0,NULL,NULL,Other,2025-09-08 01:00:00.000
274,14,5183,159.704,0,NULL,NULL,Other,2025-09-08 01:00:00.000
275,14,5184,271.499,0,NULL,NULL,Other,2025-09-08 01:00:00.000
276,14,5185,1488.725,0,NULL,NULL,Other,2025-09-08 01:00:00.000
277,14,5186,52.215,0,NULL,NULL,Other,2025-09-08 01:00:00.000
278,14,5187,240.977,0,NULL,NULL,Other,2025-09-08 01:00:00.000
279,14,5188,387.186,0,NULL,NULL,Other,2025-09-08 01:00:00.000
280,14,5189,8.586,0,NULL,NULL,Other,2025-09-08 01:00:00.000
281,14,5190,-28.619,0,NULL,NULL,Other,2025-09-08 01:00:00.000
282,14,5191,18.712,0,NULL,NULL,Other,2025-09-08 01:00:00.000
283,14,5192,128.047,0,NULL,NULL,Other,2025-09-08 01:00:00.000
284,14,5193,24.279,0,NULL,NULL,Other,2025-09-08 01:00:00.000
285,14,1048,311.622,0,NULL,NULL,Other,2025-09-08 01:00:00.000
286,14,1049,83.194,0,NULL,NULL,Other,2025-09-08 01:00:00.000
287,14,1050,178.559,0,NULL,NULL,Other,2025-09-08 01:00:00.000
288,14,1051,147.875,0,NULL,NULL,Other,2025-09-08 01:00:00.000
289,14,1052,97.297,0,NULL,NULL,Other,2025-09-08 01:00:00.000
290,14,2748,55.113,0,NULL,NULL,Other,2025-09-08 01:00:00.000
291,14,2749,61.770,0,NULL,NULL,Other,2025-09-08 01:00:00.000
292,14,2750,25.216,0,NULL,NULL,Other,2025-09-08 01:00:00.000
293,14,1053,126.990,0,NULL,NULL,Other,2025-09-08 01:00:00.000
294,14,229,416.879,0,NULL,NULL,Other,2025-09-08 01:00:00.000
295,14,4788,5,0,NULL,NULL,Other,2025-09-08 01:00:00.000
296,14,395,1,0,NULL,NULL,Other,2025-09-08 01:00:00.000
297,14,425,416.879,0,NULL,NULL,Other,2025-09-08 01:00:00.000
298,14,77,488.322,0,NULL,NULL,Other,2025-09-08 01:00:00.000
299,14,1047,518.950,0,NULL,NULL,Other,2025-09-08 01:00:00.000
300,14,403,110,0,NULL,NULL,Other,2025-09-08 01:00:00.000
301,14,69,359.632,0,NULL,NULL,Other,2025-09-08 01:00:00.000
302,14,70,218.966,0,NULL,NULL,Other,2025-09-08 01:00:00.000
303,14,71,215.650,0,NULL,NULL,Other,2025-09-08 01:00:00.000
304,14,72,163.487,0,NULL,NULL,Other,2025-09-08 01:00:00.000
305,14,73,171.834,0,NULL,NULL,Other,2025-09-08 01:00:00.000
306,14,74,17.123,0,NULL,NULL,Other,2025-09-08 01:00:00.000
307,14,75,16.654,0,NULL,NULL,Other,2025-09-08 01:00:00.000
308,14,76,13.724,0,NULL,NULL,Other,2025-09-08 01:00:00.000
309,14,1151,5.980,0,NULL,NULL,Other,2025-09-08 01:00:00.000
310,14,334,15000,0,NULL,NULL,Other,2025-09-08 01:00:00.000
311,14,58,1,0,NULL,NULL,Other,2025-09-08 01:00:00.000
312,14,59,1,0,NULL,NULL,Other,2025-09-08 01:00:00.000
313,14,60,1,0,NULL,NULL,Other,2025-09-08 01:00:00.000
314,14,61,1,0,NULL,NULL,Other,2025-09-08 01:00:00.000
315,14,62,1,0,NULL,NULL,Other,2025-09-08 01:00:00.000
316,14,166,29.763,0,NULL,NULL,Other,2025-09-08 01:00:00.000
317,14,167,6.765,0,NULL,NULL,Other,2025-09-08 01:00:00.000
318,14,168,11.374,0,NULL,NULL,Other,2025-09-08 01:00:00.000
319,14,78,40,0,NULL,NULL,Other,2025-09-08 01:00:00.000
320,14,169,0.001,0,NULL,NULL,Other,2025-09-08 01:00:00.000
321,14,352,1488.338,0,NULL,NULL,Other,2025-09-08 01:00:00.000
322,14,225,1171.835,0,NULL,NULL,Other,2025-09-08 01:00:00.000
323,14,354,79535.382,0,NULL,NULL,Other,2025-09-08 01:00:00.000
324,14,3333,0,0,NULL,NULL,Other,2025-09-08 01:00:00.000
325,14,3334,0,0,NULL,NULL,Other,2025-09-08 01:00:00.000
326,14,2929,0,0,NULL,NULL,Other,2025-09-08 01:00:00.000
327,14,2936,0,0,NULL,NULL,Other,2025-09-08 01:00:00.000
328,14,2941,0,0,NULL,NULL,Other,2025-09-08 01:00:00.000
329,14,2948,0,0,NULL,NULL,Other,2025-09-08 01:00:00.000
330,14,2953,0,0,NULL,NULL,Other,2025-09-08 01:00:00.000
331,14,2960,0,0,NULL,NULL,Other,2025-09-08 01:00:00.000
332,14,2964,0,0,NULL,NULL,Other,2025-09-08 01:00:00.000
333,14,3332,1,0,NULL,NULL,Other,2025-09-08 01:00:00.000
334,14,4061,1,0,NULL,NULL,Other,2025-09-08 01:00:00.000
335,14,4062,1,0,NULL,NULL,Other,2025-09-08 01:00:00.000
336,14,4063,0,0,NULL,NULL,Other,2025-09-08 01:00:00.000
337,14,4064,0,0,NULL,NULL,Other,2025-09-08 01:00:00.000
338,14,4065,0,0,NULL,NULL,Other,2025-09-08 01:00:00.000
339,14,4066,0,0,NULL,NULL,Other,2025-09-08 01:00:00.000
340,14,4067,0,0,NULL,NULL,Other,2025-09-08 01:00:00.000
341,14,4068,0,0,NULL,NULL,Other,2025-09-08 01:00:00.000
342,14,4069,1,0,NULL,NULL,Other,2025-09-08 01:00:00.000
343,14,4070,0,0,NULL,NULL,Other,2025-09-08 01:00:00.000
344,14,4071,0,0,NULL,NULL,Other,2025-09-08 01:00:00.000
345,14,4785,2.914,0,NULL,NULL,Other,2025-09-08 01:00:00.000
346,14,4786,3,0,NULL,NULL,Other,2025-09-08 01:00:00.000
347,14,5181,2.914,0,NULL,NULL,Other,2025-09-08 01:00:00.000
348,14,5182,5,0,NULL,NULL,Other,2025-09-08 01:00:00.000
349,14,4787,0,0,NULL,NULL,Other,2025-09-08 01:00:00.000
350,14,4926,0,0,NULL,NULL,Other,2025-09-08 01:00:00.000
351,14,4892,0,0,NULL,NULL,Other,2025-09-08 01:00:00.000
352,14,278,6,0,NULL,NULL,Other,2025-09-08 01:00:00.000
353,14,357,533.651,0,NULL,NULL,Other,2025-09-08 01:00:00.000
354,14,5073,110,0,NULL,NULL,Other,2025-09-08 01:00:00.000
355,14,5074,120,0,NULL,NULL,Other,2025-09-08 01:00:00.000
356,14,4807,0,0,NULL,NULL,Other,2025-09-08 01:00:00.000
357,14,276,4,0,NULL,NULL,Other,2025-09-08 01:00:00.000
358,14,200,0,0,NULL,NULL,Other,2025-09-08 01:00:00.000
359,14,1152,0,0,NULL,NULL,Other,2025-09-08 01:00:00.000
360,14,1153,0,0,NULL,NULL,Other,2025-09-08 01:00:00.000
361,14,3329,81.859,0,NULL,NULL,Other,2025-09-08 01:00:00.000
362,14,1116,11.500,0,NULL,NULL,Other,2025-09-08 01:00:00.000
363,14,1117,13,0,NULL,NULL,Other,2025-09-08 01:00:00.000
364,14,1118,24,0,NULL,NULL,Other,2025-09-08 01:00:00.000
365,14,1119,6,0,NULL,NULL,Other,2025-09-08 01:00:00.000
366,14,1120,7,0,NULL,NULL,Other,2025-09-08 01:00:00.000
367,14,405,0.904,0,NULL,NULL,Other,2025-09-08 01:00:00.000
368,14,407,1.062,0,NULL,NULL,Other,2025-09-08 01:00:00.000
369,14,409,1.560,0,NULL,NULL,Other,2025-09-08 01:00:00.000
370,14,4073,3.526,0,NULL,NULL,Other,2025-09-08 01:00:00.000
371,14,4076,0.004,0,NULL,NULL,Other,2025-09-08 01:00:00.000
372,14,406,0.011,0,NULL,NULL,Other,2025-09-08 01:00:00.000
373,14,408,0.837,0,NULL,NULL,Other,2025-09-08 01:00:00.000
374,14,410,1.778,0,NULL,NULL,Other,2025-09-08 01:00:00.000
375,14,412,0,0,NULL,NULL,Other,2025-09-08 01:00:00.000
376,14,4077,2.627,0,NULL,NULL,Other,2025-09-08 01:00:00.000
377,14,1114,45,0,NULL,NULL,Other,2025-09-08 01:00:00.000
378,14,1115,3.500,0,NULL,NULL,Other,2025-09-08 01:00:00.000
379,14,396,3.500,0,NULL,NULL,Other,2025-09-08 01:00:00.000
380,14,397,11.500,0,NULL,NULL,Other,2025-09-08 01:00:00.000
381,14,398,13,0,NULL,NULL,Other,2025-09-08 01:00:00.000
382,14,399,24,0,NULL,NULL,Other,2025-09-08 01:00:00.000
383,14,400,6,0,NULL,NULL,Other,2025-09-08 01:00:00.000
384,14,401,7,0,NULL,NULL,Other,2025-09-08 01:00:00.000
385,14,4079,65,0,NULL,NULL,Other,2025-09-08 01:00:00.000
386,14,4080,45,0,NULL,NULL,Other,2025-09-08 01:00:00.000
387,14,418,21.481,0,NULL,NULL,Other,2025-09-08 01:00:00.000
388,14,5196,102183.299,0,NULL,NULL,Other,2025-09-08 01:00:00.000
389,14,5197,13512.033,0,NULL,NULL,Other,2025-09-08 01:00:00.000
390,14,5216,10,0,NULL,NULL,Other,2025-09-08 01:00:00.000
391,14,235,NULL,NULL,NULL,true,Equipment,2025-09-08 01:00:00.000
392,14,234,NULL,NULL,NULL,true,Equipment,2025-09-08 01:00:00.000
393,14,237,NULL,NULL,NULL,true,Equipment,2025-09-08 01:00:00.000
394,14,238,NULL,NULL,NULL,true,Equipment,2025-09-08 01:00:00.000
395,14,245,NULL,NULL,NULL,true,Equipment,2025-09-08 01:00:00.000
396,14,244,NULL,NULL,NULL,true,Equipment,2025-09-08 01:00:00.000
397,14,247,NULL,NULL,NULL,true,Equipment,2025-09-08 01:00:00.000
398,14,248,NULL,NULL,NULL,true,Equipment,2025-09-08 01:00:00.000
399,14,252,NULL,NULL,NULL,true,Equipment,2025-09-08 01:00:00.000
400,14,251,NULL,NULL,NULL,true,Equipment,2025-09-08 01:00:00.000
401,14,62,NULL,NULL,NULL,true,Equipment,2025-09-08 01:00:00.000
402,14,230,NULL,NULL,NULL,true,Equipment,2025-09-08 01:00:00.000
403,14,231,NULL,NULL,NULL,true,Equipment,2025-09-08 01:00:00.000
404,14,232,NULL,NULL,NULL,true,Equipment,2025-09-08 01:00:00.000
405,14,233,NULL,NULL,NULL,true,Equipment,2025-09-08 01:00:00.000
406,14,236,NULL,NULL,NULL,true,Equipment,2025-09-08 01:00:00.000
407,14,239,NULL,NULL,NULL,true,Equipment,2025-09-08 01:00:00.000
408,14,240,NULL,NULL,NULL,true,Equipment,2025-09-08 01:00:00.000
409,14,241,NULL,NULL,NULL,true,Equipment,2025-09-08 01:00:00.000
410,14,242,NULL,NULL,NULL,true,Equipment,2025-09-08 01:00:00.000
411,14,243,NULL,NULL,NULL,true,Equipment,2025-09-08 01:00:00.000
412,14,246,NULL,NULL,NULL,true,Equipment,2025-09-08 01:00:00.000
413,14,249,NULL,NULL,NULL,true,Equipment,2025-09-08 01:00:00.000
414,14,250,NULL,NULL,NULL,true,Equipment,2025-09-08 01:00:00.000
415,14,58,NULL,NULL,NULL,true,Equipment,2025-09-08 01:00:00.000
416,14,59,NULL,NULL,NULL,true,Equipment,2025-09-08 01:00:00.000
417,14,60,NULL,NULL,NULL,true,Equipment,2025-09-08 01:00:00.000
418,14,61,NULL,NULL,NULL,true,Equipment,2025-09-08 01:00:00.000
419,14,253,NULL,NULL,NULL,false,Equipment,2025-09-08 01:00:00.000
420,14,254,NULL,NULL,NULL,false,Equipment,2025-09-08 01:00:00.000
421,14,218,13.330,NULL,NULL,NULL,Price_Inputs,2025-09-08 01:00:00.000
422,14,219,2.040,NULL,NULL,NULL,Price_Inputs,2025-09-08 01:00:00.000
423,14,220,1.960,NULL,NULL,NULL,Price_Inputs,2025-09-08 01:00:00.000
424,14,223,74.310,NULL,NULL,NULL,Plant_Parameter,2025-09-08 01:00:00.000
425,14,2647,89.780,NULL,NULL,NULL,Plant_Parameter,2025-09-08 01:00:00.000
426,14,221,52.900,NULL,NULL,NULL,Plant_Parameter,2025-09-08 01:00:00.000
427,14,2645,84.270,NULL,NULL,NULL,Plant_Parameter,2025-09-08 01:00:00.000
428,14,1190,490.170,NULL,NULL,NULL,Plant_Parameter,2025-09-08 01:00:00.000
429,14,222,65.010,NULL,NULL,NULL,Plant_Parameter,2025-09-08 01:00:00.000
430,14,2646,87.430,NULL,NULL,NULL,Plant_Parameter,2025-09-08 01:00:00.000
431,14,1212,17.540,NULL,NULL,NULL,Plant_Parameter,2025-09-08 01:00:00.000
432,14,1213,50.890,NULL,NULL,NULL,Plant_Parameter,2025-09-08 01:00:00.000
433,14,2415,1,NULL,NULL,NULL,Plant_Parameter,2025-09-08 01:00:00.000
434,14,426,200,NULL,NULL,NULL,Plant_Parameter,2025-09-08 01:00:00.000
435,24,353,22.503,0,NULL,NULL,Demand,2025-09-08 01:00:00.000
436,24,22,148.254,0,NULL,NULL,Demand,2025-09-08 01:00:00.000
437,24,23,157.038,0,NULL,NULL,Demand,2025-09-08 01:00:00.000
438,24,177,179.730,0,NULL,NULL,Demand,2025-09-08 01:00:00.000
439,24,199,6,0,NULL,NULL,Demand,2025-09-08 01:00:00.000
440,24,152,1632.583,0,NULL,NULL,Demand,2025-09-08 01:00:00.000
441,24,154,3286.543,0,NULL,NULL,Demand,2025-09-08 01:00:00.000
442,24,155,19262.452,0,NULL,NULL,Demand,2025-09-08 01:00:00.000
443,24,156,19262.452,0,NULL,NULL,Demand,2025-09-08 01:00:00.000
444,24,153,34291.352,0,NULL,NULL,Demand,2025-09-08 01:00:00.000
445,24,2920,1800,0,NULL,NULL,Demand,2025-09-08 01:00:00.000
446,24,2917,22647.917,0,NULL,NULL,Demand,2025-09-08 01:00:00.000
447,24,374,17.250,0,NULL,NULL,Demand,2025-09-08 01:00:00.000
448,24,411,3.328,0,NULL,NULL,Demand,2025-09-08 01:00:00.000
449,24,335,28.107,0,NULL,NULL,Demand,2025-09-08 01:00:00.000
450,24,12,0,0,NULL,NULL,Demand,2025-09-08 01:00:00.000
451,24,13,0,0,NULL,NULL,Demand,2025-09-08 01:00:00.000
452,24,14,0,0,NULL,NULL,Demand,2025-09-08 01:00:00.000
453,24,2490,0.000,0,NULL,NULL,Demand,2025-09-08 01:00:00.000
454,24,19,45.391,0,NULL,NULL,Demand,2025-09-08 01:00:00.000
455,24,20,58.704,0,NULL,NULL,Demand,2025-09-08 01:00:00.000
456,24,21,31.765,0,NULL,NULL,Demand,2025-09-08 01:00:00.000
457,24,2638,1,0,NULL,NULL,Demand,2025-09-08 01:00:00.000
458,24,18,57.919,0,NULL,NULL,Demand,2025-09-08 01:00:00.000
459,24,15,55.113,0,NULL,NULL,Demand,2025-09-08 01:00:00.000
460,24,16,61.770,0,NULL,NULL,Demand,2025-09-08 01:00:00.000
461,24,17,25.216,0,NULL,NULL,Demand,2025-09-08 01:00:00.000
462,24,226,533.651,0,NULL,NULL,Demand,2025-09-08 01:00:00.000
463,24,3348,1,0,NULL,NULL,Other,2025-09-08 01:00:00.000
464,24,5208,57.800,0,NULL,NULL,Other,2025-09-08 01:00:00.000
465,24,5209,55.240,0,NULL,NULL,Other,2025-09-08 01:00:00.000
466,24,5210,68.707,0,NULL,NULL,Other,2025-09-08 01:00:00.000
467,24,5211,37.244,0,NULL,NULL,Other,2025-09-08 01:00:00.000
468,24,5212,25.223,0,NULL,NULL,Other,2025-09-08 01:00:00.000
469,24,5213,31.620,0,NULL,NULL,Other,2025-09-08 01:00:00.000
470,24,5214,57.919,0,NULL,NULL,Other,2025-09-08 01:00:00.000
471,24,5215,0,0,NULL,NULL,Other,2025-09-08 01:00:00.000
472,24,427,150,0,NULL,NULL,Other,2025-09-08 01:00:00.000
473,24,428,150,0,NULL,NULL,Other,2025-09-08 01:00:00.000
474,24,429,150,0,NULL,NULL,Other,2025-09-08 01:00:00.000
475,24,430,150,0,NULL,NULL,Other,2025-09-08 01:00:00.000
476,24,431,150,0,NULL,NULL,Other,2025-09-08 01:00:00.000
477,24,432,0,0,NULL,NULL,Other,2025-09-08 01:00:00.000
478,24,433,0,0,NULL,NULL,Other,2025-09-08 01:00:00.000
479,24,434,0,0,NULL,NULL,Other,2025-09-08 01:00:00.000
480,24,435,0,0,NULL,NULL,Other,2025-09-08 01:00:00.000
481,24,1042,0.843,0,NULL,NULL,Other,2025-09-08 01:00:00.000
482,24,1043,0.874,0,NULL,NULL,Other,2025-09-08 01:00:00.000
483,24,1044,0.898,0,NULL,NULL,Other,2025-09-08 01:00:00.000
484,24,1054,0,0,NULL,NULL,Other,2025-09-08 01:00:00.000
485,24,389,1,0,NULL,NULL,Other,2025-09-08 01:00:00.000
486,24,390,1,0,NULL,NULL,Other,2025-09-08 01:00:00.000
487,24,391,1,0,NULL,NULL,Other,2025-09-08 01:00:00.000
488,24,392,1,0,NULL,NULL,Other,2025-09-08 01:00:00.000
489,24,393,1,0,NULL,NULL,Other,2025-09-08 01:00:00.000
490,24,394,1,0,NULL,NULL,Other,2025-09-08 01:00:00.000
491,24,5183,159.704,0,NULL,NULL,Other,2025-09-08 01:00:00.000
492,24,5184,271.499,0,NULL,NULL,Other,2025-09-08 01:00:00.000
493,24,5185,1488.725,0,NULL,NULL,Other,2025-09-08 01:00:00.000
494,24,5186,52.215,0,NULL,NULL,Other,2025-09-08 01:00:00.000
495,24,5187,240.977,0,NULL,NULL,Other,2025-09-08 01:00:00.000
496,24,5188,387.186,0,NULL,NULL,Other,2025-09-08 01:00:00.000
497,24,5189,8.586,0,NULL,NULL,Other,2025-09-08 01:00:00.000
498,24,5190,-28.619,0,NULL,NULL,Other,2025-09-08 01:00:00.000
499,24,5191,18.712,0,NULL,NULL,Other,2025-09-08 01:00:00.000
500,24,5192,128.047,0,NULL,NULL,Other,2025-09-08 01:00:00.000
501,24,5193,24.279,0,NULL,NULL,Other,2025-09-08 01:00:00.000
502,24,1048,311.622,0,NULL,NULL,Other,2025-09-08 01:00:00.000
503,24,1049,83.194,0,NULL,NULL,Other,2025-09-08 01:00:00.000
504,24,1050,178.559,0,NULL,NULL,Other,2025-09-08 01:00:00.000
505,24,1051,147.875,0,NULL,NULL,Other,2025-09-08 01:00:00.000
506,24,1052,97.297,0,NULL,NULL,Other,2025-09-08 01:00:00.000
507,24,2748,55.113,0,NULL,NULL,Other,2025-09-08 01:00:00.000
508,24,2749,61.770,0,NULL,NULL,Other,2025-09-08 01:00:00.000
509,24,2750,25.216,0,NULL,NULL,Other,2025-09-08 01:00:00.000
510,24,1053,126.990,0,NULL,NULL,Other,2025-09-08 01:00:00.000
511,24,229,416.879,0,NULL,NULL,Other,2025-09-08 01:00:00.000
512,24,4788,5,0,NULL,NULL,Other,2025-09-08 01:00:00.000
513,24,395,1,0,NULL,NULL,Other,2025-09-08 01:00:00.000
514,24,425,416.879,0,NULL,NULL,Other,2025-09-08 01:00:00.000
515,24,77,488.322,0,NULL,NULL,Other,2025-09-08 01:00:00.000
516,24,1047,518.950,0,NULL,NULL,Other,2025-09-08 01:00:00.000
517,24,403,110,0,NULL,NULL,Other,2025-09-08 01:00:00.000
518,24,69,359.632,0,NULL,NULL,Other,2025-09-08 01:00:00.000
519,24,70,218.966,0,NULL,NULL,Other,2025-09-08 01:00:00.000
520,24,71,215.650,0,NULL,NULL,Other,2025-09-08 01:00:00.000
521,24,72,163.487,0,NULL,NULL,Other,2025-09-08 01:00:00.000
522,24,73,171.834,0,NULL,NULL,Other,2025-09-08 01:00:00.000
523,24,74,17.123,0,NULL,NULL,Other,2025-09-08 01:00:00.000
524,24,75,16.654,0,NULL,NULL,Other,2025-09-08 01:00:00.000
525,24,76,13.724,0,NULL,NULL,Other,2025-09-08 01:00:00.000
526,24,1151,5.980,0,NULL,NULL,Other,2025-09-08 01:00:00.000
527,24,334,15000,0,NULL,NULL,Other,2025-09-08 01:00:00.000
528,24,58,1,0,NULL,NULL,Other,2025-09-08 01:00:00.000
529,24,59,1,0,NULL,NULL,Other,2025-09-08 01:00:00.000
530,24,60,1,0,NULL,NULL,Other,2025-09-08 01:00:00.000
531,24,61,1,0,NULL,NULL,Other,2025-09-08 01:00:00.000
532,24,62,1,0,NULL,NULL,Other,2025-09-08 01:00:00.000
533,24,166,29.763,0,NULL,NULL,Other,2025-09-08 01:00:00.000
534,24,167,6.765,0,NULL,NULL,Other,2025-09-08 01:00:00.000
535,24,168,11.374,0,NULL,NULL,Other,2025-09-08 01:00:00.000
536,24,78,40,0,NULL,NULL,Other,2025-09-08 01:00:00.000
537,24,169,0.001,0,NULL,NULL,Other,2025-09-08 01:00:00.000
538,24,352,1488.338,0,NULL,NULL,Other,2025-09-08 01:00:00.000
539,24,225,1171.835,0,NULL,NULL,Other,2025-09-08 01:00:00.000
540,24,354,79535.382,0,NULL,NULL,Other,2025-09-08 01:00:00.000
541,24,3333,0,0,NULL,NULL,Other,2025-09-08 01:00:00.000
542,24,3334,0,0,NULL,NULL,Other,2025-09-08 01:00:00.000
543,24,2929,0,0,NULL,NULL,Other,2025-09-08 01:00:00.000
544,24,2936,0,0,NULL,NULL,Other,2025-09-08 01:00:00.000
545,24,2941,0,0,NULL,NULL,Other,2025-09-08 01:00:00.000
546,24,2948,0,0,NULL,NULL,Other,2025-09-08 01:00:00.000
547,24,2953,0,0,NULL,NULL,Other,2025-09-08 01:00:00.000
548,24,2960,0,0,NULL,NULL,Other,2025-09-08 01:00:00.000
549,24,2964,0,0,NULL,NULL,Other,2025-09-08 01:00:00.000
550,24,3332,1,0,NULL,NULL,Other,2025-09-08 01:00:00.000
551,24,4061,1,0,NULL,NULL,Other,2025-09-08 01:00:00.000
552,24,4062,1,0,NULL,NULL,Other,2025-09-08 01:00:00.000
553,24,4063,0,0,NULL,NULL,Other,2025-09-08 01:00:00.000
554,24,4064,0,0,NULL,NULL,Other,2025-09-08 01:00:00.000
555,24,4065,0,0,NULL,NULL,Other,2025-09-08 01:00:00.000
556,24,4066,0,0,NULL,NULL,Other,2025-09-08 01:00:00.000
557,24,4067,0,0,NULL,NULL,Other,2025-09-08 01:00:00.000
558,24,4068,0,0,NULL,NULL,Other,2025-09-08 01:00:00.000
559,24,4069,1,0,NULL,NULL,Other,2025-09-08 01:00:00.000
560,24,4070,0,0,NULL,NULL,Other,2025-09-08 01:00:00.000
561,24,4071,0,0,NULL,NULL,Other,2025-09-08 01:00:00.000
562,24,4785,2.914,0,NULL,NULL,Other,2025-09-08 01:00:00.000
563,24,4786,3,0,NULL,NULL,Other,2025-09-08 01:00:00.000
564,24,5181,2.914,0,NULL,NULL,Other,2025-09-08 01:00:00.000
565,24,5182,5,0,NULL,NULL,Other,2025-09-08 01:00:00.000
566,24,4787,0,0,NULL,NULL,Other,2025-09-08 01:00:00.000
567,24,4926,0,0,NULL,NULL,Other,2025-09-08 01:00:00.000
568,24,4892,0,0,NULL,NULL,Other,2025-09-08 01:00:00.000
569,24,278,6,0,NULL,NULL,Other,2025-09-08 01:00:00.000
570,24,357,533.651,0,NULL,NULL,Other,2025-09-08 01:00:00.000
571,24,5073,110,0,NULL,NULL,Other,2025-09-08 01:00:00.000
572,24,5074,120,0,NULL,NULL,Other,2025-09-08 01:00:00.000
573,24,4807,0,0,NULL,NULL,Other,2025-09-08 01:00:00.000
574,24,276,4,0,NULL,NULL,Other,2025-09-08 01:00:00.000
575,24,200,0,0,NULL,NULL,Other,2025-09-08 01:00:00.000
576,24,1152,0,0,NULL,NULL,Other,2025-09-08 01:00:00.000
577,24,1153,0,0,NULL,NULL,Other,2025-09-08 01:00:00.000
578,24,3329,81.859,0,NULL,NULL,Other,2025-09-08 01:00:00.000
579,24,1116,11.500,0,NULL,NULL,Other,2025-09-08 01:00:00.000
580,24,1117,13,0,NULL,NULL,Other,2025-09-08 01:00:00.000
581,24,1118,24,0,NULL,NULL,Other,2025-09-08 01:00:00.000
582,24,1119,6,0,NULL,NULL,Other,2025-09-08 01:00:00.000
583,24,1120,7,0,NULL,NULL,Other,2025-09-08 01:00:00.000
584,24,405,0.904,0,NULL,NULL,Other,2025-09-08 01:00:00.000
585,24,407,1.062,0,NULL,NULL,Other,2025-09-08 01:00:00.000
586,24,409,1.560,0,NULL,NULL,Other,2025-09-08 01:00:00.000
587,24,4073,3.526,0,NULL,NULL,Other,2025-09-08 01:00:00.000
588,24,4076,0.004,0,NULL,NULL,Other,2025-09-08 01:00:00.000
589,24,406,0.011,0,NULL,NULL,Other,2025-09-08 01:00:00.000
590,24,408,0.837,0,NULL,NULL,Other,2025-09-08 01:00:00.000
591,24,410,1.778,0,NULL,NULL,Other,2025-09-08 01:00:00.000
592,24,412,0,0,NULL,NULL,Other,2025-09-08 01:00:00.000
593,24,4077,2.627,0,NULL,NULL,Other,2025-09-08 01:00:00.000
594,24,1114,45,0,NULL,NULL,Other,2025-09-08 01:00:00.000
595,24,1115,3.500,0,NULL,NULL,Other,2025-09-08 01:00:00.000
596,24,396,3.500,0,NULL,NULL,Other,2025-09-08 01:00:00.000
597,24,397,11.500,0,NULL,NULL,Other,2025-09-08 01:00:00.000
598,24,398,13,0,NULL,NULL,Other,2025-09-08 01:00:00.000
599,24,399,24,0,NULL,NULL,Other,2025-09-08 01:00:00.000
600,24,400,6,0,NULL,NULL,Other,2025-09-08 01:00:00.000
601,24,401,7,0,NULL,NULL,Other,2025-09-08 01:00:00.000
602,24,4079,65,0,NULL,NULL,Other,2025-09-08 01:00:00.000
603,24,4080,45,0,NULL,NULL,Other,2025-09-08 01:00:00.000
604,24,418,21.481,0,NULL,NULL,Other,2025-09-08 01:00:00.000
605,24,5196,102183.299,0,NULL,NULL,Other,2025-09-08 01:00:00.000
606,24,5197,13512.033,0,NULL,NULL,Other,2025-09-08 01:00:00.000
607,24,5216,10,0,NULL,NULL,Other,2025-09-08 01:00:00.000
608,24,235,NULL,NULL,NULL,true,Equipment,2025-09-08 01:00:00.000
609,24,234,NULL,NULL,NULL,true,Equipment,2025-09-08 01:00:00.000
610,24,237,NULL,NULL,NULL,true,Equipment,2025-09-08 01:00:00.000
611,24,238,NULL,NULL,NULL,true,Equipment,2025-09-08 01:00:00.000
612,24,245,NULL,NULL,NULL,true,Equipment,2025-09-08 01:00:00.000
613,24,244,NULL,NULL,NULL,true,Equipment,2025-09-08 01:00:00.000
614,24,247,NULL,NULL,NULL,true,Equipment,2025-09-08 01:00:00.000
615,24,248,NULL,NULL,NULL,true,Equipment,2025-09-08 01:00:00.000
616,24,252,NULL,NULL,NULL,true,Equipment,2025-09-08 01:00:00.000
617,24,251,NULL,NULL,NULL,true,Equipment,2025-09-08 01:00:00.000
618,24,62,NULL,NULL,NULL,true,Equipment,2025-09-08 01:00:00.000
619,24,230,NULL,NULL,NULL,true,Equipment,2025-09-08 01:00:00.000
620,24,231,NULL,NULL,NULL,true,Equipment,2025-09-08 01:00:00.000
621,24,232,NULL,NULL,NULL,true,Equipment,2025-09-08 01:00:00.000
622,24,233,NULL,NULL,NULL,true,Equipment,2025-09-08 01:00:00.000
623,24,236,NULL,NULL,NULL,true,Equipment,2025-09-08 01:00:00.000
624,24,239,NULL,NULL,NULL,true,Equipment,2025-09-08 01:00:00.000
625,24,240,NULL,NULL,NULL,true,Equipment,2025-09-08 01:00:00.000
626,24,241,NULL,NULL,NULL,true,Equipment,2025-09-08 01:00:00.000
627,24,242,NULL,NULL,NULL,true,Equipment,2025-09-08 01:00:00.000
628,24,243,NULL,NULL,NULL,true,Equipment,2025-09-08 01:00:00.000
629,24,246,NULL,NULL,NULL,true,Equipment,2025-09-08 01:00:00.000
630,24,249,NULL,NULL,NULL,true,Equipment,2025-09-08 01:00:00.000
631,24,250,NULL,NULL,NULL,true,Equipment,2025-09-08 01:00:00.000
632,24,58,NULL,NULL,NULL,true,Equipment,2025-09-08 01:00:00.000
633,24,59,NULL,NULL,NULL,true,Equipment,2025-09-08 01:00:00.000
634,24,60,NULL,NULL,NULL,true,Equipment,2025-09-08 01:00:00.000
635,24,61,NULL,NULL,NULL,true,Equipment,2025-09-08 01:00:00.000
636,24,253,NULL,NULL,NULL,false,Equipment,2025-09-08 01:00:00.000
637,24,254,NULL,NULL,NULL,false,Equipment,2025-09-08 01:00:00.000
638,24,218,13.330,NULL,NULL,NULL,Price_Inputs,2025-09-08 01:00:00.000
639,24,219,2.040,NULL,NULL,NULL,Price_Inputs,2025-09-08 01:00:00.000
640,24,220,1.960,NULL,NULL,NULL,Price_Inputs,2025-09-08 01:00:00.000
641,24,223,74.310,NULL,NULL,NULL,Plant_Parameter,2025-09-08 01:00:00.000
642,24,2647,89.780,NULL,NULL,NULL,Plant_Parameter,2025-09-08 01:00:00.000
643,24,221,52.900,NULL,NULL,NULL,Plant_Parameter,2025-09-08 01:00:00.000
644,24,2645,84.270,NULL,NULL,NULL,Plant_Parameter,2025-09-08 01:00:00.000
645,24,1190,490.170,NULL,NULL,NULL,Plant_Parameter,2025-09-08 01:00:00.000
646,24,222,65.010,NULL,NULL,NULL,Plant_Parameter,2025-09-08 01:00:00.000
647,24,2646,87.430,NULL,NULL,NULL,Plant_Parameter,2025-09-08 01:00:00.000
648,24,1212,17.540,NULL,NULL,NULL,Plant_Parameter,2025-09-08 01:00:00.000
649,24,1213,50.890,NULL,NULL,NULL,Plant_Parameter,2025-09-08 01:00:00.000
650,24,2415,1,NULL,NULL,NULL,Plant_Parameter,2025-09-08 01:00:00.000
651,24,426,200,NULL,NULL,NULL,Plant_Parameter,2025-09-08 01:00:00.000
652,25,353,22.503,0,NULL,NULL,Demand,2025-09-08 01:00:00.000
653,25,22,148.254,0,NULL,NULL,Demand,2025-09-08 01:00:00.000
654,25,23,157.038,0,NULL,NULL,Demand,2025-09-08 01:00:00.000
655,25,177,179.730,0,NULL,NULL,Demand,2025-09-08 01:00:00.000
656,25,199,6,0,NULL,NULL,Demand,2025-09-08 01:00:00.000
657,25,152,1632.583,0,NULL,NULL,Demand,2025-09-08 01:00:00.000
658,25,154,3286.543,0,NULL,NULL,Demand,2025-09-08 01:00:00.000
659,25,155,19262.452,0,NULL,NULL,Demand,2025-09-08 01:00:00.000
660,25,156,19262.452,0,NULL,NULL,Demand,2025-09-08 01:00:00.000
661,25,153,34291.352,0,NULL,NULL,Demand,2025-09-08 01:00:00.000
662,25,2920,1800,0,NULL,NULL,Demand,2025-09-08 01:00:00.000
663,25,2917,22647.917,0,NULL,NULL,Demand,2025-09-08 01:00:00.000
664,25,374,17.250,0,NULL,NULL,Demand,2025-09-08 01:00:00.000
665,25,411,3.328,0,NULL,NULL,Demand,2025-09-08 01:00:00.000
666,25,335,28.107,0,NULL,NULL,Demand,2025-09-08 01:00:00.000
667,25,12,0,0,NULL,NULL,Demand,2025-09-08 01:00:00.000
668,25,13,0,0,NULL,NULL,Demand,2025-09-08 01:00:00.000
669,25,14,0,0,NULL,NULL,Demand,2025-09-08 01:00:00.000
670,25,2490,0.000,0,NULL,NULL,Demand,2025-09-08 01:00:00.000
671,25,19,45.391,0,NULL,NULL,Demand,2025-09-08 01:00:00.000
672,25,20,58.704,0,NULL,NULL,Demand,2025-09-08 01:00:00.000
673,25,21,31.765,0,NULL,NULL,Demand,2025-09-08 01:00:00.000
674,25,2638,1,0,NULL,NULL,Demand,2025-09-08 01:00:00.000
675,25,18,57.919,0,NULL,NULL,Demand,2025-09-08 01:00:00.000
676,25,15,55.113,0,NULL,NULL,Demand,2025-09-08 01:00:00.000
677,25,16,61.770,0,NULL,NULL,Demand,2025-09-08 01:00:00.000
678,25,17,25.216,0,NULL,NULL,Demand,2025-09-08 01:00:00.000
679,25,226,533.651,0,NULL,NULL,Demand,2025-09-08 01:00:00.000
680,25,3348,1,0,NULL,NULL,Other,2025-09-08 01:00:00.000
681,25,5208,57.800,0,NULL,NULL,Other,2025-09-08 01:00:00.000
682,25,5209,55.240,0,NULL,NULL,Other,2025-09-08 01:00:00.000
683,25,5210,68.707,0,NULL,NULL,Other,2025-09-08 01:00:00.000
684,25,5211,37.244,0,NULL,NULL,Other,2025-09-08 01:00:00.000
685,25,5212,25.223,0,NULL,NULL,Other,2025-09-08 01:00:00.000
686,25,5213,31.620,0,NULL,NULL,Other,2025-09-08 01:00:00.000
687,25,5214,57.919,0,NULL,NULL,Other,2025-09-08 01:00:00.000
688,25,5215,0,0,NULL,NULL,Other,2025-09-08 01:00:00.000
689,25,427,150,0,NULL,NULL,Other,2025-09-08 01:00:00.000
690,25,428,150,0,NULL,NULL,Other,2025-09-08 01:00:00.000
691,25,429,150,0,NULL,NULL,Other,2025-09-08 01:00:00.000
692,25,430,150,0,NULL,NULL,Other,2025-09-08 01:00:00.000
693,25,431,150,0,NULL,NULL,Other,2025-09-08 01:00:00.000
694,25,432,0,0,NULL,NULL,Other,2025-09-08 01:00:00.000
695,25,433,0,0,NULL,NULL,Other,2025-09-08 01:00:00.000
696,25,434,0,0,NULL,NULL,Other,2025-09-08 01:00:00.000
697,25,435,0,0,NULL,NULL,Other,2025-09-08 01:00:00.000
698,25,1042,0.843,0,NULL,NULL,Other,2025-09-08 01:00:00.000
699,25,1043,0.874,0,NULL,NULL,Other,2025-09-08 01:00:00.000
700,25,1044,0.898,0,NULL,NULL,Other,2025-09-08 01:00:00.000
701,25,1054,0,0,NULL,NULL,Other,2025-09-08 01:00:00.000
702,25,389,1,0,NULL,NULL,Other,2025-09-08 01:00:00.000
703,25,390,1,0,NULL,NULL,Other,2025-09-08 01:00:00.000
704,25,391,1,0,NULL,NULL,Other,2025-09-08 01:00:00.000
705,25,392,1,0,NULL,NULL,Other,2025-09-08 01:00:00.000
706,25,393,1,0,NULL,NULL,Other,2025-09-08 01:00:00.000
707,25,394,1,0,NULL,NULL,Other,2025-09-08 01:00:00.000
708,25,5183,159.704,0,NULL,NULL,Other,2025-09-08 01:00:00.000
709,25,5184,271.499,0,NULL,NULL,Other,2025-09-08 01:00:00.000
710,25,5185,1488.725,0,NULL,NULL,Other,2025-09-08 01:00:00.000
711,25,5186,52.215,0,NULL,NULL,Other,2025-09-08 01:00:00.000
712,25,5187,240.977,0,NULL,NULL,Other,2025-09-08 01:00:00.000
713,25,5188,387.186,0,NULL,NULL,Other,2025-09-08 01:00:00.000
714,25,5189,8.586,0,NULL,NULL,Other,2025-09-08 01:00:00.000
715,25,5190,-28.619,0,NULL,NULL,Other,2025-09-08 01:00:00.000
716,25,5191,18.712,0,NULL,NULL,Other,2025-09-08 01:00:00.000
717,25,5192,128.047,0,NULL,NULL,Other,2025-09-08 01:00:00.000
718,25,5193,24.279,0,NULL,NULL,Other,2025-09-08 01:00:00.000
719,25,1048,311.622,0,NULL,NULL,Other,2025-09-08 01:00:00.000
720,25,1049,83.194,0,NULL,NULL,Other,2025-09-08 01:00:00.000
721,25,1050,178.559,0,NULL,NULL,Other,2025-09-08 01:00:00.000
722,25,1051,147.875,0,NULL,NULL,Other,2025-09-08 01:00:00.000
723,25,1052,97.297,0,NULL,NULL,Other,2025-09-08 01:00:00.000
724,25,2748,55.113,0,NULL,NULL,Other,2025-09-08 01:00:00.000
725,25,2749,61.770,0,NULL,NULL,Other,2025-09-08 01:00:00.000
726,25,2750,25.216,0,NULL,NULL,Other,2025-09-08 01:00:00.000
727,25,1053,126.990,0,NULL,NULL,Other,2025-09-08 01:00:00.000
728,25,229,416.879,0,NULL,NULL,Other,2025-09-08 01:00:00.000
729,25,4788,5,0,NULL,NULL,Other,2025-09-08 01:00:00.000
730,25,395,1,0,NULL,NULL,Other,2025-09-08 01:00:00.000
731,25,425,416.879,0,NULL,NULL,Other,2025-09-08 01:00:00.000
732,25,77,488.322,0,NULL,NULL,Other,2025-09-08 01:00:00.000
733,25,1047,518.950,0,NULL,NULL,Other,2025-09-08 01:00:00.000
734,25,403,110,0,NULL,NULL,Other,2025-09-08 01:00:00.000
735,25,69,359.632,0,NULL,NULL,Other,2025-09-08 01:00:00.000
736,25,70,218.966,0,NULL,NULL,Other,2025-09-08 01:00:00.000
737,25,71,215.650,0,NULL,NULL,Other,2025-09-08 01:00:00.000
738,25,72,163.487,0,NULL,NULL,Other,2025-09-08 01:00:00.000
739,25,73,171.834,0,NULL,NULL,Other,2025-09-08 01:00:00.000
740,25,74,17.123,0,NULL,NULL,Other,2025-09-08 01:00:00.000
741,25,75,16.654,0,NULL,NULL,Other,2025-09-08 01:00:00.000
742,25,76,13.724,0,NULL,NULL,Other,2025-09-08 01:00:00.000
743,25,1151,5.980,0,NULL,NULL,Other,2025-09-08 01:00:00.000
744,25,334,15000,0,NULL,NULL,Other,2025-09-08 01:00:00.000
745,25,58,1,0,NULL,NULL,Other,2025-09-08 01:00:00.000
746,25,59,1,0,NULL,NULL,Other,2025-09-08 01:00:00.000
747,25,60,1,0,NULL,NULL,Other,2025-09-08 01:00:00.000
748,25,61,1,0,NULL,NULL,Other,2025-09-08 01:00:00.000
749,25,62,1,0,NULL,NULL,Other,2025-09-08 01:00:00.000
750,25,166,29.763,0,NULL,NULL,Other,2025-09-08 01:00:00.000
751,25,167,6.765,0,NULL,NULL,Other,2025-09-08 01:00:00.000
752,25,168,11.374,0,NULL,NULL,Other,2025-09-08 01:00:00.000
753,25,78,40,0,NULL,NULL,Other,2025-09-08 01:00:00.000
754,25,169,0.001,0,NULL,NULL,Other,2025-09-08 01:00:00.000
755,25,352,1488.338,0,NULL,NULL,Other,2025-09-08 01:00:00.000
756,25,225,1171.835,0,NULL,NULL,Other,2025-09-08 01:00:00.000
757,25,354,79535.382,0,NULL,NULL,Other,2025-09-08 01:00:00.000
758,25,3333,0,0,NULL,NULL,Other,2025-09-08 01:00:00.000
759,25,3334,0,0,NULL,NULL,Other,2025-09-08 01:00:00.000
760,25,2929,0,0,NULL,NULL,Other,2025-09-08 01:00:00.000
761,25,2936,0,0,NULL,NULL,Other,2025-09-08 01:00:00.000
762,25,2941,0,0,NULL,NULL,Other,2025-09-08 01:00:00.000
763,25,2948,0,0,NULL,NULL,Other,2025-09-08 01:00:00.000
764,25,2953,0,0,NULL,NULL,Other,2025-09-08 01:00:00.000
765,25,2960,0,0,NULL,NULL,Other,2025-09-08 01:00:00.000
766,25,2964,0,0,NULL,NULL,Other,2025-09-08 01:00:00.000
767,25,3332,1,0,NULL,NULL,Other,2025-09-08 01:00:00.000
768,25,4061,1,0,NULL,NULL,Other,2025-09-08 01:00:00.000
769,25,4062,1,0,NULL,NULL,Other,2025-09-08 01:00:00.000
770,25,4063,0,0,NULL,NULL,Other,2025-09-08 01:00:00.000
771,25,4064,0,0,NULL,NULL,Other,2025-09-08 01:00:00.000
772,25,4065,0,0,NULL,NULL,Other,2025-09-08 01:00:00.000
773,25,4066,0,0,NULL,NULL,Other,2025-09-08 01:00:00.000
774,25,4067,0,0,NULL,NULL,Other,2025-09-08 01:00:00.000
775,25,4068,0,0,NULL,NULL,Other,2025-09-08 01:00:00.000
776,25,4069,1,0,NULL,NULL,Other,2025-09-08 01:00:00.000
777,25,4070,0,0,NULL,NULL,Other,2025-09-08 01:00:00.000
778,25,4071,0,0,NULL,NULL,Other,2025-09-08 01:00:00.000
779,25,4785,2.914,0,NULL,NULL,Other,2025-09-08 01:00:00.000
780,25,4786,3,0,NULL,NULL,Other,2025-09-08 01:00:00.000
781,25,5181,2.914,0,NULL,NULL,Other,2025-09-08 01:00:00.000
782,25,5182,5,0,NULL,NULL,Other,2025-09-08 01:00:00.000
783,25,4787,0,0,NULL,NULL,Other,2025-09-08 01:00:00.000
784,25,4926,0,0,NULL,NULL,Other,2025-09-08 01:00:00.000
785,25,4892,0,0,NULL,NULL,Other,2025-09-08 01:00:00.000
786,25,278,6,0,NULL,NULL,Other,2025-09-08 01:00:00.000
787,25,357,533.651,0,NULL,NULL,Other,2025-09-08 01:00:00.000
788,25,5073,110,0,NULL,NULL,Other,2025-09-08 01:00:00.000
789,25,5074,120,0,NULL,NULL,Other,2025-09-08 01:00:00.000
790,25,4807,0,0,NULL,NULL,Other,2025-09-08 01:00:00.000
791,25,276,4,0,NULL,NULL,Other,2025-09-08 01:00:00.000
792,25,200,0,0,NULL,NULL,Other,2025-09-08 01:00:00.000
793,25,1152,0,0,NULL,NULL,Other,2025-09-08 01:00:00.000
794,25,1153,0,0,NULL,NULL,Other,2025-09-08 01:00:00.000
795,25,3329,81.859,0,NULL,NULL,Other,2025-09-08 01:00:00.000
796,25,1116,11.500,0,NULL,NULL,Other,2025-09-08 01:00:00.000
797,25,1117,13,0,NULL,NULL,Other,2025-09-08 01:00:00.000
798,25,1118,24,0,NULL,NULL,Other,2025-09-08 01:00:00.000
799,25,1119,6,0,NULL,NULL,Other,2025-09-08 01:00:00.000
800,25,1120,7,0,NULL,NULL,Other,2025-09-08 01:00:00.000
801,25,405,0.904,0,NULL,NULL,Other,2025-09-08 01:00:00.000
802,25,407,1.062,0,NULL,NULL,Other,2025-09-08 01:00:00.000
803,25,409,1.560,0,NULL,NULL,Other,2025-09-08 01:00:00.000
804,25,4073,3.526,0,NULL,NULL,Other,2025-09-08 01:00:00.000
805,25,4076,0.004,0,NULL,NULL,Other,2025-09-08 01:00:00.000
806,25,406,0.011,0,NULL,NULL,Other,2025-09-08 01:00:00.000
807,25,408,0.837,0,NULL,NULL,Other,2025-09-08 01:00:00.000
808,25,410,1.778,0,NULL,NULL,Other,2025-09-08 01:00:00.000
809,25,412,0,0,NULL,NULL,Other,2025-09-08 01:00:00.000
810,25,4077,2.627,0,NULL,NULL,Other,2025-09-08 01:00:00.000
811,25,1114,45,0,NULL,NULL,Other,2025-09-08 01:00:00.000
812,25,1115,3.500,0,NULL,NULL,Other,2025-09-08 01:00:00.000
813,25,396,3.500,0,NULL,NULL,Other,2025-09-08 01:00:00.000
814,25,397,11.500,0,NULL,NULL,Other,2025-09-08 01:00:00.000
815,25,398,13,0,NULL,NULL,Other,2025-09-08 01:00:00.000
816,25,399,24,0,NULL,NULL,Other,2025-09-08 01:00:00.000
817,25,400,6,0,NULL,NULL,Other,2025-09-08 01:00:00.000
818,25,401,7,0,NULL,NULL,Other,2025-09-08 01:00:00.000
819,25,4079,65,0,NULL,NULL,Other,2025-09-08 01:00:00.000
820,25,4080,45,0,NULL,NULL,Other,2025-09-08 01:00:00.000
821,25,418,21.481,0,NULL,NULL,Other,2025-09-08 01:00:00.000
822,25,5196,102183.299,0,NULL,NULL,Other,2025-09-08 01:00:00.000
823,25,5197,13512.033,0,NULL,NULL,Other,2025-09-08 01:00:00.000
824,25,5216,10,0,NULL,NULL,Other,2025-09-08 01:00:00.000
825,25,235,NULL,NULL,NULL,true,Equipment,2025-09-08 01:00:00.000
826,25,234,NULL,NULL,NULL,true,Equipment,2025-09-08 01:00:00.000
827,25,237,NULL,NULL,NULL,true,Equipment,2025-09-08 01:00:00.000
828,25,238,NULL,NULL,NULL,true,Equipment,2025-09-08 01:00:00.000
829,25,245,NULL,NULL,NULL,true,Equipment,2025-09-08 01:00:00.000
830,25,244,NULL,NULL,NULL,true,Equipment,2025-09-08 01:00:00.000
831,25,247,NULL,NULL,NULL,true,Equipment,2025-09-08 01:00:00.000
832,25,248,NULL,NULL,NULL,true,Equipment,2025-09-08 01:00:00.000
833,25,252,NULL,NULL,NULL,true,Equipment,2025-09-08 01:00:00.000
834,25,251,NULL,NULL,NULL,true,Equipment,2025-09-08 01:00:00.000
835,25,62,NULL,NULL,NULL,true,Equipment,2025-09-08 01:00:00.000
836,25,230,NULL,NULL,NULL,true,Equipment,2025-09-08 01:00:00.000
837,25,231,NULL,NULL,NULL,true,Equipment,2025-09-08 01:00:00.000
838,25,232,NULL,NULL,NULL,true,Equipment,2025-09-08 01:00:00.000
839,25,233,NULL,NULL,NULL,true,Equipment,2025-09-08 01:00:00.000
840,25,236,NULL,NULL,NULL,true,Equipment,2025-09-08 01:00:00.000
841,25,239,NULL,NULL,NULL,true,Equipment,2025-09-08 01:00:00.000
842,25,240,NULL,NULL,NULL,true,Equipment,2025-09-08 01:00:00.000
843,25,241,NULL,NULL,NULL,true,Equipment,2025-09-08 01:00:00.000
844,25,242,NULL,NULL,NULL,true,Equipment,2025-09-08 01:00:00.000
845,25,243,NULL,NULL,NULL,true,Equipment,2025-09-08 01:00:00.000
846,25,246,NULL,NULL,NULL,true,Equipment,2025-09-08 01:00:00.000
847,25,249,NULL,NULL,NULL,true,Equipment,2025-09-08 01:00:00.000
848,25,250,NULL,NULL,NULL,true,Equipment,2025-09-08 01:00:00.000
849,25,58,NULL,NULL,NULL,true,Equipment,2025-09-08 01:00:00.000
850,25,59,NULL,NULL,NULL,true,Equipment,2025-09-08 01:00:00.000
851,25,60,NULL,NULL,NULL,true,Equipment,2025-09-08 01:00:00.000
852,25,61,NULL,NULL,NULL,true,Equipment,2025-09-08 01:00:00.000
853,25,253,NULL,NULL,NULL,false,Equipment,2025-09-08 01:00:00.000
854,25,254,NULL,NULL,NULL,false,Equipment,2025-09-08 01:00:00.000
855,25,218,13.330,NULL,NULL,NULL,Price_Inputs,2025-09-08 01:00:00.000
856,25,219,2.040,NULL,NULL,NULL,Price_Inputs,2025-09-08 01:00:00.000
857,25,220,1.960,NULL,NULL,NULL,Price_Inputs,2025-09-08 01:00:00.000
858,25,223,74.310,NULL,NULL,NULL,Plant_Parameter,2025-09-08 01:00:00.000
859,25,2647,89.780,NULL,NULL,NULL,Plant_Parameter,2025-09-08 01:00:00.000
860,25,221,52.900,NULL,NULL,NULL,Plant_Parameter,2025-09-08 01:00:00.000
861,25,2645,84.270,NULL,NULL,NULL,Plant_Parameter,2025-09-08 01:00:00.000
862,25,1190,490.170,NULL,NULL,NULL,Plant_Parameter,2025-09-08 01:00:00.000
863,25,222,65.010,NULL,NULL,NULL,Plant_Parameter,2025-09-08 01:00:00.000
864,25,2646,87.430,NULL,NULL,NULL,Plant_Parameter,2025-09-08 01:00:00.000
865,25,1212,17.540,NULL,NULL,NULL,Plant_Parameter,2025-09-08 01:00:00.000
866,25,1213,50.890,NULL,NULL,NULL,Plant_Parameter,2025-09-08 01:00:00.000
867,25,2415,1,NULL,NULL,NULL,Plant_Parameter,2025-09-08 01:00:00.000
868,25,426,200,NULL,NULL,NULL,Plant_Parameter,2025-09-08 01:00:00.000
869,26,353,22.503,0,NULL,NULL,Demand,2025-09-08 01:00:00.000
870,26,22,148.254,0,NULL,NULL,Demand,2025-09-08 01:00:00.000
871,26,23,157.038,0,NULL,NULL,Demand,2025-09-08 01:00:00.000
872,26,177,179.730,0,NULL,NULL,Demand,2025-09-08 01:00:00.000
873,26,199,6,0,NULL,NULL,Demand,2025-09-08 01:00:00.000
874,26,152,1632.583,0,NULL,NULL,Demand,2025-09-08 01:00:00.000
875,26,154,3286.543,0,NULL,NULL,Demand,2025-09-08 01:00:00.000
876,26,155,19262.452,0,NULL,NULL,Demand,2025-09-08 01:00:00.000
877,26,156,19262.452,0,NULL,NULL,Demand,2025-09-08 01:00:00.000
878,26,153,34291.352,0,NULL,NULL,Demand,2025-09-08 01:00:00.000
879,26,2920,1800,0,NULL,NULL,Demand,2025-09-08 01:00:00.000
880,26,2917,22647.917,0,NULL,NULL,Demand,2025-09-08 01:00:00.000
881,26,374,17.250,0,NULL,NULL,Demand,2025-09-08 01:00:00.000
882,26,411,3.328,0,NULL,NULL,Demand,2025-09-08 01:00:00.000
883,26,335,28.107,0,NULL,NULL,Demand,2025-09-08 01:00:00.000
884,26,12,0,0,NULL,NULL,Demand,2025-09-08 01:00:00.000
885,26,13,0,0,NULL,NULL,Demand,2025-09-08 01:00:00.000
886,26,14,0,0,NULL,NULL,Demand,2025-09-08 01:00:00.000
887,26,2490,0.000,0,NULL,NULL,Demand,2025-09-08 01:00:00.000
888,26,19,45.391,0,NULL,NULL,Demand,2025-09-08 01:00:00.000
889,26,20,58.704,0,NULL,NULL,Demand,2025-09-08 01:00:00.000
890,26,21,31.765,0,NULL,NULL,Demand,2025-09-08 01:00:00.000
891,26,2638,1,0,NULL,NULL,Demand,2025-09-08 01:00:00.000
892,26,18,57.919,0,NULL,NULL,Demand,2025-09-08 01:00:00.000
893,26,15,55.113,0,NULL,NULL,Demand,2025-09-08 01:00:00.000
894,26,16,61.770,0,NULL,NULL,Demand,2025-09-08 01:00:00.000
895,26,17,25.216,0,NULL,NULL,Demand,2025-09-08 01:00:00.000
896,26,226,533.651,0,NULL,NULL,Demand,2025-09-08 01:00:00.000
897,26,3348,1,0,NULL,NULL,Other,2025-09-08 01:00:00.000
898,26,5208,57.800,0,NULL,NULL,Other,2025-09-08 01:00:00.000
899,26,5209,55.240,0,NULL,NULL,Other,2025-09-08 01:00:00.000
900,26,5210,68.707,0,NULL,NULL,Other,2025-09-08 01:00:00.000
901,26,5211,37.244,0,NULL,NULL,Other,2025-09-08 01:00:00.000
902,26,5212,25.223,0,NULL,NULL,Other,2025-09-08 01:00:00.000
903,26,5213,31.620,0,NULL,NULL,Other,2025-09-08 01:00:00.000
904,26,5214,57.919,0,NULL,NULL,Other,2025-09-08 01:00:00.000
905,26,5215,0,0,NULL,NULL,Other,2025-09-08 01:00:00.000
906,26,427,150,0,NULL,NULL,Other,2025-09-08 01:00:00.000
907,26,428,150,0,NULL,NULL,Other,2025-09-08 01:00:00.000
908,26,429,150,0,NULL,NULL,Other,2025-09-08 01:00:00.000
909,26,430,150,0,NULL,NULL,Other,2025-09-08 01:00:00.000
910,26,431,150,0,NULL,NULL,Other,2025-09-08 01:00:00.000
911,26,432,0,0,NULL,NULL,Other,2025-09-08 01:00:00.000
912,26,433,0,0,NULL,NULL,Other,2025-09-08 01:00:00.000
913,26,434,0,0,NULL,NULL,Other,2025-09-08 01:00:00.000
914,26,435,0,0,NULL,NULL,Other,2025-09-08 01:00:00.000
915,26,1042,0.843,0,NULL,NULL,Other,2025-09-08 01:00:00.000
916,26,1043,0.874,0,NULL,NULL,Other,2025-09-08 01:00:00.000
917,26,1044,0.898,0,NULL,NULL,Other,2025-09-08 01:00:00.000
918,26,1054,0,0,NULL,NULL,Other,2025-09-08 01:00:00.000
919,26,389,1,0,NULL,NULL,Other,2025-09-08 01:00:00.000
920,26,390,1,0,NULL,NULL,Other,2025-09-08 01:00:00.000
921,26,391,1,0,NULL,NULL,Other,2025-09-08 01:00:00.000
922,26,392,1,0,NULL,NULL,Other,2025-09-08 01:00:00.000
923,26,393,1,0,NULL,NULL,Other,2025-09-08 01:00:00.000
924,26,394,1,0,NULL,NULL,Other,2025-09-08 01:00:00.000
925,26,5183,159.704,0,NULL,NULL,Other,2025-09-08 01:00:00.000
926,26,5184,271.499,0,NULL,NULL,Other,2025-09-08 01:00:00.000
927,26,5185,1488.725,0,NULL,NULL,Other,2025-09-08 01:00:00.000
928,26,5186,52.215,0,NULL,NULL,Other,2025-09-08 01:00:00.000
929,26,5187,240.977,0,NULL,NULL,Other,2025-09-08 01:00:00.000
930,26,5188,387.186,0,NULL,NULL,Other,2025-09-08 01:00:00.000
931,26,5189,8.586,0,NULL,NULL,Other,2025-09-08 01:00:00.000
932,26,5190,-28.619,0,NULL,NULL,Other,2025-09-08 01:00:00.000
933,26,5191,18.712,0,NULL,NULL,Other,2025-09-08 01:00:00.000
934,26,5192,128.047,0,NULL,NULL,Other,2025-09-08 01:00:00.000
935,26,5193,24.279,0,NULL,NULL,Other,2025-09-08 01:00:00.000
936,26,1048,311.622,0,NULL,NULL,Other,2025-09-08 01:00:00.000
937,26,1049,83.194,0,NULL,NULL,Other,2025-09-08 01:00:00.000
938,26,1050,178.559,0,NULL,NULL,Other,2025-09-08 01:00:00.000
939,26,1051,147.875,0,NULL,NULL,Other,2025-09-08 01:00:00.000
940,26,1052,97.297,0,NULL,NULL,Other,2025-09-08 01:00:00.000
941,26,2748,55.113,0,NULL,NULL,Other,2025-09-08 01:00:00.000
942,26,2749,61.770,0,NULL,NULL,Other,2025-09-08 01:00:00.000
943,26,2750,25.216,0,NULL,NULL,Other,2025-09-08 01:00:00.000
944,26,1053,126.990,0,NULL,NULL,Other,2025-09-08 01:00:00.000
945,26,229,416.879,0,NULL,NULL,Other,2025-09-08 01:00:00.000
946,26,4788,5,0,NULL,NULL,Other,2025-09-08 01:00:00.000
947,26,395,1,0,NULL,NULL,Other,2025-09-08 01:00:00.000
948,26,425,416.879,0,NULL,NULL,Other,2025-09-08 01:00:00.000
949,26,77,488.322,0,NULL,NULL,Other,2025-09-08 01:00:00.000
950,26,1047,518.950,0,NULL,NULL,Other,2025-09-08 01:00:00.000
951,26,403,110,0,NULL,NULL,Other,2025-09-08 01:00:00.000
952,26,69,359.632,0,NULL,NULL,Other,2025-09-08 01:00:00.000
953,26,70,218.966,0,NULL,NULL,Other,2025-09-08 01:00:00.000
954,26,71,215.650,0,NULL,NULL,Other,2025-09-08 01:00:00.000
955,26,72,163.487,0,NULL,NULL,Other,2025-09-08 01:00:00.000
956,26,73,171.834,0,NULL,NULL,Other,2025-09-08 01:00:00.000
957,26,74,17.123,0,NULL,NULL,Other,2025-09-08 01:00:00.000
958,26,75,16.654,0,NULL,NULL,Other,2025-09-08 01:00:00.000
959,26,76,13.724,0,NULL,NULL,Other,2025-09-08 01:00:00.000
960,26,1151,5.980,0,NULL,NULL,Other,2025-09-08 01:00:00.000
961,26,334,15000,0,NULL,NULL,Other,2025-09-08 01:00:00.000
962,26,58,1,0,NULL,NULL,Other,2025-09-08 01:00:00.000
963,26,59,1,0,NULL,NULL,Other,2025-09-08 01:00:00.000
964,26,60,1,0,NULL,NULL,Other,2025-09-08 01:00:00.000
965,26,61,1,0,NULL,NULL,Other,2025-09-08 01:00:00.000
966,26,62,1,0,NULL,NULL,Other,2025-09-08 01:00:00.000
967,26,166,29.763,0,NULL,NULL,Other,2025-09-08 01:00:00.000
968,26,167,6.765,0,NULL,NULL,Other,2025-09-08 01:00:00.000
969,26,168,11.374,0,NULL,NULL,Other,2025-09-08 01:00:00.000
970,26,78,40,0,NULL,NULL,Other,2025-09-08 01:00:00.000
971,26,169,0.001,0,NULL,NULL,Other,2025-09-08 01:00:00.000
972,26,352,1488.338,0,NULL,NULL,Other,2025-09-08 01:00:00.000
973,26,225,1171.835,0,NULL,NULL,Other,2025-09-08 01:00:00.000
974,26,354,79535.382,0,NULL,NULL,Other,2025-09-08 01:00:00.000
975,26,3333,0,0,NULL,NULL,Other,2025-09-08 01:00:00.000
976,26,3334,0,0,NULL,NULL,Other,2025-09-08 01:00:00.000
977,26,2929,0,0,NULL,NULL,Other,2025-09-08 01:00:00.000
978,26,2936,0,0,NULL,NULL,Other,2025-09-08 01:00:00.000
979,26,2941,0,0,NULL,NULL,Other,2025-09-08 01:00:00.000
980,26,2948,0,0,NULL,NULL,Other,2025-09-08 01:00:00.000
981,26,2953,0,0,NULL,NULL,Other,2025-09-08 01:00:00.000
982,26,2960,0,0,NULL,NULL,Other,2025-09-08 01:00:00.000
983,26,2964,0,0,NULL,NULL,Other,2025-09-08 01:00:00.000
984,26,3332,1,0,NULL,NULL,Other,2025-09-08 01:00:00.000
985,26,4061,1,0,NULL,NULL,Other,2025-09-08 01:00:00.000
986,26,4062,1,0,NULL,NULL,Other,2025-09-08 01:00:00.000
987,26,4063,0,0,NULL,NULL,Other,2025-09-08 01:00:00.000
988,26,4064,0,0,NULL,NULL,Other,2025-09-08 01:00:00.000
989,26,4065,0,0,NULL,NULL,Other,2025-09-08 01:00:00.000
990,26,4066,0,0,NULL,NULL,Other,2025-09-08 01:00:00.000
991,26,4067,0,0,NULL,NULL,Other,2025-09-08 01:00:00.000
992,26,4068,0,0,NULL,NULL,Other,2025-09-08 01:00:00.000
993,26,4069,1,0,NULL,NULL,Other,2025-09-08 01:00:00.000
994,26,4070,0,0,NULL,NULL,Other,2025-09-08 01:00:00.000
995,26,4071,0,0,NULL,NULL,Other,2025-09-08 01:00:00.000
996,26,4785,2.914,0,NULL,NULL,Other,2025-09-08 01:00:00.000
997,26,4786,3,0,NULL,NULL,Other,2025-09-08 01:00:00.000
998,26,5181,2.914,0,NULL,NULL,Other,2025-09-08 01:00:00.000
999,26,5182,5,0,NULL,NULL,Other,2025-09-08 01:00:00.000
1000,26,4787,0,0,NULL,NULL,Other,2025-09-08 01:00:00.000
1001,26,4926,0,0,NULL,NULL,Other,2025-09-08 01:00:00.000
1002,26,4892,0,0,NULL,NULL,Other,2025-09-08 01:00:00.000
1003,26,278,6,0,NULL,NULL,Other,2025-09-08 01:00:00.000
1004,26,357,533.651,0,NULL,NULL,Other,2025-09-08 01:00:00.000
1005,26,5073,110,0,NULL,NULL,Other,2025-09-08 01:00:00.000
1006,26,5074,120,0,NULL,NULL,Other,2025-09-08 01:00:00.000
1007,26,4807,0,0,NULL,NULL,Other,2025-09-08 01:00:00.000
1008,26,276,4,0,NULL,NULL,Other,2025-09-08 01:00:00.000
1009,26,200,0,0,NULL,NULL,Other,2025-09-08 01:00:00.000
1010,26,1152,0,0,NULL,NULL,Other,2025-09-08 01:00:00.000
1011,26,1153,0,0,NULL,NULL,Other,2025-09-08 01:00:00.000
1012,26,3329,81.859,0,NULL,NULL,Other,2025-09-08 01:00:00.000
1013,26,1116,11.500,0,NULL,NULL,Other,2025-09-08 01:00:00.000
1014,26,1117,13,0,NULL,NULL,Other,2025-09-08 01:00:00.000
1015,26,1118,24,0,NULL,NULL,Other,2025-09-08 01:00:00.000
1016,26,1119,6,0,NULL,NULL,Other,2025-09-08 01:00:00.000
1017,26,1120,7,0,NULL,NULL,Other,2025-09-08 01:00:00.000
1018,26,405,0.904,0,NULL,NULL,Other,2025-09-08 01:00:00.000
1019,26,407,1.062,0,NULL,NULL,Other,2025-09-08 01:00:00.000
1020,26,409,1.560,0,NULL,NULL,Other,2025-09-08 01:00:00.000
1021,26,4073,3.526,0,NULL,NULL,Other,2025-09-08 01:00:00.000
1022,26,4076,0.004,0,NULL,NULL,Other,2025-09-08 01:00:00.000
1023,26,406,0.011,0,NULL,NULL,Other,2025-09-08 01:00:00.000
1024,26,408,0.837,0,NULL,NULL,Other,2025-09-08 01:00:00.000
1025,26,410,1.778,0,NULL,NULL,Other,2025-09-08 01:00:00.000
1026,26,412,0,0,NULL,NULL,Other,2025-09-08 01:00:00.000
1027,26,4077,2.627,0,NULL,NULL,Other,2025-09-08 01:00:00.000
1028,26,1114,45,0,NULL,NULL,Other,2025-09-08 01:00:00.000
1029,26,1115,3.500,0,NULL,NULL,Other,2025-09-08 01:00:00.000
1030,26,396,3.500,0,NULL,NULL,Other,2025-09-08 01:00:00.000
1031,26,397,11.500,0,NULL,NULL,Other,2025-09-08 01:00:00.000
1032,26,398,13,0,NULL,NULL,Other,2025-09-08 01:00:00.000
1033,26,399,24,0,NULL,NULL,Other,2025-09-08 01:00:00.000
1034,26,400,6,0,NULL,NULL,Other,2025-09-08 01:00:00.000
1035,26,401,7,0,NULL,NULL,Other,2025-09-08 01:00:00.000
1036,26,4079,65,0,NULL,NULL,Other,2025-09-08 01:00:00.000
1037,26,4080,45,0,NULL,NULL,Other,2025-09-08 01:00:00.000
1038,26,418,21.481,0,NULL,NULL,Other,2025-09-08 01:00:00.000
1039,26,5196,102183.299,0,NULL,NULL,Other,2025-09-08 01:00:00.000
1040,26,5197,13512.033,0,NULL,NULL,Other,2025-09-08 01:00:00.000
1041,26,5216,10,0,NULL,NULL,Other,2025-09-08 01:00:00.000
1042,26,235,NULL,NULL,NULL,true,Equipment,2025-09-08 01:00:00.000
1043,26,234,NULL,NULL,NULL,true,Equipment,2025-09-08 01:00:00.000
1044,26,237,NULL,NULL,NULL,true,Equipment,2025-09-08 01:00:00.000
1045,26,238,NULL,NULL,NULL,true,Equipment,2025-09-08 01:00:00.000
1046,26,245,NULL,NULL,NULL,true,Equipment,2025-09-08 01:00:00.000
1047,26,244,NULL,NULL,NULL,true,Equipment,2025-09-08 01:00:00.000
1048,26,247,NULL,NULL,NULL,true,Equipment,2025-09-08 01:00:00.000
1049,26,248,NULL,NULL,NULL,true,Equipment,2025-09-08 01:00:00.000
1050,26,252,NULL,NULL,NULL,true,Equipment,2025-09-08 01:00:00.000
1051,26,251,NULL,NULL,NULL,true,Equipment,2025-09-08 01:00:00.000
1052,26,62,NULL,NULL,NULL,true,Equipment,2025-09-08 01:00:00.000
1053,26,230,NULL,NULL,NULL,true,Equipment,2025-09-08 01:00:00.000
1054,26,231,NULL,NULL,NULL,true,Equipment,2025-09-08 01:00:00.000
1055,26,232,NULL,NULL,NULL,true,Equipment,2025-09-08 01:00:00.000
1056,26,233,NULL,NULL,NULL,true,Equipment,2025-09-08 01:00:00.000
1057,26,236,NULL,NULL,NULL,true,Equipment,2025-09-08 01:00:00.000
1058,26,239,NULL,NULL,NULL,true,Equipment,2025-09-08 01:00:00.000
1059,26,240,NULL,NULL,NULL,true,Equipment,2025-09-08 01:00:00.000
1060,26,241,NULL,NULL,NULL,true,Equipment,2025-09-08 01:00:00.000
1061,26,242,NULL,NULL,NULL,true,Equipment,2025-09-08 01:00:00.000
1062,26,243,NULL,NULL,NULL,true,Equipment,2025-09-08 01:00:00.000
1063,26,246,NULL,NULL,NULL,true,Equipment,2025-09-08 01:00:00.000
1064,26,249,NULL,NULL,NULL,true,Equipment,2025-09-08 01:00:00.000
1065,26,250,NULL,NULL,NULL,true,Equipment,2025-09-08 01:00:00.000
1066,26,58,NULL,NULL,NULL,true,Equipment,2025-09-08 01:00:00.000
1067,26,59,NULL,NULL,NULL,true,Equipment,2025-09-08 01:00:00.000
1068,26,60,NULL,NULL,NULL,true,Equipment,2025-09-08 01:00:00.000
1069,26,61,NULL,NULL,NULL,true,Equipment,2025-09-08 01:00:00.000
1070,26,253,NULL,NULL,NULL,false,Equipment,2025-09-08 01:00:00.000
1071,26,254,NULL,NULL,NULL,false,Equipment,2025-09-08 01:00:00.000
1072,26,218,13.330,NULL,NULL,NULL,Price_Inputs,2025-09-08 01:00:00.000
1073,26,219,2.040,NULL,NULL,NULL,Price_Inputs,2025-09-08 01:00:00.000
1074,26,220,1.960,NULL,NULL,NULL,Price_Inputs,2025-09-08 01:00:00.000
1075,26,223,74.310,NULL,NULL,NULL,Plant_Parameter,2025-09-08 01:00:00.000
1076,26,2647,89.780,NULL,NULL,NULL,Plant_Parameter,2025-09-08 01:00:00.000
1077,26,221,52.900,NULL,NULL,NULL,Plant_Parameter,2025-09-08 01:00:00.000
1078,26,2645,84.270,NULL,NULL,NULL,Plant_Parameter,2025-09-08 01:00:00.000
1079,26,1190,490.170,NULL,NULL,NULL,Plant_Parameter,2025-09-08 01:00:00.000
1080,26,222,65.010,NULL,NULL,NULL,Plant_Parameter,2025-09-08 01:00:00.000
1081,26,2646,87.430,NULL,NULL,NULL,Plant_Parameter,2025-09-08 01:00:00.000
1082,26,1212,17.540,NULL,NULL,NULL,Plant_Parameter,2025-09-08 01:00:00.000
1083,26,1213,50.890,NULL,NULL,NULL,Plant_Parameter,2025-09-08 01:00:00.000
1084,26,2415,1,NULL,NULL,NULL,Plant_Parameter,2025-09-08 01:00:00.000
1085,26,426,200,NULL,NULL,NULL,Plant_Parameter,2025-09-08 01:00:00.000
1086,27,353,22.503,0,NULL,NULL,Demand,2025-09-08 01:00:00.000
1087,27,22,148.254,0,NULL,NULL,Demand,2025-09-08 01:00:00.000
1088,27,23,157.038,0,NULL,NULL,Demand,2025-09-08 01:00:00.000
1089,27,177,179.730,0,NULL,NULL,Demand,2025-09-08 01:00:00.000
1090,27,199,6,0,NULL,NULL,Demand,2025-09-08 01:00:00.000
1091,27,152,1632.583,0,NULL,NULL,Demand,2025-09-08 01:00:00.000
1092,27,154,3286.543,0,NULL,NULL,Demand,2025-09-08 01:00:00.000
1093,27,155,19262.452,0,NULL,NULL,Demand,2025-09-08 01:00:00.000
1094,27,156,19262.452,0,NULL,NULL,Demand,2025-09-08 01:00:00.000
1095,27,153,34291.352,0,NULL,NULL,Demand,2025-09-08 01:00:00.000
1096,27,2920,1800,0,NULL,NULL,Demand,2025-09-08 01:00:00.000
1097,27,2917,22647.917,0,NULL,NULL,Demand,2025-09-08 01:00:00.000
1098,27,374,17.250,0,NULL,NULL,Demand,2025-09-08 01:00:00.000
1099,27,411,3.328,0,NULL,NULL,Demand,2025-09-08 01:00:00.000
1100,27,335,28.107,0,NULL,NULL,Demand,2025-09-08 01:00:00.000
1101,27,12,0,0,NULL,NULL,Demand,2025-09-08 01:00:00.000
1102,27,13,0,0,NULL,NULL,Demand,2025-09-08 01:00:00.000
1103,27,14,0,0,NULL,NULL,Demand,2025-09-08 01:00:00.000
1104,27,2490,0.000,0,NULL,NULL,Demand,2025-09-08 01:00:00.000
1105,27,19,45.391,0,NULL,NULL,Demand,2025-09-08 01:00:00.000
1106,27,20,58.704,0,NULL,NULL,Demand,2025-09-08 01:00:00.000
1107,27,21,31.765,0,NULL,NULL,Demand,2025-09-08 01:00:00.000
1108,27,2638,1,0,NULL,NULL,Demand,2025-09-08 01:00:00.000
1109,27,18,57.919,0,NULL,NULL,Demand,2025-09-08 01:00:00.000
1110,27,15,55.113,0,NULL,NULL,Demand,2025-09-08 01:00:00.000
1111,27,16,61.770,0,NULL,NULL,Demand,2025-09-08 01:00:00.000
1112,27,17,25.216,0,NULL,NULL,Demand,2025-09-08 01:00:00.000
1113,27,226,533.651,0,NULL,NULL,Demand,2025-09-08 01:00:00.000
1114,27,3348,1,0,NULL,NULL,Other,2025-09-08 01:00:00.000
1115,27,5208,57.800,0,NULL,NULL,Other,2025-09-08 01:00:00.000
1116,27,5209,55.240,0,NULL,NULL,Other,2025-09-08 01:00:00.000
1117,27,5210,68.707,0,NULL,NULL,Other,2025-09-08 01:00:00.000
1118,27,5211,37.244,0,NULL,NULL,Other,2025-09-08 01:00:00.000
1119,27,5212,25.223,0,NULL,NULL,Other,2025-09-08 01:00:00.000
1120,27,5213,31.620,0,NULL,NULL,Other,2025-09-08 01:00:00.000
1121,27,5214,57.919,0,NULL,NULL,Other,2025-09-08 01:00:00.000
1122,27,5215,0,0,NULL,NULL,Other,2025-09-08 01:00:00.000
1123,27,427,150,0,NULL,NULL,Other,2025-09-08 01:00:00.000
1124,27,428,150,0,NULL,NULL,Other,2025-09-08 01:00:00.000
1125,27,429,150,0,NULL,NULL,Other,2025-09-08 01:00:00.000
1126,27,430,150,0,NULL,NULL,Other,2025-09-08 01:00:00.000
1127,27,431,150,0,NULL,NULL,Other,2025-09-08 01:00:00.000
1128,27,432,0,0,NULL,NULL,Other,2025-09-08 01:00:00.000
1129,27,433,0,0,NULL,NULL,Other,2025-09-08 01:00:00.000
1130,27,434,0,0,NULL,NULL,Other,2025-09-08 01:00:00.000
1131,27,435,0,0,NULL,NULL,Other,2025-09-08 01:00:00.000
1132,27,1042,0.843,0,NULL,NULL,Other,2025-09-08 01:00:00.000
1133,27,1043,0.874,0,NULL,NULL,Other,2025-09-08 01:00:00.000
1134,27,1044,0.898,0,NULL,NULL,Other,2025-09-08 01:00:00.000
1135,27,1054,0,0,NULL,NULL,Other,2025-09-08 01:00:00.000
1136,27,389,1,0,NULL,NULL,Other,2025-09-08 01:00:00.000
1137,27,390,1,0,NULL,NULL,Other,2025-09-08 01:00:00.000
1138,27,391,1,0,NULL,NULL,Other,2025-09-08 01:00:00.000
1139,27,392,1,0,NULL,NULL,Other,2025-09-08 01:00:00.000
1140,27,393,1,0,NULL,NULL,Other,2025-09-08 01:00:00.000
1141,27,394,1,0,NULL,NULL,Other,2025-09-08 01:00:00.000
1142,27,5183,159.704,0,NULL,NULL,Other,2025-09-08 01:00:00.000
1143,27,5184,271.499,0,NULL,NULL,Other,2025-09-08 01:00:00.000
1144,27,5185,1488.725,0,NULL,NULL,Other,2025-09-08 01:00:00.000
1145,27,5186,52.215,0,NULL,NULL,Other,2025-09-08 01:00:00.000
1146,27,5187,240.977,0,NULL,NULL,Other,2025-09-08 01:00:00.000
1147,27,5188,387.186,0,NULL,NULL,Other,2025-09-08 01:00:00.000
1148,27,5189,8.586,0,NULL,NULL,Other,2025-09-08 01:00:00.000
1149,27,5190,-28.619,0,NULL,NULL,Other,2025-09-08 01:00:00.000
1150,27,5191,18.712,0,NULL,NULL,Other,2025-09-08 01:00:00.000
1151,27,5192,128.047,0,NULL,NULL,Other,2025-09-08 01:00:00.000
1152,27,5193,24.279,0,NULL,NULL,Other,2025-09-08 01:00:00.000
1153,27,1048,311.622,0,NULL,NULL,Other,2025-09-08 01:00:00.000
1154,27,1049,83.194,0,NULL,NULL,Other,2025-09-08 01:00:00.000
1155,27,1050,178.559,0,NULL,NULL,Other,2025-09-08 01:00:00.000
1156,27,1051,147.875,0,NULL,NULL,Other,2025-09-08 01:00:00.000
1157,27,1052,97.297,0,NULL,NULL,Other,2025-09-08 01:00:00.000
1158,27,2748,55.113,0,NULL,NULL,Other,2025-09-08 01:00:00.000
1159,27,2749,61.770,0,NULL,NULL,Other,2025-09-08 01:00:00.000
1160,27,2750,25.216,0,NULL,NULL,Other,2025-09-08 01:00:00.000
1161,27,1053,126.990,0,NULL,NULL,Other,2025-09-08 01:00:00.000
1162,27,229,416.879,0,NULL,NULL,Other,2025-09-08 01:00:00.000
1163,27,4788,5,0,NULL,NULL,Other,2025-09-08 01:00:00.000
1164,27,395,1,0,NULL,NULL,Other,2025-09-08 01:00:00.000
1165,27,425,416.879,0,NULL,NULL,Other,2025-09-08 01:00:00.000
1166,27,77,488.322,0,NULL,NULL,Other,2025-09-08 01:00:00.000
1167,27,1047,518.950,0,NULL,NULL,Other,2025-09-08 01:00:00.000
1168,27,403,110,0,NULL,NULL,Other,2025-09-08 01:00:00.000
1169,27,69,359.632,0,NULL,NULL,Other,2025-09-08 01:00:00.000
1170,27,70,218.966,0,NULL,NULL,Other,2025-09-08 01:00:00.000
1171,27,71,215.650,0,NULL,NULL,Other,2025-09-08 01:00:00.000
1172,27,72,163.487,0,NULL,NULL,Other,2025-09-08 01:00:00.000
1173,27,73,171.834,0,NULL,NULL,Other,2025-09-08 01:00:00.000
1174,27,74,17.123,0,NULL,NULL,Other,2025-09-08 01:00:00.000
1175,27,75,16.654,0,NULL,NULL,Other,2025-09-08 01:00:00.000
1176,27,76,13.724,0,NULL,NULL,Other,2025-09-08 01:00:00.000
1177,27,1151,5.980,0,NULL,NULL,Other,2025-09-08 01:00:00.000
1178,27,334,15000,0,NULL,NULL,Other,2025-09-08 01:00:00.000
1179,27,58,1,0,NULL,NULL,Other,2025-09-08 01:00:00.000
1180,27,59,1,0,NULL,NULL,Other,2025-09-08 01:00:00.000
1181,27,60,1,0,NULL,NULL,Other,2025-09-08 01:00:00.000
1182,27,61,1,0,NULL,NULL,Other,2025-09-08 01:00:00.000
1183,27,62,1,0,NULL,NULL,Other,2025-09-08 01:00:00.000
1184,27,166,29.763,0,NULL,NULL,Other,2025-09-08 01:00:00.000
1185,27,167,6.765,0,NULL,NULL,Other,2025-09-08 01:00:00.000
1186,27,168,11.374,0,NULL,NULL,Other,2025-09-08 01:00:00.000
1187,27,78,40,0,NULL,NULL,Other,2025-09-08 01:00:00.000
1188,27,169,0.001,0,NULL,NULL,Other,2025-09-08 01:00:00.000
1189,27,352,1488.338,0,NULL,NULL,Other,2025-09-08 01:00:00.000
1190,27,225,1171.835,0,NULL,NULL,Other,2025-09-08 01:00:00.000
1191,27,354,79535.382,0,NULL,NULL,Other,2025-09-08 01:00:00.000
1192,27,3333,0,0,NULL,NULL,Other,2025-09-08 01:00:00.000
1193,27,3334,0,0,NULL,NULL,Other,2025-09-08 01:00:00.000
1194,27,2929,0,0,NULL,NULL,Other,2025-09-08 01:00:00.000
1195,27,2936,0,0,NULL,NULL,Other,2025-09-08 01:00:00.000
1196,27,2941,0,0,NULL,NULL,Other,2025-09-08 01:00:00.000
1197,27,2948,0,0,NULL,NULL,Other,2025-09-08 01:00:00.000
1198,27,2953,0,0,NULL,NULL,Other,2025-09-08 01:00:00.000
1199,27,2960,0,0,NULL,NULL,Other,2025-09-08 01:00:00.000
1200,27,2964,0,0,NULL,NULL,Other,2025-09-08 01:00:00.000
1201,27,3332,1,0,NULL,NULL,Other,2025-09-08 01:00:00.000
1202,27,4061,1,0,NULL,NULL,Other,2025-09-08 01:00:00.000
1203,27,4062,1,0,NULL,NULL,Other,2025-09-08 01:00:00.000
1204,27,4063,0,0,NULL,NULL,Other,2025-09-08 01:00:00.000
1205,27,4064,0,0,NULL,NULL,Other,2025-09-08 01:00:00.000
1206,27,4065,0,0,NULL,NULL,Other,2025-09-08 01:00:00.000
1207,27,4066,0,0,NULL,NULL,Other,2025-09-08 01:00:00.000
1208,27,4067,0,0,NULL,NULL,Other,2025-09-08 01:00:00.000
1209,27,4068,0,0,NULL,NULL,Other,2025-09-08 01:00:00.000
1210,27,4069,1,0,NULL,NULL,Other,2025-09-08 01:00:00.000
1211,27,4070,0,0,NULL,NULL,Other,2025-09-08 01:00:00.000
1212,27,4071,0,0,NULL,NULL,Other,2025-09-08 01:00:00.000
1213,27,4785,2.914,0,NULL,NULL,Other,2025-09-08 01:00:00.000
1214,27,4786,3,0,NULL,NULL,Other,2025-09-08 01:00:00.000
1215,27,5181,2.914,0,NULL,NULL,Other,2025-09-08 01:00:00.000
1216,27,5182,5,0,NULL,NULL,Other,2025-09-08 01:00:00.000
1217,27,4787,0,0,NULL,NULL,Other,2025-09-08 01:00:00.000
1218,27,4926,0,0,NULL,NULL,Other,2025-09-08 01:00:00.000
1219,27,4892,0,0,NULL,NULL,Other,2025-09-08 01:00:00.000
1220,27,278,6,0,NULL,NULL,Other,2025-09-08 01:00:00.000
1221,27,357,533.651,0,NULL,NULL,Other,2025-09-08 01:00:00.000
1222,27,5073,110,0,NULL,NULL,Other,2025-09-08 01:00:00.000
1223,27,5074,120,0,NULL,NULL,Other,2025-09-08 01:00:00.000
1224,27,4807,0,0,NULL,NULL,Other,2025-09-08 01:00:00.000
1225,27,276,4,0,NULL,NULL,Other,2025-09-08 01:00:00.000
1226,27,200,0,0,NULL,NULL,Other,2025-09-08 01:00:00.000
1227,27,1152,0,0,NULL,NULL,Other,2025-09-08 01:00:00.000
1228,27,1153,0,0,NULL,NULL,Other,2025-09-08 01:00:00.000
1229,27,3329,81.859,0,NULL,NULL,Other,2025-09-08 01:00:00.000
1230,27,1116,11.500,0,NULL,NULL,Other,2025-09-08 01:00:00.000
1231,27,1117,13,0,NULL,NULL,Other,2025-09-08 01:00:00.000
1232,27,1118,24,0,NULL,NULL,Other,2025-09-08 01:00:00.000
1233,27,1119,6,0,NULL,NULL,Other,2025-09-08 01:00:00.000
1234,27,1120,7,0,NULL,NULL,Other,2025-09-08 01:00:00.000
1235,27,405,0.904,0,NULL,NULL,Other,2025-09-08 01:00:00.000
1236,27,407,1.062,0,NULL,NULL,Other,2025-09-08 01:00:00.000
1237,27,409,1.560,0,NULL,NULL,Other,2025-09-08 01:00:00.000
1238,27,4073,3.526,0,NULL,NULL,Other,2025-09-08 01:00:00.000
1239,27,4076,0.004,0,NULL,NULL,Other,2025-09-08 01:00:00.000
1240,27,406,0.011,0,NULL,NULL,Other,2025-09-08 01:00:00.000
1241,27,408,0.837,0,NULL,NULL,Other,2025-09-08 01:00:00.000
1242,27,410,1.778,0,NULL,NULL,Other,2025-09-08 01:00:00.000
1243,27,412,0,0,NULL,NULL,Other,2025-09-08 01:00:00.000
1244,27,4077,2.627,0,NULL,NULL,Other,2025-09-08 01:00:00.000
1245,27,1114,45,0,NULL,NULL,Other,2025-09-08 01:00:00.000
1246,27,1115,3.500,0,NULL,NULL,Other,2025-09-08 01:00:00.000
1247,27,396,3.500,0,NULL,NULL,Other,2025-09-08 01:00:00.000
1248,27,397,11.500,0,NULL,NULL,Other,2025-09-08 01:00:00.000
1249,27,398,13,0,NULL,NULL,Other,2025-09-08 01:00:00.000
1250,27,399,24,0,NULL,NULL,Other,2025-09-08 01:00:00.000
1251,27,400,6,0,NULL,NULL,Other,2025-09-08 01:00:00.000
1252,27,401,7,0,NULL,NULL,Other,2025-09-08 01:00:00.000
1253,27,4079,65,0,NULL,NULL,Other,2025-09-08 01:00:00.000
1254,27,4080,45,0,NULL,NULL,Other,2025-09-08 01:00:00.000
1255,27,418,21.481,0,NULL,NULL,Other,2025-09-08 01:00:00.000
1256,27,5196,102183.299,0,NULL,NULL,Other,2025-09-08 01:00:00.000
1257,27,5197,13512.033,0,NULL,NULL,Other,2025-09-08 01:00:00.000
1258,27,5216,10,0,NULL,NULL,Other,2025-09-08 01:00:00.000
1259,27,235,NULL,NULL,NULL,true,Equipment,2025-09-08 01:00:00.000
1260,27,234,NULL,NULL,NULL,true,Equipment,2025-09-08 01:00:00.000
1261,27,237,NULL,NULL,NULL,true,Equipment,2025-09-08 01:00:00.000
1262,27,238,NULL,NULL,NULL,true,Equipment,2025-09-08 01:00:00.000
1263,27,245,NULL,NULL,NULL,true,Equipment,2025-09-08 01:00:00.000
1264,27,244,NULL,NULL,NULL,true,Equipment,2025-09-08 01:00:00.000
1265,27,247,NULL,NULL,NULL,true,Equipment,2025-09-08 01:00:00.000
1266,27,248,NULL,NULL,NULL,true,Equipment,2025-09-08 01:00:00.000
1267,27,252,NULL,NULL,NULL,true,Equipment,2025-09-08 01:00:00.000
1268,27,251,NULL,NULL,NULL,true,Equipment,2025-09-08 01:00:00.000
1269,27,62,NULL,NULL,NULL,true,Equipment,2025-09-08 01:00:00.000
1270,27,230,NULL,NULL,NULL,true,Equipment,2025-09-08 01:00:00.000
1271,27,231,NULL,NULL,NULL,true,Equipment,2025-09-08 01:00:00.000
1272,27,232,NULL,NULL,NULL,true,Equipment,2025-09-08 01:00:00.000
1273,27,233,NULL,NULL,NULL,true,Equipment,2025-09-08 01:00:00.000
1274,27,236,NULL,NULL,NULL,true,Equipment,2025-09-08 01:00:00.000
1275,27,239,NULL,NULL,NULL,true,Equipment,2025-09-08 01:00:00.000
1276,27,240,NULL,NULL,NULL,true,Equipment,2025-09-08 01:00:00.000
1277,27,241,NULL,NULL,NULL,true,Equipment,2025-09-08 01:00:00.000
1278,27,242,NULL,NULL,NULL,true,Equipment,2025-09-08 01:00:00.000
1279,27,243,NULL,NULL,NULL,true,Equipment,2025-09-08 01:00:00.000
1280,27,246,NULL,NULL,NULL,true,Equipment,2025-09-08 01:00:00.000
1281,27,249,NULL,NULL,NULL,true,Equipment,2025-09-08 01:00:00.000
1282,27,250,NULL,NULL,NULL,true,Equipment,2025-09-08 01:00:00.000
1283,27,58,NULL,NULL,NULL,true,Equipment,2025-09-08 01:00:00.000
1284,27,59,NULL,NULL,NULL,true,Equipment,2025-09-08 01:00:00.000
1285,27,60,NULL,NULL,NULL,true,Equipment,2025-09-08 01:00:00.000
1286,27,61,NULL,NULL,NULL,true,Equipment,2025-09-08 01:00:00.000
1287,27,253,NULL,NULL,NULL,false,Equipment,2025-09-08 01:00:00.000
1288,27,254,NULL,NULL,NULL,false,Equipment,2025-09-08 01:00:00.000
1289,27,218,13.330,NULL,NULL,NULL,Price_Inputs,2025-09-08 01:00:00.000
1290,27,219,2.040,NULL,NULL,NULL,Price_Inputs,2025-09-08 01:00:00.000
1291,27,220,1.960,NULL,NULL,NULL,Price_Inputs,2025-09-08 01:00:00.000
1292,27,223,74.310,NULL,NULL,NULL,Plant_Parameter,2025-09-08 01:00:00.000
1293,27,2647,89.780,NULL,NULL,NULL,Plant_Parameter,2025-09-08 01:00:00.000
1294,27,221,52.900,NULL,NULL,NULL,Plant_Parameter,2025-09-08 01:00:00.000
1295,27,2645,84.270,NULL,NULL,NULL,Plant_Parameter,2025-09-08 01:00:00.000
1296,27,1190,490.170,NULL,NULL,NULL,Plant_Parameter,2025-09-08 01:00:00.000
1297,27,222,65.010,NULL,NULL,NULL,Plant_Parameter,2025-09-08 01:00:00.000
1298,27,2646,87.430,NULL,NULL,NULL,Plant_Parameter,2025-09-08 01:00:00.000
1299,27,1212,17.540,NULL,NULL,NULL,Plant_Parameter,2025-09-08 01:00:00.000
1300,27,1213,50.890,NULL,NULL,NULL,Plant_Parameter,2025-09-08 01:00:00.000
1301,27,2415,1,NULL,NULL,NULL,Plant_Parameter,2025-09-08 01:00:00.000
1302,27,426,200,NULL,NULL,NULL,Plant_Parameter,2025-09-08 01:00:00.000
1303,28,353,22.503,0,NULL,NULL,Demand,2025-09-08 01:00:00.000
1304,28,22,148.254,0,NULL,NULL,Demand,2025-09-08 01:00:00.000
1305,28,23,157.038,0,NULL,NULL,Demand,2025-09-08 01:00:00.000
1306,28,177,179.730,0,NULL,NULL,Demand,2025-09-08 01:00:00.000
1307,28,199,6,0,NULL,NULL,Demand,2025-09-08 01:00:00.000
1308,28,152,1632.583,0,NULL,NULL,Demand,2025-09-08 01:00:00.000
1309,28,154,3286.543,0,NULL,NULL,Demand,2025-09-08 01:00:00.000
1310,28,155,19262.452,0,NULL,NULL,Demand,2025-09-08 01:00:00.000
1311,28,156,19262.452,0,NULL,NULL,Demand,2025-09-08 01:00:00.000
1312,28,153,34291.352,0,NULL,NULL,Demand,2025-09-08 01:00:00.000
1313,28,2920,1800,0,NULL,NULL,Demand,2025-09-08 01:00:00.000
1314,28,2917,22647.917,0,NULL,NULL,Demand,2025-09-08 01:00:00.000
1315,28,374,17.250,0,NULL,NULL,Demand,2025-09-08 01:00:00.000
1316,28,411,3.328,0,NULL,NULL,Demand,2025-09-08 01:00:00.000
1317,28,335,28.107,0,NULL,NULL,Demand,2025-09-08 01:00:00.000
1318,28,12,0,0,NULL,NULL,Demand,2025-09-08 01:00:00.000
1319,28,13,0,0,NULL,NULL,Demand,2025-09-08 01:00:00.000
1320,28,14,0,0,NULL,NULL,Demand,2025-09-08 01:00:00.000
1321,28,2490,0.000,0,NULL,NULL,Demand,2025-09-08 01:00:00.000
1322,28,19,45.391,0,NULL,NULL,Demand,2025-09-08 01:00:00.000
1323,28,20,58.704,0,NULL,NULL,Demand,2025-09-08 01:00:00.000
1324,28,21,31.765,0,NULL,NULL,Demand,2025-09-08 01:00:00.000
1325,28,2638,1,0,NULL,NULL,Demand,2025-09-08 01:00:00.000
1326,28,18,57.919,0,NULL,NULL,Demand,2025-09-08 01:00:00.000
1327,28,15,55.113,0,NULL,NULL,Demand,2025-09-08 01:00:00.000
1328,28,16,61.770,0,NULL,NULL,Demand,2025-09-08 01:00:00.000
1329,28,17,25.216,0,NULL,NULL,Demand,2025-09-08 01:00:00.000
1330,28,226,533.651,0,NULL,NULL,Demand,2025-09-08 01:00:00.000
1331,28,3348,1,0,NULL,NULL,Other,2025-09-08 01:00:00.000
1332,28,5208,57.800,0,NULL,NULL,Other,2025-09-08 01:00:00.000
1333,28,5209,55.240,0,NULL,NULL,Other,2025-09-08 01:00:00.000
1334,28,5210,68.707,0,NULL,NULL,Other,2025-09-08 01:00:00.000
1335,28,5211,37.244,0,NULL,NULL,Other,2025-09-08 01:00:00.000
1336,28,5212,25.223,0,NULL,NULL,Other,2025-09-08 01:00:00.000
1337,28,5213,31.620,0,NULL,NULL,Other,2025-09-08 01:00:00.000
1338,28,5214,57.919,0,NULL,NULL,Other,2025-09-08 01:00:00.000
1339,28,5215,0,0,NULL,NULL,Other,2025-09-08 01:00:00.000
1340,28,427,150,0,NULL,NULL,Other,2025-09-08 01:00:00.000
1341,28,428,150,0,NULL,NULL,Other,2025-09-08 01:00:00.000
1342,28,429,150,0,NULL,NULL,Other,2025-09-08 01:00:00.000
1343,28,430,150,0,NULL,NULL,Other,2025-09-08 01:00:00.000
1344,28,431,150,0,NULL,NULL,Other,2025-09-08 01:00:00.000
1345,28,432,0,0,NULL,NULL,Other,2025-09-08 01:00:00.000
1346,28,433,0,0,NULL,NULL,Other,2025-09-08 01:00:00.000
1347,28,434,0,0,NULL,NULL,Other,2025-09-08 01:00:00.000
1348,28,435,0,0,NULL,NULL,Other,2025-09-08 01:00:00.000
1349,28,1042,0.843,0,NULL,NULL,Other,2025-09-08 01:00:00.000
1350,28,1043,0.874,0,NULL,NULL,Other,2025-09-08 01:00:00.000
1351,28,1044,0.898,0,NULL,NULL,Other,2025-09-08 01:00:00.000
1352,28,1054,0,0,NULL,NULL,Other,2025-09-08 01:00:00.000
1353,28,389,1,0,NULL,NULL,Other,2025-09-08 01:00:00.000
1354,28,390,1,0,NULL,NULL,Other,2025-09-08 01:00:00.000
1355,28,391,1,0,NULL,NULL,Other,2025-09-08 01:00:00.000
1356,28,392,1,0,NULL,NULL,Other,2025-09-08 01:00:00.000
1357,28,393,1,0,NULL,NULL,Other,2025-09-08 01:00:00.000
1358,28,394,1,0,NULL,NULL,Other,2025-09-08 01:00:00.000
1359,28,5183,159.704,0,NULL,NULL,Other,2025-09-08 01:00:00.000
1360,28,5184,271.499,0,NULL,NULL,Other,2025-09-08 01:00:00.000
1361,28,5185,1488.725,0,NULL,NULL,Other,2025-09-08 01:00:00.000
1362,28,5186,52.215,0,NULL,NULL,Other,2025-09-08 01:00:00.000
1363,28,5187,240.977,0,NULL,NULL,Other,2025-09-08 01:00:00.000
1364,28,5188,387.186,0,NULL,NULL,Other,2025-09-08 01:00:00.000
1365,28,5189,8.586,0,NULL,NULL,Other,2025-09-08 01:00:00.000
1366,28,5190,-28.619,0,NULL,NULL,Other,2025-09-08 01:00:00.000
1367,28,5191,18.712,0,NULL,NULL,Other,2025-09-08 01:00:00.000
1368,28,5192,128.047,0,NULL,NULL,Other,2025-09-08 01:00:00.000
1369,28,5193,24.279,0,NULL,NULL,Other,2025-09-08 01:00:00.000
1370,28,1048,311.622,0,NULL,NULL,Other,2025-09-08 01:00:00.000
1371,28,1049,83.194,0,NULL,NULL,Other,2025-09-08 01:00:00.000
1372,28,1050,178.559,0,NULL,NULL,Other,2025-09-08 01:00:00.000
1373,28,1051,147.875,0,NULL,NULL,Other,2025-09-08 01:00:00.000
1374,28,1052,97.297,0,NULL,NULL,Other,2025-09-08 01:00:00.000
1375,28,2748,55.113,0,NULL,NULL,Other,2025-09-08 01:00:00.000
1376,28,2749,61.770,0,NULL,NULL,Other,2025-09-08 01:00:00.000
1377,28,2750,25.216,0,NULL,NULL,Other,2025-09-08 01:00:00.000
1378,28,1053,126.990,0,NULL,NULL,Other,2025-09-08 01:00:00.000
1379,28,229,416.879,0,NULL,NULL,Other,2025-09-08 01:00:00.000
1380,28,4788,5,0,NULL,NULL,Other,2025-09-08 01:00:00.000
1381,28,395,1,0,NULL,NULL,Other,2025-09-08 01:00:00.000
1382,28,425,416.879,0,NULL,NULL,Other,2025-09-08 01:00:00.000
1383,28,77,488.322,0,NULL,NULL,Other,2025-09-08 01:00:00.000
1384,28,1047,518.950,0,NULL,NULL,Other,2025-09-08 01:00:00.000
1385,28,403,110,0,NULL,NULL,Other,2025-09-08 01:00:00.000
1386,28,69,359.632,0,NULL,NULL,Other,2025-09-08 01:00:00.000
1387,28,70,218.966,0,NULL,NULL,Other,2025-09-08 01:00:00.000
1388,28,71,215.650,0,NULL,NULL,Other,2025-09-08 01:00:00.000
1389,28,72,163.487,0,NULL,NULL,Other,2025-09-08 01:00:00.000
1390,28,73,171.834,0,NULL,NULL,Other,2025-09-08 01:00:00.000
1391,28,74,17.123,0,NULL,NULL,Other,2025-09-08 01:00:00.000
1392,28,75,16.654,0,NULL,NULL,Other,2025-09-08 01:00:00.000
1393,28,76,13.724,0,NULL,NULL,Other,2025-09-08 01:00:00.000
1394,28,1151,5.980,0,NULL,NULL,Other,2025-09-08 01:00:00.000
1395,28,334,15000,0,NULL,NULL,Other,2025-09-08 01:00:00.000
1396,28,58,1,0,NULL,NULL,Other,2025-09-08 01:00:00.000
1397,28,59,1,0,NULL,NULL,Other,2025-09-08 01:00:00.000
1398,28,60,1,0,NULL,NULL,Other,2025-09-08 01:00:00.000
1399,28,61,1,0,NULL,NULL,Other,2025-09-08 01:00:00.000
1400,28,62,1,0,NULL,NULL,Other,2025-09-08 01:00:00.000
1401,28,166,29.763,0,NULL,NULL,Other,2025-09-08 01:00:00.000
1402,28,167,6.765,0,NULL,NULL,Other,2025-09-08 01:00:00.000
1403,28,168,11.374,0,NULL,NULL,Other,2025-09-08 01:00:00.000
1404,28,78,40,0,NULL,NULL,Other,2025-09-08 01:00:00.000
1405,28,169,0.001,0,NULL,NULL,Other,2025-09-08 01:00:00.000
1406,28,352,1488.338,0,NULL,NULL,Other,2025-09-08 01:00:00.000
1407,28,225,1171.835,0,NULL,NULL,Other,2025-09-08 01:00:00.000
1408,28,354,79535.382,0,NULL,NULL,Other,2025-09-08 01:00:00.000
1409,28,3333,0,0,NULL,NULL,Other,2025-09-08 01:00:00.000
1410,28,3334,0,0,NULL,NULL,Other,2025-09-08 01:00:00.000
1411,28,2929,0,0,NULL,NULL,Other,2025-09-08 01:00:00.000
1412,28,2936,0,0,NULL,NULL,Other,2025-09-08 01:00:00.000
1413,28,2941,0,0,NULL,NULL,Other,2025-09-08 01:00:00.000
1414,28,2948,0,0,NULL,NULL,Other,2025-09-08 01:00:00.000
1415,28,2953,0,0,NULL,NULL,Other,2025-09-08 01:00:00.000
1416,28,2960,0,0,NULL,NULL,Other,2025-09-08 01:00:00.000
1417,28,2964,0,0,NULL,NULL,Other,2025-09-08 01:00:00.000
1418,28,3332,1,0,NULL,NULL,Other,2025-09-08 01:00:00.000
1419,28,4061,1,0,NULL,NULL,Other,2025-09-08 01:00:00.000
1420,28,4062,1,0,NULL,NULL,Other,2025-09-08 01:00:00.000
1421,28,4063,0,0,NULL,NULL,Other,2025-09-08 01:00:00.000
1422,28,4064,0,0,NULL,NULL,Other,2025-09-08 01:00:00.000
1423,28,4065,0,0,NULL,NULL,Other,2025-09-08 01:00:00.000
1424,28,4066,0,0,NULL,NULL,Other,2025-09-08 01:00:00.000
1425,28,4067,0,0,NULL,NULL,Other,2025-09-08 01:00:00.000
1426,28,4068,0,0,NULL,NULL,Other,2025-09-08 01:00:00.000
1427,28,4069,1,0,NULL,NULL,Other,2025-09-08 01:00:00.000
1428,28,4070,0,0,NULL,NULL,Other,2025-09-08 01:00:00.000
1429,28,4071,0,0,NULL,NULL,Other,2025-09-08 01:00:00.000
1430,28,4785,2.914,0,NULL,NULL,Other,2025-09-08 01:00:00.000
1431,28,4786,3,0,NULL,NULL,Other,2025-09-08 01:00:00.000
1432,28,5181,2.914,0,NULL,NULL,Other,2025-09-08 01:00:00.000
1433,28,5182,5,0,NULL,NULL,Other,2025-09-08 01:00:00.000
1434,28,4787,0,0,NULL,NULL,Other,2025-09-08 01:00:00.000
1435,28,4926,0,0,NULL,NULL,Other,2025-09-08 01:00:00.000
1436,28,4892,0,0,NULL,NULL,Other,2025-09-08 01:00:00.000
1437,28,278,6,0,NULL,NULL,Other,2025-09-08 01:00:00.000
1438,28,357,533.651,0,NULL,NULL,Other,2025-09-08 01:00:00.000
1439,28,5073,110,0,NULL,NULL,Other,2025-09-08 01:00:00.000
1440,28,5074,120,0,NULL,NULL,Other,2025-09-08 01:00:00.000
1441,28,4807,0,0,NULL,NULL,Other,2025-09-08 01:00:00.000
1442,28,276,4,0,NULL,NULL,Other,2025-09-08 01:00:00.000
1443,28,200,0,0,NULL,NULL,Other,2025-09-08 01:00:00.000
1444,28,1152,0,0,NULL,NULL,Other,2025-09-08 01:00:00.000
1445,28,1153,0,0,NULL,NULL,Other,2025-09-08 01:00:00.000
1446,28,3329,81.859,0,NULL,NULL,Other,2025-09-08 01:00:00.000
1447,28,1116,11.500,0,NULL,NULL,Other,2025-09-08 01:00:00.000
1448,28,1117,13,0,NULL,NULL,Other,2025-09-08 01:00:00.000
1449,28,1118,24,0,NULL,NULL,Other,2025-09-08 01:00:00.000
1450,28,1119,6,0,NULL,NULL,Other,2025-09-08 01:00:00.000
1451,28,1120,7,0,NULL,NULL,Other,2025-09-08 01:00:00.000
1452,28,405,0.904,0,NULL,NULL,Other,2025-09-08 01:00:00.000
1453,28,407,1.062,0,NULL,NULL,Other,2025-09-08 01:00:00.000
1454,28,409,1.560,0,NULL,NULL,Other,2025-09-08 01:00:00.000
1455,28,4073,3.526,0,NULL,NULL,Other,2025-09-08 01:00:00.000
1456,28,4076,0.004,0,NULL,NULL,Other,2025-09-08 01:00:00.000
1457,28,406,0.011,0,NULL,NULL,Other,2025-09-08 01:00:00.000
1458,28,408,0.837,0,NULL,NULL,Other,2025-09-08 01:00:00.000
1459,28,410,1.778,0,NULL,NULL,Other,2025-09-08 01:00:00.000
1460,28,412,0,0,NULL,NULL,Other,2025-09-08 01:00:00.000
1461,28,4077,2.627,0,NULL,NULL,Other,2025-09-08 01:00:00.000
1462,28,1114,45,0,NULL,NULL,Other,2025-09-08 01:00:00.000
1463,28,1115,3.500,0,NULL,NULL,Other,2025-09-08 01:00:00.000
1464,28,396,3.500,0,NULL,NULL,Other,2025-09-08 01:00:00.000
1465,28,397,11.500,0,NULL,NULL,Other,2025-09-08 01:00:00.000
1466,28,398,13,0,NULL,NULL,Other,2025-09-08 01:00:00.000
1467,28,399,24,0,NULL,NULL,Other,2025-09-08 01:00:00.000
1468,28,400,6,0,NULL,NULL,Other,2025-09-08 01:00:00.000
1469,28,401,7,0,NULL,NULL,Other,2025-09-08 01:00:00.000
1470,28,4079,65,0,NULL,NULL,Other,2025-09-08 01:00:00.000
1471,28,4080,45,0,NULL,NULL,Other,2025-09-08 01:00:00.000
1472,28,418,21.481,0,NULL,NULL,Other,2025-09-08 01:00:00.000
1473,28,5196,102183.299,0,NULL,NULL,Other,2025-09-08 01:00:00.000
1474,28,5197,13512.033,0,NULL,NULL,Other,2025-09-08 01:00:00.000
1475,28,5216,10,0,NULL,NULL,Other,2025-09-08 01:00:00.000
1476,28,235,NULL,NULL,NULL,true,Equipment,2025-09-08 01:00:00.000
1477,28,234,NULL,NULL,NULL,true,Equipment,2025-09-08 01:00:00.000
1478,28,237,NULL,NULL,NULL,true,Equipment,2025-09-08 01:00:00.000
1479,28,238,NULL,NULL,NULL,true,Equipment,2025-09-08 01:00:00.000
1480,28,245,NULL,NULL,NULL,true,Equipment,2025-09-08 01:00:00.000
1481,28,244,NULL,NULL,NULL,true,Equipment,2025-09-08 01:00:00.000
1482,28,247,NULL,NULL,NULL,true,Equipment,2025-09-08 01:00:00.000
1483,28,248,NULL,NULL,NULL,true,Equipment,2025-09-08 01:00:00.000
1484,28,252,NULL,NULL,NULL,true,Equipment,2025-09-08 01:00:00.000
1485,28,251,NULL,NULL,NULL,true,Equipment,2025-09-08 01:00:00.000
1486,28,62,NULL,NULL,NULL,true,Equipment,2025-09-08 01:00:00.000
1487,28,230,NULL,NULL,NULL,true,Equipment,2025-09-08 01:00:00.000
1488,28,231,NULL,NULL,NULL,true,Equipment,2025-09-08 01:00:00.000
1489,28,232,NULL,NULL,NULL,true,Equipment,2025-09-08 01:00:00.000
1490,28,233,NULL,NULL,NULL,true,Equipment,2025-09-08 01:00:00.000
1491,28,236,NULL,NULL,NULL,true,Equipment,2025-09-08 01:00:00.000
1492,28,239,NULL,NULL,NULL,true,Equipment,2025-09-08 01:00:00.000
1493,28,240,NULL,NULL,NULL,true,Equipment,2025-09-08 01:00:00.000
1494,28,241,NULL,NULL,NULL,true,Equipment,2025-09-08 01:00:00.000
1495,28,242,NULL,NULL,NULL,true,Equipment,2025-09-08 01:00:00.000
1496,28,243,NULL,NULL,NULL,true,Equipment,2025-09-08 01:00:00.000
1497,28,246,NULL,NULL,NULL,true,Equipment,2025-09-08 01:00:00.000
1498,28,249,NULL,NULL,NULL,true,Equipment,2025-09-08 01:00:00.000
1499,28,250,NULL,NULL,NULL,true,Equipment,2025-09-08 01:00:00.000
1500,28,58,NULL,NULL,NULL,true,Equipment,2025-09-08 01:00:00.000
1501,28,59,NULL,NULL,NULL,true,Equipment,2025-09-08 01:00:00.000
1502,28,60,NULL,NULL,NULL,true,Equipment,2025-09-08 01:00:00.000
1503,28,61,NULL,NULL,NULL,true,Equipment,2025-09-08 01:00:00.000
1504,28,253,NULL,NULL,NULL,false,Equipment,2025-09-08 01:00:00.000
1505,28,254,NULL,NULL,NULL,false,Equipment,2025-09-08 01:00:00.000
1506,28,218,13.330,NULL,NULL,NULL,Price_Inputs,2025-09-08 01:00:00.000
1507,28,219,2.040,NULL,NULL,NULL,Price_Inputs,2025-09-08 01:00:00.000
1508,28,220,1.960,NULL,NULL,NULL,Price_Inputs,2025-09-08 01:00:00.000
1509,28,223,74.310,NULL,NULL,NULL,Plant_Parameter,2025-09-08 01:00:00.000
1510,28,2647,89.780,NULL,NULL,NULL,Plant_Parameter,2025-09-08 01:00:00.000
1511,28,221,52.900,NULL,NULL,NULL,Plant_Parameter,2025-09-08 01:00:00.000
1512,28,2645,84.270,NULL,NULL,NULL,Plant_Parameter,2025-09-08 01:00:00.000
1513,28,1190,490.170,NULL,NULL,NULL,Plant_Parameter,2025-09-08 01:00:00.000
1514,28,222,65.010,NULL,NULL,NULL,Plant_Parameter,2025-09-08 01:00:00.000
1515,28,2646,87.430,NULL,NULL,NULL,Plant_Parameter,2025-09-08 01:00:00.000
1516,28,1212,17.540,NULL,NULL,NULL,Plant_Parameter,2025-09-08 01:00:00.000
1517,28,1213,50.890,NULL,NULL,NULL,Plant_Parameter,2025-09-08 01:00:00.000
1518,28,2415,1,NULL,NULL,NULL,Plant_Parameter,2025-09-08 01:00:00.000
1519,28,426,200,NULL,NULL,NULL,Plant_Parameter,2025-09-08 01:00:00.000
1520,29,353,22.503,0,NULL,NULL,Demand,2025-09-08 01:00:00.000
1521,29,22,148.254,0,NULL,NULL,Demand,2025-09-08 01:00:00.000
1522,29,23,157.038,0,NULL,NULL,Demand,2025-09-08 01:00:00.000
1523,29,177,179.730,0,NULL,NULL,Demand,2025-09-08 01:00:00.000
1524,29,199,6,0,NULL,NULL,Demand,2025-09-08 01:00:00.000
1525,29,152,1632.583,0,NULL,NULL,Demand,2025-09-08 01:00:00.000
1526,29,154,3286.543,0,NULL,NULL,Demand,2025-09-08 01:00:00.000
1527,29,155,19262.452,0,NULL,NULL,Demand,2025-09-08 01:00:00.000
1528,29,156,19262.452,0,NULL,NULL,Demand,2025-09-08 01:00:00.000
1529,29,153,34291.352,0,NULL,NULL,Demand,2025-09-08 01:00:00.000
1530,29,2920,1800,0,NULL,NULL,Demand,2025-09-08 01:00:00.000
1531,29,2917,22647.917,0,NULL,NULL,Demand,2025-09-08 01:00:00.000
1532,29,374,17.250,0,NULL,NULL,Demand,2025-09-08 01:00:00.000
1533,29,411,3.328,0,NULL,NULL,Demand,2025-09-08 01:00:00.000
1534,29,335,28.107,0,NULL,NULL,Demand,2025-09-08 01:00:00.000
1535,29,12,0,0,NULL,NULL,Demand,2025-09-08 01:00:00.000
1536,29,13,0,0,NULL,NULL,Demand,2025-09-08 01:00:00.000
1537,29,14,0,0,NULL,NULL,Demand,2025-09-08 01:00:00.000
1538,29,2490,0.000,0,NULL,NULL,Demand,2025-09-08 01:00:00.000
1539,29,19,45.391,0,NULL,NULL,Demand,2025-09-08 01:00:00.000
1540,29,20,58.704,0,NULL,NULL,Demand,2025-09-08 01:00:00.000
1541,29,21,31.765,0,NULL,NULL,Demand,2025-09-08 01:00:00.000
1542,29,2638,1,0,NULL,NULL,Demand,2025-09-08 01:00:00.000
1543,29,18,57.919,0,NULL,NULL,Demand,2025-09-08 01:00:00.000
1544,29,15,55.113,0,NULL,NULL,Demand,2025-09-08 01:00:00.000
1545,29,16,61.770,0,NULL,NULL,Demand,2025-09-08 01:00:00.000
1546,29,17,25.216,0,NULL,NULL,Demand,2025-09-08 01:00:00.000
1547,29,226,533.651,0,NULL,NULL,Demand,2025-09-08 01:00:00.000
1548,29,3348,1,0,NULL,NULL,Other,2025-09-08 01:00:00.000
1549,29,5208,57.800,0,NULL,NULL,Other,2025-09-08 01:00:00.000
1550,29,5209,55.240,0,NULL,NULL,Other,2025-09-08 01:00:00.000
1551,29,5210,68.707,0,NULL,NULL,Other,2025-09-08 01:00:00.000
1552,29,5211,37.244,0,NULL,NULL,Other,2025-09-08 01:00:00.000
1553,29,5212,25.223,0,NULL,NULL,Other,2025-09-08 01:00:00.000
1554,29,5213,31.620,0,NULL,NULL,Other,2025-09-08 01:00:00.000
1555,29,5214,57.919,0,NULL,NULL,Other,2025-09-08 01:00:00.000
1556,29,5215,0,0,NULL,NULL,Other,2025-09-08 01:00:00.000
1557,29,427,150,0,NULL,NULL,Other,2025-09-08 01:00:00.000
1558,29,428,150,0,NULL,NULL,Other,2025-09-08 01:00:00.000
1559,29,429,150,0,NULL,NULL,Other,2025-09-08 01:00:00.000
1560,29,430,150,0,NULL,NULL,Other,2025-09-08 01:00:00.000
1561,29,431,150,0,NULL,NULL,Other,2025-09-08 01:00:00.000
1562,29,432,0,0,NULL,NULL,Other,2025-09-08 01:00:00.000
1563,29,433,0,0,NULL,NULL,Other,2025-09-08 01:00:00.000
1564,29,434,0,0,NULL,NULL,Other,2025-09-08 01:00:00.000
1565,29,435,0,0,NULL,NULL,Other,2025-09-08 01:00:00.000
1566,29,1042,0.843,0,NULL,NULL,Other,2025-09-08 01:00:00.000
1567,29,1043,0.874,0,NULL,NULL,Other,2025-09-08 01:00:00.000
1568,29,1044,0.898,0,NULL,NULL,Other,2025-09-08 01:00:00.000
1569,29,1054,0,0,NULL,NULL,Other,2025-09-08 01:00:00.000
1570,29,389,1,0,NULL,NULL,Other,2025-09-08 01:00:00.000
1571,29,390,1,0,NULL,NULL,Other,2025-09-08 01:00:00.000
1572,29,391,1,0,NULL,NULL,Other,2025-09-08 01:00:00.000
1573,29,392,1,0,NULL,NULL,Other,2025-09-08 01:00:00.000
1574,29,393,1,0,NULL,NULL,Other,2025-09-08 01:00:00.000
1575,29,394,1,0,NULL,NULL,Other,2025-09-08 01:00:00.000
1576,29,5183,159.704,0,NULL,NULL,Other,2025-09-08 01:00:00.000
1577,29,5184,271.499,0,NULL,NULL,Other,2025-09-08 01:00:00.000
1578,29,5185,1488.725,0,NULL,NULL,Other,2025-09-08 01:00:00.000
1579,29,5186,52.215,0,NULL,NULL,Other,2025-09-08 01:00:00.000
1580,29,5187,240.977,0,NULL,NULL,Other,2025-09-08 01:00:00.000
1581,29,5188,387.186,0,NULL,NULL,Other,2025-09-08 01:00:00.000
1582,29,5189,8.586,0,NULL,NULL,Other,2025-09-08 01:00:00.000
1583,29,5190,-28.619,0,NULL,NULL,Other,2025-09-08 01:00:00.000
1584,29,5191,18.712,0,NULL,NULL,Other,2025-09-08 01:00:00.000
1585,29,5192,128.047,0,NULL,NULL,Other,2025-09-08 01:00:00.000
1586,29,5193,24.279,0,NULL,NULL,Other,2025-09-08 01:00:00.000
1587,29,1048,311.622,0,NULL,NULL,Other,2025-09-08 01:00:00.000
1588,29,1049,83.194,0,NULL,NULL,Other,2025-09-08 01:00:00.000
1589,29,1050,178.559,0,NULL,NULL,Other,2025-09-08 01:00:00.000
1590,29,1051,147.875,0,NULL,NULL,Other,2025-09-08 01:00:00.000
1591,29,1052,97.297,0,NULL,NULL,Other,2025-09-08 01:00:00.000
1592,29,2748,55.113,0,NULL,NULL,Other,2025-09-08 01:00:00.000
1593,29,2749,61.770,0,NULL,NULL,Other,2025-09-08 01:00:00.000
1594,29,2750,25.216,0,NULL,NULL,Other,2025-09-08 01:00:00.000
1595,29,1053,126.990,0,NULL,NULL,Other,2025-09-08 01:00:00.000
1596,29,229,416.879,0,NULL,NULL,Other,2025-09-08 01:00:00.000
1597,29,4788,5,0,NULL,NULL,Other,2025-09-08 01:00:00.000
1598,29,395,1,0,NULL,NULL,Other,2025-09-08 01:00:00.000
1599,29,425,416.879,0,NULL,NULL,Other,2025-09-08 01:00:00.000
1600,29,77,488.322,0,NULL,NULL,Other,2025-09-08 01:00:00.000
1601,29,1047,518.950,0,NULL,NULL,Other,2025-09-08 01:00:00.000
1602,29,403,110,0,NULL,NULL,Other,2025-09-08 01:00:00.000
1603,29,69,359.632,0,NULL,NULL,Other,2025-09-08 01:00:00.000
1604,29,70,218.966,0,NULL,NULL,Other,2025-09-08 01:00:00.000
1605,29,71,215.650,0,NULL,NULL,Other,2025-09-08 01:00:00.000
1606,29,72,163.487,0,NULL,NULL,Other,2025-09-08 01:00:00.000
1607,29,73,171.834,0,NULL,NULL,Other,2025-09-08 01:00:00.000
1608,29,74,17.123,0,NULL,NULL,Other,2025-09-08 01:00:00.000
1609,29,75,16.654,0,NULL,NULL,Other,2025-09-08 01:00:00.000
1610,29,76,13.724,0,NULL,NULL,Other,2025-09-08 01:00:00.000
1611,29,1151,5.980,0,NULL,NULL,Other,2025-09-08 01:00:00.000
1612,29,334,15000,0,NULL,NULL,Other,2025-09-08 01:00:00.000
1613,29,58,1,0,NULL,NULL,Other,2025-09-08 01:00:00.000
1614,29,59,1,0,NULL,NULL,Other,2025-09-08 01:00:00.000
1615,29,60,1,0,NULL,NULL,Other,2025-09-08 01:00:00.000
1616,29,61,1,0,NULL,NULL,Other,2025-09-08 01:00:00.000
1617,29,62,1,0,NULL,NULL,Other,2025-09-08 01:00:00.000
1618,29,166,29.763,0,NULL,NULL,Other,2025-09-08 01:00:00.000
1619,29,167,6.765,0,NULL,NULL,Other,2025-09-08 01:00:00.000
1620,29,168,11.374,0,NULL,NULL,Other,2025-09-08 01:00:00.000
1621,29,78,40,0,NULL,NULL,Other,2025-09-08 01:00:00.000
1622,29,169,0.001,0,NULL,NULL,Other,2025-09-08 01:00:00.000
1623,29,352,1488.338,0,NULL,NULL,Other,2025-09-08 01:00:00.000
1624,29,225,1171.835,0,NULL,NULL,Other,2025-09-08 01:00:00.000
1625,29,354,79535.382,0,NULL,NULL,Other,2025-09-08 01:00:00.000
1626,29,3333,0,0,NULL,NULL,Other,2025-09-08 01:00:00.000
1627,29,3334,0,0,NULL,NULL,Other,2025-09-08 01:00:00.000
1628,29,2929,0,0,NULL,NULL,Other,2025-09-08 01:00:00.000
1629,29,2936,0,0,NULL,NULL,Other,2025-09-08 01:00:00.000
1630,29,2941,0,0,NULL,NULL,Other,2025-09-08 01:00:00.000
1631,29,2948,0,0,NULL,NULL,Other,2025-09-08 01:00:00.000
1632,29,2953,0,0,NULL,NULL,Other,2025-09-08 01:00:00.000
1633,29,2960,0,0,NULL,NULL,Other,2025-09-08 01:00:00.000
1634,29,2964,0,0,NULL,NULL,Other,2025-09-08 01:00:00.000
1635,29,3332,1,0,NULL,NULL,Other,2025-09-08 01:00:00.000
1636,29,4061,1,0,NULL,NULL,Other,2025-09-08 01:00:00.000
1637,29,4062,1,0,NULL,NULL,Other,2025-09-08 01:00:00.000
1638,29,4063,0,0,NULL,NULL,Other,2025-09-08 01:00:00.000
1639,29,4064,0,0,NULL,NULL,Other,2025-09-08 01:00:00.000
1640,29,4065,0,0,NULL,NULL,Other,2025-09-08 01:00:00.000
1641,29,4066,0,0,NULL,NULL,Other,2025-09-08 01:00:00.000
1642,29,4067,0,0,NULL,NULL,Other,2025-09-08 01:00:00.000
1643,29,4068,0,0,NULL,NULL,Other,2025-09-08 01:00:00.000
1644,29,4069,1,0,NULL,NULL,Other,2025-09-08 01:00:00.000
1645,29,4070,0,0,NULL,NULL,Other,2025-09-08 01:00:00.000
1646,29,4071,0,0,NULL,NULL,Other,2025-09-08 01:00:00.000
1647,29,4785,2.914,0,NULL,NULL,Other,2025-09-08 01:00:00.000
1648,29,4786,3,0,NULL,NULL,Other,2025-09-08 01:00:00.000
1649,29,5181,2.914,0,NULL,NULL,Other,2025-09-08 01:00:00.000
1650,29,5182,5,0,NULL,NULL,Other,2025-09-08 01:00:00.000
1651,29,4787,0,0,NULL,NULL,Other,2025-09-08 01:00:00.000
1652,29,4926,0,0,NULL,NULL,Other,2025-09-08 01:00:00.000
1653,29,4892,0,0,NULL,NULL,Other,2025-09-08 01:00:00.000
1654,29,278,6,0,NULL,NULL,Other,2025-09-08 01:00:00.000
1655,29,357,533.651,0,NULL,NULL,Other,2025-09-08 01:00:00.000
1656,29,5073,110,0,NULL,NULL,Other,2025-09-08 01:00:00.000
1657,29,5074,120,0,NULL,NULL,Other,2025-09-08 01:00:00.000
1658,29,4807,0,0,NULL,NULL,Other,2025-09-08 01:00:00.000
1659,29,276,4,0,NULL,NULL,Other,2025-09-08 01:00:00.000
1660,29,200,0,0,NULL,NULL,Other,2025-09-08 01:00:00.000
1661,29,1152,0,0,NULL,NULL,Other,2025-09-08 01:00:00.000
1662,29,1153,0,0,NULL,NULL,Other,2025-09-08 01:00:00.000
1663,29,3329,81.859,0,NULL,NULL,Other,2025-09-08 01:00:00.000
1664,29,1116,11.500,0,NULL,NULL,Other,2025-09-08 01:00:00.000
1665,29,1117,13,0,NULL,NULL,Other,2025-09-08 01:00:00.000
1666,29,1118,24,0,NULL,NULL,Other,2025-09-08 01:00:00.000
1667,29,1119,6,0,NULL,NULL,Other,2025-09-08 01:00:00.000
1668,29,1120,7,0,NULL,NULL,Other,2025-09-08 01:00:00.000
1669,29,405,0.904,0,NULL,NULL,Other,2025-09-08 01:00:00.000
1670,29,407,1.062,0,NULL,NULL,Other,2025-09-08 01:00:00.000
1671,29,409,1.560,0,NULL,NULL,Other,2025-09-08 01:00:00.000
1672,29,4073,3.526,0,NULL,NULL,Other,2025-09-08 01:00:00.000
1673,29,4076,0.004,0,NULL,NULL,Other,2025-09-08 01:00:00.000
1674,29,406,0.011,0,NULL,NULL,Other,2025-09-08 01:00:00.000
1675,29,408,0.837,0,NULL,NULL,Other,2025-09-08 01:00:00.000
1676,29,410,1.778,0,NULL,NULL,Other,2025-09-08 01:00:00.000
1677,29,412,0,0,NULL,NULL,Other,2025-09-08 01:00:00.000
1678,29,4077,2.627,0,NULL,NULL,Other,2025-09-08 01:00:00.000
1679,29,1114,45,0,NULL,NULL,Other,2025-09-08 01:00:00.000
1680,29,1115,3.500,0,NULL,NULL,Other,2025-09-08 01:00:00.000
1681,29,396,3.500,0,NULL,NULL,Other,2025-09-08 01:00:00.000
1682,29,397,11.500,0,NULL,NULL,Other,2025-09-08 01:00:00.000
1683,29,398,13,0,NULL,NULL,Other,2025-09-08 01:00:00.000
1684,29,399,24,0,NULL,NULL,Other,2025-09-08 01:00:00.000
1685,29,400,6,0,NULL,NULL,Other,2025-09-08 01:00:00.000
1686,29,401,7,0,NULL,NULL,Other,2025-09-08 01:00:00.000
1687,29,4079,65,0,NULL,NULL,Other,2025-09-08 01:00:00.000
1688,29,4080,45,0,NULL,NULL,Other,2025-09-08 01:00:00.000
1689,29,418,21.481,0,NULL,NULL,Other,2025-09-08 01:00:00.000
1690,29,5196,102183.299,0,NULL,NULL,Other,2025-09-08 01:00:00.000
1691,29,5197,13512.033,0,NULL,NULL,Other,2025-09-08 01:00:00.000
1692,29,5216,10,0,NULL,NULL,Other,2025-09-08 01:00:00.000
1693,29,235,NULL,NULL,NULL,true,Equipment,2025-09-08 01:00:00.000
1694,29,234,NULL,NULL,NULL,true,Equipment,2025-09-08 01:00:00.000
1695,29,237,NULL,NULL,NULL,true,Equipment,2025-09-08 01:00:00.000
1696,29,238,NULL,NULL,NULL,true,Equipment,2025-09-08 01:00:00.000
1697,29,245,NULL,NULL,NULL,true,Equipment,2025-09-08 01:00:00.000
1698,29,244,NULL,NULL,NULL,true,Equipment,2025-09-08 01:00:00.000
1699,29,247,NULL,NULL,NULL,true,Equipment,2025-09-08 01:00:00.000
1700,29,248,NULL,NULL,NULL,true,Equipment,2025-09-08 01:00:00.000
1701,29,252,NULL,NULL,NULL,true,Equipment,2025-09-08 01:00:00.000
1702,29,251,NULL,NULL,NULL,true,Equipment,2025-09-08 01:00:00.000
1703,29,62,NULL,NULL,NULL,true,Equipment,2025-09-08 01:00:00.000
1704,29,230,NULL,NULL,NULL,true,Equipment,2025-09-08 01:00:00.000
1705,29,231,NULL,NULL,NULL,true,Equipment,2025-09-08 01:00:00.000
1706,29,232,NULL,NULL,NULL,true,Equipment,2025-09-08 01:00:00.000
1707,29,233,NULL,NULL,NULL,true,Equipment,2025-09-08 01:00:00.000
1708,29,236,NULL,NULL,NULL,true,Equipment,2025-09-08 01:00:00.000
1709,29,239,NULL,NULL,NULL,true,Equipment,2025-09-08 01:00:00.000
1710,29,240,NULL,NULL,NULL,true,Equipment,2025-09-08 01:00:00.000
1711,29,241,NULL,NULL,NULL,true,Equipment,2025-09-08 01:00:00.000
1712,29,242,NULL,NULL,NULL,true,Equipment,2025-09-08 01:00:00.000
1713,29,243,NULL,NULL,NULL,true,Equipment,2025-09-08 01:00:00.000
1714,29,246,NULL,NULL,NULL,true,Equipment,2025-09-08 01:00:00.000
1715,29,249,NULL,NULL,NULL,true,Equipment,2025-09-08 01:00:00.000
1716,29,250,NULL,NULL,NULL,true,Equipment,2025-09-08 01:00:00.000
1717,29,58,NULL,NULL,NULL,true,Equipment,2025-09-08 01:00:00.000
1718,29,59,NULL,NULL,NULL,true,Equipment,2025-09-08 01:00:00.000
1719,29,60,NULL,NULL,NULL,true,Equipment,2025-09-08 01:00:00.000
1720,29,61,NULL,NULL,NULL,true,Equipment,2025-09-08 01:00:00.000
1721,29,253,NULL,NULL,NULL,false,Equipment,2025-09-08 01:00:00.000
1722,29,254,NULL,NULL,NULL,false,Equipment,2025-09-08 01:00:00.000
1723,29,218,13.330,NULL,NULL,NULL,Price_Inputs,2025-09-08 01:00:00.000
1724,29,219,2.040,NULL,NULL,NULL,Price_Inputs,2025-09-08 01:00:00.000
1725,29,220,1.960,NULL,NULL,NULL,Price_Inputs,2025-09-08 01:00:00.000
1726,29,223,74.310,NULL,NULL,NULL,Plant_Parameter,2025-09-08 01:00:00.000
1727,29,2647,89.780,NULL,NULL,NULL,Plant_Parameter,2025-09-08 01:00:00.000
1728,29,221,52.900,NULL,NULL,NULL,Plant_Parameter,2025-09-08 01:00:00.000
1729,29,2645,84.270,NULL,NULL,NULL,Plant_Parameter,2025-09-08 01:00:00.000
1730,29,1190,490.170,NULL,NULL,NULL,Plant_Parameter,2025-09-08 01:00:00.000
1731,29,222,65.010,NULL,NULL,NULL,Plant_Parameter,2025-09-08 01:00:00.000
1732,29,2646,87.430,NULL,NULL,NULL,Plant_Parameter,2025-09-08 01:00:00.000
1733,29,1212,17.540,NULL,NULL,NULL,Plant_Parameter,2025-09-08 01:00:00.000
1734,29,1213,50.890,NULL,NULL,NULL,Plant_Parameter,2025-09-08 01:00:00.000
1735,29,2415,1,NULL,NULL,NULL,Plant_Parameter,2025-09-08 01:00:00.000
1736,29,426,200,NULL,NULL,NULL,Plant_Parameter,2025-09-08 01:00:00.000
1737,30,353,22.503,0,NULL,NULL,Demand,2025-09-08 01:00:00.000
1738,30,22,148.254,0,NULL,NULL,Demand,2025-09-08 01:00:00.000
1739,30,23,157.038,0,NULL,NULL,Demand,2025-09-08 01:00:00.000
1740,30,177,179.730,0,NULL,NULL,Demand,2025-09-08 01:00:00.000
1741,30,199,6,0,NULL,NULL,Demand,2025-09-08 01:00:00.000
1742,30,152,1632.583,0,NULL,NULL,Demand,2025-09-08 01:00:00.000
1743,30,154,3286.543,0,NULL,NULL,Demand,2025-09-08 01:00:00.000
1744,30,155,19262.452,0,NULL,NULL,Demand,2025-09-08 01:00:00.000
1745,30,156,19262.452,0,NULL,NULL,Demand,2025-09-08 01:00:00.000
1746,30,153,34291.352,0,NULL,NULL,Demand,2025-09-08 01:00:00.000
1747,30,2920,1800,0,NULL,NULL,Demand,2025-09-08 01:00:00.000
1748,30,2917,22647.917,0,NULL,NULL,Demand,2025-09-08 01:00:00.000
1749,30,374,17.250,0,NULL,NULL,Demand,2025-09-08 01:00:00.000
1750,30,411,3.328,0,NULL,NULL,Demand,2025-09-08 01:00:00.000
1751,30,335,28.107,0,NULL,NULL,Demand,2025-09-08 01:00:00.000
1752,30,12,0,0,NULL,NULL,Demand,2025-09-08 01:00:00.000
1753,30,13,0,0,NULL,NULL,Demand,2025-09-08 01:00:00.000
1754,30,14,0,0,NULL,NULL,Demand,2025-09-08 01:00:00.000
1755,30,2490,0.000,0,NULL,NULL,Demand,2025-09-08 01:00:00.000
1756,30,19,45.391,0,NULL,NULL,Demand,2025-09-08 01:00:00.000
1757,30,20,58.704,0,NULL,NULL,Demand,2025-09-08 01:00:00.000
1758,30,21,31.765,0,NULL,NULL,Demand,2025-09-08 01:00:00.000
1759,30,2638,1,0,NULL,NULL,Demand,2025-09-08 01:00:00.000
1760,30,18,57.919,0,NULL,NULL,Demand,2025-09-08 01:00:00.000
1761,30,15,55.113,0,NULL,NULL,Demand,2025-09-08 01:00:00.000
1762,30,16,61.770,0,NULL,NULL,Demand,2025-09-08 01:00:00.000
1763,30,17,25.216,0,NULL,NULL,Demand,2025-09-08 01:00:00.000
1764,30,226,533.651,0,NULL,NULL,Demand,2025-09-08 01:00:00.000
1765,30,3348,1,0,NULL,NULL,Other,2025-09-08 01:00:00.000
1766,30,5208,57.800,0,NULL,NULL,Other,2025-09-08 01:00:00.000
1767,30,5209,55.240,0,NULL,NULL,Other,2025-09-08 01:00:00.000
1768,30,5210,68.707,0,NULL,NULL,Other,2025-09-08 01:00:00.000
1769,30,5211,37.244,0,NULL,NULL,Other,2025-09-08 01:00:00.000
1770,30,5212,25.223,0,NULL,NULL,Other,2025-09-08 01:00:00.000
1771,30,5213,31.620,0,NULL,NULL,Other,2025-09-08 01:00:00.000
1772,30,5214,57.919,0,NULL,NULL,Other,2025-09-08 01:00:00.000
1773,30,5215,0,0,NULL,NULL,Other,2025-09-08 01:00:00.000
1774,30,427,150,0,NULL,NULL,Other,2025-09-08 01:00:00.000
1775,30,428,150,0,NULL,NULL,Other,2025-09-08 01:00:00.000
1776,30,429,150,0,NULL,NULL,Other,2025-09-08 01:00:00.000
1777,30,430,150,0,NULL,NULL,Other,2025-09-08 01:00:00.000
1778,30,431,150,0,NULL,NULL,Other,2025-09-08 01:00:00.000
1779,30,432,0,0,NULL,NULL,Other,2025-09-08 01:00:00.000
1780,30,433,0,0,NULL,NULL,Other,2025-09-08 01:00:00.000
1781,30,434,0,0,NULL,NULL,Other,2025-09-08 01:00:00.000
1782,30,435,0,0,NULL,NULL,Other,2025-09-08 01:00:00.000
1783,30,1042,0.843,0,NULL,NULL,Other,2025-09-08 01:00:00.000
1784,30,1043,0.874,0,NULL,NULL,Other,2025-09-08 01:00:00.000
1785,30,1044,0.898,0,NULL,NULL,Other,2025-09-08 01:00:00.000
1786,30,1054,0,0,NULL,NULL,Other,2025-09-08 01:00:00.000
1787,30,389,1,0,NULL,NULL,Other,2025-09-08 01:00:00.000
1788,30,390,1,0,NULL,NULL,Other,2025-09-08 01:00:00.000
1789,30,391,1,0,NULL,NULL,Other,2025-09-08 01:00:00.000
1790,30,392,1,0,NULL,NULL,Other,2025-09-08 01:00:00.000
1791,30,393,1,0,NULL,NULL,Other,2025-09-08 01:00:00.000
1792,30,394,1,0,NULL,NULL,Other,2025-09-08 01:00:00.000
1793,30,5183,159.704,0,NULL,NULL,Other,2025-09-08 01:00:00.000
1794,30,5184,271.499,0,NULL,NULL,Other,2025-09-08 01:00:00.000
1795,30,5185,1488.725,0,NULL,NULL,Other,2025-09-08 01:00:00.000
1796,30,5186,52.215,0,NULL,NULL,Other,2025-09-08 01:00:00.000
1797,30,5187,240.977,0,NULL,NULL,Other,2025-09-08 01:00:00.000
1798,30,5188,387.186,0,NULL,NULL,Other,2025-09-08 01:00:00.000
1799,30,5189,8.586,0,NULL,NULL,Other,2025-09-08 01:00:00.000
1800,30,5190,-28.619,0,NULL,NULL,Other,2025-09-08 01:00:00.000
1801,30,5191,18.712,0,NULL,NULL,Other,2025-09-08 01:00:00.000
1802,30,5192,128.047,0,NULL,NULL,Other,2025-09-08 01:00:00.000
1803,30,5193,24.279,0,NULL,NULL,Other,2025-09-08 01:00:00.000
1804,30,1048,311.622,0,NULL,NULL,Other,2025-09-08 01:00:00.000
1805,30,1049,83.194,0,NULL,NULL,Other,2025-09-08 01:00:00.000
1806,30,1050,178.559,0,NULL,NULL,Other,2025-09-08 01:00:00.000
1807,30,1051,147.875,0,NULL,NULL,Other,2025-09-08 01:00:00.000
1808,30,1052,97.297,0,NULL,NULL,Other,2025-09-08 01:00:00.000
1809,30,2748,55.113,0,NULL,NULL,Other,2025-09-08 01:00:00.000
1810,30,2749,61.770,0,NULL,NULL,Other,2025-09-08 01:00:00.000
1811,30,2750,25.216,0,NULL,NULL,Other,2025-09-08 01:00:00.000
1812,30,1053,126.990,0,NULL,NULL,Other,2025-09-08 01:00:00.000
1813,30,229,416.879,0,NULL,NULL,Other,2025-09-08 01:00:00.000
1814,30,4788,5,0,NULL,NULL,Other,2025-09-08 01:00:00.000
1815,30,395,1,0,NULL,NULL,Other,2025-09-08 01:00:00.000
1816,30,425,416.879,0,NULL,NULL,Other,2025-09-08 01:00:00.000
1817,30,77,488.322,0,NULL,NULL,Other,2025-09-08 01:00:00.000
1818,30,1047,518.950,0,NULL,NULL,Other,2025-09-08 01:00:00.000
1819,30,403,110,0,NULL,NULL,Other,2025-09-08 01:00:00.000
1820,30,69,359.632,0,NULL,NULL,Other,2025-09-08 01:00:00.000
1821,30,70,218.966,0,NULL,NULL,Other,2025-09-08 01:00:00.000
1822,30,71,215.650,0,NULL,NULL,Other,2025-09-08 01:00:00.000
1823,30,72,163.487,0,NULL,NULL,Other,2025-09-08 01:00:00.000
1824,30,73,171.834,0,NULL,NULL,Other,2025-09-08 01:00:00.000
1825,30,74,17.123,0,NULL,NULL,Other,2025-09-08 01:00:00.000
1826,30,75,16.654,0,NULL,NULL,Other,2025-09-08 01:00:00.000
1827,30,76,13.724,0,NULL,NULL,Other,2025-09-08 01:00:00.000
1828,30,1151,5.980,0,NULL,NULL,Other,2025-09-08 01:00:00.000
1829,30,334,15000,0,NULL,NULL,Other,2025-09-08 01:00:00.000
1830,30,58,1,0,NULL,NULL,Other,2025-09-08 01:00:00.000
1831,30,59,1,0,NULL,NULL,Other,2025-09-08 01:00:00.000
1832,30,60,1,0,NULL,NULL,Other,2025-09-08 01:00:00.000
1833,30,61,1,0,NULL,NULL,Other,2025-09-08 01:00:00.000
1834,30,62,1,0,NULL,NULL,Other,2025-09-08 01:00:00.000
1835,30,166,29.763,0,NULL,NULL,Other,2025-09-08 01:00:00.000
1836,30,167,6.765,0,NULL,NULL,Other,2025-09-08 01:00:00.000
1837,30,168,11.374,0,NULL,NULL,Other,2025-09-08 01:00:00.000
1838,30,78,40,0,NULL,NULL,Other,2025-09-08 01:00:00.000
1839,30,169,0.001,0,NULL,NULL,Other,2025-09-08 01:00:00.000
1840,30,352,1488.338,0,NULL,NULL,Other,2025-09-08 01:00:00.000
1841,30,225,1171.835,0,NULL,NULL,Other,2025-09-08 01:00:00.000
1842,30,354,79535.382,0,NULL,NULL,Other,2025-09-08 01:00:00.000
1843,30,3333,0,0,NULL,NULL,Other,2025-09-08 01:00:00.000
1844,30,3334,0,0,NULL,NULL,Other,2025-09-08 01:00:00.000
1845,30,2929,0,0,NULL,NULL,Other,2025-09-08 01:00:00.000
1846,30,2936,0,0,NULL,NULL,Other,2025-09-08 01:00:00.000
1847,30,2941,0,0,NULL,NULL,Other,2025-09-08 01:00:00.000
1848,30,2948,0,0,NULL,NULL,Other,2025-09-08 01:00:00.000
1849,30,2953,0,0,NULL,NULL,Other,2025-09-08 01:00:00.000
1850,30,2960,0,0,NULL,NULL,Other,2025-09-08 01:00:00.000
1851,30,2964,0,0,NULL,NULL,Other,2025-09-08 01:00:00.000
1852,30,3332,1,0,NULL,NULL,Other,2025-09-08 01:00:00.000
1853,30,4061,1,0,NULL,NULL,Other,2025-09-08 01:00:00.000
1854,30,4062,1,0,NULL,NULL,Other,2025-09-08 01:00:00.000
1855,30,4063,0,0,NULL,NULL,Other,2025-09-08 01:00:00.000
1856,30,4064,0,0,NULL,NULL,Other,2025-09-08 01:00:00.000
1857,30,4065,0,0,NULL,NULL,Other,2025-09-08 01:00:00.000
1858,30,4066,0,0,NULL,NULL,Other,2025-09-08 01:00:00.000
1859,30,4067,0,0,NULL,NULL,Other,2025-09-08 01:00:00.000
1860,30,4068,0,0,NULL,NULL,Other,2025-09-08 01:00:00.000
1861,30,4069,1,0,NULL,NULL,Other,2025-09-08 01:00:00.000
1862,30,4070,0,0,NULL,NULL,Other,2025-09-08 01:00:00.000
1863,30,4071,0,0,NULL,NULL,Other,2025-09-08 01:00:00.000
1864,30,4785,2.914,0,NULL,NULL,Other,2025-09-08 01:00:00.000
1865,30,4786,3,0,NULL,NULL,Other,2025-09-08 01:00:00.000
1866,30,5181,2.914,0,NULL,NULL,Other,2025-09-08 01:00:00.000
1867,30,5182,5,0,NULL,NULL,Other,2025-09-08 01:00:00.000
1868,30,4787,0,0,NULL,NULL,Other,2025-09-08 01:00:00.000
1869,30,4926,0,0,NULL,NULL,Other,2025-09-08 01:00:00.000
1870,30,4892,0,0,NULL,NULL,Other,2025-09-08 01:00:00.000
1871,30,278,6,0,NULL,NULL,Other,2025-09-08 01:00:00.000
1872,30,357,533.651,0,NULL,NULL,Other,2025-09-08 01:00:00.000
1873,30,5073,110,0,NULL,NULL,Other,2025-09-08 01:00:00.000
1874,30,5074,120,0,NULL,NULL,Other,2025-09-08 01:00:00.000
1875,30,4807,0,0,NULL,NULL,Other,2025-09-08 01:00:00.000
1876,30,276,4,0,NULL,NULL,Other,2025-09-08 01:00:00.000
1877,30,200,0,0,NULL,NULL,Other,2025-09-08 01:00:00.000
1878,30,1152,0,0,NULL,NULL,Other,2025-09-08 01:00:00.000
1879,30,1153,0,0,NULL,NULL,Other,2025-09-08 01:00:00.000
1880,30,3329,81.859,0,NULL,NULL,Other,2025-09-08 01:00:00.000
1881,30,1116,11.500,0,NULL,NULL,Other,2025-09-08 01:00:00.000
1882,30,1117,13,0,NULL,NULL,Other,2025-09-08 01:00:00.000
1883,30,1118,24,0,NULL,NULL,Other,2025-09-08 01:00:00.000
1884,30,1119,6,0,NULL,NULL,Other,2025-09-08 01:00:00.000
1885,30,1120,7,0,NULL,NULL,Other,2025-09-08 01:00:00.000
1886,30,405,0.904,0,NULL,NULL,Other,2025-09-08 01:00:00.000
1887,30,407,1.062,0,NULL,NULL,Other,2025-09-08 01:00:00.000
1888,30,409,1.560,0,NULL,NULL,Other,2025-09-08 01:00:00.000
1889,30,4073,3.526,0,NULL,NULL,Other,2025-09-08 01:00:00.000
1890,30,4076,0.004,0,NULL,NULL,Other,2025-09-08 01:00:00.000
1891,30,406,0.011,0,NULL,NULL,Other,2025-09-08 01:00:00.000
1892,30,408,0.837,0,NULL,NULL,Other,2025-09-08 01:00:00.000
1893,30,410,1.778,0,NULL,NULL,Other,2025-09-08 01:00:00.000
1894,30,412,0,0,NULL,NULL,Other,2025-09-08 01:00:00.000
1895,30,4077,2.627,0,NULL,NULL,Other,2025-09-08 01:00:00.000
1896,30,1114,45,0,NULL,NULL,Other,2025-09-08 01:00:00.000
1897,30,1115,3.500,0,NULL,NULL,Other,2025-09-08 01:00:00.000
1898,30,396,3.500,0,NULL,NULL,Other,2025-09-08 01:00:00.000
1899,30,397,11.500,0,NULL,NULL,Other,2025-09-08 01:00:00.000
1900,30,398,13,0,NULL,NULL,Other,2025-09-08 01:00:00.000
1901,30,399,24,0,NULL,NULL,Other,2025-09-08 01:00:00.000
1902,30,400,6,0,NULL,NULL,Other,2025-09-08 01:00:00.000
1903,30,401,7,0,NULL,NULL,Other,2025-09-08 01:00:00.000
1904,30,4079,65,0,NULL,NULL,Other,2025-09-08 01:00:00.000
1905,30,4080,45,0,NULL,NULL,Other,2025-09-08 01:00:00.000
1906,30,418,21.481,0,NULL,NULL,Other,2025-09-08 01:00:00.000
1907,30,5196,102183.299,0,NULL,NULL,Other,2025-09-08 01:00:00.000
1908,30,5197,13512.033,0,NULL,NULL,Other,2025-09-08 01:00:00.000
1909,30,5216,10,0,NULL,NULL,Other,2025-09-08 01:00:00.000
1910,30,235,NULL,NULL,false,true,Equipment,2025-09-08 01:00:00.000
1911,30,234,NULL,NULL,false,true,Equipment,2025-09-08 01:00:00.000
1912,30,237,NULL,NULL,false,true,Equipment,2025-09-08 01:00:00.000
1913,30,238,NULL,NULL,false,true,Equipment,2025-09-08 01:00:00.000
1914,30,245,NULL,NULL,false,true,Equipment,2025-09-08 01:00:00.000
1915,30,244,NULL,NULL,false,true,Equipment,2025-09-08 01:00:00.000
1916,30,247,NULL,NULL,false,true,Equipment,2025-09-08 01:00:00.000
1917,30,248,NULL,NULL,false,true,Equipment,2025-09-08 01:00:00.000
1918,30,252,NULL,NULL,false,true,Equipment,2025-09-08 01:00:00.000
1919,30,251,NULL,NULL,false,true,Equipment,2025-09-08 01:00:00.000
1920,30,62,NULL,NULL,false,true,Equipment,2025-09-08 01:00:00.000
1921,30,230,NULL,NULL,false,true,Equipment,2025-09-08 01:00:00.000
1922,30,231,NULL,NULL,false,true,Equipment,2025-09-08 01:00:00.000
1923,30,232,NULL,NULL,false,true,Equipment,2025-09-08 01:00:00.000
1924,30,233,NULL,NULL,false,true,Equipment,2025-09-08 01:00:00.000
1925,30,236,NULL,NULL,false,true,Equipment,2025-09-08 01:00:00.000
1926,30,239,NULL,NULL,false,true,Equipment,2025-09-08 01:00:00.000
1927,30,240,NULL,NULL,false,true,Equipment,2025-09-08 01:00:00.000
1928,30,241,NULL,NULL,false,true,Equipment,2025-09-08 01:00:00.000
1929,30,242,NULL,NULL,false,true,Equipment,2025-09-08 01:00:00.000
1930,30,243,NULL,NULL,false,true,Equipment,2025-09-08 01:00:00.000
1931,30,246,NULL,NULL,false,true,Equipment,2025-09-08 01:00:00.000
1932,30,249,NULL,NULL,false,true,Equipment,2025-09-08 01:00:00.000
1933,30,250,NULL,NULL,false,true,Equipment,2025-09-08 01:00:00.000
1934,30,58,NULL,NULL,false,true,Equipment,2025-09-08 01:00:00.000
1935,30,59,NULL,NULL,false,true,Equipment,2025-09-08 01:00:00.000
1936,30,60,NULL,NULL,false,true,Equipment,2025-09-08 01:00:00.000
1937,30,61,NULL,NULL,false,true,Equipment,2025-09-08 01:00:00.000
1938,30,253,NULL,NULL,false,false,Equipment,2025-09-08 01:00:00.000
1939,30,254,NULL,NULL,false,false,Equipment,2025-09-08 01:00:00.000
1940,30,218,13.330,NULL,NULL,NULL,Price_Inputs,2025-09-08 01:00:00.000
1941,30,219,2.040,NULL,NULL,NULL,Price_Inputs,2025-09-08 01:00:00.000
1942,30,220,1.960,NULL,NULL,NULL,Price_Inputs,2025-09-08 01:00:00.000
1943,30,223,74.310,NULL,NULL,NULL,Plant_Parameter,2025-09-08 01:00:00.000
1944,30,2647,89.780,NULL,NULL,NULL,Plant_Parameter,2025-09-08 01:00:00.000
1945,30,221,52.900,NULL,NULL,NULL,Plant_Parameter,2025-09-08 01:00:00.000
1946,30,2645,84.270,NULL,NULL,NULL,Plant_Parameter,2025-09-08 01:00:00.000
1947,30,1190,490.170,NULL,NULL,NULL,Plant_Parameter,2025-09-08 01:00:00.000
1948,30,222,65.010,NULL,NULL,NULL,Plant_Parameter,2025-09-08 01:00:00.000
1949,30,2646,87.430,NULL,NULL,NULL,Plant_Parameter,2025-09-08 01:00:00.000
1950,30,1212,17.540,NULL,NULL,NULL,Plant_Parameter,2025-09-08 01:00:00.000
1951,30,1213,50.890,NULL,NULL,NULL,Plant_Parameter,2025-09-08 01:00:00.000
1952,30,2415,1,NULL,NULL,NULL,Plant_Parameter,2025-09-08 01:00:00.000
1953,30,426,200,NULL,NULL,NULL,Plant_Parameter,2025-09-08 01:00:00.000
1954,31,353,22.503,0,NULL,NULL,Demand,2025-09-08 01:00:00.000
1955,31,22,148.254,0,NULL,NULL,Demand,2025-09-08 01:00:00.000
1956,31,23,157.038,0,NULL,NULL,Demand,2025-09-08 01:00:00.000
1957,31,177,179.730,0,NULL,NULL,Demand,2025-09-08 01:00:00.000
1958,31,199,6,0,NULL,NULL,Demand,2025-09-08 01:00:00.000
1959,31,152,1632.583,0,NULL,NULL,Demand,2025-09-08 01:00:00.000
1960,31,154,3286.543,0,NULL,NULL,Demand,2025-09-08 01:00:00.000
1961,31,155,19262.452,0,NULL,NULL,Demand,2025-09-08 01:00:00.000
1962,31,156,19262.452,0,NULL,NULL,Demand,2025-09-08 01:00:00.000
1963,31,153,34291.352,0,NULL,NULL,Demand,2025-09-08 01:00:00.000
1964,31,2920,1800,0,NULL,NULL,Demand,2025-09-08 01:00:00.000
1965,31,2917,22647.917,0,NULL,NULL,Demand,2025-09-08 01:00:00.000
1966,31,374,17.250,0,NULL,NULL,Demand,2025-09-08 01:00:00.000
1967,31,411,3.328,0,NULL,NULL,Demand,2025-09-08 01:00:00.000
1968,31,335,28.107,0,NULL,NULL,Demand,2025-09-08 01:00:00.000
1969,31,12,0,0,NULL,NULL,Demand,2025-09-08 01:00:00.000
1970,31,13,0,0,NULL,NULL,Demand,2025-09-08 01:00:00.000
1971,31,14,0,0,NULL,NULL,Demand,2025-09-08 01:00:00.000
1972,31,2490,0.000,0,NULL,NULL,Demand,2025-09-08 01:00:00.000
1973,31,19,45.391,0,NULL,NULL,Demand,2025-09-08 01:00:00.000
1974,31,20,58.704,0,NULL,NULL,Demand,2025-09-08 01:00:00.000
1975,31,21,31.765,0,NULL,NULL,Demand,2025-09-08 01:00:00.000
1976,31,2638,1,0,NULL,NULL,Demand,2025-09-08 01:00:00.000
1977,31,18,57.919,0,NULL,NULL,Demand,2025-09-08 01:00:00.000
1978,31,15,55.113,0,NULL,NULL,Demand,2025-09-08 01:00:00.000
1979,31,16,61.770,0,NULL,NULL,Demand,2025-09-08 01:00:00.000
1980,31,17,25.216,0,NULL,NULL,Demand,2025-09-08 01:00:00.000
1981,31,226,533.651,0,NULL,NULL,Demand,2025-09-08 01:00:00.000
1982,31,3348,1,0,NULL,NULL,Other,2025-09-08 01:00:00.000
1983,31,5208,57.800,0,NULL,NULL,Other,2025-09-08 01:00:00.000
1984,31,5209,55.240,0,NULL,NULL,Other,2025-09-08 01:00:00.000
1985,31,5210,68.707,0,NULL,NULL,Other,2025-09-08 01:00:00.000
1986,31,5211,37.244,0,NULL,NULL,Other,2025-09-08 01:00:00.000
1987,31,5212,25.223,0,NULL,NULL,Other,2025-09-08 01:00:00.000
1988,31,5213,31.620,0,NULL,NULL,Other,2025-09-08 01:00:00.000
1989,31,5214,57.919,0,NULL,NULL,Other,2025-09-08 01:00:00.000
1990,31,5215,0,0,NULL,NULL,Other,2025-09-08 01:00:00.000
1991,31,427,150,0,NULL,NULL,Other,2025-09-08 01:00:00.000
1992,31,428,150,0,NULL,NULL,Other,2025-09-08 01:00:00.000
1993,31,429,150,0,NULL,NULL,Other,2025-09-08 01:00:00.000
1994,31,430,150,0,NULL,NULL,Other,2025-09-08 01:00:00.000
1995,31,431,150,0,NULL,NULL,Other,2025-09-08 01:00:00.000
1996,31,432,0,0,NULL,NULL,Other,2025-09-08 01:00:00.000
1997,31,433,0,0,NULL,NULL,Other,2025-09-08 01:00:00.000
1998,31,434,0,0,NULL,NULL,Other,2025-09-08 01:00:00.000
1999,31,435,0,0,NULL,NULL,Other,2025-09-08 01:00:00.000
2000,31,1042,0.843,0,NULL,NULL,Other,2025-09-08 01:00:00.000
2001,31,1043,0.874,0,NULL,NULL,Other,2025-09-08 01:00:00.000
2002,31,1044,0.898,0,NULL,NULL,Other,2025-09-08 01:00:00.000
2003,31,1054,0,0,NULL,NULL,Other,2025-09-08 01:00:00.000
2004,31,389,1,0,NULL,NULL,Other,2025-09-08 01:00:00.000
2005,31,390,1,0,NULL,NULL,Other,2025-09-08 01:00:00.000
2006,31,391,1,0,NULL,NULL,Other,2025-09-08 01:00:00.000
2007,31,392,1,0,NULL,NULL,Other,2025-09-08 01:00:00.000
2008,31,393,1,0,NULL,NULL,Other,2025-09-08 01:00:00.000
2009,31,394,1,0,NULL,NULL,Other,2025-09-08 01:00:00.000
2010,31,5183,159.704,0,NULL,NULL,Other,2025-09-08 01:00:00.000
2011,31,5184,271.499,0,NULL,NULL,Other,2025-09-08 01:00:00.000
2012,31,5185,1488.725,0,NULL,NULL,Other,2025-09-08 01:00:00.000
2013,31,5186,52.215,0,NULL,NULL,Other,2025-09-08 01:00:00.000
2014,31,5187,240.977,0,NULL,NULL,Other,2025-09-08 01:00:00.000
2015,31,5188,387.186,0,NULL,NULL,Other,2025-09-08 01:00:00.000
2016,31,5189,8.586,0,NULL,NULL,Other,2025-09-08 01:00:00.000
2017,31,5190,-28.619,0,NULL,NULL,Other,2025-09-08 01:00:00.000
2018,31,5191,18.712,0,NULL,NULL,Other,2025-09-08 01:00:00.000
2019,31,5192,128.047,0,NULL,NULL,Other,2025-09-08 01:00:00.000
2020,31,5193,24.279,0,NULL,NULL,Other,2025-09-08 01:00:00.000
2021,31,1048,311.622,0,NULL,NULL,Other,2025-09-08 01:00:00.000
2022,31,1049,83.194,0,NULL,NULL,Other,2025-09-08 01:00:00.000
2023,31,1050,178.559,0,NULL,NULL,Other,2025-09-08 01:00:00.000
2024,31,1051,147.875,0,NULL,NULL,Other,2025-09-08 01:00:00.000
2025,31,1052,97.297,0,NULL,NULL,Other,2025-09-08 01:00:00.000
2026,31,2748,55.113,0,NULL,NULL,Other,2025-09-08 01:00:00.000
2027,31,2749,61.770,0,NULL,NULL,Other,2025-09-08 01:00:00.000
2028,31,2750,25.216,0,NULL,NULL,Other,2025-09-08 01:00:00.000
2029,31,1053,126.990,0,NULL,NULL,Other,2025-09-08 01:00:00.000
2030,31,229,416.879,0,NULL,NULL,Other,2025-09-08 01:00:00.000
2031,31,4788,5,0,NULL,NULL,Other,2025-09-08 01:00:00.000
2032,31,395,1,0,NULL,NULL,Other,2025-09-08 01:00:00.000
2033,31,425,416.879,0,NULL,NULL,Other,2025-09-08 01:00:00.000
2034,31,77,488.322,0,NULL,NULL,Other,2025-09-08 01:00:00.000
2035,31,1047,518.950,0,NULL,NULL,Other,2025-09-08 01:00:00.000
2036,31,403,110,0,NULL,NULL,Other,2025-09-08 01:00:00.000
2037,31,69,359.632,0,NULL,NULL,Other,2025-09-08 01:00:00.000
2038,31,70,218.966,0,NULL,NULL,Other,2025-09-08 01:00:00.000
2039,31,71,215.650,0,NULL,NULL,Other,2025-09-08 01:00:00.000
2040,31,72,163.487,0,NULL,NULL,Other,2025-09-08 01:00:00.000
2041,31,73,171.834,0,NULL,NULL,Other,2025-09-08 01:00:00.000
2042,31,74,17.123,0,NULL,NULL,Other,2025-09-08 01:00:00.000
2043,31,75,16.654,0,NULL,NULL,Other,2025-09-08 01:00:00.000
2044,31,76,13.724,0,NULL,NULL,Other,2025-09-08 01:00:00.000
2045,31,1151,5.980,0,NULL,NULL,Other,2025-09-08 01:00:00.000
2046,31,334,15000,0,NULL,NULL,Other,2025-09-08 01:00:00.000
2047,31,58,1,0,NULL,NULL,Other,2025-09-08 01:00:00.000
2048,31,59,1,0,NULL,NULL,Other,2025-09-08 01:00:00.000
2049,31,60,1,0,NULL,NULL,Other,2025-09-08 01:00:00.000
2050,31,61,1,0,NULL,NULL,Other,2025-09-08 01:00:00.000
2051,31,62,1,0,NULL,NULL,Other,2025-09-08 01:00:00.000
2052,31,166,29.763,0,NULL,NULL,Other,2025-09-08 01:00:00.000
2053,31,167,6.765,0,NULL,NULL,Other,2025-09-08 01:00:00.000
2054,31,168,11.374,0,NULL,NULL,Other,2025-09-08 01:00:00.000
2055,31,78,40,0,NULL,NULL,Other,2025-09-08 01:00:00.000
2056,31,169,0.001,0,NULL,NULL,Other,2025-09-08 01:00:00.000
2057,31,352,1488.338,0,NULL,NULL,Other,2025-09-08 01:00:00.000
2058,31,225,1171.835,0,NULL,NULL,Other,2025-09-08 01:00:00.000
2059,31,354,79535.382,0,NULL,NULL,Other,2025-09-08 01:00:00.000
2060,31,3333,0,0,NULL,NULL,Other,2025-09-08 01:00:00.000
2061,31,3334,0,0,NULL,NULL,Other,2025-09-08 01:00:00.000
2062,31,2929,0,0,NULL,NULL,Other,2025-09-08 01:00:00.000
2063,31,2936,0,0,NULL,NULL,Other,2025-09-08 01:00:00.000
2064,31,2941,0,0,NULL,NULL,Other,2025-09-08 01:00:00.000
2065,31,2948,0,0,NULL,NULL,Other,2025-09-08 01:00:00.000
2066,31,2953,0,0,NULL,NULL,Other,2025-09-08 01:00:00.000
2067,31,2960,0,0,NULL,NULL,Other,2025-09-08 01:00:00.000
2068,31,2964,0,0,NULL,NULL,Other,2025-09-08 01:00:00.000
2069,31,3332,1,0,NULL,NULL,Other,2025-09-08 01:00:00.000
2070,31,4061,1,0,NULL,NULL,Other,2025-09-08 01:00:00.000
2071,31,4062,1,0,NULL,NULL,Other,2025-09-08 01:00:00.000
2072,31,4063,0,0,NULL,NULL,Other,2025-09-08 01:00:00.000
2073,31,4064,0,0,NULL,NULL,Other,2025-09-08 01:00:00.000
2074,31,4065,0,0,NULL,NULL,Other,2025-09-08 01:00:00.000
2075,31,4066,0,0,NULL,NULL,Other,2025-09-08 01:00:00.000
2076,31,4067,0,0,NULL,NULL,Other,2025-09-08 01:00:00.000
2077,31,4068,0,0,NULL,NULL,Other,2025-09-08 01:00:00.000
2078,31,4069,1,0,NULL,NULL,Other,2025-09-08 01:00:00.000
2079,31,4070,0,0,NULL,NULL,Other,2025-09-08 01:00:00.000
2080,31,4071,0,0,NULL,NULL,Other,2025-09-08 01:00:00.000
2081,31,4785,2.914,0,NULL,NULL,Other,2025-09-08 01:00:00.000
2082,31,4786,3,0,NULL,NULL,Other,2025-09-08 01:00:00.000
2083,31,5181,2.914,0,NULL,NULL,Other,2025-09-08 01:00:00.000
2084,31,5182,5,0,NULL,NULL,Other,2025-09-08 01:00:00.000
2085,31,4787,0,0,NULL,NULL,Other,2025-09-08 01:00:00.000
2086,31,4926,0,0,NULL,NULL,Other,2025-09-08 01:00:00.000
2087,31,4892,0,0,NULL,NULL,Other,2025-09-08 01:00:00.000
2088,31,278,6,0,NULL,NULL,Other,2025-09-08 01:00:00.000
2089,31,357,533.651,0,NULL,NULL,Other,2025-09-08 01:00:00.000
2090,31,5073,110,0,NULL,NULL,Other,2025-09-08 01:00:00.000
2091,31,5074,120,0,NULL,NULL,Other,2025-09-08 01:00:00.000
2092,31,4807,0,0,NULL,NULL,Other,2025-09-08 01:00:00.000
2093,31,276,4,0,NULL,NULL,Other,2025-09-08 01:00:00.000
2094,31,200,0,0,NULL,NULL,Other,2025-09-08 01:00:00.000
2095,31,1152,0,0,NULL,NULL,Other,2025-09-08 01:00:00.000
2096,31,1153,0,0,NULL,NULL,Other,2025-09-08 01:00:00.000
2097,31,3329,81.859,0,NULL,NULL,Other,2025-09-08 01:00:00.000
2098,31,1116,11.500,0,NULL,NULL,Other,2025-09-08 01:00:00.000
2099,31,1117,13,0,NULL,NULL,Other,2025-09-08 01:00:00.000
2100,31,1118,24,0,NULL,NULL,Other,2025-09-08 01:00:00.000
2101,31,1119,6,0,NULL,NULL,Other,2025-09-08 01:00:00.000
2102,31,1120,7,0,NULL,NULL,Other,2025-09-08 01:00:00.000
2103,31,405,0.904,0,NULL,NULL,Other,2025-09-08 01:00:00.000
2104,31,407,1.062,0,NULL,NULL,Other,2025-09-08 01:00:00.000
2105,31,409,1.560,0,NULL,NULL,Other,2025-09-08 01:00:00.000
2106,31,4073,3.526,0,NULL,NULL,Other,2025-09-08 01:00:00.000
2107,31,4076,0.004,0,NULL,NULL,Other,2025-09-08 01:00:00.000
2108,31,406,0.011,0,NULL,NULL,Other,2025-09-08 01:00:00.000
2109,31,408,0.837,0,NULL,NULL,Other,2025-09-08 01:00:00.000
2110,31,410,1.778,0,NULL,NULL,Other,2025-09-08 01:00:00.000
2111,31,412,0,0,NULL,NULL,Other,2025-09-08 01:00:00.000
2112,31,4077,2.627,0,NULL,NULL,Other,2025-09-08 01:00:00.000
2113,31,1114,45,0,NULL,NULL,Other,2025-09-08 01:00:00.000
2114,31,1115,3.500,0,NULL,NULL,Other,2025-09-08 01:00:00.000
2115,31,396,3.500,0,NULL,NULL,Other,2025-09-08 01:00:00.000
2116,31,397,11.500,0,NULL,NULL,Other,2025-09-08 01:00:00.000
2117,31,398,13,0,NULL,NULL,Other,2025-09-08 01:00:00.000
2118,31,399,24,0,NULL,NULL,Other,2025-09-08 01:00:00.000
2119,31,400,6,0,NULL,NULL,Other,2025-09-08 01:00:00.000
2120,31,401,7,0,NULL,NULL,Other,2025-09-08 01:00:00.000
2121,31,4079,65,0,NULL,NULL,Other,2025-09-08 01:00:00.000
2122,31,4080,45,0,NULL,NULL,Other,2025-09-08 01:00:00.000
2123,31,418,21.481,0,NULL,NULL,Other,2025-09-08 01:00:00.000
2124,31,5196,102183.299,0,NULL,NULL,Other,2025-09-08 01:00:00.000
2125,31,5197,13512.033,0,NULL,NULL,Other,2025-09-08 01:00:00.000
2126,31,5216,10,0,NULL,NULL,Other,2025-09-08 01:00:00.000
2127,31,235,NULL,NULL,false,true,Equipment,2025-09-08 01:00:00.000
2128,31,234,NULL,NULL,false,true,Equipment,2025-09-08 01:00:00.000
2129,31,237,NULL,NULL,false,true,Equipment,2025-09-08 01:00:00.000
2130,31,238,NULL,NULL,false,true,Equipment,2025-09-08 01:00:00.000
2131,31,245,NULL,NULL,false,true,Equipment,2025-09-08 01:00:00.000
2132,31,244,NULL,NULL,false,true,Equipment,2025-09-08 01:00:00.000
2133,31,247,NULL,NULL,false,true,Equipment,2025-09-08 01:00:00.000
2134,31,248,NULL,NULL,false,true,Equipment,2025-09-08 01:00:00.000
2135,31,252,NULL,NULL,false,true,Equipment,2025-09-08 01:00:00.000
2136,31,251,NULL,NULL,false,true,Equipment,2025-09-08 01:00:00.000
2137,31,62,NULL,NULL,false,true,Equipment,2025-09-08 01:00:00.000
2138,31,230,NULL,NULL,false,true,Equipment,2025-09-08 01:00:00.000
2139,31,231,NULL,NULL,false,true,Equipment,2025-09-08 01:00:00.000
2140,31,232,NULL,NULL,false,true,Equipment,2025-09-08 01:00:00.000
2141,31,233,NULL,NULL,false,true,Equipment,2025-09-08 01:00:00.000
2142,31,236,NULL,NULL,false,true,Equipment,2025-09-08 01:00:00.000
2143,31,239,NULL,NULL,false,true,Equipment,2025-09-08 01:00:00.000
2144,31,240,NULL,NULL,false,true,Equipment,2025-09-08 01:00:00.000
2145,31,241,NULL,NULL,false,true,Equipment,2025-09-08 01:00:00.000
2146,31,242,NULL,NULL,false,true,Equipment,2025-09-08 01:00:00.000
2147,31,243,NULL,NULL,false,true,Equipment,2025-09-08 01:00:00.000
2148,31,246,NULL,NULL,false,true,Equipment,2025-09-08 01:00:00.000
2149,31,249,NULL,NULL,false,true,Equipment,2025-09-08 01:00:00.000
2150,31,250,NULL,NULL,false,true,Equipment,2025-09-08 01:00:00.000
2151,31,58,NULL,NULL,false,true,Equipment,2025-09-08 01:00:00.000
2152,31,59,NULL,NULL,false,true,Equipment,2025-09-08 01:00:00.000
2153,31,60,NULL,NULL,false,true,Equipment,2025-09-08 01:00:00.000
2154,31,61,NULL,NULL,false,true,Equipment,2025-09-08 01:00:00.000
2155,31,253,NULL,NULL,false,false,Equipment,2025-09-08 01:00:00.000
2156,31,254,NULL,NULL,false,false,Equipment,2025-09-08 01:00:00.000
2157,31,218,13.330,NULL,NULL,NULL,Price_Inputs,2025-09-08 01:00:00.000
2158,31,219,2.040,NULL,NULL,NULL,Price_Inputs,2025-09-08 01:00:00.000
2159,31,220,1.960,NULL,NULL,NULL,Price_Inputs,2025-09-08 01:00:00.000
2160,31,223,74.310,NULL,NULL,NULL,Plant_Parameter,2025-09-08 01:00:00.000
2161,31,2647,89.780,NULL,NULL,NULL,Plant_Parameter,2025-09-08 01:00:00.000
2162,31,221,52.900,NULL,NULL,NULL,Plant_Parameter,2025-09-08 01:00:00.000
2163,31,2645,84.270,NULL,NULL,NULL,Plant_Parameter,2025-09-08 01:00:00.000
2164,31,1190,490.170,NULL,NULL,NULL,Plant_Parameter,2025-09-08 01:00:00.000
2165,31,222,65.010,NULL,NULL,NULL,Plant_Parameter,2025-09-08 01:00:00.000
2166,31,2646,87.430,NULL,NULL,NULL,Plant_Parameter,2025-09-08 01:00:00.000
2167,31,1212,17.540,NULL,NULL,NULL,Plant_Parameter,2025-09-08 01:00:00.000
2168,31,1213,50.890,NULL,NULL,NULL,Plant_Parameter,2025-09-08 01:00:00.000
2169,31,2415,1,NULL,NULL,NULL,Plant_Parameter,2025-09-08 01:00:00.000
2170,31,426,200,NULL,NULL,NULL,Plant_Parameter,2025-09-08 01:00:00.000
2171,32,353,22.503,0,NULL,NULL,Demand,2025-09-08 01:00:00.000
2172,32,22,148.254,0,NULL,NULL,Demand,2025-09-08 01:00:00.000
2173,32,23,157.038,0,NULL,NULL,Demand,2025-09-08 01:00:00.000
2174,32,177,179.730,0,NULL,NULL,Demand,2025-09-08 01:00:00.000
2175,32,199,6,0,NULL,NULL,Demand,2025-09-08 01:00:00.000
2176,32,152,1632.583,0,NULL,NULL,Demand,2025-09-08 01:00:00.000
2177,32,154,3286.543,0,NULL,NULL,Demand,2025-09-08 01:00:00.000
2178,32,155,19262.452,0,NULL,NULL,Demand,2025-09-08 01:00:00.000
2179,32,156,19262.452,0,NULL,NULL,Demand,2025-09-08 01:00:00.000
2180,32,153,34291.352,0,NULL,NULL,Demand,2025-09-08 01:00:00.000
2181,32,2920,1800,0,NULL,NULL,Demand,2025-09-08 01:00:00.000
2182,32,2917,22647.917,0,NULL,NULL,Demand,2025-09-08 01:00:00.000
2183,32,374,17.250,0,NULL,NULL,Demand,2025-09-08 01:00:00.000
2184,32,411,3.328,0,NULL,NULL,Demand,2025-09-08 01:00:00.000
2185,32,335,28.107,0,NULL,NULL,Demand,2025-09-08 01:00:00.000
2186,32,12,0,0,NULL,NULL,Demand,2025-09-08 01:00:00.000
2187,32,13,0,0,NULL,NULL,Demand,2025-09-08 01:00:00.000
2188,32,14,0,0,NULL,NULL,Demand,2025-09-08 01:00:00.000
2189,32,2490,0.000,0,NULL,NULL,Demand,2025-09-08 01:00:00.000
2190,32,19,45.391,0,NULL,NULL,Demand,2025-09-08 01:00:00.000
2191,32,20,58.704,0,NULL,NULL,Demand,2025-09-08 01:00:00.000
2192,32,21,31.765,0,NULL,NULL,Demand,2025-09-08 01:00:00.000
2193,32,2638,1,0,NULL,NULL,Demand,2025-09-08 01:00:00.000
2194,32,18,57.919,0,NULL,NULL,Demand,2025-09-08 01:00:00.000
2195,32,15,55.113,0,NULL,NULL,Demand,2025-09-08 01:00:00.000
2196,32,16,61.770,0,NULL,NULL,Demand,2025-09-08 01:00:00.000
2197,32,17,25.216,0,NULL,NULL,Demand,2025-09-08 01:00:00.000
2198,32,226,533.651,0,NULL,NULL,Demand,2025-09-08 01:00:00.000
2199,32,3348,1,0,NULL,NULL,Other,2025-09-08 01:00:00.000
2200,32,5208,57.800,0,NULL,NULL,Other,2025-09-08 01:00:00.000
2201,32,5209,55.240,0,NULL,NULL,Other,2025-09-08 01:00:00.000
2202,32,5210,68.707,0,NULL,NULL,Other,2025-09-08 01:00:00.000
2203,32,5211,37.244,0,NULL,NULL,Other,2025-09-08 01:00:00.000
2204,32,5212,25.223,0,NULL,NULL,Other,2025-09-08 01:00:00.000
2205,32,5213,31.620,0,NULL,NULL,Other,2025-09-08 01:00:00.000
2206,32,5214,57.919,0,NULL,NULL,Other,2025-09-08 01:00:00.000
2207,32,5215,0,0,NULL,NULL,Other,2025-09-08 01:00:00.000
2208,32,427,150,0,NULL,NULL,Other,2025-09-08 01:00:00.000
2209,32,428,150,0,NULL,NULL,Other,2025-09-08 01:00:00.000
2210,32,429,150,0,NULL,NULL,Other,2025-09-08 01:00:00.000
2211,32,430,150,0,NULL,NULL,Other,2025-09-08 01:00:00.000
2212,32,431,150,0,NULL,NULL,Other,2025-09-08 01:00:00.000
2213,32,432,0,0,NULL,NULL,Other,2025-09-08 01:00:00.000
2214,32,433,0,0,NULL,NULL,Other,2025-09-08 01:00:00.000
2215,32,434,0,0,NULL,NULL,Other,2025-09-08 01:00:00.000
2216,32,435,0,0,NULL,NULL,Other,2025-09-08 01:00:00.000
2217,32,1042,0.843,0,NULL,NULL,Other,2025-09-08 01:00:00.000
2218,32,1043,0.874,0,NULL,NULL,Other,2025-09-08 01:00:00.000
2219,32,1044,0.898,0,NULL,NULL,Other,2025-09-08 01:00:00.000
2220,32,1054,0,0,NULL,NULL,Other,2025-09-08 01:00:00.000
2221,32,389,1,0,NULL,NULL,Other,2025-09-08 01:00:00.000
2222,32,390,1,0,NULL,NULL,Other,2025-09-08 01:00:00.000
2223,32,391,1,0,NULL,NULL,Other,2025-09-08 01:00:00.000
2224,32,392,1,0,NULL,NULL,Other,2025-09-08 01:00:00.000
2225,32,393,1,0,NULL,NULL,Other,2025-09-08 01:00:00.000
2226,32,394,1,0,NULL,NULL,Other,2025-09-08 01:00:00.000
2227,32,5183,159.704,0,NULL,NULL,Other,2025-09-08 01:00:00.000
2228,32,5184,271.499,0,NULL,NULL,Other,2025-09-08 01:00:00.000
2229,32,5185,1488.725,0,NULL,NULL,Other,2025-09-08 01:00:00.000
2230,32,5186,52.215,0,NULL,NULL,Other,2025-09-08 01:00:00.000
2231,32,5187,240.977,0,NULL,NULL,Other,2025-09-08 01:00:00.000
2232,32,5188,387.186,0,NULL,NULL,Other,2025-09-08 01:00:00.000
2233,32,5189,8.586,0,NULL,NULL,Other,2025-09-08 01:00:00.000
2234,32,5190,-28.619,0,NULL,NULL,Other,2025-09-08 01:00:00.000
2235,32,5191,18.712,0,NULL,NULL,Other,2025-09-08 01:00:00.000
2236,32,5192,128.047,0,NULL,NULL,Other,2025-09-08 01:00:00.000
2237,32,5193,24.279,0,NULL,NULL,Other,2025-09-08 01:00:00.000
2238,32,1048,311.622,0,NULL,NULL,Other,2025-09-08 01:00:00.000
2239,32,1049,83.194,0,NULL,NULL,Other,2025-09-08 01:00:00.000
2240,32,1050,178.559,0,NULL,NULL,Other,2025-09-08 01:00:00.000
2241,32,1051,147.875,0,NULL,NULL,Other,2025-09-08 01:00:00.000
2242,32,1052,97.297,0,NULL,NULL,Other,2025-09-08 01:00:00.000
2243,32,2748,55.113,0,NULL,NULL,Other,2025-09-08 01:00:00.000
2244,32,2749,61.770,0,NULL,NULL,Other,2025-09-08 01:00:00.000
2245,32,2750,25.216,0,NULL,NULL,Other,2025-09-08 01:00:00.000
2246,32,1053,126.990,0,NULL,NULL,Other,2025-09-08 01:00:00.000
2247,32,229,416.879,0,NULL,NULL,Other,2025-09-08 01:00:00.000
2248,32,4788,5,0,NULL,NULL,Other,2025-09-08 01:00:00.000
2249,32,395,1,0,NULL,NULL,Other,2025-09-08 01:00:00.000
2250,32,425,416.879,0,NULL,NULL,Other,2025-09-08 01:00:00.000
2251,32,77,488.322,0,NULL,NULL,Other,2025-09-08 01:00:00.000
2252,32,1047,518.950,0,NULL,NULL,Other,2025-09-08 01:00:00.000
2253,32,403,110,0,NULL,NULL,Other,2025-09-08 01:00:00.000
2254,32,69,359.632,0,NULL,NULL,Other,2025-09-08 01:00:00.000
2255,32,70,218.966,0,NULL,NULL,Other,2025-09-08 01:00:00.000
2256,32,71,215.650,0,NULL,NULL,Other,2025-09-08 01:00:00.000
2257,32,72,163.487,0,NULL,NULL,Other,2025-09-08 01:00:00.000
2258,32,73,171.834,0,NULL,NULL,Other,2025-09-08 01:00:00.000
2259,32,74,17.123,0,NULL,NULL,Other,2025-09-08 01:00:00.000
2260,32,75,16.654,0,NULL,NULL,Other,2025-09-08 01:00:00.000
2261,32,76,13.724,0,NULL,NULL,Other,2025-09-08 01:00:00.000
2262,32,1151,5.980,0,NULL,NULL,Other,2025-09-08 01:00:00.000
2263,32,334,15000,0,NULL,NULL,Other,2025-09-08 01:00:00.000
2264,32,58,1,0,NULL,NULL,Other,2025-09-08 01:00:00.000
2265,32,59,1,0,NULL,NULL,Other,2025-09-08 01:00:00.000
2266,32,60,1,0,NULL,NULL,Other,2025-09-08 01:00:00.000
2267,32,61,1,0,NULL,NULL,Other,2025-09-08 01:00:00.000
2268,32,62,1,0,NULL,NULL,Other,2025-09-08 01:00:00.000
2269,32,166,29.763,0,NULL,NULL,Other,2025-09-08 01:00:00.000
2270,32,167,6.765,0,NULL,NULL,Other,2025-09-08 01:00:00.000
2271,32,168,11.374,0,NULL,NULL,Other,2025-09-08 01:00:00.000
2272,32,78,40,0,NULL,NULL,Other,2025-09-08 01:00:00.000
2273,32,169,0.001,0,NULL,NULL,Other,2025-09-08 01:00:00.000
2274,32,352,1488.338,0,NULL,NULL,Other,2025-09-08 01:00:00.000
2275,32,225,1171.835,0,NULL,NULL,Other,2025-09-08 01:00:00.000
2276,32,354,79535.382,0,NULL,NULL,Other,2025-09-08 01:00:00.000
2277,32,3333,0,0,NULL,NULL,Other,2025-09-08 01:00:00.000
2278,32,3334,0,0,NULL,NULL,Other,2025-09-08 01:00:00.000
2279,32,2929,0,0,NULL,NULL,Other,2025-09-08 01:00:00.000
2280,32,2936,0,0,NULL,NULL,Other,2025-09-08 01:00:00.000
2281,32,2941,0,0,NULL,NULL,Other,2025-09-08 01:00:00.000
2282,32,2948,0,0,NULL,NULL,Other,2025-09-08 01:00:00.000
2283,32,2953,0,0,NULL,NULL,Other,2025-09-08 01:00:00.000
2284,32,2960,0,0,NULL,NULL,Other,2025-09-08 01:00:00.000
2285,32,2964,0,0,NULL,NULL,Other,2025-09-08 01:00:00.000
2286,32,3332,1,0,NULL,NULL,Other,2025-09-08 01:00:00.000
2287,32,4061,1,0,NULL,NULL,Other,2025-09-08 01:00:00.000
2288,32,4062,1,0,NULL,NULL,Other,2025-09-08 01:00:00.000
2289,32,4063,0,0,NULL,NULL,Other,2025-09-08 01:00:00.000
2290,32,4064,0,0,NULL,NULL,Other,2025-09-08 01:00:00.000
2291,32,4065,0,0,NULL,NULL,Other,2025-09-08 01:00:00.000
2292,32,4066,0,0,NULL,NULL,Other,2025-09-08 01:00:00.000
2293,32,4067,0,0,NULL,NULL,Other,2025-09-08 01:00:00.000
2294,32,4068,0,0,NULL,NULL,Other,2025-09-08 01:00:00.000
2295,32,4069,1,0,NULL,NULL,Other,2025-09-08 01:00:00.000
2296,32,4070,0,0,NULL,NULL,Other,2025-09-08 01:00:00.000
2297,32,4071,0,0,NULL,NULL,Other,2025-09-08 01:00:00.000
2298,32,4785,2.914,0,NULL,NULL,Other,2025-09-08 01:00:00.000
2299,32,4786,3,0,NULL,NULL,Other,2025-09-08 01:00:00.000
2300,32,5181,2.914,0,NULL,NULL,Other,2025-09-08 01:00:00.000
2301,32,5182,5,0,NULL,NULL,Other,2025-09-08 01:00:00.000
2302,32,4787,0,0,NULL,NULL,Other,2025-09-08 01:00:00.000
2303,32,4926,0,0,NULL,NULL,Other,2025-09-08 01:00:00.000
2304,32,4892,0,0,NULL,NULL,Other,2025-09-08 01:00:00.000
2305,32,278,6,0,NULL,NULL,Other,2025-09-08 01:00:00.000
2306,32,357,533.651,0,NULL,NULL,Other,2025-09-08 01:00:00.000
2307,32,5073,110,0,NULL,NULL,Other,2025-09-08 01:00:00.000
2308,32,5074,120,0,NULL,NULL,Other,2025-09-08 01:00:00.000
2309,32,4807,0,0,NULL,NULL,Other,2025-09-08 01:00:00.000
2310,32,276,4,0,NULL,NULL,Other,2025-09-08 01:00:00.000
2311,32,200,0,0,NULL,NULL,Other,2025-09-08 01:00:00.000
2312,32,1152,0,0,NULL,NULL,Other,2025-09-08 01:00:00.000
2313,32,1153,0,0,NULL,NULL,Other,2025-09-08 01:00:00.000
2314,32,3329,81.859,0,NULL,NULL,Other,2025-09-08 01:00:00.000
2315,32,1116,11.500,0,NULL,NULL,Other,2025-09-08 01:00:00.000
2316,32,1117,13,0,NULL,NULL,Other,2025-09-08 01:00:00.000
2317,32,1118,24,0,NULL,NULL,Other,2025-09-08 01:00:00.000
2318,32,1119,6,0,NULL,NULL,Other,2025-09-08 01:00:00.000
2319,32,1120,7,0,NULL,NULL,Other,2025-09-08 01:00:00.000
2320,32,405,0.904,0,NULL,NULL,Other,2025-09-08 01:00:00.000
2321,32,407,1.062,0,NULL,NULL,Other,2025-09-08 01:00:00.000
2322,32,409,1.560,0,NULL,NULL,Other,2025-09-08 01:00:00.000
2323,32,4073,3.526,0,NULL,NULL,Other,2025-09-08 01:00:00.000
2324,32,4076,0.004,0,NULL,NULL,Other,2025-09-08 01:00:00.000
2325,32,406,0.011,0,NULL,NULL,Other,2025-09-08 01:00:00.000
2326,32,408,0.837,0,NULL,NULL,Other,2025-09-08 01:00:00.000
2327,32,410,1.778,0,NULL,NULL,Other,2025-09-08 01:00:00.000
2328,32,412,0,0,NULL,NULL,Other,2025-09-08 01:00:00.000
2329,32,4077,2.627,0,NULL,NULL,Other,2025-09-08 01:00:00.000
2330,32,1114,45,0,NULL,NULL,Other,2025-09-08 01:00:00.000
2331,32,1115,3.500,0,NULL,NULL,Other,2025-09-08 01:00:00.000
2332,32,396,3.500,0,NULL,NULL,Other,2025-09-08 01:00:00.000
2333,32,397,11.500,0,NULL,NULL,Other,2025-09-08 01:00:00.000
2334,32,398,13,0,NULL,NULL,Other,2025-09-08 01:00:00.000
2335,32,399,24,0,NULL,NULL,Other,2025-09-08 01:00:00.000
2336,32,400,6,0,NULL,NULL,Other,2025-09-08 01:00:00.000
2337,32,401,7,0,NULL,NULL,Other,2025-09-08 01:00:00.000
2338,32,4079,65,0,NULL,NULL,Other,2025-09-08 01:00:00.000
2339,32,4080,45,0,NULL,NULL,Other,2025-09-08 01:00:00.000
2340,32,418,21.481,0,NULL,NULL,Other,2025-09-08 01:00:00.000
2341,32,5196,102183.299,0,NULL,NULL,Other,2025-09-08 01:00:00.000
2342,32,5197,13512.033,0,NULL,NULL,Other,2025-09-08 01:00:00.000
2343,32,5216,10,0,NULL,NULL,Other,2025-09-08 01:00:00.000
2344,32,235,NULL,NULL,false,true,Equipment,2025-09-08 01:00:00.000
2345,32,234,NULL,NULL,false,true,Equipment,2025-09-08 01:00:00.000
2346,32,237,NULL,NULL,false,true,Equipment,2025-09-08 01:00:00.000
2347,32,238,NULL,NULL,false,true,Equipment,2025-09-08 01:00:00.000
2348,32,245,NULL,NULL,false,true,Equipment,2025-09-08 01:00:00.000
2349,32,244,NULL,NULL,false,true,Equipment,2025-09-08 01:00:00.000
2350,32,247,NULL,NULL,false,true,Equipment,2025-09-08 01:00:00.000
2351,32,248,NULL,NULL,false,true,Equipment,2025-09-08 01:00:00.000
2352,32,252,NULL,NULL,false,true,Equipment,2025-09-08 01:00:00.000
2353,32,251,NULL,NULL,false,true,Equipment,2025-09-08 01:00:00.000
2354,32,62,NULL,NULL,false,true,Equipment,2025-09-08 01:00:00.000
2355,32,230,NULL,NULL,false,true,Equipment,2025-09-08 01:00:00.000
2356,32,231,NULL,NULL,false,true,Equipment,2025-09-08 01:00:00.000
2357,32,232,NULL,NULL,false,true,Equipment,2025-09-08 01:00:00.000
2358,32,233,NULL,NULL,false,true,Equipment,2025-09-08 01:00:00.000
2359,32,236,NULL,NULL,false,true,Equipment,2025-09-08 01:00:00.000
2360,32,239,NULL,NULL,false,true,Equipment,2025-09-08 01:00:00.000
2361,32,240,NULL,NULL,false,true,Equipment,2025-09-08 01:00:00.000
2362,32,241,NULL,NULL,false,true,Equipment,2025-09-08 01:00:00.000
2363,32,242,NULL,NULL,false,true,Equipment,2025-09-08 01:00:00.000
2364,32,243,NULL,NULL,false,true,Equipment,2025-09-08 01:00:00.000
2365,32,246,NULL,NULL,false,true,Equipment,2025-09-08 01:00:00.000
2366,32,249,NULL,NULL,false,true,Equipment,2025-09-08 01:00:00.000
2367,32,250,NULL,NULL,false,true,Equipment,2025-09-08 01:00:00.000
2368,32,58,NULL,NULL,false,true,Equipment,2025-09-08 01:00:00.000
2369,32,59,NULL,NULL,false,true,Equipment,2025-09-08 01:00:00.000
2370,32,60,NULL,NULL,false,true,Equipment,2025-09-08 01:00:00.000
2371,32,61,NULL,NULL,false,true,Equipment,2025-09-08 01:00:00.000
2372,32,253,NULL,NULL,false,false,Equipment,2025-09-08 01:00:00.000
2373,32,254,NULL,NULL,false,false,Equipment,2025-09-08 01:00:00.000
2374,32,218,13.330,NULL,NULL,NULL,Price_Inputs,2025-09-08 01:00:00.000
2375,32,219,2.040,NULL,NULL,NULL,Price_Inputs,2025-09-08 01:00:00.000
2376,32,220,1.960,NULL,NULL,NULL,Price_Inputs,2025-09-08 01:00:00.000
2377,32,223,74.310,NULL,NULL,NULL,Plant_Parameter,2025-09-08 01:00:00.000
2378,32,2647,89.780,NULL,NULL,NULL,Plant_Parameter,2025-09-08 01:00:00.000
2379,32,221,52.900,NULL,NULL,NULL,Plant_Parameter,2025-09-08 01:00:00.000
2380,32,2645,84.270,NULL,NULL,NULL,Plant_Parameter,2025-09-08 01:00:00.000
2381,32,1190,490.170,NULL,NULL,NULL,Plant_Parameter,2025-09-08 01:00:00.000
2382,32,222,65.010,NULL,NULL,NULL,Plant_Parameter,2025-09-08 01:00:00.000
2383,32,2646,87.430,NULL,NULL,NULL,Plant_Parameter,2025-09-08 01:00:00.000
2384,32,1212,17.540,NULL,NULL,NULL,Plant_Parameter,2025-09-08 01:00:00.000
2385,32,1213,50.890,NULL,NULL,NULL,Plant_Parameter,2025-09-08 01:00:00.000
2386,32,2415,1,NULL,NULL,NULL,Plant_Parameter,2025-09-08 01:00:00.000
2387,32,426,200,NULL,NULL,NULL,Plant_Parameter,2025-09-08 01:00:00.000
2388,37,353,22.503,0,NULL,NULL,Demand,2025-09-08 01:00:00.000
2389,37,22,148.254,0,NULL,NULL,Demand,2025-09-08 01:00:00.000
2390,37,23,157.038,0,NULL,NULL,Demand,2025-09-08 01:00:00.000
2391,37,177,179.730,0,NULL,NULL,Demand,2025-09-08 01:00:00.000
2392,37,199,6,0,NULL,NULL,Demand,2025-09-08 01:00:00.000
2393,37,152,1632.583,0,NULL,NULL,Demand,2025-09-08 01:00:00.000
2394,37,154,3286.543,0,NULL,NULL,Demand,2025-09-08 01:00:00.000
2395,37,155,19262.452,0,NULL,NULL,Demand,2025-09-08 01:00:00.000
2396,37,156,19262.452,0,NULL,NULL,Demand,2025-09-08 01:00:00.000
2397,37,153,34291.352,0,NULL,NULL,Demand,2025-09-08 01:00:00.000
2398,37,2920,1800,0,NULL,NULL,Demand,2025-09-08 01:00:00.000
2399,37,2917,22647.917,0,NULL,NULL,Demand,2025-09-08 01:00:00.000
2400,37,374,17.250,0,NULL,NULL,Demand,2025-09-08 01:00:00.000
2401,37,411,3.328,0,NULL,NULL,Demand,2025-09-08 01:00:00.000
2402,37,335,28.107,0,NULL,NULL,Demand,2025-09-08 01:00:00.000
2403,37,12,0,0,NULL,NULL,Demand,2025-09-08 01:00:00.000
2404,37,13,0,0,NULL,NULL,Demand,2025-09-08 01:00:00.000
2405,37,14,0,0,NULL,NULL,Demand,2025-09-08 01:00:00.000
2406,37,2490,0.000,0,NULL,NULL,Demand,2025-09-08 01:00:00.000
2407,37,19,45.391,0,NULL,NULL,Demand,2025-09-08 01:00:00.000
2408,37,20,58.704,0,NULL,NULL,Demand,2025-09-08 01:00:00.000
2409,37,21,31.765,0,NULL,NULL,Demand,2025-09-08 01:00:00.000
2410,37,2638,1,0,NULL,NULL,Demand,2025-09-08 01:00:00.000
2411,37,18,57.919,0,NULL,NULL,Demand,2025-09-08 01:00:00.000
2412,37,15,55.113,0,NULL,NULL,Demand,2025-09-08 01:00:00.000
2413,37,16,61.770,0,NULL,NULL,Demand,2025-09-08 01:00:00.000
2414,37,17,25.216,0,NULL,NULL,Demand,2025-09-08 01:00:00.000
2415,37,226,533.651,0,NULL,NULL,Demand,2025-09-08 01:00:00.000
2416,37,3348,1,0,NULL,NULL,Other,2025-09-08 01:00:00.000
2417,37,5208,57.800,0,NULL,NULL,Other,2025-09-08 01:00:00.000
2418,37,5209,55.240,0,NULL,NULL,Other,2025-09-08 01:00:00.000
2419,37,5210,68.707,0,NULL,NULL,Other,2025-09-08 01:00:00.000
2420,37,5211,37.244,0,NULL,NULL,Other,2025-09-08 01:00:00.000
2421,37,5212,25.223,0,NULL,NULL,Other,2025-09-08 01:00:00.000
2422,37,5213,31.620,0,NULL,NULL,Other,2025-09-08 01:00:00.000
2423,37,5214,57.919,0,NULL,NULL,Other,2025-09-08 01:00:00.000
2424,37,5215,0,0,NULL,NULL,Other,2025-09-08 01:00:00.000
2425,37,427,150,0,NULL,NULL,Other,2025-09-08 01:00:00.000
2426,37,428,150,0,NULL,NULL,Other,2025-09-08 01:00:00.000
2427,37,429,150,0,NULL,NULL,Other,2025-09-08 01:00:00.000
2428,37,430,150,0,NULL,NULL,Other,2025-09-08 01:00:00.000
2429,37,431,150,0,NULL,NULL,Other,2025-09-08 01:00:00.000
2430,37,432,0,0,NULL,NULL,Other,2025-09-08 01:00:00.000
2431,37,433,0,0,NULL,NULL,Other,2025-09-08 01:00:00.000
2432,37,434,0,0,NULL,NULL,Other,2025-09-08 01:00:00.000
2433,37,435,0,0,NULL,NULL,Other,2025-09-08 01:00:00.000
2434,37,1042,0.843,0,NULL,NULL,Other,2025-09-08 01:00:00.000
2435,37,1043,0.874,0,NULL,NULL,Other,2025-09-08 01:00:00.000
2436,37,1044,0.898,0,NULL,NULL,Other,2025-09-08 01:00:00.000
2437,37,1054,0,0,NULL,NULL,Other,2025-09-08 01:00:00.000
2438,37,389,1,0,NULL,NULL,Other,2025-09-08 01:00:00.000
2439,37,390,1,0,NULL,NULL,Other,2025-09-08 01:00:00.000
2440,37,391,1,0,NULL,NULL,Other,2025-09-08 01:00:00.000
2441,37,392,1,0,NULL,NULL,Other,2025-09-08 01:00:00.000
2442,37,393,1,0,NULL,NULL,Other,2025-09-08 01:00:00.000
2443,37,394,1,0,NULL,NULL,Other,2025-09-08 01:00:00.000
2444,37,5183,159.704,0,NULL,NULL,Other,2025-09-08 01:00:00.000
2445,37,5184,271.499,0,NULL,NULL,Other,2025-09-08 01:00:00.000
2446,37,5185,1488.725,0,NULL,NULL,Other,2025-09-08 01:00:00.000
2447,37,5186,52.215,0,NULL,NULL,Other,2025-09-08 01:00:00.000
2448,37,5187,240.977,0,NULL,NULL,Other,2025-09-08 01:00:00.000
2449,37,5188,387.186,0,NULL,NULL,Other,2025-09-08 01:00:00.000
2450,37,5189,8.586,0,NULL,NULL,Other,2025-09-08 01:00:00.000
2451,37,5190,-28.619,0,NULL,NULL,Other,2025-09-08 01:00:00.000
2452,37,5191,18.712,0,NULL,NULL,Other,2025-09-08 01:00:00.000
2453,37,5192,128.047,0,NULL,NULL,Other,2025-09-08 01:00:00.000
2454,37,5193,24.279,0,NULL,NULL,Other,2025-09-08 01:00:00.000
2455,37,1048,311.622,0,NULL,NULL,Other,2025-09-08 01:00:00.000
2456,37,1049,83.194,0,NULL,NULL,Other,2025-09-08 01:00:00.000
2457,37,1050,178.559,0,NULL,NULL,Other,2025-09-08 01:00:00.000
2458,37,1051,147.875,0,NULL,NULL,Other,2025-09-08 01:00:00.000
2459,37,1052,97.297,0,NULL,NULL,Other,2025-09-08 01:00:00.000
2460,37,2748,55.113,0,NULL,NULL,Other,2025-09-08 01:00:00.000
2461,37,2749,61.770,0,NULL,NULL,Other,2025-09-08 01:00:00.000
2462,37,2750,25.216,0,NULL,NULL,Other,2025-09-08 01:00:00.000
2463,37,1053,126.990,0,NULL,NULL,Other,2025-09-08 01:00:00.000
2464,37,229,416.879,0,NULL,NULL,Other,2025-09-08 01:00:00.000
2465,37,4788,5,0,NULL,NULL,Other,2025-09-08 01:00:00.000
2466,37,395,1,0,NULL,NULL,Other,2025-09-08 01:00:00.000
2467,37,425,416.879,0,NULL,NULL,Other,2025-09-08 01:00:00.000
2468,37,77,488.322,0,NULL,NULL,Other,2025-09-08 01:00:00.000
2469,37,1047,518.950,0,NULL,NULL,Other,2025-09-08 01:00:00.000
2470,37,403,110,0,NULL,NULL,Other,2025-09-08 01:00:00.000
2471,37,69,359.632,0,NULL,NULL,Other,2025-09-08 01:00:00.000
2472,37,70,218.966,0,NULL,NULL,Other,2025-09-08 01:00:00.000
2473,37,71,215.650,0,NULL,NULL,Other,2025-09-08 01:00:00.000
2474,37,72,163.487,0,NULL,NULL,Other,2025-09-08 01:00:00.000
2475,37,73,171.834,0,NULL,NULL,Other,2025-09-08 01:00:00.000
2476,37,74,17.123,0,NULL,NULL,Other,2025-09-08 01:00:00.000
2477,37,75,16.654,0,NULL,NULL,Other,2025-09-08 01:00:00.000
2478,37,76,13.724,0,NULL,NULL,Other,2025-09-08 01:00:00.000
2479,37,1151,5.980,0,NULL,NULL,Other,2025-09-08 01:00:00.000
2480,37,334,15000,0,NULL,NULL,Other,2025-09-08 01:00:00.000
2481,37,58,1,0,NULL,NULL,Other,2025-09-08 01:00:00.000
2482,37,59,1,0,NULL,NULL,Other,2025-09-08 01:00:00.000
2483,37,60,1,0,NULL,NULL,Other,2025-09-08 01:00:00.000
2484,37,61,1,0,NULL,NULL,Other,2025-09-08 01:00:00.000
2485,37,62,1,0,NULL,NULL,Other,2025-09-08 01:00:00.000
2486,37,166,29.763,0,NULL,NULL,Other,2025-09-08 01:00:00.000
2487,37,167,6.765,0,NULL,NULL,Other,2025-09-08 01:00:00.000
2488,37,168,11.374,0,NULL,NULL,Other,2025-09-08 01:00:00.000
2489,37,78,40,0,NULL,NULL,Other,2025-09-08 01:00:00.000
2490,37,169,0.001,0,NULL,NULL,Other,2025-09-08 01:00:00.000
2491,37,352,1488.338,0,NULL,NULL,Other,2025-09-08 01:00:00.000
2492,37,225,1171.835,0,NULL,NULL,Other,2025-09-08 01:00:00.000
2493,37,354,79535.382,0,NULL,NULL,Other,2025-09-08 01:00:00.000
2494,37,3333,0,0,NULL,NULL,Other,2025-09-08 01:00:00.000
2495,37,3334,0,0,NULL,NULL,Other,2025-09-08 01:00:00.000
2496,37,2929,0,0,NULL,NULL,Other,2025-09-08 01:00:00.000
2497,37,2936,0,0,NULL,NULL,Other,2025-09-08 01:00:00.000
2498,37,2941,0,0,NULL,NULL,Other,2025-09-08 01:00:00.000
2499,37,2948,0,0,NULL,NULL,Other,2025-09-08 01:00:00.000
2500,37,2953,0,0,NULL,NULL,Other,2025-09-08 01:00:00.000
2501,37,2960,0,0,NULL,NULL,Other,2025-09-08 01:00:00.000
2502,37,2964,0,0,NULL,NULL,Other,2025-09-08 01:00:00.000
2503,37,3332,1,0,NULL,NULL,Other,2025-09-08 01:00:00.000
2504,37,4061,1,0,NULL,NULL,Other,2025-09-08 01:00:00.000
2505,37,4062,1,0,NULL,NULL,Other,2025-09-08 01:00:00.000
2506,37,4063,0,0,NULL,NULL,Other,2025-09-08 01:00:00.000
2507,37,4064,0,0,NULL,NULL,Other,2025-09-08 01:00:00.000
2508,37,4065,0,0,NULL,NULL,Other,2025-09-08 01:00:00.000
2509,37,4066,0,0,NULL,NULL,Other,2025-09-08 01:00:00.000
2510,37,4067,0,0,NULL,NULL,Other,2025-09-08 01:00:00.000
2511,37,4068,0,0,NULL,NULL,Other,2025-09-08 01:00:00.000
2512,37,4069,1,0,NULL,NULL,Other,2025-09-08 01:00:00.000
2513,37,4070,0,0,NULL,NULL,Other,2025-09-08 01:00:00.000
2514,37,4071,0,0,NULL,NULL,Other,2025-09-08 01:00:00.000
2515,37,4785,2.914,0,NULL,NULL,Other,2025-09-08 01:00:00.000
2516,37,4786,3,0,NULL,NULL,Other,2025-09-08 01:00:00.000
2517,37,5181,2.914,0,NULL,NULL,Other,2025-09-08 01:00:00.000
2518,37,5182,5,0,NULL,NULL,Other,2025-09-08 01:00:00.000
2519,37,4787,0,0,NULL,NULL,Other,2025-09-08 01:00:00.000
2520,37,4926,0,0,NULL,NULL,Other,2025-09-08 01:00:00.000
2521,37,4892,0,0,NULL,NULL,Other,2025-09-08 01:00:00.000
2522,37,278,6,0,NULL,NULL,Other,2025-09-08 01:00:00.000
2523,37,357,533.651,0,NULL,NULL,Other,2025-09-08 01:00:00.000
2524,37,5073,110,0,NULL,NULL,Other,2025-09-08 01:00:00.000
2525,37,5074,120,0,NULL,NULL,Other,2025-09-08 01:00:00.000
2526,37,4807,0,0,NULL,NULL,Other,2025-09-08 01:00:00.000
2527,37,276,4,0,NULL,NULL,Other,2025-09-08 01:00:00.000
2528,37,200,0,0,NULL,NULL,Other,2025-09-08 01:00:00.000
2529,37,1152,0,0,NULL,NULL,Other,2025-09-08 01:00:00.000
2530,37,1153,0,0,NULL,NULL,Other,2025-09-08 01:00:00.000
2531,37,3329,81.859,0,NULL,NULL,Other,2025-09-08 01:00:00.000
2532,37,1116,11.500,0,NULL,NULL,Other,2025-09-08 01:00:00.000
2533,37,1117,13,0,NULL,NULL,Other,2025-09-08 01:00:00.000
2534,37,1118,24,0,NULL,NULL,Other,2025-09-08 01:00:00.000
2535,37,1119,6,0,NULL,NULL,Other,2025-09-08 01:00:00.000
2536,37,1120,7,0,NULL,NULL,Other,2025-09-08 01:00:00.000
2537,37,405,0.904,0,NULL,NULL,Other,2025-09-08 01:00:00.000
2538,37,407,1.062,0,NULL,NULL,Other,2025-09-08 01:00:00.000
2539,37,409,1.560,0,NULL,NULL,Other,2025-09-08 01:00:00.000
2540,37,4073,3.526,0,NULL,NULL,Other,2025-09-08 01:00:00.000
2541,37,4076,0.004,0,NULL,NULL,Other,2025-09-08 01:00:00.000
2542,37,406,0.011,0,NULL,NULL,Other,2025-09-08 01:00:00.000
2543,37,408,0.837,0,NULL,NULL,Other,2025-09-08 01:00:00.000
2544,37,410,1.778,0,NULL,NULL,Other,2025-09-08 01:00:00.000
2545,37,412,0,0,NULL,NULL,Other,2025-09-08 01:00:00.000
2546,37,4077,2.627,0,NULL,NULL,Other,2025-09-08 01:00:00.000
2547,37,1114,45,0,NULL,NULL,Other,2025-09-08 01:00:00.000
2548,37,1115,3.500,0,NULL,NULL,Other,2025-09-08 01:00:00.000
2549,37,396,3.500,0,NULL,NULL,Other,2025-09-08 01:00:00.000
2550,37,397,11.500,0,NULL,NULL,Other,2025-09-08 01:00:00.000
2551,37,398,13,0,NULL,NULL,Other,2025-09-08 01:00:00.000
2552,37,399,24,0,NULL,NULL,Other,2025-09-08 01:00:00.000
2553,37,400,6,0,NULL,NULL,Other,2025-09-08 01:00:00.000
2554,37,401,7,0,NULL,NULL,Other,2025-09-08 01:00:00.000
2555,37,4079,65,0,NULL,NULL,Other,2025-09-08 01:00:00.000
2556,37,4080,45,0,NULL,NULL,Other,2025-09-08 01:00:00.000
2557,37,418,21.481,0,NULL,NULL,Other,2025-09-08 01:00:00.000
2558,37,5196,102183.299,0,NULL,NULL,Other,2025-09-08 01:00:00.000
2559,37,5197,13512.033,0,NULL,NULL,Other,2025-09-08 01:00:00.000
2560,37,5216,10,0,NULL,NULL,Other,2025-09-08 01:00:00.000
2561,37,235,NULL,NULL,false,true,Equipment,2025-09-08 01:00:00.000
2562,37,234,NULL,NULL,false,true,Equipment,2025-09-08 01:00:00.000
2563,37,237,NULL,NULL,false,true,Equipment,2025-09-08 01:00:00.000
2564,37,238,NULL,NULL,false,true,Equipment,2025-09-08 01:00:00.000
2565,37,245,NULL,NULL,false,true,Equipment,2025-09-08 01:00:00.000
2566,37,244,NULL,NULL,false,true,Equipment,2025-09-08 01:00:00.000
2567,37,247,NULL,NULL,false,true,Equipment,2025-09-08 01:00:00.000
2568,37,248,NULL,NULL,false,true,Equipment,2025-09-08 01:00:00.000
2569,37,252,NULL,NULL,false,true,Equipment,2025-09-08 01:00:00.000
2570,37,251,NULL,NULL,false,true,Equipment,2025-09-08 01:00:00.000
2571,37,62,NULL,NULL,false,true,Equipment,2025-09-08 01:00:00.000
2572,37,230,NULL,NULL,false,true,Equipment,2025-09-08 01:00:00.000
2573,37,231,NULL,NULL,false,true,Equipment,2025-09-08 01:00:00.000
2574,37,232,NULL,NULL,false,true,Equipment,2025-09-08 01:00:00.000
2575,37,233,NULL,NULL,false,true,Equipment,2025-09-08 01:00:00.000
2576,37,236,NULL,NULL,false,true,Equipment,2025-09-08 01:00:00.000
2577,37,239,NULL,NULL,false,true,Equipment,2025-09-08 01:00:00.000
2578,37,240,NULL,NULL,false,true,Equipment,2025-09-08 01:00:00.000
2579,37,241,NULL,NULL,false,true,Equipment,2025-09-08 01:00:00.000
2580,37,242,NULL,NULL,false,true,Equipment,2025-09-08 01:00:00.000
2581,37,243,NULL,NULL,false,true,Equipment,2025-09-08 01:00:00.000
2582,37,246,NULL,NULL,false,true,Equipment,2025-09-08 01:00:00.000
2583,37,249,NULL,NULL,false,true,Equipment,2025-09-08 01:00:00.000
2584,37,250,NULL,NULL,false,true,Equipment,2025-09-08 01:00:00.000
2585,37,58,NULL,NULL,false,true,Equipment,2025-09-08 01:00:00.000
2586,37,59,NULL,NULL,false,true,Equipment,2025-09-08 01:00:00.000
2587,37,60,NULL,NULL,false,true,Equipment,2025-09-08 01:00:00.000
2588,37,61,NULL,NULL,false,true,Equipment,2025-09-08 01:00:00.000
2589,37,253,NULL,NULL,false,false,Equipment,2025-09-08 01:00:00.000
2590,37,254,NULL,NULL,false,false,Equipment,2025-09-08 01:00:00.000
2591,37,218,13.330,NULL,NULL,NULL,Price_Inputs,2025-09-08 01:00:00.000
2592,37,219,2.040,NULL,NULL,NULL,Price_Inputs,2025-09-08 01:00:00.000
2593,37,220,1.960,NULL,NULL,NULL,Price_Inputs,2025-09-08 01:00:00.000
2594,37,223,74.310,NULL,NULL,NULL,Plant_Parameter,2025-09-08 01:00:00.000
2595,37,2647,89.780,NULL,NULL,NULL,Plant_Parameter,2025-09-08 01:00:00.000
2596,37,221,52.900,NULL,NULL,NULL,Plant_Parameter,2025-09-08 01:00:00.000
2597,37,2645,84.270,NULL,NULL,NULL,Plant_Parameter,2025-09-08 01:00:00.000
2598,37,1190,490.170,NULL,NULL,NULL,Plant_Parameter,2025-09-08 01:00:00.000
2599,37,222,65.010,NULL,NULL,NULL,Plant_Parameter,2025-09-08 01:00:00.000
2600,37,2646,87.430,NULL,NULL,NULL,Plant_Parameter,2025-09-08 01:00:00.000
2601,37,1212,17.540,NULL,NULL,NULL,Plant_Parameter,2025-09-08 01:00:00.000
2602,37,1213,50.890,NULL,NULL,NULL,Plant_Parameter,2025-09-08 01:00:00.000
2603,37,2415,1,NULL,NULL,NULL,Plant_Parameter,2025-09-08 01:00:00.000
2604,37,426,200,NULL,NULL,NULL,Plant_Parameter,2025-09-08 01:00:00.000
2605,42,353,22.503,0,NULL,NULL,Demand,2025-09-08 01:00:00.000
2606,42,22,148.254,0,NULL,NULL,Demand,2025-09-08 01:00:00.000
2607,42,23,157.038,0,NULL,NULL,Demand,2025-09-08 01:00:00.000
2608,42,177,179.730,0,NULL,NULL,Demand,2025-09-08 01:00:00.000
2609,42,199,6,0,NULL,NULL,Demand,2025-09-08 01:00:00.000
2610,42,152,1632.583,0,NULL,NULL,Demand,2025-09-08 01:00:00.000
2611,42,154,3286.543,0,NULL,NULL,Demand,2025-09-08 01:00:00.000
2612,42,155,19262.452,0,NULL,NULL,Demand,2025-09-08 01:00:00.000
2613,42,156,19262.452,0,NULL,NULL,Demand,2025-09-08 01:00:00.000
2614,42,153,34291.352,0,NULL,NULL,Demand,2025-09-08 01:00:00.000
2615,42,2920,1800,0,NULL,NULL,Demand,2025-09-08 01:00:00.000
2616,42,2917,22647.917,0,NULL,NULL,Demand,2025-09-08 01:00:00.000
2617,42,374,17.250,0,NULL,NULL,Demand,2025-09-08 01:00:00.000
2618,42,411,3.328,0,NULL,NULL,Demand,2025-09-08 01:00:00.000
2619,42,335,28.107,0,NULL,NULL,Demand,2025-09-08 01:00:00.000
2620,42,12,0,0,NULL,NULL,Demand,2025-09-08 01:00:00.000
2621,42,13,0,0,NULL,NULL,Demand,2025-09-08 01:00:00.000
2622,42,14,0,0,NULL,NULL,Demand,2025-09-08 01:00:00.000
2623,42,2490,0.000,0,NULL,NULL,Demand,2025-09-08 01:00:00.000
2624,42,19,45.391,0,NULL,NULL,Demand,2025-09-08 01:00:00.000
2625,42,20,58.704,0,NULL,NULL,Demand,2025-09-08 01:00:00.000
2626,42,21,31.765,0,NULL,NULL,Demand,2025-09-08 01:00:00.000
2627,42,2638,1,0,NULL,NULL,Demand,2025-09-08 01:00:00.000
2628,42,18,57.919,0,NULL,NULL,Demand,2025-09-08 01:00:00.000
2629,42,15,55.113,0,NULL,NULL,Demand,2025-09-08 01:00:00.000
2630,42,16,61.770,0,NULL,NULL,Demand,2025-09-08 01:00:00.000
2631,42,17,25.216,0,NULL,NULL,Demand,2025-09-08 01:00:00.000
2632,42,226,533.651,0,NULL,NULL,Demand,2025-09-08 01:00:00.000
2633,42,3348,1,0,NULL,NULL,Other,2025-09-08 01:00:00.000
2634,42,5208,57.800,0,NULL,NULL,Other,2025-09-08 01:00:00.000
2635,42,5209,55.240,0,NULL,NULL,Other,2025-09-08 01:00:00.000
2636,42,5210,68.707,0,NULL,NULL,Other,2025-09-08 01:00:00.000
2637,42,5211,37.244,0,NULL,NULL,Other,2025-09-08 01:00:00.000
2638,42,5212,25.223,0,NULL,NULL,Other,2025-09-08 01:00:00.000
2639,42,5213,31.620,0,NULL,NULL,Other,2025-09-08 01:00:00.000
2640,42,5214,57.919,0,NULL,NULL,Other,2025-09-08 01:00:00.000
2641,42,5215,0,0,NULL,NULL,Other,2025-09-08 01:00:00.000
2642,42,427,150,0,NULL,NULL,Other,2025-09-08 01:00:00.000
2643,42,428,150,0,NULL,NULL,Other,2025-09-08 01:00:00.000
2644,42,429,150,0,NULL,NULL,Other,2025-09-08 01:00:00.000
2645,42,430,150,0,NULL,NULL,Other,2025-09-08 01:00:00.000
2646,42,431,150,0,NULL,NULL,Other,2025-09-08 01:00:00.000
2647,42,432,0,0,NULL,NULL,Other,2025-09-08 01:00:00.000
2648,42,433,0,0,NULL,NULL,Other,2025-09-08 01:00:00.000
2649,42,434,0,0,NULL,NULL,Other,2025-09-08 01:00:00.000
2650,42,435,0,0,NULL,NULL,Other,2025-09-08 01:00:00.000
2651,42,1042,0.843,0,NULL,NULL,Other,2025-09-08 01:00:00.000
2652,42,1043,0.874,0,NULL,NULL,Other,2025-09-08 01:00:00.000
2653,42,1044,0.898,0,NULL,NULL,Other,2025-09-08 01:00:00.000
2654,42,1054,0,0,NULL,NULL,Other,2025-09-08 01:00:00.000
2655,42,389,1,0,NULL,NULL,Other,2025-09-08 01:00:00.000
2656,42,390,1,0,NULL,NULL,Other,2025-09-08 01:00:00.000
2657,42,391,1,0,NULL,NULL,Other,2025-09-08 01:00:00.000
2658,42,392,1,0,NULL,NULL,Other,2025-09-08 01:00:00.000
2659,42,393,1,0,NULL,NULL,Other,2025-09-08 01:00:00.000
2660,42,394,1,0,NULL,NULL,Other,2025-09-08 01:00:00.000
2661,42,5183,159.704,0,NULL,NULL,Other,2025-09-08 01:00:00.000
2662,42,5184,271.499,0,NULL,NULL,Other,2025-09-08 01:00:00.000
2663,42,5185,1488.725,0,NULL,NULL,Other,2025-09-08 01:00:00.000
2664,42,5186,52.215,0,NULL,NULL,Other,2025-09-08 01:00:00.000
2665,42,5187,240.977,0,NULL,NULL,Other,2025-09-08 01:00:00.000
2666,42,5188,387.186,0,NULL,NULL,Other,2025-09-08 01:00:00.000
2667,42,5189,8.586,0,NULL,NULL,Other,2025-09-08 01:00:00.000
2668,42,5190,-28.619,0,NULL,NULL,Other,2025-09-08 01:00:00.000
2669,42,5191,18.712,0,NULL,NULL,Other,2025-09-08 01:00:00.000
2670,42,5192,128.047,0,NULL,NULL,Other,2025-09-08 01:00:00.000
2671,42,5193,24.279,0,NULL,NULL,Other,2025-09-08 01:00:00.000
2672,42,1048,311.622,0,NULL,NULL,Other,2025-09-08 01:00:00.000
2673,42,1049,83.194,0,NULL,NULL,Other,2025-09-08 01:00:00.000
2674,42,1050,178.559,0,NULL,NULL,Other,2025-09-08 01:00:00.000
2675,42,1051,147.875,0,NULL,NULL,Other,2025-09-08 01:00:00.000
2676,42,1052,97.297,0,NULL,NULL,Other,2025-09-08 01:00:00.000
2677,42,2748,55.113,0,NULL,NULL,Other,2025-09-08 01:00:00.000
2678,42,2749,61.770,0,NULL,NULL,Other,2025-09-08 01:00:00.000
2679,42,2750,25.216,0,NULL,NULL,Other,2025-09-08 01:00:00.000
2680,42,1053,126.990,0,NULL,NULL,Other,2025-09-08 01:00:00.000
2681,42,229,416.879,0,NULL,NULL,Other,2025-09-08 01:00:00.000
2682,42,4788,5,0,NULL,NULL,Other,2025-09-08 01:00:00.000
2683,42,395,1,0,NULL,NULL,Other,2025-09-08 01:00:00.000
2684,42,425,416.879,0,NULL,NULL,Other,2025-09-08 01:00:00.000
2685,42,77,488.322,0,NULL,NULL,Other,2025-09-08 01:00:00.000
2686,42,1047,518.950,0,NULL,NULL,Other,2025-09-08 01:00:00.000
2687,42,403,110,0,NULL,NULL,Other,2025-09-08 01:00:00.000
2688,42,69,359.632,0,NULL,NULL,Other,2025-09-08 01:00:00.000
2689,42,70,218.966,0,NULL,NULL,Other,2025-09-08 01:00:00.000
2690,42,71,215.650,0,NULL,NULL,Other,2025-09-08 01:00:00.000
2691,42,72,163.487,0,NULL,NULL,Other,2025-09-08 01:00:00.000
2692,42,73,171.834,0,NULL,NULL,Other,2025-09-08 01:00:00.000
2693,42,74,17.123,0,NULL,NULL,Other,2025-09-08 01:00:00.000
2694,42,75,16.654,0,NULL,NULL,Other,2025-09-08 01:00:00.000
2695,42,76,13.724,0,NULL,NULL,Other,2025-09-08 01:00:00.000
2696,42,1151,5.980,0,NULL,NULL,Other,2025-09-08 01:00:00.000
2697,42,334,15000,0,NULL,NULL,Other,2025-09-08 01:00:00.000
2698,42,58,1,0,NULL,NULL,Other,2025-09-08 01:00:00.000
2699,42,59,1,0,NULL,NULL,Other,2025-09-08 01:00:00.000
2700,42,60,1,0,NULL,NULL,Other,2025-09-08 01:00:00.000
2701,42,61,1,0,NULL,NULL,Other,2025-09-08 01:00:00.000
2702,42,62,1,0,NULL,NULL,Other,2025-09-08 01:00:00.000
2703,42,166,29.763,0,NULL,NULL,Other,2025-09-08 01:00:00.000
2704,42,167,6.765,0,NULL,NULL,Other,2025-09-08 01:00:00.000
2705,42,168,11.374,0,NULL,NULL,Other,2025-09-08 01:00:00.000
2706,42,78,40,0,NULL,NULL,Other,2025-09-08 01:00:00.000
2707,42,169,0.001,0,NULL,NULL,Other,2025-09-08 01:00:00.000
2708,42,352,1488.338,0,NULL,NULL,Other,2025-09-08 01:00:00.000
2709,42,225,1171.835,0,NULL,NULL,Other,2025-09-08 01:00:00.000
2710,42,354,79535.382,0,NULL,NULL,Other,2025-09-08 01:00:00.000
2711,42,3333,0,0,NULL,NULL,Other,2025-09-08 01:00:00.000
2712,42,3334,0,0,NULL,NULL,Other,2025-09-08 01:00:00.000
2713,42,2929,0,0,NULL,NULL,Other,2025-09-08 01:00:00.000
2714,42,2936,0,0,NULL,NULL,Other,2025-09-08 01:00:00.000
2715,42,2941,0,0,NULL,NULL,Other,2025-09-08 01:00:00.000
2716,42,2948,0,0,NULL,NULL,Other,2025-09-08 01:00:00.000
2717,42,2953,0,0,NULL,NULL,Other,2025-09-08 01:00:00.000
2718,42,2960,0,0,NULL,NULL,Other,2025-09-08 01:00:00.000
2719,42,2964,0,0,NULL,NULL,Other,2025-09-08 01:00:00.000
2720,42,3332,1,0,NULL,NULL,Other,2025-09-08 01:00:00.000
2721,42,4061,1,0,NULL,NULL,Other,2025-09-08 01:00:00.000
2722,42,4062,1,0,NULL,NULL,Other,2025-09-08 01:00:00.000
2723,42,4063,0,0,NULL,NULL,Other,2025-09-08 01:00:00.000
2724,42,4064,0,0,NULL,NULL,Other,2025-09-08 01:00:00.000
2725,42,4065,0,0,NULL,NULL,Other,2025-09-08 01:00:00.000
2726,42,4066,0,0,NULL,NULL,Other,2025-09-08 01:00:00.000
2727,42,4067,0,0,NULL,NULL,Other,2025-09-08 01:00:00.000
2728,42,4068,0,0,NULL,NULL,Other,2025-09-08 01:00:00.000
2729,42,4069,1,0,NULL,NULL,Other,2025-09-08 01:00:00.000
2730,42,4070,0,0,NULL,NULL,Other,2025-09-08 01:00:00.000
2731,42,4071,0,0,NULL,NULL,Other,2025-09-08 01:00:00.000
2732,42,4785,2.914,0,NULL,NULL,Other,2025-09-08 01:00:00.000
2733,42,4786,3,0,NULL,NULL,Other,2025-09-08 01:00:00.000
2734,42,5181,2.914,0,NULL,NULL,Other,2025-09-08 01:00:00.000
2735,42,5182,5,0,NULL,NULL,Other,2025-09-08 01:00:00.000
2736,42,4787,0,0,NULL,NULL,Other,2025-09-08 01:00:00.000
2737,42,4926,0,0,NULL,NULL,Other,2025-09-08 01:00:00.000
2738,42,4892,0,0,NULL,NULL,Other,2025-09-08 01:00:00.000
2739,42,278,6,0,NULL,NULL,Other,2025-09-08 01:00:00.000
2740,42,357,533.651,0,NULL,NULL,Other,2025-09-08 01:00:00.000
2741,42,5073,110,0,NULL,NULL,Other,2025-09-08 01:00:00.000
2742,42,5074,120,0,NULL,NULL,Other,2025-09-08 01:00:00.000
2743,42,4807,0,0,NULL,NULL,Other,2025-09-08 01:00:00.000
2744,42,276,4,0,NULL,NULL,Other,2025-09-08 01:00:00.000
2745,42,200,0,0,NULL,NULL,Other,2025-09-08 01:00:00.000
2746,42,1152,0,0,NULL,NULL,Other,2025-09-08 01:00:00.000
2747,42,1153,0,0,NULL,NULL,Other,2025-09-08 01:00:00.000
2748,42,3329,81.859,0,NULL,NULL,Other,2025-09-08 01:00:00.000
2749,42,1116,11.500,0,NULL,NULL,Other,2025-09-08 01:00:00.000
2750,42,1117,13,0,NULL,NULL,Other,2025-09-08 01:00:00.000
2751,42,1118,24,0,NULL,NULL,Other,2025-09-08 01:00:00.000
2752,42,1119,6,0,NULL,NULL,Other,2025-09-08 01:00:00.000
2753,42,1120,7,0,NULL,NULL,Other,2025-09-08 01:00:00.000
2754,42,405,0.904,0,NULL,NULL,Other,2025-09-08 01:00:00.000
2755,42,407,1.062,0,NULL,NULL,Other,2025-09-08 01:00:00.000
2756,42,409,1.560,0,NULL,NULL,Other,2025-09-08 01:00:00.000
2757,42,4073,3.526,0,NULL,NULL,Other,2025-09-08 01:00:00.000
2758,42,4076,0.004,0,NULL,NULL,Other,2025-09-08 01:00:00.000
2759,42,406,0.011,0,NULL,NULL,Other,2025-09-08 01:00:00.000
2760,42,408,0.837,0,NULL,NULL,Other,2025-09-08 01:00:00.000
2761,42,410,1.778,0,NULL,NULL,Other,2025-09-08 01:00:00.000
2762,42,412,0,0,NULL,NULL,Other,2025-09-08 01:00:00.000
2763,42,4077,2.627,0,NULL,NULL,Other,2025-09-08 01:00:00.000
2764,42,1114,45,0,NULL,NULL,Other,2025-09-08 01:00:00.000
2765,42,1115,3.500,0,NULL,NULL,Other,2025-09-08 01:00:00.000
2766,42,396,3.500,0,NULL,NULL,Other,2025-09-08 01:00:00.000
2767,42,397,11.500,0,NULL,NULL,Other,2025-09-08 01:00:00.000
2768,42,398,13,0,NULL,NULL,Other,2025-09-08 01:00:00.000
2769,42,399,24,0,NULL,NULL,Other,2025-09-08 01:00:00.000
2770,42,400,6,0,NULL,NULL,Other,2025-09-08 01:00:00.000
2771,42,401,7,0,NULL,NULL,Other,2025-09-08 01:00:00.000
2772,42,4079,65,0,NULL,NULL,Other,2025-09-08 01:00:00.000
2773,42,4080,45,0,NULL,NULL,Other,2025-09-08 01:00:00.000
2774,42,418,21.481,0,NULL,NULL,Other,2025-09-08 01:00:00.000
2775,42,5196,102183.299,0,NULL,NULL,Other,2025-09-08 01:00:00.000
2776,42,5197,13512.033,0,NULL,NULL,Other,2025-09-08 01:00:00.000
2777,42,5216,10,0,NULL,NULL,Other,2025-09-08 01:00:00.000
2778,42,235,NULL,NULL,false,true,Equipment,2025-09-08 01:00:00.000
2779,42,234,NULL,NULL,false,true,Equipment,2025-09-08 01:00:00.000
2780,42,237,NULL,NULL,false,true,Equipment,2025-09-08 01:00:00.000
2781,42,238,NULL,NULL,false,true,Equipment,2025-09-08 01:00:00.000
2782,42,245,NULL,NULL,false,true,Equipment,2025-09-08 01:00:00.000
2783,42,244,NULL,NULL,false,true,Equipment,2025-09-08 01:00:00.000
2784,42,247,NULL,NULL,false,true,Equipment,2025-09-08 01:00:00.000
2785,42,248,NULL,NULL,false,true,Equipment,2025-09-08 01:00:00.000
2786,42,252,NULL,NULL,false,true,Equipment,2025-09-08 01:00:00.000
2787,42,251,NULL,NULL,false,true,Equipment,2025-09-08 01:00:00.000
2788,42,62,NULL,NULL,false,true,Equipment,2025-09-08 01:00:00.000
2789,42,230,NULL,NULL,false,true,Equipment,2025-09-08 01:00:00.000
2790,42,231,NULL,NULL,false,true,Equipment,2025-09-08 01:00:00.000
2791,42,232,NULL,NULL,false,true,Equipment,2025-09-08 01:00:00.000
2792,42,233,NULL,NULL,false,true,Equipment,2025-09-08 01:00:00.000
2793,42,236,NULL,NULL,false,true,Equipment,2025-09-08 01:00:00.000
2794,42,239,NULL,NULL,false,true,Equipment,2025-09-08 01:00:00.000
2795,42,240,NULL,NULL,false,true,Equipment,2025-09-08 01:00:00.000
2796,42,241,NULL,NULL,false,true,Equipment,2025-09-08 01:00:00.000
2797,42,242,NULL,NULL,false,true,Equipment,2025-09-08 01:00:00.000
2798,42,243,NULL,NULL,false,true,Equipment,2025-09-08 01:00:00.000
2799,42,246,NULL,NULL,false,true,Equipment,2025-09-08 01:00:00.000
2800,42,249,NULL,NULL,false,true,Equipment,2025-09-08 01:00:00.000
2801,42,250,NULL,NULL,false,true,Equipment,2025-09-08 01:00:00.000
2802,42,58,NULL,NULL,false,true,Equipment,2025-09-08 01:00:00.000
2803,42,59,NULL,NULL,false,true,Equipment,2025-09-08 01:00:00.000
2804,42,60,NULL,NULL,false,true,Equipment,2025-09-08 01:00:00.000
2805,42,61,NULL,NULL,false,true,Equipment,2025-09-08 01:00:00.000
2806,42,253,NULL,NULL,false,false,Equipment,2025-09-08 01:00:00.000
2807,42,254,NULL,NULL,false,false,Equipment,2025-09-08 01:00:00.000
2808,42,218,13.330,NULL,NULL,NULL,Price_Inputs,2025-09-08 01:00:00.000
2809,42,219,2.040,NULL,NULL,NULL,Price_Inputs,2025-09-08 01:00:00.000
2810,42,220,1.960,NULL,NULL,NULL,Price_Inputs,2025-09-08 01:00:00.000
2811,42,223,74.310,NULL,NULL,NULL,Plant_Parameter,2025-09-08 01:00:00.000
2812,42,2647,89.780,NULL,NULL,NULL,Plant_Parameter,2025-09-08 01:00:00.000
2813,42,221,52.900,NULL,NULL,NULL,Plant_Parameter,2025-09-08 01:00:00.000
2814,42,2645,84.270,NULL,NULL,NULL,Plant_Parameter,2025-09-08 01:00:00.000
2815,42,1190,490.170,NULL,NULL,NULL,Plant_Parameter,2025-09-08 01:00:00.000
2816,42,222,65.010,NULL,NULL,NULL,Plant_Parameter,2025-09-08 01:00:00.000
2817,42,2646,87.430,NULL,NULL,NULL,Plant_Parameter,2025-09-08 01:00:00.000
2818,42,1212,17.540,NULL,NULL,NULL,Plant_Parameter,2025-09-08 01:00:00.000
2819,42,1213,50.890,NULL,NULL,NULL,Plant_Parameter,2025-09-08 01:00:00.000
2820,42,2415,1,NULL,NULL,NULL,Plant_Parameter,2025-09-08 01:00:00.000
2821,42,426,200,NULL,NULL,NULL,Plant_Parameter,2025-09-08 01:00:00.000
2822,43,353,22.503,0,NULL,NULL,Demand,2025-09-08 01:00:00.000
2823,43,22,148.254,0,NULL,NULL,Demand,2025-09-08 01:00:00.000
2824,43,23,157.038,0,NULL,NULL,Demand,2025-09-08 01:00:00.000
2825,43,177,179.730,0,NULL,NULL,Demand,2025-09-08 01:00:00.000
2826,43,199,6,0,NULL,NULL,Demand,2025-09-08 01:00:00.000
2827,43,152,1632.583,0,NULL,NULL,Demand,2025-09-08 01:00:00.000
2828,43,154,3286.543,0,NULL,NULL,Demand,2025-09-08 01:00:00.000
2829,43,155,19262.452,0,NULL,NULL,Demand,2025-09-08 01:00:00.000
2830,43,156,19262.452,0,NULL,NULL,Demand,2025-09-08 01:00:00.000
2831,43,153,34291.352,0,NULL,NULL,Demand,2025-09-08 01:00:00.000
2832,43,2920,1800,0,NULL,NULL,Demand,2025-09-08 01:00:00.000
2833,43,2917,22647.917,0,NULL,NULL,Demand,2025-09-08 01:00:00.000
2834,43,374,17.250,0,NULL,NULL,Demand,2025-09-08 01:00:00.000
2835,43,411,3.328,0,NULL,NULL,Demand,2025-09-08 01:00:00.000
2836,43,335,28.107,0,NULL,NULL,Demand,2025-09-08 01:00:00.000
2837,43,12,0,0,NULL,NULL,Demand,2025-09-08 01:00:00.000
2838,43,13,0,0,NULL,NULL,Demand,2025-09-08 01:00:00.000
2839,43,14,0,0,NULL,NULL,Demand,2025-09-08 01:00:00.000
2840,43,2490,0.000,0,NULL,NULL,Demand,2025-09-08 01:00:00.000
2841,43,19,45.391,0,NULL,NULL,Demand,2025-09-08 01:00:00.000
2842,43,20,58.704,0,NULL,NULL,Demand,2025-09-08 01:00:00.000
2843,43,21,31.765,0,NULL,NULL,Demand,2025-09-08 01:00:00.000
2844,43,2638,1,0,NULL,NULL,Demand,2025-09-08 01:00:00.000
2845,43,18,57.919,0,NULL,NULL,Demand,2025-09-08 01:00:00.000
2846,43,15,55.113,0,NULL,NULL,Demand,2025-09-08 01:00:00.000
2847,43,16,61.770,0,NULL,NULL,Demand,2025-09-08 01:00:00.000
2848,43,17,25.216,0,NULL,NULL,Demand,2025-09-08 01:00:00.000
2849,43,226,533.651,0,NULL,NULL,Demand,2025-09-08 01:00:00.000
2850,43,3348,1,0,NULL,NULL,Other,2025-09-08 01:00:00.000
2851,43,5208,57.800,0,NULL,NULL,Other,2025-09-08 01:00:00.000
2852,43,5209,55.240,0,NULL,NULL,Other,2025-09-08 01:00:00.000
2853,43,5210,68.707,0,NULL,NULL,Other,2025-09-08 01:00:00.000
2854,43,5211,37.244,0,NULL,NULL,Other,2025-09-08 01:00:00.000
2855,43,5212,25.223,0,NULL,NULL,Other,2025-09-08 01:00:00.000
2856,43,5213,31.620,0,NULL,NULL,Other,2025-09-08 01:00:00.000
2857,43,5214,57.919,0,NULL,NULL,Other,2025-09-08 01:00:00.000
2858,43,5215,0,0,NULL,NULL,Other,2025-09-08 01:00:00.000
2859,43,427,150,0,NULL,NULL,Other,2025-09-08 01:00:00.000
2860,43,428,150,0,NULL,NULL,Other,2025-09-08 01:00:00.000
2861,43,429,150,0,NULL,NULL,Other,2025-09-08 01:00:00.000
2862,43,430,150,0,NULL,NULL,Other,2025-09-08 01:00:00.000
2863,43,431,150,0,NULL,NULL,Other,2025-09-08 01:00:00.000
2864,43,432,0,0,NULL,NULL,Other,2025-09-08 01:00:00.000
2865,43,433,0,0,NULL,NULL,Other,2025-09-08 01:00:00.000
2866,43,434,0,0,NULL,NULL,Other,2025-09-08 01:00:00.000
2867,43,435,0,0,NULL,NULL,Other,2025-09-08 01:00:00.000
2868,43,1042,0.843,0,NULL,NULL,Other,2025-09-08 01:00:00.000
2869,43,1043,0.874,0,NULL,NULL,Other,2025-09-08 01:00:00.000
2870,43,1044,0.898,0,NULL,NULL,Other,2025-09-08 01:00:00.000
2871,43,1054,0,0,NULL,NULL,Other,2025-09-08 01:00:00.000
2872,43,389,1,0,NULL,NULL,Other,2025-09-08 01:00:00.000
2873,43,390,1,0,NULL,NULL,Other,2025-09-08 01:00:00.000
2874,43,391,1,0,NULL,NULL,Other,2025-09-08 01:00:00.000
2875,43,392,1,0,NULL,NULL,Other,2025-09-08 01:00:00.000
2876,43,393,1,0,NULL,NULL,Other,2025-09-08 01:00:00.000
2877,43,394,1,0,NULL,NULL,Other,2025-09-08 01:00:00.000
2878,43,5183,159.704,0,NULL,NULL,Other,2025-09-08 01:00:00.000
2879,43,5184,271.499,0,NULL,NULL,Other,2025-09-08 01:00:00.000
2880,43,5185,1488.725,0,NULL,NULL,Other,2025-09-08 01:00:00.000
2881,43,5186,52.215,0,NULL,NULL,Other,2025-09-08 01:00:00.000
2882,43,5187,240.977,0,NULL,NULL,Other,2025-09-08 01:00:00.000
2883,43,5188,387.186,0,NULL,NULL,Other,2025-09-08 01:00:00.000
2884,43,5189,8.586,0,NULL,NULL,Other,2025-09-08 01:00:00.000
2885,43,5190,-28.619,0,NULL,NULL,Other,2025-09-08 01:00:00.000
2886,43,5191,18.712,0,NULL,NULL,Other,2025-09-08 01:00:00.000
2887,43,5192,128.047,0,NULL,NULL,Other,2025-09-08 01:00:00.000
2888,43,5193,24.279,0,NULL,NULL,Other,2025-09-08 01:00:00.000
2889,43,1048,311.622,0,NULL,NULL,Other,2025-09-08 01:00:00.000
2890,43,1049,83.194,0,NULL,NULL,Other,2025-09-08 01:00:00.000
2891,43,1050,178.559,0,NULL,NULL,Other,2025-09-08 01:00:00.000
2892,43,1051,147.875,0,NULL,NULL,Other,2025-09-08 01:00:00.000
2893,43,1052,97.297,0,NULL,NULL,Other,2025-09-08 01:00:00.000
2894,43,2748,55.113,0,NULL,NULL,Other,2025-09-08 01:00:00.000
2895,43,2749,61.770,0,NULL,NULL,Other,2025-09-08 01:00:00.000
2896,43,2750,25.216,0,NULL,NULL,Other,2025-09-08 01:00:00.000
2897,43,1053,126.990,0,NULL,NULL,Other,2025-09-08 01:00:00.000
2898,43,229,416.879,0,NULL,NULL,Other,2025-09-08 01:00:00.000
2899,43,4788,5,0,NULL,NULL,Other,2025-09-08 01:00:00.000
2900,43,395,1,0,NULL,NULL,Other,2025-09-08 01:00:00.000
2901,43,425,416.879,0,NULL,NULL,Other,2025-09-08 01:00:00.000
2902,43,77,488.322,0,NULL,NULL,Other,2025-09-08 01:00:00.000
2903,43,1047,518.950,0,NULL,NULL,Other,2025-09-08 01:00:00.000
2904,43,403,110,0,NULL,NULL,Other,2025-09-08 01:00:00.000
2905,43,69,359.632,0,NULL,NULL,Other,2025-09-08 01:00:00.000
2906,43,70,218.966,0,NULL,NULL,Other,2025-09-08 01:00:00.000
2907,43,71,215.650,0,NULL,NULL,Other,2025-09-08 01:00:00.000
2908,43,72,163.487,0,NULL,NULL,Other,2025-09-08 01:00:00.000
2909,43,73,171.834,0,NULL,NULL,Other,2025-09-08 01:00:00.000
2910,43,74,17.123,0,NULL,NULL,Other,2025-09-08 01:00:00.000
2911,43,75,16.654,0,NULL,NULL,Other,2025-09-08 01:00:00.000
2912,43,76,13.724,0,NULL,NULL,Other,2025-09-08 01:00:00.000
2913,43,1151,5.980,0,NULL,NULL,Other,2025-09-08 01:00:00.000
2914,43,334,15000,0,NULL,NULL,Other,2025-09-08 01:00:00.000
2915,43,58,1,0,NULL,NULL,Other,2025-09-08 01:00:00.000
2916,43,59,1,0,NULL,NULL,Other,2025-09-08 01:00:00.000
2917,43,60,1,0,NULL,NULL,Other,2025-09-08 01:00:00.000
2918,43,61,1,0,NULL,NULL,Other,2025-09-08 01:00:00.000
2919,43,62,1,0,NULL,NULL,Other,2025-09-08 01:00:00.000
2920,43,166,29.763,0,NULL,NULL,Other,2025-09-08 01:00:00.000
2921,43,167,6.765,0,NULL,NULL,Other,2025-09-08 01:00:00.000
2922,43,168,11.374,0,NULL,NULL,Other,2025-09-08 01:00:00.000
2923,43,78,40,0,NULL,NULL,Other,2025-09-08 01:00:00.000
2924,43,169,0.001,0,NULL,NULL,Other,2025-09-08 01:00:00.000
2925,43,352,1488.338,0,NULL,NULL,Other,2025-09-08 01:00:00.000
2926,43,225,1171.835,0,NULL,NULL,Other,2025-09-08 01:00:00.000
2927,43,354,79535.382,0,NULL,NULL,Other,2025-09-08 01:00:00.000
2928,43,3333,0,0,NULL,NULL,Other,2025-09-08 01:00:00.000
2929,43,3334,0,0,NULL,NULL,Other,2025-09-08 01:00:00.000
2930,43,2929,0,0,NULL,NULL,Other,2025-09-08 01:00:00.000
2931,43,2936,0,0,NULL,NULL,Other,2025-09-08 01:00:00.000
2932,43,2941,0,0,NULL,NULL,Other,2025-09-08 01:00:00.000
2933,43,2948,0,0,NULL,NULL,Other,2025-09-08 01:00:00.000
2934,43,2953,0,0,NULL,NULL,Other,2025-09-08 01:00:00.000
2935,43,2960,0,0,NULL,NULL,Other,2025-09-08 01:00:00.000
2936,43,2964,0,0,NULL,NULL,Other,2025-09-08 01:00:00.000
2937,43,3332,1,0,NULL,NULL,Other,2025-09-08 01:00:00.000
2938,43,4061,1,0,NULL,NULL,Other,2025-09-08 01:00:00.000
2939,43,4062,1,0,NULL,NULL,Other,2025-09-08 01:00:00.000
2940,43,4063,0,0,NULL,NULL,Other,2025-09-08 01:00:00.000
2941,43,4064,0,0,NULL,NULL,Other,2025-09-08 01:00:00.000
2942,43,4065,0,0,NULL,NULL,Other,2025-09-08 01:00:00.000
2943,43,4066,0,0,NULL,NULL,Other,2025-09-08 01:00:00.000
2944,43,4067,0,0,NULL,NULL,Other,2025-09-08 01:00:00.000
2945,43,4068,0,0,NULL,NULL,Other,2025-09-08 01:00:00.000
2946,43,4069,1,0,NULL,NULL,Other,2025-09-08 01:00:00.000
2947,43,4070,0,0,NULL,NULL,Other,2025-09-08 01:00:00.000
2948,43,4071,0,0,NULL,NULL,Other,2025-09-08 01:00:00.000
2949,43,4785,2.914,0,NULL,NULL,Other,2025-09-08 01:00:00.000
2950,43,4786,3,0,NULL,NULL,Other,2025-09-08 01:00:00.000
2951,43,5181,2.914,0,NULL,NULL,Other,2025-09-08 01:00:00.000
2952,43,5182,5,0,NULL,NULL,Other,2025-09-08 01:00:00.000
2953,43,4787,0,0,NULL,NULL,Other,2025-09-08 01:00:00.000
2954,43,4926,0,0,NULL,NULL,Other,2025-09-08 01:00:00.000
2955,43,4892,0,0,NULL,NULL,Other,2025-09-08 01:00:00.000
2956,43,278,6,0,NULL,NULL,Other,2025-09-08 01:00:00.000
2957,43,357,533.651,0,NULL,NULL,Other,2025-09-08 01:00:00.000
2958,43,5073,110,0,NULL,NULL,Other,2025-09-08 01:00:00.000
2959,43,5074,120,0,NULL,NULL,Other,2025-09-08 01:00:00.000
2960,43,4807,0,0,NULL,NULL,Other,2025-09-08 01:00:00.000
2961,43,276,4,0,NULL,NULL,Other,2025-09-08 01:00:00.000
2962,43,200,0,0,NULL,NULL,Other,2025-09-08 01:00:00.000
2963,43,1152,0,0,NULL,NULL,Other,2025-09-08 01:00:00.000
2964,43,1153,0,0,NULL,NULL,Other,2025-09-08 01:00:00.000
2965,43,3329,81.859,0,NULL,NULL,Other,2025-09-08 01:00:00.000
2966,43,1116,11.500,0,NULL,NULL,Other,2025-09-08 01:00:00.000
2967,43,1117,13,0,NULL,NULL,Other,2025-09-08 01:00:00.000
2968,43,1118,24,0,NULL,NULL,Other,2025-09-08 01:00:00.000
2969,43,1119,6,0,NULL,NULL,Other,2025-09-08 01:00:00.000
2970,43,1120,7,0,NULL,NULL,Other,2025-09-08 01:00:00.000
2971,43,405,0.904,0,NULL,NULL,Other,2025-09-08 01:00:00.000
2972,43,407,1.062,0,NULL,NULL,Other,2025-09-08 01:00:00.000
2973,43,409,1.560,0,NULL,NULL,Other,2025-09-08 01:00:00.000
2974,43,4073,3.526,0,NULL,NULL,Other,2025-09-08 01:00:00.000
2975,43,4076,0.004,0,NULL,NULL,Other,2025-09-08 01:00:00.000
2976,43,406,0.011,0,NULL,NULL,Other,2025-09-08 01:00:00.000
2977,43,408,0.837,0,NULL,NULL,Other,2025-09-08 01:00:00.000
2978,43,410,1.778,0,NULL,NULL,Other,2025-09-08 01:00:00.000
2979,43,412,0,0,NULL,NULL,Other,2025-09-08 01:00:00.000
2980,43,4077,2.627,0,NULL,NULL,Other,2025-09-08 01:00:00.000
2981,43,1114,45,0,NULL,NULL,Other,2025-09-08 01:00:00.000
2982,43,1115,3.500,0,NULL,NULL,Other,2025-09-08 01:00:00.000
2983,43,396,3.500,0,NULL,NULL,Other,2025-09-08 01:00:00.000
2984,43,397,11.500,0,NULL,NULL,Other,2025-09-08 01:00:00.000
2985,43,398,13,0,NULL,NULL,Other,2025-09-08 01:00:00.000
2986,43,399,24,0,NULL,NULL,Other,2025-09-08 01:00:00.000
2987,43,400,6,0,NULL,NULL,Other,2025-09-08 01:00:00.000
2988,43,401,7,0,NULL,NULL,Other,2025-09-08 01:00:00.000
2989,43,4079,65,0,NULL,NULL,Other,2025-09-08 01:00:00.000
2990,43,4080,45,0,NULL,NULL,Other,2025-09-08 01:00:00.000
2991,43,418,21.481,0,NULL,NULL,Other,2025-09-08 01:00:00.000
2992,43,5196,102183.299,0,NULL,NULL,Other,2025-09-08 01:00:00.000
2993,43,5197,13512.033,0,NULL,NULL,Other,2025-09-08 01:00:00.000
2994,43,5216,10,0,NULL,NULL,Other,2025-09-08 01:00:00.000
2995,43,235,NULL,NULL,false,true,Equipment,2025-09-08 01:00:00.000
2996,43,234,NULL,NULL,false,true,Equipment,2025-09-08 01:00:00.000
2997,43,237,NULL,NULL,false,true,Equipment,2025-09-08 01:00:00.000
2998,43,238,NULL,NULL,false,true,Equipment,2025-09-08 01:00:00.000
2999,43,245,NULL,NULL,false,true,Equipment,2025-09-08 01:00:00.000
3000,43,244,NULL,NULL,false,true,Equipment,2025-09-08 01:00:00.000
3001,43,247,NULL,NULL,false,true,Equipment,2025-09-08 01:00:00.000
3002,43,248,NULL,NULL,false,true,Equipment,2025-09-08 01:00:00.000
3003,43,252,NULL,NULL,false,true,Equipment,2025-09-08 01:00:00.000
3004,43,251,NULL,NULL,false,true,Equipment,2025-09-08 01:00:00.000
3005,43,62,NULL,NULL,false,true,Equipment,2025-09-08 01:00:00.000
3006,43,230,NULL,NULL,false,true,Equipment,2025-09-08 01:00:00.000
3007,43,231,NULL,NULL,false,true,Equipment,2025-09-08 01:00:00.000
3008,43,232,NULL,NULL,false,true,Equipment,2025-09-08 01:00:00.000
3009,43,233,NULL,NULL,false,true,Equipment,2025-09-08 01:00:00.000
3010,43,236,NULL,NULL,false,true,Equipment,2025-09-08 01:00:00.000
3011,43,239,NULL,NULL,false,true,Equipment,2025-09-08 01:00:00.000
3012,43,240,NULL,NULL,false,true,Equipment,2025-09-08 01:00:00.000
3013,43,241,NULL,NULL,false,true,Equipment,2025-09-08 01:00:00.000
3014,43,242,NULL,NULL,false,true,Equipment,2025-09-08 01:00:00.000
3015,43,243,NULL,NULL,false,true,Equipment,2025-09-08 01:00:00.000
3016,43,246,NULL,NULL,false,true,Equipment,2025-09-08 01:00:00.000
3017,43,249,NULL,NULL,false,true,Equipment,2025-09-08 01:00:00.000
3018,43,250,NULL,NULL,false,true,Equipment,2025-09-08 01:00:00.000
3019,43,58,NULL,NULL,false,true,Equipment,2025-09-08 01:00:00.000
3020,43,59,NULL,NULL,false,true,Equipment,2025-09-08 01:00:00.000
3021,43,60,NULL,NULL,false,true,Equipment,2025-09-08 01:00:00.000
3022,43,61,NULL,NULL,false,true,Equipment,2025-09-08 01:00:00.000
3023,43,253,NULL,NULL,false,false,Equipment,2025-09-08 01:00:00.000
3024,43,254,NULL,NULL,false,false,Equipment,2025-09-08 01:00:00.000
3025,43,218,13.330,NULL,NULL,NULL,Price_Inputs,2025-09-08 01:00:00.000
3026,43,219,2.040,NULL,NULL,NULL,Price_Inputs,2025-09-08 01:00:00.000
3027,43,220,1.960,NULL,NULL,NULL,Price_Inputs,2025-09-08 01:00:00.000
3028,43,223,74.310,NULL,NULL,NULL,Plant_Parameter,2025-09-08 01:00:00.000
3029,43,2647,89.780,NULL,NULL,NULL,Plant_Parameter,2025-09-08 01:00:00.000
3030,43,221,52.900,NULL,NULL,NULL,Plant_Parameter,2025-09-08 01:00:00.000
3031,43,2645,84.270,NULL,NULL,NULL,Plant_Parameter,2025-09-08 01:00:00.000
3032,43,1190,490.170,NULL,NULL,NULL,Plant_Parameter,2025-09-08 01:00:00.000
3033,43,222,65.010,NULL,NULL,NULL,Plant_Parameter,2025-09-08 01:00:00.000
3034,43,2646,87.430,NULL,NULL,NULL,Plant_Parameter,2025-09-08 01:00:00.000
3035,43,1212,17.540,NULL,NULL,NULL,Plant_Parameter,2025-09-08 01:00:00.000
3036,43,1213,50.890,NULL,NULL,NULL,Plant_Parameter,2025-09-08 01:00:00.000
3037,43,2415,1,NULL,NULL,NULL,Plant_Parameter,2025-09-08 01:00:00.000
3038,43,426,200,NULL,NULL,NULL,Plant_Parameter,2025-09-08 01:00:00.000
3039,58,353,22.503,0,NULL,NULL,Demand,2026-01-16 00:00:00.000
3040,58,22,148.254,0,NULL,NULL,Demand,2026-01-16 00:00:00.000
3041,58,23,157.038,0,NULL,NULL,Demand,2026-01-16 00:00:00.000
3042,58,177,179.730,0,NULL,NULL,Demand,2026-01-16 00:00:00.000
3043,58,199,6,0,NULL,NULL,Demand,2026-01-16 00:00:00.000
3044,58,152,1632.583,0,NULL,NULL,Demand,2026-01-16 00:00:00.000
3045,58,154,3286.543,0,NULL,NULL,Demand,2026-01-16 00:00:00.000
3046,58,155,19262.452,0,NULL,NULL,Demand,2026-01-16 00:00:00.000
3047,58,156,19262.452,0,NULL,NULL,Demand,2026-01-16 00:00:00.000
3048,58,153,34291.352,0,NULL,NULL,Demand,2026-01-16 00:00:00.000
3049,58,2920,1800,0,NULL,NULL,Demand,2026-01-16 00:00:00.000
3050,58,2917,22647.917,0,NULL,NULL,Demand,2026-01-16 00:00:00.000
3051,58,374,17.250,0,NULL,NULL,Demand,2026-01-16 00:00:00.000
3052,58,411,3.328,0,NULL,NULL,Demand,2026-01-16 00:00:00.000
3053,58,335,28.107,0,NULL,NULL,Demand,2026-01-16 00:00:00.000
3054,58,12,0,0,NULL,NULL,Demand,2026-01-16 00:00:00.000
3055,58,13,0,0,NULL,NULL,Demand,2026-01-16 00:00:00.000
3056,58,14,0,0,NULL,NULL,Demand,2026-01-16 00:00:00.000
3057,58,2490,0.000,0,NULL,NULL,Demand,2026-01-16 00:00:00.000
3058,58,19,45.391,0,NULL,NULL,Demand,2026-01-16 00:00:00.000
3059,58,20,58.704,0,NULL,NULL,Demand,2026-01-16 00:00:00.000
3060,58,21,31.765,0,NULL,NULL,Demand,2026-01-16 00:00:00.000
3061,58,2638,1,0,NULL,NULL,Demand,2026-01-16 00:00:00.000
3062,58,18,57.919,0,NULL,NULL,Demand,2026-01-16 00:00:00.000
3063,58,15,55.113,0,NULL,NULL,Demand,2026-01-16 00:00:00.000
3064,58,16,61.770,0,NULL,NULL,Demand,2026-01-16 00:00:00.000
3065,58,17,25.216,0,NULL,NULL,Demand,2026-01-16 00:00:00.000
3066,58,226,533.651,0,NULL,NULL,Demand,2026-01-16 00:00:00.000
3067,58,3348,1,0,NULL,NULL,Other,2026-01-16 00:00:00.000
3068,58,5208,57.800,0,NULL,NULL,Other,2026-01-16 00:00:00.000
3069,58,5209,55.240,0,NULL,NULL,Other,2026-01-16 00:00:00.000
3070,58,5210,68.707,0,NULL,NULL,Other,2026-01-16 00:00:00.000
3071,58,5211,37.244,0,NULL,NULL,Other,2026-01-16 00:00:00.000
3072,58,5212,25.223,0,NULL,NULL,Other,2026-01-16 00:00:00.000
3073,58,5213,31.620,0,NULL,NULL,Other,2026-01-16 00:00:00.000
3074,58,5214,57.919,0,NULL,NULL,Other,2026-01-16 00:00:00.000
3075,58,5215,0,0,NULL,NULL,Other,2026-01-16 00:00:00.000
3076,58,427,150,0,NULL,NULL,Other,2026-01-16 00:00:00.000
3077,58,428,150,0,NULL,NULL,Other,2026-01-16 00:00:00.000
3078,58,429,150,0,NULL,NULL,Other,2026-01-16 00:00:00.000
3079,58,430,150,0,NULL,NULL,Other,2026-01-16 00:00:00.000
3080,58,431,150,0,NULL,NULL,Other,2026-01-16 00:00:00.000
3081,58,432,0,0,NULL,NULL,Other,2026-01-16 00:00:00.000
3082,58,433,0,0,NULL,NULL,Other,2026-01-16 00:00:00.000
3083,58,434,0,0,NULL,NULL,Other,2026-01-16 00:00:00.000
3084,58,435,0,0,NULL,NULL,Other,2026-01-16 00:00:00.000
3085,58,1042,0.843,0,NULL,NULL,Other,2026-01-16 00:00:00.000
3086,58,1043,0.874,0,NULL,NULL,Other,2026-01-16 00:00:00.000
3087,58,1044,0.898,0,NULL,NULL,Other,2026-01-16 00:00:00.000
3088,58,1054,0,0,NULL,NULL,Other,2026-01-16 00:00:00.000
3089,58,389,1,0,NULL,NULL,Other,2026-01-16 00:00:00.000
3090,58,390,1,0,NULL,NULL,Other,2026-01-16 00:00:00.000
3091,58,391,1,0,NULL,NULL,Other,2026-01-16 00:00:00.000
3092,58,392,1,0,NULL,NULL,Other,2026-01-16 00:00:00.000
3093,58,393,1,0,NULL,NULL,Other,2026-01-16 00:00:00.000
3094,58,394,1,0,NULL,NULL,Other,2026-01-16 00:00:00.000
3095,58,5183,159.704,0,NULL,NULL,Other,2026-01-16 00:00:00.000
3096,58,5184,271.499,0,NULL,NULL,Other,2026-01-16 00:00:00.000
3097,58,5185,1488.725,0,NULL,NULL,Other,2026-01-16 00:00:00.000
3098,58,5186,52.215,0,NULL,NULL,Other,2026-01-16 00:00:00.000
3099,58,5187,240.977,0,NULL,NULL,Other,2026-01-16 00:00:00.000
3100,58,5188,387.186,0,NULL,NULL,Other,2026-01-16 00:00:00.000
3101,58,5189,8.586,0,NULL,NULL,Other,2026-01-16 00:00:00.000
3102,58,5190,-28.619,0,NULL,NULL,Other,2026-01-16 00:00:00.000
3103,58,5191,18.712,0,NULL,NULL,Other,2026-01-16 00:00:00.000
3104,58,5192,128.047,0,NULL,NULL,Other,2026-01-16 00:00:00.000
3105,58,5193,24.279,0,NULL,NULL,Other,2026-01-16 00:00:00.000
3106,58,1048,311.622,0,NULL,NULL,Other,2026-01-16 00:00:00.000
3107,58,1049,83.194,0,NULL,NULL,Other,2026-01-16 00:00:00.000
3108,58,1050,178.559,0,NULL,NULL,Other,2026-01-16 00:00:00.000
3109,58,1051,147.875,0,NULL,NULL,Other,2026-01-16 00:00:00.000
3110,58,1052,97.297,0,NULL,NULL,Other,2026-01-16 00:00:00.000
3111,58,2748,55.113,0,NULL,NULL,Other,2026-01-16 00:00:00.000
3112,58,2749,61.770,0,NULL,NULL,Other,2026-01-16 00:00:00.000
3113,58,2750,25.216,0,NULL,NULL,Other,2026-01-16 00:00:00.000
3114,58,1053,126.990,0,NULL,NULL,Other,2026-01-16 00:00:00.000
3115,58,229,416.879,0,NULL,NULL,Other,2026-01-16 00:00:00.000
3116,58,4788,5,0,NULL,NULL,Other,2026-01-16 00:00:00.000
3117,58,395,1,0,NULL,NULL,Other,2026-01-16 00:00:00.000
3118,58,425,416.879,0,NULL,NULL,Other,2026-01-16 00:00:00.000
3119,58,77,488.322,0,NULL,NULL,Other,2026-01-16 00:00:00.000
3120,58,1047,518.950,0,NULL,NULL,Other,2026-01-16 00:00:00.000
3121,58,403,110,0,NULL,NULL,Other,2026-01-16 00:00:00.000
3122,58,69,359.632,0,NULL,NULL,Other,2026-01-16 00:00:00.000
3123,58,70,218.966,0,NULL,NULL,Other,2026-01-16 00:00:00.000
3124,58,71,215.650,0,NULL,NULL,Other,2026-01-16 00:00:00.000
3125,58,72,163.487,0,NULL,NULL,Other,2026-01-16 00:00:00.000
3126,58,73,171.834,0,NULL,NULL,Other,2026-01-16 00:00:00.000
3127,58,74,17.123,0,NULL,NULL,Other,2026-01-16 00:00:00.000
3128,58,75,16.654,0,NULL,NULL,Other,2026-01-16 00:00:00.000
3129,58,76,13.724,0,NULL,NULL,Other,2026-01-16 00:00:00.000
3130,58,1151,5.980,0,NULL,NULL,Other,2026-01-16 00:00:00.000
3131,58,334,15000,0,NULL,NULL,Other,2026-01-16 00:00:00.000
3132,58,58,1,0,NULL,NULL,Other,2026-01-16 00:00:00.000
3133,58,59,1,0,NULL,NULL,Other,2026-01-16 00:00:00.000
3134,58,60,1,0,NULL,NULL,Other,2026-01-16 00:00:00.000
3135,58,61,1,0,NULL,NULL,Other,2026-01-16 00:00:00.000
3136,58,62,1,0,NULL,NULL,Other,2026-01-16 00:00:00.000
3137,58,166,29.763,0,NULL,NULL,Other,2026-01-16 00:00:00.000
3138,58,167,6.765,0,NULL,NULL,Other,2026-01-16 00:00:00.000
3139,58,168,11.374,0,NULL,NULL,Other,2026-01-16 00:00:00.000
3140,58,78,40,0,NULL,NULL,Other,2026-01-16 00:00:00.000
3141,58,169,0.001,0,NULL,NULL,Other,2026-01-16 00:00:00.000
3142,58,352,1488.338,0,NULL,NULL,Other,2026-01-16 00:00:00.000
3143,58,225,1171.835,0,NULL,NULL,Other,2026-01-16 00:00:00.000
3144,58,354,79535.382,0,NULL,NULL,Other,2026-01-16 00:00:00.000
3145,58,3333,0,0,NULL,NULL,Other,2026-01-16 00:00:00.000
3146,58,3334,0,0,NULL,NULL,Other,2026-01-16 00:00:00.000
3147,58,2929,0,0,NULL,NULL,Other,2026-01-16 00:00:00.000
3148,58,2936,0,0,NULL,NULL,Other,2026-01-16 00:00:00.000
3149,58,2941,0,0,NULL,NULL,Other,2026-01-16 00:00:00.000
3150,58,2948,0,0,NULL,NULL,Other,2026-01-16 00:00:00.000
3151,58,2953,0,0,NULL,NULL,Other,2026-01-16 00:00:00.000
3152,58,2960,0,0,NULL,NULL,Other,2026-01-16 00:00:00.000
3153,58,2964,0,0,NULL,NULL,Other,2026-01-16 00:00:00.000
3154,58,3332,1,0,NULL,NULL,Other,2026-01-16 00:00:00.000
3155,58,4061,1,0,NULL,NULL,Other,2026-01-16 00:00:00.000
3156,58,4062,1,0,NULL,NULL,Other,2026-01-16 00:00:00.000
3157,58,4063,0,0,NULL,NULL,Other,2026-01-16 00:00:00.000
3158,58,4064,0,0,NULL,NULL,Other,2026-01-16 00:00:00.000
3159,58,4065,0,0,NULL,NULL,Other,2026-01-16 00:00:00.000
3160,58,4066,0,0,NULL,NULL,Other,2026-01-16 00:00:00.000
3161,58,4067,0,0,NULL,NULL,Other,2026-01-16 00:00:00.000
3162,58,4068,0,0,NULL,NULL,Other,2026-01-16 00:00:00.000
3163,58,4069,1,0,NULL,NULL,Other,2026-01-16 00:00:00.000
3164,58,4070,0,0,NULL,NULL,Other,2026-01-16 00:00:00.000
3165,58,4071,0,0,NULL,NULL,Other,2026-01-16 00:00:00.000
3166,58,4785,2.914,0,NULL,NULL,Other,2026-01-16 00:00:00.000
3167,58,4786,3,0,NULL,NULL,Other,2026-01-16 00:00:00.000
3168,58,5181,2.914,0,NULL,NULL,Other,2026-01-16 00:00:00.000
3169,58,5182,5,0,NULL,NULL,Other,2026-01-16 00:00:00.000
3170,58,4787,0,0,NULL,NULL,Other,2026-01-16 00:00:00.000
3171,58,4926,0,0,NULL,NULL,Other,2026-01-16 00:00:00.000
3172,58,4892,0,0,NULL,NULL,Other,2026-01-16 00:00:00.000
3173,58,278,6,0,NULL,NULL,Other,2026-01-16 00:00:00.000
3174,58,357,533.651,0,NULL,NULL,Other,2026-01-16 00:00:00.000
3175,58,5073,110,0,NULL,NULL,Other,2026-01-16 00:00:00.000
3176,58,5074,120,0,NULL,NULL,Other,2026-01-16 00:00:00.000
3177,58,4807,0,0,NULL,NULL,Other,2026-01-16 00:00:00.000
3178,58,276,4,0,NULL,NULL,Other,2026-01-16 00:00:00.000
3179,58,200,0,0,NULL,NULL,Other,2026-01-16 00:00:00.000
3180,58,1152,0,0,NULL,NULL,Other,2026-01-16 00:00:00.000
3181,58,1153,0,0,NULL,NULL,Other,2026-01-16 00:00:00.000
3182,58,3329,81.859,0,NULL,NULL,Other,2026-01-16 00:00:00.000
3183,58,1116,11.500,0,NULL,NULL,Other,2026-01-16 00:00:00.000
3184,58,1117,13,0,NULL,NULL,Other,2026-01-16 00:00:00.000
3185,58,1118,24,0,NULL,NULL,Other,2026-01-16 00:00:00.000
3186,58,1119,6,0,NULL,NULL,Other,2026-01-16 00:00:00.000
3187,58,1120,7,0,NULL,NULL,Other,2026-01-16 00:00:00.000
3188,58,405,0.904,0,NULL,NULL,Other,2026-01-16 00:00:00.000
3189,58,407,1.062,0,NULL,NULL,Other,2026-01-16 00:00:00.000
3190,58,409,1.560,0,NULL,NULL,Other,2026-01-16 00:00:00.000
3191,58,4073,3.526,0,NULL,NULL,Other,2026-01-16 00:00:00.000
3192,58,4076,0.004,0,NULL,NULL,Other,2026-01-16 00:00:00.000
3193,58,406,0.011,0,NULL,NULL,Other,2026-01-16 00:00:00.000
3194,58,408,0.837,0,NULL,NULL,Other,2026-01-16 00:00:00.000
3195,58,410,1.778,0,NULL,NULL,Other,2026-01-16 00:00:00.000
3196,58,412,0,0,NULL,NULL,Other,2026-01-16 00:00:00.000
3197,58,4077,2.627,0,NULL,NULL,Other,2026-01-16 00:00:00.000
3198,58,1114,45,0,NULL,NULL,Other,2026-01-16 00:00:00.000
3199,58,1115,3.500,0,NULL,NULL,Other,2026-01-16 00:00:00.000
3200,58,396,3.500,0,NULL,NULL,Other,2026-01-16 00:00:00.000
3201,58,397,11.500,0,NULL,NULL,Other,2026-01-16 00:00:00.000
3202,58,398,13,0,NULL,NULL,Other,2026-01-16 00:00:00.000
3203,58,399,24,0,NULL,NULL,Other,2026-01-16 00:00:00.000
3204,58,400,6,0,NULL,NULL,Other,2026-01-16 00:00:00.000
3205,58,401,7,0,NULL,NULL,Other,2026-01-16 00:00:00.000
3206,58,4079,65,0,NULL,NULL,Other,2026-01-16 00:00:00.000
3207,58,4080,45,0,NULL,NULL,Other,2026-01-16 00:00:00.000
3208,58,418,21.481,0,NULL,NULL,Other,2026-01-16 00:00:00.000
3209,58,5196,102183.299,0,NULL,NULL,Other,2026-01-16 00:00:00.000
3210,58,5197,13512.033,0,NULL,NULL,Other,2026-01-16 00:00:00.000
3211,58,5216,10,0,NULL,NULL,Other,2026-01-16 00:00:00.000
3212,58,235,NULL,NULL,false,true,Equipment,2026-01-16 00:00:00.000
3213,58,234,NULL,NULL,false,true,Equipment,2026-01-16 00:00:00.000
3214,58,237,NULL,NULL,false,true,Equipment,2026-01-16 00:00:00.000
3215,58,238,NULL,NULL,false,true,Equipment,2026-01-16 00:00:00.000
3216,58,245,NULL,NULL,false,true,Equipment,2026-01-16 00:00:00.000
3217,58,244,NULL,NULL,false,true,Equipment,2026-01-16 00:00:00.000
3218,58,247,NULL,NULL,false,true,Equipment,2026-01-16 00:00:00.000
3219,58,248,NULL,NULL,false,true,Equipment,2026-01-16 00:00:00.000
3220,58,252,NULL,NULL,false,true,Equipment,2026-01-16 00:00:00.000
3221,58,251,NULL,NULL,false,true,Equipment,2026-01-16 00:00:00.000
3222,58,62,NULL,NULL,false,true,Equipment,2026-01-16 00:00:00.000
3223,58,230,NULL,NULL,false,true,Equipment,2026-01-16 00:00:00.000
3224,58,231,NULL,NULL,false,true,Equipment,2026-01-16 00:00:00.000
3225,58,232,NULL,NULL,false,true,Equipment,2026-01-16 00:00:00.000
3226,58,233,NULL,NULL,false,true,Equipment,2026-01-16 00:00:00.000
3227,58,236,NULL,NULL,false,true,Equipment,2026-01-16 00:00:00.000
3228,58,239,NULL,NULL,false,true,Equipment,2026-01-16 00:00:00.000
3229,58,240,NULL,NULL,false,true,Equipment,2026-01-16 00:00:00.000
3230,58,241,NULL,NULL,false,true,Equipment,2026-01-16 00:00:00.000
3231,58,242,NULL,NULL,false,true,Equipment,2026-01-16 00:00:00.000
3232,58,243,NULL,NULL,false,true,Equipment,2026-01-16 00:00:00.000
3233,58,246,NULL,NULL,false,true,Equipment,2026-01-16 00:00:00.000
3234,58,249,NULL,NULL,false,true,Equipment,2026-01-16 00:00:00.000
3235,58,250,NULL,NULL,false,true,Equipment,2026-01-16 00:00:00.000
3236,58,58,NULL,NULL,false,true,Equipment,2026-01-16 00:00:00.000
3237,58,59,NULL,NULL,false,true,Equipment,2026-01-16 00:00:00.000
3238,58,60,NULL,NULL,false,true,Equipment,2026-01-16 00:00:00.000
3239,58,61,NULL,NULL,false,true,Equipment,2026-01-16 00:00:00.000
3240,58,253,NULL,NULL,false,false,Equipment,2026-01-16 00:00:00.000
3241,58,254,NULL,NULL,false,false,Equipment,2026-01-16 00:00:00.000
3242,58,218,13.330,NULL,NULL,NULL,Price_Inputs,2026-01-16 00:00:00.000
3243,58,219,2.040,NULL,NULL,NULL,Price_Inputs,2026-01-16 00:00:00.000
3244,58,220,1.960,NULL,NULL,NULL,Price_Inputs,2026-01-16 00:00:00.000
3245,58,223,74.310,NULL,NULL,NULL,Plant_Parameter,2026-01-16 00:00:00.000
3246,58,2647,89.780,NULL,NULL,NULL,Plant_Parameter,2026-01-16 00:00:00.000
3247,58,221,52.900,NULL,NULL,NULL,Plant_Parameter,2026-01-16 00:00:00.000
3248,58,2645,84.270,NULL,NULL,NULL,Plant_Parameter,2026-01-16 00:00:00.000
3249,58,1190,490.170,NULL,NULL,NULL,Plant_Parameter,2026-01-16 00:00:00.000
3250,58,222,65.010,NULL,NULL,NULL,Plant_Parameter,2026-01-16 00:00:00.000
3251,58,2646,87.430,NULL,NULL,NULL,Plant_Parameter,2026-01-16 00:00:00.000
3252,58,1212,17.540,NULL,NULL,NULL,Plant_Parameter,2026-01-16 00:00:00.000
3253,58,1213,50.890,NULL,NULL,NULL,Plant_Parameter,2026-01-16 00:00:00.000
3254,58,2415,1,NULL,NULL,NULL,Plant_Parameter,2026-01-16 00:00:00.000
3255,58,426,200,NULL,NULL,NULL,Plant_Parameter,2026-01-16 00:00:00.000
3256,77,353,22.503,0,NULL,NULL,Demand,2026-01-16 00:00:00.000
3257,77,22,148.254,0,NULL,NULL,Demand,2026-01-16 00:00:00.000
3258,77,23,157.038,0,NULL,NULL,Demand,2026-01-16 00:00:00.000
3259,77,177,179.730,0,NULL,NULL,Demand,2026-01-16 00:00:00.000
3260,77,199,6,0,NULL,NULL,Demand,2026-01-16 00:00:00.000
3261,77,152,1632.583,0,NULL,NULL,Demand,2026-01-16 00:00:00.000
3262,77,154,3286.543,0,NULL,NULL,Demand,2026-01-16 00:00:00.000
3263,77,155,19262.452,0,NULL,NULL,Demand,2026-01-16 00:00:00.000
3264,77,156,19262.452,0,NULL,NULL,Demand,2026-01-16 00:00:00.000
3265,77,153,34291.352,0,NULL,NULL,Demand,2026-01-16 00:00:00.000
3266,77,2920,1800,0,NULL,NULL,Demand,2026-01-16 00:00:00.000
3267,77,2917,22647.917,0,NULL,NULL,Demand,2026-01-16 00:00:00.000
3268,77,374,17.250,0,NULL,NULL,Demand,2026-01-16 00:00:00.000
3269,77,411,3.328,0,NULL,NULL,Demand,2026-01-16 00:00:00.000
3270,77,335,28.107,0,NULL,NULL,Demand,2026-01-16 00:00:00.000
3271,77,12,0,0,NULL,NULL,Demand,2026-01-16 00:00:00.000
3272,77,13,0,0,NULL,NULL,Demand,2026-01-16 00:00:00.000
3273,77,14,0,0,NULL,NULL,Demand,2026-01-16 00:00:00.000
3274,77,2490,0.000,0,NULL,NULL,Demand,2026-01-16 00:00:00.000
3275,77,19,45.391,0,NULL,NULL,Demand,2026-01-16 00:00:00.000
3276,77,20,58.704,0,NULL,NULL,Demand,2026-01-16 00:00:00.000
3277,77,21,31.765,0,NULL,NULL,Demand,2026-01-16 00:00:00.000
3278,77,2638,1,0,NULL,NULL,Demand,2026-01-16 00:00:00.000
3279,77,18,57.919,0,NULL,NULL,Demand,2026-01-16 00:00:00.000
3280,77,15,55.113,0,NULL,NULL,Demand,2026-01-16 00:00:00.000
3281,77,16,61.770,0,NULL,NULL,Demand,2026-01-16 00:00:00.000
3282,77,17,25.216,0,NULL,NULL,Demand,2026-01-16 00:00:00.000
3283,77,226,533.651,0,NULL,NULL,Demand,2026-01-16 00:00:00.000
3284,77,3348,1,0,NULL,NULL,Other,2026-01-16 00:00:00.000
3285,77,5208,57.800,0,NULL,NULL,Other,2026-01-16 00:00:00.000
3286,77,5209,55.240,0,NULL,NULL,Other,2026-01-16 00:00:00.000
3287,77,5210,68.707,0,NULL,NULL,Other,2026-01-16 00:00:00.000
3288,77,5211,37.244,0,NULL,NULL,Other,2026-01-16 00:00:00.000
3289,77,5212,25.223,0,NULL,NULL,Other,2026-01-16 00:00:00.000
3290,77,5213,31.620,0,NULL,NULL,Other,2026-01-16 00:00:00.000
3291,77,5214,57.919,0,NULL,NULL,Other,2026-01-16 00:00:00.000
3292,77,5215,0,0,NULL,NULL,Other,2026-01-16 00:00:00.000
3293,77,427,150,0,NULL,NULL,Other,2026-01-16 00:00:00.000
3294,77,428,150,0,NULL,NULL,Other,2026-01-16 00:00:00.000
3295,77,429,150,0,NULL,NULL,Other,2026-01-16 00:00:00.000
3296,77,430,150,0,NULL,NULL,Other,2026-01-16 00:00:00.000
3297,77,431,150,0,NULL,NULL,Other,2026-01-16 00:00:00.000
3298,77,432,0,0,NULL,NULL,Other,2026-01-16 00:00:00.000
3299,77,433,0,0,NULL,NULL,Other,2026-01-16 00:00:00.000
3300,77,434,0,0,NULL,NULL,Other,2026-01-16 00:00:00.000
3301,77,435,0,0,NULL,NULL,Other,2026-01-16 00:00:00.000
3302,77,1042,0.843,0,NULL,NULL,Other,2026-01-16 00:00:00.000
3303,77,1043,0.874,0,NULL,NULL,Other,2026-01-16 00:00:00.000
3304,77,1044,0.898,0,NULL,NULL,Other,2026-01-16 00:00:00.000
3305,77,1054,0,0,NULL,NULL,Other,2026-01-16 00:00:00.000
3306,77,389,1,0,NULL,NULL,Other,2026-01-16 00:00:00.000
3307,77,390,1,0,NULL,NULL,Other,2026-01-16 00:00:00.000
3308,77,391,1,0,NULL,NULL,Other,2026-01-16 00:00:00.000
3309,77,392,1,0,NULL,NULL,Other,2026-01-16 00:00:00.000
3310,77,393,1,0,NULL,NULL,Other,2026-01-16 00:00:00.000
3311,77,394,1,0,NULL,NULL,Other,2026-01-16 00:00:00.000
3312,77,5183,159.704,0,NULL,NULL,Other,2026-01-16 00:00:00.000
3313,77,5184,271.499,0,NULL,NULL,Other,2026-01-16 00:00:00.000
3314,77,5185,1488.725,0,NULL,NULL,Other,2026-01-16 00:00:00.000
3315,77,5186,52.215,0,NULL,NULL,Other,2026-01-16 00:00:00.000
3316,77,5187,240.977,0,NULL,NULL,Other,2026-01-16 00:00:00.000
3317,77,5188,387.186,0,NULL,NULL,Other,2026-01-16 00:00:00.000
3318,77,5189,8.586,0,NULL,NULL,Other,2026-01-16 00:00:00.000
3319,77,5190,-28.619,0,NULL,NULL,Other,2026-01-16 00:00:00.000
3320,77,5191,18.712,0,NULL,NULL,Other,2026-01-16 00:00:00.000
3321,77,5192,128.047,0,NULL,NULL,Other,2026-01-16 00:00:00.000
3322,77,5193,24.279,0,NULL,NULL,Other,2026-01-16 00:00:00.000
3323,77,1048,311.622,0,NULL,NULL,Other,2026-01-16 00:00:00.000
3324,77,1049,83.194,0,NULL,NULL,Other,2026-01-16 00:00:00.000
3325,77,1050,178.559,0,NULL,NULL,Other,2026-01-16 00:00:00.000
3326,77,1051,147.875,0,NULL,NULL,Other,2026-01-16 00:00:00.000
3327,77,1052,97.297,0,NULL,NULL,Other,2026-01-16 00:00:00.000
3328,77,2748,55.113,0,NULL,NULL,Other,2026-01-16 00:00:00.000
3329,77,2749,61.770,0,NULL,NULL,Other,2026-01-16 00:00:00.000
3330,77,2750,25.216,0,NULL,NULL,Other,2026-01-16 00:00:00.000
3331,77,1053,126.990,0,NULL,NULL,Other,2026-01-16 00:00:00.000
3332,77,229,416.879,0,NULL,NULL,Other,2026-01-16 00:00:00.000
3333,77,4788,5,0,NULL,NULL,Other,2026-01-16 00:00:00.000
3334,77,395,1,0,NULL,NULL,Other,2026-01-16 00:00:00.000
3335,77,425,416.879,0,NULL,NULL,Other,2026-01-16 00:00:00.000
3336,77,77,488.322,0,NULL,NULL,Other,2026-01-16 00:00:00.000
3337,77,1047,518.950,0,NULL,NULL,Other,2026-01-16 00:00:00.000
3338,77,403,110,0,NULL,NULL,Other,2026-01-16 00:00:00.000
3339,77,69,359.632,0,NULL,NULL,Other,2026-01-16 00:00:00.000
3340,77,70,218.966,0,NULL,NULL,Other,2026-01-16 00:00:00.000
3341,77,71,215.650,0,NULL,NULL,Other,2026-01-16 00:00:00.000
3342,77,72,163.487,0,NULL,NULL,Other,2026-01-16 00:00:00.000
3343,77,73,171.834,0,NULL,NULL,Other,2026-01-16 00:00:00.000
3344,77,74,17.123,0,NULL,NULL,Other,2026-01-16 00:00:00.000
3345,77,75,16.654,0,NULL,NULL,Other,2026-01-16 00:00:00.000
3346,77,76,13.724,0,NULL,NULL,Other,2026-01-16 00:00:00.000
3347,77,1151,5.980,0,NULL,NULL,Other,2026-01-16 00:00:00.000
3348,77,334,15000,0,NULL,NULL,Other,2026-01-16 00:00:00.000
3349,77,58,1,0,NULL,NULL,Other,2026-01-16 00:00:00.000
3350,77,59,1,0,NULL,NULL,Other,2026-01-16 00:00:00.000
3351,77,60,1,0,NULL,NULL,Other,2026-01-16 00:00:00.000
3352,77,61,1,0,NULL,NULL,Other,2026-01-16 00:00:00.000
3353,77,62,1,0,NULL,NULL,Other,2026-01-16 00:00:00.000
3354,77,166,29.763,0,NULL,NULL,Other,2026-01-16 00:00:00.000
3355,77,167,6.765,0,NULL,NULL,Other,2026-01-16 00:00:00.000
3356,77,168,11.374,0,NULL,NULL,Other,2026-01-16 00:00:00.000
3357,77,78,40,0,NULL,NULL,Other,2026-01-16 00:00:00.000
3358,77,169,0.001,0,NULL,NULL,Other,2026-01-16 00:00:00.000
3359,77,352,1488.338,0,NULL,NULL,Other,2026-01-16 00:00:00.000
3360,77,225,1171.835,0,NULL,NULL,Other,2026-01-16 00:00:00.000
3361,77,354,79535.382,0,NULL,NULL,Other,2026-01-16 00:00:00.000
3362,77,3333,0,0,NULL,NULL,Other,2026-01-16 00:00:00.000
3363,77,3334,0,0,NULL,NULL,Other,2026-01-16 00:00:00.000
3364,77,2929,0,0,NULL,NULL,Other,2026-01-16 00:00:00.000
3365,77,2936,0,0,NULL,NULL,Other,2026-01-16 00:00:00.000
3366,77,2941,0,0,NULL,NULL,Other,2026-01-16 00:00:00.000
3367,77,2948,0,0,NULL,NULL,Other,2026-01-16 00:00:00.000
3368,77,2953,0,0,NULL,NULL,Other,2026-01-16 00:00:00.000
3369,77,2960,0,0,NULL,NULL,Other,2026-01-16 00:00:00.000
3370,77,2964,0,0,NULL,NULL,Other,2026-01-16 00:00:00.000
3371,77,3332,1,0,NULL,NULL,Other,2026-01-16 00:00:00.000
3372,77,4061,1,0,NULL,NULL,Other,2026-01-16 00:00:00.000
3373,77,4062,1,0,NULL,NULL,Other,2026-01-16 00:00:00.000
3374,77,4063,0,0,NULL,NULL,Other,2026-01-16 00:00:00.000
3375,77,4064,0,0,NULL,NULL,Other,2026-01-16 00:00:00.000
3376,77,4065,0,0,NULL,NULL,Other,2026-01-16 00:00:00.000
3377,77,4066,0,0,NULL,NULL,Other,2026-01-16 00:00:00.000
3378,77,4067,0,0,NULL,NULL,Other,2026-01-16 00:00:00.000
3379,77,4068,0,0,NULL,NULL,Other,2026-01-16 00:00:00.000
3380,77,4069,1,0,NULL,NULL,Other,2026-01-16 00:00:00.000
3381,77,4070,0,0,NULL,NULL,Other,2026-01-16 00:00:00.000
3382,77,4071,0,0,NULL,NULL,Other,2026-01-16 00:00:00.000
3383,77,4785,2.914,0,NULL,NULL,Other,2026-01-16 00:00:00.000
3384,77,4786,3,0,NULL,NULL,Other,2026-01-16 00:00:00.000
3385,77,5181,2.914,0,NULL,NULL,Other,2026-01-16 00:00:00.000
3386,77,5182,5,0,NULL,NULL,Other,2026-01-16 00:00:00.000
3387,77,4787,0,0,NULL,NULL,Other,2026-01-16 00:00:00.000
3388,77,4926,0,0,NULL,NULL,Other,2026-01-16 00:00:00.000
3389,77,4892,0,0,NULL,NULL,Other,2026-01-16 00:00:00.000
3390,77,278,6,0,NULL,NULL,Other,2026-01-16 00:00:00.000
3391,77,357,533.651,0,NULL,NULL,Other,2026-01-16 00:00:00.000
3392,77,5073,110,0,NULL,NULL,Other,2026-01-16 00:00:00.000
3393,77,5074,120,0,NULL,NULL,Other,2026-01-16 00:00:00.000
3394,77,4807,0,0,NULL,NULL,Other,2026-01-16 00:00:00.000
3395,77,276,4,0,NULL,NULL,Other,2026-01-16 00:00:00.000
3396,77,200,0,0,NULL,NULL,Other,2026-01-16 00:00:00.000
3397,77,1152,0,0,NULL,NULL,Other,2026-01-16 00:00:00.000
3398,77,1153,0,0,NULL,NULL,Other,2026-01-16 00:00:00.000
3399,77,3329,81.859,0,NULL,NULL,Other,2026-01-16 00:00:00.000
3400,77,1116,11.500,0,NULL,NULL,Other,2026-01-16 00:00:00.000
3401,77,1117,13,0,NULL,NULL,Other,2026-01-16 00:00:00.000
3402,77,1118,24,0,NULL,NULL,Other,2026-01-16 00:00:00.000
3403,77,1119,6,0,NULL,NULL,Other,2026-01-16 00:00:00.000
3404,77,1120,7,0,NULL,NULL,Other,2026-01-16 00:00:00.000
3405,77,405,0.904,0,NULL,NULL,Other,2026-01-16 00:00:00.000
3406,77,407,1.062,0,NULL,NULL,Other,2026-01-16 00:00:00.000
3407,77,409,1.560,0,NULL,NULL,Other,2026-01-16 00:00:00.000
3408,77,4073,3.526,0,NULL,NULL,Other,2026-01-16 00:00:00.000
3409,77,4076,0.004,0,NULL,NULL,Other,2026-01-16 00:00:00.000
3410,77,406,0.011,0,NULL,NULL,Other,2026-01-16 00:00:00.000
3411,77,408,0.837,0,NULL,NULL,Other,2026-01-16 00:00:00.000
3412,77,410,1.778,0,NULL,NULL,Other,2026-01-16 00:00:00.000
3413,77,412,0,0,NULL,NULL,Other,2026-01-16 00:00:00.000
3414,77,4077,2.627,0,NULL,NULL,Other,2026-01-16 00:00:00.000
3415,77,1114,45,0,NULL,NULL,Other,2026-01-16 00:00:00.000
3416,77,1115,3.500,0,NULL,NULL,Other,2026-01-16 00:00:00.000
3417,77,396,3.500,0,NULL,NULL,Other,2026-01-16 00:00:00.000
3418,77,397,11.500,0,NULL,NULL,Other,2026-01-16 00:00:00.000
3419,77,398,13,0,NULL,NULL,Other,2026-01-16 00:00:00.000
3420,77,399,24,0,NULL,NULL,Other,2026-01-16 00:00:00.000
3421,77,400,6,0,NULL,NULL,Other,2026-01-16 00:00:00.000
3422,77,401,7,0,NULL,NULL,Other,2026-01-16 00:00:00.000
3423,77,4079,65,0,NULL,NULL,Other,2026-01-16 00:00:00.000
3424,77,4080,45,0,NULL,NULL,Other,2026-01-16 00:00:00.000
3425,77,418,21.481,0,NULL,NULL,Other,2026-01-16 00:00:00.000
3426,77,5196,102183.299,0,NULL,NULL,Other,2026-01-16 00:00:00.000
3427,77,5197,13512.033,0,NULL,NULL,Other,2026-01-16 00:00:00.000
3428,77,5216,10,0,NULL,NULL,Other,2026-01-16 00:00:00.000
3429,77,235,NULL,NULL,false,true,Equipment,2026-01-16 00:00:00.000
3430,77,234,NULL,NULL,false,true,Equipment,2026-01-16 00:00:00.000
3431,77,237,NULL,NULL,false,true,Equipment,2026-01-16 00:00:00.000
3432,77,238,NULL,NULL,false,true,Equipment,2026-01-16 00:00:00.000
3433,77,245,NULL,NULL,false,true,Equipment,2026-01-16 00:00:00.000
3434,77,244,NULL,NULL,false,true,Equipment,2026-01-16 00:00:00.000
3435,77,247,NULL,NULL,false,true,Equipment,2026-01-16 00:00:00.000
3436,77,248,NULL,NULL,false,true,Equipment,2026-01-16 00:00:00.000
3437,77,252,NULL,NULL,false,true,Equipment,2026-01-16 00:00:00.000
3438,77,251,NULL,NULL,false,true,Equipment,2026-01-16 00:00:00.000
3439,77,62,NULL,NULL,false,true,Equipment,2026-01-16 00:00:00.000
3440,77,230,NULL,NULL,false,true,Equipment,2026-01-16 00:00:00.000
3441,77,231,NULL,NULL,false,true,Equipment,2026-01-16 00:00:00.000
3442,77,232,NULL,NULL,false,true,Equipment,2026-01-16 00:00:00.000
3443,77,233,NULL,NULL,false,true,Equipment,2026-01-16 00:00:00.000
3444,77,236,NULL,NULL,false,true,Equipment,2026-01-16 00:00:00.000
3445,77,239,NULL,NULL,false,true,Equipment,2026-01-16 00:00:00.000
3446,77,240,NULL,NULL,false,true,Equipment,2026-01-16 00:00:00.000
3447,77,241,NULL,NULL,false,true,Equipment,2026-01-16 00:00:00.000
3448,77,242,NULL,NULL,false,true,Equipment,2026-01-16 00:00:00.000
3449,77,243,NULL,NULL,false,true,Equipment,2026-01-16 00:00:00.000
3450,77,246,NULL,NULL,false,true,Equipment,2026-01-16 00:00:00.000
3451,77,249,NULL,NULL,false,true,Equipment,2026-01-16 00:00:00.000
3452,77,250,NULL,NULL,false,true,Equipment,2026-01-16 00:00:00.000
3453,77,58,NULL,NULL,false,true,Equipment,2026-01-16 00:00:00.000
3454,77,59,NULL,NULL,false,true,Equipment,2026-01-16 00:00:00.000
3455,77,60,NULL,NULL,false,true,Equipment,2026-01-16 00:00:00.000
3456,77,61,NULL,NULL,false,true,Equipment,2026-01-16 00:00:00.000
3457,77,253,NULL,NULL,false,false,Equipment,2026-01-16 00:00:00.000
3458,77,254,NULL,NULL,false,false,Equipment,2026-01-16 00:00:00.000
3459,77,218,13.330,NULL,NULL,NULL,Price_Inputs,2026-01-16 00:00:00.000
3460,77,219,2.040,NULL,NULL,NULL,Price_Inputs,2026-01-16 00:00:00.000
3461,77,220,1.960,NULL,NULL,NULL,Price_Inputs,2026-01-16 00:00:00.000
3462,77,223,74.310,NULL,NULL,NULL,Plant_Parameter,2026-01-16 00:00:00.000
3463,77,2647,89.780,NULL,NULL,NULL,Plant_Parameter,2026-01-16 00:00:00.000
3464,77,221,52.900,NULL,NULL,NULL,Plant_Parameter,2026-01-16 00:00:00.000
3465,77,2645,84.270,NULL,NULL,NULL,Plant_Parameter,2026-01-16 00:00:00.000
3466,77,1190,490.170,NULL,NULL,NULL,Plant_Parameter,2026-01-16 00:00:00.000
3467,77,222,65.010,NULL,NULL,NULL,Plant_Parameter,2026-01-16 00:00:00.000
3468,77,2646,87.430,NULL,NULL,NULL,Plant_Parameter,2026-01-16 00:00:00.000
3469,77,1212,17.540,NULL,NULL,NULL,Plant_Parameter,2026-01-16 00:00:00.000
3470,77,1213,50.890,NULL,NULL,NULL,Plant_Parameter,2026-01-16 00:00:00.000
3471,77,2415,1,NULL,NULL,NULL,Plant_Parameter,2026-01-16 00:00:00.000
3472,77,426,200,NULL,NULL,NULL,Plant_Parameter,2026-01-16 00:00:00.000
5188,93,235,,,false,true,Equipment,2026-01-20 00:00:00.000
5189,93,234,,,false,true,Equipment,2026-01-20 00:00:00.000
5190,93,237,,,false,true,Equipment,2026-01-20 00:00:00.000
5191,93,238,,,false,true,Equipment,2026-01-20 00:00:00.000
5192,93,245,,,false,true,Equipment,2026-01-20 00:00:00.000
5193,93,244,,,false,true,Equipment,2026-01-20 00:00:00.000
5194,93,247,,,true,true,Equipment,2026-01-20 00:00:00.000
5195,93,248,,,false,true,Equipment,2026-01-20 00:00:00.000
5196,93,252,,,false,true,Equipment,2026-01-20 00:00:00.000
5197,93,251,,,false,true,Equipment,2026-01-20 00:00:00.000
5198,93,62,,,false,true,Equipment,2026-01-20 00:00:00.000
5199,93,230,,,false,true,Equipment,2026-01-20 00:00:00.000
5200,93,231,,,false,true,Equipment,2026-01-20 00:00:00.000
5201,93,232,,,false,true,Equipment,2026-01-20 00:00:00.000
5202,93,233,,,false,true,Equipment,2026-01-20 00:00:00.000
5203,93,236,,,false,true,Equipment,2026-01-20 00:00:00.000
5204,93,239,,,false,true,Equipment,2026-01-20 00:00:00.000
5205,93,240,,,false,true,Equipment,2026-01-20 00:00:00.000
5206,93,241,,,false,true,Equipment,2026-01-20 00:00:00.000
5207,93,242,,,false,true,Equipment,2026-01-20 00:00:00.000
5208,93,243,,,false,true,Equipment,2026-01-20 00:00:00.000
5209,93,246,,,false,false,Equipment,2026-01-20 00:00:00.000
5210,93,249,,,false,true,Equipment,2026-01-20 00:00:00.000
5211,93,250,,,false,true,Equipment,2026-01-20 00:00:00.000
5212,93,58,,,false,true,Equipment,2026-01-20 00:00:00.000
5213,93,59,,,false,true,Equipment,2026-01-20 00:00:00.000
5214,93,60,,,false,true,Equipment,2026-01-20 00:00:00.000
5215,93,61,,,false,true,Equipment,2026-01-20 00:00:00.000
5216,93,253,,,false,false,Equipment,2026-01-20 00:00:00.000
5217,93,254,,,false,false,Equipment,2026-01-20 00:00:00.000
5218,93,353,19.487,0,,,Demand,2026-01-20 00:00:00.000
5219,93,22,156.563,0,,,Demand,2026-01-20 00:00:00.000
5220,93,23,174.745,0,,,Demand,2026-01-20 00:00:00.000
5221,93,177,178.760,0,,,Demand,2026-01-20 00:00:00.000
5222,93,199,6,0,,,Demand,2026-01-20 00:00:00.000
5223,93,152,1640.915,0,,,Demand,2026-01-20 00:00:00.000
5224,93,154,3416.277,0,,,Demand,2026-01-20 00:00:00.000
5225,93,155,19960.034,0,,,Demand,2026-01-20 00:00:00.000
5226,93,156,19960.034,0,,,Demand,2026-01-20 00:00:00.000
5227,93,153,34670.534,0,,,Demand,2026-01-20 00:00:00.000
5228,93,2920,1800,0,,,Demand,2026-01-20 00:00:00.000
5229,93,2917,20634.008,0,,,Demand,2026-01-20 00:00:00.000
5230,93,374,11.857,0,,,Demand,2026-01-20 00:00:00.000
5231,93,411,3.327,0,,,Demand,2026-01-20 00:00:00.000
5232,93,12,0,0,,,Demand,2026-01-20 00:00:00.000
5233,93,13,0,0,,,Demand,2026-01-20 00:00:00.000
5234,93,14,0,0,,,Demand,2026-01-20 00:00:00.000
5235,93,2490,37,0,,,Demand,2026-01-20 00:00:00.000
5236,93,19,56.116,0,,,Demand,2026-01-20 00:00:00.000
5237,93,20,35.148,0,,,Demand,2026-01-20 00:00:00.000
5238,93,21,32.492,0,,,Demand,2026-01-20 00:00:00.000
5239,93,2638,1,0,,,Demand,2026-01-20 00:00:00.000
5240,93,18,41.714,0,,,Demand,2026-01-20 00:00:00.000
5241,93,15,58.767,0,,,Demand,2026-01-20 00:00:00.000
5242,93,16,45.559,0,,,Demand,2026-01-20 00:00:00.000
5243,93,17,39.120,0,,,Demand,2026-01-20 00:00:00.000
5244,93,226,521.433,0,,,Demand,2026-01-20 00:00:00.000
5245,93,3348,1,0,,,Other,2026-01-20 00:00:00.000
5246,93,5291,0,0,,,Other,2026-01-20 00:00:00.000
5247,93,5240,0,0,,,Other,2026-01-20 00:00:00.000
5248,93,5290,454.880,0,,,Other,2026-01-20 00:00:00.000
5249,93,5208,51.862,0,,,Other,2026-01-20 00:00:00.000
5250,93,5209,58.343,0,,,Other,2026-01-20 00:00:00.000
5251,93,5210,61.545,0,,,Other,2026-01-20 00:00:00.000
5252,93,5211,35.174,0,,,Other,2026-01-20 00:00:00.000
5253,93,5212,39.105,0,,,Other,2026-01-20 00:00:00.000
5254,93,5213,32.487,0,,,Other,2026-01-20 00:00:00.000
5255,93,5214,41.714,0,,,Other,2026-01-20 00:00:00.000
5256,93,5215,37,0,,,Other,2026-01-20 00:00:00.000
5257,93,203,336,0,,,Other,2026-01-20 00:00:00.000
5258,93,204,326,0,,,Other,2026-01-20 00:00:00.000
5259,93,205,15.435,0,,,Other,2026-01-20 00:00:00.000
5260,93,206,15.435,0,,,Other,2026-01-20 00:00:00.000
5261,93,207,11.270,0,,,Other,2026-01-20 00:00:00.000
5262,93,208,11.270,0,,,Other,2026-01-20 00:00:00.000
5263,93,209,12326,0,,,Other,2026-01-20 00:00:00.000
5264,93,210,350,0,,,Other,2026-01-20 00:00:00.000
5265,93,427,150,0,,,Other,2026-01-20 00:00:00.000
5266,93,428,150,0,,,Other,2026-01-20 00:00:00.000
5267,93,429,150,0,,,Other,2026-01-20 00:00:00.000
5268,93,430,150,0,,,Other,2026-01-20 00:00:00.000
5269,93,431,150,0,,,Other,2026-01-20 00:00:00.000
5270,93,432,0,0,,,Other,2026-01-20 00:00:00.000
5271,93,433,0,0,,,Other,2026-01-20 00:00:00.000
5272,93,434,0,0,,,Other,2026-01-20 00:00:00.000
5273,93,435,0,0,,,Other,2026-01-20 00:00:00.000
5274,93,1042,0.833,0,,,Other,2026-01-20 00:00:00.000
5275,93,1043,0.863,0,,,Other,2026-01-20 00:00:00.000
5276,93,1044,0.895,0,,,Other,2026-01-20 00:00:00.000
5277,93,1054,12.700,0,,,Other,2026-01-20 00:00:00.000
5278,93,389,1,0,,,Other,2026-01-20 00:00:00.000
5279,93,390,1,0,,,Other,2026-01-20 00:00:00.000
5280,93,391,1,0,,,Other,2026-01-20 00:00:00.000
5281,93,392,1,0,,,Other,2026-01-20 00:00:00.000
5282,93,393,1,0,,,Other,2026-01-20 00:00:00.000
5283,93,394,1,0,,,Other,2026-01-20 00:00:00.000
5284,93,5183,159.801,0,,,Other,2026-01-20 00:00:00.000
5285,93,5184,303.112,0,,,Other,2026-01-20 00:00:00.000
5286,93,5185,1551.604,0,,,Other,2026-01-20 00:00:00.000
5287,93,5186,48.974,0,,,Other,2026-01-20 00:00:00.000
5288,93,5187,215.882,0,,,Other,2026-01-20 00:00:00.000
5289,93,5188,473.878,0,,,Other,2026-01-20 00:00:00.000
5290,93,5189,8.969,0,,,Other,2026-01-20 00:00:00.000
5291,93,5190,-11.571,0,,,Other,2026-01-20 00:00:00.000
5292,93,5191,-102.954,0,,,Other,2026-01-20 00:00:00.000
5293,93,5192,118.971,0,,,Other,2026-01-20 00:00:00.000
5294,93,5193,-7.606,0,,,Other,2026-01-20 00:00:00.000
5295,93,1048,290.071,0,,,Other,2026-01-20 00:00:00.000
5296,93,1049,86.040,0,,,Other,2026-01-20 00:00:00.000
5297,93,1050,180.556,0,,,Other,2026-01-20 00:00:00.000
5298,93,1051,140.169,0,,,Other,2026-01-20 00:00:00.000
5299,93,1052,89.775,0,,,Other,2026-01-20 00:00:00.000
5300,93,2850,0,0,,,Other,2026-01-20 00:00:00.000
5301,93,5268,268.093,0,,,Other,2026-01-20 00:00:00.000
5302,93,3092,270.881,0,,,Other,2026-01-20 00:00:00.000
5303,93,2748,58.767,0,,,Other,2026-01-20 00:00:00.000
5304,93,3095,255.745,0,,,Other,2026-01-20 00:00:00.000
5305,93,2749,45.559,0,,,Other,2026-01-20 00:00:00.000
5306,93,2750,39.120,0,,,Other,2026-01-20 00:00:00.000
5307,93,1053,125.299,0,,,Other,2026-01-20 00:00:00.000
5308,93,229,512.300,0,,,Other,2026-01-20 00:00:00.000
5309,93,4788,5,0,,,Other,2026-01-20 00:00:00.000
5310,93,395,1,0,,,Other,2026-01-20 00:00:00.000
5311,93,425,512.300,0,,,Other,2026-01-20 00:00:00.000
5312,93,77,479.718,0,,,Other,2026-01-20 00:00:00.000
5313,93,1047,483.455,0,,,Other,2026-01-20 00:00:00.000
5314,93,403,110,0,,,Other,2026-01-20 00:00:00.000
5315,93,69,357.892,0,,,Other,2026-01-20 00:00:00.000
5316,93,70,220.833,0,,,Other,2026-01-20 00:00:00.000
5317,93,71,225.574,0,,,Other,2026-01-20 00:00:00.000
5318,93,72,157.212,0,,,Other,2026-01-20 00:00:00.000
5319,93,73,165.732,0,,,Other,2026-01-20 00:00:00.000
5320,93,74,16.485,0,,,Other,2026-01-20 00:00:00.000
5321,93,75,19.237,0,,,Other,2026-01-20 00:00:00.000
5322,93,76,13.591,0,,,Other,2026-01-20 00:00:00.000
5323,93,1151,5.834,0,,,Other,2026-01-20 00:00:00.000
5324,93,334,15000,0,,,Other,2026-01-20 00:00:00.000
5325,93,4043,93.747,0,,,Other,2026-01-20 00:00:00.000
5326,93,4044,93.729,0,,,Other,2026-01-20 00:00:00.000
5327,93,4045,93.453,0,,,Other,2026-01-20 00:00:00.000
5328,93,4046,94.003,0,,,Other,2026-01-20 00:00:00.000
5329,93,4047,93.498,0,,,Other,2026-01-20 00:00:00.000
5330,93,58,1,0,,,Other,2026-01-20 00:00:00.000
5331,93,59,1,0,,,Other,2026-01-20 00:00:00.000
5332,93,60,1,0,,,Other,2026-01-20 00:00:00.000
5333,93,61,1,0,,,Other,2026-01-20 00:00:00.000
5334,93,62,1,0,,,Other,2026-01-20 00:00:00.000
5335,93,166,23.851,0,,,Other,2026-01-20 00:00:00.000
5336,93,167,8.109,0,,,Other,2026-01-20 00:00:00.000
5337,93,168,9.214,0,,,Other,2026-01-20 00:00:00.000
5338,93,78,41.715,0,,,Other,2026-01-20 00:00:00.000
5339,93,169,0.070,0,,,Other,2026-01-20 00:00:00.000
5340,93,352,1074.788,0,,,Other,2026-01-20 00:00:00.000
5341,93,225,1051.827,0,,,Other,2026-01-20 00:00:00.000
5342,93,354,81447.795,0,,,Other,2026-01-20 00:00:00.000
5343,93,335,31.560,0,,,Other,2026-01-20 00:00:00.000
5344,93,3333,0,0,,,Other,2026-01-20 00:00:00.000
5345,93,3334,0,0,,,Other,2026-01-20 00:00:00.000
5346,93,2929,0,0,,,Other,2026-01-20 00:00:00.000
5347,93,2936,0,0,,,Other,2026-01-20 00:00:00.000
5348,93,2941,0,0,,,Other,2026-01-20 00:00:00.000
5349,93,2948,0,0,,,Other,2026-01-20 00:00:00.000
5350,93,2953,0,0,,,Other,2026-01-20 00:00:00.000
5351,93,2960,0,0,,,Other,2026-01-20 00:00:00.000
5352,93,5536,0,0,,,Other,2026-01-20 00:00:00.000
5353,93,3332,1,0,,,Other,2026-01-20 00:00:00.000
5354,93,4061,0,0,,,Other,2026-01-20 00:00:00.000
5355,93,4062,0,0,,,Other,2026-01-20 00:00:00.000
5356,93,4063,0,0,,,Other,2026-01-20 00:00:00.000
5357,93,4064,0,0,,,Other,2026-01-20 00:00:00.000
5358,93,4065,0,0,,,Other,2026-01-20 00:00:00.000
5359,93,4066,0,0,,,Other,2026-01-20 00:00:00.000
5360,93,4067,0,0,,,Other,2026-01-20 00:00:00.000
5361,93,4068,0,0,,,Other,2026-01-20 00:00:00.000
5362,93,4069,1,0,,,Other,2026-01-20 00:00:00.000
5363,93,4070,0,0,,,Other,2026-01-20 00:00:00.000
5364,93,4071,0,0,,,Other,2026-01-20 00:00:00.000
5365,93,4785,2.913,0,,,Other,2026-01-20 00:00:00.000
5366,93,4786,3,0,,,Other,2026-01-20 00:00:00.000
5367,93,5181,2.913,0,,,Other,2026-01-20 00:00:00.000
5368,93,5182,5,0,,,Other,2026-01-20 00:00:00.000
5369,93,4787,0,0,,,Other,2026-01-20 00:00:00.000
5370,93,4926,0,0,,,Other,2026-01-20 00:00:00.000
5371,93,278,6,0,,,Other,2026-01-20 00:00:00.000
5372,93,357,521.433,0,,,Other,2026-01-20 00:00:00.000
5373,93,5073,110,0,,,Other,2026-01-20 00:00:00.000
5374,93,5074,120,0,,,Other,2026-01-20 00:00:00.000
5375,93,4807,0,0,,,Other,2026-01-20 00:00:00.000
5376,93,276,4,0,,,Other,2026-01-20 00:00:00.000
5377,93,200,0,0,,,Other,2026-01-20 00:00:00.000
5378,93,1152,0,0,,,Other,2026-01-20 00:00:00.000
5379,93,1153,0,0,,,Other,2026-01-20 00:00:00.000
5380,93,3329,59.113,0,,,Other,2026-01-20 00:00:00.000
5381,93,1116,11.500,0,,,Other,2026-01-20 00:00:00.000
5382,93,1117,13,0,,,Other,2026-01-20 00:00:00.000
5383,93,1118,24,0,,,Other,2026-01-20 00:00:00.000
5384,93,1119,6,0,,,Other,2026-01-20 00:00:00.000
5385,93,1120,7,0,,,Other,2026-01-20 00:00:00.000
5386,93,405,0.814,0,,,Other,2026-01-20 00:00:00.000
5387,93,407,1.002,0,,,Other,2026-01-20 00:00:00.000
5388,93,409,0.002,0,,,Other,2026-01-20 00:00:00.000
5389,93,4073,1.818,0,,,Other,2026-01-20 00:00:00.000
5390,93,4076,0.428,0,,,Other,2026-01-20 00:00:00.000
5391,93,406,0.040,0,,,Other,2026-01-20 00:00:00.000
5392,93,408,0.837,0,,,Other,2026-01-20 00:00:00.000
5393,93,410,0,0,,,Other,2026-01-20 00:00:00.000
5394,93,412,0,0,,,Other,2026-01-20 00:00:00.000
5395,93,4077,0.876,0,,,Other,2026-01-20 00:00:00.000
5396,93,1114,45,0,,,Other,2026-01-20 00:00:00.000
5397,93,1115,3.500,0,,,Other,2026-01-20 00:00:00.000
5398,93,396,3.500,0,,,Other,2026-01-20 00:00:00.000
5399,93,397,11.500,0,,,Other,2026-01-20 00:00:00.000
5400,93,398,13,0,,,Other,2026-01-20 00:00:00.000
5401,93,399,24,0,,,Other,2026-01-20 00:00:00.000
5402,93,400,6,0,,,Other,2026-01-20 00:00:00.000
5403,93,401,7,0,,,Other,2026-01-20 00:00:00.000
5404,93,4079,65,0,,,Other,2026-01-20 00:00:00.000
5405,93,4080,45,0,,,Other,2026-01-20 00:00:00.000
5406,93,418,16.554,0,,,Other,2026-01-20 00:00:00.000
5407,93,5196,102081.803,0,,,Other,2026-01-20 00:00:00.000
5408,93,5197,13613.802,0,,,Other,2026-01-20 00:00:00.000
5409,93,5216,10,0,,,Other,2026-01-20 00:00:00.000
5410,93,5292,0,0,,,Other,2026-01-20 00:00:00.000
5411,93,5293,1,0,,,Other,2026-01-20 00:00:00.000
5412,93,5294,0,0,,,Other,2026-01-20 00:00:00.000
5413,93,5295,1,0,,,Other,2026-01-20 00:00:00.000
5414,93,5539,1,0,,,Other,2026-01-20 00:00:00.000
5415,93,5540,1,0,,,Other,2026-01-20 00:00:00.000
5416,93,5541,1,0,,,Other,2026-01-20 00:00:00.000
5417,93,5542,1,0,,,Other,2026-01-20 00:00:00.000
5418,93,5543,1,0,,,Other,2026-01-20 00:00:00.000
5419,93,5570,0,0,,,Other,2026-01-20 00:00:00.000
5420,93,5571,3.180,0,,,Other,2026-01-20 00:00:00.000
5421,93,5572,0,0,,,Other,2026-01-20 00:00:00.000
5422,93,5573,3.646,0,,,Other,2026-01-20 00:00:00.000
5423,93,5579,0,0,,,Other,2026-01-20 00:00:00.000
5424,93,5580,0,0,,,Other,2026-01-20 00:00:00.000
5425,93,5581,0,0,,,Other,2026-01-20 00:00:00.000
5426,93,5582,0.876,0,,,Other,2026-01-20 00:00:00.000
5427,93,5583,0,0,,,Other,2026-01-20 00:00:00.000
5428,93,5584,0,0,,,Other,2026-01-20 00:00:00.000
5429,93,5585,0,0,,,Other,2026-01-20 00:00:00.000
5430,93,5586,0,0,,,Other,2026-01-20 00:00:00.000
5431,93,5587,0,0,,,Other,2026-01-20 00:00:00.000
5432,93,5588,0,0,,,Other,2026-01-20 00:00:00.000
5433,93,5589,0,0,,,Other,2026-01-20 00:00:00.000
5434,93,5590,0,0,,,Other,2026-01-20 00:00:00.000
5435,93,5591,0,0,,,Other,2026-01-20 00:00:00.000
5436,93,5592,0,0,,,Other,2026-01-20 00:00:00.000
5437,93,5593,0,0,,,Other,2026-01-20 00:00:00.000
5438,93,5594,0,0,,,Other,2026-01-20 00:00:00.000
5439,93,5595,0,0,,,Other,2026-01-20 00:00:00.000
5440,93,5596,0,0,,,Other,2026-01-20 00:00:00.000
5441,93,5597,0,0,,,Other,2026-01-20 00:00:00.000
5442,93,5598,0,0,,,Other,2026-01-20 00:00:00.000
5443,93,5599,0,0,,,Other,2026-01-20 00:00:00.000
5444,93,5600,0,0,,,Other,2026-01-20 00:00:00.000
5445,93,5606,0,0,,,Other,2026-01-20 00:00:00.000
5446,93,2626,0.590,0,,,Other,2026-01-20 00:00:00.000
5447,93,2627,13.223,0,,,Other,2026-01-20 00:00:00.000
5448,93,2628,13.223,0,,,Other,2026-01-20 00:00:00.000
5449,93,2629,0.590,0,,,Other,2026-01-20 00:00:00.000
5450,93,2630,13.223,0,,,Other,2026-01-20 00:00:00.000
5451,93,2631,0.590,0,,,Other,2026-01-20 00:00:00.000
5452,93,2598,34.200,0,,,Other,2026-01-20 00:00:00.000
5453,93,2599,34.200,0,,,Other,2026-01-20 00:00:00.000
5454,93,2600,0,0,,,Other,2026-01-20 00:00:00.000
5455,93,2601,2.295,0,,,Other,2026-01-20 00:00:00.000
5456,93,2602,2.295,0,,,Other,2026-01-20 00:00:00.000
5457,93,2603,2.295,0,,,Other,2026-01-20 00:00:00.000
5458,93,2604,34.200,0,,,Other,2026-01-20 00:00:00.000
5459,93,2605,4.611,0,,,Other,2026-01-20 00:00:00.000
5460,93,2606,3.054,0,,,Other,2026-01-20 00:00:00.000
5461,93,2607,0,0,,,Other,2026-01-20 00:00:00.000
5462,93,2608,0,0,,,Other,2026-01-20 00:00:00.000
5463,93,2609,0,0,,,Other,2026-01-20 00:00:00.000
5464,93,2610,0,0,,,Other,2026-01-20 00:00:00.000
5465,93,2611,7.258,0,,,Other,2026-01-20 00:00:00.000
5466,93,2620,6.141,0,,,Other,2026-01-20 00:00:00.000
5467,93,2622,6.141,0,,,Other,2026-01-20 00:00:00.000
5468,93,2621,0.089,0,,,Other,2026-01-20 00:00:00.000
5469,93,2623,0,0,,,Other,2026-01-20 00:00:00.000
5470,93,2625,0.252,0,,,Other,2026-01-20 00:00:00.000
5471,93,2624,0,0,,,Other,2026-01-20 00:00:00.000
5472,93,2595,0,0,,,Other,2026-01-20 00:00:00.000
5473,93,2596,0.715,0,,,Other,2026-01-20 00:00:00.000
5474,93,2597,0.598,0,,,Other,2026-01-20 00:00:00.000
5475,93,2612,5.643,0,,,Other,2026-01-20 00:00:00.000
5476,93,2613,23.236,0,,,Other,2026-01-20 00:00:00.000
5477,93,2614,0,0,,,Other,2026-01-20 00:00:00.000
5478,93,2615,1.318,0,,,Other,2026-01-20 00:00:00.000
5479,93,2616,0,0,,,Other,2026-01-20 00:00:00.000
5480,93,2617,9.036,0,,,Other,2026-01-20 00:00:00.000
5481,93,2618,0,0,,,Other,2026-01-20 00:00:00.000
5482,93,2619,-3.395,0,,,Other,2026-01-20 00:00:00.000
5483,93,3078,0.590,0,,,Other,2026-01-20 00:00:00.000
5484,93,3079,15.501,0,,,Other,2026-01-20 00:00:00.000
5485,93,3080,17.731,0,,,Other,2026-01-20 00:00:00.000
5486,93,3081,0.810,0,,,Other,2026-01-20 00:00:00.000
5487,93,3082,16.953,0,,,Other,2026-01-20 00:00:00.000
5488,93,3083,0.590,0,,,Other,2026-01-20 00:00:00.000
5489,93,3084,1.599,0,,,Other,2026-01-20 00:00:00.000
5490,93,3085,31.605,0,,,Other,2026-01-20 00:00:00.000
5491,93,3086,31.487,0,,,Other,2026-01-20 00:00:00.000
5492,93,3089,6.141,0,,,Other,2026-01-20 00:00:00.000
5493,93,3090,6.393,0,,,Other,2026-01-20 00:00:00.000
5494,93,3091,0.089,0,,,Other,2026-01-20 00:00:00.000
5495,93,2632,0,0,,,Other,2026-01-20 00:00:00.000
5496,93,2633,2.278,0,,,Other,2026-01-20 00:00:00.000
5497,93,2634,4.508,0,,,Other,2026-01-20 00:00:00.000
5498,93,2635,0.219,0,,,Other,2026-01-20 00:00:00.000
5499,93,2636,3.731,0,,,Other,2026-01-20 00:00:00.000
5500,93,2637,0,0,,,Other,2026-01-20 00:00:00.000
5501,93,5026,0,0,,,Other,2026-01-20 00:00:00.000
5502,93,5075,80,0,,,Other,2026-01-20 00:00:00.000
5503,93,5076,80,0,,,Other,2026-01-20 00:00:00.000
5504,93,2482,0,0,,,Other,2026-01-20 00:00:00.000
5505,93,4042,1,0,,,Other,2026-01-20 00:00:00.000
5506,93,5105,748.822,0,,,Other,2026-01-20 00:00:00.000
5507,93,5106,404.392,0,,,Other,2026-01-20 00:00:00.000
5508,93,5107,346.761,0,,,Other,2026-01-20 00:00:00.000
5509,93,5108,302.238,0,,,Other,2026-01-20 00:00:00.000
5510,93,5109,163.375,0,,,Other,2026-01-20 00:00:00.000
5511,93,5100,4.968,0,,,Other,2026-01-20 00:00:00.000
5512,93,5101,5.039,0,,,Other,2026-01-20 00:00:00.000
5513,93,5102,5.189,0,,,Other,2026-01-20 00:00:00.000
5514,93,5103,4.947,0,,,Other,2026-01-20 00:00:00.000
5515,93,5104,6.445,0,,,Other,2026-01-20 00:00:00.000
5516,93,218,13.330,,,,Price_Inputs,2026-01-20 00:00:00.000
5517,93,219,2.040,,,,Price_Inputs,2026-01-20 00:00:00.000
5518,93,220,1.960,,,,Price_Inputs,2026-01-20 00:00:00.000
5519,93,223,74.350,,,,Plant_Parameter,2026-01-20 00:00:00.000
5520,93,2647,89.490,,,,Plant_Parameter,2026-01-20 00:00:00.000
5521,93,221,50.280,,,,Plant_Parameter,2026-01-20 00:00:00.000
5522,93,2645,83.310,,,,Plant_Parameter,2026-01-20 00:00:00.000
5523,93,1190,454.880,,,,Plant_Parameter,2026-01-20 00:00:00.000
5524,93,5288,0,,,,Plant_Parameter,2026-01-20 00:00:00.000
5525,93,5289,0,,,,Plant_Parameter,2026-01-20 00:00:00.000
5526,93,222,66.930,,,,Plant_Parameter,2026-01-20 00:00:00.000
5527,93,2646,86.250,,,,Plant_Parameter,2026-01-20 00:00:00.000
5528,93,1212,19.070,,,,Plant_Parameter,2026-01-20 00:00:00.000
5529,93,1213,54.770,,,,Plant_Parameter,2026-01-20 00:00:00.000
5530,93,426,100,,,,Plant_Parameter,2026-01-20 00:00:00.000
5531,96,235,,,false,true,Equipment,2026-01-20 00:00:00.000
5532,96,234,,,false,true,Equipment,2026-01-20 00:00:00.000
5533,96,237,,,false,true,Equipment,2026-01-20 00:00:00.000
5534,96,238,,,false,true,Equipment,2026-01-20 00:00:00.000
5535,96,245,,,false,true,Equipment,2026-01-20 00:00:00.000
5536,96,244,,,false,true,Equipment,2026-01-20 00:00:00.000
5537,96,247,,,false,true,Equipment,2026-01-20 00:00:00.000
5538,96,248,,,false,true,Equipment,2026-01-20 00:00:00.000
5539,96,252,,,false,true,Equipment,2026-01-20 00:00:00.000
5540,96,251,,,false,true,Equipment,2026-01-20 00:00:00.000
5541,96,62,,,false,true,Equipment,2026-01-20 00:00:00.000
5542,96,230,,,false,true,Equipment,2026-01-20 00:00:00.000
5543,96,231,,,false,true,Equipment,2026-01-20 00:00:00.000
5544,96,232,,,false,true,Equipment,2026-01-20 00:00:00.000
5545,96,233,,,false,true,Equipment,2026-01-20 00:00:00.000
5546,96,236,,,false,true,Equipment,2026-01-20 00:00:00.000
5547,96,239,,,false,true,Equipment,2026-01-20 00:00:00.000
5548,96,240,,,false,true,Equipment,2026-01-20 00:00:00.000
5549,96,241,,,false,true,Equipment,2026-01-20 00:00:00.000
5550,96,242,,,false,true,Equipment,2026-01-20 00:00:00.000
5551,96,243,,,false,true,Equipment,2026-01-20 00:00:00.000
5552,96,246,,,false,false,Equipment,2026-01-20 00:00:00.000
5553,96,249,,,false,true,Equipment,2026-01-20 00:00:00.000
5554,96,250,,,false,true,Equipment,2026-01-20 00:00:00.000
5555,96,58,,,false,true,Equipment,2026-01-20 00:00:00.000
5556,96,59,,,false,true,Equipment,2026-01-20 00:00:00.000
5557,96,60,,,false,true,Equipment,2026-01-20 00:00:00.000
5558,96,61,,,false,true,Equipment,2026-01-20 00:00:00.000
5559,96,253,,,false,false,Equipment,2026-01-20 00:00:00.000
5560,96,254,,,false,false,Equipment,2026-01-20 00:00:00.000
5561,96,353,16.605,0,,,Demand,2026-01-20 00:00:00.000
5562,96,22,0,0,,,Demand,2026-01-20 00:00:00.000
5563,96,23,90.166,0,,,Demand,2026-01-20 00:00:00.000
5564,96,177,179.617,0,,,Demand,2026-01-20 00:00:00.000
5565,96,199,6,0,,,Demand,2026-01-20 00:00:00.000
5566,96,152,1788.045,0,,,Demand,2026-01-20 00:00:00.000
5567,96,154,3705.345,0,,,Demand,2026-01-20 00:00:00.000
5568,96,155,0,0,,,Demand,2026-01-20 00:00:00.000
5569,96,156,22596.744,0,,,Demand,2026-01-20 00:00:00.000
5570,96,153,37582.297,0,,,Demand,2026-01-20 00:00:00.000
5571,96,2920,1800,0,,,Demand,2026-01-20 00:00:00.000
5572,96,2917,19915.015,0,,,Demand,2026-01-20 00:00:00.000
5573,96,374,11.403,0,,,Demand,2026-01-20 00:00:00.000
5574,96,411,3.451,0,,,Demand,2026-01-20 00:00:00.000
5575,96,12,0,0,,,Demand,2026-01-20 00:00:00.000
5576,96,13,0,0,,,Demand,2026-01-20 00:00:00.000
5577,96,14,0,0,,,Demand,2026-01-20 00:00:00.000
5578,96,2490,0,0,,,Demand,2026-01-20 00:00:00.000
5579,96,19,0,0,,,Demand,2026-01-20 00:00:00.000
5580,96,20,63.990,0,,,Demand,2026-01-20 00:00:00.000
5581,96,21,42.287,0,,,Demand,2026-01-20 00:00:00.000
5582,96,2638,1,0,,,Demand,2026-01-20 00:00:00.000
5583,96,18,61.172,0,,,Demand,2026-01-20 00:00:00.000
5584,96,15,0,0,,,Demand,2026-01-20 00:00:00.000
5585,96,16,73.079,0,,,Demand,2026-01-20 00:00:00.000
5586,96,17,55.850,0,,,Demand,2026-01-20 00:00:00.000
5587,96,226,535.855,0,,,Demand,2026-01-20 00:00:00.000
5588,96,3348,1,0,,,Other,2026-01-20 00:00:00.000
5589,96,5291,0,0,,,Other,2026-01-20 00:00:00.000
5590,96,5240,0,0,,,Other,2026-01-20 00:00:00.000
5591,96,5290,484.180,0,,,Other,2026-01-20 00:00:00.000
5592,96,5208,0,0,,,Other,2026-01-20 00:00:00.000
5593,96,5209,0,0,,,Other,2026-01-20 00:00:00.000
5594,96,5210,104.507,0,,,Other,2026-01-20 00:00:00.000
5595,96,5211,63.950,0,,,Other,2026-01-20 00:00:00.000
5596,96,5212,55.883,0,,,Other,2026-01-20 00:00:00.000
5597,96,5213,42.298,0,,,Other,2026-01-20 00:00:00.000
5598,96,5214,61.172,0,,,Other,2026-01-20 00:00:00.000
5599,96,5215,0,0,,,Other,2026-01-20 00:00:00.000
5600,96,203,336,0,,,Other,2026-01-20 00:00:00.000
5601,96,204,326,0,,,Other,2026-01-20 00:00:00.000
5602,96,205,15.435,0,,,Other,2026-01-20 00:00:00.000
5603,96,206,15.435,0,,,Other,2026-01-20 00:00:00.000
5604,96,207,11.270,0,,,Other,2026-01-20 00:00:00.000
5605,96,208,11.270,0,,,Other,2026-01-20 00:00:00.000
5606,96,209,12326,0,,,Other,2026-01-20 00:00:00.000
5607,96,210,350,0,,,Other,2026-01-20 00:00:00.000
5608,96,427,150,0,,,Other,2026-01-20 00:00:00.000
5609,96,428,150,0,,,Other,2026-01-20 00:00:00.000
5610,96,429,150,0,,,Other,2026-01-20 00:00:00.000
5611,96,430,150,0,,,Other,2026-01-20 00:00:00.000
5612,96,431,150,0,,,Other,2026-01-20 00:00:00.000
5613,96,432,0,0,,,Other,2026-01-20 00:00:00.000
5614,96,433,0,0,,,Other,2026-01-20 00:00:00.000
5615,96,434,0,0,,,Other,2026-01-20 00:00:00.000
5616,96,435,0,0,,,Other,2026-01-20 00:00:00.000
5617,96,1042,0,0,,,Other,2026-01-20 00:00:00.000
5618,96,1043,0.883,0,,,Other,2026-01-20 00:00:00.000
5619,96,1044,0.897,0,,,Other,2026-01-20 00:00:00.000
5620,96,1054,0,0,,,Other,2026-01-20 00:00:00.000
5621,96,389,1,0,,,Other,2026-01-20 00:00:00.000
5622,96,390,0,0,,,Other,2026-01-20 00:00:00.000
5623,96,391,1,0,,,Other,2026-01-20 00:00:00.000
5624,96,392,1,0,,,Other,2026-01-20 00:00:00.000
5625,96,393,1,0,,,Other,2026-01-20 00:00:00.000
5626,96,394,1,0,,,Other,2026-01-20 00:00:00.000
5627,96,5183,166.867,0,,,Other,2026-01-20 00:00:00.000
5628,96,5184,260.317,0,,,Other,2026-01-20 00:00:00.000
5629,96,5185,1287.119,0,,,Other,2026-01-20 00:00:00.000
5630,96,5186,46.552,0,,,Other,2026-01-20 00:00:00.000
5631,96,5187,172.653,0,,,Other,2026-01-20 00:00:00.000
5632,96,5188,433.069,0,,,Other,2026-01-20 00:00:00.000
5633,96,5189,8.080,0,,,Other,2026-01-20 00:00:00.000
5634,96,5190,20.926,0,,,Other,2026-01-20 00:00:00.000
5635,96,5191,-102.088,0,,,Other,2026-01-20 00:00:00.000
5636,96,5192,52.799,0,,,Other,2026-01-20 00:00:00.000
5637,96,5193,4.182,0,,,Other,2026-01-20 00:00:00.000
5638,96,3031,94.132,0,,,Other,2026-01-20 00:00:00.000
5639,96,504,507.447,0,,,Other,2026-01-20 00:00:00.000
5640,96,4876,54.258,0,,,Other,2026-01-20 00:00:00.000
5641,96,4871,429.606,0,,,Other,2026-01-20 00:00:00.000
5642,96,4870,247.103,0,,,Other,2026-01-20 00:00:00.000
5643,96,4929,49.184,0,,,Other,2026-01-20 00:00:00.000
5644,96,5195,912.485,0,,,Other,2026-01-20 00:00:00.000
5645,96,138,79.252,0,,,Other,2026-01-20 00:00:00.000
5646,96,1048,299.081,0,,,Other,2026-01-20 00:00:00.000
5647,96,1049,93.327,0,,,Other,2026-01-20 00:00:00.000
5648,96,1050,181.272,0,,,Other,2026-01-20 00:00:00.000
5649,96,1051,146.567,0,,,Other,2026-01-20 00:00:00.000
5650,96,1052,96.021,0,,,Other,2026-01-20 00:00:00.000
5651,96,2850,0,0,,,Other,2026-01-20 00:00:00.000
5652,96,5268,0,0,,,Other,2026-01-20 00:00:00.000
5653,96,5224,0,0,,,Other,2026-01-20 00:00:00.000
5654,96,1169,0,0,,,Other,2026-01-20 00:00:00.000
5655,96,1170,0,0,,,Other,2026-01-20 00:00:00.000
5656,96,5220,0,0,,,Other,2026-01-20 00:00:00.000
5657,96,5259,0,0,,,Other,2026-01-20 00:00:00.000
5658,96,5260,0,0,,,Other,2026-01-20 00:00:00.000
5659,96,3092,0,0,,,Other,2026-01-20 00:00:00.000
5660,96,2748,74.672,0,,,Other,2026-01-20 00:00:00.000
5661,96,5257,25.774,0,,,Other,2026-01-20 00:00:00.000
5662,96,5258,28.998,0,,,Other,2026-01-20 00:00:00.000
5663,96,5223,6.098,0,,,Other,2026-01-20 00:00:00.000
5664,96,1171,34.981,0,,,Other,2026-01-20 00:00:00.000
5665,96,1172,31.713,0,,,Other,2026-01-20 00:00:00.000
5666,96,5221,18.832,0,,,Other,2026-01-20 00:00:00.000
5667,96,5222,212.081,0,,,Other,2026-01-20 00:00:00.000
5668,96,3095,257.292,0,,,Other,2026-01-20 00:00:00.000
5669,96,2749,73.079,0,,,Other,2026-01-20 00:00:00.000
5670,96,3099,7.071,0,,,Other,2026-01-20 00:00:00.000
5671,96,3098,234.167,0,,,Other,2026-01-20 00:00:00.000
5672,96,149,90.226,0,,,Other,2026-01-20 00:00:00.000
5673,96,147,10.075,0,,,Other,2026-01-20 00:00:00.000
5674,96,5225,197.553,0,,,Other,2026-01-20 00:00:00.000
5675,96,1173,53.073,0,,,Other,2026-01-20 00:00:00.000
5676,96,1174,45.990,0,,,Other,2026-01-20 00:00:00.000
5677,96,5226,197.666,0,,,Other,2026-01-20 00:00:00.000
5678,96,2750,55.850,0,,,Other,2026-01-20 00:00:00.000
5679,96,1053,133.644,0,,,Other,2026-01-20 00:00:00.000
5680,96,229,452.854,0,,,Other,2026-01-20 00:00:00.000
5681,96,4788,4,0,,,Other,2026-01-20 00:00:00.000
5682,96,395,1,0,,,Other,2026-01-20 00:00:00.000
5683,96,425,452.854,0,,,Other,2026-01-20 00:00:00.000
5684,96,77,492.987,0,,,Other,2026-01-20 00:00:00.000
5685,96,1047,512.925,0,,,Other,2026-01-20 00:00:00.000
5686,96,403,98.500,0,,,Other,2026-01-20 00:00:00.000
5687,96,69,359.336,0,,,Other,2026-01-20 00:00:00.000
5688,96,70,0,0,,,Other,2026-01-20 00:00:00.000
5689,96,71,195.670,0,,,Other,2026-01-20 00:00:00.000
5690,96,72,160.256,0,,,Other,2026-01-20 00:00:00.000
5691,96,73,170.798,0,,,Other,2026-01-20 00:00:00.000
5692,96,74,0,0,,,Other,2026-01-20 00:00:00.000
5693,96,75,9.861,0,,,Other,2026-01-20 00:00:00.000
5694,96,76,13.486,0,,,Other,2026-01-20 00:00:00.000
5695,96,1151,5.991,0,,,Other,2026-01-20 00:00:00.000
5696,96,334,15000,0,,,Other,2026-01-20 00:00:00.000
5697,96,4043,93.793,0,,,Other,2026-01-20 00:00:00.000
5698,96,4044,93.874,0,,,Other,2026-01-20 00:00:00.000
5699,96,4045,94.002,0,,,Other,2026-01-20 00:00:00.000
5700,96,4046,94.213,0,,,Other,2026-01-20 00:00:00.000
5701,96,4047,94.070,0,,,Other,2026-01-20 00:00:00.000
5702,96,58,1,0,,,Other,2026-01-20 00:00:00.000
5703,96,59,1,0,,,Other,2026-01-20 00:00:00.000
5704,96,60,1,0,,,Other,2026-01-20 00:00:00.000
5705,96,61,1,0,,,Other,2026-01-20 00:00:00.000
5706,96,62,1,0,,,Other,2026-01-20 00:00:00.000
5707,96,166,14.542,0,,,Other,2026-01-20 00:00:00.000
5708,96,167,0,0,,,Other,2026-01-20 00:00:00.000
5709,96,168,11.244,0,,,Other,2026-01-20 00:00:00.000
5710,96,78,42.868,0,,,Other,2026-01-20 00:00:00.000
5711,96,169,4.378,0,,,Other,2026-01-20 00:00:00.000
5712,96,352,763.376,0,,,Other,2026-01-20 00:00:00.000
5713,96,5205,0,0,,,Other,2026-01-20 00:00:00.000
5714,96,5206,0.711,0,,,Other,2026-01-20 00:00:00.000
5715,96,5207,0.714,0,,,Other,2026-01-20 00:00:00.000
5716,96,5204,0.800,0,,,Other,2026-01-20 00:00:00.000
5717,96,225,848.617,0,,,Other,2026-01-20 00:00:00.000
5718,96,354,67472.431,0,,,Other,2026-01-20 00:00:00.000
5719,96,335,29.685,0,,,Other,2026-01-20 00:00:00.000
5720,96,3333,0,0,,,Other,2026-01-20 00:00:00.000
5721,96,3334,0,0,,,Other,2026-01-20 00:00:00.000
5722,96,2929,0,0,,,Other,2026-01-20 00:00:00.000
5723,96,2936,0,0,,,Other,2026-01-20 00:00:00.000
5724,96,2941,0,0,,,Other,2026-01-20 00:00:00.000
5725,96,2948,0,0,,,Other,2026-01-20 00:00:00.000
5726,96,2953,0,0,,,Other,2026-01-20 00:00:00.000
5727,96,2960,0,0,,,Other,2026-01-20 00:00:00.000
5728,96,5536,0,0,,,Other,2026-01-20 00:00:00.000
5729,96,3332,1,0,,,Other,2026-01-20 00:00:00.000
5730,96,4061,0,0,,,Other,2026-01-20 00:00:00.000
5731,96,4062,0,0,,,Other,2026-01-20 00:00:00.000
5732,96,4063,0,0,,,Other,2026-01-20 00:00:00.000
5733,96,4064,0,0,,,Other,2026-01-20 00:00:00.000
5734,96,4065,0,0,,,Other,2026-01-20 00:00:00.000
5735,96,4066,0,0,,,Other,2026-01-20 00:00:00.000
5736,96,4067,0,0,,,Other,2026-01-20 00:00:00.000
5737,96,4068,0,0,,,Other,2026-01-20 00:00:00.000
5738,96,4069,1,0,,,Other,2026-01-20 00:00:00.000
5739,96,4070,0,0,,,Other,2026-01-20 00:00:00.000
5740,96,4071,0,0,,,Other,2026-01-20 00:00:00.000
5741,96,4785,2.938,0,,,Other,2026-01-20 00:00:00.000
5742,96,4786,1,0,,,Other,2026-01-20 00:00:00.000
5743,96,5181,0,0,,,Other,2026-01-20 00:00:00.000
5744,96,5182,5,0,,,Other,2026-01-20 00:00:00.000
5745,96,4787,0,0,,,Other,2026-01-20 00:00:00.000
5746,96,4926,0,0,,,Other,2026-01-20 00:00:00.000
5747,96,278,5,0,,,Other,2026-01-20 00:00:00.000
5748,96,357,535.855,0,,,Other,2026-01-20 00:00:00.000
5749,96,5073,110,0,,,Other,2026-01-20 00:00:00.000
5750,96,5074,120,0,,,Other,2026-01-20 00:00:00.000
5751,96,4807,1,0,,,Other,2026-01-20 00:00:00.000
5752,96,276,3,0,,,Other,2026-01-20 00:00:00.000
5753,96,200,0,0,,,Other,2026-01-20 00:00:00.000
5754,96,1152,0,0,,,Other,2026-01-20 00:00:00.000
5755,96,1153,0,0,,,Other,2026-01-20 00:00:00.000
5756,96,3329,41.986,0,,,Other,2026-01-20 00:00:00.000
5757,96,1116,0,0,,,Other,2026-01-20 00:00:00.000
5758,96,1117,13,0,,,Other,2026-01-20 00:00:00.000
5759,96,1118,24,0,,,Other,2026-01-20 00:00:00.000
5760,96,1119,6,0,,,Other,2026-01-20 00:00:00.000
5761,96,1120,7,0,,,Other,2026-01-20 00:00:00.000
5762,96,405,0,0,,,Other,2026-01-20 00:00:00.000
5763,96,407,1.511,0,,,Other,2026-01-20 00:00:00.000
5764,96,409,0.002,0,,,Other,2026-01-20 00:00:00.000
5765,96,4073,1.513,0,,,Other,2026-01-20 00:00:00.000
5766,96,4076,0.300,0,,,Other,2026-01-20 00:00:00.000
5767,96,406,0,0,,,Other,2026-01-20 00:00:00.000
5768,96,408,0.827,0,,,Other,2026-01-20 00:00:00.000
5769,96,410,0,0,,,Other,2026-01-20 00:00:00.000
5770,96,412,0,0,,,Other,2026-01-20 00:00:00.000
5771,96,4077,0.827,0,,,Other,2026-01-20 00:00:00.000
5772,96,1114,45,0,,,Other,2026-01-20 00:00:00.000
5773,96,1115,3.500,0,,,Other,2026-01-20 00:00:00.000
5774,96,396,3.500,0,,,Other,2026-01-20 00:00:00.000
5775,96,397,0,0,,,Other,2026-01-20 00:00:00.000
5776,96,398,13,0,,,Other,2026-01-20 00:00:00.000
5777,96,399,24,0,,,Other,2026-01-20 00:00:00.000
5778,96,400,6,0,,,Other,2026-01-20 00:00:00.000
5779,96,401,7,0,,,Other,2026-01-20 00:00:00.000
5780,96,4079,53.500,0,,,Other,2026-01-20 00:00:00.000
5781,96,4080,45,0,,,Other,2026-01-20 00:00:00.000
5782,96,418,15.841,0,,,Other,2026-01-20 00:00:00.000
5783,96,5196,87402.148,0,,,Other,2026-01-20 00:00:00.000
5784,96,5197,13635.576,0,,,Other,2026-01-20 00:00:00.000
5785,96,5216,10,0,,,Other,2026-01-20 00:00:00.000
5786,96,5292,0,0,,,Other,2026-01-20 00:00:00.000
5787,96,5293,1,0,,,Other,2026-01-20 00:00:00.000
5788,96,5294,0,0,,,Other,2026-01-20 00:00:00.000
5789,96,5295,1,0,,,Other,2026-01-20 00:00:00.000
5790,96,5539,1,0,,,Other,2026-01-20 00:00:00.000
5791,96,5540,1,0,,,Other,2026-01-20 00:00:00.000
5792,96,5541,1,0,,,Other,2026-01-20 00:00:00.000
5793,96,5542,1,0,,,Other,2026-01-20 00:00:00.000
5794,96,5543,1,0,,,Other,2026-01-20 00:00:00.000
5795,96,5570,0,0,,,Other,2026-01-20 00:00:00.000
5796,96,5571,4.849,0,,,Other,2026-01-20 00:00:00.000
5797,96,5572,0,0,,,Other,2026-01-20 00:00:00.000
5798,96,5573,4.180,0,,,Other,2026-01-20 00:00:00.000
5799,96,5579,0,0,,,Other,2026-01-20 00:00:00.000
5800,96,5580,0,0,,,Other,2026-01-20 00:00:00.000
5801,96,5581,0,0,,,Other,2026-01-20 00:00:00.000
5802,96,5582,0.691,0,,,Other,2026-01-20 00:00:00.000
5803,96,5583,0,0,,,Other,2026-01-20 00:00:00.000
5804,96,5584,0,0,,,Other,2026-01-20 00:00:00.000
5805,96,5585,0,0,,,Other,2026-01-20 00:00:00.000
5806,96,5586,0,0,,,Other,2026-01-20 00:00:00.000
5807,96,5587,0,0,,,Other,2026-01-20 00:00:00.000
5808,96,5588,0,0,,,Other,2026-01-20 00:00:00.000
5809,96,5589,0,0,,,Other,2026-01-20 00:00:00.000
5810,96,5590,0,0,,,Other,2026-01-20 00:00:00.000
5811,96,5591,0,0,,,Other,2026-01-20 00:00:00.000
5812,96,5592,0,0,,,Other,2026-01-20 00:00:00.000
5813,96,5593,0,0,,,Other,2026-01-20 00:00:00.000
5814,96,5594,0,0,,,Other,2026-01-20 00:00:00.000
5815,96,5595,0,0,,,Other,2026-01-20 00:00:00.000
5816,96,5596,0,0,,,Other,2026-01-20 00:00:00.000
5817,96,5597,0,0,,,Other,2026-01-20 00:00:00.000
5818,96,5598,0,0,,,Other,2026-01-20 00:00:00.000
5819,96,5599,0,0,,,Other,2026-01-20 00:00:00.000
5820,96,5600,0,0,,,Other,2026-01-20 00:00:00.000
5821,96,5606,0,0,,,Other,2026-01-20 00:00:00.000
5822,96,2626,0.792,0,,,Other,2026-01-20 00:00:00.000
5823,96,2627,15.713,0,,,Other,2026-01-20 00:00:00.000
5824,96,2628,15.713,0,,,Other,2026-01-20 00:00:00.000
5825,96,2629,0.792,0,,,Other,2026-01-20 00:00:00.000
5826,96,2630,15.713,0,,,Other,2026-01-20 00:00:00.000
5827,96,2631,0.792,0,,,Other,2026-01-20 00:00:00.000
5828,96,2598,34.200,0,,,Other,2026-01-20 00:00:00.000
5829,96,2599,34.200,0,,,Other,2026-01-20 00:00:00.000
5830,96,2600,0,0,,,Other,2026-01-20 00:00:00.000
5831,96,2601,2.295,0,,,Other,2026-01-20 00:00:00.000
5832,96,2602,2.295,0,,,Other,2026-01-20 00:00:00.000
5833,96,2603,2.295,0,,,Other,2026-01-20 00:00:00.000
5834,96,2604,34.200,0,,,Other,2026-01-20 00:00:00.000
5835,96,2605,0.827,0,,,Other,2026-01-20 00:00:00.000
5836,96,2606,0.858,0,,,Other,2026-01-20 00:00:00.000
5837,96,2607,0,0,,,Other,2026-01-20 00:00:00.000
5838,96,2608,0,0,,,Other,2026-01-20 00:00:00.000
5839,96,2609,0,0,,,Other,2026-01-20 00:00:00.000
5840,96,2610,0,0,,,Other,2026-01-20 00:00:00.000
5841,96,2611,5.191,0,,,Other,2026-01-20 00:00:00.000
5842,96,2620,5.577,0,,,Other,2026-01-20 00:00:00.000
5843,96,2622,5.577,0,,,Other,2026-01-20 00:00:00.000
5844,96,2621,0.075,0,,,Other,2026-01-20 00:00:00.000
5845,96,2623,0,0,,,Other,2026-01-20 00:00:00.000
5846,96,2625,0.197,0,,,Other,2026-01-20 00:00:00.000
5847,96,2624,0,0,,,Other,2026-01-20 00:00:00.000
5848,96,2595,0,0,,,Other,2026-01-20 00:00:00.000
5849,96,2596,1.270,0,,,Other,2026-01-20 00:00:00.000
5850,96,2597,0.524,0,,,Other,2026-01-20 00:00:00.000
5851,96,2612,5.643,0,,,Other,2026-01-20 00:00:00.000
5852,96,2613,23.241,0,,,Other,2026-01-20 00:00:00.000
5853,96,2614,0,0,,,Other,2026-01-20 00:00:00.000
5854,96,2615,1.301,0,,,Other,2026-01-20 00:00:00.000
5855,96,2616,0,0,,,Other,2026-01-20 00:00:00.000
5856,96,2617,12.122,0,,,Other,2026-01-20 00:00:00.000
5857,96,2618,0,0,,,Other,2026-01-20 00:00:00.000
5858,96,2619,-1.221,0,,,Other,2026-01-20 00:00:00.000
5859,96,3078,0.792,0,,,Other,2026-01-20 00:00:00.000
5860,96,3079,15.271,0,,,Other,2026-01-20 00:00:00.000
5861,96,3080,17.850,0,,,Other,2026-01-20 00:00:00.000
5862,96,3081,0.792,0,,,Other,2026-01-20 00:00:00.000
5863,96,3082,15.061,0,,,Other,2026-01-20 00:00:00.000
5864,96,3083,0.792,0,,,Other,2026-01-20 00:00:00.000
5865,96,3084,1.620,0,,,Other,2026-01-20 00:00:00.000
5866,96,3085,32.472,0,,,Other,2026-01-20 00:00:00.000
5867,96,3086,31.726,0,,,Other,2026-01-20 00:00:00.000
5868,96,3089,5.577,0,,,Other,2026-01-20 00:00:00.000
5869,96,3090,5.774,0,,,Other,2026-01-20 00:00:00.000
5870,96,3091,0.075,0,,,Other,2026-01-20 00:00:00.000
5871,96,2632,0,0,,,Other,2026-01-20 00:00:00.000
5872,96,2633,-0.441,0,,,Other,2026-01-20 00:00:00.000
5873,96,2634,2.137,0,,,Other,2026-01-20 00:00:00.000
5874,96,2635,0,0,,,Other,2026-01-20 00:00:00.000
5875,96,2636,-0.652,0,,,Other,2026-01-20 00:00:00.000
5876,96,2637,0,0,,,Other,2026-01-20 00:00:00.000
5877,96,5026,0,0,,,Other,2026-01-20 00:00:00.000
5878,96,5075,80,0,,,Other,2026-01-20 00:00:00.000
5879,96,5076,80,0,,,Other,2026-01-20 00:00:00.000
5880,96,2482,0,0,,,Other,2026-01-20 00:00:00.000
5881,96,4042,1,0,,,Other,2026-01-20 00:00:00.000
5882,96,5105,672.420,0,,,Other,2026-01-20 00:00:00.000
5883,96,5106,0,0,,,Other,2026-01-20 00:00:00.000
5884,96,5107,584.152,0,,,Other,2026-01-20 00:00:00.000
5885,96,5108,381.775,0,,,Other,2026-01-20 00:00:00.000
5886,96,5109,162.929,0,,,Other,2026-01-20 00:00:00.000
5887,96,5100,4.700,0,,,Other,2026-01-20 00:00:00.000
5888,96,5101,4.801,0,,,Other,2026-01-20 00:00:00.000
5889,96,5102,4.995,0,,,Other,2026-01-20 00:00:00.000
5890,96,5103,4.708,0,,,Other,2026-01-20 00:00:00.000
5891,96,5104,6.289,0,,,Other,2026-01-20 00:00:00.000
5892,96,5632,17.309,0,,,Other,2026-01-20 00:00:00.000
5893,96,5633,11.890,0,,,Other,2026-01-20 00:00:00.000
5894,96,5661,67472.431,0,,,Other,2026-01-20 00:00:00.000
5895,96,5663,67472.431,0,,,Other,2026-01-20 00:00:00.000
5896,96,5679,0,0,,,Other,2026-01-20 00:00:00.000
5897,96,218,13.330,,,,Price_Inputs,2026-01-20 00:00:00.000
5898,96,219,2.040,,,,Price_Inputs,2026-01-20 00:00:00.000
5899,96,220,1.960,,,,Price_Inputs,2026-01-20 00:00:00.000
5900,96,223,72.760,,,,Plant_Parameter,2026-01-20 00:00:00.000
5901,96,2647,89.670,,,,Plant_Parameter,2026-01-20 00:00:00.000
5902,96,221,0.060,,,,Plant_Parameter,2026-01-20 00:00:00.000
5903,96,2645,0,,,,Plant_Parameter,2026-01-20 00:00:00.000
5904,96,1190,484.180,,,,Plant_Parameter,2026-01-20 00:00:00.000
5905,96,5288,0,,,,Plant_Parameter,2026-01-20 00:00:00.000
5906,96,5289,0,,,,Plant_Parameter,2026-01-20 00:00:00.000
5907,96,222,48.770,,,,Plant_Parameter,2026-01-20 00:00:00.000
5908,96,2646,88.270,,,,Plant_Parameter,2026-01-20 00:00:00.000
5909,96,1212,22.430,,,,Plant_Parameter,2026-01-20 00:00:00.000
5910,96,1213,44.110,,,,Plant_Parameter,2026-01-20 00:00:00.000
5911,96,426,100,,,,Plant_Parameter,2026-01-20 00:00:00.000
5912,97,235,,,false,true,Equipment,2026-01-20 00:00:00.000
5913,97,234,,,false,true,Equipment,2026-01-20 00:00:00.000
5914,97,237,,,false,true,Equipment,2026-01-20 00:00:00.000
5915,97,238,,,false,true,Equipment,2026-01-20 00:00:00.000
5916,97,245,,,false,true,Equipment,2026-01-20 00:00:00.000
5917,97,244,,,false,true,Equipment,2026-01-20 00:00:00.000
5918,97,247,,,false,true,Equipment,2026-01-20 00:00:00.000
5919,97,248,,,false,true,Equipment,2026-01-20 00:00:00.000
5920,97,252,,,false,true,Equipment,2026-01-20 00:00:00.000
5921,97,251,,,false,true,Equipment,2026-01-20 00:00:00.000
5922,97,62,,,false,true,Equipment,2026-01-20 00:00:00.000
5923,97,230,,,false,true,Equipment,2026-01-20 00:00:00.000
5924,97,231,,,false,true,Equipment,2026-01-20 00:00:00.000
5925,97,232,,,false,true,Equipment,2026-01-20 00:00:00.000
5926,97,233,,,false,true,Equipment,2026-01-20 00:00:00.000
5927,97,236,,,false,true,Equipment,2026-01-20 00:00:00.000
5928,97,239,,,false,true,Equipment,2026-01-20 00:00:00.000
5929,97,240,,,false,true,Equipment,2026-01-20 00:00:00.000
5930,97,241,,,false,true,Equipment,2026-01-20 00:00:00.000
5931,97,242,,,false,true,Equipment,2026-01-20 00:00:00.000
5932,97,243,,,false,true,Equipment,2026-01-20 00:00:00.000
5933,97,246,,,false,false,Equipment,2026-01-20 00:00:00.000
5934,97,249,,,false,true,Equipment,2026-01-20 00:00:00.000
5935,97,250,,,false,true,Equipment,2026-01-20 00:00:00.000
5936,97,58,,,false,true,Equipment,2026-01-20 00:00:00.000
5937,97,59,,,false,true,Equipment,2026-01-20 00:00:00.000
5938,97,60,,,false,true,Equipment,2026-01-20 00:00:00.000
5939,97,61,,,false,true,Equipment,2026-01-20 00:00:00.000
5940,97,253,,,false,false,Equipment,2026-01-20 00:00:00.000
5941,97,254,,,false,false,Equipment,2026-01-20 00:00:00.000
5942,97,353,16.605,0,,,Demand,2026-01-20 00:00:00.000
5943,97,22,0,0,,,Demand,2026-01-20 00:00:00.000
5944,97,23,90.166,0,,,Demand,2026-01-20 00:00:00.000
5945,97,177,179.617,0,,,Demand,2026-01-20 00:00:00.000
5946,97,199,6,0,,,Demand,2026-01-20 00:00:00.000
5947,97,152,1788.045,0,,,Demand,2026-01-20 00:00:00.000
5948,97,154,3705.345,0,,,Demand,2026-01-20 00:00:00.000
5949,97,155,0,0,,,Demand,2026-01-20 00:00:00.000
5950,97,156,22596.744,0,,,Demand,2026-01-20 00:00:00.000
5951,97,153,37582.297,0,,,Demand,2026-01-20 00:00:00.000
5952,97,2920,1800,0,,,Demand,2026-01-20 00:00:00.000
5953,97,2917,19915.015,0,,,Demand,2026-01-20 00:00:00.000
5954,97,374,11.403,0,,,Demand,2026-01-20 00:00:00.000
5955,97,411,3.451,0,,,Demand,2026-01-20 00:00:00.000
5956,97,12,0,0,,,Demand,2026-01-20 00:00:00.000
5957,97,13,0,0,,,Demand,2026-01-20 00:00:00.000
5958,97,14,0,0,,,Demand,2026-01-20 00:00:00.000
5959,97,2490,0,0,,,Demand,2026-01-20 00:00:00.000
5960,97,19,0,0,,,Demand,2026-01-20 00:00:00.000
5961,97,20,63.990,0,,,Demand,2026-01-20 00:00:00.000
5962,97,21,42.287,0,,,Demand,2026-01-20 00:00:00.000
5963,97,2638,1,0,,,Demand,2026-01-20 00:00:00.000
5964,97,18,61.172,0,,,Demand,2026-01-20 00:00:00.000
5965,97,15,0,0,,,Demand,2026-01-20 00:00:00.000
5966,97,16,73.079,0,,,Demand,2026-01-20 00:00:00.000
5967,97,17,55.850,0,,,Demand,2026-01-20 00:00:00.000
5968,97,226,535.855,0,,,Demand,2026-01-20 00:00:00.000
5969,97,3348,1,0,,,Other,2026-01-20 00:00:00.000
5970,97,5291,0,0,,,Other,2026-01-20 00:00:00.000
5971,97,5240,0,0,,,Other,2026-01-20 00:00:00.000
5972,97,5290,484.180,0,,,Other,2026-01-20 00:00:00.000
5973,97,5208,0,0,,,Other,2026-01-20 00:00:00.000
5974,97,5209,0,0,,,Other,2026-01-20 00:00:00.000
5975,97,5210,104.507,0,,,Other,2026-01-20 00:00:00.000
5976,97,5211,63.950,0,,,Other,2026-01-20 00:00:00.000
5977,97,5212,55.883,0,,,Other,2026-01-20 00:00:00.000
5978,97,5213,42.298,0,,,Other,2026-01-20 00:00:00.000
5979,97,5214,61.172,0,,,Other,2026-01-20 00:00:00.000
5980,97,5215,0,0,,,Other,2026-01-20 00:00:00.000
5981,97,203,336,0,,,Other,2026-01-20 00:00:00.000
5982,97,204,326,0,,,Other,2026-01-20 00:00:00.000
5983,97,205,15.435,0,,,Other,2026-01-20 00:00:00.000
5984,97,206,15.435,0,,,Other,2026-01-20 00:00:00.000
5985,97,207,11.270,0,,,Other,2026-01-20 00:00:00.000
5986,97,208,11.270,0,,,Other,2026-01-20 00:00:00.000
5987,97,209,12326,0,,,Other,2026-01-20 00:00:00.000
5988,97,210,350,0,,,Other,2026-01-20 00:00:00.000
5989,97,427,150,0,,,Other,2026-01-20 00:00:00.000
5990,97,428,150,0,,,Other,2026-01-20 00:00:00.000
5991,97,429,150,0,,,Other,2026-01-20 00:00:00.000
5992,97,430,150,0,,,Other,2026-01-20 00:00:00.000
5993,97,431,150,0,,,Other,2026-01-20 00:00:00.000
5994,97,432,0,0,,,Other,2026-01-20 00:00:00.000
5995,97,433,0,0,,,Other,2026-01-20 00:00:00.000
5996,97,434,0,0,,,Other,2026-01-20 00:00:00.000
5997,97,435,0,0,,,Other,2026-01-20 00:00:00.000
5998,97,1042,0,0,,,Other,2026-01-20 00:00:00.000
5999,97,1043,0.883,0,,,Other,2026-01-20 00:00:00.000
6000,97,1044,0.897,0,,,Other,2026-01-20 00:00:00.000
6001,97,1054,0,0,,,Other,2026-01-20 00:00:00.000
6002,97,389,1,0,,,Other,2026-01-20 00:00:00.000
6003,97,390,0,0,,,Other,2026-01-20 00:00:00.000
6004,97,391,1,0,,,Other,2026-01-20 00:00:00.000
6005,97,392,1,0,,,Other,2026-01-20 00:00:00.000
6006,97,393,1,0,,,Other,2026-01-20 00:00:00.000
6007,97,394,1,0,,,Other,2026-01-20 00:00:00.000
6008,97,5183,166.867,0,,,Other,2026-01-20 00:00:00.000
6009,97,5184,260.317,0,,,Other,2026-01-20 00:00:00.000
6010,97,5185,1287.119,0,,,Other,2026-01-20 00:00:00.000
6011,97,5186,46.552,0,,,Other,2026-01-20 00:00:00.000
6012,97,5187,172.653,0,,,Other,2026-01-20 00:00:00.000
6013,97,5188,433.069,0,,,Other,2026-01-20 00:00:00.000
6014,97,5189,8.080,0,,,Other,2026-01-20 00:00:00.000
6015,97,5190,20.926,0,,,Other,2026-01-20 00:00:00.000
6016,97,5191,-102.088,0,,,Other,2026-01-20 00:00:00.000
6017,97,5192,52.799,0,,,Other,2026-01-20 00:00:00.000
6018,97,5193,4.182,0,,,Other,2026-01-20 00:00:00.000
6019,97,3031,94.132,0,,,Other,2026-01-20 00:00:00.000
6020,97,504,507.447,0,,,Other,2026-01-20 00:00:00.000
6021,97,4876,54.258,0,,,Other,2026-01-20 00:00:00.000
6022,97,4871,429.606,0,,,Other,2026-01-20 00:00:00.000
6023,97,4870,247.103,0,,,Other,2026-01-20 00:00:00.000
6024,97,4929,49.184,0,,,Other,2026-01-20 00:00:00.000
6025,97,5195,912.485,0,,,Other,2026-01-20 00:00:00.000
6026,97,138,79.252,0,,,Other,2026-01-20 00:00:00.000
6027,97,1048,299.081,0,,,Other,2026-01-20 00:00:00.000
6028,97,1049,93.327,0,,,Other,2026-01-20 00:00:00.000
6029,97,1050,181.272,0,,,Other,2026-01-20 00:00:00.000
6030,97,1051,146.567,0,,,Other,2026-01-20 00:00:00.000
6031,97,1052,96.021,0,,,Other,2026-01-20 00:00:00.000
6032,97,2850,0,0,,,Other,2026-01-20 00:00:00.000
6033,97,5268,0,0,,,Other,2026-01-20 00:00:00.000
6034,97,5224,0,0,,,Other,2026-01-20 00:00:00.000
6035,97,1169,0,0,,,Other,2026-01-20 00:00:00.000
6036,97,1170,0,0,,,Other,2026-01-20 00:00:00.000
6037,97,5220,0,0,,,Other,2026-01-20 00:00:00.000
6038,97,5259,0,0,,,Other,2026-01-20 00:00:00.000
6039,97,5260,0,0,,,Other,2026-01-20 00:00:00.000
6040,97,3092,0,0,,,Other,2026-01-20 00:00:00.000
6041,97,2748,74.672,0,,,Other,2026-01-20 00:00:00.000
6042,97,5257,25.774,0,,,Other,2026-01-20 00:00:00.000
6043,97,5258,28.998,0,,,Other,2026-01-20 00:00:00.000
6044,97,5223,6.098,0,,,Other,2026-01-20 00:00:00.000
6045,97,1171,34.981,0,,,Other,2026-01-20 00:00:00.000
6046,97,1172,31.713,0,,,Other,2026-01-20 00:00:00.000
6047,97,5221,18.832,0,,,Other,2026-01-20 00:00:00.000
6048,97,5222,212.081,0,,,Other,2026-01-20 00:00:00.000
6049,97,3095,257.292,0,,,Other,2026-01-20 00:00:00.000
6050,97,2749,73.079,0,,,Other,2026-01-20 00:00:00.000
6051,97,3099,7.071,0,,,Other,2026-01-20 00:00:00.000
6052,97,3098,234.167,0,,,Other,2026-01-20 00:00:00.000
6053,97,149,90.226,0,,,Other,2026-01-20 00:00:00.000
6054,97,147,10.075,0,,,Other,2026-01-20 00:00:00.000
6055,97,5225,197.553,0,,,Other,2026-01-20 00:00:00.000
6056,97,1173,53.073,0,,,Other,2026-01-20 00:00:00.000
6057,97,1174,45.990,0,,,Other,2026-01-20 00:00:00.000
6058,97,5226,197.666,0,,,Other,2026-01-20 00:00:00.000
6059,97,2750,55.850,0,,,Other,2026-01-20 00:00:00.000
6060,97,1053,133.644,0,,,Other,2026-01-20 00:00:00.000
6061,97,229,452.854,0,,,Other,2026-01-20 00:00:00.000
6062,97,4788,4,0,,,Other,2026-01-20 00:00:00.000
6063,97,395,1,0,,,Other,2026-01-20 00:00:00.000
6064,97,425,452.854,0,,,Other,2026-01-20 00:00:00.000
6065,97,77,492.987,0,,,Other,2026-01-20 00:00:00.000
6066,97,1047,512.925,0,,,Other,2026-01-20 00:00:00.000
6067,97,403,98.500,0,,,Other,2026-01-20 00:00:00.000
6068,97,69,359.336,0,,,Other,2026-01-20 00:00:00.000
6069,97,70,0,0,,,Other,2026-01-20 00:00:00.000
6070,97,71,195.670,0,,,Other,2026-01-20 00:00:00.000
6071,97,72,160.256,0,,,Other,2026-01-20 00:00:00.000
6072,97,73,170.798,0,,,Other,2026-01-20 00:00:00.000
6073,97,74,0,0,,,Other,2026-01-20 00:00:00.000
6074,97,75,9.861,0,,,Other,2026-01-20 00:00:00.000
6075,97,76,13.486,0,,,Other,2026-01-20 00:00:00.000
6076,97,1151,5.991,0,,,Other,2026-01-20 00:00:00.000
6077,97,334,15000,0,,,Other,2026-01-20 00:00:00.000
6078,97,4043,93.793,0,,,Other,2026-01-20 00:00:00.000
6079,97,4044,93.874,0,,,Other,2026-01-20 00:00:00.000
6080,97,4045,94.002,0,,,Other,2026-01-20 00:00:00.000
6081,97,4046,94.213,0,,,Other,2026-01-20 00:00:00.000
6082,97,4047,94.070,0,,,Other,2026-01-20 00:00:00.000
6083,97,58,1,0,,,Other,2026-01-20 00:00:00.000
6084,97,59,1,0,,,Other,2026-01-20 00:00:00.000
6085,97,60,1,0,,,Other,2026-01-20 00:00:00.000
6086,97,61,1,0,,,Other,2026-01-20 00:00:00.000
6087,97,62,1,0,,,Other,2026-01-20 00:00:00.000
6088,97,166,14.542,0,,,Other,2026-01-20 00:00:00.000
6089,97,167,0,0,,,Other,2026-01-20 00:00:00.000
6090,97,168,11.244,0,,,Other,2026-01-20 00:00:00.000
6091,97,78,42.868,0,,,Other,2026-01-20 00:00:00.000
6092,97,169,4.378,0,,,Other,2026-01-20 00:00:00.000
6093,97,352,763.376,0,,,Other,2026-01-20 00:00:00.000
6094,97,5205,0,0,,,Other,2026-01-20 00:00:00.000
6095,97,5206,0.711,0,,,Other,2026-01-20 00:00:00.000
6096,97,5207,0.714,0,,,Other,2026-01-20 00:00:00.000
6097,97,5204,0.800,0,,,Other,2026-01-20 00:00:00.000
6098,97,225,848.617,0,,,Other,2026-01-20 00:00:00.000
6099,97,354,67472.431,0,,,Other,2026-01-20 00:00:00.000
6100,97,335,29.685,0,,,Other,2026-01-20 00:00:00.000
6101,97,3333,0,0,,,Other,2026-01-20 00:00:00.000
6102,97,3334,0,0,,,Other,2026-01-20 00:00:00.000
6103,97,2929,0,0,,,Other,2026-01-20 00:00:00.000
6104,97,2936,0,0,,,Other,2026-01-20 00:00:00.000
6105,97,2941,0,0,,,Other,2026-01-20 00:00:00.000
6106,97,2948,0,0,,,Other,2026-01-20 00:00:00.000
6107,97,2953,0,0,,,Other,2026-01-20 00:00:00.000
6108,97,2960,0,0,,,Other,2026-01-20 00:00:00.000
6109,97,5536,0,0,,,Other,2026-01-20 00:00:00.000
6110,97,3332,1,0,,,Other,2026-01-20 00:00:00.000
6111,97,4061,0,0,,,Other,2026-01-20 00:00:00.000
6112,97,4062,0,0,,,Other,2026-01-20 00:00:00.000
6113,97,4063,0,0,,,Other,2026-01-20 00:00:00.000
6114,97,4064,0,0,,,Other,2026-01-20 00:00:00.000
6115,97,4065,0,0,,,Other,2026-01-20 00:00:00.000
6116,97,4066,0,0,,,Other,2026-01-20 00:00:00.000
6117,97,4067,0,0,,,Other,2026-01-20 00:00:00.000
6118,97,4068,0,0,,,Other,2026-01-20 00:00:00.000
6119,97,4069,1,0,,,Other,2026-01-20 00:00:00.000
6120,97,4070,0,0,,,Other,2026-01-20 00:00:00.000
6121,97,4071,0,0,,,Other,2026-01-20 00:00:00.000
6122,97,4785,2.938,0,,,Other,2026-01-20 00:00:00.000
6123,97,4786,1,0,,,Other,2026-01-20 00:00:00.000
6124,97,5181,0,0,,,Other,2026-01-20 00:00:00.000
6125,97,5182,5,0,,,Other,2026-01-20 00:00:00.000
6126,97,4787,0,0,,,Other,2026-01-20 00:00:00.000
6127,97,4926,0,0,,,Other,2026-01-20 00:00:00.000
6128,97,278,5,0,,,Other,2026-01-20 00:00:00.000
6129,97,357,535.855,0,,,Other,2026-01-20 00:00:00.000
6130,97,5073,110,0,,,Other,2026-01-20 00:00:00.000
6131,97,5074,120,0,,,Other,2026-01-20 00:00:00.000
6132,97,4807,1,0,,,Other,2026-01-20 00:00:00.000
6133,97,276,3,0,,,Other,2026-01-20 00:00:00.000
6134,97,200,0,0,,,Other,2026-01-20 00:00:00.000
6135,97,1152,0,0,,,Other,2026-01-20 00:00:00.000
6136,97,1153,0,0,,,Other,2026-01-20 00:00:00.000
6137,97,3329,41.986,0,,,Other,2026-01-20 00:00:00.000
6138,97,1116,0,0,,,Other,2026-01-20 00:00:00.000
6139,97,1117,13,0,,,Other,2026-01-20 00:00:00.000
6140,97,1118,24,0,,,Other,2026-01-20 00:00:00.000
6141,97,1119,6,0,,,Other,2026-01-20 00:00:00.000
6142,97,1120,7,0,,,Other,2026-01-20 00:00:00.000
6143,97,405,0,0,,,Other,2026-01-20 00:00:00.000
6144,97,407,1.511,0,,,Other,2026-01-20 00:00:00.000
6145,97,409,0.002,0,,,Other,2026-01-20 00:00:00.000
6146,97,4073,1.513,0,,,Other,2026-01-20 00:00:00.000
6147,97,4076,0.300,0,,,Other,2026-01-20 00:00:00.000
6148,97,406,0,0,,,Other,2026-01-20 00:00:00.000
6149,97,408,0.827,0,,,Other,2026-01-20 00:00:00.000
6150,97,410,0,0,,,Other,2026-01-20 00:00:00.000
6151,97,412,0,0,,,Other,2026-01-20 00:00:00.000
6152,97,4077,0.827,0,,,Other,2026-01-20 00:00:00.000
6153,97,1114,45,0,,,Other,2026-01-20 00:00:00.000
6154,97,1115,3.500,0,,,Other,2026-01-20 00:00:00.000
6155,97,396,3.500,0,,,Other,2026-01-20 00:00:00.000
6156,97,397,0,0,,,Other,2026-01-20 00:00:00.000
6157,97,398,13,0,,,Other,2026-01-20 00:00:00.000
6158,97,399,24,0,,,Other,2026-01-20 00:00:00.000
6159,97,400,6,0,,,Other,2026-01-20 00:00:00.000
6160,97,401,7,0,,,Other,2026-01-20 00:00:00.000
6161,97,4079,53.500,0,,,Other,2026-01-20 00:00:00.000
6162,97,4080,45,0,,,Other,2026-01-20 00:00:00.000
6163,97,418,15.841,0,,,Other,2026-01-20 00:00:00.000
6164,97,5196,87402.148,0,,,Other,2026-01-20 00:00:00.000
6165,97,5197,13635.576,0,,,Other,2026-01-20 00:00:00.000
6166,97,5216,10,0,,,Other,2026-01-20 00:00:00.000
6167,97,5292,0,0,,,Other,2026-01-20 00:00:00.000
6168,97,5293,1,0,,,Other,2026-01-20 00:00:00.000
6169,97,5294,0,0,,,Other,2026-01-20 00:00:00.000
6170,97,5295,1,0,,,Other,2026-01-20 00:00:00.000
6171,97,5539,1,0,,,Other,2026-01-20 00:00:00.000
6172,97,5540,1,0,,,Other,2026-01-20 00:00:00.000
6173,97,5541,1,0,,,Other,2026-01-20 00:00:00.000
6174,97,5542,1,0,,,Other,2026-01-20 00:00:00.000
6175,97,5543,1,0,,,Other,2026-01-20 00:00:00.000
6176,97,5570,0,0,,,Other,2026-01-20 00:00:00.000
6177,97,5571,4.849,0,,,Other,2026-01-20 00:00:00.000
6178,97,5572,0,0,,,Other,2026-01-20 00:00:00.000
6179,97,5573,4.180,0,,,Other,2026-01-20 00:00:00.000
6180,97,5579,0,0,,,Other,2026-01-20 00:00:00.000
6181,97,5580,0,0,,,Other,2026-01-20 00:00:00.000
6182,97,5581,0,0,,,Other,2026-01-20 00:00:00.000
6183,97,5582,0.691,0,,,Other,2026-01-20 00:00:00.000
6184,97,5583,0,0,,,Other,2026-01-20 00:00:00.000
6185,97,5584,0,0,,,Other,2026-01-20 00:00:00.000
6186,97,5585,0,0,,,Other,2026-01-20 00:00:00.000
6187,97,5586,0,0,,,Other,2026-01-20 00:00:00.000
6188,97,5587,0,0,,,Other,2026-01-20 00:00:00.000
6189,97,5588,0,0,,,Other,2026-01-20 00:00:00.000
6190,97,5589,0,0,,,Other,2026-01-20 00:00:00.000
6191,97,5590,0,0,,,Other,2026-01-20 00:00:00.000
6192,97,5591,0,0,,,Other,2026-01-20 00:00:00.000
6193,97,5592,0,0,,,Other,2026-01-20 00:00:00.000
6194,97,5593,0,0,,,Other,2026-01-20 00:00:00.000
6195,97,5594,0,0,,,Other,2026-01-20 00:00:00.000
6196,97,5595,0,0,,,Other,2026-01-20 00:00:00.000
6197,97,5596,0,0,,,Other,2026-01-20 00:00:00.000
6198,97,5597,0,0,,,Other,2026-01-20 00:00:00.000
6199,97,5598,0,0,,,Other,2026-01-20 00:00:00.000
6200,97,5599,0,0,,,Other,2026-01-20 00:00:00.000
6201,97,5600,0,0,,,Other,2026-01-20 00:00:00.000
6202,97,5606,0,0,,,Other,2026-01-20 00:00:00.000
6203,97,2626,0.792,0,,,Other,2026-01-20 00:00:00.000
6204,97,2627,15.713,0,,,Other,2026-01-20 00:00:00.000
6205,97,2628,15.713,0,,,Other,2026-01-20 00:00:00.000
6206,97,2629,0.792,0,,,Other,2026-01-20 00:00:00.000
6207,97,2630,15.713,0,,,Other,2026-01-20 00:00:00.000
6208,97,2631,0.792,0,,,Other,2026-01-20 00:00:00.000
6209,97,2598,34.200,0,,,Other,2026-01-20 00:00:00.000
6210,97,2599,34.200,0,,,Other,2026-01-20 00:00:00.000
6211,97,2600,0,0,,,Other,2026-01-20 00:00:00.000
6212,97,2601,2.295,0,,,Other,2026-01-20 00:00:00.000
6213,97,2602,2.295,0,,,Other,2026-01-20 00:00:00.000
6214,97,2603,2.295,0,,,Other,2026-01-20 00:00:00.000
6215,97,2604,34.200,0,,,Other,2026-01-20 00:00:00.000
6216,97,2605,0.827,0,,,Other,2026-01-20 00:00:00.000
6217,97,2606,0.858,0,,,Other,2026-01-20 00:00:00.000
6218,97,2607,0,0,,,Other,2026-01-20 00:00:00.000
6219,97,2608,0,0,,,Other,2026-01-20 00:00:00.000
6220,97,2609,0,0,,,Other,2026-01-20 00:00:00.000
6221,97,2610,0,0,,,Other,2026-01-20 00:00:00.000
6222,97,2611,5.191,0,,,Other,2026-01-20 00:00:00.000
6223,97,2620,5.577,0,,,Other,2026-01-20 00:00:00.000
6224,97,2622,5.577,0,,,Other,2026-01-20 00:00:00.000
6225,97,2621,0.075,0,,,Other,2026-01-20 00:00:00.000
6226,97,2623,0,0,,,Other,2026-01-20 00:00:00.000
6227,97,2625,0.197,0,,,Other,2026-01-20 00:00:00.000
6228,97,2624,0,0,,,Other,2026-01-20 00:00:00.000
6229,97,2595,0,0,,,Other,2026-01-20 00:00:00.000
6230,97,2596,1.270,0,,,Other,2026-01-20 00:00:00.000
6231,97,2597,0.524,0,,,Other,2026-01-20 00:00:00.000
6232,97,2612,5.643,0,,,Other,2026-01-20 00:00:00.000
6233,97,2613,23.241,0,,,Other,2026-01-20 00:00:00.000
6234,97,2614,0,0,,,Other,2026-01-20 00:00:00.000
6235,97,2615,1.301,0,,,Other,2026-01-20 00:00:00.000
6236,97,2616,0,0,,,Other,2026-01-20 00:00:00.000
6237,97,2617,12.122,0,,,Other,2026-01-20 00:00:00.000
6238,97,2618,0,0,,,Other,2026-01-20 00:00:00.000
6239,97,2619,-1.221,0,,,Other,2026-01-20 00:00:00.000
6240,97,3078,0.792,0,,,Other,2026-01-20 00:00:00.000
6241,97,3079,15.271,0,,,Other,2026-01-20 00:00:00.000
6242,97,3080,17.850,0,,,Other,2026-01-20 00:00:00.000
6243,97,3081,0.792,0,,,Other,2026-01-20 00:00:00.000
6244,97,3082,15.061,0,,,Other,2026-01-20 00:00:00.000
6245,97,3083,0.792,0,,,Other,2026-01-20 00:00:00.000
6246,97,3084,1.620,0,,,Other,2026-01-20 00:00:00.000
6247,97,3085,32.472,0,,,Other,2026-01-20 00:00:00.000
6248,97,3086,31.726,0,,,Other,2026-01-20 00:00:00.000
6249,97,3089,5.577,0,,,Other,2026-01-20 00:00:00.000
6250,97,3090,5.774,0,,,Other,2026-01-20 00:00:00.000
6251,97,3091,0.075,0,,,Other,2026-01-20 00:00:00.000
6252,97,2632,0,0,,,Other,2026-01-20 00:00:00.000
6253,97,2633,-0.441,0,,,Other,2026-01-20 00:00:00.000
6254,97,2634,2.137,0,,,Other,2026-01-20 00:00:00.000
6255,97,2635,0,0,,,Other,2026-01-20 00:00:00.000
6256,97,2636,-0.652,0,,,Other,2026-01-20 00:00:00.000
6257,97,2637,0,0,,,Other,2026-01-20 00:00:00.000
6258,97,5026,0,0,,,Other,2026-01-20 00:00:00.000
6259,97,5075,80,0,,,Other,2026-01-20 00:00:00.000
6260,97,5076,80,0,,,Other,2026-01-20 00:00:00.000
6261,97,2482,0,0,,,Other,2026-01-20 00:00:00.000
6262,97,4042,1,0,,,Other,2026-01-20 00:00:00.000
6263,97,5105,672.420,0,,,Other,2026-01-20 00:00:00.000
6264,97,5106,0,0,,,Other,2026-01-20 00:00:00.000
6265,97,5107,584.152,0,,,Other,2026-01-20 00:00:00.000
6266,97,5108,381.775,0,,,Other,2026-01-20 00:00:00.000
6267,97,5109,162.929,0,,,Other,2026-01-20 00:00:00.000
6268,97,5100,4.700,0,,,Other,2026-01-20 00:00:00.000
6269,97,5101,4.801,0,,,Other,2026-01-20 00:00:00.000
6270,97,5102,4.995,0,,,Other,2026-01-20 00:00:00.000
6271,97,5103,4.708,0,,,Other,2026-01-20 00:00:00.000
6272,97,5104,6.289,0,,,Other,2026-01-20 00:00:00.000
6273,97,5632,17.309,0,,,Other,2026-01-20 00:00:00.000
6274,97,5633,11.890,0,,,Other,2026-01-20 00:00:00.000
6275,97,5661,67472.431,0,,,Other,2026-01-20 00:00:00.000
6276,97,5663,67472.431,0,,,Other,2026-01-20 00:00:00.000
6277,97,5679,0,0,,,Other,2026-01-20 00:00:00.000
6278,97,218,13.330,,,,Price_Inputs,2026-01-20 00:00:00.000
6279,97,219,2.040,,,,Price_Inputs,2026-01-20 00:00:00.000
6280,97,220,1.960,,,,Price_Inputs,2026-01-20 00:00:00.000
6281,97,223,72.760,,,,Plant_Parameter,2026-01-20 00:00:00.000
6282,97,2647,89.670,,,,Plant_Parameter,2026-01-20 00:00:00.000
6283,97,221,0.060,,,,Plant_Parameter,2026-01-20 00:00:00.000
6284,97,2645,0,,,,Plant_Parameter,2026-01-20 00:00:00.000
6285,97,1190,484.180,,,,Plant_Parameter,2026-01-20 00:00:00.000
6286,97,5288,0,,,,Plant_Parameter,2026-01-20 00:00:00.000
6287,97,5289,0,,,,Plant_Parameter,2026-01-20 00:00:00.000
6288,97,222,48.770,,,,Plant_Parameter,2026-01-20 00:00:00.000
6289,97,2646,88.270,,,,Plant_Parameter,2026-01-20 00:00:00.000
6290,97,1212,22.430,,,,Plant_Parameter,2026-01-20 00:00:00.000
6291,97,1213,44.110,,,,Plant_Parameter,2026-01-20 00:00:00.000
6292,97,426,100,,,,Plant_Parameter,2026-01-20 00:00:00.000
6293,99,235,,,false,true,Equipment,2026-01-20 00:00:00.000
6294,99,234,,,false,true,Equipment,2026-01-20 00:00:00.000
6295,99,237,,,false,true,Equipment,2026-01-20 00:00:00.000
6296,99,238,,,false,true,Equipment,2026-01-20 00:00:00.000
6297,99,245,,,false,true,Equipment,2026-01-20 00:00:00.000
6298,99,244,,,false,true,Equipment,2026-01-20 00:00:00.000
6299,99,247,,,false,true,Equipment,2026-01-20 00:00:00.000
6300,99,248,,,false,true,Equipment,2026-01-20 00:00:00.000
6301,99,252,,,false,true,Equipment,2026-01-20 00:00:00.000
6302,99,251,,,false,true,Equipment,2026-01-20 00:00:00.000
6303,99,62,,,false,true,Equipment,2026-01-20 00:00:00.000
6304,99,230,,,false,true,Equipment,2026-01-20 00:00:00.000
6305,99,231,,,false,true,Equipment,2026-01-20 00:00:00.000
6306,99,232,,,false,true,Equipment,2026-01-20 00:00:00.000
6307,99,233,,,false,true,Equipment,2026-01-20 00:00:00.000
6308,99,236,,,false,true,Equipment,2026-01-20 00:00:00.000
6309,99,239,,,false,true,Equipment,2026-01-20 00:00:00.000
6310,99,240,,,false,true,Equipment,2026-01-20 00:00:00.000
6311,99,241,,,false,true,Equipment,2026-01-20 00:00:00.000
6312,99,242,,,false,true,Equipment,2026-01-20 00:00:00.000
6313,99,243,,,false,true,Equipment,2026-01-20 00:00:00.000
6314,99,246,,,false,false,Equipment,2026-01-20 00:00:00.000
6315,99,249,,,false,true,Equipment,2026-01-20 00:00:00.000
6316,99,250,,,false,true,Equipment,2026-01-20 00:00:00.000
6317,99,58,,,false,true,Equipment,2026-01-20 00:00:00.000
6318,99,59,,,false,true,Equipment,2026-01-20 00:00:00.000
6319,99,60,,,false,true,Equipment,2026-01-20 00:00:00.000
6320,99,61,,,false,true,Equipment,2026-01-20 00:00:00.000
6321,99,253,,,false,false,Equipment,2026-01-20 00:00:00.000
6322,99,254,,,false,false,Equipment,2026-01-20 00:00:00.000
6323,99,353,16.605,0,,,Demand,2026-01-20 00:00:00.000
6324,99,22,0,0,,,Demand,2026-01-20 00:00:00.000
6325,99,23,90.166,0,,,Demand,2026-01-20 00:00:00.000
6326,99,177,179.617,0,,,Demand,2026-01-20 00:00:00.000
6327,99,199,6,0,,,Demand,2026-01-20 00:00:00.000
6328,99,152,1788.045,0,,,Demand,2026-01-20 00:00:00.000
6329,99,154,3705.345,0,,,Demand,2026-01-20 00:00:00.000
6330,99,155,0,0,,,Demand,2026-01-20 00:00:00.000
6331,99,156,22596.744,0,,,Demand,2026-01-20 00:00:00.000
6332,99,153,37582.297,0,,,Demand,2026-01-20 00:00:00.000
6333,99,2920,1800,0,,,Demand,2026-01-20 00:00:00.000
6334,99,2917,19915.015,0,,,Demand,2026-01-20 00:00:00.000
6335,99,374,11.403,0,,,Demand,2026-01-20 00:00:00.000
6336,99,411,3.451,0,,,Demand,2026-01-20 00:00:00.000
6337,99,12,0,0,,,Demand,2026-01-20 00:00:00.000
6338,99,13,0,0,,,Demand,2026-01-20 00:00:00.000
6339,99,14,0,0,,,Demand,2026-01-20 00:00:00.000
6340,99,2490,0,0,,,Demand,2026-01-20 00:00:00.000
6341,99,19,0,0,,,Demand,2026-01-20 00:00:00.000
6342,99,20,63.990,0,,,Demand,2026-01-20 00:00:00.000
6343,99,21,42.287,0,,,Demand,2026-01-20 00:00:00.000
6344,99,2638,1,0,,,Demand,2026-01-20 00:00:00.000
6345,99,18,61.172,0,,,Demand,2026-01-20 00:00:00.000
6346,99,15,0,0,,,Demand,2026-01-20 00:00:00.000
6347,99,16,73.079,0,,,Demand,2026-01-20 00:00:00.000
6348,99,17,55.850,0,,,Demand,2026-01-20 00:00:00.000
6349,99,226,535.855,0,,,Demand,2026-01-20 00:00:00.000
6350,99,3348,1,0,,,Other,2026-01-20 00:00:00.000
6351,99,5291,0,0,,,Other,2026-01-20 00:00:00.000
6352,99,5240,0,0,,,Other,2026-01-20 00:00:00.000
6353,99,5290,484.180,0,,,Other,2026-01-20 00:00:00.000
6354,99,5208,0,0,,,Other,2026-01-20 00:00:00.000
6355,99,5209,0,0,,,Other,2026-01-20 00:00:00.000
6356,99,5210,104.507,0,,,Other,2026-01-20 00:00:00.000
6357,99,5211,63.950,0,,,Other,2026-01-20 00:00:00.000
6358,99,5212,55.883,0,,,Other,2026-01-20 00:00:00.000
6359,99,5213,42.298,0,,,Other,2026-01-20 00:00:00.000
6360,99,5214,61.172,0,,,Other,2026-01-20 00:00:00.000
6361,99,5215,0,0,,,Other,2026-01-20 00:00:00.000
6362,99,203,336,0,,,Other,2026-01-20 00:00:00.000
6363,99,204,326,0,,,Other,2026-01-20 00:00:00.000
6364,99,205,15.435,0,,,Other,2026-01-20 00:00:00.000
6365,99,206,15.435,0,,,Other,2026-01-20 00:00:00.000
6366,99,207,11.270,0,,,Other,2026-01-20 00:00:00.000
6367,99,208,11.270,0,,,Other,2026-01-20 00:00:00.000
6368,99,209,12326,0,,,Other,2026-01-20 00:00:00.000
6369,99,210,350,0,,,Other,2026-01-20 00:00:00.000
6370,99,427,150,0,,,Other,2026-01-20 00:00:00.000
6371,99,428,150,0,,,Other,2026-01-20 00:00:00.000
6372,99,429,150,0,,,Other,2026-01-20 00:00:00.000
6373,99,430,150,0,,,Other,2026-01-20 00:00:00.000
6374,99,431,150,0,,,Other,2026-01-20 00:00:00.000
6375,99,432,0,0,,,Other,2026-01-20 00:00:00.000
6376,99,433,0,0,,,Other,2026-01-20 00:00:00.000
6377,99,434,0,0,,,Other,2026-01-20 00:00:00.000
6378,99,435,0,0,,,Other,2026-01-20 00:00:00.000
6379,99,1042,0,0,,,Other,2026-01-20 00:00:00.000
6380,99,1043,0.883,0,,,Other,2026-01-20 00:00:00.000
6381,99,1044,0.897,0,,,Other,2026-01-20 00:00:00.000
6382,99,1054,0,0,,,Other,2026-01-20 00:00:00.000
6383,99,389,1,0,,,Other,2026-01-20 00:00:00.000
6384,99,390,0,0,,,Other,2026-01-20 00:00:00.000
6385,99,391,1,0,,,Other,2026-01-20 00:00:00.000
6386,99,392,1,0,,,Other,2026-01-20 00:00:00.000
6387,99,393,1,0,,,Other,2026-01-20 00:00:00.000
6388,99,394,1,0,,,Other,2026-01-20 00:00:00.000
6389,99,5183,166.867,0,,,Other,2026-01-20 00:00:00.000
6390,99,5184,260.317,0,,,Other,2026-01-20 00:00:00.000
6391,99,5185,1287.119,0,,,Other,2026-01-20 00:00:00.000
6392,99,5186,46.552,0,,,Other,2026-01-20 00:00:00.000
6393,99,5187,172.653,0,,,Other,2026-01-20 00:00:00.000
6394,99,5188,433.069,0,,,Other,2026-01-20 00:00:00.000
6395,99,5189,8.080,0,,,Other,2026-01-20 00:00:00.000
6396,99,5190,20.926,0,,,Other,2026-01-20 00:00:00.000
6397,99,5191,-102.088,0,,,Other,2026-01-20 00:00:00.000
6398,99,5192,52.799,0,,,Other,2026-01-20 00:00:00.000
6399,99,5193,4.182,0,,,Other,2026-01-20 00:00:00.000
6400,99,3031,94.132,0,,,Other,2026-01-20 00:00:00.000
6401,99,504,507.447,0,,,Other,2026-01-20 00:00:00.000
6402,99,4876,54.258,0,,,Other,2026-01-20 00:00:00.000
6403,99,4871,429.606,0,,,Other,2026-01-20 00:00:00.000
6404,99,4870,247.103,0,,,Other,2026-01-20 00:00:00.000
6405,99,4929,49.184,0,,,Other,2026-01-20 00:00:00.000
6406,99,5195,912.485,0,,,Other,2026-01-20 00:00:00.000
6407,99,138,79.252,0,,,Other,2026-01-20 00:00:00.000
6408,99,1048,299.081,0,,,Other,2026-01-20 00:00:00.000
6409,99,1049,93.327,0,,,Other,2026-01-20 00:00:00.000
6410,99,1050,181.272,0,,,Other,2026-01-20 00:00:00.000
6411,99,1051,146.567,0,,,Other,2026-01-20 00:00:00.000
6412,99,1052,96.021,0,,,Other,2026-01-20 00:00:00.000
6413,99,2850,0,0,,,Other,2026-01-20 00:00:00.000
6414,99,5268,0,0,,,Other,2026-01-20 00:00:00.000
6415,99,5224,0,0,,,Other,2026-01-20 00:00:00.000
6416,99,1169,0,0,,,Other,2026-01-20 00:00:00.000
6417,99,1170,0,0,,,Other,2026-01-20 00:00:00.000
6418,99,5220,0,0,,,Other,2026-01-20 00:00:00.000
6419,99,5259,0,0,,,Other,2026-01-20 00:00:00.000
6420,99,5260,0,0,,,Other,2026-01-20 00:00:00.000
6421,99,3092,0,0,,,Other,2026-01-20 00:00:00.000
6422,99,2748,74.672,0,,,Other,2026-01-20 00:00:00.000
6423,99,5257,25.774,0,,,Other,2026-01-20 00:00:00.000
6424,99,5258,28.998,0,,,Other,2026-01-20 00:00:00.000
6425,99,5223,6.098,0,,,Other,2026-01-20 00:00:00.000
6426,99,1171,34.981,0,,,Other,2026-01-20 00:00:00.000
6427,99,1172,31.713,0,,,Other,2026-01-20 00:00:00.000
6428,99,5221,18.832,0,,,Other,2026-01-20 00:00:00.000
6429,99,5222,212.081,0,,,Other,2026-01-20 00:00:00.000
6430,99,3095,257.292,0,,,Other,2026-01-20 00:00:00.000
6431,99,2749,73.079,0,,,Other,2026-01-20 00:00:00.000
6432,99,3099,7.071,0,,,Other,2026-01-20 00:00:00.000
6433,99,3098,234.167,0,,,Other,2026-01-20 00:00:00.000
6434,99,149,90.226,0,,,Other,2026-01-20 00:00:00.000
6435,99,147,10.075,0,,,Other,2026-01-20 00:00:00.000
6436,99,5225,197.553,0,,,Other,2026-01-20 00:00:00.000
6437,99,1173,53.073,0,,,Other,2026-01-20 00:00:00.000
6438,99,1174,45.990,0,,,Other,2026-01-20 00:00:00.000
6439,99,5226,197.666,0,,,Other,2026-01-20 00:00:00.000
6440,99,2750,55.850,0,,,Other,2026-01-20 00:00:00.000
6441,99,1053,133.644,0,,,Other,2026-01-20 00:00:00.000
6442,99,229,452.854,0,,,Other,2026-01-20 00:00:00.000
6443,99,4788,4,0,,,Other,2026-01-20 00:00:00.000
6444,99,395,1,0,,,Other,2026-01-20 00:00:00.000
6445,99,425,452.854,0,,,Other,2026-01-20 00:00:00.000
6446,99,77,492.987,0,,,Other,2026-01-20 00:00:00.000
6447,99,1047,512.925,0,,,Other,2026-01-20 00:00:00.000
6448,99,403,98.500,0,,,Other,2026-01-20 00:00:00.000
6449,99,69,359.336,0,,,Other,2026-01-20 00:00:00.000
6450,99,70,0,0,,,Other,2026-01-20 00:00:00.000
6451,99,71,195.670,0,,,Other,2026-01-20 00:00:00.000
6452,99,72,160.256,0,,,Other,2026-01-20 00:00:00.000
6453,99,73,170.798,0,,,Other,2026-01-20 00:00:00.000
6454,99,74,0,0,,,Other,2026-01-20 00:00:00.000
6455,99,75,9.861,0,,,Other,2026-01-20 00:00:00.000
6456,99,76,13.486,0,,,Other,2026-01-20 00:00:00.000
6457,99,1151,5.991,0,,,Other,2026-01-20 00:00:00.000
6458,99,334,15000,0,,,Other,2026-01-20 00:00:00.000
6459,99,4043,93.793,0,,,Other,2026-01-20 00:00:00.000
6460,99,4044,93.874,0,,,Other,2026-01-20 00:00:00.000
6461,99,4045,94.002,0,,,Other,2026-01-20 00:00:00.000
6462,99,4046,94.213,0,,,Other,2026-01-20 00:00:00.000
6463,99,4047,94.070,0,,,Other,2026-01-20 00:00:00.000
6464,99,58,1,0,,,Other,2026-01-20 00:00:00.000
6465,99,59,1,0,,,Other,2026-01-20 00:00:00.000
6466,99,60,1,0,,,Other,2026-01-20 00:00:00.000
6467,99,61,1,0,,,Other,2026-01-20 00:00:00.000
6468,99,62,1,0,,,Other,2026-01-20 00:00:00.000
6469,99,166,14.542,0,,,Other,2026-01-20 00:00:00.000
6470,99,167,0,0,,,Other,2026-01-20 00:00:00.000
6471,99,168,11.244,0,,,Other,2026-01-20 00:00:00.000
6472,99,78,42.868,0,,,Other,2026-01-20 00:00:00.000
6473,99,169,4.378,0,,,Other,2026-01-20 00:00:00.000
6474,99,352,763.376,0,,,Other,2026-01-20 00:00:00.000
6475,99,5205,0,0,,,Other,2026-01-20 00:00:00.000
6476,99,5206,0.711,0,,,Other,2026-01-20 00:00:00.000
6477,99,5207,0.714,0,,,Other,2026-01-20 00:00:00.000
6478,99,5204,0.800,0,,,Other,2026-01-20 00:00:00.000
6479,99,225,848.617,0,,,Other,2026-01-20 00:00:00.000
6480,99,354,67472.431,0,,,Other,2026-01-20 00:00:00.000
6481,99,335,29.685,0,,,Other,2026-01-20 00:00:00.000
6482,99,3333,0,0,,,Other,2026-01-20 00:00:00.000
6483,99,3334,0,0,,,Other,2026-01-20 00:00:00.000
6484,99,2929,0,0,,,Other,2026-01-20 00:00:00.000
6485,99,2936,0,0,,,Other,2026-01-20 00:00:00.000
6486,99,2941,0,0,,,Other,2026-01-20 00:00:00.000
6487,99,2948,0,0,,,Other,2026-01-20 00:00:00.000
6488,99,2953,0,0,,,Other,2026-01-20 00:00:00.000
6489,99,2960,0,0,,,Other,2026-01-20 00:00:00.000
6490,99,5536,0,0,,,Other,2026-01-20 00:00:00.000
6491,99,3332,1,0,,,Other,2026-01-20 00:00:00.000
6492,99,4061,0,0,,,Other,2026-01-20 00:00:00.000
6493,99,4062,0,0,,,Other,2026-01-20 00:00:00.000
6494,99,4063,0,0,,,Other,2026-01-20 00:00:00.000
6495,99,4064,0,0,,,Other,2026-01-20 00:00:00.000
6496,99,4065,0,0,,,Other,2026-01-20 00:00:00.000
6497,99,4066,0,0,,,Other,2026-01-20 00:00:00.000
6498,99,4067,0,0,,,Other,2026-01-20 00:00:00.000
6499,99,4068,0,0,,,Other,2026-01-20 00:00:00.000
6500,99,4069,1,0,,,Other,2026-01-20 00:00:00.000
6501,99,4070,0,0,,,Other,2026-01-20 00:00:00.000
6502,99,4071,0,0,,,Other,2026-01-20 00:00:00.000
6503,99,4785,2.938,0,,,Other,2026-01-20 00:00:00.000
6504,99,4786,1,0,,,Other,2026-01-20 00:00:00.000
6505,99,5181,0,0,,,Other,2026-01-20 00:00:00.000
6506,99,5182,5,0,,,Other,2026-01-20 00:00:00.000
6507,99,4787,0,0,,,Other,2026-01-20 00:00:00.000
6508,99,4926,0,0,,,Other,2026-01-20 00:00:00.000
6509,99,278,5,0,,,Other,2026-01-20 00:00:00.000
6510,99,357,535.855,0,,,Other,2026-01-20 00:00:00.000
6511,99,5073,110,0,,,Other,2026-01-20 00:00:00.000
6512,99,5074,120,0,,,Other,2026-01-20 00:00:00.000
6513,99,4807,1,0,,,Other,2026-01-20 00:00:00.000
6514,99,276,3,0,,,Other,2026-01-20 00:00:00.000
6515,99,200,0,0,,,Other,2026-01-20 00:00:00.000
6516,99,1152,0,0,,,Other,2026-01-20 00:00:00.000
6517,99,1153,0,0,,,Other,2026-01-20 00:00:00.000
6518,99,3329,41.986,0,,,Other,2026-01-20 00:00:00.000
6519,99,1116,0,0,,,Other,2026-01-20 00:00:00.000
6520,99,1117,13,0,,,Other,2026-01-20 00:00:00.000
6521,99,1118,24,0,,,Other,2026-01-20 00:00:00.000
6522,99,1119,6,0,,,Other,2026-01-20 00:00:00.000
6523,99,1120,7,0,,,Other,2026-01-20 00:00:00.000
6524,99,405,0,0,,,Other,2026-01-20 00:00:00.000
6525,99,407,1.511,0,,,Other,2026-01-20 00:00:00.000
6526,99,409,0.002,0,,,Other,2026-01-20 00:00:00.000
6527,99,4073,1.513,0,,,Other,2026-01-20 00:00:00.000
6528,99,4076,0.300,0,,,Other,2026-01-20 00:00:00.000
6529,99,406,0,0,,,Other,2026-01-20 00:00:00.000
6530,99,408,0.827,0,,,Other,2026-01-20 00:00:00.000
6531,99,410,0,0,,,Other,2026-01-20 00:00:00.000
6532,99,412,0,0,,,Other,2026-01-20 00:00:00.000
6533,99,4077,0.827,0,,,Other,2026-01-20 00:00:00.000
6534,99,1114,45,0,,,Other,2026-01-20 00:00:00.000
6535,99,1115,3.500,0,,,Other,2026-01-20 00:00:00.000
6536,99,396,3.500,0,,,Other,2026-01-20 00:00:00.000
6537,99,397,0,0,,,Other,2026-01-20 00:00:00.000
6538,99,398,13,0,,,Other,2026-01-20 00:00:00.000
6539,99,399,24,0,,,Other,2026-01-20 00:00:00.000
6540,99,400,6,0,,,Other,2026-01-20 00:00:00.000
6541,99,401,7,0,,,Other,2026-01-20 00:00:00.000
6542,99,4079,53.500,0,,,Other,2026-01-20 00:00:00.000
6543,99,4080,45,0,,,Other,2026-01-20 00:00:00.000
6544,99,418,15.841,0,,,Other,2026-01-20 00:00:00.000
6545,99,5196,87402.148,0,,,Other,2026-01-20 00:00:00.000
6546,99,5197,13635.576,0,,,Other,2026-01-20 00:00:00.000
6547,99,5216,10,0,,,Other,2026-01-20 00:00:00.000
6548,99,5292,0,0,,,Other,2026-01-20 00:00:00.000
6549,99,5293,1,0,,,Other,2026-01-20 00:00:00.000
6550,99,5294,0,0,,,Other,2026-01-20 00:00:00.000
6551,99,5295,1,0,,,Other,2026-01-20 00:00:00.000
6552,99,5539,1,0,,,Other,2026-01-20 00:00:00.000
6553,99,5540,1,0,,,Other,2026-01-20 00:00:00.000
6554,99,5541,1,0,,,Other,2026-01-20 00:00:00.000
6555,99,5542,1,0,,,Other,2026-01-20 00:00:00.000
6556,99,5543,1,0,,,Other,2026-01-20 00:00:00.000
6557,99,5570,0,0,,,Other,2026-01-20 00:00:00.000
6558,99,5571,4.849,0,,,Other,2026-01-20 00:00:00.000
6559,99,5572,0,0,,,Other,2026-01-20 00:00:00.000
6560,99,5573,4.180,0,,,Other,2026-01-20 00:00:00.000
6561,99,5579,0,0,,,Other,2026-01-20 00:00:00.000
6562,99,5580,0,0,,,Other,2026-01-20 00:00:00.000
6563,99,5581,0,0,,,Other,2026-01-20 00:00:00.000
6564,99,5582,0.691,0,,,Other,2026-01-20 00:00:00.000
6565,99,5583,0,0,,,Other,2026-01-20 00:00:00.000
6566,99,5584,0,0,,,Other,2026-01-20 00:00:00.000
6567,99,5585,0,0,,,Other,2026-01-20 00:00:00.000
6568,99,5586,0,0,,,Other,2026-01-20 00:00:00.000
6569,99,5587,0,0,,,Other,2026-01-20 00:00:00.000
6570,99,5588,0,0,,,Other,2026-01-20 00:00:00.000
6571,99,5589,0,0,,,Other,2026-01-20 00:00:00.000
6572,99,5590,0,0,,,Other,2026-01-20 00:00:00.000
6573,99,5591,0,0,,,Other,2026-01-20 00:00:00.000
6574,99,5592,0,0,,,Other,2026-01-20 00:00:00.000
6575,99,5593,0,0,,,Other,2026-01-20 00:00:00.000
6576,99,5594,0,0,,,Other,2026-01-20 00:00:00.000
6577,99,5595,0,0,,,Other,2026-01-20 00:00:00.000
6578,99,5596,0,0,,,Other,2026-01-20 00:00:00.000
6579,99,5597,0,0,,,Other,2026-01-20 00:00:00.000
6580,99,5598,0,0,,,Other,2026-01-20 00:00:00.000
6581,99,5599,0,0,,,Other,2026-01-20 00:00:00.000
6582,99,5600,0,0,,,Other,2026-01-20 00:00:00.000
6583,99,5606,0,0,,,Other,2026-01-20 00:00:00.000
6584,99,2626,0.792,0,,,Other,2026-01-20 00:00:00.000
6585,99,2627,15.713,0,,,Other,2026-01-20 00:00:00.000
6586,99,2628,15.713,0,,,Other,2026-01-20 00:00:00.000
6587,99,2629,0.792,0,,,Other,2026-01-20 00:00:00.000
6588,99,2630,15.713,0,,,Other,2026-01-20 00:00:00.000
6589,99,2631,0.792,0,,,Other,2026-01-20 00:00:00.000
6590,99,2598,34.200,0,,,Other,2026-01-20 00:00:00.000
6591,99,2599,34.200,0,,,Other,2026-01-20 00:00:00.000
6592,99,2600,0,0,,,Other,2026-01-20 00:00:00.000
6593,99,2601,2.295,0,,,Other,2026-01-20 00:00:00.000
6594,99,2602,2.295,0,,,Other,2026-01-20 00:00:00.000
6595,99,2603,2.295,0,,,Other,2026-01-20 00:00:00.000
6596,99,2604,34.200,0,,,Other,2026-01-20 00:00:00.000
6597,99,2605,0.827,0,,,Other,2026-01-20 00:00:00.000
6598,99,2606,0.858,0,,,Other,2026-01-20 00:00:00.000
6599,99,2607,0,0,,,Other,2026-01-20 00:00:00.000
6600,99,2608,0,0,,,Other,2026-01-20 00:00:00.000
6601,99,2609,0,0,,,Other,2026-01-20 00:00:00.000
6602,99,2610,0,0,,,Other,2026-01-20 00:00:00.000
6603,99,2611,5.191,0,,,Other,2026-01-20 00:00:00.000
6604,99,2620,5.577,0,,,Other,2026-01-20 00:00:00.000
6605,99,2622,5.577,0,,,Other,2026-01-20 00:00:00.000
6606,99,2621,0.075,0,,,Other,2026-01-20 00:00:00.000
6607,99,2623,0,0,,,Other,2026-01-20 00:00:00.000
6608,99,2625,0.197,0,,,Other,2026-01-20 00:00:00.000
6609,99,2624,0,0,,,Other,2026-01-20 00:00:00.000
6610,99,2595,0,0,,,Other,2026-01-20 00:00:00.000
6611,99,2596,1.270,0,,,Other,2026-01-20 00:00:00.000
6612,99,2597,0.524,0,,,Other,2026-01-20 00:00:00.000
6613,99,2612,5.643,0,,,Other,2026-01-20 00:00:00.000
6614,99,2613,23.241,0,,,Other,2026-01-20 00:00:00.000
6615,99,2614,0,0,,,Other,2026-01-20 00:00:00.000
6616,99,2615,1.301,0,,,Other,2026-01-20 00:00:00.000
6617,99,2616,0,0,,,Other,2026-01-20 00:00:00.000
6618,99,2617,12.122,0,,,Other,2026-01-20 00:00:00.000
6619,99,2618,0,0,,,Other,2026-01-20 00:00:00.000
6620,99,2619,-1.221,0,,,Other,2026-01-20 00:00:00.000
6621,99,3078,0.792,0,,,Other,2026-01-20 00:00:00.000
6622,99,3079,15.271,0,,,Other,2026-01-20 00:00:00.000
6623,99,3080,17.850,0,,,Other,2026-01-20 00:00:00.000
6624,99,3081,0.792,0,,,Other,2026-01-20 00:00:00.000
6625,99,3082,15.061,0,,,Other,2026-01-20 00:00:00.000
6626,99,3083,0.792,0,,,Other,2026-01-20 00:00:00.000
6627,99,3084,1.620,0,,,Other,2026-01-20 00:00:00.000
6628,99,3085,32.472,0,,,Other,2026-01-20 00:00:00.000
6629,99,3086,31.726,0,,,Other,2026-01-20 00:00:00.000
6630,99,3089,5.577,0,,,Other,2026-01-20 00:00:00.000
6631,99,3090,5.774,0,,,Other,2026-01-20 00:00:00.000
6632,99,3091,0.075,0,,,Other,2026-01-20 00:00:00.000
6633,99,2632,0,0,,,Other,2026-01-20 00:00:00.000
6634,99,2633,-0.441,0,,,Other,2026-01-20 00:00:00.000
6635,99,2634,2.137,0,,,Other,2026-01-20 00:00:00.000
6636,99,2635,0,0,,,Other,2026-01-20 00:00:00.000
6637,99,2636,-0.652,0,,,Other,2026-01-20 00:00:00.000
6638,99,2637,0,0,,,Other,2026-01-20 00:00:00.000
6639,99,5026,0,0,,,Other,2026-01-20 00:00:00.000
6640,99,5075,80,0,,,Other,2026-01-20 00:00:00.000
6641,99,5076,80,0,,,Other,2026-01-20 00:00:00.000
6642,99,2482,0,0,,,Other,2026-01-20 00:00:00.000
6643,99,4042,1,0,,,Other,2026-01-20 00:00:00.000
6644,99,5105,672.420,0,,,Other,2026-01-20 00:00:00.000
6645,99,5106,0,0,,,Other,2026-01-20 00:00:00.000
6646,99,5107,584.152,0,,,Other,2026-01-20 00:00:00.000
6647,99,5108,381.775,0,,,Other,2026-01-20 00:00:00.000
6648,99,5109,162.929,0,,,Other,2026-01-20 00:00:00.000
6649,99,5100,4.700,0,,,Other,2026-01-20 00:00:00.000
6650,99,5101,4.801,0,,,Other,2026-01-20 00:00:00.000
6651,99,5102,4.995,0,,,Other,2026-01-20 00:00:00.000
6652,99,5103,4.708,0,,,Other,2026-01-20 00:00:00.000
6653,99,5104,6.289,0,,,Other,2026-01-20 00:00:00.000
6654,99,5632,17.309,0,,,Other,2026-01-20 00:00:00.000
6655,99,5633,11.890,0,,,Other,2026-01-20 00:00:00.000
6656,99,5661,67472.431,0,,,Other,2026-01-20 00:00:00.000
6657,99,5663,67472.431,0,,,Other,2026-01-20 00:00:00.000
6658,99,5679,0,0,,,Other,2026-01-20 00:00:00.000
6659,99,218,13.330,,,,Price_Inputs,2026-01-20 00:00:00.000
6660,99,219,2.040,,,,Price_Inputs,2026-01-20 00:00:00.000
6661,99,220,1.960,,,,Price_Inputs,2026-01-20 00:00:00.000
6662,99,223,72.760,,,,Plant_Parameter,2026-01-20 00:00:00.000
6663,99,2647,89.670,,,,Plant_Parameter,2026-01-20 00:00:00.000
6664,99,221,0.060,,,,Plant_Parameter,2026-01-20 00:00:00.000
6665,99,2645,0,,,,Plant_Parameter,2026-01-20 00:00:00.000
6666,99,1190,484.180,,,,Plant_Parameter,2026-01-20 00:00:00.000
6667,99,5288,0,,,,Plant_Parameter,2026-01-20 00:00:00.000
6668,99,5289,0,,,,Plant_Parameter,2026-01-20 00:00:00.000
6669,99,222,48.770,,,,Plant_Parameter,2026-01-20 00:00:00.000
6670,99,2646,88.270,,,,Plant_Parameter,2026-01-20 00:00:00.000
6671,99,1212,22.430,,,,Plant_Parameter,2026-01-20 00:00:00.000
6672,99,1213,44.110,,,,Plant_Parameter,2026-01-20 00:00:00.000
6673,99,426,100,,,,Plant_Parameter,2026-01-20 00:00:00.000
6674,100,235,,,false,true,Equipment,2026-01-20 00:00:00.000
6675,100,234,,,false,true,Equipment,2026-01-20 00:00:00.000
6676,100,237,,,false,true,Equipment,2026-01-20 00:00:00.000
6677,100,238,,,false,true,Equipment,2026-01-20 00:00:00.000
6678,100,245,,,false,true,Equipment,2026-01-20 00:00:00.000
6679,100,244,,,false,true,Equipment,2026-01-20 00:00:00.000
6680,100,247,,,false,true,Equipment,2026-01-20 00:00:00.000
6681,100,248,,,false,true,Equipment,2026-01-20 00:00:00.000
6682,100,252,,,false,true,Equipment,2026-01-20 00:00:00.000
6683,100,251,,,false,true,Equipment,2026-01-20 00:00:00.000
6684,100,62,,,false,true,Equipment,2026-01-20 00:00:00.000
6685,100,230,,,false,true,Equipment,2026-01-20 00:00:00.000
6686,100,231,,,false,true,Equipment,2026-01-20 00:00:00.000
6687,100,232,,,false,true,Equipment,2026-01-20 00:00:00.000
6688,100,233,,,false,true,Equipment,2026-01-20 00:00:00.000
6689,100,236,,,false,true,Equipment,2026-01-20 00:00:00.000
6690,100,239,,,false,true,Equipment,2026-01-20 00:00:00.000
6691,100,240,,,false,true,Equipment,2026-01-20 00:00:00.000
6692,100,241,,,false,true,Equipment,2026-01-20 00:00:00.000
6693,100,242,,,false,true,Equipment,2026-01-20 00:00:00.000
6694,100,243,,,false,true,Equipment,2026-01-20 00:00:00.000
6695,100,246,,,false,false,Equipment,2026-01-20 00:00:00.000
6696,100,249,,,false,true,Equipment,2026-01-20 00:00:00.000
6697,100,250,,,false,true,Equipment,2026-01-20 00:00:00.000
6698,100,58,,,false,true,Equipment,2026-01-20 00:00:00.000
6699,100,59,,,false,true,Equipment,2026-01-20 00:00:00.000
6700,100,60,,,false,true,Equipment,2026-01-20 00:00:00.000
6701,100,61,,,false,true,Equipment,2026-01-20 00:00:00.000
6702,100,253,,,false,false,Equipment,2026-01-20 00:00:00.000
6703,100,254,,,false,false,Equipment,2026-01-20 00:00:00.000
6704,100,353,16.605,0,,,Demand,2026-01-20 00:00:00.000
6705,100,22,0,0,,,Demand,2026-01-20 00:00:00.000
6706,100,23,90.166,0,,,Demand,2026-01-20 00:00:00.000
6707,100,177,179.617,0,,,Demand,2026-01-20 00:00:00.000
6708,100,199,6,0,,,Demand,2026-01-20 00:00:00.000
6709,100,152,1788.045,0,,,Demand,2026-01-20 00:00:00.000
6710,100,154,3705.345,0,,,Demand,2026-01-20 00:00:00.000
6711,100,155,0,0,,,Demand,2026-01-20 00:00:00.000
6712,100,156,22596.744,0,,,Demand,2026-01-20 00:00:00.000
6713,100,153,37582.297,0,,,Demand,2026-01-20 00:00:00.000
6714,100,2920,1800,0,,,Demand,2026-01-20 00:00:00.000
6715,100,2917,19915.015,0,,,Demand,2026-01-20 00:00:00.000
6716,100,374,11.403,0,,,Demand,2026-01-20 00:00:00.000
6717,100,411,3.451,0,,,Demand,2026-01-20 00:00:00.000
6718,100,12,0,0,,,Demand,2026-01-20 00:00:00.000
6719,100,13,0,0,,,Demand,2026-01-20 00:00:00.000
6720,100,14,0,0,,,Demand,2026-01-20 00:00:00.000
6721,100,2490,0,0,,,Demand,2026-01-20 00:00:00.000
6722,100,19,0,0,,,Demand,2026-01-20 00:00:00.000
6723,100,20,63.990,0,,,Demand,2026-01-20 00:00:00.000
6724,100,21,42.287,0,,,Demand,2026-01-20 00:00:00.000
6725,100,2638,1,0,,,Demand,2026-01-20 00:00:00.000
6726,100,18,61.172,0,,,Demand,2026-01-20 00:00:00.000
6727,100,15,0,0,,,Demand,2026-01-20 00:00:00.000
6728,100,16,73.079,0,,,Demand,2026-01-20 00:00:00.000
6729,100,17,55.850,0,,,Demand,2026-01-20 00:00:00.000
6730,100,226,535.855,0,,,Demand,2026-01-20 00:00:00.000
6731,100,3348,1,0,,,Other,2026-01-20 00:00:00.000
6732,100,5291,0,0,,,Other,2026-01-20 00:00:00.000
6733,100,5240,0,0,,,Other,2026-01-20 00:00:00.000
6734,100,5290,484.180,0,,,Other,2026-01-20 00:00:00.000
6735,100,5208,0,0,,,Other,2026-01-20 00:00:00.000
6736,100,5209,0,0,,,Other,2026-01-20 00:00:00.000
6737,100,5210,104.507,0,,,Other,2026-01-20 00:00:00.000
6738,100,5211,63.950,0,,,Other,2026-01-20 00:00:00.000
6739,100,5212,55.883,0,,,Other,2026-01-20 00:00:00.000
6740,100,5213,42.298,0,,,Other,2026-01-20 00:00:00.000
6741,100,5214,61.172,0,,,Other,2026-01-20 00:00:00.000
6742,100,5215,0,0,,,Other,2026-01-20 00:00:00.000
6743,100,203,336,0,,,Other,2026-01-20 00:00:00.000
6744,100,204,326,0,,,Other,2026-01-20 00:00:00.000
6745,100,205,15.435,0,,,Other,2026-01-20 00:00:00.000
6746,100,206,15.435,0,,,Other,2026-01-20 00:00:00.000
6747,100,207,11.270,0,,,Other,2026-01-20 00:00:00.000
6748,100,208,11.270,0,,,Other,2026-01-20 00:00:00.000
6749,100,209,12326,0,,,Other,2026-01-20 00:00:00.000
6750,100,210,350,0,,,Other,2026-01-20 00:00:00.000
6751,100,427,150,0,,,Other,2026-01-20 00:00:00.000
6752,100,428,150,0,,,Other,2026-01-20 00:00:00.000
6753,100,429,150,0,,,Other,2026-01-20 00:00:00.000
6754,100,430,150,0,,,Other,2026-01-20 00:00:00.000
6755,100,431,150,0,,,Other,2026-01-20 00:00:00.000
6756,100,432,0,0,,,Other,2026-01-20 00:00:00.000
6757,100,433,0,0,,,Other,2026-01-20 00:00:00.000
6758,100,434,0,0,,,Other,2026-01-20 00:00:00.000
6759,100,435,0,0,,,Other,2026-01-20 00:00:00.000
6760,100,1042,0,0,,,Other,2026-01-20 00:00:00.000
6761,100,1043,0.883,0,,,Other,2026-01-20 00:00:00.000
6762,100,1044,0.897,0,,,Other,2026-01-20 00:00:00.000
6763,100,1054,0,0,,,Other,2026-01-20 00:00:00.000
6764,100,389,1,0,,,Other,2026-01-20 00:00:00.000
6765,100,390,0,0,,,Other,2026-01-20 00:00:00.000
6766,100,391,1,0,,,Other,2026-01-20 00:00:00.000
6767,100,392,1,0,,,Other,2026-01-20 00:00:00.000
6768,100,393,1,0,,,Other,2026-01-20 00:00:00.000
6769,100,394,1,0,,,Other,2026-01-20 00:00:00.000
6770,100,5183,166.867,0,,,Other,2026-01-20 00:00:00.000
6771,100,5184,260.317,0,,,Other,2026-01-20 00:00:00.000
6772,100,5185,1287.119,0,,,Other,2026-01-20 00:00:00.000
6773,100,5186,46.552,0,,,Other,2026-01-20 00:00:00.000
6774,100,5187,172.653,0,,,Other,2026-01-20 00:00:00.000
6775,100,5188,433.069,0,,,Other,2026-01-20 00:00:00.000
6776,100,5189,8.080,0,,,Other,2026-01-20 00:00:00.000
6777,100,5190,20.926,0,,,Other,2026-01-20 00:00:00.000
6778,100,5191,-102.088,0,,,Other,2026-01-20 00:00:00.000
6779,100,5192,52.799,0,,,Other,2026-01-20 00:00:00.000
6780,100,5193,4.182,0,,,Other,2026-01-20 00:00:00.000
6781,100,3031,94.132,0,,,Other,2026-01-20 00:00:00.000
6782,100,504,507.447,0,,,Other,2026-01-20 00:00:00.000
6783,100,4876,54.258,0,,,Other,2026-01-20 00:00:00.000
6784,100,4871,429.606,0,,,Other,2026-01-20 00:00:00.000
6785,100,4870,247.103,0,,,Other,2026-01-20 00:00:00.000
6786,100,4929,49.184,0,,,Other,2026-01-20 00:00:00.000
6787,100,5195,912.485,0,,,Other,2026-01-20 00:00:00.000
6788,100,138,79.252,0,,,Other,2026-01-20 00:00:00.000
6789,100,1048,299.081,0,,,Other,2026-01-20 00:00:00.000
6790,100,1049,93.327,0,,,Other,2026-01-20 00:00:00.000
6791,100,1050,181.272,0,,,Other,2026-01-20 00:00:00.000
6792,100,1051,146.567,0,,,Other,2026-01-20 00:00:00.000
6793,100,1052,96.021,0,,,Other,2026-01-20 00:00:00.000
6794,100,2850,0,0,,,Other,2026-01-20 00:00:00.000
6795,100,5268,0,0,,,Other,2026-01-20 00:00:00.000
6796,100,5224,0,0,,,Other,2026-01-20 00:00:00.000
6797,100,1169,0,0,,,Other,2026-01-20 00:00:00.000
6798,100,1170,0,0,,,Other,2026-01-20 00:00:00.000
6799,100,5220,0,0,,,Other,2026-01-20 00:00:00.000
6800,100,5259,0,0,,,Other,2026-01-20 00:00:00.000
6801,100,5260,0,0,,,Other,2026-01-20 00:00:00.000
6802,100,3092,0,0,,,Other,2026-01-20 00:00:00.000
6803,100,2748,74.672,0,,,Other,2026-01-20 00:00:00.000
6804,100,5257,25.774,0,,,Other,2026-01-20 00:00:00.000
6805,100,5258,28.998,0,,,Other,2026-01-20 00:00:00.000
6806,100,5223,6.098,0,,,Other,2026-01-20 00:00:00.000
6807,100,1171,34.981,0,,,Other,2026-01-20 00:00:00.000
6808,100,1172,31.713,0,,,Other,2026-01-20 00:00:00.000
6809,100,5221,18.832,0,,,Other,2026-01-20 00:00:00.000
6810,100,5222,212.081,0,,,Other,2026-01-20 00:00:00.000
6811,100,3095,257.292,0,,,Other,2026-01-20 00:00:00.000
6812,100,2749,73.079,0,,,Other,2026-01-20 00:00:00.000
6813,100,3099,7.071,0,,,Other,2026-01-20 00:00:00.000
6814,100,3098,234.167,0,,,Other,2026-01-20 00:00:00.000
6815,100,149,90.226,0,,,Other,2026-01-20 00:00:00.000
6816,100,147,10.075,0,,,Other,2026-01-20 00:00:00.000
6817,100,5225,197.553,0,,,Other,2026-01-20 00:00:00.000
6818,100,1173,53.073,0,,,Other,2026-01-20 00:00:00.000
6819,100,1174,45.990,0,,,Other,2026-01-20 00:00:00.000
6820,100,5226,197.666,0,,,Other,2026-01-20 00:00:00.000
6821,100,2750,55.850,0,,,Other,2026-01-20 00:00:00.000
6822,100,1053,133.644,0,,,Other,2026-01-20 00:00:00.000
6823,100,229,452.854,0,,,Other,2026-01-20 00:00:00.000
6824,100,4788,4,0,,,Other,2026-01-20 00:00:00.000
6825,100,395,1,0,,,Other,2026-01-20 00:00:00.000
6826,100,425,452.854,0,,,Other,2026-01-20 00:00:00.000
6827,100,77,492.987,0,,,Other,2026-01-20 00:00:00.000
6828,100,1047,512.925,0,,,Other,2026-01-20 00:00:00.000
6829,100,403,98.500,0,,,Other,2026-01-20 00:00:00.000
6830,100,69,359.336,0,,,Other,2026-01-20 00:00:00.000
6831,100,70,0,0,,,Other,2026-01-20 00:00:00.000
6832,100,71,195.670,0,,,Other,2026-01-20 00:00:00.000
6833,100,72,160.256,0,,,Other,2026-01-20 00:00:00.000
6834,100,73,170.798,0,,,Other,2026-01-20 00:00:00.000
6835,100,74,0,0,,,Other,2026-01-20 00:00:00.000
6836,100,75,9.861,0,,,Other,2026-01-20 00:00:00.000
6837,100,76,13.486,0,,,Other,2026-01-20 00:00:00.000
6838,100,1151,5.991,0,,,Other,2026-01-20 00:00:00.000
6839,100,334,15000,0,,,Other,2026-01-20 00:00:00.000
6840,100,4043,93.793,0,,,Other,2026-01-20 00:00:00.000
6841,100,4044,93.874,0,,,Other,2026-01-20 00:00:00.000
6842,100,4045,94.002,0,,,Other,2026-01-20 00:00:00.000
6843,100,4046,94.213,0,,,Other,2026-01-20 00:00:00.000
6844,100,4047,94.070,0,,,Other,2026-01-20 00:00:00.000
6845,100,58,1,0,,,Other,2026-01-20 00:00:00.000
6846,100,59,1,0,,,Other,2026-01-20 00:00:00.000
6847,100,60,1,0,,,Other,2026-01-20 00:00:00.000
6848,100,61,1,0,,,Other,2026-01-20 00:00:00.000
6849,100,62,1,0,,,Other,2026-01-20 00:00:00.000
6850,100,166,14.542,0,,,Other,2026-01-20 00:00:00.000
6851,100,167,0,0,,,Other,2026-01-20 00:00:00.000
6852,100,168,11.244,0,,,Other,2026-01-20 00:00:00.000
6853,100,78,42.868,0,,,Other,2026-01-20 00:00:00.000
6854,100,169,4.378,0,,,Other,2026-01-20 00:00:00.000
6855,100,352,763.376,0,,,Other,2026-01-20 00:00:00.000
6856,100,5205,0,0,,,Other,2026-01-20 00:00:00.000
6857,100,5206,0.711,0,,,Other,2026-01-20 00:00:00.000
6858,100,5207,0.714,0,,,Other,2026-01-20 00:00:00.000
6859,100,5204,0.800,0,,,Other,2026-01-20 00:00:00.000
6860,100,225,848.617,0,,,Other,2026-01-20 00:00:00.000
6861,100,354,67472.431,0,,,Other,2026-01-20 00:00:00.000
6862,100,335,29.685,0,,,Other,2026-01-20 00:00:00.000
6863,100,3333,0,0,,,Other,2026-01-20 00:00:00.000
6864,100,3334,0,0,,,Other,2026-01-20 00:00:00.000
6865,100,2929,0,0,,,Other,2026-01-20 00:00:00.000
6866,100,2936,0,0,,,Other,2026-01-20 00:00:00.000
6867,100,2941,0,0,,,Other,2026-01-20 00:00:00.000
6868,100,2948,0,0,,,Other,2026-01-20 00:00:00.000
6869,100,2953,0,0,,,Other,2026-01-20 00:00:00.000
6870,100,2960,0,0,,,Other,2026-01-20 00:00:00.000
6871,100,5536,0,0,,,Other,2026-01-20 00:00:00.000
6872,100,3332,1,0,,,Other,2026-01-20 00:00:00.000
6873,100,4061,0,0,,,Other,2026-01-20 00:00:00.000
6874,100,4062,0,0,,,Other,2026-01-20 00:00:00.000
6875,100,4063,0,0,,,Other,2026-01-20 00:00:00.000
6876,100,4064,0,0,,,Other,2026-01-20 00:00:00.000
6877,100,4065,0,0,,,Other,2026-01-20 00:00:00.000
6878,100,4066,0,0,,,Other,2026-01-20 00:00:00.000
6879,100,4067,0,0,,,Other,2026-01-20 00:00:00.000
6880,100,4068,0,0,,,Other,2026-01-20 00:00:00.000
6881,100,4069,1,0,,,Other,2026-01-20 00:00:00.000
6882,100,4070,0,0,,,Other,2026-01-20 00:00:00.000
6883,100,4071,0,0,,,Other,2026-01-20 00:00:00.000
6884,100,4785,2.938,0,,,Other,2026-01-20 00:00:00.000
6885,100,4786,1,0,,,Other,2026-01-20 00:00:00.000
6886,100,5181,0,0,,,Other,2026-01-20 00:00:00.000
6887,100,5182,5,0,,,Other,2026-01-20 00:00:00.000
6888,100,4787,0,0,,,Other,2026-01-20 00:00:00.000
6889,100,4926,0,0,,,Other,2026-01-20 00:00:00.000
6890,100,278,5,0,,,Other,2026-01-20 00:00:00.000
6891,100,357,535.855,0,,,Other,2026-01-20 00:00:00.000
6892,100,5073,110,0,,,Other,2026-01-20 00:00:00.000
6893,100,5074,120,0,,,Other,2026-01-20 00:00:00.000
6894,100,4807,1,0,,,Other,2026-01-20 00:00:00.000
6895,100,276,3,0,,,Other,2026-01-20 00:00:00.000
6896,100,200,0,0,,,Other,2026-01-20 00:00:00.000
6897,100,1152,0,0,,,Other,2026-01-20 00:00:00.000
6898,100,1153,0,0,,,Other,2026-01-20 00:00:00.000
6899,100,3329,41.986,0,,,Other,2026-01-20 00:00:00.000
6900,100,1116,0,0,,,Other,2026-01-20 00:00:00.000
6901,100,1117,13,0,,,Other,2026-01-20 00:00:00.000
6902,100,1118,24,0,,,Other,2026-01-20 00:00:00.000
6903,100,1119,6,0,,,Other,2026-01-20 00:00:00.000
6904,100,1120,7,0,,,Other,2026-01-20 00:00:00.000
6905,100,405,0,0,,,Other,2026-01-20 00:00:00.000
6906,100,407,1.511,0,,,Other,2026-01-20 00:00:00.000
6907,100,409,0.002,0,,,Other,2026-01-20 00:00:00.000
6908,100,4073,1.513,0,,,Other,2026-01-20 00:00:00.000
6909,100,4076,0.300,0,,,Other,2026-01-20 00:00:00.000
6910,100,406,0,0,,,Other,2026-01-20 00:00:00.000
6911,100,408,0.827,0,,,Other,2026-01-20 00:00:00.000
6912,100,410,0,0,,,Other,2026-01-20 00:00:00.000
6913,100,412,0,0,,,Other,2026-01-20 00:00:00.000
6914,100,4077,0.827,0,,,Other,2026-01-20 00:00:00.000
6915,100,1114,45,0,,,Other,2026-01-20 00:00:00.000
6916,100,1115,3.500,0,,,Other,2026-01-20 00:00:00.000
6917,100,396,3.500,0,,,Other,2026-01-20 00:00:00.000
6918,100,397,0,0,,,Other,2026-01-20 00:00:00.000
6919,100,398,13,0,,,Other,2026-01-20 00:00:00.000
6920,100,399,24,0,,,Other,2026-01-20 00:00:00.000
6921,100,400,6,0,,,Other,2026-01-20 00:00:00.000
6922,100,401,7,0,,,Other,2026-01-20 00:00:00.000
6923,100,4079,53.500,0,,,Other,2026-01-20 00:00:00.000
6924,100,4080,45,0,,,Other,2026-01-20 00:00:00.000
6925,100,418,15.841,0,,,Other,2026-01-20 00:00:00.000
6926,100,5196,87402.148,0,,,Other,2026-01-20 00:00:00.000
6927,100,5197,13635.576,0,,,Other,2026-01-20 00:00:00.000
6928,100,5216,10,0,,,Other,2026-01-20 00:00:00.000
6929,100,5292,0,0,,,Other,2026-01-20 00:00:00.000
6930,100,5293,1,0,,,Other,2026-01-20 00:00:00.000
6931,100,5294,0,0,,,Other,2026-01-20 00:00:00.000
6932,100,5295,1,0,,,Other,2026-01-20 00:00:00.000
6933,100,5539,1,0,,,Other,2026-01-20 00:00:00.000
6934,100,5540,1,0,,,Other,2026-01-20 00:00:00.000
6935,100,5541,1,0,,,Other,2026-01-20 00:00:00.000
6936,100,5542,1,0,,,Other,2026-01-20 00:00:00.000
6937,100,5543,1,0,,,Other,2026-01-20 00:00:00.000
6938,100,5570,0,0,,,Other,2026-01-20 00:00:00.000
6939,100,5571,4.849,0,,,Other,2026-01-20 00:00:00.000
6940,100,5572,0,0,,,Other,2026-01-20 00:00:00.000
6941,100,5573,4.180,0,,,Other,2026-01-20 00:00:00.000
6942,100,5579,0,0,,,Other,2026-01-20 00:00:00.000
6943,100,5580,0,0,,,Other,2026-01-20 00:00:00.000
6944,100,5581,0,0,,,Other,2026-01-20 00:00:00.000
6945,100,5582,0.691,0,,,Other,2026-01-20 00:00:00.000
6946,100,5583,0,0,,,Other,2026-01-20 00:00:00.000
6947,100,5584,0,0,,,Other,2026-01-20 00:00:00.000
6948,100,5585,0,0,,,Other,2026-01-20 00:00:00.000
6949,100,5586,0,0,,,Other,2026-01-20 00:00:00.000
6950,100,5587,0,0,,,Other,2026-01-20 00:00:00.000
6951,100,5588,0,0,,,Other,2026-01-20 00:00:00.000
6952,100,5589,0,0,,,Other,2026-01-20 00:00:00.000
6953,100,5590,0,0,,,Other,2026-01-20 00:00:00.000
6954,100,5591,0,0,,,Other,2026-01-20 00:00:00.000
6955,100,5592,0,0,,,Other,2026-01-20 00:00:00.000
6956,100,5593,0,0,,,Other,2026-01-20 00:00:00.000
6957,100,5594,0,0,,,Other,2026-01-20 00:00:00.000
6958,100,5595,0,0,,,Other,2026-01-20 00:00:00.000
6959,100,5596,0,0,,,Other,2026-01-20 00:00:00.000
6960,100,5597,0,0,,,Other,2026-01-20 00:00:00.000
6961,100,5598,0,0,,,Other,2026-01-20 00:00:00.000
6962,100,5599,0,0,,,Other,2026-01-20 00:00:00.000
6963,100,5600,0,0,,,Other,2026-01-20 00:00:00.000
6964,100,5606,0,0,,,Other,2026-01-20 00:00:00.000
6965,100,2626,0.792,0,,,Other,2026-01-20 00:00:00.000
6966,100,2627,15.713,0,,,Other,2026-01-20 00:00:00.000
6967,100,2628,15.713,0,,,Other,2026-01-20 00:00:00.000
6968,100,2629,0.792,0,,,Other,2026-01-20 00:00:00.000
6969,100,2630,15.713,0,,,Other,2026-01-20 00:00:00.000
6970,100,2631,0.792,0,,,Other,2026-01-20 00:00:00.000
6971,100,2598,34.200,0,,,Other,2026-01-20 00:00:00.000
6972,100,2599,34.200,0,,,Other,2026-01-20 00:00:00.000
6973,100,2600,0,0,,,Other,2026-01-20 00:00:00.000
6974,100,2601,2.295,0,,,Other,2026-01-20 00:00:00.000
6975,100,2602,2.295,0,,,Other,2026-01-20 00:00:00.000
6976,100,2603,2.295,0,,,Other,2026-01-20 00:00:00.000
6977,100,2604,34.200,0,,,Other,2026-01-20 00:00:00.000
6978,100,2605,0.827,0,,,Other,2026-01-20 00:00:00.000
6979,100,2606,0.858,0,,,Other,2026-01-20 00:00:00.000
6980,100,2607,0,0,,,Other,2026-01-20 00:00:00.000
6981,100,2608,0,0,,,Other,2026-01-20 00:00:00.000
6982,100,2609,0,0,,,Other,2026-01-20 00:00:00.000
6983,100,2610,0,0,,,Other,2026-01-20 00:00:00.000
6984,100,2611,5.191,0,,,Other,2026-01-20 00:00:00.000
6985,100,2620,5.577,0,,,Other,2026-01-20 00:00:00.000
6986,100,2622,5.577,0,,,Other,2026-01-20 00:00:00.000
6987,100,2621,0.075,0,,,Other,2026-01-20 00:00:00.000
6988,100,2623,0,0,,,Other,2026-01-20 00:00:00.000
6989,100,2625,0.197,0,,,Other,2026-01-20 00:00:00.000
6990,100,2624,0,0,,,Other,2026-01-20 00:00:00.000
6991,100,2595,0,0,,,Other,2026-01-20 00:00:00.000
6992,100,2596,1.270,0,,,Other,2026-01-20 00:00:00.000
6993,100,2597,0.524,0,,,Other,2026-01-20 00:00:00.000
6994,100,2612,5.643,0,,,Other,2026-01-20 00:00:00.000
6995,100,2613,23.241,0,,,Other,2026-01-20 00:00:00.000
6996,100,2614,0,0,,,Other,2026-01-20 00:00:00.000
6997,100,2615,1.301,0,,,Other,2026-01-20 00:00:00.000
6998,100,2616,0,0,,,Other,2026-01-20 00:00:00.000
6999,100,2617,12.122,0,,,Other,2026-01-20 00:00:00.000
7000,100,2618,0,0,,,Other,2026-01-20 00:00:00.000
7001,100,2619,-1.221,0,,,Other,2026-01-20 00:00:00.000
7002,100,3078,0.792,0,,,Other,2026-01-20 00:00:00.000
7003,100,3079,15.271,0,,,Other,2026-01-20 00:00:00.000
7004,100,3080,17.850,0,,,Other,2026-01-20 00:00:00.000
7005,100,3081,0.792,0,,,Other,2026-01-20 00:00:00.000
7006,100,3082,15.061,0,,,Other,2026-01-20 00:00:00.000
7007,100,3083,0.792,0,,,Other,2026-01-20 00:00:00.000
7008,100,3084,1.620,0,,,Other,2026-01-20 00:00:00.000
7009,100,3085,32.472,0,,,Other,2026-01-20 00:00:00.000
7010,100,3086,31.726,0,,,Other,2026-01-20 00:00:00.000
7011,100,3089,5.577,0,,,Other,2026-01-20 00:00:00.000
7012,100,3090,5.774,0,,,Other,2026-01-20 00:00:00.000
7013,100,3091,0.075,0,,,Other,2026-01-20 00:00:00.000
7014,100,2632,0,0,,,Other,2026-01-20 00:00:00.000
7015,100,2633,-0.441,0,,,Other,2026-01-20 00:00:00.000
7016,100,2634,2.137,0,,,Other,2026-01-20 00:00:00.000
7017,100,2635,0,0,,,Other,2026-01-20 00:00:00.000
7018,100,2636,-0.652,0,,,Other,2026-01-20 00:00:00.000
7019,100,2637,0,0,,,Other,2026-01-20 00:00:00.000
7020,100,5026,0,0,,,Other,2026-01-20 00:00:00.000
7021,100,5075,80,0,,,Other,2026-01-20 00:00:00.000
7022,100,5076,80,0,,,Other,2026-01-20 00:00:00.000
7023,100,2482,0,0,,,Other,2026-01-20 00:00:00.000
7024,100,4042,1,0,,,Other,2026-01-20 00:00:00.000
7025,100,5105,672.420,0,,,Other,2026-01-20 00:00:00.000
7026,100,5106,0,0,,,Other,2026-01-20 00:00:00.000
7027,100,5107,584.152,0,,,Other,2026-01-20 00:00:00.000
7028,100,5108,381.775,0,,,Other,2026-01-20 00:00:00.000
7029,100,5109,162.929,0,,,Other,2026-01-20 00:00:00.000
7030,100,5100,4.700,0,,,Other,2026-01-20 00:00:00.000
7031,100,5101,4.801,0,,,Other,2026-01-20 00:00:00.000
7032,100,5102,4.995,0,,,Other,2026-01-20 00:00:00.000
7033,100,5103,4.708,0,,,Other,2026-01-20 00:00:00.000
7034,100,5104,6.289,0,,,Other,2026-01-20 00:00:00.000
7035,100,5632,17.309,0,,,Other,2026-01-20 00:00:00.000
7036,100,5633,11.890,0,,,Other,2026-01-20 00:00:00.000
7037,100,5661,67472.431,0,,,Other,2026-01-20 00:00:00.000
7038,100,5663,67472.431,0,,,Other,2026-01-20 00:00:00.000
7039,100,5679,0,0,,,Other,2026-01-20 00:00:00.000
7040,100,218,13.330,,,,Price_Inputs,2026-01-20 00:00:00.000
7041,100,219,2.040,,,,Price_Inputs,2026-01-20 00:00:00.000
7042,100,220,1.960,,,,Price_Inputs,2026-01-20 00:00:00.000
7043,100,223,72.760,,,,Plant_Parameter,2026-01-20 00:00:00.000
7044,100,2647,89.670,,,,Plant_Parameter,2026-01-20 00:00:00.000
7045,100,221,0.060,,,,Plant_Parameter,2026-01-20 00:00:00.000
7046,100,2645,0,,,,Plant_Parameter,2026-01-20 00:00:00.000
7047,100,1190,484.180,,,,Plant_Parameter,2026-01-20 00:00:00.000
7048,100,5288,0,,,,Plant_Parameter,2026-01-20 00:00:00.000
7049,100,5289,0,,,,Plant_Parameter,2026-01-20 00:00:00.000
7050,100,222,48.770,,,,Plant_Parameter,2026-01-20 00:00:00.000
7051,100,2646,88.270,,,,Plant_Parameter,2026-01-20 00:00:00.000
7052,100,1212,22.430,,,,Plant_Parameter,2026-01-20 00:00:00.000
7053,100,1213,44.110,,,,Plant_Parameter,2026-01-20 00:00:00.000
7054,100,426,100,,,,Plant_Parameter,2026-01-20 00:00:00.000
7055,101,235,,,false,true,Equipment,2026-01-20 00:00:00.000
7056,101,234,,,false,true,Equipment,2026-01-20 00:00:00.000
7057,101,237,,,false,true,Equipment,2026-01-20 00:00:00.000
7058,101,238,,,false,true,Equipment,2026-01-20 00:00:00.000
7059,101,245,,,false,true,Equipment,2026-01-20 00:00:00.000
7060,101,244,,,false,true,Equipment,2026-01-20 00:00:00.000
7061,101,247,,,false,true,Equipment,2026-01-20 00:00:00.000
7062,101,248,,,false,true,Equipment,2026-01-20 00:00:00.000
7063,101,252,,,false,true,Equipment,2026-01-20 00:00:00.000
7064,101,251,,,false,true,Equipment,2026-01-20 00:00:00.000
7065,101,62,,,false,true,Equipment,2026-01-20 00:00:00.000
7066,101,230,,,false,true,Equipment,2026-01-20 00:00:00.000
7067,101,231,,,false,true,Equipment,2026-01-20 00:00:00.000
7068,101,232,,,false,true,Equipment,2026-01-20 00:00:00.000
7069,101,233,,,false,true,Equipment,2026-01-20 00:00:00.000
7070,101,236,,,false,true,Equipment,2026-01-20 00:00:00.000
7071,101,239,,,false,true,Equipment,2026-01-20 00:00:00.000
7072,101,240,,,false,true,Equipment,2026-01-20 00:00:00.000
7073,101,241,,,false,true,Equipment,2026-01-20 00:00:00.000
7074,101,242,,,false,true,Equipment,2026-01-20 00:00:00.000
7075,101,243,,,false,true,Equipment,2026-01-20 00:00:00.000
7076,101,246,,,false,false,Equipment,2026-01-20 00:00:00.000
7077,101,249,,,false,true,Equipment,2026-01-20 00:00:00.000
7078,101,250,,,false,true,Equipment,2026-01-20 00:00:00.000
7079,101,58,,,false,true,Equipment,2026-01-20 00:00:00.000
7080,101,59,,,false,true,Equipment,2026-01-20 00:00:00.000
7081,101,60,,,false,true,Equipment,2026-01-20 00:00:00.000
7082,101,61,,,false,true,Equipment,2026-01-20 00:00:00.000
7083,101,253,,,false,false,Equipment,2026-01-20 00:00:00.000
7084,101,254,,,false,false,Equipment,2026-01-20 00:00:00.000
7085,101,353,16.605,0,,,Demand,2026-01-20 00:00:00.000
7086,101,22,0,0,,,Demand,2026-01-20 00:00:00.000
7087,101,23,90.166,0,,,Demand,2026-01-20 00:00:00.000
7088,101,177,179.617,0,,,Demand,2026-01-20 00:00:00.000
7089,101,199,6,0,,,Demand,2026-01-20 00:00:00.000
7090,101,152,1788.045,0,,,Demand,2026-01-20 00:00:00.000
7091,101,154,3705.345,0,,,Demand,2026-01-20 00:00:00.000
7092,101,155,0,0,,,Demand,2026-01-20 00:00:00.000
7093,101,156,22596.744,0,,,Demand,2026-01-20 00:00:00.000
7094,101,153,37582.297,0,,,Demand,2026-01-20 00:00:00.000
7095,101,2920,1800,0,,,Demand,2026-01-20 00:00:00.000
7096,101,2917,19915.015,0,,,Demand,2026-01-20 00:00:00.000
7097,101,374,11.403,0,,,Demand,2026-01-20 00:00:00.000
7098,101,411,3.451,0,,,Demand,2026-01-20 00:00:00.000
7099,101,12,0,0,,,Demand,2026-01-20 00:00:00.000
7100,101,13,0,0,,,Demand,2026-01-20 00:00:00.000
7101,101,14,0,0,,,Demand,2026-01-20 00:00:00.000
7102,101,2490,0,0,,,Demand,2026-01-20 00:00:00.000
7103,101,19,0,0,,,Demand,2026-01-20 00:00:00.000
7104,101,20,63.990,0,,,Demand,2026-01-20 00:00:00.000
7105,101,21,42.287,0,,,Demand,2026-01-20 00:00:00.000
7106,101,2638,1,0,,,Demand,2026-01-20 00:00:00.000
7107,101,18,61.172,0,,,Demand,2026-01-20 00:00:00.000
7108,101,15,0,0,,,Demand,2026-01-20 00:00:00.000
7109,101,16,73.079,0,,,Demand,2026-01-20 00:00:00.000
7110,101,17,55.850,0,,,Demand,2026-01-20 00:00:00.000
7111,101,226,535.855,0,,,Demand,2026-01-20 00:00:00.000
7112,101,3348,1,0,,,Other,2026-01-20 00:00:00.000
7113,101,5291,0,0,,,Other,2026-01-20 00:00:00.000
7114,101,5240,0,0,,,Other,2026-01-20 00:00:00.000
7115,101,5290,484.180,0,,,Other,2026-01-20 00:00:00.000
7116,101,5208,0,0,,,Other,2026-01-20 00:00:00.000
7117,101,5209,0,0,,,Other,2026-01-20 00:00:00.000
7118,101,5210,104.507,0,,,Other,2026-01-20 00:00:00.000
7119,101,5211,63.950,0,,,Other,2026-01-20 00:00:00.000
7120,101,5212,55.883,0,,,Other,2026-01-20 00:00:00.000
7121,101,5213,42.298,0,,,Other,2026-01-20 00:00:00.000
7122,101,5214,61.172,0,,,Other,2026-01-20 00:00:00.000
7123,101,5215,0,0,,,Other,2026-01-20 00:00:00.000
7124,101,203,336,0,,,Other,2026-01-20 00:00:00.000
7125,101,204,326,0,,,Other,2026-01-20 00:00:00.000
7126,101,205,15.435,0,,,Other,2026-01-20 00:00:00.000
7127,101,206,15.435,0,,,Other,2026-01-20 00:00:00.000
7128,101,207,11.270,0,,,Other,2026-01-20 00:00:00.000
7129,101,208,11.270,0,,,Other,2026-01-20 00:00:00.000
7130,101,209,12326,0,,,Other,2026-01-20 00:00:00.000
7131,101,210,350,0,,,Other,2026-01-20 00:00:00.000
7132,101,427,150,0,,,Other,2026-01-20 00:00:00.000
7133,101,428,150,0,,,Other,2026-01-20 00:00:00.000
7134,101,429,150,0,,,Other,2026-01-20 00:00:00.000
7135,101,430,150,0,,,Other,2026-01-20 00:00:00.000
7136,101,431,150,0,,,Other,2026-01-20 00:00:00.000
7137,101,432,0,0,,,Other,2026-01-20 00:00:00.000
7138,101,433,0,0,,,Other,2026-01-20 00:00:00.000
7139,101,434,0,0,,,Other,2026-01-20 00:00:00.000
7140,101,435,0,0,,,Other,2026-01-20 00:00:00.000
7141,101,1042,0,0,,,Other,2026-01-20 00:00:00.000
7142,101,1043,0.883,0,,,Other,2026-01-20 00:00:00.000
7143,101,1044,0.897,0,,,Other,2026-01-20 00:00:00.000
7144,101,1054,0,0,,,Other,2026-01-20 00:00:00.000
7145,101,389,1,0,,,Other,2026-01-20 00:00:00.000
7146,101,390,0,0,,,Other,2026-01-20 00:00:00.000
7147,101,391,1,0,,,Other,2026-01-20 00:00:00.000
7148,101,392,1,0,,,Other,2026-01-20 00:00:00.000
7149,101,393,1,0,,,Other,2026-01-20 00:00:00.000
7150,101,394,1,0,,,Other,2026-01-20 00:00:00.000
7151,101,5183,166.867,0,,,Other,2026-01-20 00:00:00.000
7152,101,5184,260.317,0,,,Other,2026-01-20 00:00:00.000
7153,101,5185,1287.119,0,,,Other,2026-01-20 00:00:00.000
7154,101,5186,46.552,0,,,Other,2026-01-20 00:00:00.000
7155,101,5187,172.653,0,,,Other,2026-01-20 00:00:00.000
7156,101,5188,433.069,0,,,Other,2026-01-20 00:00:00.000
7157,101,5189,8.080,0,,,Other,2026-01-20 00:00:00.000
7158,101,5190,20.926,0,,,Other,2026-01-20 00:00:00.000
7159,101,5191,-102.088,0,,,Other,2026-01-20 00:00:00.000
7160,101,5192,52.799,0,,,Other,2026-01-20 00:00:00.000
7161,101,5193,4.182,0,,,Other,2026-01-20 00:00:00.000
7162,101,3031,94.132,0,,,Other,2026-01-20 00:00:00.000
7163,101,504,507.447,0,,,Other,2026-01-20 00:00:00.000
7164,101,4876,54.258,0,,,Other,2026-01-20 00:00:00.000
7165,101,4871,429.606,0,,,Other,2026-01-20 00:00:00.000
7166,101,4870,247.103,0,,,Other,2026-01-20 00:00:00.000
7167,101,4929,49.184,0,,,Other,2026-01-20 00:00:00.000
7168,101,5195,912.485,0,,,Other,2026-01-20 00:00:00.000
7169,101,138,79.252,0,,,Other,2026-01-20 00:00:00.000
7170,101,1048,299.081,0,,,Other,2026-01-20 00:00:00.000
7171,101,1049,93.327,0,,,Other,2026-01-20 00:00:00.000
7172,101,1050,181.272,0,,,Other,2026-01-20 00:00:00.000
7173,101,1051,146.567,0,,,Other,2026-01-20 00:00:00.000
7174,101,1052,96.021,0,,,Other,2026-01-20 00:00:00.000
7175,101,2850,0,0,,,Other,2026-01-20 00:00:00.000
7176,101,5268,0,0,,,Other,2026-01-20 00:00:00.000
7177,101,5224,0,0,,,Other,2026-01-20 00:00:00.000
7178,101,1169,0,0,,,Other,2026-01-20 00:00:00.000
7179,101,1170,0,0,,,Other,2026-01-20 00:00:00.000
7180,101,5220,0,0,,,Other,2026-01-20 00:00:00.000
7181,101,5259,0,0,,,Other,2026-01-20 00:00:00.000
7182,101,5260,0,0,,,Other,2026-01-20 00:00:00.000
7183,101,3092,0,0,,,Other,2026-01-20 00:00:00.000
7184,101,2748,74.672,0,,,Other,2026-01-20 00:00:00.000
7185,101,5257,25.774,0,,,Other,2026-01-20 00:00:00.000
7186,101,5258,28.998,0,,,Other,2026-01-20 00:00:00.000
7187,101,5223,6.098,0,,,Other,2026-01-20 00:00:00.000
7188,101,1171,34.981,0,,,Other,2026-01-20 00:00:00.000
7189,101,1172,31.713,0,,,Other,2026-01-20 00:00:00.000
7190,101,5221,18.832,0,,,Other,2026-01-20 00:00:00.000
7191,101,5222,212.081,0,,,Other,2026-01-20 00:00:00.000
7192,101,3095,257.292,0,,,Other,2026-01-20 00:00:00.000
7193,101,2749,73.079,0,,,Other,2026-01-20 00:00:00.000
7194,101,3099,7.071,0,,,Other,2026-01-20 00:00:00.000
7195,101,3098,234.167,0,,,Other,2026-01-20 00:00:00.000
7196,101,149,90.226,0,,,Other,2026-01-20 00:00:00.000
7197,101,147,10.075,0,,,Other,2026-01-20 00:00:00.000
7198,101,5225,197.553,0,,,Other,2026-01-20 00:00:00.000
7199,101,1173,53.073,0,,,Other,2026-01-20 00:00:00.000
7200,101,1174,45.990,0,,,Other,2026-01-20 00:00:00.000
7201,101,5226,197.666,0,,,Other,2026-01-20 00:00:00.000
7202,101,2750,55.850,0,,,Other,2026-01-20 00:00:00.000
7203,101,1053,133.644,0,,,Other,2026-01-20 00:00:00.000
7204,101,229,452.854,0,,,Other,2026-01-20 00:00:00.000
7205,101,4788,4,0,,,Other,2026-01-20 00:00:00.000
7206,101,395,1,0,,,Other,2026-01-20 00:00:00.000
7207,101,425,452.854,0,,,Other,2026-01-20 00:00:00.000
7208,101,77,492.987,0,,,Other,2026-01-20 00:00:00.000
7209,101,1047,512.925,0,,,Other,2026-01-20 00:00:00.000
7210,101,403,98.500,0,,,Other,2026-01-20 00:00:00.000
7211,101,69,359.336,0,,,Other,2026-01-20 00:00:00.000
7212,101,70,0,0,,,Other,2026-01-20 00:00:00.000
7213,101,71,195.670,0,,,Other,2026-01-20 00:00:00.000
7214,101,72,160.256,0,,,Other,2026-01-20 00:00:00.000
7215,101,73,170.798,0,,,Other,2026-01-20 00:00:00.000
7216,101,74,0,0,,,Other,2026-01-20 00:00:00.000
7217,101,75,9.861,0,,,Other,2026-01-20 00:00:00.000
7218,101,76,13.486,0,,,Other,2026-01-20 00:00:00.000
7219,101,1151,5.991,0,,,Other,2026-01-20 00:00:00.000
7220,101,334,15000,0,,,Other,2026-01-20 00:00:00.000
7221,101,4043,93.793,0,,,Other,2026-01-20 00:00:00.000
7222,101,4044,93.874,0,,,Other,2026-01-20 00:00:00.000
7223,101,4045,94.002,0,,,Other,2026-01-20 00:00:00.000
7224,101,4046,94.213,0,,,Other,2026-01-20 00:00:00.000
7225,101,4047,94.070,0,,,Other,2026-01-20 00:00:00.000
7226,101,58,1,0,,,Other,2026-01-20 00:00:00.000
7227,101,59,1,0,,,Other,2026-01-20 00:00:00.000
7228,101,60,1,0,,,Other,2026-01-20 00:00:00.000
7229,101,61,1,0,,,Other,2026-01-20 00:00:00.000
7230,101,62,1,0,,,Other,2026-01-20 00:00:00.000
7231,101,166,14.542,0,,,Other,2026-01-20 00:00:00.000
7232,101,167,0,0,,,Other,2026-01-20 00:00:00.000
7233,101,168,11.244,0,,,Other,2026-01-20 00:00:00.000
7234,101,78,42.868,0,,,Other,2026-01-20 00:00:00.000
7235,101,169,4.378,0,,,Other,2026-01-20 00:00:00.000
7236,101,352,763.376,0,,,Other,2026-01-20 00:00:00.000
7237,101,5205,0,0,,,Other,2026-01-20 00:00:00.000
7238,101,5206,0.711,0,,,Other,2026-01-20 00:00:00.000
7239,101,5207,0.714,0,,,Other,2026-01-20 00:00:00.000
7240,101,5204,0.800,0,,,Other,2026-01-20 00:00:00.000
7241,101,225,848.617,0,,,Other,2026-01-20 00:00:00.000
7242,101,354,67472.431,0,,,Other,2026-01-20 00:00:00.000
7243,101,335,29.685,0,,,Other,2026-01-20 00:00:00.000
7244,101,3333,0,0,,,Other,2026-01-20 00:00:00.000
7245,101,3334,0,0,,,Other,2026-01-20 00:00:00.000
7246,101,2929,0,0,,,Other,2026-01-20 00:00:00.000
7247,101,2936,0,0,,,Other,2026-01-20 00:00:00.000
7248,101,2941,0,0,,,Other,2026-01-20 00:00:00.000
7249,101,2948,0,0,,,Other,2026-01-20 00:00:00.000
7250,101,2953,0,0,,,Other,2026-01-20 00:00:00.000
7251,101,2960,0,0,,,Other,2026-01-20 00:00:00.000
7252,101,5536,0,0,,,Other,2026-01-20 00:00:00.000
7253,101,3332,1,0,,,Other,2026-01-20 00:00:00.000
7254,101,4061,0,0,,,Other,2026-01-20 00:00:00.000
7255,101,4062,0,0,,,Other,2026-01-20 00:00:00.000
7256,101,4063,0,0,,,Other,2026-01-20 00:00:00.000
7257,101,4064,0,0,,,Other,2026-01-20 00:00:00.000
7258,101,4065,0,0,,,Other,2026-01-20 00:00:00.000
7259,101,4066,0,0,,,Other,2026-01-20 00:00:00.000
7260,101,4067,0,0,,,Other,2026-01-20 00:00:00.000
7261,101,4068,0,0,,,Other,2026-01-20 00:00:00.000
7262,101,4069,1,0,,,Other,2026-01-20 00:00:00.000
7263,101,4070,0,0,,,Other,2026-01-20 00:00:00.000
7264,101,4071,0,0,,,Other,2026-01-20 00:00:00.000
7265,101,4785,2.938,0,,,Other,2026-01-20 00:00:00.000
7266,101,4786,1,0,,,Other,2026-01-20 00:00:00.000
7267,101,5181,0,0,,,Other,2026-01-20 00:00:00.000
7268,101,5182,5,0,,,Other,2026-01-20 00:00:00.000
7269,101,4787,0,0,,,Other,2026-01-20 00:00:00.000
7270,101,4926,0,0,,,Other,2026-01-20 00:00:00.000
7271,101,278,5,0,,,Other,2026-01-20 00:00:00.000
7272,101,357,535.855,0,,,Other,2026-01-20 00:00:00.000
7273,101,5073,110,0,,,Other,2026-01-20 00:00:00.000
7274,101,5074,120,0,,,Other,2026-01-20 00:00:00.000
7275,101,4807,1,0,,,Other,2026-01-20 00:00:00.000
7276,101,276,3,0,,,Other,2026-01-20 00:00:00.000
7277,101,200,0,0,,,Other,2026-01-20 00:00:00.000
7278,101,1152,0,0,,,Other,2026-01-20 00:00:00.000
7279,101,1153,0,0,,,Other,2026-01-20 00:00:00.000
7280,101,3329,41.986,0,,,Other,2026-01-20 00:00:00.000
7281,101,1116,0,0,,,Other,2026-01-20 00:00:00.000
7282,101,1117,13,0,,,Other,2026-01-20 00:00:00.000
7283,101,1118,24,0,,,Other,2026-01-20 00:00:00.000
7284,101,1119,6,0,,,Other,2026-01-20 00:00:00.000
7285,101,1120,7,0,,,Other,2026-01-20 00:00:00.000
7286,101,405,0,0,,,Other,2026-01-20 00:00:00.000
7287,101,407,1.511,0,,,Other,2026-01-20 00:00:00.000
7288,101,409,0.002,0,,,Other,2026-01-20 00:00:00.000
7289,101,4073,1.513,0,,,Other,2026-01-20 00:00:00.000
7290,101,4076,0.300,0,,,Other,2026-01-20 00:00:00.000
7291,101,406,0,0,,,Other,2026-01-20 00:00:00.000
7292,101,408,0.827,0,,,Other,2026-01-20 00:00:00.000
7293,101,410,0,0,,,Other,2026-01-20 00:00:00.000
7294,101,412,0,0,,,Other,2026-01-20 00:00:00.000
7295,101,4077,0.827,0,,,Other,2026-01-20 00:00:00.000
7296,101,1114,45,0,,,Other,2026-01-20 00:00:00.000
7297,101,1115,3.500,0,,,Other,2026-01-20 00:00:00.000
7298,101,396,3.500,0,,,Other,2026-01-20 00:00:00.000
7299,101,397,0,0,,,Other,2026-01-20 00:00:00.000
7300,101,398,13,0,,,Other,2026-01-20 00:00:00.000
7301,101,399,24,0,,,Other,2026-01-20 00:00:00.000
7302,101,400,6,0,,,Other,2026-01-20 00:00:00.000
7303,101,401,7,0,,,Other,2026-01-20 00:00:00.000
7304,101,4079,53.500,0,,,Other,2026-01-20 00:00:00.000
7305,101,4080,45,0,,,Other,2026-01-20 00:00:00.000
7306,101,418,15.841,0,,,Other,2026-01-20 00:00:00.000
7307,101,5196,87402.148,0,,,Other,2026-01-20 00:00:00.000
7308,101,5197,13635.576,0,,,Other,2026-01-20 00:00:00.000
7309,101,5216,10,0,,,Other,2026-01-20 00:00:00.000
7310,101,5292,0,0,,,Other,2026-01-20 00:00:00.000
7311,101,5293,1,0,,,Other,2026-01-20 00:00:00.000
7312,101,5294,0,0,,,Other,2026-01-20 00:00:00.000
7313,101,5295,1,0,,,Other,2026-01-20 00:00:00.000
7314,101,5539,1,0,,,Other,2026-01-20 00:00:00.000
7315,101,5540,1,0,,,Other,2026-01-20 00:00:00.000
7316,101,5541,1,0,,,Other,2026-01-20 00:00:00.000
7317,101,5542,1,0,,,Other,2026-01-20 00:00:00.000
7318,101,5543,1,0,,,Other,2026-01-20 00:00:00.000
7319,101,5570,0,0,,,Other,2026-01-20 00:00:00.000
7320,101,5571,4.849,0,,,Other,2026-01-20 00:00:00.000
7321,101,5572,0,0,,,Other,2026-01-20 00:00:00.000
7322,101,5573,4.180,0,,,Other,2026-01-20 00:00:00.000
7323,101,5579,0,0,,,Other,2026-01-20 00:00:00.000
7324,101,5580,0,0,,,Other,2026-01-20 00:00:00.000
7325,101,5581,0,0,,,Other,2026-01-20 00:00:00.000
7326,101,5582,0.691,0,,,Other,2026-01-20 00:00:00.000
7327,101,5583,0,0,,,Other,2026-01-20 00:00:00.000
7328,101,5584,0,0,,,Other,2026-01-20 00:00:00.000
7329,101,5585,0,0,,,Other,2026-01-20 00:00:00.000
7330,101,5586,0,0,,,Other,2026-01-20 00:00:00.000
7331,101,5587,0,0,,,Other,2026-01-20 00:00:00.000
7332,101,5588,0,0,,,Other,2026-01-20 00:00:00.000
7333,101,5589,0,0,,,Other,2026-01-20 00:00:00.000
7334,101,5590,0,0,,,Other,2026-01-20 00:00:00.000
7335,101,5591,0,0,,,Other,2026-01-20 00:00:00.000
7336,101,5592,0,0,,,Other,2026-01-20 00:00:00.000
7337,101,5593,0,0,,,Other,2026-01-20 00:00:00.000
7338,101,5594,0,0,,,Other,2026-01-20 00:00:00.000
7339,101,5595,0,0,,,Other,2026-01-20 00:00:00.000
7340,101,5596,0,0,,,Other,2026-01-20 00:00:00.000
7341,101,5597,0,0,,,Other,2026-01-20 00:00:00.000
7342,101,5598,0,0,,,Other,2026-01-20 00:00:00.000
7343,101,5599,0,0,,,Other,2026-01-20 00:00:00.000
7344,101,5600,0,0,,,Other,2026-01-20 00:00:00.000
7345,101,5606,0,0,,,Other,2026-01-20 00:00:00.000
7346,101,2626,0.792,0,,,Other,2026-01-20 00:00:00.000
7347,101,2627,15.713,0,,,Other,2026-01-20 00:00:00.000
7348,101,2628,15.713,0,,,Other,2026-01-20 00:00:00.000
7349,101,2629,0.792,0,,,Other,2026-01-20 00:00:00.000
7350,101,2630,15.713,0,,,Other,2026-01-20 00:00:00.000
7351,101,2631,0.792,0,,,Other,2026-01-20 00:00:00.000
7352,101,2598,34.200,0,,,Other,2026-01-20 00:00:00.000
7353,101,2599,34.200,0,,,Other,2026-01-20 00:00:00.000
7354,101,2600,0,0,,,Other,2026-01-20 00:00:00.000
7355,101,2601,2.295,0,,,Other,2026-01-20 00:00:00.000
7356,101,2602,2.295,0,,,Other,2026-01-20 00:00:00.000
7357,101,2603,2.295,0,,,Other,2026-01-20 00:00:00.000
7358,101,2604,34.200,0,,,Other,2026-01-20 00:00:00.000
7359,101,2605,0.827,0,,,Other,2026-01-20 00:00:00.000
7360,101,2606,0.858,0,,,Other,2026-01-20 00:00:00.000
7361,101,2607,0,0,,,Other,2026-01-20 00:00:00.000
7362,101,2608,0,0,,,Other,2026-01-20 00:00:00.000
7363,101,2609,0,0,,,Other,2026-01-20 00:00:00.000
7364,101,2610,0,0,,,Other,2026-01-20 00:00:00.000
7365,101,2611,5.191,0,,,Other,2026-01-20 00:00:00.000
7366,101,2620,5.577,0,,,Other,2026-01-20 00:00:00.000
7367,101,2622,5.577,0,,,Other,2026-01-20 00:00:00.000
7368,101,2621,0.075,0,,,Other,2026-01-20 00:00:00.000
7369,101,2623,0,0,,,Other,2026-01-20 00:00:00.000
7370,101,2625,0.197,0,,,Other,2026-01-20 00:00:00.000
7371,101,2624,0,0,,,Other,2026-01-20 00:00:00.000
7372,101,2595,0,0,,,Other,2026-01-20 00:00:00.000
7373,101,2596,1.270,0,,,Other,2026-01-20 00:00:00.000
7374,101,2597,0.524,0,,,Other,2026-01-20 00:00:00.000
7375,101,2612,5.643,0,,,Other,2026-01-20 00:00:00.000
7376,101,2613,23.241,0,,,Other,2026-01-20 00:00:00.000
7377,101,2614,0,0,,,Other,2026-01-20 00:00:00.000
7378,101,2615,1.301,0,,,Other,2026-01-20 00:00:00.000
7379,101,2616,0,0,,,Other,2026-01-20 00:00:00.000
7380,101,2617,12.122,0,,,Other,2026-01-20 00:00:00.000
7381,101,2618,0,0,,,Other,2026-01-20 00:00:00.000
7382,101,2619,-1.221,0,,,Other,2026-01-20 00:00:00.000
7383,101,3078,0.792,0,,,Other,2026-01-20 00:00:00.000
7384,101,3079,15.271,0,,,Other,2026-01-20 00:00:00.000
7385,101,3080,17.850,0,,,Other,2026-01-20 00:00:00.000
7386,101,3081,0.792,0,,,Other,2026-01-20 00:00:00.000
7387,101,3082,15.061,0,,,Other,2026-01-20 00:00:00.000
7388,101,3083,0.792,0,,,Other,2026-01-20 00:00:00.000
7389,101,3084,1.620,0,,,Other,2026-01-20 00:00:00.000
7390,101,3085,32.472,0,,,Other,2026-01-20 00:00:00.000
7391,101,3086,31.726,0,,,Other,2026-01-20 00:00:00.000
7392,101,3089,5.577,0,,,Other,2026-01-20 00:00:00.000
7393,101,3090,5.774,0,,,Other,2026-01-20 00:00:00.000
7394,101,3091,0.075,0,,,Other,2026-01-20 00:00:00.000
7395,101,2632,0,0,,,Other,2026-01-20 00:00:00.000
7396,101,2633,-0.441,0,,,Other,2026-01-20 00:00:00.000
7397,101,2634,2.137,0,,,Other,2026-01-20 00:00:00.000
7398,101,2635,0,0,,,Other,2026-01-20 00:00:00.000
7399,101,2636,-0.652,0,,,Other,2026-01-20 00:00:00.000
7400,101,2637,0,0,,,Other,2026-01-20 00:00:00.000
7401,101,5026,0,0,,,Other,2026-01-20 00:00:00.000
7402,101,5075,80,0,,,Other,2026-01-20 00:00:00.000
7403,101,5076,80,0,,,Other,2026-01-20 00:00:00.000
7404,101,2482,0,0,,,Other,2026-01-20 00:00:00.000
7405,101,4042,1,0,,,Other,2026-01-20 00:00:00.000
7406,101,5105,672.420,0,,,Other,2026-01-20 00:00:00.000
7407,101,5106,0,0,,,Other,2026-01-20 00:00:00.000
7408,101,5107,584.152,0,,,Other,2026-01-20 00:00:00.000
7409,101,5108,381.775,0,,,Other,2026-01-20 00:00:00.000
7410,101,5109,162.929,0,,,Other,2026-01-20 00:00:00.000
7411,101,5100,4.700,0,,,Other,2026-01-20 00:00:00.000
7412,101,5101,4.801,0,,,Other,2026-01-20 00:00:00.000
7413,101,5102,4.995,0,,,Other,2026-01-20 00:00:00.000
7414,101,5103,4.708,0,,,Other,2026-01-20 00:00:00.000
7415,101,5104,6.289,0,,,Other,2026-01-20 00:00:00.000
7416,101,5632,17.309,0,,,Other,2026-01-20 00:00:00.000
7417,101,5633,11.890,0,,,Other,2026-01-20 00:00:00.000
7418,101,5661,67472.431,0,,,Other,2026-01-20 00:00:00.000
7419,101,5663,67472.431,0,,,Other,2026-01-20 00:00:00.000
7420,101,5679,0,0,,,Other,2026-01-20 00:00:00.000
7421,101,218,13.330,,,,Price_Inputs,2026-01-20 00:00:00.000
7422,101,219,2.040,,,,Price_Inputs,2026-01-20 00:00:00.000
7423,101,220,1.960,,,,Price_Inputs,2026-01-20 00:00:00.000
7424,101,223,72.760,,,,Plant_Parameter,2026-01-20 00:00:00.000
7425,101,2647,89.670,,,,Plant_Parameter,2026-01-20 00:00:00.000
7426,101,221,0.060,,,,Plant_Parameter,2026-01-20 00:00:00.000
7427,101,2645,0,,,,Plant_Parameter,2026-01-20 00:00:00.000
7428,101,1190,484.180,,,,Plant_Parameter,2026-01-20 00:00:00.000
7429,101,5288,0,,,,Plant_Parameter,2026-01-20 00:00:00.000
7430,101,5289,0,,,,Plant_Parameter,2026-01-20 00:00:00.000
7431,101,222,48.770,,,,Plant_Parameter,2026-01-20 00:00:00.000
7432,101,2646,88.270,,,,Plant_Parameter,2026-01-20 00:00:00.000
7433,101,1212,22.430,,,,Plant_Parameter,2026-01-20 00:00:00.000
7434,101,1213,44.110,,,,Plant_Parameter,2026-01-20 00:00:00.000
7435,101,426,100,,,,Plant_Parameter,2026-01-20 00:00:00.000
7436,102,235,,,false,true,Equipment,2026-01-20 00:00:00.000
7437,102,234,,,false,true,Equipment,2026-01-20 00:00:00.000
7438,102,237,,,false,true,Equipment,2026-01-20 00:00:00.000
7439,102,238,,,false,true,Equipment,2026-01-20 00:00:00.000
7440,102,245,,,false,true,Equipment,2026-01-20 00:00:00.000
7441,102,244,,,false,true,Equipment,2026-01-20 00:00:00.000
7442,102,247,,,false,true,Equipment,2026-01-20 00:00:00.000
7443,102,248,,,false,true,Equipment,2026-01-20 00:00:00.000
7444,102,252,,,false,true,Equipment,2026-01-20 00:00:00.000
7445,102,251,,,false,true,Equipment,2026-01-20 00:00:00.000
7446,102,62,,,false,true,Equipment,2026-01-20 00:00:00.000
7447,102,230,,,false,true,Equipment,2026-01-20 00:00:00.000
7448,102,231,,,false,true,Equipment,2026-01-20 00:00:00.000
7449,102,232,,,false,true,Equipment,2026-01-20 00:00:00.000
7450,102,233,,,false,true,Equipment,2026-01-20 00:00:00.000
7451,102,236,,,false,true,Equipment,2026-01-20 00:00:00.000
7452,102,239,,,false,true,Equipment,2026-01-20 00:00:00.000
7453,102,240,,,false,true,Equipment,2026-01-20 00:00:00.000
7454,102,241,,,false,true,Equipment,2026-01-20 00:00:00.000
7455,102,242,,,false,true,Equipment,2026-01-20 00:00:00.000
7456,102,243,,,false,true,Equipment,2026-01-20 00:00:00.000
7457,102,246,,,false,false,Equipment,2026-01-20 00:00:00.000
7458,102,249,,,false,true,Equipment,2026-01-20 00:00:00.000
7459,102,250,,,false,true,Equipment,2026-01-20 00:00:00.000
7460,102,58,,,false,true,Equipment,2026-01-20 00:00:00.000
7461,102,59,,,false,true,Equipment,2026-01-20 00:00:00.000
7462,102,60,,,false,true,Equipment,2026-01-20 00:00:00.000
7463,102,61,,,false,true,Equipment,2026-01-20 00:00:00.000
7464,102,253,,,false,false,Equipment,2026-01-20 00:00:00.000
7465,102,254,,,false,false,Equipment,2026-01-20 00:00:00.000
7466,102,353,16.605,0,,,Demand,2026-01-20 00:00:00.000
7467,102,22,0,0,,,Demand,2026-01-20 00:00:00.000
7468,102,23,90.166,0,,,Demand,2026-01-20 00:00:00.000
7469,102,177,179.617,0,,,Demand,2026-01-20 00:00:00.000
7470,102,199,6,0,,,Demand,2026-01-20 00:00:00.000
7471,102,152,1788.045,0,,,Demand,2026-01-20 00:00:00.000
7472,102,154,3705.345,0,,,Demand,2026-01-20 00:00:00.000
7473,102,155,0,0,,,Demand,2026-01-20 00:00:00.000
7474,102,156,22596.744,0,,,Demand,2026-01-20 00:00:00.000
7475,102,153,37582.297,0,,,Demand,2026-01-20 00:00:00.000
7476,102,2920,1800,0,,,Demand,2026-01-20 00:00:00.000
7477,102,2917,19915.015,0,,,Demand,2026-01-20 00:00:00.000
7478,102,374,11.403,0,,,Demand,2026-01-20 00:00:00.000
7479,102,411,3.451,0,,,Demand,2026-01-20 00:00:00.000
7480,102,12,0,0,,,Demand,2026-01-20 00:00:00.000
7481,102,13,0,0,,,Demand,2026-01-20 00:00:00.000
7482,102,14,0,0,,,Demand,2026-01-20 00:00:00.000
7483,102,2490,0,0,,,Demand,2026-01-20 00:00:00.000
7484,102,19,0,0,,,Demand,2026-01-20 00:00:00.000
7485,102,20,63.990,0,,,Demand,2026-01-20 00:00:00.000
7486,102,21,42.287,0,,,Demand,2026-01-20 00:00:00.000
7487,102,2638,1,0,,,Demand,2026-01-20 00:00:00.000
7488,102,18,61.172,0,,,Demand,2026-01-20 00:00:00.000
7489,102,15,0,0,,,Demand,2026-01-20 00:00:00.000
7490,102,16,73.079,0,,,Demand,2026-01-20 00:00:00.000
7491,102,17,55.850,0,,,Demand,2026-01-20 00:00:00.000
7492,102,226,535.855,0,,,Demand,2026-01-20 00:00:00.000
7493,102,3348,1,0,,,Other,2026-01-20 00:00:00.000
7494,102,5291,0,0,,,Other,2026-01-20 00:00:00.000
7495,102,5240,0,0,,,Other,2026-01-20 00:00:00.000
7496,102,5290,484.180,0,,,Other,2026-01-20 00:00:00.000
7497,102,5208,0,0,,,Other,2026-01-20 00:00:00.000
7498,102,5209,0,0,,,Other,2026-01-20 00:00:00.000
7499,102,5210,104.507,0,,,Other,2026-01-20 00:00:00.000
7500,102,5211,63.950,0,,,Other,2026-01-20 00:00:00.000
7501,102,5212,55.883,0,,,Other,2026-01-20 00:00:00.000
7502,102,5213,42.298,0,,,Other,2026-01-20 00:00:00.000
7503,102,5214,61.172,0,,,Other,2026-01-20 00:00:00.000
7504,102,5215,0,0,,,Other,2026-01-20 00:00:00.000
7505,102,203,336,0,,,Other,2026-01-20 00:00:00.000
7506,102,204,326,0,,,Other,2026-01-20 00:00:00.000
7507,102,205,15.435,0,,,Other,2026-01-20 00:00:00.000
7508,102,206,15.435,0,,,Other,2026-01-20 00:00:00.000
7509,102,207,11.270,0,,,Other,2026-01-20 00:00:00.000
7510,102,208,11.270,0,,,Other,2026-01-20 00:00:00.000
7511,102,209,12326,0,,,Other,2026-01-20 00:00:00.000
7512,102,210,350,0,,,Other,2026-01-20 00:00:00.000
7513,102,427,150,0,,,Other,2026-01-20 00:00:00.000
7514,102,428,150,0,,,Other,2026-01-20 00:00:00.000
7515,102,429,150,0,,,Other,2026-01-20 00:00:00.000
7516,102,430,150,0,,,Other,2026-01-20 00:00:00.000
7517,102,431,150,0,,,Other,2026-01-20 00:00:00.000
7518,102,432,0,0,,,Other,2026-01-20 00:00:00.000
7519,102,433,0,0,,,Other,2026-01-20 00:00:00.000
7520,102,434,0,0,,,Other,2026-01-20 00:00:00.000
7521,102,435,0,0,,,Other,2026-01-20 00:00:00.000
7522,102,1042,0,0,,,Other,2026-01-20 00:00:00.000
7523,102,1043,0.883,0,,,Other,2026-01-20 00:00:00.000
7524,102,1044,0.897,0,,,Other,2026-01-20 00:00:00.000
7525,102,1054,0,0,,,Other,2026-01-20 00:00:00.000
7526,102,389,1,0,,,Other,2026-01-20 00:00:00.000
7527,102,390,0,0,,,Other,2026-01-20 00:00:00.000
7528,102,391,1,0,,,Other,2026-01-20 00:00:00.000
7529,102,392,1,0,,,Other,2026-01-20 00:00:00.000
7530,102,393,1,0,,,Other,2026-01-20 00:00:00.000
7531,102,394,1,0,,,Other,2026-01-20 00:00:00.000
7532,102,5183,166.867,0,,,Other,2026-01-20 00:00:00.000
7533,102,5184,260.317,0,,,Other,2026-01-20 00:00:00.000
7534,102,5185,1287.119,0,,,Other,2026-01-20 00:00:00.000
7535,102,5186,46.552,0,,,Other,2026-01-20 00:00:00.000
7536,102,5187,172.653,0,,,Other,2026-01-20 00:00:00.000
7537,102,5188,433.069,0,,,Other,2026-01-20 00:00:00.000
7538,102,5189,8.080,0,,,Other,2026-01-20 00:00:00.000
7539,102,5190,20.926,0,,,Other,2026-01-20 00:00:00.000
7540,102,5191,-102.088,0,,,Other,2026-01-20 00:00:00.000
7541,102,5192,52.799,0,,,Other,2026-01-20 00:00:00.000
7542,102,5193,4.182,0,,,Other,2026-01-20 00:00:00.000
7543,102,3031,94.132,0,,,Other,2026-01-20 00:00:00.000
7544,102,504,507.447,0,,,Other,2026-01-20 00:00:00.000
7545,102,4876,54.258,0,,,Other,2026-01-20 00:00:00.000
7546,102,4871,429.606,0,,,Other,2026-01-20 00:00:00.000
7547,102,4870,247.103,0,,,Other,2026-01-20 00:00:00.000
7548,102,4929,49.184,0,,,Other,2026-01-20 00:00:00.000
7549,102,5195,912.485,0,,,Other,2026-01-20 00:00:00.000
7550,102,138,79.252,0,,,Other,2026-01-20 00:00:00.000
7551,102,1048,299.081,0,,,Other,2026-01-20 00:00:00.000
7552,102,1049,93.327,0,,,Other,2026-01-20 00:00:00.000
7553,102,1050,181.272,0,,,Other,2026-01-20 00:00:00.000
7554,102,1051,146.567,0,,,Other,2026-01-20 00:00:00.000
7555,102,1052,96.021,0,,,Other,2026-01-20 00:00:00.000
7556,102,2850,0,0,,,Other,2026-01-20 00:00:00.000
7557,102,5268,0,0,,,Other,2026-01-20 00:00:00.000
7558,102,5224,0,0,,,Other,2026-01-20 00:00:00.000
7559,102,1169,0,0,,,Other,2026-01-20 00:00:00.000
7560,102,1170,0,0,,,Other,2026-01-20 00:00:00.000
7561,102,5220,0,0,,,Other,2026-01-20 00:00:00.000
7562,102,5259,0,0,,,Other,2026-01-20 00:00:00.000
7563,102,5260,0,0,,,Other,2026-01-20 00:00:00.000
7564,102,3092,0,0,,,Other,2026-01-20 00:00:00.000
7565,102,2748,74.672,0,,,Other,2026-01-20 00:00:00.000
7566,102,5257,25.774,0,,,Other,2026-01-20 00:00:00.000
7567,102,5258,28.998,0,,,Other,2026-01-20 00:00:00.000
7568,102,5223,6.098,0,,,Other,2026-01-20 00:00:00.000
7569,102,1171,34.981,0,,,Other,2026-01-20 00:00:00.000
7570,102,1172,31.713,0,,,Other,2026-01-20 00:00:00.000
7571,102,5221,18.832,0,,,Other,2026-01-20 00:00:00.000
7572,102,5222,212.081,0,,,Other,2026-01-20 00:00:00.000
7573,102,3095,257.292,0,,,Other,2026-01-20 00:00:00.000
7574,102,2749,73.079,0,,,Other,2026-01-20 00:00:00.000
7575,102,3099,7.071,0,,,Other,2026-01-20 00:00:00.000
7576,102,3098,234.167,0,,,Other,2026-01-20 00:00:00.000
7577,102,149,90.226,0,,,Other,2026-01-20 00:00:00.000
7578,102,147,10.075,0,,,Other,2026-01-20 00:00:00.000
7579,102,5225,197.553,0,,,Other,2026-01-20 00:00:00.000
7580,102,1173,53.073,0,,,Other,2026-01-20 00:00:00.000
7581,102,1174,45.990,0,,,Other,2026-01-20 00:00:00.000
7582,102,5226,197.666,0,,,Other,2026-01-20 00:00:00.000
7583,102,2750,55.850,0,,,Other,2026-01-20 00:00:00.000
7584,102,1053,133.644,0,,,Other,2026-01-20 00:00:00.000
7585,102,229,452.854,0,,,Other,2026-01-20 00:00:00.000
7586,102,4788,4,0,,,Other,2026-01-20 00:00:00.000
7587,102,395,1,0,,,Other,2026-01-20 00:00:00.000
7588,102,425,452.854,0,,,Other,2026-01-20 00:00:00.000
7589,102,77,492.987,0,,,Other,2026-01-20 00:00:00.000
7590,102,1047,512.925,0,,,Other,2026-01-20 00:00:00.000
7591,102,403,98.500,0,,,Other,2026-01-20 00:00:00.000
7592,102,69,359.336,0,,,Other,2026-01-20 00:00:00.000
7593,102,70,0,0,,,Other,2026-01-20 00:00:00.000
7594,102,71,195.670,0,,,Other,2026-01-20 00:00:00.000
7595,102,72,160.256,0,,,Other,2026-01-20 00:00:00.000
7596,102,73,170.798,0,,,Other,2026-01-20 00:00:00.000
7597,102,74,0,0,,,Other,2026-01-20 00:00:00.000
7598,102,75,9.861,0,,,Other,2026-01-20 00:00:00.000
7599,102,76,13.486,0,,,Other,2026-01-20 00:00:00.000
7600,102,1151,5.991,0,,,Other,2026-01-20 00:00:00.000
7601,102,334,15000,0,,,Other,2026-01-20 00:00:00.000
7602,102,4043,93.793,0,,,Other,2026-01-20 00:00:00.000
7603,102,4044,93.874,0,,,Other,2026-01-20 00:00:00.000
7604,102,4045,94.002,0,,,Other,2026-01-20 00:00:00.000
7605,102,4046,94.213,0,,,Other,2026-01-20 00:00:00.000
7606,102,4047,94.070,0,,,Other,2026-01-20 00:00:00.000
7607,102,58,1,0,,,Other,2026-01-20 00:00:00.000
7608,102,59,1,0,,,Other,2026-01-20 00:00:00.000
7609,102,60,1,0,,,Other,2026-01-20 00:00:00.000
7610,102,61,1,0,,,Other,2026-01-20 00:00:00.000
7611,102,62,1,0,,,Other,2026-01-20 00:00:00.000
7612,102,166,14.542,0,,,Other,2026-01-20 00:00:00.000
7613,102,167,0,0,,,Other,2026-01-20 00:00:00.000
7614,102,168,11.244,0,,,Other,2026-01-20 00:00:00.000
7615,102,78,42.868,0,,,Other,2026-01-20 00:00:00.000
7616,102,169,4.378,0,,,Other,2026-01-20 00:00:00.000
7617,102,352,763.376,0,,,Other,2026-01-20 00:00:00.000
7618,102,5205,0,0,,,Other,2026-01-20 00:00:00.000
7619,102,5206,0.711,0,,,Other,2026-01-20 00:00:00.000
7620,102,5207,0.714,0,,,Other,2026-01-20 00:00:00.000
7621,102,5204,0.800,0,,,Other,2026-01-20 00:00:00.000
7622,102,225,848.617,0,,,Other,2026-01-20 00:00:00.000
7623,102,354,67472.431,0,,,Other,2026-01-20 00:00:00.000
7624,102,335,29.685,0,,,Other,2026-01-20 00:00:00.000
7625,102,3333,0,0,,,Other,2026-01-20 00:00:00.000
7626,102,3334,0,0,,,Other,2026-01-20 00:00:00.000
7627,102,2929,0,0,,,Other,2026-01-20 00:00:00.000
7628,102,2936,0,0,,,Other,2026-01-20 00:00:00.000
7629,102,2941,0,0,,,Other,2026-01-20 00:00:00.000
7630,102,2948,0,0,,,Other,2026-01-20 00:00:00.000
7631,102,2953,0,0,,,Other,2026-01-20 00:00:00.000
7632,102,2960,0,0,,,Other,2026-01-20 00:00:00.000
7633,102,5536,0,0,,,Other,2026-01-20 00:00:00.000
7634,102,3332,1,0,,,Other,2026-01-20 00:00:00.000
7635,102,4061,0,0,,,Other,2026-01-20 00:00:00.000
7636,102,4062,0,0,,,Other,2026-01-20 00:00:00.000
7637,102,4063,0,0,,,Other,2026-01-20 00:00:00.000
7638,102,4064,0,0,,,Other,2026-01-20 00:00:00.000
7639,102,4065,0,0,,,Other,2026-01-20 00:00:00.000
7640,102,4066,0,0,,,Other,2026-01-20 00:00:00.000
7641,102,4067,0,0,,,Other,2026-01-20 00:00:00.000
7642,102,4068,0,0,,,Other,2026-01-20 00:00:00.000
7643,102,4069,1,0,,,Other,2026-01-20 00:00:00.000
7644,102,4070,0,0,,,Other,2026-01-20 00:00:00.000
7645,102,4071,0,0,,,Other,2026-01-20 00:00:00.000
7646,102,4785,2.938,0,,,Other,2026-01-20 00:00:00.000
7647,102,4786,1,0,,,Other,2026-01-20 00:00:00.000
7648,102,5181,0,0,,,Other,2026-01-20 00:00:00.000
7649,102,5182,5,0,,,Other,2026-01-20 00:00:00.000
7650,102,4787,0,0,,,Other,2026-01-20 00:00:00.000
7651,102,4926,0,0,,,Other,2026-01-20 00:00:00.000
7652,102,278,5,0,,,Other,2026-01-20 00:00:00.000
7653,102,357,535.855,0,,,Other,2026-01-20 00:00:00.000
7654,102,5073,110,0,,,Other,2026-01-20 00:00:00.000
7655,102,5074,120,0,,,Other,2026-01-20 00:00:00.000
7656,102,4807,1,0,,,Other,2026-01-20 00:00:00.000
7657,102,276,3,0,,,Other,2026-01-20 00:00:00.000
7658,102,200,0,0,,,Other,2026-01-20 00:00:00.000
7659,102,1152,0,0,,,Other,2026-01-20 00:00:00.000
7660,102,1153,0,0,,,Other,2026-01-20 00:00:00.000
7661,102,3329,41.986,0,,,Other,2026-01-20 00:00:00.000
7662,102,1116,0,0,,,Other,2026-01-20 00:00:00.000
7663,102,1117,13,0,,,Other,2026-01-20 00:00:00.000
7664,102,1118,24,0,,,Other,2026-01-20 00:00:00.000
7665,102,1119,6,0,,,Other,2026-01-20 00:00:00.000
7666,102,1120,7,0,,,Other,2026-01-20 00:00:00.000
7667,102,405,0,0,,,Other,2026-01-20 00:00:00.000
7668,102,407,1.511,0,,,Other,2026-01-20 00:00:00.000
7669,102,409,0.002,0,,,Other,2026-01-20 00:00:00.000
7670,102,4073,1.513,0,,,Other,2026-01-20 00:00:00.000
7671,102,4076,0.300,0,,,Other,2026-01-20 00:00:00.000
7672,102,406,0,0,,,Other,2026-01-20 00:00:00.000
7673,102,408,0.827,0,,,Other,2026-01-20 00:00:00.000
7674,102,410,0,0,,,Other,2026-01-20 00:00:00.000
7675,102,412,0,0,,,Other,2026-01-20 00:00:00.000
7676,102,4077,0.827,0,,,Other,2026-01-20 00:00:00.000
7677,102,1114,45,0,,,Other,2026-01-20 00:00:00.000
7678,102,1115,3.500,0,,,Other,2026-01-20 00:00:00.000
7679,102,396,3.500,0,,,Other,2026-01-20 00:00:00.000
7680,102,397,0,0,,,Other,2026-01-20 00:00:00.000
7681,102,398,13,0,,,Other,2026-01-20 00:00:00.000
7682,102,399,24,0,,,Other,2026-01-20 00:00:00.000
7683,102,400,6,0,,,Other,2026-01-20 00:00:00.000
7684,102,401,7,0,,,Other,2026-01-20 00:00:00.000
7685,102,4079,53.500,0,,,Other,2026-01-20 00:00:00.000
7686,102,4080,45,0,,,Other,2026-01-20 00:00:00.000
7687,102,418,15.841,0,,,Other,2026-01-20 00:00:00.000
7688,102,5196,87402.148,0,,,Other,2026-01-20 00:00:00.000
7689,102,5197,13635.576,0,,,Other,2026-01-20 00:00:00.000
7690,102,5216,10,0,,,Other,2026-01-20 00:00:00.000
7691,102,5292,0,0,,,Other,2026-01-20 00:00:00.000
7692,102,5293,1,0,,,Other,2026-01-20 00:00:00.000
7693,102,5294,0,0,,,Other,2026-01-20 00:00:00.000
7694,102,5295,1,0,,,Other,2026-01-20 00:00:00.000
7695,102,5539,1,0,,,Other,2026-01-20 00:00:00.000
7696,102,5540,1,0,,,Other,2026-01-20 00:00:00.000
7697,102,5541,1,0,,,Other,2026-01-20 00:00:00.000
7698,102,5542,1,0,,,Other,2026-01-20 00:00:00.000
7699,102,5543,1,0,,,Other,2026-01-20 00:00:00.000
7700,102,5570,0,0,,,Other,2026-01-20 00:00:00.000
7701,102,5571,4.849,0,,,Other,2026-01-20 00:00:00.000
7702,102,5572,0,0,,,Other,2026-01-20 00:00:00.000
7703,102,5573,4.180,0,,,Other,2026-01-20 00:00:00.000
7704,102,5579,0,0,,,Other,2026-01-20 00:00:00.000
7705,102,5580,0,0,,,Other,2026-01-20 00:00:00.000
7706,102,5581,0,0,,,Other,2026-01-20 00:00:00.000
7707,102,5582,0.691,0,,,Other,2026-01-20 00:00:00.000
7708,102,5583,0,0,,,Other,2026-01-20 00:00:00.000
7709,102,5584,0,0,,,Other,2026-01-20 00:00:00.000
7710,102,5585,0,0,,,Other,2026-01-20 00:00:00.000
7711,102,5586,0,0,,,Other,2026-01-20 00:00:00.000
7712,102,5587,0,0,,,Other,2026-01-20 00:00:00.000
7713,102,5588,0,0,,,Other,2026-01-20 00:00:00.000
7714,102,5589,0,0,,,Other,2026-01-20 00:00:00.000
7715,102,5590,0,0,,,Other,2026-01-20 00:00:00.000
7716,102,5591,0,0,,,Other,2026-01-20 00:00:00.000
7717,102,5592,0,0,,,Other,2026-01-20 00:00:00.000
7718,102,5593,0,0,,,Other,2026-01-20 00:00:00.000
7719,102,5594,0,0,,,Other,2026-01-20 00:00:00.000
7720,102,5595,0,0,,,Other,2026-01-20 00:00:00.000
7721,102,5596,0,0,,,Other,2026-01-20 00:00:00.000
7722,102,5597,0,0,,,Other,2026-01-20 00:00:00.000
7723,102,5598,0,0,,,Other,2026-01-20 00:00:00.000
7724,102,5599,0,0,,,Other,2026-01-20 00:00:00.000
7725,102,5600,0,0,,,Other,2026-01-20 00:00:00.000
7726,102,5606,0,0,,,Other,2026-01-20 00:00:00.000
7727,102,2626,0.792,0,,,Other,2026-01-20 00:00:00.000
7728,102,2627,15.713,0,,,Other,2026-01-20 00:00:00.000
7729,102,2628,15.713,0,,,Other,2026-01-20 00:00:00.000
7730,102,2629,0.792,0,,,Other,2026-01-20 00:00:00.000
7731,102,2630,15.713,0,,,Other,2026-01-20 00:00:00.000
7732,102,2631,0.792,0,,,Other,2026-01-20 00:00:00.000
7733,102,2598,34.200,0,,,Other,2026-01-20 00:00:00.000
7734,102,2599,34.200,0,,,Other,2026-01-20 00:00:00.000
7735,102,2600,0,0,,,Other,2026-01-20 00:00:00.000
7736,102,2601,2.295,0,,,Other,2026-01-20 00:00:00.000
7737,102,2602,2.295,0,,,Other,2026-01-20 00:00:00.000
7738,102,2603,2.295,0,,,Other,2026-01-20 00:00:00.000
7739,102,2604,34.200,0,,,Other,2026-01-20 00:00:00.000
7740,102,2605,0.827,0,,,Other,2026-01-20 00:00:00.000
7741,102,2606,0.858,0,,,Other,2026-01-20 00:00:00.000
7742,102,2607,0,0,,,Other,2026-01-20 00:00:00.000
7743,102,2608,0,0,,,Other,2026-01-20 00:00:00.000
7744,102,2609,0,0,,,Other,2026-01-20 00:00:00.000
7745,102,2610,0,0,,,Other,2026-01-20 00:00:00.000
7746,102,2611,5.191,0,,,Other,2026-01-20 00:00:00.000
7747,102,2620,5.577,0,,,Other,2026-01-20 00:00:00.000
7748,102,2622,5.577,0,,,Other,2026-01-20 00:00:00.000
7749,102,2621,0.075,0,,,Other,2026-01-20 00:00:00.000
7750,102,2623,0,0,,,Other,2026-01-20 00:00:00.000
7751,102,2625,0.197,0,,,Other,2026-01-20 00:00:00.000
7752,102,2624,0,0,,,Other,2026-01-20 00:00:00.000
7753,102,2595,0,0,,,Other,2026-01-20 00:00:00.000
7754,102,2596,1.270,0,,,Other,2026-01-20 00:00:00.000
7755,102,2597,0.524,0,,,Other,2026-01-20 00:00:00.000
7756,102,2612,5.643,0,,,Other,2026-01-20 00:00:00.000
7757,102,2613,23.241,0,,,Other,2026-01-20 00:00:00.000
7758,102,2614,0,0,,,Other,2026-01-20 00:00:00.000
7759,102,2615,1.301,0,,,Other,2026-01-20 00:00:00.000
7760,102,2616,0,0,,,Other,2026-01-20 00:00:00.000
7761,102,2617,12.122,0,,,Other,2026-01-20 00:00:00.000
7762,102,2618,0,0,,,Other,2026-01-20 00:00:00.000
7763,102,2619,-1.221,0,,,Other,2026-01-20 00:00:00.000
7764,102,3078,0.792,0,,,Other,2026-01-20 00:00:00.000
7765,102,3079,15.271,0,,,Other,2026-01-20 00:00:00.000
7766,102,3080,17.850,0,,,Other,2026-01-20 00:00:00.000
7767,102,3081,0.792,0,,,Other,2026-01-20 00:00:00.000
7768,102,3082,15.061,0,,,Other,2026-01-20 00:00:00.000
7769,102,3083,0.792,0,,,Other,2026-01-20 00:00:00.000
7770,102,3084,1.620,0,,,Other,2026-01-20 00:00:00.000
7771,102,3085,32.472,0,,,Other,2026-01-20 00:00:00.000
7772,102,3086,31.726,0,,,Other,2026-01-20 00:00:00.000
7773,102,3089,5.577,0,,,Other,2026-01-20 00:00:00.000
7774,102,3090,5.774,0,,,Other,2026-01-20 00:00:00.000
7775,102,3091,0.075,0,,,Other,2026-01-20 00:00:00.000
7776,102,2632,0,0,,,Other,2026-01-20 00:00:00.000
7777,102,2633,-0.441,0,,,Other,2026-01-20 00:00:00.000
7778,102,2634,2.137,0,,,Other,2026-01-20 00:00:00.000
7779,102,2635,0,0,,,Other,2026-01-20 00:00:00.000
7780,102,2636,-0.652,0,,,Other,2026-01-20 00:00:00.000
7781,102,2637,0,0,,,Other,2026-01-20 00:00:00.000
7782,102,5026,0,0,,,Other,2026-01-20 00:00:00.000
7783,102,5075,80,0,,,Other,2026-01-20 00:00:00.000
7784,102,5076,80,0,,,Other,2026-01-20 00:00:00.000
7785,102,2482,0,0,,,Other,2026-01-20 00:00:00.000
7786,102,4042,1,0,,,Other,2026-01-20 00:00:00.000
7787,102,5105,672.420,0,,,Other,2026-01-20 00:00:00.000
7788,102,5106,0,0,,,Other,2026-01-20 00:00:00.000
7789,102,5107,584.152,0,,,Other,2026-01-20 00:00:00.000
7790,102,5108,381.775,0,,,Other,2026-01-20 00:00:00.000
7791,102,5109,162.929,0,,,Other,2026-01-20 00:00:00.000
7792,102,5100,4.700,0,,,Other,2026-01-20 00:00:00.000
7793,102,5101,4.801,0,,,Other,2026-01-20 00:00:00.000
7794,102,5102,4.995,0,,,Other,2026-01-20 00:00:00.000
7795,102,5103,4.708,0,,,Other,2026-01-20 00:00:00.000
7796,102,5104,6.289,0,,,Other,2026-01-20 00:00:00.000
7797,102,5632,17.309,0,,,Other,2026-01-20 00:00:00.000
7798,102,5633,11.890,0,,,Other,2026-01-20 00:00:00.000
7799,102,5661,67472.431,0,,,Other,2026-01-20 00:00:00.000
7800,102,5663,67472.431,0,,,Other,2026-01-20 00:00:00.000
7801,102,5679,0,0,,,Other,2026-01-20 00:00:00.000
7802,102,218,13.330,,,,Price_Inputs,2026-01-20 00:00:00.000
7803,102,219,2.040,,,,Price_Inputs,2026-01-20 00:00:00.000
7804,102,220,1.960,,,,Price_Inputs,2026-01-20 00:00:00.000
7805,102,223,72.760,,,,Plant_Parameter,2026-01-20 00:00:00.000
7806,102,2647,89.670,,,,Plant_Parameter,2026-01-20 00:00:00.000
7807,102,221,0.060,,,,Plant_Parameter,2026-01-20 00:00:00.000
7808,102,2645,0,,,,Plant_Parameter,2026-01-20 00:00:00.000
7809,102,1190,484.180,,,,Plant_Parameter,2026-01-20 00:00:00.000
7810,102,5288,0,,,,Plant_Parameter,2026-01-20 00:00:00.000
7811,102,5289,0,,,,Plant_Parameter,2026-01-20 00:00:00.000
7812,102,222,48.770,,,,Plant_Parameter,2026-01-20 00:00:00.000
7813,102,2646,88.270,,,,Plant_Parameter,2026-01-20 00:00:00.000
7814,102,1212,22.430,,,,Plant_Parameter,2026-01-20 00:00:00.000
7815,102,1213,44.110,,,,Plant_Parameter,2026-01-20 00:00:00.000
7816,102,426,100,,,,Plant_Parameter,2026-01-20 00:00:00.000
7817,104,235,,,false,true,Equipment,2026-01-20 00:00:00.000
7818,104,234,,,false,true,Equipment,2026-01-20 00:00:00.000
7819,104,237,,,false,true,Equipment,2026-01-20 00:00:00.000
7820,104,238,,,false,true,Equipment,2026-01-20 00:00:00.000
7821,104,245,,,false,true,Equipment,2026-01-20 00:00:00.000
7822,104,244,,,false,true,Equipment,2026-01-20 00:00:00.000
7823,104,247,,,false,true,Equipment,2026-01-20 00:00:00.000
7824,104,248,,,false,true,Equipment,2026-01-20 00:00:00.000
7825,104,252,,,false,true,Equipment,2026-01-20 00:00:00.000
7826,104,251,,,false,true,Equipment,2026-01-20 00:00:00.000
7827,104,62,,,false,true,Equipment,2026-01-20 00:00:00.000
7828,104,230,,,false,true,Equipment,2026-01-20 00:00:00.000
7829,104,231,,,false,true,Equipment,2026-01-20 00:00:00.000
7830,104,232,,,false,true,Equipment,2026-01-20 00:00:00.000
7831,104,233,,,false,true,Equipment,2026-01-20 00:00:00.000
7832,104,236,,,false,true,Equipment,2026-01-20 00:00:00.000
7833,104,239,,,false,true,Equipment,2026-01-20 00:00:00.000
7834,104,240,,,false,true,Equipment,2026-01-20 00:00:00.000
7835,104,241,,,false,true,Equipment,2026-01-20 00:00:00.000
7836,104,242,,,false,true,Equipment,2026-01-20 00:00:00.000
7837,104,243,,,false,true,Equipment,2026-01-20 00:00:00.000
7838,104,246,,,false,false,Equipment,2026-01-20 00:00:00.000
7839,104,249,,,false,true,Equipment,2026-01-20 00:00:00.000
7840,104,250,,,false,true,Equipment,2026-01-20 00:00:00.000
7841,104,58,,,false,true,Equipment,2026-01-20 00:00:00.000
7842,104,59,,,false,true,Equipment,2026-01-20 00:00:00.000
7843,104,60,,,false,true,Equipment,2026-01-20 00:00:00.000
7844,104,61,,,false,true,Equipment,2026-01-20 00:00:00.000
7845,104,253,,,false,false,Equipment,2026-01-20 00:00:00.000
7846,104,254,,,false,false,Equipment,2026-01-20 00:00:00.000
7847,104,353,16.605,0,,,Demand,2026-01-20 00:00:00.000
7848,104,22,0,0,,,Demand,2026-01-20 00:00:00.000
7849,104,23,90.166,0,,,Demand,2026-01-20 00:00:00.000
7850,104,177,179.617,0,,,Demand,2026-01-20 00:00:00.000
7851,104,199,6,0,,,Demand,2026-01-20 00:00:00.000
7852,104,152,1788.045,0,,,Demand,2026-01-20 00:00:00.000
7853,104,154,3705.345,0,,,Demand,2026-01-20 00:00:00.000
7854,104,155,0,0,,,Demand,2026-01-20 00:00:00.000
7855,104,156,22596.744,0,,,Demand,2026-01-20 00:00:00.000
7856,104,153,37582.297,0,,,Demand,2026-01-20 00:00:00.000
7857,104,2920,1800,0,,,Demand,2026-01-20 00:00:00.000
7858,104,2917,19915.015,0,,,Demand,2026-01-20 00:00:00.000
7859,104,374,11.403,0,,,Demand,2026-01-20 00:00:00.000
7860,104,411,3.451,0,,,Demand,2026-01-20 00:00:00.000
7861,104,12,0,0,,,Demand,2026-01-20 00:00:00.000
7862,104,13,0,0,,,Demand,2026-01-20 00:00:00.000
7863,104,14,0,0,,,Demand,2026-01-20 00:00:00.000
7864,104,2490,0,0,,,Demand,2026-01-20 00:00:00.000
7865,104,19,0,0,,,Demand,2026-01-20 00:00:00.000
7866,104,20,63.990,0,,,Demand,2026-01-20 00:00:00.000
7867,104,21,42.287,0,,,Demand,2026-01-20 00:00:00.000
7868,104,2638,1,0,,,Demand,2026-01-20 00:00:00.000
7869,104,18,61.172,0,,,Demand,2026-01-20 00:00:00.000
7870,104,15,0,0,,,Demand,2026-01-20 00:00:00.000
7871,104,16,73.079,0,,,Demand,2026-01-20 00:00:00.000
7872,104,17,55.850,0,,,Demand,2026-01-20 00:00:00.000
7873,104,226,535.855,0,,,Demand,2026-01-20 00:00:00.000
7874,104,3348,1,0,,,Other,2026-01-20 00:00:00.000
7875,104,5291,0,0,,,Other,2026-01-20 00:00:00.000
7876,104,5240,0,0,,,Other,2026-01-20 00:00:00.000
7877,104,5290,484.180,0,,,Other,2026-01-20 00:00:00.000
7878,104,5208,0,0,,,Other,2026-01-20 00:00:00.000
7879,104,5209,0,0,,,Other,2026-01-20 00:00:00.000
7880,104,5210,104.507,0,,,Other,2026-01-20 00:00:00.000
7881,104,5211,63.950,0,,,Other,2026-01-20 00:00:00.000
7882,104,5212,55.883,0,,,Other,2026-01-20 00:00:00.000
7883,104,5213,42.298,0,,,Other,2026-01-20 00:00:00.000
7884,104,5214,61.172,0,,,Other,2026-01-20 00:00:00.000
7885,104,5215,0,0,,,Other,2026-01-20 00:00:00.000
7886,104,203,336,0,,,Other,2026-01-20 00:00:00.000
7887,104,204,326,0,,,Other,2026-01-20 00:00:00.000
7888,104,205,15.435,0,,,Other,2026-01-20 00:00:00.000
7889,104,206,15.435,0,,,Other,2026-01-20 00:00:00.000
7890,104,207,11.270,0,,,Other,2026-01-20 00:00:00.000
7891,104,208,11.270,0,,,Other,2026-01-20 00:00:00.000
7892,104,209,12326,0,,,Other,2026-01-20 00:00:00.000
7893,104,210,350,0,,,Other,2026-01-20 00:00:00.000
7894,104,427,150,0,,,Other,2026-01-20 00:00:00.000
7895,104,428,150,0,,,Other,2026-01-20 00:00:00.000
7896,104,429,150,0,,,Other,2026-01-20 00:00:00.000
7897,104,430,150,0,,,Other,2026-01-20 00:00:00.000
7898,104,431,150,0,,,Other,2026-01-20 00:00:00.000
7899,104,432,0,0,,,Other,2026-01-20 00:00:00.000
7900,104,433,0,0,,,Other,2026-01-20 00:00:00.000
7901,104,434,0,0,,,Other,2026-01-20 00:00:00.000
7902,104,435,0,0,,,Other,2026-01-20 00:00:00.000
7903,104,1042,0,0,,,Other,2026-01-20 00:00:00.000
7904,104,1043,0.883,0,,,Other,2026-01-20 00:00:00.000
7905,104,1044,0.897,0,,,Other,2026-01-20 00:00:00.000
7906,104,1054,0,0,,,Other,2026-01-20 00:00:00.000
7907,104,389,1,0,,,Other,2026-01-20 00:00:00.000
7908,104,390,0,0,,,Other,2026-01-20 00:00:00.000
7909,104,391,1,0,,,Other,2026-01-20 00:00:00.000
7910,104,392,1,0,,,Other,2026-01-20 00:00:00.000
7911,104,393,1,0,,,Other,2026-01-20 00:00:00.000
7912,104,394,1,0,,,Other,2026-01-20 00:00:00.000
7913,104,5183,166.867,0,,,Other,2026-01-20 00:00:00.000
7914,104,5184,260.317,0,,,Other,2026-01-20 00:00:00.000
7915,104,5185,1287.119,0,,,Other,2026-01-20 00:00:00.000
7916,104,5186,46.552,0,,,Other,2026-01-20 00:00:00.000
7917,104,5187,172.653,0,,,Other,2026-01-20 00:00:00.000
7918,104,5188,433.069,0,,,Other,2026-01-20 00:00:00.000
7919,104,5189,8.080,0,,,Other,2026-01-20 00:00:00.000
7920,104,5190,20.926,0,,,Other,2026-01-20 00:00:00.000
7921,104,5191,-102.088,0,,,Other,2026-01-20 00:00:00.000
7922,104,5192,52.799,0,,,Other,2026-01-20 00:00:00.000
7923,104,5193,4.182,0,,,Other,2026-01-20 00:00:00.000
7924,104,3031,94.132,0,,,Other,2026-01-20 00:00:00.000
7925,104,504,507.447,0,,,Other,2026-01-20 00:00:00.000
7926,104,4876,54.258,0,,,Other,2026-01-20 00:00:00.000
7927,104,4871,429.606,0,,,Other,2026-01-20 00:00:00.000
7928,104,4870,247.103,0,,,Other,2026-01-20 00:00:00.000
7929,104,4929,49.184,0,,,Other,2026-01-20 00:00:00.000
7930,104,5195,912.485,0,,,Other,2026-01-20 00:00:00.000
7931,104,138,79.252,0,,,Other,2026-01-20 00:00:00.000
7932,104,1048,299.081,0,,,Other,2026-01-20 00:00:00.000
7933,104,1049,93.327,0,,,Other,2026-01-20 00:00:00.000
7934,104,1050,181.272,0,,,Other,2026-01-20 00:00:00.000
7935,104,1051,146.567,0,,,Other,2026-01-20 00:00:00.000
7936,104,1052,96.021,0,,,Other,2026-01-20 00:00:00.000
7937,104,2850,0,0,,,Other,2026-01-20 00:00:00.000
7938,104,5268,0,0,,,Other,2026-01-20 00:00:00.000
7939,104,5224,0,0,,,Other,2026-01-20 00:00:00.000
7940,104,1169,0,0,,,Other,2026-01-20 00:00:00.000
7941,104,1170,0,0,,,Other,2026-01-20 00:00:00.000
7942,104,5220,0,0,,,Other,2026-01-20 00:00:00.000
7943,104,5259,0,0,,,Other,2026-01-20 00:00:00.000
7944,104,5260,0,0,,,Other,2026-01-20 00:00:00.000
7945,104,3092,0,0,,,Other,2026-01-20 00:00:00.000
7946,104,2748,74.672,0,,,Other,2026-01-20 00:00:00.000
7947,104,5257,25.774,0,,,Other,2026-01-20 00:00:00.000
7948,104,5258,28.998,0,,,Other,2026-01-20 00:00:00.000
7949,104,5223,6.098,0,,,Other,2026-01-20 00:00:00.000
7950,104,1171,34.981,0,,,Other,2026-01-20 00:00:00.000
7951,104,1172,31.713,0,,,Other,2026-01-20 00:00:00.000
7952,104,5221,18.832,0,,,Other,2026-01-20 00:00:00.000
7953,104,5222,212.081,0,,,Other,2026-01-20 00:00:00.000
7954,104,3095,257.292,0,,,Other,2026-01-20 00:00:00.000
7955,104,2749,73.079,0,,,Other,2026-01-20 00:00:00.000
7956,104,3099,7.071,0,,,Other,2026-01-20 00:00:00.000
7957,104,3098,234.167,0,,,Other,2026-01-20 00:00:00.000
7958,104,149,90.226,0,,,Other,2026-01-20 00:00:00.000
7959,104,147,10.075,0,,,Other,2026-01-20 00:00:00.000
7960,104,5225,197.553,0,,,Other,2026-01-20 00:00:00.000
7961,104,1173,53.073,0,,,Other,2026-01-20 00:00:00.000
7962,104,1174,45.990,0,,,Other,2026-01-20 00:00:00.000
7963,104,5226,197.666,0,,,Other,2026-01-20 00:00:00.000
7964,104,2750,55.850,0,,,Other,2026-01-20 00:00:00.000
7965,104,1053,133.644,0,,,Other,2026-01-20 00:00:00.000
7966,104,229,452.854,0,,,Other,2026-01-20 00:00:00.000
7967,104,4788,4,0,,,Other,2026-01-20 00:00:00.000
7968,104,395,1,0,,,Other,2026-01-20 00:00:00.000
7969,104,425,452.854,0,,,Other,2026-01-20 00:00:00.000
7970,104,77,492.987,0,,,Other,2026-01-20 00:00:00.000
7971,104,1047,512.925,0,,,Other,2026-01-20 00:00:00.000
7972,104,403,98.500,0,,,Other,2026-01-20 00:00:00.000
7973,104,69,359.336,0,,,Other,2026-01-20 00:00:00.000
7974,104,70,0,0,,,Other,2026-01-20 00:00:00.000
7975,104,71,195.670,0,,,Other,2026-01-20 00:00:00.000
7976,104,72,160.256,0,,,Other,2026-01-20 00:00:00.000
7977,104,73,170.798,0,,,Other,2026-01-20 00:00:00.000
7978,104,74,0,0,,,Other,2026-01-20 00:00:00.000
7979,104,75,9.861,0,,,Other,2026-01-20 00:00:00.000
7980,104,76,13.486,0,,,Other,2026-01-20 00:00:00.000
7981,104,1151,5.991,0,,,Other,2026-01-20 00:00:00.000
7982,104,334,15000,0,,,Other,2026-01-20 00:00:00.000
7983,104,4043,93.793,0,,,Other,2026-01-20 00:00:00.000
7984,104,4044,93.874,0,,,Other,2026-01-20 00:00:00.000
7985,104,4045,94.002,0,,,Other,2026-01-20 00:00:00.000
7986,104,4046,94.213,0,,,Other,2026-01-20 00:00:00.000
7987,104,4047,94.070,0,,,Other,2026-01-20 00:00:00.000
7988,104,58,1,0,,,Other,2026-01-20 00:00:00.000
7989,104,59,1,0,,,Other,2026-01-20 00:00:00.000
7990,104,60,1,0,,,Other,2026-01-20 00:00:00.000
7991,104,61,1,0,,,Other,2026-01-20 00:00:00.000
7992,104,62,1,0,,,Other,2026-01-20 00:00:00.000
7993,104,166,14.542,0,,,Other,2026-01-20 00:00:00.000
7994,104,167,0,0,,,Other,2026-01-20 00:00:00.000
7995,104,168,11.244,0,,,Other,2026-01-20 00:00:00.000
7996,104,78,42.868,0,,,Other,2026-01-20 00:00:00.000
7997,104,169,4.378,0,,,Other,2026-01-20 00:00:00.000
7998,104,352,763.376,0,,,Other,2026-01-20 00:00:00.000
7999,104,5205,0,0,,,Other,2026-01-20 00:00:00.000
8000,104,5206,0.711,0,,,Other,2026-01-20 00:00:00.000
8001,104,5207,0.714,0,,,Other,2026-01-20 00:00:00.000
8002,104,5204,0.800,0,,,Other,2026-01-20 00:00:00.000
8003,104,225,848.617,0,,,Other,2026-01-20 00:00:00.000
8004,104,354,67472.431,0,,,Other,2026-01-20 00:00:00.000
8005,104,335,29.685,0,,,Other,2026-01-20 00:00:00.000
8006,104,3333,0,0,,,Other,2026-01-20 00:00:00.000
8007,104,3334,0,0,,,Other,2026-01-20 00:00:00.000
8008,104,2929,0,0,,,Other,2026-01-20 00:00:00.000
8009,104,2936,0,0,,,Other,2026-01-20 00:00:00.000
8010,104,2941,0,0,,,Other,2026-01-20 00:00:00.000
8011,104,2948,0,0,,,Other,2026-01-20 00:00:00.000
8012,104,2953,0,0,,,Other,2026-01-20 00:00:00.000
8013,104,2960,0,0,,,Other,2026-01-20 00:00:00.000
8014,104,5536,0,0,,,Other,2026-01-20 00:00:00.000
8015,104,3332,1,0,,,Other,2026-01-20 00:00:00.000
8016,104,4061,0,0,,,Other,2026-01-20 00:00:00.000
8017,104,4062,0,0,,,Other,2026-01-20 00:00:00.000
8018,104,4063,0,0,,,Other,2026-01-20 00:00:00.000
8019,104,4064,0,0,,,Other,2026-01-20 00:00:00.000
8020,104,4065,0,0,,,Other,2026-01-20 00:00:00.000
8021,104,4066,0,0,,,Other,2026-01-20 00:00:00.000
8022,104,4067,0,0,,,Other,2026-01-20 00:00:00.000
8023,104,4068,0,0,,,Other,2026-01-20 00:00:00.000
8024,104,4069,1,0,,,Other,2026-01-20 00:00:00.000
8025,104,4070,0,0,,,Other,2026-01-20 00:00:00.000
8026,104,4071,0,0,,,Other,2026-01-20 00:00:00.000
8027,104,4785,2.938,0,,,Other,2026-01-20 00:00:00.000
8028,104,4786,1,0,,,Other,2026-01-20 00:00:00.000
8029,104,5181,0,0,,,Other,2026-01-20 00:00:00.000
8030,104,5182,5,0,,,Other,2026-01-20 00:00:00.000
8031,104,4787,0,0,,,Other,2026-01-20 00:00:00.000
8032,104,4926,0,0,,,Other,2026-01-20 00:00:00.000
8033,104,278,5,0,,,Other,2026-01-20 00:00:00.000
8034,104,357,535.855,0,,,Other,2026-01-20 00:00:00.000
8035,104,5073,110,0,,,Other,2026-01-20 00:00:00.000
8036,104,5074,120,0,,,Other,2026-01-20 00:00:00.000
8037,104,4807,1,0,,,Other,2026-01-20 00:00:00.000
8038,104,276,3,0,,,Other,2026-01-20 00:00:00.000
8039,104,200,0,0,,,Other,2026-01-20 00:00:00.000
8040,104,1152,0,0,,,Other,2026-01-20 00:00:00.000
8041,104,1153,0,0,,,Other,2026-01-20 00:00:00.000
8042,104,3329,41.986,0,,,Other,2026-01-20 00:00:00.000
8043,104,1116,0,0,,,Other,2026-01-20 00:00:00.000
8044,104,1117,13,0,,,Other,2026-01-20 00:00:00.000
8045,104,1118,24,0,,,Other,2026-01-20 00:00:00.000
8046,104,1119,6,0,,,Other,2026-01-20 00:00:00.000
8047,104,1120,7,0,,,Other,2026-01-20 00:00:00.000
8048,104,405,0,0,,,Other,2026-01-20 00:00:00.000
8049,104,407,1.511,0,,,Other,2026-01-20 00:00:00.000
8050,104,409,0.002,0,,,Other,2026-01-20 00:00:00.000
8051,104,4073,1.513,0,,,Other,2026-01-20 00:00:00.000
8052,104,4076,0.300,0,,,Other,2026-01-20 00:00:00.000
8053,104,406,0,0,,,Other,2026-01-20 00:00:00.000
8054,104,408,0.827,0,,,Other,2026-01-20 00:00:00.000
8055,104,410,0,0,,,Other,2026-01-20 00:00:00.000
8056,104,412,0,0,,,Other,2026-01-20 00:00:00.000
8057,104,4077,0.827,0,,,Other,2026-01-20 00:00:00.000
8058,104,1114,45,0,,,Other,2026-01-20 00:00:00.000
8059,104,1115,3.500,0,,,Other,2026-01-20 00:00:00.000
8060,104,396,3.500,0,,,Other,2026-01-20 00:00:00.000
8061,104,397,0,0,,,Other,2026-01-20 00:00:00.000
8062,104,398,13,0,,,Other,2026-01-20 00:00:00.000
8063,104,399,24,0,,,Other,2026-01-20 00:00:00.000
8064,104,400,6,0,,,Other,2026-01-20 00:00:00.000
8065,104,401,7,0,,,Other,2026-01-20 00:00:00.000
8066,104,4079,53.500,0,,,Other,2026-01-20 00:00:00.000
8067,104,4080,45,0,,,Other,2026-01-20 00:00:00.000
8068,104,418,15.841,0,,,Other,2026-01-20 00:00:00.000
8069,104,5196,87402.148,0,,,Other,2026-01-20 00:00:00.000
8070,104,5197,13635.576,0,,,Other,2026-01-20 00:00:00.000
8071,104,5216,10,0,,,Other,2026-01-20 00:00:00.000
8072,104,5292,0,0,,,Other,2026-01-20 00:00:00.000
8073,104,5293,1,0,,,Other,2026-01-20 00:00:00.000
8074,104,5294,0,0,,,Other,2026-01-20 00:00:00.000
8075,104,5295,1,0,,,Other,2026-01-20 00:00:00.000
8076,104,5539,1,0,,,Other,2026-01-20 00:00:00.000
8077,104,5540,1,0,,,Other,2026-01-20 00:00:00.000
8078,104,5541,1,0,,,Other,2026-01-20 00:00:00.000
8079,104,5542,1,0,,,Other,2026-01-20 00:00:00.000
8080,104,5543,1,0,,,Other,2026-01-20 00:00:00.000
8081,104,5570,0,0,,,Other,2026-01-20 00:00:00.000
8082,104,5571,4.849,0,,,Other,2026-01-20 00:00:00.000
8083,104,5572,0,0,,,Other,2026-01-20 00:00:00.000
8084,104,5573,4.180,0,,,Other,2026-01-20 00:00:00.000
8085,104,5579,0,0,,,Other,2026-01-20 00:00:00.000
8086,104,5580,0,0,,,Other,2026-01-20 00:00:00.000
8087,104,5581,0,0,,,Other,2026-01-20 00:00:00.000
8088,104,5582,0.691,0,,,Other,2026-01-20 00:00:00.000
8089,104,5583,0,0,,,Other,2026-01-20 00:00:00.000
8090,104,5584,0,0,,,Other,2026-01-20 00:00:00.000
8091,104,5585,0,0,,,Other,2026-01-20 00:00:00.000
8092,104,5586,0,0,,,Other,2026-01-20 00:00:00.000
8093,104,5587,0,0,,,Other,2026-01-20 00:00:00.000
8094,104,5588,0,0,,,Other,2026-01-20 00:00:00.000
8095,104,5589,0,0,,,Other,2026-01-20 00:00:00.000
8096,104,5590,0,0,,,Other,2026-01-20 00:00:00.000
8097,104,5591,0,0,,,Other,2026-01-20 00:00:00.000
8098,104,5592,0,0,,,Other,2026-01-20 00:00:00.000
8099,104,5593,0,0,,,Other,2026-01-20 00:00:00.000
8100,104,5594,0,0,,,Other,2026-01-20 00:00:00.000
8101,104,5595,0,0,,,Other,2026-01-20 00:00:00.000
8102,104,5596,0,0,,,Other,2026-01-20 00:00:00.000
8103,104,5597,0,0,,,Other,2026-01-20 00:00:00.000
8104,104,5598,0,0,,,Other,2026-01-20 00:00:00.000
8105,104,5599,0,0,,,Other,2026-01-20 00:00:00.000
8106,104,5600,0,0,,,Other,2026-01-20 00:00:00.000
8107,104,5606,0,0,,,Other,2026-01-20 00:00:00.000
8108,104,2626,0.792,0,,,Other,2026-01-20 00:00:00.000
8109,104,2627,15.713,0,,,Other,2026-01-20 00:00:00.000
8110,104,2628,15.713,0,,,Other,2026-01-20 00:00:00.000
8111,104,2629,0.792,0,,,Other,2026-01-20 00:00:00.000
8112,104,2630,15.713,0,,,Other,2026-01-20 00:00:00.000
8113,104,2631,0.792,0,,,Other,2026-01-20 00:00:00.000
8114,104,2598,34.200,0,,,Other,2026-01-20 00:00:00.000
8115,104,2599,34.200,0,,,Other,2026-01-20 00:00:00.000
8116,104,2600,0,0,,,Other,2026-01-20 00:00:00.000
8117,104,2601,2.295,0,,,Other,2026-01-20 00:00:00.000
8118,104,2602,2.295,0,,,Other,2026-01-20 00:00:00.000
8119,104,2603,2.295,0,,,Other,2026-01-20 00:00:00.000
8120,104,2604,34.200,0,,,Other,2026-01-20 00:00:00.000
8121,104,2605,0.827,0,,,Other,2026-01-20 00:00:00.000
8122,104,2606,0.858,0,,,Other,2026-01-20 00:00:00.000
8123,104,2607,0,0,,,Other,2026-01-20 00:00:00.000
8124,104,2608,0,0,,,Other,2026-01-20 00:00:00.000
8125,104,2609,0,0,,,Other,2026-01-20 00:00:00.000
8126,104,2610,0,0,,,Other,2026-01-20 00:00:00.000
8127,104,2611,5.191,0,,,Other,2026-01-20 00:00:00.000
8128,104,2620,5.577,0,,,Other,2026-01-20 00:00:00.000
8129,104,2622,5.577,0,,,Other,2026-01-20 00:00:00.000
8130,104,2621,0.075,0,,,Other,2026-01-20 00:00:00.000
8131,104,2623,0,0,,,Other,2026-01-20 00:00:00.000
8132,104,2625,0.197,0,,,Other,2026-01-20 00:00:00.000
8133,104,2624,0,0,,,Other,2026-01-20 00:00:00.000
8134,104,2595,0,0,,,Other,2026-01-20 00:00:00.000
8135,104,2596,1.270,0,,,Other,2026-01-20 00:00:00.000
8136,104,2597,0.524,0,,,Other,2026-01-20 00:00:00.000
8137,104,2612,5.643,0,,,Other,2026-01-20 00:00:00.000
8138,104,2613,23.241,0,,,Other,2026-01-20 00:00:00.000
8139,104,2614,0,0,,,Other,2026-01-20 00:00:00.000
8140,104,2615,1.301,0,,,Other,2026-01-20 00:00:00.000
8141,104,2616,0,0,,,Other,2026-01-20 00:00:00.000
8142,104,2617,12.122,0,,,Other,2026-01-20 00:00:00.000
8143,104,2618,0,0,,,Other,2026-01-20 00:00:00.000
8144,104,2619,-1.221,0,,,Other,2026-01-20 00:00:00.000
8145,104,3078,0.792,0,,,Other,2026-01-20 00:00:00.000
8146,104,3079,15.271,0,,,Other,2026-01-20 00:00:00.000
8147,104,3080,17.850,0,,,Other,2026-01-20 00:00:00.000
8148,104,3081,0.792,0,,,Other,2026-01-20 00:00:00.000
8149,104,3082,15.061,0,,,Other,2026-01-20 00:00:00.000
8150,104,3083,0.792,0,,,Other,2026-01-20 00:00:00.000
8151,104,3084,1.620,0,,,Other,2026-01-20 00:00:00.000
8152,104,3085,32.472,0,,,Other,2026-01-20 00:00:00.000
8153,104,3086,31.726,0,,,Other,2026-01-20 00:00:00.000
8154,104,3089,5.577,0,,,Other,2026-01-20 00:00:00.000
8155,104,3090,5.774,0,,,Other,2026-01-20 00:00:00.000
8156,104,3091,0.075,0,,,Other,2026-01-20 00:00:00.000
8157,104,2632,0,0,,,Other,2026-01-20 00:00:00.000
8158,104,2633,-0.441,0,,,Other,2026-01-20 00:00:00.000
8159,104,2634,2.137,0,,,Other,2026-01-20 00:00:00.000
8160,104,2635,0,0,,,Other,2026-01-20 00:00:00.000
8161,104,2636,-0.652,0,,,Other,2026-01-20 00:00:00.000
8162,104,2637,0,0,,,Other,2026-01-20 00:00:00.000
8163,104,5026,0,0,,,Other,2026-01-20 00:00:00.000
8164,104,5075,80,0,,,Other,2026-01-20 00:00:00.000
8165,104,5076,80,0,,,Other,2026-01-20 00:00:00.000
8166,104,2482,0,0,,,Other,2026-01-20 00:00:00.000
8167,104,4042,1,0,,,Other,2026-01-20 00:00:00.000
8168,104,5105,672.420,0,,,Other,2026-01-20 00:00:00.000
8169,104,5106,0,0,,,Other,2026-01-20 00:00:00.000
8170,104,5107,584.152,0,,,Other,2026-01-20 00:00:00.000
8171,104,5108,381.775,0,,,Other,2026-01-20 00:00:00.000
8172,104,5109,162.929,0,,,Other,2026-01-20 00:00:00.000
8173,104,5100,4.700,0,,,Other,2026-01-20 00:00:00.000
8174,104,5101,4.801,0,,,Other,2026-01-20 00:00:00.000
8175,104,5102,4.995,0,,,Other,2026-01-20 00:00:00.000
8176,104,5103,4.708,0,,,Other,2026-01-20 00:00:00.000
8177,104,5104,6.289,0,,,Other,2026-01-20 00:00:00.000
8178,104,5632,17.309,0,,,Other,2026-01-20 00:00:00.000
8179,104,5633,11.890,0,,,Other,2026-01-20 00:00:00.000
8180,104,5661,67472.431,0,,,Other,2026-01-20 00:00:00.000
8181,104,5663,67472.431,0,,,Other,2026-01-20 00:00:00.000
8182,104,5679,0,0,,,Other,2026-01-20 00:00:00.000
8183,104,218,13.330,,,,Price_Inputs,2026-01-20 00:00:00.000
8184,104,219,2.040,,,,Price_Inputs,2026-01-20 00:00:00.000
8185,104,220,1.960,,,,Price_Inputs,2026-01-20 00:00:00.000
8186,104,223,72.760,,,,Plant_Parameter,2026-01-20 00:00:00.000
8187,104,2647,89.670,,,,Plant_Parameter,2026-01-20 00:00:00.000
8188,104,221,0.060,,,,Plant_Parameter,2026-01-20 00:00:00.000
8189,104,2645,0,,,,Plant_Parameter,2026-01-20 00:00:00.000
8190,104,1190,484.180,,,,Plant_Parameter,2026-01-20 00:00:00.000
8191,104,5288,0,,,,Plant_Parameter,2026-01-20 00:00:00.000
8192,104,5289,0,,,,Plant_Parameter,2026-01-20 00:00:00.000
8193,104,222,48.770,,,,Plant_Parameter,2026-01-20 00:00:00.000
8194,104,2646,88.270,,,,Plant_Parameter,2026-01-20 00:00:00.000
8195,104,1212,22.430,,,,Plant_Parameter,2026-01-20 00:00:00.000
8196,104,1213,44.110,,,,Plant_Parameter,2026-01-20 00:00:00.000
8197,104,426,100,,,,Plant_Parameter,2026-01-20 00:00:00.000
8198,105,235,,,false,true,Equipment,2026-01-20 00:00:00.000
8199,105,234,,,false,true,Equipment,2026-01-20 00:00:00.000
8200,105,237,,,false,true,Equipment,2026-01-20 00:00:00.000
8201,105,238,,,false,true,Equipment,2026-01-20 00:00:00.000
8202,105,245,,,false,true,Equipment,2026-01-20 00:00:00.000
8203,105,244,,,false,true,Equipment,2026-01-20 00:00:00.000
8204,105,247,,,false,true,Equipment,2026-01-20 00:00:00.000
8205,105,248,,,false,true,Equipment,2026-01-20 00:00:00.000
8206,105,252,,,false,true,Equipment,2026-01-20 00:00:00.000
8207,105,251,,,false,true,Equipment,2026-01-20 00:00:00.000
8208,105,62,,,false,true,Equipment,2026-01-20 00:00:00.000
8209,105,230,,,false,true,Equipment,2026-01-20 00:00:00.000
8210,105,231,,,false,true,Equipment,2026-01-20 00:00:00.000
8211,105,232,,,false,true,Equipment,2026-01-20 00:00:00.000
8212,105,233,,,false,true,Equipment,2026-01-20 00:00:00.000
8213,105,236,,,false,true,Equipment,2026-01-20 00:00:00.000
8214,105,239,,,false,true,Equipment,2026-01-20 00:00:00.000
8215,105,240,,,false,true,Equipment,2026-01-20 00:00:00.000
8216,105,241,,,false,true,Equipment,2026-01-20 00:00:00.000
8217,105,242,,,false,true,Equipment,2026-01-20 00:00:00.000
8218,105,243,,,false,true,Equipment,2026-01-20 00:00:00.000
8219,105,246,,,false,false,Equipment,2026-01-20 00:00:00.000
8220,105,249,,,false,true,Equipment,2026-01-20 00:00:00.000
8221,105,250,,,false,true,Equipment,2026-01-20 00:00:00.000
8222,105,58,,,false,true,Equipment,2026-01-20 00:00:00.000
8223,105,59,,,false,true,Equipment,2026-01-20 00:00:00.000
8224,105,60,,,false,true,Equipment,2026-01-20 00:00:00.000
8225,105,61,,,false,true,Equipment,2026-01-20 00:00:00.000
8226,105,253,,,false,false,Equipment,2026-01-20 00:00:00.000
8227,105,254,,,false,false,Equipment,2026-01-20 00:00:00.000
8228,105,353,16.605,0,,,Demand,2026-01-20 00:00:00.000
8229,105,22,0,0,,,Demand,2026-01-20 00:00:00.000
8230,105,23,90.166,0,,,Demand,2026-01-20 00:00:00.000
8231,105,177,179.617,0,,,Demand,2026-01-20 00:00:00.000
8232,105,199,6,0,,,Demand,2026-01-20 00:00:00.000
8233,105,152,1788.045,0,,,Demand,2026-01-20 00:00:00.000
8234,105,154,3705.345,0,,,Demand,2026-01-20 00:00:00.000
8235,105,155,0,0,,,Demand,2026-01-20 00:00:00.000
8236,105,156,22596.744,0,,,Demand,2026-01-20 00:00:00.000
8237,105,153,37582.297,0,,,Demand,2026-01-20 00:00:00.000
8238,105,2920,1800,0,,,Demand,2026-01-20 00:00:00.000
8239,105,2917,19915.015,0,,,Demand,2026-01-20 00:00:00.000
8240,105,374,11.403,0,,,Demand,2026-01-20 00:00:00.000
8241,105,411,3.451,0,,,Demand,2026-01-20 00:00:00.000
8242,105,12,0,0,,,Demand,2026-01-20 00:00:00.000
8243,105,13,0,0,,,Demand,2026-01-20 00:00:00.000
8244,105,14,0,0,,,Demand,2026-01-20 00:00:00.000
8245,105,2490,0,0,,,Demand,2026-01-20 00:00:00.000
8246,105,19,0,0,,,Demand,2026-01-20 00:00:00.000
8247,105,20,63.990,0,,,Demand,2026-01-20 00:00:00.000
8248,105,21,42.287,0,,,Demand,2026-01-20 00:00:00.000
8249,105,2638,1,0,,,Demand,2026-01-20 00:00:00.000
8250,105,18,61.172,0,,,Demand,2026-01-20 00:00:00.000
8251,105,15,0,0,,,Demand,2026-01-20 00:00:00.000
8252,105,16,73.079,0,,,Demand,2026-01-20 00:00:00.000
8253,105,17,55.850,0,,,Demand,2026-01-20 00:00:00.000
8254,105,226,535.855,0,,,Demand,2026-01-20 00:00:00.000
8255,105,3348,1,0,,,Other,2026-01-20 00:00:00.000
8256,105,5291,0,0,,,Other,2026-01-20 00:00:00.000
8257,105,5240,0,0,,,Other,2026-01-20 00:00:00.000
8258,105,5290,484.180,0,,,Other,2026-01-20 00:00:00.000
8259,105,5208,0,0,,,Other,2026-01-20 00:00:00.000
8260,105,5209,0,0,,,Other,2026-01-20 00:00:00.000
8261,105,5210,104.507,0,,,Other,2026-01-20 00:00:00.000
8262,105,5211,63.950,0,,,Other,2026-01-20 00:00:00.000
8263,105,5212,55.883,0,,,Other,2026-01-20 00:00:00.000
8264,105,5213,42.298,0,,,Other,2026-01-20 00:00:00.000
8265,105,5214,61.172,0,,,Other,2026-01-20 00:00:00.000
8266,105,5215,0,0,,,Other,2026-01-20 00:00:00.000
8267,105,203,336,0,,,Other,2026-01-20 00:00:00.000
8268,105,204,326,0,,,Other,2026-01-20 00:00:00.000
8269,105,205,15.435,0,,,Other,2026-01-20 00:00:00.000
8270,105,206,15.435,0,,,Other,2026-01-20 00:00:00.000
8271,105,207,11.270,0,,,Other,2026-01-20 00:00:00.000
8272,105,208,11.270,0,,,Other,2026-01-20 00:00:00.000
8273,105,209,12326,0,,,Other,2026-01-20 00:00:00.000
8274,105,210,350,0,,,Other,2026-01-20 00:00:00.000
8275,105,427,150,0,,,Other,2026-01-20 00:00:00.000
8276,105,428,150,0,,,Other,2026-01-20 00:00:00.000
8277,105,429,150,0,,,Other,2026-01-20 00:00:00.000
8278,105,430,150,0,,,Other,2026-01-20 00:00:00.000
8279,105,431,150,0,,,Other,2026-01-20 00:00:00.000
8280,105,432,0,0,,,Other,2026-01-20 00:00:00.000
8281,105,433,0,0,,,Other,2026-01-20 00:00:00.000
8282,105,434,0,0,,,Other,2026-01-20 00:00:00.000
8283,105,435,0,0,,,Other,2026-01-20 00:00:00.000
8284,105,1042,0,0,,,Other,2026-01-20 00:00:00.000
8285,105,1043,0.883,0,,,Other,2026-01-20 00:00:00.000
8286,105,1044,0.897,0,,,Other,2026-01-20 00:00:00.000
8287,105,1054,0,0,,,Other,2026-01-20 00:00:00.000
8288,105,389,1,0,,,Other,2026-01-20 00:00:00.000
8289,105,390,0,0,,,Other,2026-01-20 00:00:00.000
8290,105,391,1,0,,,Other,2026-01-20 00:00:00.000
8291,105,392,1,0,,,Other,2026-01-20 00:00:00.000
8292,105,393,1,0,,,Other,2026-01-20 00:00:00.000
8293,105,394,1,0,,,Other,2026-01-20 00:00:00.000
8294,105,5183,166.867,0,,,Other,2026-01-20 00:00:00.000
8295,105,5184,260.317,0,,,Other,2026-01-20 00:00:00.000
8296,105,5185,1287.119,0,,,Other,2026-01-20 00:00:00.000
8297,105,5186,46.552,0,,,Other,2026-01-20 00:00:00.000
8298,105,5187,172.653,0,,,Other,2026-01-20 00:00:00.000
8299,105,5188,433.069,0,,,Other,2026-01-20 00:00:00.000
8300,105,5189,8.080,0,,,Other,2026-01-20 00:00:00.000
8301,105,5190,20.926,0,,,Other,2026-01-20 00:00:00.000
8302,105,5191,-102.088,0,,,Other,2026-01-20 00:00:00.000
8303,105,5192,52.799,0,,,Other,2026-01-20 00:00:00.000
8304,105,5193,4.182,0,,,Other,2026-01-20 00:00:00.000
8305,105,3031,94.132,0,,,Other,2026-01-20 00:00:00.000
8306,105,504,507.447,0,,,Other,2026-01-20 00:00:00.000
8307,105,4876,54.258,0,,,Other,2026-01-20 00:00:00.000
8308,105,4871,429.606,0,,,Other,2026-01-20 00:00:00.000
8309,105,4870,247.103,0,,,Other,2026-01-20 00:00:00.000
8310,105,4929,49.184,0,,,Other,2026-01-20 00:00:00.000
8311,105,5195,912.485,0,,,Other,2026-01-20 00:00:00.000
8312,105,138,79.252,0,,,Other,2026-01-20 00:00:00.000
8313,105,1048,299.081,0,,,Other,2026-01-20 00:00:00.000
8314,105,1049,93.327,0,,,Other,2026-01-20 00:00:00.000
8315,105,1050,181.272,0,,,Other,2026-01-20 00:00:00.000
8316,105,1051,146.567,0,,,Other,2026-01-20 00:00:00.000
8317,105,1052,96.021,0,,,Other,2026-01-20 00:00:00.000
8318,105,2850,0,0,,,Other,2026-01-20 00:00:00.000
8319,105,5268,0,0,,,Other,2026-01-20 00:00:00.000
8320,105,5224,0,0,,,Other,2026-01-20 00:00:00.000
8321,105,1169,0,0,,,Other,2026-01-20 00:00:00.000
8322,105,1170,0,0,,,Other,2026-01-20 00:00:00.000
8323,105,5220,0,0,,,Other,2026-01-20 00:00:00.000
8324,105,5259,0,0,,,Other,2026-01-20 00:00:00.000
8325,105,5260,0,0,,,Other,2026-01-20 00:00:00.000
8326,105,3092,0,0,,,Other,2026-01-20 00:00:00.000
8327,105,2748,74.672,0,,,Other,2026-01-20 00:00:00.000
8328,105,5257,25.774,0,,,Other,2026-01-20 00:00:00.000
8329,105,5258,28.998,0,,,Other,2026-01-20 00:00:00.000
8330,105,5223,6.098,0,,,Other,2026-01-20 00:00:00.000
8331,105,1171,34.981,0,,,Other,2026-01-20 00:00:00.000
8332,105,1172,31.713,0,,,Other,2026-01-20 00:00:00.000
8333,105,5221,18.832,0,,,Other,2026-01-20 00:00:00.000
8334,105,5222,212.081,0,,,Other,2026-01-20 00:00:00.000
8335,105,3095,257.292,0,,,Other,2026-01-20 00:00:00.000
8336,105,2749,73.079,0,,,Other,2026-01-20 00:00:00.000
8337,105,3099,7.071,0,,,Other,2026-01-20 00:00:00.000
8338,105,3098,234.167,0,,,Other,2026-01-20 00:00:00.000
8339,105,149,90.226,0,,,Other,2026-01-20 00:00:00.000
8340,105,147,10.075,0,,,Other,2026-01-20 00:00:00.000
8341,105,5225,197.553,0,,,Other,2026-01-20 00:00:00.000
8342,105,1173,53.073,0,,,Other,2026-01-20 00:00:00.000
8343,105,1174,45.990,0,,,Other,2026-01-20 00:00:00.000
8344,105,5226,197.666,0,,,Other,2026-01-20 00:00:00.000
8345,105,2750,55.850,0,,,Other,2026-01-20 00:00:00.000
8346,105,1053,133.644,0,,,Other,2026-01-20 00:00:00.000
8347,105,229,452.854,0,,,Other,2026-01-20 00:00:00.000
8348,105,4788,4,0,,,Other,2026-01-20 00:00:00.000
8349,105,395,1,0,,,Other,2026-01-20 00:00:00.000
8350,105,425,452.854,0,,,Other,2026-01-20 00:00:00.000
8351,105,77,492.987,0,,,Other,2026-01-20 00:00:00.000
8352,105,1047,512.925,0,,,Other,2026-01-20 00:00:00.000
8353,105,403,98.500,0,,,Other,2026-01-20 00:00:00.000
8354,105,69,359.336,0,,,Other,2026-01-20 00:00:00.000
8355,105,70,0,0,,,Other,2026-01-20 00:00:00.000
8356,105,71,195.670,0,,,Other,2026-01-20 00:00:00.000
8357,105,72,160.256,0,,,Other,2026-01-20 00:00:00.000
8358,105,73,170.798,0,,,Other,2026-01-20 00:00:00.000
8359,105,74,0,0,,,Other,2026-01-20 00:00:00.000
8360,105,75,9.861,0,,,Other,2026-01-20 00:00:00.000
8361,105,76,13.486,0,,,Other,2026-01-20 00:00:00.000
8362,105,1151,5.991,0,,,Other,2026-01-20 00:00:00.000
8363,105,334,15000,0,,,Other,2026-01-20 00:00:00.000
8364,105,4043,93.793,0,,,Other,2026-01-20 00:00:00.000
8365,105,4044,93.874,0,,,Other,2026-01-20 00:00:00.000
8366,105,4045,94.002,0,,,Other,2026-01-20 00:00:00.000
8367,105,4046,94.213,0,,,Other,2026-01-20 00:00:00.000
8368,105,4047,94.070,0,,,Other,2026-01-20 00:00:00.000
8369,105,58,1,0,,,Other,2026-01-20 00:00:00.000
8370,105,59,1,0,,,Other,2026-01-20 00:00:00.000
8371,105,60,1,0,,,Other,2026-01-20 00:00:00.000
8372,105,61,1,0,,,Other,2026-01-20 00:00:00.000
8373,105,62,1,0,,,Other,2026-01-20 00:00:00.000
8374,105,166,14.542,0,,,Other,2026-01-20 00:00:00.000
8375,105,167,0,0,,,Other,2026-01-20 00:00:00.000
8376,105,168,11.244,0,,,Other,2026-01-20 00:00:00.000
8377,105,78,42.868,0,,,Other,2026-01-20 00:00:00.000
8378,105,169,4.378,0,,,Other,2026-01-20 00:00:00.000
8379,105,352,763.376,0,,,Other,2026-01-20 00:00:00.000
8380,105,5205,0,0,,,Other,2026-01-20 00:00:00.000
8381,105,5206,0.711,0,,,Other,2026-01-20 00:00:00.000
8382,105,5207,0.714,0,,,Other,2026-01-20 00:00:00.000
8383,105,5204,0.800,0,,,Other,2026-01-20 00:00:00.000
8384,105,225,848.617,0,,,Other,2026-01-20 00:00:00.000
8385,105,354,67472.431,0,,,Other,2026-01-20 00:00:00.000
8386,105,335,29.685,0,,,Other,2026-01-20 00:00:00.000
8387,105,3333,0,0,,,Other,2026-01-20 00:00:00.000
8388,105,3334,0,0,,,Other,2026-01-20 00:00:00.000
8389,105,2929,0,0,,,Other,2026-01-20 00:00:00.000
8390,105,2936,0,0,,,Other,2026-01-20 00:00:00.000
8391,105,2941,0,0,,,Other,2026-01-20 00:00:00.000
8392,105,2948,0,0,,,Other,2026-01-20 00:00:00.000
8393,105,2953,0,0,,,Other,2026-01-20 00:00:00.000
8394,105,2960,0,0,,,Other,2026-01-20 00:00:00.000
8395,105,5536,0,0,,,Other,2026-01-20 00:00:00.000
8396,105,3332,1,0,,,Other,2026-01-20 00:00:00.000
8397,105,4061,0,0,,,Other,2026-01-20 00:00:00.000
8398,105,4062,0,0,,,Other,2026-01-20 00:00:00.000
8399,105,4063,0,0,,,Other,2026-01-20 00:00:00.000
8400,105,4064,0,0,,,Other,2026-01-20 00:00:00.000
8401,105,4065,0,0,,,Other,2026-01-20 00:00:00.000
8402,105,4066,0,0,,,Other,2026-01-20 00:00:00.000
8403,105,4067,0,0,,,Other,2026-01-20 00:00:00.000
8404,105,4068,0,0,,,Other,2026-01-20 00:00:00.000
8405,105,4069,1,0,,,Other,2026-01-20 00:00:00.000
8406,105,4070,0,0,,,Other,2026-01-20 00:00:00.000
8407,105,4071,0,0,,,Other,2026-01-20 00:00:00.000
8408,105,4785,2.938,0,,,Other,2026-01-20 00:00:00.000
8409,105,4786,1,0,,,Other,2026-01-20 00:00:00.000
8410,105,5181,0,0,,,Other,2026-01-20 00:00:00.000
8411,105,5182,5,0,,,Other,2026-01-20 00:00:00.000
8412,105,4787,0,0,,,Other,2026-01-20 00:00:00.000
8413,105,4926,0,0,,,Other,2026-01-20 00:00:00.000
8414,105,278,5,0,,,Other,2026-01-20 00:00:00.000
8415,105,357,535.855,0,,,Other,2026-01-20 00:00:00.000
8416,105,5073,110,0,,,Other,2026-01-20 00:00:00.000
8417,105,5074,120,0,,,Other,2026-01-20 00:00:00.000
8418,105,4807,1,0,,,Other,2026-01-20 00:00:00.000
8419,105,276,3,0,,,Other,2026-01-20 00:00:00.000
8420,105,200,0,0,,,Other,2026-01-20 00:00:00.000
8421,105,1152,0,0,,,Other,2026-01-20 00:00:00.000
8422,105,1153,0,0,,,Other,2026-01-20 00:00:00.000
8423,105,3329,41.986,0,,,Other,2026-01-20 00:00:00.000
8424,105,1116,0,0,,,Other,2026-01-20 00:00:00.000
8425,105,1117,13,0,,,Other,2026-01-20 00:00:00.000
8426,105,1118,24,0,,,Other,2026-01-20 00:00:00.000
8427,105,1119,6,0,,,Other,2026-01-20 00:00:00.000
8428,105,1120,7,0,,,Other,2026-01-20 00:00:00.000
8429,105,405,0,0,,,Other,2026-01-20 00:00:00.000
8430,105,407,1.511,0,,,Other,2026-01-20 00:00:00.000
8431,105,409,0.002,0,,,Other,2026-01-20 00:00:00.000
8432,105,4073,1.513,0,,,Other,2026-01-20 00:00:00.000
8433,105,4076,0.300,0,,,Other,2026-01-20 00:00:00.000
8434,105,406,0,0,,,Other,2026-01-20 00:00:00.000
8435,105,408,0.827,0,,,Other,2026-01-20 00:00:00.000
8436,105,410,0,0,,,Other,2026-01-20 00:00:00.000
8437,105,412,0,0,,,Other,2026-01-20 00:00:00.000
8438,105,4077,0.827,0,,,Other,2026-01-20 00:00:00.000
8439,105,1114,45,0,,,Other,2026-01-20 00:00:00.000
8440,105,1115,3.500,0,,,Other,2026-01-20 00:00:00.000
8441,105,396,3.500,0,,,Other,2026-01-20 00:00:00.000
8442,105,397,0,0,,,Other,2026-01-20 00:00:00.000
8443,105,398,13,0,,,Other,2026-01-20 00:00:00.000
8444,105,399,24,0,,,Other,2026-01-20 00:00:00.000
8445,105,400,6,0,,,Other,2026-01-20 00:00:00.000
8446,105,401,7,0,,,Other,2026-01-20 00:00:00.000
8447,105,4079,53.500,0,,,Other,2026-01-20 00:00:00.000
8448,105,4080,45,0,,,Other,2026-01-20 00:00:00.000
8449,105,418,15.841,0,,,Other,2026-01-20 00:00:00.000
8450,105,5196,87402.148,0,,,Other,2026-01-20 00:00:00.000
8451,105,5197,13635.576,0,,,Other,2026-01-20 00:00:00.000
8452,105,5216,10,0,,,Other,2026-01-20 00:00:00.000
8453,105,5292,0,0,,,Other,2026-01-20 00:00:00.000
8454,105,5293,1,0,,,Other,2026-01-20 00:00:00.000
8455,105,5294,0,0,,,Other,2026-01-20 00:00:00.000
8456,105,5295,1,0,,,Other,2026-01-20 00:00:00.000
8457,105,5539,1,0,,,Other,2026-01-20 00:00:00.000
8458,105,5540,1,0,,,Other,2026-01-20 00:00:00.000
8459,105,5541,1,0,,,Other,2026-01-20 00:00:00.000
8460,105,5542,1,0,,,Other,2026-01-20 00:00:00.000
8461,105,5543,1,0,,,Other,2026-01-20 00:00:00.000
8462,105,5570,0,0,,,Other,2026-01-20 00:00:00.000
8463,105,5571,4.849,0,,,Other,2026-01-20 00:00:00.000
8464,105,5572,0,0,,,Other,2026-01-20 00:00:00.000
8465,105,5573,4.180,0,,,Other,2026-01-20 00:00:00.000
8466,105,5579,0,0,,,Other,2026-01-20 00:00:00.000
8467,105,5580,0,0,,,Other,2026-01-20 00:00:00.000
8468,105,5581,0,0,,,Other,2026-01-20 00:00:00.000
8469,105,5582,0.691,0,,,Other,2026-01-20 00:00:00.000
8470,105,5583,0,0,,,Other,2026-01-20 00:00:00.000
8471,105,5584,0,0,,,Other,2026-01-20 00:00:00.000
8472,105,5585,0,0,,,Other,2026-01-20 00:00:00.000
8473,105,5586,0,0,,,Other,2026-01-20 00:00:00.000
8474,105,5587,0,0,,,Other,2026-01-20 00:00:00.000
8475,105,5588,0,0,,,Other,2026-01-20 00:00:00.000
8476,105,5589,0,0,,,Other,2026-01-20 00:00:00.000
8477,105,5590,0,0,,,Other,2026-01-20 00:00:00.000
8478,105,5591,0,0,,,Other,2026-01-20 00:00:00.000
8479,105,5592,0,0,,,Other,2026-01-20 00:00:00.000
8480,105,5593,0,0,,,Other,2026-01-20 00:00:00.000
8481,105,5594,0,0,,,Other,2026-01-20 00:00:00.000
8482,105,5595,0,0,,,Other,2026-01-20 00:00:00.000
8483,105,5596,0,0,,,Other,2026-01-20 00:00:00.000
8484,105,5597,0,0,,,Other,2026-01-20 00:00:00.000
8485,105,5598,0,0,,,Other,2026-01-20 00:00:00.000
8486,105,5599,0,0,,,Other,2026-01-20 00:00:00.000
8487,105,5600,0,0,,,Other,2026-01-20 00:00:00.000
8488,105,5606,0,0,,,Other,2026-01-20 00:00:00.000
8489,105,2626,0.792,0,,,Other,2026-01-20 00:00:00.000
8490,105,2627,15.713,0,,,Other,2026-01-20 00:00:00.000
8491,105,2628,15.713,0,,,Other,2026-01-20 00:00:00.000
8492,105,2629,0.792,0,,,Other,2026-01-20 00:00:00.000
8493,105,2630,15.713,0,,,Other,2026-01-20 00:00:00.000
8494,105,2631,0.792,0,,,Other,2026-01-20 00:00:00.000
8495,105,2598,34.200,0,,,Other,2026-01-20 00:00:00.000
8496,105,2599,34.200,0,,,Other,2026-01-20 00:00:00.000
8497,105,2600,0,0,,,Other,2026-01-20 00:00:00.000
8498,105,2601,2.295,0,,,Other,2026-01-20 00:00:00.000
8499,105,2602,2.295,0,,,Other,2026-01-20 00:00:00.000
8500,105,2603,2.295,0,,,Other,2026-01-20 00:00:00.000
8501,105,2604,34.200,0,,,Other,2026-01-20 00:00:00.000
8502,105,2605,0.827,0,,,Other,2026-01-20 00:00:00.000
8503,105,2606,0.858,0,,,Other,2026-01-20 00:00:00.000
8504,105,2607,0,0,,,Other,2026-01-20 00:00:00.000
8505,105,2608,0,0,,,Other,2026-01-20 00:00:00.000
8506,105,2609,0,0,,,Other,2026-01-20 00:00:00.000
8507,105,2610,0,0,,,Other,2026-01-20 00:00:00.000
8508,105,2611,5.191,0,,,Other,2026-01-20 00:00:00.000
8509,105,2620,5.577,0,,,Other,2026-01-20 00:00:00.000
8510,105,2622,5.577,0,,,Other,2026-01-20 00:00:00.000
8511,105,2621,0.075,0,,,Other,2026-01-20 00:00:00.000
8512,105,2623,0,0,,,Other,2026-01-20 00:00:00.000
8513,105,2625,0.197,0,,,Other,2026-01-20 00:00:00.000
8514,105,2624,0,0,,,Other,2026-01-20 00:00:00.000
8515,105,2595,0,0,,,Other,2026-01-20 00:00:00.000
8516,105,2596,1.270,0,,,Other,2026-01-20 00:00:00.000
8517,105,2597,0.524,0,,,Other,2026-01-20 00:00:00.000
8518,105,2612,5.643,0,,,Other,2026-01-20 00:00:00.000
8519,105,2613,23.241,0,,,Other,2026-01-20 00:00:00.000
8520,105,2614,0,0,,,Other,2026-01-20 00:00:00.000
8521,105,2615,1.301,0,,,Other,2026-01-20 00:00:00.000
8522,105,2616,0,0,,,Other,2026-01-20 00:00:00.000
8523,105,2617,12.122,0,,,Other,2026-01-20 00:00:00.000
8524,105,2618,0,0,,,Other,2026-01-20 00:00:00.000
8525,105,2619,-1.221,0,,,Other,2026-01-20 00:00:00.000
8526,105,3078,0.792,0,,,Other,2026-01-20 00:00:00.000
8527,105,3079,15.271,0,,,Other,2026-01-20 00:00:00.000
8528,105,3080,17.850,0,,,Other,2026-01-20 00:00:00.000
8529,105,3081,0.792,0,,,Other,2026-01-20 00:00:00.000
8530,105,3082,15.061,0,,,Other,2026-01-20 00:00:00.000
8531,105,3083,0.792,0,,,Other,2026-01-20 00:00:00.000
8532,105,3084,1.620,0,,,Other,2026-01-20 00:00:00.000
8533,105,3085,32.472,0,,,Other,2026-01-20 00:00:00.000
8534,105,3086,31.726,0,,,Other,2026-01-20 00:00:00.000
8535,105,3089,5.577,0,,,Other,2026-01-20 00:00:00.000
8536,105,3090,5.774,0,,,Other,2026-01-20 00:00:00.000
8537,105,3091,0.075,0,,,Other,2026-01-20 00:00:00.000
8538,105,2632,0,0,,,Other,2026-01-20 00:00:00.000
8539,105,2633,-0.441,0,,,Other,2026-01-20 00:00:00.000
8540,105,2634,2.137,0,,,Other,2026-01-20 00:00:00.000
8541,105,2635,0,0,,,Other,2026-01-20 00:00:00.000
8542,105,2636,-0.652,0,,,Other,2026-01-20 00:00:00.000
8543,105,2637,0,0,,,Other,2026-01-20 00:00:00.000
8544,105,5026,0,0,,,Other,2026-01-20 00:00:00.000
8545,105,5075,80,0,,,Other,2026-01-20 00:00:00.000
8546,105,5076,80,0,,,Other,2026-01-20 00:00:00.000
8547,105,2482,0,0,,,Other,2026-01-20 00:00:00.000
8548,105,4042,1,0,,,Other,2026-01-20 00:00:00.000
8549,105,5105,672.420,0,,,Other,2026-01-20 00:00:00.000
8550,105,5106,0,0,,,Other,2026-01-20 00:00:00.000
8551,105,5107,584.152,0,,,Other,2026-01-20 00:00:00.000
8552,105,5108,381.775,0,,,Other,2026-01-20 00:00:00.000
8553,105,5109,162.929,0,,,Other,2026-01-20 00:00:00.000
8554,105,5100,4.700,0,,,Other,2026-01-20 00:00:00.000
8555,105,5101,4.801,0,,,Other,2026-01-20 00:00:00.000
8556,105,5102,4.995,0,,,Other,2026-01-20 00:00:00.000
8557,105,5103,4.708,0,,,Other,2026-01-20 00:00:00.000
8558,105,5104,6.289,0,,,Other,2026-01-20 00:00:00.000
8559,105,5632,17.309,0,,,Other,2026-01-20 00:00:00.000
8560,105,5633,11.890,0,,,Other,2026-01-20 00:00:00.000
8561,105,5661,67472.431,0,,,Other,2026-01-20 00:00:00.000
8562,105,5663,67472.431,0,,,Other,2026-01-20 00:00:00.000
8563,105,5679,0,0,,,Other,2026-01-20 00:00:00.000
8564,105,218,13.330,,,,Price_Inputs,2026-01-20 00:00:00.000
8565,105,219,2.040,,,,Price_Inputs,2026-01-20 00:00:00.000
8566,105,220,1.960,,,,Price_Inputs,2026-01-20 00:00:00.000
8567,105,223,72.760,,,,Plant_Parameter,2026-01-20 00:00:00.000
8568,105,2647,89.670,,,,Plant_Parameter,2026-01-20 00:00:00.000
8569,105,221,0.060,,,,Plant_Parameter,2026-01-20 00:00:00.000
8570,105,2645,0,,,,Plant_Parameter,2026-01-20 00:00:00.000
8571,105,1190,484.180,,,,Plant_Parameter,2026-01-20 00:00:00.000
8572,105,5288,0,,,,Plant_Parameter,2026-01-20 00:00:00.000
8573,105,5289,0,,,,Plant_Parameter,2026-01-20 00:00:00.000
8574,105,222,48.770,,,,Plant_Parameter,2026-01-20 00:00:00.000
8575,105,2646,88.270,,,,Plant_Parameter,2026-01-20 00:00:00.000
8576,105,1212,22.430,,,,Plant_Parameter,2026-01-20 00:00:00.000
8577,105,1213,44.110,,,,Plant_Parameter,2026-01-20 00:00:00.000
8578,105,426,100,,,,Plant_Parameter,2026-01-20 00:00:00.000
8579,106,235,,,false,true,Equipment,2026-01-20 00:00:00.000
8580,106,234,,,false,true,Equipment,2026-01-20 00:00:00.000
8581,106,237,,,false,true,Equipment,2026-01-20 00:00:00.000
8582,106,238,,,false,true,Equipment,2026-01-20 00:00:00.000
8583,106,245,,,false,true,Equipment,2026-01-20 00:00:00.000
8584,106,244,,,false,true,Equipment,2026-01-20 00:00:00.000
8585,106,247,,,false,true,Equipment,2026-01-20 00:00:00.000
8586,106,248,,,false,true,Equipment,2026-01-20 00:00:00.000
8587,106,252,,,false,true,Equipment,2026-01-20 00:00:00.000
8588,106,251,,,false,true,Equipment,2026-01-20 00:00:00.000
8589,106,62,,,false,true,Equipment,2026-01-20 00:00:00.000
8590,106,230,,,false,true,Equipment,2026-01-20 00:00:00.000
8591,106,231,,,false,true,Equipment,2026-01-20 00:00:00.000
8592,106,232,,,false,true,Equipment,2026-01-20 00:00:00.000
8593,106,233,,,false,true,Equipment,2026-01-20 00:00:00.000
8594,106,236,,,false,true,Equipment,2026-01-20 00:00:00.000
8595,106,239,,,false,true,Equipment,2026-01-20 00:00:00.000
8596,106,240,,,false,true,Equipment,2026-01-20 00:00:00.000
8597,106,241,,,false,true,Equipment,2026-01-20 00:00:00.000
8598,106,242,,,false,true,Equipment,2026-01-20 00:00:00.000
8599,106,243,,,false,true,Equipment,2026-01-20 00:00:00.000
8600,106,246,,,false,false,Equipment,2026-01-20 00:00:00.000
8601,106,249,,,false,true,Equipment,2026-01-20 00:00:00.000
8602,106,250,,,false,true,Equipment,2026-01-20 00:00:00.000
8603,106,58,,,false,true,Equipment,2026-01-20 00:00:00.000
8604,106,59,,,false,true,Equipment,2026-01-20 00:00:00.000
8605,106,60,,,false,true,Equipment,2026-01-20 00:00:00.000
8606,106,61,,,false,true,Equipment,2026-01-20 00:00:00.000
8607,106,253,,,false,false,Equipment,2026-01-20 00:00:00.000
8608,106,254,,,false,false,Equipment,2026-01-20 00:00:00.000
8609,106,353,16.605,0,,,Demand,2026-01-20 00:00:00.000
8610,106,22,0,0,,,Demand,2026-01-20 00:00:00.000
8611,106,23,90.166,0,,,Demand,2026-01-20 00:00:00.000
8612,106,177,179.617,0,,,Demand,2026-01-20 00:00:00.000
8613,106,199,6,0,,,Demand,2026-01-20 00:00:00.000
8614,106,152,1788.045,0,,,Demand,2026-01-20 00:00:00.000
8615,106,154,3705.345,0,,,Demand,2026-01-20 00:00:00.000
8616,106,155,0,0,,,Demand,2026-01-20 00:00:00.000
8617,106,156,22596.744,0,,,Demand,2026-01-20 00:00:00.000
8618,106,153,37582.297,0,,,Demand,2026-01-20 00:00:00.000
8619,106,2920,1800,0,,,Demand,2026-01-20 00:00:00.000
8620,106,2917,19915.015,0,,,Demand,2026-01-20 00:00:00.000
8621,106,374,11.403,0,,,Demand,2026-01-20 00:00:00.000
8622,106,411,3.451,0,,,Demand,2026-01-20 00:00:00.000
8623,106,12,0,0,,,Demand,2026-01-20 00:00:00.000
8624,106,13,0,0,,,Demand,2026-01-20 00:00:00.000
8625,106,14,0,0,,,Demand,2026-01-20 00:00:00.000
8626,106,2490,0,0,,,Demand,2026-01-20 00:00:00.000
8627,106,19,0,0,,,Demand,2026-01-20 00:00:00.000
8628,106,20,63.990,0,,,Demand,2026-01-20 00:00:00.000
8629,106,21,42.287,0,,,Demand,2026-01-20 00:00:00.000
8630,106,2638,1,0,,,Demand,2026-01-20 00:00:00.000
8631,106,18,61.172,0,,,Demand,2026-01-20 00:00:00.000
8632,106,15,0,0,,,Demand,2026-01-20 00:00:00.000
8633,106,16,73.079,0,,,Demand,2026-01-20 00:00:00.000
8634,106,17,55.850,0,,,Demand,2026-01-20 00:00:00.000
8635,106,226,535.855,0,,,Demand,2026-01-20 00:00:00.000
8636,106,3348,1,0,,,Other,2026-01-20 00:00:00.000
8637,106,5291,0,0,,,Other,2026-01-20 00:00:00.000
8638,106,5240,0,0,,,Other,2026-01-20 00:00:00.000
8639,106,5290,484.180,0,,,Other,2026-01-20 00:00:00.000
8640,106,5208,0,0,,,Other,2026-01-20 00:00:00.000
8641,106,5209,0,0,,,Other,2026-01-20 00:00:00.000
8642,106,5210,104.507,0,,,Other,2026-01-20 00:00:00.000
8643,106,5211,63.950,0,,,Other,2026-01-20 00:00:00.000
8644,106,5212,55.883,0,,,Other,2026-01-20 00:00:00.000
8645,106,5213,42.298,0,,,Other,2026-01-20 00:00:00.000
8646,106,5214,61.172,0,,,Other,2026-01-20 00:00:00.000
8647,106,5215,0,0,,,Other,2026-01-20 00:00:00.000
8648,106,203,336,0,,,Other,2026-01-20 00:00:00.000
8649,106,204,326,0,,,Other,2026-01-20 00:00:00.000
8650,106,205,15.435,0,,,Other,2026-01-20 00:00:00.000
8651,106,206,15.435,0,,,Other,2026-01-20 00:00:00.000
8652,106,207,11.270,0,,,Other,2026-01-20 00:00:00.000
8653,106,208,11.270,0,,,Other,2026-01-20 00:00:00.000
8654,106,209,12326,0,,,Other,2026-01-20 00:00:00.000
8655,106,210,350,0,,,Other,2026-01-20 00:00:00.000
8656,106,427,150,0,,,Other,2026-01-20 00:00:00.000
8657,106,428,150,0,,,Other,2026-01-20 00:00:00.000
8658,106,429,150,0,,,Other,2026-01-20 00:00:00.000
8659,106,430,150,0,,,Other,2026-01-20 00:00:00.000
8660,106,431,150,0,,,Other,2026-01-20 00:00:00.000
8661,106,432,0,0,,,Other,2026-01-20 00:00:00.000
8662,106,433,0,0,,,Other,2026-01-20 00:00:00.000
8663,106,434,0,0,,,Other,2026-01-20 00:00:00.000
8664,106,435,0,0,,,Other,2026-01-20 00:00:00.000
8665,106,1042,0,0,,,Other,2026-01-20 00:00:00.000
8666,106,1043,0.883,0,,,Other,2026-01-20 00:00:00.000
8667,106,1044,0.897,0,,,Other,2026-01-20 00:00:00.000
8668,106,1054,0,0,,,Other,2026-01-20 00:00:00.000
8669,106,389,1,0,,,Other,2026-01-20 00:00:00.000
8670,106,390,0,0,,,Other,2026-01-20 00:00:00.000
8671,106,391,1,0,,,Other,2026-01-20 00:00:00.000
8672,106,392,1,0,,,Other,2026-01-20 00:00:00.000
8673,106,393,1,0,,,Other,2026-01-20 00:00:00.000
8674,106,394,1,0,,,Other,2026-01-20 00:00:00.000
8675,106,5183,166.867,0,,,Other,2026-01-20 00:00:00.000
8676,106,5184,260.317,0,,,Other,2026-01-20 00:00:00.000
8677,106,5185,1287.119,0,,,Other,2026-01-20 00:00:00.000
8678,106,5186,46.552,0,,,Other,2026-01-20 00:00:00.000
8679,106,5187,172.653,0,,,Other,2026-01-20 00:00:00.000
8680,106,5188,433.069,0,,,Other,2026-01-20 00:00:00.000
8681,106,5189,8.080,0,,,Other,2026-01-20 00:00:00.000
8682,106,5190,20.926,0,,,Other,2026-01-20 00:00:00.000
8683,106,5191,-102.088,0,,,Other,2026-01-20 00:00:00.000
8684,106,5192,52.799,0,,,Other,2026-01-20 00:00:00.000
8685,106,5193,4.182,0,,,Other,2026-01-20 00:00:00.000
8686,106,3031,94.132,0,,,Other,2026-01-20 00:00:00.000
8687,106,504,507.447,0,,,Other,2026-01-20 00:00:00.000
8688,106,4876,54.258,0,,,Other,2026-01-20 00:00:00.000
8689,106,4871,429.606,0,,,Other,2026-01-20 00:00:00.000
8690,106,4870,247.103,0,,,Other,2026-01-20 00:00:00.000
8691,106,4929,49.184,0,,,Other,2026-01-20 00:00:00.000
8692,106,5195,912.485,0,,,Other,2026-01-20 00:00:00.000
8693,106,138,79.252,0,,,Other,2026-01-20 00:00:00.000
8694,106,1048,299.081,0,,,Other,2026-01-20 00:00:00.000
8695,106,1049,93.327,0,,,Other,2026-01-20 00:00:00.000
8696,106,1050,181.272,0,,,Other,2026-01-20 00:00:00.000
8697,106,1051,146.567,0,,,Other,2026-01-20 00:00:00.000
8698,106,1052,96.021,0,,,Other,2026-01-20 00:00:00.000
8699,106,2850,0,0,,,Other,2026-01-20 00:00:00.000
8700,106,5268,0,0,,,Other,2026-01-20 00:00:00.000
8701,106,5224,0,0,,,Other,2026-01-20 00:00:00.000
8702,106,1169,0,0,,,Other,2026-01-20 00:00:00.000
8703,106,1170,0,0,,,Other,2026-01-20 00:00:00.000
8704,106,5220,0,0,,,Other,2026-01-20 00:00:00.000
8705,106,5259,0,0,,,Other,2026-01-20 00:00:00.000
8706,106,5260,0,0,,,Other,2026-01-20 00:00:00.000
8707,106,3092,0,0,,,Other,2026-01-20 00:00:00.000
8708,106,2748,74.672,0,,,Other,2026-01-20 00:00:00.000
8709,106,5257,25.774,0,,,Other,2026-01-20 00:00:00.000
8710,106,5258,28.998,0,,,Other,2026-01-20 00:00:00.000
8711,106,5223,6.098,0,,,Other,2026-01-20 00:00:00.000
8712,106,1171,34.981,0,,,Other,2026-01-20 00:00:00.000
8713,106,1172,31.713,0,,,Other,2026-01-20 00:00:00.000
8714,106,5221,18.832,0,,,Other,2026-01-20 00:00:00.000
8715,106,5222,212.081,0,,,Other,2026-01-20 00:00:00.000
8716,106,3095,257.292,0,,,Other,2026-01-20 00:00:00.000
8717,106,2749,73.079,0,,,Other,2026-01-20 00:00:00.000
8718,106,3099,7.071,0,,,Other,2026-01-20 00:00:00.000
8719,106,3098,234.167,0,,,Other,2026-01-20 00:00:00.000
8720,106,149,90.226,0,,,Other,2026-01-20 00:00:00.000
8721,106,147,10.075,0,,,Other,2026-01-20 00:00:00.000
8722,106,5225,197.553,0,,,Other,2026-01-20 00:00:00.000
8723,106,1173,53.073,0,,,Other,2026-01-20 00:00:00.000
8724,106,1174,45.990,0,,,Other,2026-01-20 00:00:00.000
8725,106,5226,197.666,0,,,Other,2026-01-20 00:00:00.000
8726,106,2750,55.850,0,,,Other,2026-01-20 00:00:00.000
8727,106,1053,133.644,0,,,Other,2026-01-20 00:00:00.000
8728,106,229,452.854,0,,,Other,2026-01-20 00:00:00.000
8729,106,4788,4,0,,,Other,2026-01-20 00:00:00.000
8730,106,395,1,0,,,Other,2026-01-20 00:00:00.000
8731,106,425,452.854,0,,,Other,2026-01-20 00:00:00.000
8732,106,77,492.987,0,,,Other,2026-01-20 00:00:00.000
8733,106,1047,512.925,0,,,Other,2026-01-20 00:00:00.000
8734,106,403,98.500,0,,,Other,2026-01-20 00:00:00.000
8735,106,69,359.336,0,,,Other,2026-01-20 00:00:00.000
8736,106,70,0,0,,,Other,2026-01-20 00:00:00.000
8737,106,71,195.670,0,,,Other,2026-01-20 00:00:00.000
8738,106,72,160.256,0,,,Other,2026-01-20 00:00:00.000
8739,106,73,170.798,0,,,Other,2026-01-20 00:00:00.000
8740,106,74,0,0,,,Other,2026-01-20 00:00:00.000
8741,106,75,9.861,0,,,Other,2026-01-20 00:00:00.000
8742,106,76,13.486,0,,,Other,2026-01-20 00:00:00.000
8743,106,1151,5.991,0,,,Other,2026-01-20 00:00:00.000
8744,106,334,15000,0,,,Other,2026-01-20 00:00:00.000
8745,106,4043,93.793,0,,,Other,2026-01-20 00:00:00.000
8746,106,4044,93.874,0,,,Other,2026-01-20 00:00:00.000
8747,106,4045,94.002,0,,,Other,2026-01-20 00:00:00.000
8748,106,4046,94.213,0,,,Other,2026-01-20 00:00:00.000
8749,106,4047,94.070,0,,,Other,2026-01-20 00:00:00.000
8750,106,58,1,0,,,Other,2026-01-20 00:00:00.000
8751,106,59,1,0,,,Other,2026-01-20 00:00:00.000
8752,106,60,1,0,,,Other,2026-01-20 00:00:00.000
8753,106,61,1,0,,,Other,2026-01-20 00:00:00.000
8754,106,62,1,0,,,Other,2026-01-20 00:00:00.000
8755,106,166,14.542,0,,,Other,2026-01-20 00:00:00.000
8756,106,167,0,0,,,Other,2026-01-20 00:00:00.000
8757,106,168,11.244,0,,,Other,2026-01-20 00:00:00.000
8758,106,78,42.868,0,,,Other,2026-01-20 00:00:00.000
8759,106,169,4.378,0,,,Other,2026-01-20 00:00:00.000
8760,106,352,763.376,0,,,Other,2026-01-20 00:00:00.000
8761,106,5205,0,0,,,Other,2026-01-20 00:00:00.000
8762,106,5206,0.711,0,,,Other,2026-01-20 00:00:00.000
8763,106,5207,0.714,0,,,Other,2026-01-20 00:00:00.000
8764,106,5204,0.800,0,,,Other,2026-01-20 00:00:00.000
8765,106,225,848.617,0,,,Other,2026-01-20 00:00:00.000
8766,106,354,67472.431,0,,,Other,2026-01-20 00:00:00.000
8767,106,335,29.685,0,,,Other,2026-01-20 00:00:00.000
8768,106,3333,0,0,,,Other,2026-01-20 00:00:00.000
8769,106,3334,0,0,,,Other,2026-01-20 00:00:00.000
8770,106,2929,0,0,,,Other,2026-01-20 00:00:00.000
8771,106,2936,0,0,,,Other,2026-01-20 00:00:00.000
8772,106,2941,0,0,,,Other,2026-01-20 00:00:00.000
8773,106,2948,0,0,,,Other,2026-01-20 00:00:00.000
8774,106,2953,0,0,,,Other,2026-01-20 00:00:00.000
8775,106,2960,0,0,,,Other,2026-01-20 00:00:00.000
8776,106,5536,0,0,,,Other,2026-01-20 00:00:00.000
8777,106,3332,1,0,,,Other,2026-01-20 00:00:00.000
8778,106,4061,0,0,,,Other,2026-01-20 00:00:00.000
8779,106,4062,0,0,,,Other,2026-01-20 00:00:00.000
8780,106,4063,0,0,,,Other,2026-01-20 00:00:00.000
8781,106,4064,0,0,,,Other,2026-01-20 00:00:00.000
8782,106,4065,0,0,,,Other,2026-01-20 00:00:00.000
8783,106,4066,0,0,,,Other,2026-01-20 00:00:00.000
8784,106,4067,0,0,,,Other,2026-01-20 00:00:00.000
8785,106,4068,0,0,,,Other,2026-01-20 00:00:00.000
8786,106,4069,1,0,,,Other,2026-01-20 00:00:00.000
8787,106,4070,0,0,,,Other,2026-01-20 00:00:00.000
8788,106,4071,0,0,,,Other,2026-01-20 00:00:00.000
8789,106,4785,2.938,0,,,Other,2026-01-20 00:00:00.000
8790,106,4786,1,0,,,Other,2026-01-20 00:00:00.000
8791,106,5181,0,0,,,Other,2026-01-20 00:00:00.000
8792,106,5182,5,0,,,Other,2026-01-20 00:00:00.000
8793,106,4787,0,0,,,Other,2026-01-20 00:00:00.000
8794,106,4926,0,0,,,Other,2026-01-20 00:00:00.000
8795,106,278,5,0,,,Other,2026-01-20 00:00:00.000
8796,106,357,535.855,0,,,Other,2026-01-20 00:00:00.000
8797,106,5073,110,0,,,Other,2026-01-20 00:00:00.000
8798,106,5074,120,0,,,Other,2026-01-20 00:00:00.000
8799,106,4807,1,0,,,Other,2026-01-20 00:00:00.000
8800,106,276,3,0,,,Other,2026-01-20 00:00:00.000
8801,106,200,0,0,,,Other,2026-01-20 00:00:00.000
8802,106,1152,0,0,,,Other,2026-01-20 00:00:00.000
8803,106,1153,0,0,,,Other,2026-01-20 00:00:00.000
8804,106,3329,41.986,0,,,Other,2026-01-20 00:00:00.000
8805,106,1116,0,0,,,Other,2026-01-20 00:00:00.000
8806,106,1117,13,0,,,Other,2026-01-20 00:00:00.000
8807,106,1118,24,0,,,Other,2026-01-20 00:00:00.000
8808,106,1119,6,0,,,Other,2026-01-20 00:00:00.000
8809,106,1120,7,0,,,Other,2026-01-20 00:00:00.000
8810,106,405,0,0,,,Other,2026-01-20 00:00:00.000
8811,106,407,1.511,0,,,Other,2026-01-20 00:00:00.000
8812,106,409,0.002,0,,,Other,2026-01-20 00:00:00.000
8813,106,4073,1.513,0,,,Other,2026-01-20 00:00:00.000
8814,106,4076,0.300,0,,,Other,2026-01-20 00:00:00.000
8815,106,406,0,0,,,Other,2026-01-20 00:00:00.000
8816,106,408,0.827,0,,,Other,2026-01-20 00:00:00.000
8817,106,410,0,0,,,Other,2026-01-20 00:00:00.000
8818,106,412,0,0,,,Other,2026-01-20 00:00:00.000
8819,106,4077,0.827,0,,,Other,2026-01-20 00:00:00.000
8820,106,1114,45,0,,,Other,2026-01-20 00:00:00.000
8821,106,1115,3.500,0,,,Other,2026-01-20 00:00:00.000
8822,106,396,3.500,0,,,Other,2026-01-20 00:00:00.000
8823,106,397,0,0,,,Other,2026-01-20 00:00:00.000
8824,106,398,13,0,,,Other,2026-01-20 00:00:00.000
8825,106,399,24,0,,,Other,2026-01-20 00:00:00.000
8826,106,400,6,0,,,Other,2026-01-20 00:00:00.000
8827,106,401,7,0,,,Other,2026-01-20 00:00:00.000
8828,106,4079,53.500,0,,,Other,2026-01-20 00:00:00.000
8829,106,4080,45,0,,,Other,2026-01-20 00:00:00.000
8830,106,418,15.841,0,,,Other,2026-01-20 00:00:00.000
8831,106,5196,87402.148,0,,,Other,2026-01-20 00:00:00.000
8832,106,5197,13635.576,0,,,Other,2026-01-20 00:00:00.000
8833,106,5216,10,0,,,Other,2026-01-20 00:00:00.000
8834,106,5292,0,0,,,Other,2026-01-20 00:00:00.000
8835,106,5293,1,0,,,Other,2026-01-20 00:00:00.000
8836,106,5294,0,0,,,Other,2026-01-20 00:00:00.000
8837,106,5295,1,0,,,Other,2026-01-20 00:00:00.000
8838,106,5539,1,0,,,Other,2026-01-20 00:00:00.000
8839,106,5540,1,0,,,Other,2026-01-20 00:00:00.000
8840,106,5541,1,0,,,Other,2026-01-20 00:00:00.000
8841,106,5542,1,0,,,Other,2026-01-20 00:00:00.000
8842,106,5543,1,0,,,Other,2026-01-20 00:00:00.000
8843,106,5570,0,0,,,Other,2026-01-20 00:00:00.000
8844,106,5571,4.849,0,,,Other,2026-01-20 00:00:00.000
8845,106,5572,0,0,,,Other,2026-01-20 00:00:00.000
8846,106,5573,4.180,0,,,Other,2026-01-20 00:00:00.000
8847,106,5579,0,0,,,Other,2026-01-20 00:00:00.000
8848,106,5580,0,0,,,Other,2026-01-20 00:00:00.000
8849,106,5581,0,0,,,Other,2026-01-20 00:00:00.000
8850,106,5582,0.691,0,,,Other,2026-01-20 00:00:00.000
8851,106,5583,0,0,,,Other,2026-01-20 00:00:00.000
8852,106,5584,0,0,,,Other,2026-01-20 00:00:00.000
8853,106,5585,0,0,,,Other,2026-01-20 00:00:00.000
8854,106,5586,0,0,,,Other,2026-01-20 00:00:00.000
8855,106,5587,0,0,,,Other,2026-01-20 00:00:00.000
8856,106,5588,0,0,,,Other,2026-01-20 00:00:00.000
8857,106,5589,0,0,,,Other,2026-01-20 00:00:00.000
8858,106,5590,0,0,,,Other,2026-01-20 00:00:00.000
8859,106,5591,0,0,,,Other,2026-01-20 00:00:00.000
8860,106,5592,0,0,,,Other,2026-01-20 00:00:00.000
8861,106,5593,0,0,,,Other,2026-01-20 00:00:00.000
8862,106,5594,0,0,,,Other,2026-01-20 00:00:00.000
8863,106,5595,0,0,,,Other,2026-01-20 00:00:00.000
8864,106,5596,0,0,,,Other,2026-01-20 00:00:00.000
8865,106,5597,0,0,,,Other,2026-01-20 00:00:00.000
8866,106,5598,0,0,,,Other,2026-01-20 00:00:00.000
8867,106,5599,0,0,,,Other,2026-01-20 00:00:00.000
8868,106,5600,0,0,,,Other,2026-01-20 00:00:00.000
8869,106,5606,0,0,,,Other,2026-01-20 00:00:00.000
8870,106,2626,0.792,0,,,Other,2026-01-20 00:00:00.000
8871,106,2627,15.713,0,,,Other,2026-01-20 00:00:00.000
8872,106,2628,15.713,0,,,Other,2026-01-20 00:00:00.000
8873,106,2629,0.792,0,,,Other,2026-01-20 00:00:00.000
8874,106,2630,15.713,0,,,Other,2026-01-20 00:00:00.000
8875,106,2631,0.792,0,,,Other,2026-01-20 00:00:00.000
8876,106,2598,34.200,0,,,Other,2026-01-20 00:00:00.000
8877,106,2599,34.200,0,,,Other,2026-01-20 00:00:00.000
8878,106,2600,0,0,,,Other,2026-01-20 00:00:00.000
8879,106,2601,2.295,0,,,Other,2026-01-20 00:00:00.000
8880,106,2602,2.295,0,,,Other,2026-01-20 00:00:00.000
8881,106,2603,2.295,0,,,Other,2026-01-20 00:00:00.000
8882,106,2604,34.200,0,,,Other,2026-01-20 00:00:00.000
8883,106,2605,0.827,0,,,Other,2026-01-20 00:00:00.000
8884,106,2606,0.858,0,,,Other,2026-01-20 00:00:00.000
8885,106,2607,0,0,,,Other,2026-01-20 00:00:00.000
8886,106,2608,0,0,,,Other,2026-01-20 00:00:00.000
8887,106,2609,0,0,,,Other,2026-01-20 00:00:00.000
8888,106,2610,0,0,,,Other,2026-01-20 00:00:00.000
8889,106,2611,5.191,0,,,Other,2026-01-20 00:00:00.000
8890,106,2620,5.577,0,,,Other,2026-01-20 00:00:00.000
8891,106,2622,5.577,0,,,Other,2026-01-20 00:00:00.000
8892,106,2621,0.075,0,,,Other,2026-01-20 00:00:00.000
8893,106,2623,0,0,,,Other,2026-01-20 00:00:00.000
8894,106,2625,0.197,0,,,Other,2026-01-20 00:00:00.000
8895,106,2624,0,0,,,Other,2026-01-20 00:00:00.000
8896,106,2595,0,0,,,Other,2026-01-20 00:00:00.000
8897,106,2596,1.270,0,,,Other,2026-01-20 00:00:00.000
8898,106,2597,0.524,0,,,Other,2026-01-20 00:00:00.000
8899,106,2612,5.643,0,,,Other,2026-01-20 00:00:00.000
8900,106,2613,23.241,0,,,Other,2026-01-20 00:00:00.000
8901,106,2614,0,0,,,Other,2026-01-20 00:00:00.000
8902,106,2615,1.301,0,,,Other,2026-01-20 00:00:00.000
8903,106,2616,0,0,,,Other,2026-01-20 00:00:00.000
8904,106,2617,12.122,0,,,Other,2026-01-20 00:00:00.000
8905,106,2618,0,0,,,Other,2026-01-20 00:00:00.000
8906,106,2619,-1.221,0,,,Other,2026-01-20 00:00:00.000
8907,106,3078,0.792,0,,,Other,2026-01-20 00:00:00.000
8908,106,3079,15.271,0,,,Other,2026-01-20 00:00:00.000
8909,106,3080,17.850,0,,,Other,2026-01-20 00:00:00.000
8910,106,3081,0.792,0,,,Other,2026-01-20 00:00:00.000
8911,106,3082,15.061,0,,,Other,2026-01-20 00:00:00.000
8912,106,3083,0.792,0,,,Other,2026-01-20 00:00:00.000
8913,106,3084,1.620,0,,,Other,2026-01-20 00:00:00.000
8914,106,3085,32.472,0,,,Other,2026-01-20 00:00:00.000
8915,106,3086,31.726,0,,,Other,2026-01-20 00:00:00.000
8916,106,3089,5.577,0,,,Other,2026-01-20 00:00:00.000
8917,106,3090,5.774,0,,,Other,2026-01-20 00:00:00.000
8918,106,3091,0.075,0,,,Other,2026-01-20 00:00:00.000
8919,106,2632,0,0,,,Other,2026-01-20 00:00:00.000
8920,106,2633,-0.441,0,,,Other,2026-01-20 00:00:00.000
8921,106,2634,2.137,0,,,Other,2026-01-20 00:00:00.000
8922,106,2635,0,0,,,Other,2026-01-20 00:00:00.000
8923,106,2636,-0.652,0,,,Other,2026-01-20 00:00:00.000
8924,106,2637,0,0,,,Other,2026-01-20 00:00:00.000
8925,106,5026,0,0,,,Other,2026-01-20 00:00:00.000
8926,106,5075,80,0,,,Other,2026-01-20 00:00:00.000
8927,106,5076,80,0,,,Other,2026-01-20 00:00:00.000
8928,106,2482,0,0,,,Other,2026-01-20 00:00:00.000
8929,106,4042,1,0,,,Other,2026-01-20 00:00:00.000
8930,106,5105,672.420,0,,,Other,2026-01-20 00:00:00.000
8931,106,5106,0,0,,,Other,2026-01-20 00:00:00.000
8932,106,5107,584.152,0,,,Other,2026-01-20 00:00:00.000
8933,106,5108,381.775,0,,,Other,2026-01-20 00:00:00.000
8934,106,5109,162.929,0,,,Other,2026-01-20 00:00:00.000
8935,106,5100,4.700,0,,,Other,2026-01-20 00:00:00.000
8936,106,5101,4.801,0,,,Other,2026-01-20 00:00:00.000
8937,106,5102,4.995,0,,,Other,2026-01-20 00:00:00.000
8938,106,5103,4.708,0,,,Other,2026-01-20 00:00:00.000
8939,106,5104,6.289,0,,,Other,2026-01-20 00:00:00.000
8940,106,5632,17.309,0,,,Other,2026-01-20 00:00:00.000
8941,106,5633,11.890,0,,,Other,2026-01-20 00:00:00.000
8942,106,5661,67472.431,0,,,Other,2026-01-20 00:00:00.000
8943,106,5663,67472.431,0,,,Other,2026-01-20 00:00:00.000
8944,106,5679,0,0,,,Other,2026-01-20 00:00:00.000
8945,106,218,13.330,,,,Price_Inputs,2026-01-20 00:00:00.000
8946,106,219,2.040,,,,Price_Inputs,2026-01-20 00:00:00.000
8947,106,220,1.960,,,,Price_Inputs,2026-01-20 00:00:00.000
8948,106,223,72.760,,,,Plant_Parameter,2026-01-20 00:00:00.000
8949,106,2647,89.670,,,,Plant_Parameter,2026-01-20 00:00:00.000
8950,106,221,0.060,,,,Plant_Parameter,2026-01-20 00:00:00.000
8951,106,2645,0,,,,Plant_Parameter,2026-01-20 00:00:00.000
8952,106,1190,484.180,,,,Plant_Parameter,2026-01-20 00:00:00.000
8953,106,5288,0,,,,Plant_Parameter,2026-01-20 00:00:00.000
8954,106,5289,0,,,,Plant_Parameter,2026-01-20 00:00:00.000
8955,106,222,48.770,,,,Plant_Parameter,2026-01-20 00:00:00.000
8956,106,2646,88.270,,,,Plant_Parameter,2026-01-20 00:00:00.000
8957,106,1212,22.430,,,,Plant_Parameter,2026-01-20 00:00:00.000
8958,106,1213,44.110,,,,Plant_Parameter,2026-01-20 00:00:00.000
8959,106,426,100,,,,Plant_Parameter,2026-01-20 00:00:00.000
8960,107,235,,,false,true,Equipment,2026-01-20 00:00:00.000
8961,107,234,,,false,true,Equipment,2026-01-20 00:00:00.000
8962,107,237,,,false,true,Equipment,2026-01-20 00:00:00.000
8963,107,238,,,false,true,Equipment,2026-01-20 00:00:00.000
8964,107,245,,,false,true,Equipment,2026-01-20 00:00:00.000
8965,107,244,,,false,true,Equipment,2026-01-20 00:00:00.000
8966,107,247,,,false,true,Equipment,2026-01-20 00:00:00.000
8967,107,248,,,false,true,Equipment,2026-01-20 00:00:00.000
8968,107,252,,,false,true,Equipment,2026-01-20 00:00:00.000
8969,107,251,,,false,true,Equipment,2026-01-20 00:00:00.000
8970,107,62,,,false,true,Equipment,2026-01-20 00:00:00.000
8971,107,230,,,false,true,Equipment,2026-01-20 00:00:00.000
8972,107,231,,,false,true,Equipment,2026-01-20 00:00:00.000
8973,107,232,,,false,true,Equipment,2026-01-20 00:00:00.000
8974,107,233,,,false,true,Equipment,2026-01-20 00:00:00.000
8975,107,236,,,false,true,Equipment,2026-01-20 00:00:00.000
8976,107,239,,,false,true,Equipment,2026-01-20 00:00:00.000
8977,107,240,,,false,true,Equipment,2026-01-20 00:00:00.000
8978,107,241,,,false,true,Equipment,2026-01-20 00:00:00.000
8979,107,242,,,false,true,Equipment,2026-01-20 00:00:00.000
8980,107,243,,,false,true,Equipment,2026-01-20 00:00:00.000
8981,107,246,,,false,false,Equipment,2026-01-20 00:00:00.000
8982,107,249,,,false,true,Equipment,2026-01-20 00:00:00.000
8983,107,250,,,false,true,Equipment,2026-01-20 00:00:00.000
8984,107,58,,,false,true,Equipment,2026-01-20 00:00:00.000
8985,107,59,,,false,true,Equipment,2026-01-20 00:00:00.000
8986,107,60,,,false,true,Equipment,2026-01-20 00:00:00.000
8987,107,61,,,false,true,Equipment,2026-01-20 00:00:00.000
8988,107,253,,,false,false,Equipment,2026-01-20 00:00:00.000
8989,107,254,,,false,false,Equipment,2026-01-20 00:00:00.000
8990,107,353,16.605,0,,,Demand,2026-01-20 00:00:00.000
8991,107,22,0,0,,,Demand,2026-01-20 00:00:00.000
8992,107,23,90.166,0,,,Demand,2026-01-20 00:00:00.000
8993,107,177,179.617,0,,,Demand,2026-01-20 00:00:00.000
8994,107,199,6,0,,,Demand,2026-01-20 00:00:00.000
8995,107,152,1788.045,0,,,Demand,2026-01-20 00:00:00.000
8996,107,154,3705.345,0,,,Demand,2026-01-20 00:00:00.000
8997,107,155,0,0,,,Demand,2026-01-20 00:00:00.000
8998,107,156,22596.744,0,,,Demand,2026-01-20 00:00:00.000
8999,107,153,37582.297,0,,,Demand,2026-01-20 00:00:00.000
9000,107,2920,1800,0,,,Demand,2026-01-20 00:00:00.000
9001,107,2917,19915.015,0,,,Demand,2026-01-20 00:00:00.000
9002,107,374,11.403,0,,,Demand,2026-01-20 00:00:00.000
9003,107,411,3.451,0,,,Demand,2026-01-20 00:00:00.000
9004,107,12,0,0,,,Demand,2026-01-20 00:00:00.000
9005,107,13,0,0,,,Demand,2026-01-20 00:00:00.000
9006,107,14,0,0,,,Demand,2026-01-20 00:00:00.000
9007,107,2490,0,0,,,Demand,2026-01-20 00:00:00.000
9008,107,19,0,0,,,Demand,2026-01-20 00:00:00.000
9009,107,20,63.990,0,,,Demand,2026-01-20 00:00:00.000
9010,107,21,42.287,0,,,Demand,2026-01-20 00:00:00.000
9011,107,2638,1,0,,,Demand,2026-01-20 00:00:00.000
9012,107,18,61.172,0,,,Demand,2026-01-20 00:00:00.000
9013,107,15,0,0,,,Demand,2026-01-20 00:00:00.000
9014,107,16,73.079,0,,,Demand,2026-01-20 00:00:00.000
9015,107,17,55.850,0,,,Demand,2026-01-20 00:00:00.000
9016,107,226,535.855,0,,,Demand,2026-01-20 00:00:00.000
9017,107,3348,1,0,,,Other,2026-01-20 00:00:00.000
9018,107,5291,0,0,,,Other,2026-01-20 00:00:00.000
9019,107,5240,0,0,,,Other,2026-01-20 00:00:00.000
9020,107,5290,484.180,0,,,Other,2026-01-20 00:00:00.000
9021,107,5208,0,0,,,Other,2026-01-20 00:00:00.000
9022,107,5209,0,0,,,Other,2026-01-20 00:00:00.000
9023,107,5210,104.507,0,,,Other,2026-01-20 00:00:00.000
9024,107,5211,63.950,0,,,Other,2026-01-20 00:00:00.000
9025,107,5212,55.883,0,,,Other,2026-01-20 00:00:00.000
9026,107,5213,42.298,0,,,Other,2026-01-20 00:00:00.000
9027,107,5214,61.172,0,,,Other,2026-01-20 00:00:00.000
9028,107,5215,0,0,,,Other,2026-01-20 00:00:00.000
9029,107,203,336,0,,,Other,2026-01-20 00:00:00.000
9030,107,204,326,0,,,Other,2026-01-20 00:00:00.000
9031,107,205,15.435,0,,,Other,2026-01-20 00:00:00.000
9032,107,206,15.435,0,,,Other,2026-01-20 00:00:00.000
9033,107,207,11.270,0,,,Other,2026-01-20 00:00:00.000
9034,107,208,11.270,0,,,Other,2026-01-20 00:00:00.000
9035,107,209,12326,0,,,Other,2026-01-20 00:00:00.000
9036,107,210,350,0,,,Other,2026-01-20 00:00:00.000
9037,107,427,150,0,,,Other,2026-01-20 00:00:00.000
9038,107,428,150,0,,,Other,2026-01-20 00:00:00.000
9039,107,429,150,0,,,Other,2026-01-20 00:00:00.000
9040,107,430,150,0,,,Other,2026-01-20 00:00:00.000
9041,107,431,150,0,,,Other,2026-01-20 00:00:00.000
9042,107,432,0,0,,,Other,2026-01-20 00:00:00.000
9043,107,433,0,0,,,Other,2026-01-20 00:00:00.000
9044,107,434,0,0,,,Other,2026-01-20 00:00:00.000
9045,107,435,0,0,,,Other,2026-01-20 00:00:00.000
9046,107,1042,0,0,,,Other,2026-01-20 00:00:00.000
9047,107,1043,0.883,0,,,Other,2026-01-20 00:00:00.000
9048,107,1044,0.897,0,,,Other,2026-01-20 00:00:00.000
9049,107,1054,0,0,,,Other,2026-01-20 00:00:00.000
9050,107,389,1,0,,,Other,2026-01-20 00:00:00.000
9051,107,390,0,0,,,Other,2026-01-20 00:00:00.000
9052,107,391,1,0,,,Other,2026-01-20 00:00:00.000
9053,107,392,1,0,,,Other,2026-01-20 00:00:00.000
9054,107,393,1,0,,,Other,2026-01-20 00:00:00.000
9055,107,394,1,0,,,Other,2026-01-20 00:00:00.000
9056,107,5183,166.867,0,,,Other,2026-01-20 00:00:00.000
9057,107,5184,260.317,0,,,Other,2026-01-20 00:00:00.000
9058,107,5185,1287.119,0,,,Other,2026-01-20 00:00:00.000
9059,107,5186,46.552,0,,,Other,2026-01-20 00:00:00.000
9060,107,5187,172.653,0,,,Other,2026-01-20 00:00:00.000
9061,107,5188,433.069,0,,,Other,2026-01-20 00:00:00.000
9062,107,5189,8.080,0,,,Other,2026-01-20 00:00:00.000
9063,107,5190,20.926,0,,,Other,2026-01-20 00:00:00.000
9064,107,5191,-102.088,0,,,Other,2026-01-20 00:00:00.000
9065,107,5192,52.799,0,,,Other,2026-01-20 00:00:00.000
9066,107,5193,4.182,0,,,Other,2026-01-20 00:00:00.000
9067,107,3031,94.132,0,,,Other,2026-01-20 00:00:00.000
9068,107,504,507.447,0,,,Other,2026-01-20 00:00:00.000
9069,107,4876,54.258,0,,,Other,2026-01-20 00:00:00.000
9070,107,4871,429.606,0,,,Other,2026-01-20 00:00:00.000
9071,107,4870,247.103,0,,,Other,2026-01-20 00:00:00.000
9072,107,4929,49.184,0,,,Other,2026-01-20 00:00:00.000
9073,107,5195,912.485,0,,,Other,2026-01-20 00:00:00.000
9074,107,138,79.252,0,,,Other,2026-01-20 00:00:00.000
9075,107,1048,299.081,0,,,Other,2026-01-20 00:00:00.000
9076,107,1049,93.327,0,,,Other,2026-01-20 00:00:00.000
9077,107,1050,181.272,0,,,Other,2026-01-20 00:00:00.000
9078,107,1051,146.567,0,,,Other,2026-01-20 00:00:00.000
9079,107,1052,96.021,0,,,Other,2026-01-20 00:00:00.000
9080,107,2850,0,0,,,Other,2026-01-20 00:00:00.000
9081,107,5268,0,0,,,Other,2026-01-20 00:00:00.000
9082,107,5224,0,0,,,Other,2026-01-20 00:00:00.000
9083,107,1169,0,0,,,Other,2026-01-20 00:00:00.000
9084,107,1170,0,0,,,Other,2026-01-20 00:00:00.000
9085,107,5220,0,0,,,Other,2026-01-20 00:00:00.000
9086,107,5259,0,0,,,Other,2026-01-20 00:00:00.000
9087,107,5260,0,0,,,Other,2026-01-20 00:00:00.000
9088,107,3092,0,0,,,Other,2026-01-20 00:00:00.000
9089,107,2748,74.672,0,,,Other,2026-01-20 00:00:00.000
9090,107,5257,25.774,0,,,Other,2026-01-20 00:00:00.000
9091,107,5258,28.998,0,,,Other,2026-01-20 00:00:00.000
9092,107,5223,6.098,0,,,Other,2026-01-20 00:00:00.000
9093,107,1171,34.981,0,,,Other,2026-01-20 00:00:00.000
9094,107,1172,31.713,0,,,Other,2026-01-20 00:00:00.000
9095,107,5221,18.832,0,,,Other,2026-01-20 00:00:00.000
9096,107,5222,212.081,0,,,Other,2026-01-20 00:00:00.000
9097,107,3095,257.292,0,,,Other,2026-01-20 00:00:00.000
9098,107,2749,73.079,0,,,Other,2026-01-20 00:00:00.000
9099,107,3099,7.071,0,,,Other,2026-01-20 00:00:00.000
9100,107,3098,234.167,0,,,Other,2026-01-20 00:00:00.000
9101,107,149,90.226,0,,,Other,2026-01-20 00:00:00.000
9102,107,147,10.075,0,,,Other,2026-01-20 00:00:00.000
9103,107,5225,197.553,0,,,Other,2026-01-20 00:00:00.000
9104,107,1173,53.073,0,,,Other,2026-01-20 00:00:00.000
9105,107,1174,45.990,0,,,Other,2026-01-20 00:00:00.000
9106,107,5226,197.666,0,,,Other,2026-01-20 00:00:00.000
9107,107,2750,55.850,0,,,Other,2026-01-20 00:00:00.000
9108,107,1053,133.644,0,,,Other,2026-01-20 00:00:00.000
9109,107,229,452.854,0,,,Other,2026-01-20 00:00:00.000
9110,107,4788,4,0,,,Other,2026-01-20 00:00:00.000
9111,107,395,1,0,,,Other,2026-01-20 00:00:00.000
9112,107,425,452.854,0,,,Other,2026-01-20 00:00:00.000
9113,107,77,492.987,0,,,Other,2026-01-20 00:00:00.000
9114,107,1047,512.925,0,,,Other,2026-01-20 00:00:00.000
9115,107,403,98.500,0,,,Other,2026-01-20 00:00:00.000
9116,107,69,359.336,0,,,Other,2026-01-20 00:00:00.000
9117,107,70,0,0,,,Other,2026-01-20 00:00:00.000
9118,107,71,195.670,0,,,Other,2026-01-20 00:00:00.000
9119,107,72,160.256,0,,,Other,2026-01-20 00:00:00.000
9120,107,73,170.798,0,,,Other,2026-01-20 00:00:00.000
9121,107,74,0,0,,,Other,2026-01-20 00:00:00.000
9122,107,75,9.861,0,,,Other,2026-01-20 00:00:00.000
9123,107,76,13.486,0,,,Other,2026-01-20 00:00:00.000
9124,107,1151,5.991,0,,,Other,2026-01-20 00:00:00.000
9125,107,334,15000,0,,,Other,2026-01-20 00:00:00.000
9126,107,4043,93.793,0,,,Other,2026-01-20 00:00:00.000
9127,107,4044,93.874,0,,,Other,2026-01-20 00:00:00.000
9128,107,4045,94.002,0,,,Other,2026-01-20 00:00:00.000
9129,107,4046,94.213,0,,,Other,2026-01-20 00:00:00.000
9130,107,4047,94.070,0,,,Other,2026-01-20 00:00:00.000
9131,107,58,1,0,,,Other,2026-01-20 00:00:00.000
9132,107,59,1,0,,,Other,2026-01-20 00:00:00.000
9133,107,60,1,0,,,Other,2026-01-20 00:00:00.000
9134,107,61,1,0,,,Other,2026-01-20 00:00:00.000
9135,107,62,1,0,,,Other,2026-01-20 00:00:00.000
9136,107,166,14.542,0,,,Other,2026-01-20 00:00:00.000
9137,107,167,0,0,,,Other,2026-01-20 00:00:00.000
9138,107,168,11.244,0,,,Other,2026-01-20 00:00:00.000
9139,107,78,42.868,0,,,Other,2026-01-20 00:00:00.000
9140,107,169,4.378,0,,,Other,2026-01-20 00:00:00.000
9141,107,352,763.376,0,,,Other,2026-01-20 00:00:00.000
9142,107,5205,0,0,,,Other,2026-01-20 00:00:00.000
9143,107,5206,0.711,0,,,Other,2026-01-20 00:00:00.000
9144,107,5207,0.714,0,,,Other,2026-01-20 00:00:00.000
9145,107,5204,0.800,0,,,Other,2026-01-20 00:00:00.000
9146,107,225,848.617,0,,,Other,2026-01-20 00:00:00.000
9147,107,354,67472.431,0,,,Other,2026-01-20 00:00:00.000
9148,107,335,29.685,0,,,Other,2026-01-20 00:00:00.000
9149,107,3333,0,0,,,Other,2026-01-20 00:00:00.000
9150,107,3334,0,0,,,Other,2026-01-20 00:00:00.000
9151,107,2929,0,0,,,Other,2026-01-20 00:00:00.000
9152,107,2936,0,0,,,Other,2026-01-20 00:00:00.000
9153,107,2941,0,0,,,Other,2026-01-20 00:00:00.000
9154,107,2948,0,0,,,Other,2026-01-20 00:00:00.000
9155,107,2953,0,0,,,Other,2026-01-20 00:00:00.000
9156,107,2960,0,0,,,Other,2026-01-20 00:00:00.000
9157,107,5536,0,0,,,Other,2026-01-20 00:00:00.000
9158,107,3332,1,0,,,Other,2026-01-20 00:00:00.000
9159,107,4061,0,0,,,Other,2026-01-20 00:00:00.000
9160,107,4062,0,0,,,Other,2026-01-20 00:00:00.000
9161,107,4063,0,0,,,Other,2026-01-20 00:00:00.000
9162,107,4064,0,0,,,Other,2026-01-20 00:00:00.000
9163,107,4065,0,0,,,Other,2026-01-20 00:00:00.000
9164,107,4066,0,0,,,Other,2026-01-20 00:00:00.000
9165,107,4067,0,0,,,Other,2026-01-20 00:00:00.000
9166,107,4068,0,0,,,Other,2026-01-20 00:00:00.000
9167,107,4069,1,0,,,Other,2026-01-20 00:00:00.000
9168,107,4070,0,0,,,Other,2026-01-20 00:00:00.000
9169,107,4071,0,0,,,Other,2026-01-20 00:00:00.000
9170,107,4785,2.938,0,,,Other,2026-01-20 00:00:00.000
9171,107,4786,1,0,,,Other,2026-01-20 00:00:00.000
9172,107,5181,0,0,,,Other,2026-01-20 00:00:00.000
9173,107,5182,5,0,,,Other,2026-01-20 00:00:00.000
9174,107,4787,0,0,,,Other,2026-01-20 00:00:00.000
9175,107,4926,0,0,,,Other,2026-01-20 00:00:00.000
9176,107,278,5,0,,,Other,2026-01-20 00:00:00.000
9177,107,357,535.855,0,,,Other,2026-01-20 00:00:00.000
9178,107,5073,110,0,,,Other,2026-01-20 00:00:00.000
9179,107,5074,120,0,,,Other,2026-01-20 00:00:00.000
9180,107,4807,1,0,,,Other,2026-01-20 00:00:00.000
9181,107,276,3,0,,,Other,2026-01-20 00:00:00.000
9182,107,200,0,0,,,Other,2026-01-20 00:00:00.000
9183,107,1152,0,0,,,Other,2026-01-20 00:00:00.000
9184,107,1153,0,0,,,Other,2026-01-20 00:00:00.000
9185,107,3329,41.986,0,,,Other,2026-01-20 00:00:00.000
9186,107,1116,0,0,,,Other,2026-01-20 00:00:00.000
9187,107,1117,13,0,,,Other,2026-01-20 00:00:00.000
9188,107,1118,24,0,,,Other,2026-01-20 00:00:00.000
9189,107,1119,6,0,,,Other,2026-01-20 00:00:00.000
9190,107,1120,7,0,,,Other,2026-01-20 00:00:00.000
9191,107,405,0,0,,,Other,2026-01-20 00:00:00.000
9192,107,407,1.511,0,,,Other,2026-01-20 00:00:00.000
9193,107,409,0.002,0,,,Other,2026-01-20 00:00:00.000
9194,107,4073,1.513,0,,,Other,2026-01-20 00:00:00.000
9195,107,4076,0.300,0,,,Other,2026-01-20 00:00:00.000
9196,107,406,0,0,,,Other,2026-01-20 00:00:00.000
9197,107,408,0.827,0,,,Other,2026-01-20 00:00:00.000
9198,107,410,0,0,,,Other,2026-01-20 00:00:00.000
9199,107,412,0,0,,,Other,2026-01-20 00:00:00.000
9200,107,4077,0.827,0,,,Other,2026-01-20 00:00:00.000
9201,107,1114,45,0,,,Other,2026-01-20 00:00:00.000
9202,107,1115,3.500,0,,,Other,2026-01-20 00:00:00.000
9203,107,396,3.500,0,,,Other,2026-01-20 00:00:00.000
9204,107,397,0,0,,,Other,2026-01-20 00:00:00.000
9205,107,398,13,0,,,Other,2026-01-20 00:00:00.000
9206,107,399,24,0,,,Other,2026-01-20 00:00:00.000
9207,107,400,6,0,,,Other,2026-01-20 00:00:00.000
9208,107,401,7,0,,,Other,2026-01-20 00:00:00.000
9209,107,4079,53.500,0,,,Other,2026-01-20 00:00:00.000
9210,107,4080,45,0,,,Other,2026-01-20 00:00:00.000
9211,107,418,15.841,0,,,Other,2026-01-20 00:00:00.000
9212,107,5196,87402.148,0,,,Other,2026-01-20 00:00:00.000
9213,107,5197,13635.576,0,,,Other,2026-01-20 00:00:00.000
9214,107,5216,10,0,,,Other,2026-01-20 00:00:00.000
9215,107,5292,0,0,,,Other,2026-01-20 00:00:00.000
9216,107,5293,1,0,,,Other,2026-01-20 00:00:00.000
9217,107,5294,0,0,,,Other,2026-01-20 00:00:00.000
9218,107,5295,1,0,,,Other,2026-01-20 00:00:00.000
9219,107,5539,1,0,,,Other,2026-01-20 00:00:00.000
9220,107,5540,1,0,,,Other,2026-01-20 00:00:00.000
9221,107,5541,1,0,,,Other,2026-01-20 00:00:00.000
9222,107,5542,1,0,,,Other,2026-01-20 00:00:00.000
9223,107,5543,1,0,,,Other,2026-01-20 00:00:00.000
9224,107,5570,0,0,,,Other,2026-01-20 00:00:00.000
9225,107,5571,4.849,0,,,Other,2026-01-20 00:00:00.000
9226,107,5572,0,0,,,Other,2026-01-20 00:00:00.000
9227,107,5573,4.180,0,,,Other,2026-01-20 00:00:00.000
9228,107,5579,0,0,,,Other,2026-01-20 00:00:00.000
9229,107,5580,0,0,,,Other,2026-01-20 00:00:00.000
9230,107,5581,0,0,,,Other,2026-01-20 00:00:00.000
9231,107,5582,0.691,0,,,Other,2026-01-20 00:00:00.000
9232,107,5583,0,0,,,Other,2026-01-20 00:00:00.000
9233,107,5584,0,0,,,Other,2026-01-20 00:00:00.000
9234,107,5585,0,0,,,Other,2026-01-20 00:00:00.000
9235,107,5586,0,0,,,Other,2026-01-20 00:00:00.000
9236,107,5587,0,0,,,Other,2026-01-20 00:00:00.000
9237,107,5588,0,0,,,Other,2026-01-20 00:00:00.000
9238,107,5589,0,0,,,Other,2026-01-20 00:00:00.000
9239,107,5590,0,0,,,Other,2026-01-20 00:00:00.000
9240,107,5591,0,0,,,Other,2026-01-20 00:00:00.000
9241,107,5592,0,0,,,Other,2026-01-20 00:00:00.000
9242,107,5593,0,0,,,Other,2026-01-20 00:00:00.000
9243,107,5594,0,0,,,Other,2026-01-20 00:00:00.000
9244,107,5595,0,0,,,Other,2026-01-20 00:00:00.000
9245,107,5596,0,0,,,Other,2026-01-20 00:00:00.000
9246,107,5597,0,0,,,Other,2026-01-20 00:00:00.000
9247,107,5598,0,0,,,Other,2026-01-20 00:00:00.000
9248,107,5599,0,0,,,Other,2026-01-20 00:00:00.000
9249,107,5600,0,0,,,Other,2026-01-20 00:00:00.000
9250,107,5606,0,0,,,Other,2026-01-20 00:00:00.000
9251,107,2626,0.792,0,,,Other,2026-01-20 00:00:00.000
9252,107,2627,15.713,0,,,Other,2026-01-20 00:00:00.000
9253,107,2628,15.713,0,,,Other,2026-01-20 00:00:00.000
9254,107,2629,0.792,0,,,Other,2026-01-20 00:00:00.000
9255,107,2630,15.713,0,,,Other,2026-01-20 00:00:00.000
9256,107,2631,0.792,0,,,Other,2026-01-20 00:00:00.000
9257,107,2598,34.200,0,,,Other,2026-01-20 00:00:00.000
9258,107,2599,34.200,0,,,Other,2026-01-20 00:00:00.000
9259,107,2600,0,0,,,Other,2026-01-20 00:00:00.000
9260,107,2601,2.295,0,,,Other,2026-01-20 00:00:00.000
9261,107,2602,2.295,0,,,Other,2026-01-20 00:00:00.000
9262,107,2603,2.295,0,,,Other,2026-01-20 00:00:00.000
9263,107,2604,34.200,0,,,Other,2026-01-20 00:00:00.000
9264,107,2605,0.827,0,,,Other,2026-01-20 00:00:00.000
9265,107,2606,0.858,0,,,Other,2026-01-20 00:00:00.000
9266,107,2607,0,0,,,Other,2026-01-20 00:00:00.000
9267,107,2608,0,0,,,Other,2026-01-20 00:00:00.000
9268,107,2609,0,0,,,Other,2026-01-20 00:00:00.000
9269,107,2610,0,0,,,Other,2026-01-20 00:00:00.000
9270,107,2611,5.191,0,,,Other,2026-01-20 00:00:00.000
9271,107,2620,5.577,0,,,Other,2026-01-20 00:00:00.000
9272,107,2622,5.577,0,,,Other,2026-01-20 00:00:00.000
9273,107,2621,0.075,0,,,Other,2026-01-20 00:00:00.000
9274,107,2623,0,0,,,Other,2026-01-20 00:00:00.000
9275,107,2625,0.197,0,,,Other,2026-01-20 00:00:00.000
9276,107,2624,0,0,,,Other,2026-01-20 00:00:00.000
9277,107,2595,0,0,,,Other,2026-01-20 00:00:00.000
9278,107,2596,1.270,0,,,Other,2026-01-20 00:00:00.000
9279,107,2597,0.524,0,,,Other,2026-01-20 00:00:00.000
9280,107,2612,5.643,0,,,Other,2026-01-20 00:00:00.000
9281,107,2613,23.241,0,,,Other,2026-01-20 00:00:00.000
9282,107,2614,0,0,,,Other,2026-01-20 00:00:00.000
9283,107,2615,1.301,0,,,Other,2026-01-20 00:00:00.000
9284,107,2616,0,0,,,Other,2026-01-20 00:00:00.000
9285,107,2617,12.122,0,,,Other,2026-01-20 00:00:00.000
9286,107,2618,0,0,,,Other,2026-01-20 00:00:00.000
9287,107,2619,-1.221,0,,,Other,2026-01-20 00:00:00.000
9288,107,3078,0.792,0,,,Other,2026-01-20 00:00:00.000
9289,107,3079,15.271,0,,,Other,2026-01-20 00:00:00.000
9290,107,3080,17.850,0,,,Other,2026-01-20 00:00:00.000
9291,107,3081,0.792,0,,,Other,2026-01-20 00:00:00.000
9292,107,3082,15.061,0,,,Other,2026-01-20 00:00:00.000
9293,107,3083,0.792,0,,,Other,2026-01-20 00:00:00.000
9294,107,3084,1.620,0,,,Other,2026-01-20 00:00:00.000
9295,107,3085,32.472,0,,,Other,2026-01-20 00:00:00.000
9296,107,3086,31.726,0,,,Other,2026-01-20 00:00:00.000
9297,107,3089,5.577,0,,,Other,2026-01-20 00:00:00.000
9298,107,3090,5.774,0,,,Other,2026-01-20 00:00:00.000
9299,107,3091,0.075,0,,,Other,2026-01-20 00:00:00.000
9300,107,2632,0,0,,,Other,2026-01-20 00:00:00.000
9301,107,2633,-0.441,0,,,Other,2026-01-20 00:00:00.000
9302,107,2634,2.137,0,,,Other,2026-01-20 00:00:00.000
9303,107,2635,0,0,,,Other,2026-01-20 00:00:00.000
9304,107,2636,-0.652,0,,,Other,2026-01-20 00:00:00.000
9305,107,2637,0,0,,,Other,2026-01-20 00:00:00.000
9306,107,5026,0,0,,,Other,2026-01-20 00:00:00.000
9307,107,5075,80,0,,,Other,2026-01-20 00:00:00.000
9308,107,5076,80,0,,,Other,2026-01-20 00:00:00.000
9309,107,2482,0,0,,,Other,2026-01-20 00:00:00.000
9310,107,4042,1,0,,,Other,2026-01-20 00:00:00.000
9311,107,5105,672.420,0,,,Other,2026-01-20 00:00:00.000
9312,107,5106,0,0,,,Other,2026-01-20 00:00:00.000
9313,107,5107,584.152,0,,,Other,2026-01-20 00:00:00.000
9314,107,5108,381.775,0,,,Other,2026-01-20 00:00:00.000
9315,107,5109,162.929,0,,,Other,2026-01-20 00:00:00.000
9316,107,5100,4.700,0,,,Other,2026-01-20 00:00:00.000
9317,107,5101,4.801,0,,,Other,2026-01-20 00:00:00.000
9318,107,5102,4.995,0,,,Other,2026-01-20 00:00:00.000
9319,107,5103,4.708,0,,,Other,2026-01-20 00:00:00.000
9320,107,5104,6.289,0,,,Other,2026-01-20 00:00:00.000
9321,107,5632,17.309,0,,,Other,2026-01-20 00:00:00.000
9322,107,5633,11.890,0,,,Other,2026-01-20 00:00:00.000
9323,107,5661,67472.431,0,,,Other,2026-01-20 00:00:00.000
9324,107,5663,67472.431,0,,,Other,2026-01-20 00:00:00.000
9325,107,5679,0,0,,,Other,2026-01-20 00:00:00.000
9326,107,218,13.330,,,,Price_Inputs,2026-01-20 00:00:00.000
9327,107,219,2.040,,,,Price_Inputs,2026-01-20 00:00:00.000
9328,107,220,1.960,,,,Price_Inputs,2026-01-20 00:00:00.000
9329,107,223,72.760,,,,Plant_Parameter,2026-01-20 00:00:00.000
9330,107,2647,89.670,,,,Plant_Parameter,2026-01-20 00:00:00.000
9331,107,221,0.060,,,,Plant_Parameter,2026-01-20 00:00:00.000
9332,107,2645,0,,,,Plant_Parameter,2026-01-20 00:00:00.000
9333,107,1190,484.180,,,,Plant_Parameter,2026-01-20 00:00:00.000
9334,107,5288,0,,,,Plant_Parameter,2026-01-20 00:00:00.000
9335,107,5289,0,,,,Plant_Parameter,2026-01-20 00:00:00.000
9336,107,222,48.770,,,,Plant_Parameter,2026-01-20 00:00:00.000
9337,107,2646,88.270,,,,Plant_Parameter,2026-01-20 00:00:00.000
9338,107,1212,22.430,,,,Plant_Parameter,2026-01-20 00:00:00.000
9339,107,1213,44.110,,,,Plant_Parameter,2026-01-20 00:00:00.000
9340,107,426,100,,,,Plant_Parameter,2026-01-20 00:00:00.000
9341,108,235,,,false,true,Equipment,2026-01-20 00:00:00.000
9342,108,234,,,false,true,Equipment,2026-01-20 00:00:00.000
9343,108,237,,,false,true,Equipment,2026-01-20 00:00:00.000
9344,108,238,,,false,true,Equipment,2026-01-20 00:00:00.000
9345,108,245,,,false,true,Equipment,2026-01-20 00:00:00.000
9346,108,244,,,false,true,Equipment,2026-01-20 00:00:00.000
9347,108,247,,,false,true,Equipment,2026-01-20 00:00:00.000
9348,108,248,,,false,true,Equipment,2026-01-20 00:00:00.000
9349,108,252,,,false,true,Equipment,2026-01-20 00:00:00.000
9350,108,251,,,false,true,Equipment,2026-01-20 00:00:00.000
9351,108,62,,,false,true,Equipment,2026-01-20 00:00:00.000
9352,108,230,,,false,true,Equipment,2026-01-20 00:00:00.000
9353,108,231,,,false,true,Equipment,2026-01-20 00:00:00.000
9354,108,232,,,false,true,Equipment,2026-01-20 00:00:00.000
9355,108,233,,,false,true,Equipment,2026-01-20 00:00:00.000
9356,108,236,,,false,true,Equipment,2026-01-20 00:00:00.000
9357,108,239,,,false,true,Equipment,2026-01-20 00:00:00.000
9358,108,240,,,false,true,Equipment,2026-01-20 00:00:00.000
9359,108,241,,,false,true,Equipment,2026-01-20 00:00:00.000
9360,108,242,,,false,true,Equipment,2026-01-20 00:00:00.000
9361,108,243,,,false,true,Equipment,2026-01-20 00:00:00.000
9362,108,246,,,false,false,Equipment,2026-01-20 00:00:00.000
9363,108,249,,,false,true,Equipment,2026-01-20 00:00:00.000
9364,108,250,,,false,true,Equipment,2026-01-20 00:00:00.000
9365,108,58,,,false,true,Equipment,2026-01-20 00:00:00.000
9366,108,59,,,false,true,Equipment,2026-01-20 00:00:00.000
9367,108,60,,,false,true,Equipment,2026-01-20 00:00:00.000
9368,108,61,,,false,true,Equipment,2026-01-20 00:00:00.000
9369,108,253,,,false,false,Equipment,2026-01-20 00:00:00.000
9370,108,254,,,false,false,Equipment,2026-01-20 00:00:00.000
9371,108,353,16.605,0,,,Demand,2026-01-20 00:00:00.000
9372,108,22,0,0,,,Demand,2026-01-20 00:00:00.000
9373,108,23,90.166,0,,,Demand,2026-01-20 00:00:00.000
9374,108,177,179.617,0,,,Demand,2026-01-20 00:00:00.000
9375,108,199,6,0,,,Demand,2026-01-20 00:00:00.000
9376,108,152,1788.045,0,,,Demand,2026-01-20 00:00:00.000
9377,108,154,3705.345,0,,,Demand,2026-01-20 00:00:00.000
9378,108,155,0,0,,,Demand,2026-01-20 00:00:00.000
9379,108,156,22596.744,0,,,Demand,2026-01-20 00:00:00.000
9380,108,153,37582.297,0,,,Demand,2026-01-20 00:00:00.000
9381,108,2920,1800,0,,,Demand,2026-01-20 00:00:00.000
9382,108,2917,19915.015,0,,,Demand,2026-01-20 00:00:00.000
9383,108,374,11.403,0,,,Demand,2026-01-20 00:00:00.000
9384,108,411,3.451,0,,,Demand,2026-01-20 00:00:00.000
9385,108,12,0,0,,,Demand,2026-01-20 00:00:00.000
9386,108,13,0,0,,,Demand,2026-01-20 00:00:00.000
9387,108,14,0,0,,,Demand,2026-01-20 00:00:00.000
9388,108,2490,0,0,,,Demand,2026-01-20 00:00:00.000
9389,108,19,0,0,,,Demand,2026-01-20 00:00:00.000
9390,108,20,63.990,0,,,Demand,2026-01-20 00:00:00.000
9391,108,21,42.287,0,,,Demand,2026-01-20 00:00:00.000
9392,108,2638,1,0,,,Demand,2026-01-20 00:00:00.000
9393,108,18,61.172,0,,,Demand,2026-01-20 00:00:00.000
9394,108,15,0,0,,,Demand,2026-01-20 00:00:00.000
9395,108,16,73.079,0,,,Demand,2026-01-20 00:00:00.000
9396,108,17,55.850,0,,,Demand,2026-01-20 00:00:00.000
9397,108,226,535.855,0,,,Demand,2026-01-20 00:00:00.000
9398,108,3348,1,0,,,Other,2026-01-20 00:00:00.000
9399,108,5291,0,0,,,Other,2026-01-20 00:00:00.000
9400,108,5240,0,0,,,Other,2026-01-20 00:00:00.000
9401,108,5290,484.180,0,,,Other,2026-01-20 00:00:00.000
9402,108,5208,0,0,,,Other,2026-01-20 00:00:00.000
9403,108,5209,0,0,,,Other,2026-01-20 00:00:00.000
9404,108,5210,104.507,0,,,Other,2026-01-20 00:00:00.000
9405,108,5211,63.950,0,,,Other,2026-01-20 00:00:00.000
9406,108,5212,55.883,0,,,Other,2026-01-20 00:00:00.000
9407,108,5213,42.298,0,,,Other,2026-01-20 00:00:00.000
9408,108,5214,61.172,0,,,Other,2026-01-20 00:00:00.000
9409,108,5215,0,0,,,Other,2026-01-20 00:00:00.000
9410,108,203,336,0,,,Other,2026-01-20 00:00:00.000
9411,108,204,326,0,,,Other,2026-01-20 00:00:00.000
9412,108,205,15.435,0,,,Other,2026-01-20 00:00:00.000
9413,108,206,15.435,0,,,Other,2026-01-20 00:00:00.000
9414,108,207,11.270,0,,,Other,2026-01-20 00:00:00.000
9415,108,208,11.270,0,,,Other,2026-01-20 00:00:00.000
9416,108,209,12326,0,,,Other,2026-01-20 00:00:00.000
9417,108,210,350,0,,,Other,2026-01-20 00:00:00.000
9418,108,427,150,0,,,Other,2026-01-20 00:00:00.000
9419,108,428,150,0,,,Other,2026-01-20 00:00:00.000
9420,108,429,150,0,,,Other,2026-01-20 00:00:00.000
9421,108,430,150,0,,,Other,2026-01-20 00:00:00.000
9422,108,431,150,0,,,Other,2026-01-20 00:00:00.000
9423,108,432,0,0,,,Other,2026-01-20 00:00:00.000
9424,108,433,0,0,,,Other,2026-01-20 00:00:00.000
9425,108,434,0,0,,,Other,2026-01-20 00:00:00.000
9426,108,435,0,0,,,Other,2026-01-20 00:00:00.000
9427,108,1042,0,0,,,Other,2026-01-20 00:00:00.000
9428,108,1043,0.883,0,,,Other,2026-01-20 00:00:00.000
9429,108,1044,0.897,0,,,Other,2026-01-20 00:00:00.000
9430,108,1054,0,0,,,Other,2026-01-20 00:00:00.000
9431,108,389,1,0,,,Other,2026-01-20 00:00:00.000
9432,108,390,0,0,,,Other,2026-01-20 00:00:00.000
9433,108,391,1,0,,,Other,2026-01-20 00:00:00.000
9434,108,392,1,0,,,Other,2026-01-20 00:00:00.000
9435,108,393,1,0,,,Other,2026-01-20 00:00:00.000
9436,108,394,1,0,,,Other,2026-01-20 00:00:00.000
9437,108,5183,166.867,0,,,Other,2026-01-20 00:00:00.000
9438,108,5184,260.317,0,,,Other,2026-01-20 00:00:00.000
9439,108,5185,1287.119,0,,,Other,2026-01-20 00:00:00.000
9440,108,5186,46.552,0,,,Other,2026-01-20 00:00:00.000
9441,108,5187,172.653,0,,,Other,2026-01-20 00:00:00.000
9442,108,5188,433.069,0,,,Other,2026-01-20 00:00:00.000
9443,108,5189,8.080,0,,,Other,2026-01-20 00:00:00.000
9444,108,5190,20.926,0,,,Other,2026-01-20 00:00:00.000
9445,108,5191,-102.088,0,,,Other,2026-01-20 00:00:00.000
9446,108,5192,52.799,0,,,Other,2026-01-20 00:00:00.000
9447,108,5193,4.182,0,,,Other,2026-01-20 00:00:00.000
9448,108,3031,94.132,0,,,Other,2026-01-20 00:00:00.000
9449,108,504,507.447,0,,,Other,2026-01-20 00:00:00.000
9450,108,4876,54.258,0,,,Other,2026-01-20 00:00:00.000
9451,108,4871,429.606,0,,,Other,2026-01-20 00:00:00.000
9452,108,4870,247.103,0,,,Other,2026-01-20 00:00:00.000
9453,108,4929,49.184,0,,,Other,2026-01-20 00:00:00.000
9454,108,5195,912.485,0,,,Other,2026-01-20 00:00:00.000
9455,108,138,79.252,0,,,Other,2026-01-20 00:00:00.000
9456,108,1048,299.081,0,,,Other,2026-01-20 00:00:00.000
9457,108,1049,93.327,0,,,Other,2026-01-20 00:00:00.000
9458,108,1050,181.272,0,,,Other,2026-01-20 00:00:00.000
9459,108,1051,146.567,0,,,Other,2026-01-20 00:00:00.000
9460,108,1052,96.021,0,,,Other,2026-01-20 00:00:00.000
9461,108,2850,0,0,,,Other,2026-01-20 00:00:00.000
9462,108,5268,0,0,,,Other,2026-01-20 00:00:00.000
9463,108,5224,0,0,,,Other,2026-01-20 00:00:00.000
9464,108,1169,0,0,,,Other,2026-01-20 00:00:00.000
9465,108,1170,0,0,,,Other,2026-01-20 00:00:00.000
9466,108,5220,0,0,,,Other,2026-01-20 00:00:00.000
9467,108,5259,0,0,,,Other,2026-01-20 00:00:00.000
9468,108,5260,0,0,,,Other,2026-01-20 00:00:00.000
9469,108,3092,0,0,,,Other,2026-01-20 00:00:00.000
9470,108,2748,74.672,0,,,Other,2026-01-20 00:00:00.000
9471,108,5257,25.774,0,,,Other,2026-01-20 00:00:00.000
9472,108,5258,28.998,0,,,Other,2026-01-20 00:00:00.000
9473,108,5223,6.098,0,,,Other,2026-01-20 00:00:00.000
9474,108,1171,34.981,0,,,Other,2026-01-20 00:00:00.000
9475,108,1172,31.713,0,,,Other,2026-01-20 00:00:00.000
9476,108,5221,18.832,0,,,Other,2026-01-20 00:00:00.000
9477,108,5222,212.081,0,,,Other,2026-01-20 00:00:00.000
9478,108,3095,257.292,0,,,Other,2026-01-20 00:00:00.000
9479,108,2749,73.079,0,,,Other,2026-01-20 00:00:00.000
9480,108,3099,7.071,0,,,Other,2026-01-20 00:00:00.000
9481,108,3098,234.167,0,,,Other,2026-01-20 00:00:00.000
9482,108,149,90.226,0,,,Other,2026-01-20 00:00:00.000
9483,108,147,10.075,0,,,Other,2026-01-20 00:00:00.000
9484,108,5225,197.553,0,,,Other,2026-01-20 00:00:00.000
9485,108,1173,53.073,0,,,Other,2026-01-20 00:00:00.000
9486,108,1174,45.990,0,,,Other,2026-01-20 00:00:00.000
9487,108,5226,197.666,0,,,Other,2026-01-20 00:00:00.000
9488,108,2750,55.850,0,,,Other,2026-01-20 00:00:00.000
9489,108,1053,133.644,0,,,Other,2026-01-20 00:00:00.000
9490,108,229,452.854,0,,,Other,2026-01-20 00:00:00.000
9491,108,4788,4,0,,,Other,2026-01-20 00:00:00.000
9492,108,395,1,0,,,Other,2026-01-20 00:00:00.000
9493,108,425,452.854,0,,,Other,2026-01-20 00:00:00.000
9494,108,77,492.987,0,,,Other,2026-01-20 00:00:00.000
9495,108,1047,512.925,0,,,Other,2026-01-20 00:00:00.000
9496,108,403,98.500,0,,,Other,2026-01-20 00:00:00.000
9497,108,69,359.336,0,,,Other,2026-01-20 00:00:00.000
9498,108,70,0,0,,,Other,2026-01-20 00:00:00.000
9499,108,71,195.670,0,,,Other,2026-01-20 00:00:00.000
9500,108,72,160.256,0,,,Other,2026-01-20 00:00:00.000
9501,108,73,170.798,0,,,Other,2026-01-20 00:00:00.000
9502,108,74,0,0,,,Other,2026-01-20 00:00:00.000
9503,108,75,9.861,0,,,Other,2026-01-20 00:00:00.000
9504,108,76,13.486,0,,,Other,2026-01-20 00:00:00.000
9505,108,1151,5.991,0,,,Other,2026-01-20 00:00:00.000
9506,108,334,15000,0,,,Other,2026-01-20 00:00:00.000
9507,108,4043,93.793,0,,,Other,2026-01-20 00:00:00.000
9508,108,4044,93.874,0,,,Other,2026-01-20 00:00:00.000
9509,108,4045,94.002,0,,,Other,2026-01-20 00:00:00.000
9510,108,4046,94.213,0,,,Other,2026-01-20 00:00:00.000
9511,108,4047,94.070,0,,,Other,2026-01-20 00:00:00.000
9512,108,58,1,0,,,Other,2026-01-20 00:00:00.000
9513,108,59,1,0,,,Other,2026-01-20 00:00:00.000
9514,108,60,1,0,,,Other,2026-01-20 00:00:00.000
9515,108,61,1,0,,,Other,2026-01-20 00:00:00.000
9516,108,62,1,0,,,Other,2026-01-20 00:00:00.000
9517,108,166,14.542,0,,,Other,2026-01-20 00:00:00.000
9518,108,167,0,0,,,Other,2026-01-20 00:00:00.000
9519,108,168,11.244,0,,,Other,2026-01-20 00:00:00.000
9520,108,78,42.868,0,,,Other,2026-01-20 00:00:00.000
9521,108,169,4.378,0,,,Other,2026-01-20 00:00:00.000
9522,108,352,763.376,0,,,Other,2026-01-20 00:00:00.000
9523,108,5205,0,0,,,Other,2026-01-20 00:00:00.000
9524,108,5206,0.711,0,,,Other,2026-01-20 00:00:00.000
9525,108,5207,0.714,0,,,Other,2026-01-20 00:00:00.000
9526,108,5204,0.800,0,,,Other,2026-01-20 00:00:00.000
9527,108,225,848.617,0,,,Other,2026-01-20 00:00:00.000
9528,108,354,67472.431,0,,,Other,2026-01-20 00:00:00.000
9529,108,335,29.685,0,,,Other,2026-01-20 00:00:00.000
9530,108,3333,0,0,,,Other,2026-01-20 00:00:00.000
9531,108,3334,0,0,,,Other,2026-01-20 00:00:00.000
9532,108,2929,0,0,,,Other,2026-01-20 00:00:00.000
9533,108,2936,0,0,,,Other,2026-01-20 00:00:00.000
9534,108,2941,0,0,,,Other,2026-01-20 00:00:00.000
9535,108,2948,0,0,,,Other,2026-01-20 00:00:00.000
9536,108,2953,0,0,,,Other,2026-01-20 00:00:00.000
9537,108,2960,0,0,,,Other,2026-01-20 00:00:00.000
9538,108,5536,0,0,,,Other,2026-01-20 00:00:00.000
9539,108,3332,1,0,,,Other,2026-01-20 00:00:00.000
9540,108,4061,0,0,,,Other,2026-01-20 00:00:00.000
9541,108,4062,0,0,,,Other,2026-01-20 00:00:00.000
9542,108,4063,0,0,,,Other,2026-01-20 00:00:00.000
9543,108,4064,0,0,,,Other,2026-01-20 00:00:00.000
9544,108,4065,0,0,,,Other,2026-01-20 00:00:00.000
9545,108,4066,0,0,,,Other,2026-01-20 00:00:00.000
9546,108,4067,0,0,,,Other,2026-01-20 00:00:00.000
9547,108,4068,0,0,,,Other,2026-01-20 00:00:00.000
9548,108,4069,1,0,,,Other,2026-01-20 00:00:00.000
9549,108,4070,0,0,,,Other,2026-01-20 00:00:00.000
9550,108,4071,0,0,,,Other,2026-01-20 00:00:00.000
9551,108,4785,2.938,0,,,Other,2026-01-20 00:00:00.000
9552,108,4786,1,0,,,Other,2026-01-20 00:00:00.000
9553,108,5181,0,0,,,Other,2026-01-20 00:00:00.000
9554,108,5182,5,0,,,Other,2026-01-20 00:00:00.000
9555,108,4787,0,0,,,Other,2026-01-20 00:00:00.000
9556,108,4926,0,0,,,Other,2026-01-20 00:00:00.000
9557,108,278,5,0,,,Other,2026-01-20 00:00:00.000
9558,108,357,535.855,0,,,Other,2026-01-20 00:00:00.000
9559,108,5073,110,0,,,Other,2026-01-20 00:00:00.000
9560,108,5074,120,0,,,Other,2026-01-20 00:00:00.000
9561,108,4807,1,0,,,Other,2026-01-20 00:00:00.000
9562,108,276,3,0,,,Other,2026-01-20 00:00:00.000
9563,108,200,0,0,,,Other,2026-01-20 00:00:00.000
9564,108,1152,0,0,,,Other,2026-01-20 00:00:00.000
9565,108,1153,0,0,,,Other,2026-01-20 00:00:00.000
9566,108,3329,41.986,0,,,Other,2026-01-20 00:00:00.000
9567,108,1116,0,0,,,Other,2026-01-20 00:00:00.000
9568,108,1117,13,0,,,Other,2026-01-20 00:00:00.000
9569,108,1118,24,0,,,Other,2026-01-20 00:00:00.000
9570,108,1119,6,0,,,Other,2026-01-20 00:00:00.000
9571,108,1120,7,0,,,Other,2026-01-20 00:00:00.000
9572,108,405,0,0,,,Other,2026-01-20 00:00:00.000
9573,108,407,1.511,0,,,Other,2026-01-20 00:00:00.000
9574,108,409,0.002,0,,,Other,2026-01-20 00:00:00.000
9575,108,4073,1.513,0,,,Other,2026-01-20 00:00:00.000
9576,108,4076,0.300,0,,,Other,2026-01-20 00:00:00.000
9577,108,406,0,0,,,Other,2026-01-20 00:00:00.000
9578,108,408,0.827,0,,,Other,2026-01-20 00:00:00.000
9579,108,410,0,0,,,Other,2026-01-20 00:00:00.000
9580,108,412,0,0,,,Other,2026-01-20 00:00:00.000
9581,108,4077,0.827,0,,,Other,2026-01-20 00:00:00.000
9582,108,1114,45,0,,,Other,2026-01-20 00:00:00.000
9583,108,1115,3.500,0,,,Other,2026-01-20 00:00:00.000
9584,108,396,3.500,0,,,Other,2026-01-20 00:00:00.000
9585,108,397,0,0,,,Other,2026-01-20 00:00:00.000
9586,108,398,13,0,,,Other,2026-01-20 00:00:00.000
9587,108,399,24,0,,,Other,2026-01-20 00:00:00.000
9588,108,400,6,0,,,Other,2026-01-20 00:00:00.000
9589,108,401,7,0,,,Other,2026-01-20 00:00:00.000
9590,108,4079,53.500,0,,,Other,2026-01-20 00:00:00.000
9591,108,4080,45,0,,,Other,2026-01-20 00:00:00.000
9592,108,418,15.841,0,,,Other,2026-01-20 00:00:00.000
9593,108,5196,87402.148,0,,,Other,2026-01-20 00:00:00.000
9594,108,5197,13635.576,0,,,Other,2026-01-20 00:00:00.000
9595,108,5216,10,0,,,Other,2026-01-20 00:00:00.000
9596,108,5292,0,0,,,Other,2026-01-20 00:00:00.000
9597,108,5293,1,0,,,Other,2026-01-20 00:00:00.000
9598,108,5294,0,0,,,Other,2026-01-20 00:00:00.000
9599,108,5295,1,0,,,Other,2026-01-20 00:00:00.000
9600,108,5539,1,0,,,Other,2026-01-20 00:00:00.000
9601,108,5540,1,0,,,Other,2026-01-20 00:00:00.000
9602,108,5541,1,0,,,Other,2026-01-20 00:00:00.000
9603,108,5542,1,0,,,Other,2026-01-20 00:00:00.000
9604,108,5543,1,0,,,Other,2026-01-20 00:00:00.000
9605,108,5570,0,0,,,Other,2026-01-20 00:00:00.000
9606,108,5571,4.849,0,,,Other,2026-01-20 00:00:00.000
9607,108,5572,0,0,,,Other,2026-01-20 00:00:00.000
9608,108,5573,4.180,0,,,Other,2026-01-20 00:00:00.000
9609,108,5579,0,0,,,Other,2026-01-20 00:00:00.000
9610,108,5580,0,0,,,Other,2026-01-20 00:00:00.000
9611,108,5581,0,0,,,Other,2026-01-20 00:00:00.000
9612,108,5582,0.691,0,,,Other,2026-01-20 00:00:00.000
9613,108,5583,0,0,,,Other,2026-01-20 00:00:00.000
9614,108,5584,0,0,,,Other,2026-01-20 00:00:00.000
9615,108,5585,0,0,,,Other,2026-01-20 00:00:00.000
9616,108,5586,0,0,,,Other,2026-01-20 00:00:00.000
9617,108,5587,0,0,,,Other,2026-01-20 00:00:00.000
9618,108,5588,0,0,,,Other,2026-01-20 00:00:00.000
9619,108,5589,0,0,,,Other,2026-01-20 00:00:00.000
9620,108,5590,0,0,,,Other,2026-01-20 00:00:00.000
9621,108,5591,0,0,,,Other,2026-01-20 00:00:00.000
9622,108,5592,0,0,,,Other,2026-01-20 00:00:00.000
9623,108,5593,0,0,,,Other,2026-01-20 00:00:00.000
9624,108,5594,0,0,,,Other,2026-01-20 00:00:00.000
9625,108,5595,0,0,,,Other,2026-01-20 00:00:00.000
9626,108,5596,0,0,,,Other,2026-01-20 00:00:00.000
9627,108,5597,0,0,,,Other,2026-01-20 00:00:00.000
9628,108,5598,0,0,,,Other,2026-01-20 00:00:00.000
9629,108,5599,0,0,,,Other,2026-01-20 00:00:00.000
9630,108,5600,0,0,,,Other,2026-01-20 00:00:00.000
9631,108,5606,0,0,,,Other,2026-01-20 00:00:00.000
9632,108,2626,0.792,0,,,Other,2026-01-20 00:00:00.000
9633,108,2627,15.713,0,,,Other,2026-01-20 00:00:00.000
9634,108,2628,15.713,0,,,Other,2026-01-20 00:00:00.000
9635,108,2629,0.792,0,,,Other,2026-01-20 00:00:00.000
9636,108,2630,15.713,0,,,Other,2026-01-20 00:00:00.000
9637,108,2631,0.792,0,,,Other,2026-01-20 00:00:00.000
9638,108,2598,34.200,0,,,Other,2026-01-20 00:00:00.000
9639,108,2599,34.200,0,,,Other,2026-01-20 00:00:00.000
9640,108,2600,0,0,,,Other,2026-01-20 00:00:00.000
9641,108,2601,2.295,0,,,Other,2026-01-20 00:00:00.000
9642,108,2602,2.295,0,,,Other,2026-01-20 00:00:00.000
9643,108,2603,2.295,0,,,Other,2026-01-20 00:00:00.000
9644,108,2604,34.200,0,,,Other,2026-01-20 00:00:00.000
9645,108,2605,0.827,0,,,Other,2026-01-20 00:00:00.000
9646,108,2606,0.858,0,,,Other,2026-01-20 00:00:00.000
9647,108,2607,0,0,,,Other,2026-01-20 00:00:00.000
9648,108,2608,0,0,,,Other,2026-01-20 00:00:00.000
9649,108,2609,0,0,,,Other,2026-01-20 00:00:00.000
9650,108,2610,0,0,,,Other,2026-01-20 00:00:00.000
9651,108,2611,5.191,0,,,Other,2026-01-20 00:00:00.000
9652,108,2620,5.577,0,,,Other,2026-01-20 00:00:00.000
9653,108,2622,5.577,0,,,Other,2026-01-20 00:00:00.000
9654,108,2621,0.075,0,,,Other,2026-01-20 00:00:00.000
9655,108,2623,0,0,,,Other,2026-01-20 00:00:00.000
9656,108,2625,0.197,0,,,Other,2026-01-20 00:00:00.000
9657,108,2624,0,0,,,Other,2026-01-20 00:00:00.000
9658,108,2595,0,0,,,Other,2026-01-20 00:00:00.000
9659,108,2596,1.270,0,,,Other,2026-01-20 00:00:00.000
9660,108,2597,0.524,0,,,Other,2026-01-20 00:00:00.000
9661,108,2612,5.643,0,,,Other,2026-01-20 00:00:00.000
9662,108,2613,23.241,0,,,Other,2026-01-20 00:00:00.000
9663,108,2614,0,0,,,Other,2026-01-20 00:00:00.000
9664,108,2615,1.301,0,,,Other,2026-01-20 00:00:00.000
9665,108,2616,0,0,,,Other,2026-01-20 00:00:00.000
9666,108,2617,12.122,0,,,Other,2026-01-20 00:00:00.000
9667,108,2618,0,0,,,Other,2026-01-20 00:00:00.000
9668,108,2619,-1.221,0,,,Other,2026-01-20 00:00:00.000
9669,108,3078,0.792,0,,,Other,2026-01-20 00:00:00.000
9670,108,3079,15.271,0,,,Other,2026-01-20 00:00:00.000
9671,108,3080,17.850,0,,,Other,2026-01-20 00:00:00.000
9672,108,3081,0.792,0,,,Other,2026-01-20 00:00:00.000
9673,108,3082,15.061,0,,,Other,2026-01-20 00:00:00.000
9674,108,3083,0.792,0,,,Other,2026-01-20 00:00:00.000
9675,108,3084,1.620,0,,,Other,2026-01-20 00:00:00.000
9676,108,3085,32.472,0,,,Other,2026-01-20 00:00:00.000
9677,108,3086,31.726,0,,,Other,2026-01-20 00:00:00.000
9678,108,3089,5.577,0,,,Other,2026-01-20 00:00:00.000
9679,108,3090,5.774,0,,,Other,2026-01-20 00:00:00.000
9680,108,3091,0.075,0,,,Other,2026-01-20 00:00:00.000
9681,108,2632,0,0,,,Other,2026-01-20 00:00:00.000
9682,108,2633,-0.441,0,,,Other,2026-01-20 00:00:00.000
9683,108,2634,2.137,0,,,Other,2026-01-20 00:00:00.000
9684,108,2635,0,0,,,Other,2026-01-20 00:00:00.000
9685,108,2636,-0.652,0,,,Other,2026-01-20 00:00:00.000
9686,108,2637,0,0,,,Other,2026-01-20 00:00:00.000
9687,108,5026,0,0,,,Other,2026-01-20 00:00:00.000
9688,108,5075,80,0,,,Other,2026-01-20 00:00:00.000
9689,108,5076,80,0,,,Other,2026-01-20 00:00:00.000
9690,108,2482,0,0,,,Other,2026-01-20 00:00:00.000
9691,108,4042,1,0,,,Other,2026-01-20 00:00:00.000
9692,108,5105,672.420,0,,,Other,2026-01-20 00:00:00.000
9693,108,5106,0,0,,,Other,2026-01-20 00:00:00.000
9694,108,5107,584.152,0,,,Other,2026-01-20 00:00:00.000
9695,108,5108,381.775,0,,,Other,2026-01-20 00:00:00.000
9696,108,5109,162.929,0,,,Other,2026-01-20 00:00:00.000
9697,108,5100,4.700,0,,,Other,2026-01-20 00:00:00.000
9698,108,5101,4.801,0,,,Other,2026-01-20 00:00:00.000
9699,108,5102,4.995,0,,,Other,2026-01-20 00:00:00.000
9700,108,5103,4.708,0,,,Other,2026-01-20 00:00:00.000
9701,108,5104,6.289,0,,,Other,2026-01-20 00:00:00.000
9702,108,5632,17.309,0,,,Other,2026-01-20 00:00:00.000
9703,108,5633,11.890,0,,,Other,2026-01-20 00:00:00.000
9704,108,5661,67472.431,0,,,Other,2026-01-20 00:00:00.000
9705,108,5663,67472.431,0,,,Other,2026-01-20 00:00:00.000
9706,108,5679,0,0,,,Other,2026-01-20 00:00:00.000
9707,108,218,13.330,,,,Price_Inputs,2026-01-20 00:00:00.000
9708,108,219,2.040,,,,Price_Inputs,2026-01-20 00:00:00.000
9709,108,220,1.960,,,,Price_Inputs,2026-01-20 00:00:00.000
9710,108,223,72.760,,,,Plant_Parameter,2026-01-20 00:00:00.000
9711,108,2647,89.670,,,,Plant_Parameter,2026-01-20 00:00:00.000
9712,108,221,0.060,,,,Plant_Parameter,2026-01-20 00:00:00.000
9713,108,2645,0,,,,Plant_Parameter,2026-01-20 00:00:00.000
9714,108,1190,484.180,,,,Plant_Parameter,2026-01-20 00:00:00.000
9715,108,5288,0,,,,Plant_Parameter,2026-01-20 00:00:00.000
9716,108,5289,0,,,,Plant_Parameter,2026-01-20 00:00:00.000
9717,108,222,48.770,,,,Plant_Parameter,2026-01-20 00:00:00.000
9718,108,2646,88.270,,,,Plant_Parameter,2026-01-20 00:00:00.000
9719,108,1212,22.430,,,,Plant_Parameter,2026-01-20 00:00:00.000
9720,108,1213,44.110,,,,Plant_Parameter,2026-01-20 00:00:00.000
9721,108,426,100,,,,Plant_Parameter,2026-01-20 00:00:00.000
9722,110,235,,,false,true,Equipment,2026-01-27 16:00:00.000
9723,110,234,,,false,true,Equipment,2026-01-27 16:00:00.000
9724,110,237,,,false,true,Equipment,2026-01-27 16:00:00.000
9725,110,238,,,false,true,Equipment,2026-01-27 16:00:00.000
9726,110,245,,,false,true,Equipment,2026-01-27 16:00:00.000
9727,110,244,,,false,true,Equipment,2026-01-27 16:00:00.000
9728,110,247,,,false,true,Equipment,2026-01-27 16:00:00.000
9729,110,248,,,false,true,Equipment,2026-01-27 16:00:00.000
9730,110,252,,,false,true,Equipment,2026-01-27 16:00:00.000
9731,110,251,,,false,true,Equipment,2026-01-27 16:00:00.000
9732,110,62,,,false,true,Equipment,2026-01-27 16:00:00.000
9733,110,230,,,false,true,Equipment,2026-01-27 16:00:00.000
9734,110,231,,,false,true,Equipment,2026-01-27 16:00:00.000
9735,110,232,,,false,true,Equipment,2026-01-27 16:00:00.000
9736,110,233,,,false,true,Equipment,2026-01-27 16:00:00.000
9737,110,236,,,false,true,Equipment,2026-01-27 16:00:00.000
9738,110,239,,,false,true,Equipment,2026-01-27 16:00:00.000
9739,110,240,,,false,true,Equipment,2026-01-27 16:00:00.000
9740,110,241,,,false,true,Equipment,2026-01-27 16:00:00.000
9741,110,242,,,false,true,Equipment,2026-01-27 16:00:00.000
9742,110,243,,,false,true,Equipment,2026-01-27 16:00:00.000
9743,110,246,,,false,false,Equipment,2026-01-27 16:00:00.000
9744,110,249,,,false,true,Equipment,2026-01-27 16:00:00.000
9745,110,250,,,false,true,Equipment,2026-01-27 16:00:00.000
9746,110,58,,,false,true,Equipment,2026-01-27 16:00:00.000
9747,110,59,,,false,true,Equipment,2026-01-27 16:00:00.000
9748,110,60,,,false,true,Equipment,2026-01-27 16:00:00.000
9749,110,61,,,false,true,Equipment,2026-01-27 16:00:00.000
9750,110,253,,,false,false,Equipment,2026-01-27 16:00:00.000
9751,110,254,,,false,false,Equipment,2026-01-27 16:00:00.000
9752,110,353,15.366,0,,,Demand,2026-01-27 16:00:00.000
9753,110,22,0,0,,,Demand,2026-01-27 16:00:00.000
9754,110,23,92.368,0,,,Demand,2026-01-27 16:00:00.000
9755,110,177,183.018,0,,,Demand,2026-01-27 16:00:00.000
9756,110,199,6,0,,,Demand,2026-01-27 16:00:00.000
9757,110,152,1749.376,0,,,Demand,2026-01-27 16:00:00.000
9758,110,154,3578.990,0,,,Demand,2026-01-27 16:00:00.000
9759,110,155,0,0,,,Demand,2026-01-27 16:00:00.000
9760,110,156,22185.151,0,,,Demand,2026-01-27 16:00:00.000
9761,110,153,37155.888,0,,,Demand,2026-01-27 16:00:00.000
9762,110,2920,1800,0,,,Demand,2026-01-27 16:00:00.000
9763,110,2917,20035.126,0,,,Demand,2026-01-27 16:00:00.000
9764,110,374,9.016,0,,,Demand,2026-01-27 16:00:00.000
9765,110,411,3.336,0,,,Demand,2026-01-27 16:00:00.000
9766,110,12,0,0,,,Demand,2026-01-27 16:00:00.000
9767,110,13,0,0,,,Demand,2026-01-27 16:00:00.000
9768,110,14,0,0,,,Demand,2026-01-27 16:00:00.000
9769,110,2490,89.842,0,,,Demand,2026-01-27 16:00:00.000
9770,110,19,0,0,,,Demand,2026-01-27 16:00:00.000
9771,110,20,42.633,0,,,Demand,2026-01-27 16:00:00.000
9772,110,21,39.344,0,,,Demand,2026-01-27 16:00:00.000
9773,110,2638,1,0,,,Demand,2026-01-27 16:00:00.000
9774,110,18,53.485,0,,,Demand,2026-01-27 16:00:00.000
9775,110,15,0,0,,,Demand,2026-01-27 16:00:00.000
9776,110,16,73.079,0,,,Demand,2026-01-27 16:00:00.000
9777,110,17,52.123,0,,,Demand,2026-01-27 16:00:00.000
9778,110,226,392.389,0,,,Demand,2026-01-27 16:00:00.000
9779,110,3348,1,0,,,Other,2026-01-27 16:00:00.000
9780,110,5291,0,0,,,Other,2026-01-27 16:00:00.000
9781,110,5240,0,0,,,Other,2026-01-27 16:00:00.000
9782,110,5290,374.140,0,,,Other,2026-01-27 16:00:00.000
9783,110,5208,0,0,,,Other,2026-01-27 16:00:00.000
9784,110,5209,0,0,,,Other,2026-01-27 16:00:00.000
9785,110,5210,103.296,0,,,Other,2026-01-27 16:00:00.000
9786,110,5211,42.598,0,,,Other,2026-01-27 16:00:00.000
9787,110,5212,52.132,0,,,Other,2026-01-27 16:00:00.000
9788,110,5213,39.347,0,,,Other,2026-01-27 16:00:00.000
9789,110,5214,53.485,0,,,Other,2026-01-27 16:00:00.000
9790,110,5215,89.842,0,,,Other,2026-01-27 16:00:00.000
9791,110,203,336,0,,,Other,2026-01-27 16:00:00.000
9792,110,204,326,0,,,Other,2026-01-27 16:00:00.000
9793,110,205,15.435,0,,,Other,2026-01-27 16:00:00.000
9794,110,206,15.435,0,,,Other,2026-01-27 16:00:00.000
9795,110,207,11.270,0,,,Other,2026-01-27 16:00:00.000
9796,110,208,11.270,0,,,Other,2026-01-27 16:00:00.000
9797,110,209,12326,0,,,Other,2026-01-27 16:00:00.000
9798,110,210,350,0,,,Other,2026-01-27 16:00:00.000
9799,110,427,150,0,,,Other,2026-01-27 16:00:00.000
9800,110,428,150,0,,,Other,2026-01-27 16:00:00.000
9801,110,429,150,0,,,Other,2026-01-27 16:00:00.000
9802,110,430,150,0,,,Other,2026-01-27 16:00:00.000
9803,110,431,150,0,,,Other,2026-01-27 16:00:00.000
9804,110,432,0,0,,,Other,2026-01-27 16:00:00.000
9805,110,433,0,0,,,Other,2026-01-27 16:00:00.000
9806,110,434,0,0,,,Other,2026-01-27 16:00:00.000
9807,110,435,0,0,,,Other,2026-01-27 16:00:00.000
9808,110,1042,0,0,,,Other,2026-01-27 16:00:00.000
9809,110,1043,0.882,0,,,Other,2026-01-27 16:00:00.000
9810,110,1044,0.894,0,,,Other,2026-01-27 16:00:00.000
9811,110,1054,0,0,,,Other,2026-01-27 16:00:00.000
9812,110,389,1,0,,,Other,2026-01-27 16:00:00.000
9813,110,390,0,0,,,Other,2026-01-27 16:00:00.000
9814,110,391,1,0,,,Other,2026-01-27 16:00:00.000
9815,110,392,1,0,,,Other,2026-01-27 16:00:00.000
9816,110,393,1,0,,,Other,2026-01-27 16:00:00.000
9817,110,394,1,0,,,Other,2026-01-27 16:00:00.000
9818,110,5183,162.219,0,,,Other,2026-01-27 16:00:00.000
9819,110,5184,270.484,0,,,Other,2026-01-27 16:00:00.000
9820,110,5185,1230.104,0,,,Other,2026-01-27 16:00:00.000
9821,110,5186,49.167,0,,,Other,2026-01-27 16:00:00.000
9822,110,5187,117.730,0,,,Other,2026-01-27 16:00:00.000
9823,110,5188,521.477,0,,,Other,2026-01-27 16:00:00.000
9824,110,5189,10,0,,,Other,2026-01-27 16:00:00.000
9825,110,5190,12.302,0,,,Other,2026-01-27 16:00:00.000
9826,110,5191,-123.275,0,,,Other,2026-01-27 16:00:00.000
9827,110,5192,140.913,0,,,Other,2026-01-27 16:00:00.000
9828,110,5193,1.178,0,,,Other,2026-01-27 16:00:00.000
9829,110,3031,89.061,0,,,Other,2026-01-27 16:00:00.000
9830,110,504,372.384,0,,,Other,2026-01-27 16:00:00.000
9831,110,4876,54.429,0,,,Other,2026-01-27 16:00:00.000
9832,110,4871,356.899,0,,,Other,2026-01-27 16:00:00.000
9833,110,4870,200.166,0,,,Other,2026-01-27 16:00:00.000
9834,110,4929,48.977,0,,,Other,2026-01-27 16:00:00.000
9835,110,5195,791.886,0,,,Other,2026-01-27 16:00:00.000
9836,110,138,61.049,0,,,Other,2026-01-27 16:00:00.000
9837,110,1048,176.844,0,,,Other,2026-01-27 16:00:00.000
9838,110,1049,77.941,0,,,Other,2026-01-27 16:00:00.000
9839,110,1050,157.423,0,,,Other,2026-01-27 16:00:00.000
9840,110,1051,122.539,0,,,Other,2026-01-27 16:00:00.000
9841,110,1052,72.565,0,,,Other,2026-01-27 16:00:00.000
9842,110,2850,0,0,,,Other,2026-01-27 16:00:00.000
9843,110,5268,0,0,,,Other,2026-01-27 16:00:00.000
9844,110,5224,0,0,,,Other,2026-01-27 16:00:00.000
9845,110,1169,0,0,,,Other,2026-01-27 16:00:00.000
9846,110,1170,0,0,,,Other,2026-01-27 16:00:00.000
9847,110,5220,0,0,,,Other,2026-01-27 16:00:00.000
9848,110,5259,0,0,,,Other,2026-01-27 16:00:00.000
9849,110,5260,0,0,,,Other,2026-01-27 16:00:00.000
9850,110,3092,0,0,,,Other,2026-01-27 16:00:00.000
9851,110,2748,74.672,0,,,Other,2026-01-27 16:00:00.000
9852,110,5257,26.539,0,,,Other,2026-01-27 16:00:00.000
9853,110,5258,30.014,0,,,Other,2026-01-27 16:00:00.000
9854,110,5223,6.085,0,,,Other,2026-01-27 16:00:00.000
9855,110,1171,35.005,0,,,Other,2026-01-27 16:00:00.000
9856,110,1172,31.763,0,,,Other,2026-01-27 16:00:00.000
9857,110,5221,18.699,0,,,Other,2026-01-27 16:00:00.000
9858,110,5222,211.895,0,,,Other,2026-01-27 16:00:00.000
9859,110,3095,256.273,0,,,Other,2026-01-27 16:00:00.000
9860,110,2749,73.079,0,,,Other,2026-01-27 16:00:00.000
9861,110,3099,6.904,0,,,Other,2026-01-27 16:00:00.000
9862,110,3098,234.188,0,,,Other,2026-01-27 16:00:00.000
9863,110,149,89.774,0,,,Other,2026-01-27 16:00:00.000
9864,110,147,10.022,0,,,Other,2026-01-27 16:00:00.000
9865,110,5225,197.430,0,,,Other,2026-01-27 16:00:00.000
9866,110,1173,52.698,0,,,Other,2026-01-27 16:00:00.000
9867,110,1174,46.141,0,,,Other,2026-01-27 16:00:00.000
9868,110,5226,197.591,0,,,Other,2026-01-27 16:00:00.000
9869,110,2750,52.123,0,,,Other,2026-01-27 16:00:00.000
9870,110,1053,124.525,0,,,Other,2026-01-27 16:00:00.000
9871,110,229,517.808,0,,,Other,2026-01-27 16:00:00.000
9872,110,4788,5,0,,,Other,2026-01-27 16:00:00.000
9873,110,395,1,0,,,Other,2026-01-27 16:00:00.000
9874,110,425,517.808,0,,,Other,2026-01-27 16:00:00.000
9875,110,77,360.998,0,,,Other,2026-01-27 16:00:00.000
9876,110,1047,402.244,0,,,Other,2026-01-27 16:00:00.000
9877,110,403,98.500,0,,,Other,2026-01-27 16:00:00.000
9878,110,69,353.914,0,,,Other,2026-01-27 16:00:00.000
9879,110,70,0,0,,,Other,2026-01-27 16:00:00.000
9880,110,71,195.385,0,,,Other,2026-01-27 16:00:00.000
9881,110,72,153.737,0,,,Other,2026-01-27 16:00:00.000
9882,110,73,151.773,0,,,Other,2026-01-27 16:00:00.000
9883,110,74,0,0,,,Other,2026-01-27 16:00:00.000
9884,110,75,9.721,0,,,Other,2026-01-27 16:00:00.000
9885,110,76,13.386,0,,,Other,2026-01-27 16:00:00.000
9886,110,1151,5.808,0,,,Other,2026-01-27 16:00:00.000
9887,110,334,15000,0,,,Other,2026-01-27 16:00:00.000
9888,110,4043,93.786,0,,,Other,2026-01-27 16:00:00.000
9889,110,4044,93.819,0,,,Other,2026-01-27 16:00:00.000
9890,110,4045,93.866,0,,,Other,2026-01-27 16:00:00.000
9891,110,4046,94.110,0,,,Other,2026-01-27 16:00:00.000
9892,110,4047,93.962,0,,,Other,2026-01-27 16:00:00.000
9893,110,58,1,0,,,Other,2026-01-27 16:00:00.000
9894,110,59,1,0,,,Other,2026-01-27 16:00:00.000
9895,110,60,1,0,,,Other,2026-01-27 16:00:00.000
9896,110,61,1,0,,,Other,2026-01-27 16:00:00.000
9897,110,62,1,0,,,Other,2026-01-27 16:00:00.000
9898,110,166,9.877,0,,,Other,2026-01-27 16:00:00.000
9899,110,167,0,0,,,Other,2026-01-27 16:00:00.000
9900,110,168,10.684,0,,,Other,2026-01-27 16:00:00.000
9901,110,78,31.391,0,,,Other,2026-01-27 16:00:00.000
9902,110,169,3.835,0,,,Other,2026-01-27 16:00:00.000
9903,110,352,828.821,0,,,Other,2026-01-27 16:00:00.000
9904,110,5205,0,0,,,Other,2026-01-27 16:00:00.000
9905,110,5206,0.835,0,,,Other,2026-01-27 16:00:00.000
9906,110,5207,0.617,0,,,Other,2026-01-27 16:00:00.000
9907,110,5204,0.800,0,,,Other,2026-01-27 16:00:00.000
9908,110,225,782.931,0,,,Other,2026-01-27 16:00:00.000
9909,110,354,66469.405,0,,,Other,2026-01-27 16:00:00.000
9910,110,335,34.945,0,,,Other,2026-01-27 16:00:00.000
9911,110,3333,0,0,,,Other,2026-01-27 16:00:00.000
9912,110,3334,0,0,,,Other,2026-01-27 16:00:00.000
9913,110,2929,0,0,,,Other,2026-01-27 16:00:00.000
9914,110,2936,0,0,,,Other,2026-01-27 16:00:00.000
9915,110,2941,0,0,,,Other,2026-01-27 16:00:00.000
9916,110,2948,0,0,,,Other,2026-01-27 16:00:00.000
9917,110,2953,0,0,,,Other,2026-01-27 16:00:00.000
9918,110,2960,0,0,,,Other,2026-01-27 16:00:00.000
9919,110,5536,0,0,,,Other,2026-01-27 16:00:00.000
9920,110,3332,1,0,,,Other,2026-01-27 16:00:00.000
9921,110,4061,0,0,,,Other,2026-01-27 16:00:00.000
9922,110,4062,0,0,,,Other,2026-01-27 16:00:00.000
9923,110,4063,0,0,,,Other,2026-01-27 16:00:00.000
9924,110,4064,0,0,,,Other,2026-01-27 16:00:00.000
9925,110,4065,0,0,,,Other,2026-01-27 16:00:00.000
9926,110,4066,0,0,,,Other,2026-01-27 16:00:00.000
9927,110,4067,0,0,,,Other,2026-01-27 16:00:00.000
9928,110,4068,0,0,,,Other,2026-01-27 16:00:00.000
9929,110,4069,1,0,,,Other,2026-01-27 16:00:00.000
9930,110,4070,0,0,,,Other,2026-01-27 16:00:00.000
9931,110,4071,0,0,,,Other,2026-01-27 16:00:00.000
9932,110,4785,2.932,0,,,Other,2026-01-27 16:00:00.000
9933,110,4786,1,0,,,Other,2026-01-27 16:00:00.000
9934,110,5181,0,0,,,Other,2026-01-27 16:00:00.000
9935,110,5182,5,0,,,Other,2026-01-27 16:00:00.000
9936,110,4787,0,0,,,Other,2026-01-27 16:00:00.000
9937,110,4926,0,0,,,Other,2026-01-27 16:00:00.000
9938,110,278,5,0,,,Other,2026-01-27 16:00:00.000
9939,110,357,392.389,0,,,Other,2026-01-27 16:00:00.000
9940,110,5073,110,0,,,Other,2026-01-27 16:00:00.000
9941,110,5074,120,0,,,Other,2026-01-27 16:00:00.000
9942,110,4807,0,0,,,Other,2026-01-27 16:00:00.000
9943,110,276,3,0,,,Other,2026-01-27 16:00:00.000
9944,110,200,0,0,,,Other,2026-01-27 16:00:00.000
9945,110,1152,0,0,,,Other,2026-01-27 16:00:00.000
9946,110,1153,0,0,,,Other,2026-01-27 16:00:00.000
9947,110,3329,45.585,0,,,Other,2026-01-27 16:00:00.000
9948,110,1116,0,0,,,Other,2026-01-27 16:00:00.000
9949,110,1117,13,0,,,Other,2026-01-27 16:00:00.000
9950,110,1118,24,0,,,Other,2026-01-27 16:00:00.000
9951,110,1119,6,0,,,Other,2026-01-27 16:00:00.000
9952,110,1120,7,0,,,Other,2026-01-27 16:00:00.000
9953,110,405,0,0,,,Other,2026-01-27 16:00:00.000
9954,110,407,1.448,0,,,Other,2026-01-27 16:00:00.000
9955,110,409,0,0,,,Other,2026-01-27 16:00:00.000
9956,110,4073,1.448,0,,,Other,2026-01-27 16:00:00.000
9957,110,4076,0.100,0,,,Other,2026-01-27 16:00:00.000
9958,110,406,0,0,,,Other,2026-01-27 16:00:00.000
9959,110,408,0.846,0,,,Other,2026-01-27 16:00:00.000
9960,110,410,0,0,,,Other,2026-01-27 16:00:00.000
9961,110,412,0,0,,,Other,2026-01-27 16:00:00.000
9962,110,4077,0.846,0,,,Other,2026-01-27 16:00:00.000
9963,110,1114,45,0,,,Other,2026-01-27 16:00:00.000
9964,110,1115,3.500,0,,,Other,2026-01-27 16:00:00.000
9965,110,396,3.500,0,,,Other,2026-01-27 16:00:00.000
9966,110,397,0,0,,,Other,2026-01-27 16:00:00.000
9967,110,398,13,0,,,Other,2026-01-27 16:00:00.000
9968,110,399,24,0,,,Other,2026-01-27 16:00:00.000
9969,110,400,6,0,,,Other,2026-01-27 16:00:00.000
9970,110,401,7,0,,,Other,2026-01-27 16:00:00.000
9971,110,4079,53.500,0,,,Other,2026-01-27 16:00:00.000
9972,110,4080,45,0,,,Other,2026-01-27 16:00:00.000
9973,110,418,13.054,0,,,Other,2026-01-27 16:00:00.000
9974,110,5196,87498.580,0,,,Other,2026-01-27 16:00:00.000
9975,110,5197,13657.471,0,,,Other,2026-01-27 16:00:00.000
9976,110,5216,10,0,,,Other,2026-01-27 16:00:00.000
9977,110,5292,0,0,,,Other,2026-01-27 16:00:00.000
9978,110,5293,1,0,,,Other,2026-01-27 16:00:00.000
9979,110,5294,0,0,,,Other,2026-01-27 16:00:00.000
9980,110,5295,1,0,,,Other,2026-01-27 16:00:00.000
9981,110,5539,1,0,,,Other,2026-01-27 16:00:00.000
9982,110,5540,1,0,,,Other,2026-01-27 16:00:00.000
9983,110,5541,1,0,,,Other,2026-01-27 16:00:00.000
9984,110,5542,1,0,,,Other,2026-01-27 16:00:00.000
9985,110,5543,1,0,,,Other,2026-01-27 16:00:00.000
9986,110,5570,0,0,,,Other,2026-01-27 16:00:00.000
9987,110,5571,5.783,0,,,Other,2026-01-27 16:00:00.000
9988,110,5572,0,0,,,Other,2026-01-27 16:00:00.000
9989,110,5573,4.515,0,,,Other,2026-01-27 16:00:00.000
9990,110,5579,0,0,,,Other,2026-01-27 16:00:00.000
9991,110,5580,0,0,,,Other,2026-01-27 16:00:00.000
9992,110,5581,0,0,,,Other,2026-01-27 16:00:00.000
9993,110,5582,0.757,0,,,Other,2026-01-27 16:00:00.000
9994,110,5583,0,0,,,Other,2026-01-27 16:00:00.000
9995,110,5584,0,0,,,Other,2026-01-27 16:00:00.000
9996,110,5585,0,0,,,Other,2026-01-27 16:00:00.000
9997,110,5586,0,0,,,Other,2026-01-27 16:00:00.000
9998,110,5587,0,0,,,Other,2026-01-27 16:00:00.000
9999,110,5588,0,0,,,Other,2026-01-27 16:00:00.000
10000,110,5589,0,0,,,Other,2026-01-27 16:00:00.000
10001,110,5590,0,0,,,Other,2026-01-27 16:00:00.000
10002,110,5591,0,0,,,Other,2026-01-27 16:00:00.000
10003,110,5592,0,0,,,Other,2026-01-27 16:00:00.000
10004,110,5593,0,0,,,Other,2026-01-27 16:00:00.000
10005,110,5594,0,0,,,Other,2026-01-27 16:00:00.000
10006,110,5595,0,0,,,Other,2026-01-27 16:00:00.000
10007,110,5596,0,0,,,Other,2026-01-27 16:00:00.000
10008,110,5597,0,0,,,Other,2026-01-27 16:00:00.000
10009,110,5598,0,0,,,Other,2026-01-27 16:00:00.000
10010,110,5599,0,0,,,Other,2026-01-27 16:00:00.000
10011,110,5600,0,0,,,Other,2026-01-27 16:00:00.000
10012,110,5606,0,0,,,Other,2026-01-27 16:00:00.000
10013,110,2626,0.821,0,,,Other,2026-01-27 16:00:00.000
10014,110,2627,16.126,0,,,Other,2026-01-27 16:00:00.000
10015,110,2628,16.126,0,,,Other,2026-01-27 16:00:00.000
10016,110,2629,0.821,0,,,Other,2026-01-27 16:00:00.000
10017,110,2630,16.126,0,,,Other,2026-01-27 16:00:00.000
10018,110,2631,0.821,0,,,Other,2026-01-27 16:00:00.000
10019,110,2598,34.200,0,,,Other,2026-01-27 16:00:00.000
10020,110,2599,34.200,0,,,Other,2026-01-27 16:00:00.000
10021,110,2600,0,0,,,Other,2026-01-27 16:00:00.000
10022,110,2601,2.295,0,,,Other,2026-01-27 16:00:00.000
10023,110,2602,2.295,0,,,Other,2026-01-27 16:00:00.000
10024,110,2603,2.295,0,,,Other,2026-01-27 16:00:00.000
10025,110,2604,34.200,0,,,Other,2026-01-27 16:00:00.000
10026,110,2605,1.783,0,,,Other,2026-01-27 16:00:00.000
10027,110,2606,1.082,0,,,Other,2026-01-27 16:00:00.000
10028,110,2607,0,0,,,Other,2026-01-27 16:00:00.000
10029,110,2608,0,0,,,Other,2026-01-27 16:00:00.000
10030,110,2609,0,0,,,Other,2026-01-27 16:00:00.000
10031,110,2610,0,0,,,Other,2026-01-27 16:00:00.000
10032,110,2611,3.559,0,,,Other,2026-01-27 16:00:00.000
10033,110,2620,5.748,0,,,Other,2026-01-27 16:00:00.000
10034,110,2622,5.748,0,,,Other,2026-01-27 16:00:00.000
10035,110,2621,0.079,0,,,Other,2026-01-27 16:00:00.000
10036,110,2623,0,0,,,Other,2026-01-27 16:00:00.000
10037,110,2625,0.255,0,,,Other,2026-01-27 16:00:00.000
10038,110,2624,0,0,,,Other,2026-01-27 16:00:00.000
10039,110,2595,0,0,,,Other,2026-01-27 16:00:00.000
10040,110,2596,2.912,0,,,Other,2026-01-27 16:00:00.000
10041,110,2597,2.558,0,,,Other,2026-01-27 16:00:00.000
10042,110,2612,5.643,0,,,Other,2026-01-27 16:00:00.000
10043,110,2613,22.984,0,,,Other,2026-01-27 16:00:00.000
10044,110,2614,0,0,,,Other,2026-01-27 16:00:00.000
10045,110,2615,1.315,0,,,Other,2026-01-27 16:00:00.000
10046,110,2616,0,0,,,Other,2026-01-27 16:00:00.000
10047,110,2617,12.959,0,,,Other,2026-01-27 16:00:00.000
10048,110,2618,0,0,,,Other,2026-01-27 16:00:00.000
10049,110,2619,-1.345,0,,,Other,2026-01-27 16:00:00.000
10050,110,3078,0.821,0,,,Other,2026-01-27 16:00:00.000
10051,110,3079,16.389,0,,,Other,2026-01-27 16:00:00.000
10052,110,3080,17.412,0,,,Other,2026-01-27 16:00:00.000
10053,110,3081,0.821,0,,,Other,2026-01-27 16:00:00.000
10054,110,3082,15.563,0,,,Other,2026-01-27 16:00:00.000
10055,110,3083,0.821,0,,,Other,2026-01-27 16:00:00.000
10056,110,3084,1.394,0,,,Other,2026-01-27 16:00:00.000
10057,110,3085,30.644,0,,,Other,2026-01-27 16:00:00.000
10058,110,3086,30.291,0,,,Other,2026-01-27 16:00:00.000
10059,110,3089,5.748,0,,,Other,2026-01-27 16:00:00.000
10060,110,3090,6.003,0,,,Other,2026-01-27 16:00:00.000
10061,110,3091,0.079,0,,,Other,2026-01-27 16:00:00.000
10062,110,2632,0,0,,,Other,2026-01-27 16:00:00.000
10063,110,2633,0.262,0,,,Other,2026-01-27 16:00:00.000
10064,110,2634,1.286,0,,,Other,2026-01-27 16:00:00.000
10065,110,2635,0,0,,,Other,2026-01-27 16:00:00.000
10066,110,2636,-0.563,0,,,Other,2026-01-27 16:00:00.000
10067,110,2637,0,0,,,Other,2026-01-27 16:00:00.000
10068,110,5026,0,0,,,Other,2026-01-27 16:00:00.000
10069,110,5075,80,0,,,Other,2026-01-27 16:00:00.000
10070,110,5076,80,0,,,Other,2026-01-27 16:00:00.000
10071,110,2482,0,0,,,Other,2026-01-27 16:00:00.000
10072,110,4042,1,0,,,Other,2026-01-27 16:00:00.000
10073,110,5105,841.685,0,,,Other,2026-01-27 16:00:00.000
10074,110,5106,0,0,,,Other,2026-01-27 16:00:00.000
10075,110,5107,516.196,0,,,Other,2026-01-27 16:00:00.000
10076,110,5108,362.159,0,,,Other,2026-01-27 16:00:00.000
10077,110,5109,164.304,0,,,Other,2026-01-27 16:00:00.000
10078,110,5100,5.501,0,,,Other,2026-01-27 16:00:00.000
10079,110,5101,5.642,0,,,Other,2026-01-27 16:00:00.000
10080,110,5102,5.848,0,,,Other,2026-01-27 16:00:00.000
10081,110,5103,5.521,0,,,Other,2026-01-27 16:00:00.000
10082,110,5104,6.731,0,,,Other,2026-01-27 16:00:00.000
10083,110,5632,17.309,0,,,Other,2026-01-27 16:00:00.000
10084,110,5633,11.890,0,,,Other,2026-01-27 16:00:00.000
10085,110,5661,66469.405,0,,,Other,2026-01-27 16:00:00.000
10086,110,5663,66469.405,0,,,Other,2026-01-27 16:00:00.000
10087,110,5679,0,0,,,Other,2026-01-27 16:00:00.000
10088,110,218,13.330,,,,Price_Inputs,2026-01-27 16:00:00.000
10089,110,219,2.040,,,,Price_Inputs,2026-01-27 16:00:00.000
10090,110,220,1.960,,,,Price_Inputs,2026-01-27 16:00:00.000
10091,110,223,73.150,,,,Plant_Parameter,2026-01-27 16:00:00.000
10092,110,2647,89.360,,,,Plant_Parameter,2026-01-27 16:00:00.000
10093,110,221,0.050,,,,Plant_Parameter,2026-01-27 16:00:00.000
10094,110,2645,0,,,,Plant_Parameter,2026-01-27 16:00:00.000
10095,110,1190,374.140,,,,Plant_Parameter,2026-01-27 16:00:00.000
10096,110,5288,0,,,,Plant_Parameter,2026-01-27 16:00:00.000
10097,110,5289,0,,,,Plant_Parameter,2026-01-27 16:00:00.000
10098,110,222,48.200,,,,Plant_Parameter,2026-01-27 16:00:00.000
10099,110,2646,88.240,,,,Plant_Parameter,2026-01-27 16:00:00.000
10100,110,1212,18.660,,,,Plant_Parameter,2026-01-27 16:00:00.000
10101,110,1213,43.920,,,,Plant_Parameter,2026-01-27 16:00:00.000
10102,110,426,100,,,,Plant_Parameter,2026-01-27 16:00:00.000
