element_id,attribute_id,element_path,element_type,attribute_name,uom,pi_sensors,flag_sip,sip_min_pct,sip_max_pct,formula,default_value,level_depth,parent_path,leaf_element,equipment_category,has_pi_sensor,has_formula,has_default
5f97f3af-736a-e8cf-842a-a2812cfd1b60,c201831c-877d-b93a-d4c2-f058457c3a26,Steam Network 1,System,Ambient Temperature,degC,UN.UO.86XI6024.PV,,,,,,1,,Steam Network 1,network_root,True,False,False
5f97f3af-736a-e8cf-842a-a2812cfd1b60,c97f1af7-3778-628f-eb1a-9df9fe077878,Steam Network 1,System,Relative Humidity,,UN.UO.86XI6025.PV,,,,,,1,,Steam Network 1,network_root,True,False,False
7abdba2f-d4ca-d11f-970f-eab1ae776b30,d6abff65-5c8d-c52d-0e65-9dc18a263a48,Steam Network 1 > VHP Steam HeaderA,VHP Steam Header,Steam Pressure,bar,UN.ETH.17PC7032.PV,,,,,,2,Steam Network 1,VHP Steam HeaderA,header,True,False,False
7abdba2f-d4ca-d11f-970f-eab1ae776b30,0548c854-cadc-9dfc-46b0-b6b0cf9455a8,Steam Network 1 > VHP Steam HeaderA,VHP Steam Header,Steam Temperature,degC,UN.ETH.12TI2107.PV,,,,,,2,Steam Network 1,VHP Steam HeaderA,header,True,False,False
94974ecb-a8ba-1e95-aeca-a6273c2d505e,170e607e-c388-2abe-b570-4984d4864ac0,Steam Network 1 > VHP Steam HeaderA > VHP Steam GeneratorA > VHP Waste Heat BoilerA,VHP Waste Heat Boiler,Drum Level,,,,,,,,4,Steam Network 1 > VHP Steam HeaderA > VHP Steam GeneratorA,VHP Waste Heat BoilerA,boiler_whrb,False,False,False
94974ecb-a8ba-1e95-aeca-a6273c2d505e,450c770b-f3f9-3545-6bb4-5cf7b6f5424e,Steam Network 1 > VHP Steam HeaderA > VHP Steam GeneratorA > VHP Waste Heat BoilerA,VHP Waste Heat Boiler,Drum Pressure,bar,,,,,,,4,Steam Network 1 > VHP Steam HeaderA > VHP Steam GeneratorA,VHP Waste Heat BoilerA,boiler_whrb,False,False,False
94974ecb-a8ba-1e95-aeca-a6273c2d505e,f3020929-dcdc-c311-cb58-d6b92fdeca38,Steam Network 1 > VHP Steam HeaderA > VHP Steam GeneratorA > VHP Waste Heat BoilerA,VHP Waste Heat Boiler,Flue Gas CO,mol%,,,,,,,4,Steam Network 1 > VHP Steam HeaderA > VHP Steam GeneratorA,VHP Waste Heat BoilerA,boiler_whrb,False,False,False
94974ecb-a8ba-1e95-aeca-a6273c2d505e,f3020a80-dcdc-ce6a-494b-59002fdec4ea,Steam Network 1 > VHP Steam HeaderA > VHP Steam GeneratorA > VHP Waste Heat BoilerA,VHP Waste Heat Boiler,Flue Gas O2,mol%,,,,,,,4,Steam Network 1 > VHP Steam HeaderA > VHP Steam GeneratorA,VHP Waste Heat BoilerA,boiler_whrb,False,False,False
94974ecb-a8ba-1e95-aeca-a6273c2d505e,1c784d2b-a186-5607-a0b8-8e2dbdfe1b2c,Steam Network 1 > VHP Steam HeaderA > VHP Steam GeneratorA > VHP Waste Heat BoilerA,VHP Waste Heat Boiler,Fuel Gas C1,mol%,,,,,,,4,Steam Network 1 > VHP Steam HeaderA > VHP Steam GeneratorA,VHP Waste Heat BoilerA,boiler_whrb,False,False,False
94974ecb-a8ba-1e95-aeca-a6273c2d505e,1c784d2c-a186-560e-0989-0068bdfe1b22,Steam Network 1 > VHP Steam HeaderA > VHP Steam GeneratorA > VHP Waste Heat BoilerA,VHP Waste Heat Boiler,Fuel Gas C2,mol%,,,,,,,4,Steam Network 1 > VHP Steam HeaderA > VHP Steam GeneratorA,VHP Waste Heat BoilerA,boiler_whrb,False,False,False
94974ecb-a8ba-1e95-aeca-a6273c2d505e,1c784d2d-a186-5615-7259-72b1bdfe1b38,Steam Network 1 > VHP Steam HeaderA > VHP Steam GeneratorA > VHP Waste Heat BoilerA,VHP Waste Heat Boiler,Fuel Gas C3,mol%,,,,,,,4,Steam Network 1 > VHP Steam HeaderA > VHP Steam GeneratorA,VHP Waste Heat BoilerA,boiler_whrb,False,False,False
94974ecb-a8ba-1e95-aeca-a6273c2d505e,ba7531fc-1258-bb1a-720a-2798a82d8ae6,Steam Network 1 > VHP Steam HeaderA > VHP Steam GeneratorA > VHP Waste Heat BoilerA,VHP Waste Heat Boiler,Fuel Gas Calorific Value,,,,,,,,4,Steam Network 1 > VHP Steam HeaderA > VHP Steam GeneratorA,VHP Waste Heat BoilerA,boiler_whrb,False,False,False
94974ecb-a8ba-1e95-aeca-a6273c2d505e,13a75cca-d1af-de0a-3f16-cbe4c20882c0,Steam Network 1 > VHP Steam HeaderA > VHP Steam GeneratorA > VHP Waste Heat BoilerA,VHP Waste Heat Boiler,Fuel Gas CH3OH,mol%,,,,,,,4,Steam Network 1 > VHP Steam HeaderA > VHP Steam GeneratorA,VHP Waste Heat BoilerA,boiler_whrb,False,False,False
94974ecb-a8ba-1e95-aeca-a6273c2d505e,72915c09-586a-8ebb-84f5-38932afbd2b2,Steam Network 1 > VHP Steam HeaderA > VHP Steam GeneratorA > VHP Waste Heat BoilerA,VHP Waste Heat Boiler,Fuel Gas CO2,mol%,,,,,,,4,Steam Network 1 > VHP Steam HeaderA > VHP Steam GeneratorA,VHP Waste Heat BoilerA,boiler_whrb,False,False,False
94974ecb-a8ba-1e95-aeca-a6273c2d505e,df9bf6eb-c77b-5ab3-7ec5-445118e0ac58,Steam Network 1 > VHP Steam HeaderA > VHP Steam GeneratorA > VHP Waste Heat BoilerA,VHP Waste Heat Boiler,Fuel Gas Flow,metric_ton/h,UN.ETH.11FI1029AA.PV,,,,,,4,Steam Network 1 > VHP Steam HeaderA > VHP Steam GeneratorA,VHP Waste Heat BoilerA,boiler_whrb,True,False,False
94974ecb-a8ba-1e95-aeca-a6273c2d505e,1c784dc7-a186-5b1d-da70-8c8bbdfe16da,Steam Network 1 > VHP Steam HeaderA > VHP Steam GeneratorA > VHP Waste Heat BoilerA,VHP Waste Heat Boiler,Fuel Gas H2,mol%,,,,,,,4,Steam Network 1 > VHP Steam HeaderA > VHP Steam GeneratorA,VHP Waste Heat BoilerA,boiler_whrb,False,False,False
94974ecb-a8ba-1e95-aeca-a6273c2d505e,7291e93d-5870-111f-92d8-4b632ae1f822,Steam Network 1 > VHP Steam HeaderA > VHP Steam GeneratorA > VHP Waste Heat BoilerA,VHP Waste Heat Boiler,Fuel Gas iC4,mol%,,,,,,,4,Steam Network 1 > VHP Steam HeaderA > VHP Steam GeneratorA,VHP Waste Heat BoilerA,boiler_whrb,False,False,False
94974ecb-a8ba-1e95-aeca-a6273c2d505e,7291e93e-5870-1126-0d45-bd342ae1f818,Steam Network 1 > VHP Steam HeaderA > VHP Steam GeneratorA > VHP Waste Heat BoilerA,VHP Waste Heat Boiler,Fuel Gas iC5,mol%,,,,,,,4,Steam Network 1 > VHP Steam HeaderA > VHP Steam GeneratorA,VHP Waste Heat BoilerA,boiler_whrb,False,False,False
94974ecb-a8ba-1e95-aeca-a6273c2d505e,b3c76cc5-d9ab-4eeb-6fcb-ded76a6c222e,Steam Network 1 > VHP Steam HeaderA > VHP Steam GeneratorA > VHP Waste Heat BoilerA,VHP Waste Heat Boiler,Fuel Gas Molecular Weight,,,,,,,,4,Steam Network 1 > VHP Steam HeaderA > VHP Steam GeneratorA,VHP Waste Heat BoilerA,boiler_whrb,False,False,False
94974ecb-a8ba-1e95-aeca-a6273c2d505e,1c784e81-a186-612f-085b-4aafbdfe2fae,Steam Network 1 > VHP Steam HeaderA > VHP Steam GeneratorA > VHP Waste Heat BoilerA,VHP Waste Heat Boiler,Fuel Gas N2,mol%,,,,,,,4,Steam Network 1 > VHP Steam HeaderA > VHP Steam GeneratorA,VHP Waste Heat BoilerA,boiler_whrb,False,False,False
94974ecb-a8ba-1e95-aeca-a6273c2d505e,7291fc02-5870-cc4a-63e4-70942ae13048,Steam Network 1 > VHP Steam HeaderA > VHP Steam GeneratorA > VHP Waste Heat BoilerA,VHP Waste Heat Boiler,Fuel Gas nC4,mol%,,,,,,,4,Steam Network 1 > VHP Steam HeaderA > VHP Steam GeneratorA,VHP Waste Heat BoilerA,boiler_whrb,False,False,False
94974ecb-a8ba-1e95-aeca-a6273c2d505e,7291fc03-5870-cc51-de53-20f32ae13052,Steam Network 1 > VHP Steam HeaderA > VHP Steam GeneratorA > VHP Waste Heat BoilerA,VHP Waste Heat Boiler,Fuel Gas nC5,mol%,,,,,,,4,Steam Network 1 > VHP Steam HeaderA > VHP Steam GeneratorA,VHP Waste Heat BoilerA,boiler_whrb,False,False,False
94974ecb-a8ba-1e95-aeca-a6273c2d505e,b60ae772-4b9e-2a1e-5d9b-d35cfd94cd6c,Steam Network 1 > VHP Steam HeaderA > VHP Steam GeneratorA > VHP Waste Heat BoilerA,VHP Waste Heat Boiler,Fuel oil Flow,metric_ton/h,,,,,,,4,Steam Network 1 > VHP Steam HeaderA > VHP Steam GeneratorA,VHP Waste Heat BoilerA,boiler_whrb,False,False,False
94974ecb-a8ba-1e95-aeca-a6273c2d505e,a1d2da25-a40a-abd5-b598-37c905d871f0,Steam Network 1 > VHP Steam HeaderA > VHP Steam GeneratorA > VHP Waste Heat BoilerA,VHP Waste Heat Boiler,Furnace Draft,mmHg,,,,,,,4,Steam Network 1 > VHP Steam HeaderA > VHP Steam GeneratorA,VHP Waste Heat BoilerA,boiler_whrb,False,False,False
94974ecb-a8ba-1e95-aeca-a6273c2d505e,d29bf4ae-fc9c-5fee-0ed2-0bc42e07ab40,Steam Network 1 > VHP Steam HeaderA > VHP Steam GeneratorA > VHP Waste Heat BoilerA,VHP Waste Heat Boiler,Liquid Fuel Component1,mol%,,,,,,,4,Steam Network 1 > VHP Steam HeaderA > VHP Steam GeneratorA,VHP Waste Heat BoilerA,boiler_whrb,False,False,False
94974ecb-a8ba-1e95-aeca-a6273c2d505e,d29bf4af-fc9c-5ff5-cdb2-1c7b2e07ab5a,Steam Network 1 > VHP Steam HeaderA > VHP Steam GeneratorA > VHP Waste Heat BoilerA,VHP Waste Heat Boiler,Liquid Fuel Component2,mol%,,,,,,,4,Steam Network 1 > VHP Steam HeaderA > VHP Steam GeneratorA,VHP Waste Heat BoilerA,boiler_whrb,False,False,False
94974ecb-a8ba-1e95-aeca-a6273c2d505e,d29bf4b0-fc9c-5ffc-8c92-2d402e07ab4c,Steam Network 1 > VHP Steam HeaderA > VHP Steam GeneratorA > VHP Waste Heat BoilerA,VHP Waste Heat Boiler,Liquid Fuel Component3,,,,,,,,4,Steam Network 1 > VHP Steam HeaderA > VHP Steam GeneratorA,VHP Waste Heat BoilerA,boiler_whrb,False,False,False
94974ecb-a8ba-1e95-aeca-a6273c2d505e,0e80cb28-9c3a-7d7e-6da6-85b092bab656,Steam Network 1 > VHP Steam HeaderA > VHP Steam GeneratorA > VHP Waste Heat BoilerA,VHP Waste Heat Boiler,Stack Temperature,degC,UN.ETH.11TI1011A.PV,,,,,,4,Steam Network 1 > VHP Steam HeaderA > VHP Steam GeneratorA,VHP Waste Heat BoilerA,boiler_whrb,True,False,False
94974ecb-a8ba-1e95-aeca-a6273c2d505e,ef2d35d2-0a82-ff84-e48f-ee48e5afca56,Steam Network 1 > VHP Steam HeaderA > VHP Steam GeneratorA > VHP Waste Heat BoilerA,VHP Waste Heat Boiler,Steam Generation Flow,metric_ton/h,UN.ETH.11FI1031A.PV,,,,,,4,Steam Network 1 > VHP Steam HeaderA > VHP Steam GeneratorA,VHP Waste Heat BoilerA,boiler_whrb,True,False,False
94974ecb-a8ba-1e95-aeca-a6273c2d505e,03349b94-54b4-6b32-915d-3ee85780f0a6,Steam Network 1 > VHP Steam HeaderA > VHP Steam GeneratorA > VHP Waste Heat BoilerA,VHP Waste Heat Boiler,Steam Outlet Pressure,bar,UN.ETH.11PI1688A.PV,,,,,,4,Steam Network 1 > VHP Steam HeaderA > VHP Steam GeneratorA,VHP Waste Heat BoilerA,boiler_whrb,True,False,False
94974ecb-a8ba-1e95-aeca-a6273c2d505e,72c009c5-c1fb-c94d-6495-9d41b33bc088,Steam Network 1 > VHP Steam HeaderA > VHP Steam GeneratorA > VHP Waste Heat BoilerA,VHP Waste Heat Boiler,Steam Outlet Temperature,degC,UN.ETH.11TC1017A.PV,,,,,,4,Steam Network 1 > VHP Steam HeaderA > VHP Steam GeneratorA,VHP Waste Heat BoilerA,boiler_whrb,True,False,False
94974ecc-a8ba-1e9c-67a7-ec503c2d5050,1ec005dd-89a9-4369-0230-3ea5976946b4,Steam Network 1 > VHP Steam HeaderA > VHP Steam GeneratorA > VHP Waste Heat BoilerB,VHP Waste Heat Boiler,Drum Level,,,,,,,,4,Steam Network 1 > VHP Steam HeaderA > VHP Steam GeneratorA,VHP Waste Heat BoilerB,boiler_whrb,False,False,False
94974ecc-a8ba-1e9c-67a7-ec503c2d5050,9ee7e14c-7687-17e4-32d6-7bb0e860f6a8,Steam Network 1 > VHP Steam HeaderA > VHP Steam GeneratorA > VHP Waste Heat BoilerB,VHP Waste Heat Boiler,Drum Pressure,bar,,,,,,,4,Steam Network 1 > VHP Steam HeaderA > VHP Steam GeneratorA,VHP Waste Heat BoilerB,boiler_whrb,False,False,False
94974ecc-a8ba-1e9c-67a7-ec503c2d5050,e1850faa-7fa5-53c8-c29a-5ad09e205c62,Steam Network 1 > VHP Steam HeaderA > VHP Steam GeneratorA > VHP Waste Heat BoilerB,VHP Waste Heat Boiler,Flue Gas CO,mol%,,,,,,,4,Steam Network 1 > VHP Steam HeaderA > VHP Steam GeneratorA,VHP Waste Heat BoilerB,boiler_whrb,False,False,False
94974ecc-a8ba-1e9c-67a7-ec503c2d5050,e1851101-7fa5-5f21-e81b-90219e204e20,Steam Network 1 > VHP Steam HeaderA > VHP Steam GeneratorA > VHP Waste Heat BoilerB,VHP Waste Heat Boiler,Flue Gas O2,mol%,,,,,,,4,Steam Network 1 > VHP Steam HeaderA > VHP Steam GeneratorA,VHP Waste Heat BoilerB,boiler_whrb,False,False,False
94974ecc-a8ba-1e9c-67a7-ec503c2d5050,0afb53ac-444e-e6be-221c-a1a84eb5b512,Steam Network 1 > VHP Steam HeaderA > VHP Steam GeneratorA > VHP Waste Heat BoilerB,VHP Waste Heat Boiler,Fuel Gas C1,mol%,,,,,,,4,Steam Network 1 > VHP Steam HeaderA > VHP Steam GeneratorA,VHP Waste Heat BoilerB,boiler_whrb,False,False,False
94974ecc-a8ba-1e9c-67a7-ec503c2d5050,0afb53ad-444e-e6c5-b34a-d2214eb5b568,Steam Network 1 > VHP Steam HeaderA > VHP Steam GeneratorA > VHP Waste Heat BoilerB,VHP Waste Heat Boiler,Fuel Gas C2,mol%,,,,,,,4,Steam Network 1 > VHP Steam HeaderA > VHP Steam GeneratorA,VHP Waste Heat BoilerB,boiler_whrb,False,False,False
94974ecc-a8ba-1e9c-67a7-ec503c2d5050,0afb53ae-444e-e6cc-4479-02a84eb5b562,Steam Network 1 > VHP Steam HeaderA > VHP Steam GeneratorA > VHP Waste Heat BoilerB,VHP Waste Heat Boiler,Fuel Gas C3,mol%,,,,,,,4,Steam Network 1 > VHP Steam HeaderA > VHP Steam GeneratorA,VHP Waste Heat BoilerB,boiler_whrb,False,False,False
94974ecc-a8ba-1e9c-67a7-ec503c2d5050,bc4e851b-74fd-e9fd-586e-1eafc8b36ce6,Steam Network 1 > VHP Steam HeaderA > VHP Steam GeneratorA > VHP Waste Heat BoilerB,VHP Waste Heat Boiler,Fuel Gas Calorific Value,,,,,,,,4,Steam Network 1 > VHP Steam HeaderA > VHP Steam GeneratorA,VHP Waste Heat BoilerB,boiler_whrb,False,False,False
94974ecc-a8ba-1e9c-67a7-ec503c2d5050,f5393aa9-b031-9f05-bfe6-1c4d4508a5ac,Steam Network 1 > VHP Steam HeaderA > VHP Steam GeneratorA > VHP Waste Heat BoilerB,VHP Waste Heat Boiler,Fuel Gas CH3OH,mol%,,,,,,,4,Steam Network 1 > VHP Steam HeaderA > VHP Steam GeneratorA,VHP Waste Heat BoilerB,boiler_whrb,False,False,False
94974ecc-a8ba-1e9c-67a7-ec503c2d5050,546f25a8-df67-792e-335d-2c308b085c86,Steam Network 1 > VHP Steam HeaderA > VHP Steam GeneratorA > VHP Waste Heat BoilerB,VHP Waste Heat Boiler,Fuel Gas CO2,mol%,,,,,,,4,Steam Network 1 > VHP Steam HeaderA > VHP Steam GeneratorA,VHP Waste Heat BoilerB,boiler_whrb,False,False,False
94974ecc-a8ba-1e9c-67a7-ec503c2d5050,3977612c-4a09-3d52-fcf0-9c18737e5c7e,Steam Network 1 > VHP Steam HeaderA > VHP Steam GeneratorA > VHP Waste Heat BoilerB,VHP Waste Heat Boiler,Fuel Gas Flow,metric_ton/h,UN.ETH.11FI1029BA.PV,,,,,,4,Steam Network 1 > VHP Steam HeaderA > VHP Steam GeneratorA,VHP Waste Heat BoilerB,boiler_whrb,True,False,False
94974ecc-a8ba-1e9c-67a7-ec503c2d5050,0afb5448-444e-ebd4-9c6f-e3a04eb5bf9c,Steam Network 1 > VHP Steam HeaderA > VHP Steam GeneratorA > VHP Waste Heat BoilerB,VHP Waste Heat Boiler,Fuel Gas H2,mol%,,,,,,,4,Steam Network 1 > VHP Steam HeaderA > VHP Steam GeneratorA,VHP Waste Heat BoilerB,boiler_whrb,False,False,False
94974ecc-a8ba-1e9c-67a7-ec503c2d5050,546fb2dc-df6c-fb92-c4e1-b5788b03494e,Steam Network 1 > VHP Steam HeaderA > VHP Steam GeneratorA > VHP Waste Heat BoilerB,VHP Waste Heat Boiler,Fuel Gas iC4,mol%,,,,,,,4,Steam Network 1 > VHP Steam HeaderA > VHP Steam GeneratorA,VHP Waste Heat BoilerB,boiler_whrb,False,False,False
94974ecc-a8ba-1e9c-67a7-ec503c2d5050,546fb2dd-df6c-fb99-f35c-95158b034944,Steam Network 1 > VHP Steam HeaderA > VHP Steam GeneratorA > VHP Waste Heat BoilerB,VHP Waste Heat Boiler,Fuel Gas iC5,mol%,,,,,,,4,Steam Network 1 > VHP Steam HeaderA > VHP Steam GeneratorA,VHP Waste Heat BoilerB,boiler_whrb,False,False,False
94974ecc-a8ba-1e9c-67a7-ec503c2d5050,ed187d86-1b8b-15ba-8fd9-315cf693683c,Steam Network 1 > VHP Steam HeaderA > VHP Steam GeneratorA > VHP Waste Heat BoilerB,VHP Waste Heat Boiler,Fuel Gas Molecular Weight,,,,,,,,4,Steam Network 1 > VHP Steam HeaderA > VHP Steam GeneratorA,VHP Waste Heat BoilerB,boiler_whrb,False,False,False
94974ecc-a8ba-1e9c-67a7-ec503c2d5050,0afb5502-444e-f1e6-e771-41cc4eb5a4e4,Steam Network 1 > VHP Steam HeaderA > VHP Steam GeneratorA > VHP Waste Heat BoilerB,VHP Waste Heat Boiler,Fuel Gas N2,mol%,,,,,,,4,Steam Network 1 > VHP Steam HeaderA > VHP Steam GeneratorA,VHP Waste Heat BoilerB,boiler_whrb,False,False,False
94974ecc-a8ba-1e9c-67a7-ec503c2d5050,546fc5a1-df6d-b6bd-3192-5ddd8b02731c,Steam Network 1 > VHP Steam HeaderA > VHP Steam GeneratorA > VHP Waste Heat BoilerB,VHP Waste Heat Boiler,Fuel Gas nC4,mol%,,,,,,,4,Steam Network 1 > VHP Steam HeaderA > VHP Steam GeneratorA,VHP Waste Heat BoilerB,boiler_whrb,False,False,False
94974ecc-a8ba-1e9c-67a7-ec503c2d5050,546fc5a2-df6d-b6c4-600e-7c088b027366,Steam Network 1 > VHP Steam HeaderA > VHP Steam GeneratorA > VHP Waste Heat BoilerB,VHP Waste Heat Boiler,Fuel Gas nC5,mol%,,,,,,,4,Steam Network 1 > VHP Steam HeaderA > VHP Steam GeneratorA,VHP Waste Heat BoilerB,boiler_whrb,False,False,False
94974ecc-a8ba-1e9c-67a7-ec503c2d5050,0fe651b3-ce2c-0cbd-9da2-b527c1ca5d0e,Steam Network 1 > VHP Steam HeaderA > VHP Steam GeneratorA > VHP Waste Heat BoilerB,VHP Waste Heat Boiler,Fuel oil Flow,metric_ton/h,,,,,,,4,Steam Network 1 > VHP Steam HeaderA > VHP Steam GeneratorA,VHP Waste Heat BoilerB,boiler_whrb,False,False,False
94974ecc-a8ba-1e9c-67a7-ec503c2d5050,fbae4466-2698-8e74-7577-9238dd36ca12,Steam Network 1 > VHP Steam HeaderA > VHP Steam GeneratorA > VHP Waste Heat BoilerB,VHP Waste Heat Boiler,Furnace Draft,mmHg,,,,,,,4,Steam Network 1 > VHP Steam HeaderA > VHP Steam GeneratorA,VHP Waste Heat BoilerB,boiler_whrb,False,False,False
94974ecc-a8ba-1e9c-67a7-ec503c2d5050,ce9d838d-f2c5-a289-c50b-a0753c582104,Steam Network 1 > VHP Steam HeaderA > VHP Steam GeneratorA > VHP Waste Heat BoilerB,VHP Waste Heat Boiler,Liquid Fuel Component1,mol%,,,,,,,4,Steam Network 1 > VHP Steam HeaderA > VHP Steam GeneratorA,VHP Waste Heat BoilerB,boiler_whrb,False,False,False
94974ecc-a8ba-1e9c-67a7-ec503c2d5050,ce9d838e-f2c5-a290-5e1f-dbe03c58211e,Steam Network 1 > VHP Steam HeaderA > VHP Steam GeneratorA > VHP Waste Heat BoilerB,VHP Waste Heat Boiler,Liquid Fuel Component2,mol%,,,,,,,4,Steam Network 1 > VHP Steam HeaderA > VHP Steam GeneratorA,VHP Waste Heat BoilerB,boiler_whrb,False,False,False
94974ecc-a8ba-1e9c-67a7-ec503c2d5050,ce9d838f-f2c5-a297-f734-17593c582118,Steam Network 1 > VHP Steam HeaderA > VHP Steam GeneratorA > VHP Waste Heat BoilerB,VHP Waste Heat Boiler,Liquid Fuel Component3,,,,,,,,4,Steam Network 1 > VHP Steam HeaderA > VHP Steam GeneratorA,VHP Waste Heat BoilerB,boiler_whrb,False,False,False
94974ecc-a8ba-1e9c-67a7-ec503c2d5050,dc2b2ce9-8bbf-3d2d-0221-69f5579411c4,Steam Network 1 > VHP Steam HeaderA > VHP Steam GeneratorA > VHP Waste Heat BoilerB,VHP Waste Heat Boiler,Stack Temperature,degC,UN.ETH.11TI1011B.PV,,,,,,4,Steam Network 1 > VHP Steam HeaderA > VHP Steam GeneratorA,VHP Waste Heat BoilerB,boiler_whrb,True,False,False
94974ecc-a8ba-1e9c-67a7-ec503c2d5050,395ecf13-4f6f-5b43-5da8-f2f976319450,Steam Network 1 > VHP Steam HeaderA > VHP Steam GeneratorA > VHP Waste Heat BoilerB,VHP Waste Heat Boiler,Steam Generation Flow,metric_ton/h,UN.ETH.11FI1031B.PV,,,,,,4,Steam Network 1 > VHP Steam HeaderA > VHP Steam GeneratorA,VHP Waste Heat BoilerB,boiler_whrb,True,False,False
94974ecc-a8ba-1e9c-67a7-ec503c2d5050,4d6634d5-99a0-c6f1-3c34-7a85d4c6f224,Steam Network 1 > VHP Steam HeaderA > VHP Steam GeneratorA > VHP Waste Heat BoilerB,VHP Waste Heat Boiler,Steam Outlet Pressure,bar,UN.ETH.11PI1688B.PV,,,,,,4,Steam Network 1 > VHP Steam HeaderA > VHP Steam GeneratorA,VHP Waste Heat BoilerB,boiler_whrb,True,False,False
94974ecc-a8ba-1e9c-67a7-ec503c2d5050,74995ce4-24a0-f830-8d3e-4ac05039a4d4,Steam Network 1 > VHP Steam HeaderA > VHP Steam GeneratorA > VHP Waste Heat BoilerB,VHP Waste Heat Boiler,Steam Outlet Temperature,degC,UN.ETH.11TC1017B.PV,,,,,,4,Steam Network 1 > VHP Steam HeaderA > VHP Steam GeneratorA,VHP Waste Heat BoilerB,boiler_whrb,True,False,False
94974ecd-a8ba-1ea3-2085-32873c2d506e,2671ab3c-4fca-5c14-7bc2-f0b069bbf728,Steam Network 1 > VHP Steam HeaderA > VHP Steam GeneratorA > VHP Waste Heat BoilerC,VHP Waste Heat Boiler,Drum Level,,,,,,,,4,Steam Network 1 > VHP Steam HeaderA > VHP Steam GeneratorA,VHP Waste Heat BoilerC,boiler_whrb,False,False,False
94974ecd-a8ba-1ea3-2085-32873c2d506e,f8c34b8d-f914-fa83-0fbb-5b2701d7b10e,Steam Network 1 > VHP Steam HeaderA > VHP Steam GeneratorA > VHP Waste Heat BoilerC,VHP Waste Heat Boiler,Drum Pressure,bar,,,,,,,4,Steam Network 1 > VHP Steam HeaderA > VHP Steam GeneratorA,VHP Waste Heat BoilerC,boiler_whrb,False,False,False
94974ecd-a8ba-1ea3-2085-32873c2d506e,d008162b-226d-e47f-8e10-4b55f265f254,Steam Network 1 > VHP Steam HeaderA > VHP Steam GeneratorA > VHP Waste Heat BoilerC,VHP Waste Heat Boiler,Flue Gas CO,mol%,,,,,,,4,Steam Network 1 > VHP Steam HeaderA > VHP Steam GeneratorA,VHP Waste Heat BoilerC,boiler_whrb,False,False,False
94974ecd-a8ba-1ea3-2085-32873c2d506e,d0081782-226d-efd8-5b20-33b0f265f85a,Steam Network 1 > VHP Steam HeaderA > VHP Steam GeneratorA > VHP Waste Heat BoilerC,VHP Waste Heat Boiler,Flue Gas O2,mol%,,,,,,,4,Steam Network 1 > VHP Steam HeaderA > VHP Steam GeneratorA,VHP Waste Heat BoilerC,boiler_whrb,False,False,False
94974ecd-a8ba-1ea3-2085-32873c2d506e,f97e5a2d-e717-7775-77b5-21911e692d58,Steam Network 1 > VHP Steam HeaderA > VHP Steam GeneratorA > VHP Waste Heat BoilerC,VHP Waste Heat Boiler,Fuel Gas C1,mol%,,,,,,,4,Steam Network 1 > VHP Steam HeaderA > VHP Steam GeneratorA,VHP Waste Heat BoilerC,boiler_whrb,False,False,False
94974ecd-a8ba-1ea3-2085-32873c2d506e,f97e5a2e-e717-777c-3141-10481e692d52,Steam Network 1 > VHP Steam HeaderA > VHP Steam GeneratorA > VHP Waste Heat BoilerC,VHP Waste Heat Boiler,Fuel Gas C2,mol%,,,,,,,4,Steam Network 1 > VHP Steam HeaderA > VHP Steam GeneratorA,VHP Waste Heat BoilerC,boiler_whrb,False,False,False
94974ecd-a8ba-1ea3-2085-32873c2d506e,f97e5a2f-e717-7783-eacc-ff0d1e692dac,Steam Network 1 > VHP Steam HeaderA > VHP Steam GeneratorA > VHP Waste Heat BoilerC,VHP Waste Heat Boiler,Fuel Gas C3,mol%,,,,,,,4,Steam Network 1 > VHP Steam HeaderA > VHP Steam GeneratorA,VHP Waste Heat BoilerC,boiler_whrb,False,False,False
94974ecd-a8ba-1ea3-2085-32873c2d506e,be27d83a-d7a3-18e0-8210-a2c06984c0da,Steam Network 1 > VHP Steam HeaderA > VHP Steam GeneratorA > VHP Waste Heat BoilerC,VHP Waste Heat Boiler,Fuel Gas Calorific Value,,,,,,,,4,Steam Network 1 > VHP Steam HeaderA > VHP Steam GeneratorA,VHP Waste Heat BoilerC,boiler_whrb,False,False,False
94974ecd-a8ba-1ea3-2085-32873c2d506e,d6cb1888-8eb3-6000-c04b-000058787888,Steam Network 1 > VHP Steam HeaderA > VHP Steam GeneratorA > VHP Waste Heat BoilerC,VHP Waste Heat Boiler,Fuel Gas CH3OH,mol%,,,,,,,4,Steam Network 1 > VHP Steam HeaderA > VHP Steam GeneratorA,VHP Waste Heat BoilerC,boiler_whrb,False,False,False
94974ecd-a8ba-1ea3-2085-32873c2d506e,364cef47-6664-63a1-a8a6-f0a750288ce6,Steam Network 1 > VHP Steam HeaderA > VHP Steam GeneratorA > VHP Waste Heat BoilerC,VHP Waste Heat Boiler,Fuel Gas CO2,mol%,,,,,,,4,Steam Network 1 > VHP Steam HeaderA > VHP Steam GeneratorA,VHP Waste Heat BoilerC,boiler_whrb,False,False,False
94974ecd-a8ba-1ea3-2085-32873c2d506e,9352cb6d-cc97-1ff1-90de-b49d5fc5d49c,Steam Network 1 > VHP Steam HeaderA > VHP Steam GeneratorA > VHP Waste Heat BoilerC,VHP Waste Heat Boiler,Fuel Gas Flow,metric_ton/h,UN.ETH.11FI1029CA.PV,,,,,,4,Steam Network 1 > VHP Steam HeaderA > VHP Steam GeneratorA,VHP Waste Heat BoilerC,boiler_whrb,True,False,False
94974ecd-a8ba-1ea3-2085-32873c2d506e,f97e5ac9-e717-7c8b-32a3-a7231e692642,Steam Network 1 > VHP Steam HeaderA > VHP Steam GeneratorA > VHP Waste Heat BoilerC,VHP Waste Heat Boiler,Fuel Gas H2,mol%,,,,,,,4,Steam Network 1 > VHP Steam HeaderA > VHP Steam GeneratorA,VHP Waste Heat BoilerC,boiler_whrb,False,False,False
94974ecd-a8ba-1ea3-2085-32873c2d506e,364d7c7b-6669-e605-bdcc-f06750249a7e,Steam Network 1 > VHP Steam HeaderA > VHP Steam GeneratorA > VHP Waste Heat BoilerC,VHP Waste Heat Boiler,Fuel Gas iC4,mol%,,,,,,,4,Steam Network 1 > VHP Steam HeaderA > VHP Steam GeneratorA,VHP Waste Heat BoilerC,boiler_whrb,False,False,False
94974ecd-a8ba-1ea3-2085-32873c2d506e,364d7c7c-6669-e60c-a055-3dd050249a70,Steam Network 1 > VHP Steam HeaderA > VHP Steam GeneratorA > VHP Waste Heat BoilerC,VHP Waste Heat Boiler,Fuel Gas iC5,mol%,,,,,,,4,Steam Network 1 > VHP Steam HeaderA > VHP Steam GeneratorA,VHP Waste Heat BoilerC,boiler_whrb,False,False,False
94974ecd-a8ba-1ea3-2085-32873c2d506e,26698e47-5d6a-dc89-f928-27ff7b0352ce,Steam Network 1 > VHP Steam HeaderA > VHP Steam GeneratorA > VHP Waste Heat BoilerC,VHP Waste Heat Boiler,Fuel Gas Molecular Weight,,,,,,,,4,Steam Network 1 > VHP Steam HeaderA > VHP Steam GeneratorA,VHP Waste Heat BoilerC,boiler_whrb,False,False,False
94974ecd-a8ba-1ea3-2085-32873c2d506e,f97e5b83-e717-829d-9abb-a5571e69d91e,Steam Network 1 > VHP Steam HeaderA > VHP Steam GeneratorA > VHP Waste Heat BoilerC,VHP Waste Heat Boiler,Fuel Gas N2,mol%,,,,,,,4,Steam Network 1 > VHP Steam HeaderA > VHP Steam GeneratorA,VHP Waste Heat BoilerC,boiler_whrb,False,False,False
94974ecd-a8ba-1ea3-2085-32873c2d506e,364d8f40-666a-a130-c622-1c0050272e70,Steam Network 1 > VHP Steam HeaderA > VHP Steam GeneratorA > VHP Waste Heat BoilerC,VHP Waste Heat Boiler,Fuel Gas nC4,mol%,,,,,,,4,Steam Network 1 > VHP Steam HeaderA > VHP Steam GeneratorA,VHP Waste Heat BoilerC,boiler_whrb,False,False,False
94974ecd-a8ba-1ea3-2085-32873c2d506e,364d8f41-666a-a137-a8ab-a7f750272e76,Steam Network 1 > VHP Steam HeaderA > VHP Steam GeneratorA > VHP Waste Heat BoilerC,VHP Waste Heat Boiler,Fuel Gas nC5,mol%,,,,,,,4,Steam Network 1 > VHP Steam HeaderA > VHP Steam GeneratorA,VHP Waste Heat BoilerC,boiler_whrb,False,False,False
94974ecd-a8ba-1ea3-2085-32873c2d506e,69c1bbf4-50b9-ef5c-f36c-57b0397854a8,Steam Network 1 > VHP Steam HeaderA > VHP Steam GeneratorA > VHP Waste Heat BoilerC,VHP Waste Heat Boiler,Fuel oil Flow,metric_ton/h,,,,,,,4,Steam Network 1 > VHP Steam HeaderA > VHP Steam GeneratorA,VHP Waste Heat BoilerC,boiler_whrb,False,False,False
94974ecd-a8ba-1ea3-2085-32873c2d506e,5589aea7-a926-7113-4b19-ad65fcafdfb4,Steam Network 1 > VHP Steam HeaderA > VHP Steam GeneratorA > VHP Waste Heat BoilerC,VHP Waste Heat Boiler,Furnace Draft,mmHg,,,,,,,4,Steam Network 1 > VHP Steam HeaderA > VHP Steam GeneratorA,VHP Waste Heat BoilerC,boiler_whrb,False,False,False
94974ecd-a8ba-1ea3-2085-32873c2d506e,ca9f126c-e8ee-e524-ca41-33302271f748,Steam Network 1 > VHP Steam HeaderA > VHP Steam GeneratorA > VHP Waste Heat BoilerC,VHP Waste Heat Boiler,Liquid Fuel Component1,mol%,,,,,,,4,Steam Network 1 > VHP Steam HeaderA > VHP Steam GeneratorA,VHP Waste Heat BoilerC,boiler_whrb,False,False,False
94974ecd-a8ba-1ea3-2085-32873c2d506e,ca9f126d-e8ee-e52b-3d89-994f2271f746,Steam Network 1 > VHP Steam HeaderA > VHP Steam GeneratorA > VHP Waste Heat BoilerC,VHP Waste Heat Boiler,Liquid Fuel Component2,mol%,,,,,,,4,Steam Network 1 > VHP Steam HeaderA > VHP Steam GeneratorA,VHP Waste Heat BoilerC,boiler_whrb,False,False,False
94974ecd-a8ba-1ea3-2085-32873c2d506e,ca9f126e-e8ee-e532-b0d1-ff7c2271f75c,Steam Network 1 > VHP Steam HeaderA > VHP Steam GeneratorA > VHP Waste Heat BoilerC,VHP Waste Heat Boiler,Liquid Fuel Component3,,,,,,,,4,Steam Network 1 > VHP Steam HeaderA > VHP Steam GeneratorA,VHP Waste Heat BoilerC,boiler_whrb,False,False,False
94974ecd-a8ba-1ea3-2085-32873c2d506e,a9d58eaa-7b43-fcdc-3073-f218d2967276,Steam Network 1 > VHP Steam HeaderA > VHP Steam GeneratorA > VHP Waste Heat BoilerC,VHP Waste Heat Boiler,Stack Temperature,degC,UN.ETH.11TI1011C.PV,,,,,,4,Steam Network 1 > VHP Steam HeaderA > VHP Steam GeneratorA,VHP Waste Heat BoilerC,boiler_whrb,True,False,False
94974ecd-a8ba-1ea3-2085-32873c2d506e,83906854-945b-b702-e790-dca817cbdf56,Steam Network 1 > VHP Steam HeaderA > VHP Steam GeneratorA > VHP Waste Heat BoilerC,VHP Waste Heat Boiler,Steam Generation Flow,metric_ton/h,UN.ETH.11FI1031C.PV,,,,,,4,Steam Network 1 > VHP Steam HeaderA > VHP Steam GeneratorA,VHP Waste Heat BoilerC,boiler_whrb,True,False,False
94974ecd-a8ba-1ea3-2085-32873c2d506e,9797ce16-de8d-22b0-f7da-9b20491aeca6,Steam Network 1 > VHP Steam HeaderA > VHP Steam GeneratorA > VHP Waste Heat BoilerC,VHP Waste Heat Boiler,Steam Outlet Pressure,bar,UN.ETH.11PI1688C.PV,,,,,,4,Steam Network 1 > VHP Steam HeaderA > VHP Steam GeneratorA,VHP Waste Heat BoilerC,boiler_whrb,True,False,False
94974ecd-a8ba-1ea3-2085-32873c2d506e,7672b003-8746-2713-f925-8539f1349710,Steam Network 1 > VHP Steam HeaderA > VHP Steam GeneratorA > VHP Waste Heat BoilerC,VHP Waste Heat Boiler,Steam Outlet Temperature,degC,UN.ETH.11TC1017D.PV,,,,,,4,Steam Network 1 > VHP Steam HeaderA > VHP Steam GeneratorA,VHP Waste Heat BoilerC,boiler_whrb,True,False,False
94974ece-a8ba-1eaa-d962-78cc3c2d5064,2e23509b-15eb-74bf-2228-5fa53bc82424,Steam Network 1 > VHP Steam HeaderA > VHP Steam GeneratorA > VHP Waste Heat BoilerD,VHP Waste Heat Boiler,Drum Level,,,,,,,,4,Steam Network 1 > VHP Steam HeaderA > VHP Steam GeneratorA,VHP Waste Heat BoilerD,boiler_whrb,False,False,False
94974ece-a8ba-1eaa-d962-78cc3c2d5064,529eb5ce-7ba2-dd22-0262-fb5c293c68ec,Steam Network 1 > VHP Steam HeaderA > VHP Steam GeneratorA > VHP Waste Heat BoilerD,VHP Waste Heat Boiler,Drum Pressure,bar,,,,,,,4,Steam Network 1 > VHP Steam HeaderA > VHP Steam GeneratorA,VHP Waste Heat BoilerD,boiler_whrb,False,False,False
94974ece-a8ba-1eaa-d962-78cc3c2d5064,be8b1cac-c536-7536-2dba-a8487bbd699a,Steam Network 1 > VHP Steam HeaderA > VHP Steam GeneratorA > VHP Waste Heat BoilerD,VHP Waste Heat Boiler,Flue Gas CO,mol%,,,,,,,4,Steam Network 1 > VHP Steam HeaderA > VHP Steam GeneratorA,VHP Waste Heat BoilerD,boiler_whrb,False,False,False
94974ece-a8ba-1eaa-d962-78cc3c2d5064,be8b1e03-c536-808f-a259-43ad7bbd9e8c,Steam Network 1 > VHP Steam HeaderA > VHP Steam GeneratorA > VHP Waste Heat BoilerD,VHP Waste Heat Boiler,Flue Gas O2,mol%,,,,,,,4,Steam Network 1 > VHP Steam HeaderA > VHP Steam GeneratorA,VHP Waste Heat BoilerD,boiler_whrb,False,False,False
94974ece-a8ba-1eaa-d962-78cc3c2d5064,e80160ae-89e0-082c-a182-0de861e16882,Steam Network 1 > VHP Steam HeaderA > VHP Steam GeneratorA > VHP Waste Heat BoilerD,VHP Waste Heat Boiler,Fuel Gas C1,mol%,,,,,,,4,Steam Network 1 > VHP Steam HeaderA > VHP Steam GeneratorA,VHP Waste Heat BoilerD,boiler_whrb,False,False,False
94974ece-a8ba-1eaa-d962-78cc3c2d5064,e80160af-89e0-0833-836b-badd61e1689c,Steam Network 1 > VHP Steam HeaderA > VHP Steam GeneratorA > VHP Waste Heat BoilerD,VHP Waste Heat Boiler,Fuel Gas C2,mol%,,,,,,,4,Steam Network 1 > VHP Steam HeaderA > VHP Steam GeneratorA,VHP Waste Heat BoilerD,boiler_whrb,False,False,False
94974ece-a8ba-1eaa-d962-78cc3c2d5064,e80160b0-89e0-083a-6555-67e061e1688a,Steam Network 1 > VHP Steam HeaderA > VHP Steam GeneratorA > VHP Waste Heat BoilerD,VHP Waste Heat Boiler,Fuel Gas C3,mol%,,,,,,,4,Steam Network 1 > VHP Steam HeaderA > VHP Steam GeneratorA,VHP Waste Heat BoilerD,boiler_whrb,False,False,False
94974ece-a8ba-1eaa-d962-78cc3c2d5064,c0012b59-3a48-47c3-eef1-b3cbfa496c9a,Steam Network 1 > VHP Steam HeaderA > VHP Steam GeneratorA > VHP Waste Heat BoilerD,VHP Waste Heat Boiler,Fuel Gas Calorific Value,,,,,,,,4,Steam Network 1 > VHP Steam HeaderA > VHP Steam GeneratorA,VHP Waste Heat BoilerD,boiler_whrb,False,False,False
94974ece-a8ba-1eaa-d962-78cc3c2d5064,b85cf667-6d35-20fb-4045-76fdd569d69c,Steam Network 1 > VHP Steam HeaderA > VHP Steam GeneratorA > VHP Waste Heat BoilerD,VHP Waste Heat Boiler,Fuel Gas CH3OH,mol%,,,,,,,4,Steam Network 1 > VHP Steam HeaderA > VHP Steam GeneratorA,VHP Waste Heat BoilerD,boiler_whrb,False,False,False
94974ece-a8ba-1eaa-d962-78cc3c2d5064,182ab8e6-ed61-4e14-e4d2-85f8f54bf6f2,Steam Network 1 > VHP Steam HeaderA > VHP Steam GeneratorA > VHP Waste Heat BoilerD,VHP Waste Heat Boiler,Fuel Gas CO2,mol%,,,,,,,4,Steam Network 1 > VHP Steam HeaderA > VHP Steam GeneratorA,VHP Waste Heat BoilerD,boiler_whrb,False,False,False
94974ece-a8ba-1eaa-d962-78cc3c2d5064,ed2e35ae-4f25-0290-3a8f-8de0a20b373e,Steam Network 1 > VHP Steam HeaderA > VHP Steam GeneratorA > VHP Waste Heat BoilerD,VHP Waste Heat Boiler,Fuel Gas Flow,metric_ton/h,UN.ETH.11FI1029DA.PV,,,,,,4,Steam Network 1 > VHP Steam HeaderA > VHP Steam GeneratorA,VHP Waste Heat BoilerD,boiler_whrb,True,False,False
94974ece-a8ba-1eaa-d962-78cc3c2d5064,e801614a-89e0-0d42-9d0b-d71461e16c08,Steam Network 1 > VHP Steam HeaderA > VHP Steam GeneratorA > VHP Waste Heat BoilerD,VHP Waste Heat Boiler,Fuel Gas H2,mol%,,,,,,,4,Steam Network 1 > VHP Steam HeaderA > VHP Steam GeneratorA,VHP Waste Heat BoilerD,boiler_whrb,False,False,False
94974ece-a8ba-1eaa-d962-78cc3c2d5064,182b461a-ed66-d078-7d99-fc30f54d9662,Steam Network 1 > VHP Steam HeaderA > VHP Steam GeneratorA > VHP Waste Heat BoilerD,VHP Waste Heat Boiler,Fuel Gas iC4,mol%,,,,,,,4,Steam Network 1 > VHP Steam HeaderA > VHP Steam GeneratorA,VHP Waste Heat BoilerD,boiler_whrb,False,False,False
94974ece-a8ba-1eaa-d962-78cc3c2d5064,182b461b-ed66-d07f-142f-b765f54d9664,Steam Network 1 > VHP Steam HeaderA > VHP Steam GeneratorA > VHP Waste Heat BoilerD,VHP Waste Heat Boiler,Fuel Gas iC5,mol%,,,,,,,4,Steam Network 1 > VHP Steam HeaderA > VHP Steam GeneratorA,VHP Waste Heat BoilerD,boiler_whrb,False,False,False
94974ece-a8ba-1eaa-d962-78cc3c2d5064,5fba9f08-9f4a-a358-abb8-c2c0c0f03c50,Steam Network 1 > VHP Steam HeaderA > VHP Steam GeneratorA > VHP Waste Heat BoilerD,VHP Waste Heat Boiler,Fuel Gas Molecular Weight,,,,,,,,4,Steam Network 1 > VHP Steam HeaderA > VHP Steam GeneratorA,VHP Waste Heat BoilerD,boiler_whrb,False,False,False
94974ece-a8ba-1eaa-d962-78cc3c2d5064,e8016204-89e0-1354-223a-755061e17150,Steam Network 1 > VHP Steam HeaderA > VHP Steam GeneratorA > VHP Waste Heat BoilerD,VHP Waste Heat Boiler,Fuel Gas N2,mol%,,,,,,,4,Steam Network 1 > VHP Steam HeaderA > VHP Steam GeneratorA,VHP Waste Heat BoilerD,boiler_whrb,False,False,False
94974ece-a8ba-1eaa-d962-78cc3c2d5064,182b58df-ed67-8ba3-2193-aafdf54cd37c,Steam Network 1 > VHP Steam HeaderA > VHP Steam GeneratorA > VHP Waste Heat BoilerD,VHP Waste Heat Boiler,Fuel Gas nC4,mol%,,,,,,,4,Steam Network 1 > VHP Steam HeaderA > VHP Steam GeneratorA,VHP Waste Heat BoilerD,boiler_whrb,False,False,False
94974ece-a8ba-1eaa-d962-78cc3c2d5064,182b58e0-ed67-8baa-b82a-a4c0f54cd34a,Steam Network 1 > VHP Steam HeaderA > VHP Steam GeneratorA > VHP Waste Heat BoilerD,VHP Waste Heat Boiler,Fuel Gas nC5,mol%,,,,,,,4,Steam Network 1 > VHP Steam HeaderA > VHP Steam GeneratorA,VHP Waste Heat BoilerD,boiler_whrb,False,False,False
94974ece-a8ba-1eaa-d962-78cc3c2d5064,c39d2635-d347-d1fb-5ef8-baf710daf7ce,Steam Network 1 > VHP Steam HeaderA > VHP Steam GeneratorA > VHP Waste Heat BoilerD,VHP Waste Heat Boiler,Fuel oil Flow,metric_ton/h,,,,,,,4,Steam Network 1 > VHP Steam HeaderA > VHP Steam GeneratorA,VHP Waste Heat BoilerD,boiler_whrb,False,False,False
94974ece-a8ba-1eaa-d962-78cc3c2d5064,af6518e8-2bb4-53b2-367e-895084d14b5a,Steam Network 1 > VHP Steam HeaderA > VHP Steam GeneratorA > VHP Waste Heat BoilerD,VHP Waste Heat Boiler,Furnace Draft,mmHg,,,,,,,4,Steam Network 1 > VHP Steam HeaderA > VHP Steam GeneratorA,VHP Waste Heat BoilerD,boiler_whrb,False,False,False
94974ece-a8ba-1eaa-d962-78cc3c2d5064,c6a0a14b-df18-27bf-1e72-c3f519b886f4,Steam Network 1 > VHP Steam HeaderA > VHP Steam GeneratorA > VHP Waste Heat BoilerD,VHP Waste Heat Boiler,Liquid Fuel Component1,mol%,,,,,,,4,Steam Network 1 > VHP Steam HeaderA > VHP Steam GeneratorA,VHP Waste Heat BoilerD,boiler_whrb,False,False,False
94974ece-a8ba-1eaa-d962-78cc3c2d5064,c6a0a14c-df18-27c6-6bef-54c819b8868a,Steam Network 1 > VHP Steam HeaderA > VHP Steam GeneratorA > VHP Waste Heat BoilerD,VHP Waste Heat Boiler,Liquid Fuel Component2,mol%,,,,,,,4,Steam Network 1 > VHP Steam HeaderA > VHP Steam GeneratorA,VHP Waste Heat BoilerD,boiler_whrb,False,False,False
94974ece-a8ba-1eaa-d962-78cc3c2d5064,c6a0a14d-df18-27cd-b96b-e5a919b88680,Steam Network 1 > VHP Steam HeaderA > VHP Steam GeneratorA > VHP Waste Heat BoilerD,VHP Waste Heat Boiler,Liquid Fuel Component3,,,,,,,,4,Steam Network 1 > VHP Steam HeaderA > VHP Steam GeneratorA,VHP Waste Heat BoilerD,boiler_whrb,False,False,False
94974ece-a8ba-1eaa-d962-78cc3c2d5064,777ff06b-6ac8-bc8b-f89e-1e191db74ce0,Steam Network 1 > VHP Steam HeaderA > VHP Steam GeneratorA > VHP Waste Heat BoilerD,VHP Waste Heat Boiler,Stack Temperature,degC,UN.ETH.11TI1011D.PV,,,,,,4,Steam Network 1 > VHP Steam HeaderA > VHP Steam GeneratorA,VHP Waste Heat BoilerD,boiler_whrb,True,False,False
94974ece-a8ba-1eaa-d962-78cc3c2d5064,cdc20195-d948-12c1-8247-ab55148a1354,Steam Network 1 > VHP Steam HeaderA > VHP Steam GeneratorA > VHP Waste Heat BoilerD,VHP Waste Heat Boiler,Steam Generation Flow,metric_ton/h,UN.ETH.11FI1031D.PV,,,,,,4,Steam Network 1 > VHP Steam HeaderA > VHP Steam GeneratorA,VHP Waste Heat BoilerD,boiler_whrb,True,False,False
94974ece-a8ba-1eaa-d962-78cc3c2d5064,e1c96757-2379-7e6f-c44f-a0b9c2b01938,Steam Network 1 > VHP Steam HeaderA > VHP Steam GeneratorA > VHP Waste Heat BoilerD,VHP Waste Heat Boiler,Steam Outlet Pressure,bar,UN.ETH.11PI1688D.PV,,,,,,4,Steam Network 1 > VHP Steam HeaderA > VHP Steam GeneratorA,VHP Waste Heat BoilerD,boiler_whrb,True,False,False
94974ece-a8ba-1eaa-d962-78cc3c2d5064,784c0322-e9eb-55f6-a84b-4cac91a756d4,Steam Network 1 > VHP Steam HeaderA > VHP Steam GeneratorA > VHP Waste Heat BoilerD,VHP Waste Heat Boiler,Steam Outlet Temperature,degC,UN.ETH.11TC1017D.PV,,,,,,4,Steam Network 1 > VHP Steam HeaderA > VHP Steam GeneratorA,VHP Waste Heat BoilerD,boiler_whrb,True,False,False
94974ecf-a8ba-1eb1-923f-bf1f3c2d507e,35d4f5fa-dc0c-8d6a-f560-8b84e9d87890,Steam Network 1 > VHP Steam HeaderA > VHP Steam GeneratorA > VHP Waste Heat BoilerE,VHP Waste Heat Boiler,Drum Level,,,,,,,,4,Steam Network 1 > VHP Steam HeaderA > VHP Steam GeneratorA,VHP Waste Heat BoilerE,boiler_whrb,False,False,False
94974ecf-a8ba-1eb1-923f-bf1f3c2d507e,ac7a200f-fe30-bfc1-0acd-5c4f524a9fce,Steam Network 1 > VHP Steam HeaderA > VHP Steam GeneratorA > VHP Waste Heat BoilerE,VHP Waste Heat Boiler,Drum Pressure,bar,,,,,,,4,Steam Network 1 > VHP Steam HeaderA > VHP Steam GeneratorA,VHP Waste Heat BoilerE,boiler_whrb,False,False,False
94974ecf-a8ba-1eb1-923f-bf1f3c2d507e,ad0e232d-67ff-05ed-a199-71a9caf126c0,Steam Network 1 > VHP Steam HeaderA > VHP Steam GeneratorA > VHP Waste Heat BoilerE,VHP Waste Heat Boiler,Flue Gas CO,mol%,,,,,,,4,Steam Network 1 > VHP Steam HeaderA > VHP Steam GeneratorA,VHP Waste Heat BoilerE,boiler_whrb,False,False,False
94974ecf-a8ba-1eb1-923f-bf1f3c2d507e,ad0e2484-67ff-1146-bdc6-c018caf135c2,Steam Network 1 > VHP Steam HeaderA > VHP Steam GeneratorA > VHP Waste Heat BoilerE,VHP Waste Heat Boiler,Flue Gas O2,mol%,,,,,,,4,Steam Network 1 > VHP Steam HeaderA > VHP Steam GeneratorA,VHP Waste Heat BoilerE,boiler_whrb,False,False,False
94974ecf-a8ba-1eb1-923f-bf1f3c2d507e,d684672f-2ca8-98e3-9f83-66adfa2cffcc,Steam Network 1 > VHP Steam HeaderA > VHP Steam GeneratorA > VHP Waste Heat BoilerE,VHP Waste Heat Boiler,Fuel Gas C1,mol%,,,,,,,4,Steam Network 1 > VHP Steam HeaderA > VHP Steam GeneratorA,VHP Waste Heat BoilerE,boiler_whrb,False,False,False
94974ecf-a8ba-1eb1-923f-bf1f3c2d507e,d6846730-2ca8-98ea-a9ca-d1e0fa2cffda,Steam Network 1 > VHP Steam HeaderA > VHP Steam GeneratorA > VHP Waste Heat BoilerE,VHP Waste Heat Boiler,Fuel Gas C2,mol%,,,,,,,4,Steam Network 1 > VHP Steam HeaderA > VHP Steam GeneratorA,VHP Waste Heat BoilerE,boiler_whrb,False,False,False
94974ecf-a8ba-1eb1-923f-bf1f3c2d507e,d6846731-2ca8-98f1-b412-3d21fa2cffc0,Steam Network 1 > VHP Steam HeaderA > VHP Steam GeneratorA > VHP Waste Heat BoilerE,VHP Waste Heat Boiler,Fuel Gas C3,mol%,,,,,,,4,Steam Network 1 > VHP Steam HeaderA > VHP Steam GeneratorA,VHP Waste Heat BoilerE,boiler_whrb,False,False,False
94974ecf-a8ba-1eb1-923f-bf1f3c2d507e,c1da7e78-9ced-76a6-9f11-51d05d3708de,Steam Network 1 > VHP Steam HeaderA > VHP Steam GeneratorA > VHP Waste Heat BoilerE,VHP Waste Heat Boiler,Fuel Gas Calorific Value,,,,,,,,4,Steam Network 1 > VHP Steam HeaderA > VHP Steam GeneratorA,VHP Waste Heat BoilerE,boiler_whrb,False,False,False
94974ecf-a8ba-1eb1-923f-bf1f3c2d507e,99eed446-4bb6-e1f6-3fd5-8144d25835b0,Steam Network 1 > VHP Steam HeaderA > VHP Steam GeneratorA > VHP Waste Heat BoilerE,VHP Waste Heat Boiler,Fuel Gas CH3OH,mol%,,,,,,,4,Steam Network 1 > VHP Steam HeaderA > VHP Steam GeneratorA,VHP Waste Heat BoilerE,boiler_whrb,False,False,False
94974ecf-a8ba-1eb1-923f-bf1f3c2d507e,fa088285-745e-3887-e7df-ec238e56ba02,Steam Network 1 > VHP Steam HeaderA > VHP Steam GeneratorA > VHP Waste Heat BoilerE,VHP Waste Heat Boiler,Fuel Gas CO2,mol%,,,,,,,4,Steam Network 1 > VHP Steam HeaderA > VHP Steam GeneratorA,VHP Waste Heat BoilerE,boiler_whrb,False,False,False
94974ecf-a8ba-1eb1-923f-bf1f3c2d507e,47099fef-d1b2-e52f-fa03-27e196bb7ac0,Steam Network 1 > VHP Steam HeaderA > VHP Steam GeneratorA > VHP Waste Heat BoilerE,VHP Waste Heat Boiler,Fuel Gas Flow,metric_ton/h,UN.ETH.11FI1029EA.PV,,,,,,4,Steam Network 1 > VHP Steam HeaderA > VHP Steam GeneratorA,VHP Waste Heat BoilerE,boiler_whrb,True,False,False
94974ecf-a8ba-1eb1-923f-bf1f3c2d507e,d68467cb-2ca8-9df9-dba8-7373fa2cfa32,Steam Network 1 > VHP Steam HeaderA > VHP Steam GeneratorA > VHP Waste Heat BoilerE,VHP Waste Heat Boiler,Fuel Gas H2,mol%,,,,,,,4,Steam Network 1 > VHP Steam HeaderA > VHP Steam GeneratorA,VHP Waste Heat BoilerE,boiler_whrb,False,False,False
94974ecf-a8ba-1eb1-923f-bf1f3c2d507e,fa090fb9-7463-baeb-0448-d8d38e6ab552,Steam Network 1 > VHP Steam HeaderA > VHP Steam GeneratorA > VHP Waste Heat BoilerE,VHP Waste Heat Boiler,Fuel Gas iC4,mol%,,,,,,,4,Steam Network 1 > VHP Steam HeaderA > VHP Steam GeneratorA,VHP Waste Heat BoilerE,boiler_whrb,False,False,False
94974ecf-a8ba-1eb1-923f-bf1f3c2d507e,fa090fba-7463-baf2-4eec-01d48e6ab548,Steam Network 1 > VHP Steam HeaderA > VHP Steam GeneratorA > VHP Waste Heat BoilerE,VHP Waste Heat Boiler,Fuel Gas iC5,mol%,,,,,,,4,Steam Network 1 > VHP Steam HeaderA > VHP Steam GeneratorA,VHP Waste Heat BoilerE,boiler_whrb,False,False,False
94974ecf-a8ba-1eb1-923f-bf1f3c2d507e,990bafc9-e12a-6a27-a78b-019f7821c5ee,Steam Network 1 > VHP Steam HeaderA > VHP Steam GeneratorA > VHP Waste Heat BoilerE,VHP Waste Heat Boiler,Fuel Gas Molecular Weight,,,,,,,,4,Steam Network 1 > VHP Steam HeaderA > VHP Steam GeneratorA,VHP Waste Heat BoilerE,boiler_whrb,False,False,False
94974ecf-a8ba-1eb1-923f-bf1f3c2d507e,d6846885-2ca8-a40b-7ded-b1b7fa2ccc8e,Steam Network 1 > VHP Steam HeaderA > VHP Steam GeneratorA > VHP Waste Heat BoilerE,VHP Waste Heat Boiler,Fuel Gas N2,mol%,,,,,,,4,Steam Network 1 > VHP Steam HeaderA > VHP Steam GeneratorA,VHP Waste Heat BoilerE,boiler_whrb,False,False,False
94974ecf-a8ba-1eb1-923f-bf1f3c2d507e,fa09227e-7464-7616-43e7-0ad48e6d5468,Steam Network 1 > VHP Steam HeaderA > VHP Steam GeneratorA > VHP Waste Heat BoilerE,VHP Waste Heat Boiler,Fuel Gas nC4,mol%,,,,,,,4,Steam Network 1 > VHP Steam HeaderA > VHP Steam GeneratorA,VHP Waste Heat BoilerE,boiler_whrb,False,False,False
94974ecf-a8ba-1eb1-923f-bf1f3c2d507e,fa09227f-7464-761d-8e8b-72638e6d5462,Steam Network 1 > VHP Steam HeaderA > VHP Steam GeneratorA > VHP Waste Heat BoilerE,VHP Waste Heat Boiler,Fuel Gas nC5,mol%,,,,,,,4,Steam Network 1 > VHP Steam HeaderA > VHP Steam GeneratorA,VHP Waste Heat BoilerE,boiler_whrb,False,False,False
94974ecf-a8ba-1eb1-923f-bf1f3c2d507e,1d789076-55d5-b49a-e047-defc48ad24ec,Steam Network 1 > VHP Steam HeaderA > VHP Steam GeneratorA > VHP Waste Heat BoilerE,VHP Waste Heat Boiler,Fuel oil Flow,metric_ton/h,,,,,,,4,Steam Network 1 > VHP Steam HeaderA > VHP Steam GeneratorA,VHP Waste Heat BoilerE,boiler_whrb,False,False,False
94974ecf-a8ba-1eb1-923f-bf1f3c2d507e,09408329-ae42-3651-37a6-25f9a702b578,Steam Network 1 > VHP Steam HeaderA > VHP Steam GeneratorA > VHP Waste Heat BoilerE,VHP Waste Heat Boiler,Furnace Draft,mmHg,,,,,,,4,Steam Network 1 > VHP Steam HeaderA > VHP Steam GeneratorA,VHP Waste Heat BoilerE,boiler_whrb,False,False,False
94974ecf-a8ba-1eb1-923f-bf1f3c2d507e,c2a2302a-d541-6a5a-c1a0-52c417e35a70,Steam Network 1 > VHP Steam HeaderA > VHP Steam GeneratorA > VHP Waste Heat BoilerE,VHP Waste Heat Boiler,Liquid Fuel Component1,mol%,,,,,,,4,Steam Network 1 > VHP Steam HeaderA > VHP Steam GeneratorA,VHP Waste Heat BoilerE,boiler_whrb,False,False,False
94974ecf-a8ba-1eb1-923f-bf1f3c2d507e,c2a2302b-d541-6a61-e951-0e4b17e35a4a,Steam Network 1 > VHP Steam HeaderA > VHP Steam GeneratorA > VHP Waste Heat BoilerE,VHP Waste Heat Boiler,Liquid Fuel Component2,mol%,,,,,,,4,Steam Network 1 > VHP Steam HeaderA > VHP Steam GeneratorA,VHP Waste Heat BoilerE,boiler_whrb,False,False,False
94974ecf-a8ba-1eb1-923f-bf1f3c2d507e,c2a2302c-d541-6a68-1101-c9e017e35a44,Steam Network 1 > VHP Steam HeaderA > VHP Steam GeneratorA > VHP Waste Heat BoilerE,VHP Waste Heat Boiler,Liquid Fuel Component3,,,,,,,,4,Steam Network 1 > VHP Steam HeaderA > VHP Steam GeneratorA,VHP Waste Heat BoilerE,boiler_whrb,False,False,False
94974ecf-a8ba-1eb1-923f-bf1f3c2d507e,452a522c-5a4d-7c3a-5a9f-edf81f672e16,Steam Network 1 > VHP Steam HeaderA > VHP Steam GeneratorA > VHP Waste Heat BoilerE,VHP Waste Heat Boiler,Stack Temperature,degC,UN.ETH.11TI1011E.PV,,,,,,4,Steam Network 1 > VHP Steam HeaderA > VHP Steam GeneratorA,VHP Waste Heat BoilerE,boiler_whrb,True,False,False
94974ecf-a8ba-1eb1-923f-bf1f3c2d507e,17f39ad6-1e34-6e80-2dcd-5f0009c7f456,Steam Network 1 > VHP Steam HeaderA > VHP Steam GeneratorA > VHP Waste Heat BoilerE,VHP Waste Heat Boiler,Steam Generation Flow,metric_ton/h,UN.ETH.11FI1031E.PV,,,,,,4,Steam Network 1 > VHP Steam HeaderA > VHP Steam GeneratorA,VHP Waste Heat BoilerE,boiler_whrb,True,False,False
94974ecf-a8ba-1eb1-923f-bf1f3c2d507e,2bfb0098-6865-da2e-a193-8b50439edab6,Steam Network 1 > VHP Steam HeaderA > VHP Steam GeneratorA > VHP Waste Heat BoilerE,VHP Waste Heat Boiler,Steam Outlet Pressure,bar,UN.ETH.11PI1688E.PV,,,,,,4,Steam Network 1 > VHP Steam HeaderA > VHP Steam GeneratorA,VHP Waste Heat BoilerE,boiler_whrb,True,False,False
94974ecf-a8ba-1eb1-923f-bf1f3c2d507e,7a255641-4c90-84d9-9aaf-a11936b5d298,Steam Network 1 > VHP Steam HeaderA > VHP Steam GeneratorA > VHP Waste Heat BoilerE,VHP Waste Heat Boiler,Steam Outlet Temperature,degC,UN.ETH.11TC1017E.PV,,,,,,4,Steam Network 1 > VHP Steam HeaderA > VHP Steam GeneratorA,VHP Waste Heat BoilerE,boiler_whrb,True,False,False
94974ed0-a8ba-1eb8-4b1d-05803c2d5068,3d869b59-a22d-a615-f56b-744d9fab3d4c,Steam Network 1 > VHP Steam HeaderA > VHP Steam GeneratorA > VHP Waste Heat BoilerF,VHP Waste Heat Boiler,Drum Level,,,,,,,,4,Steam Network 1 > VHP Steam HeaderA > VHP Steam GeneratorA,VHP Waste Heat BoilerF,boiler_whrb,False,False,False
94974ed0-a8ba-1eb8-4b1d-05803c2d5068,06558a50-80be-a260-28fa-7e0086eb2830,Steam Network 1 > VHP Steam HeaderA > VHP Steam GeneratorA > VHP Waste Heat BoilerF,VHP Waste Heat Boiler,Drum Pressure,bar,,,,,,,4,Steam Network 1 > VHP Steam HeaderA > VHP Steam GeneratorA,VHP Waste Heat BoilerF,boiler_whrb,False,False,False
94974ed0-a8ba-1eb8-4b1d-05803c2d5068,9b9129ae-0ac7-96a4-e9ac-a7789156bf0a,Steam Network 1 > VHP Steam HeaderA > VHP Steam GeneratorA > VHP Waste Heat BoilerF,VHP Waste Heat Boiler,Flue Gas CO,mol%,,,,,,,4,Steam Network 1 > VHP Steam HeaderA > VHP Steam GeneratorA,VHP Waste Heat BoilerF,boiler_whrb,False,False,False
94974ed0-a8ba-1eb8-4b1d-05803c2d5068,9b912b05-0ac7-a1fd-ad68-a8f191568af8,Steam Network 1 > VHP Steam HeaderA > VHP Steam GeneratorA > VHP Waste Heat BoilerF,VHP Waste Heat Boiler,Flue Gas O2,mol%,,,,,,,4,Steam Network 1 > VHP Steam HeaderA > VHP Steam GeneratorA,VHP Waste Heat BoilerF,boiler_whrb,False,False,False
94974ed0-a8ba-1eb8-4b1d-05803c2d5068,c5076db0-cf71-299a-71b9-2be00a76442a,Steam Network 1 > VHP Steam HeaderA > VHP Steam GeneratorA > VHP Waste Heat BoilerF,VHP Waste Heat Boiler,Fuel Gas C1,mol%,,,,,,,4,Steam Network 1 > VHP Steam HeaderA > VHP Steam GeneratorA,VHP Waste Heat BoilerF,boiler_whrb,False,False,False
94974ed0-a8ba-1eb8-4b1d-05803c2d5068,c5076db1-cf71-29a1-a45e-55510a764410,Steam Network 1 > VHP Steam HeaderA > VHP Steam GeneratorA > VHP Waste Heat BoilerF,VHP Waste Heat Boiler,Fuel Gas C2,mol%,,,,,,,4,Steam Network 1 > VHP Steam HeaderA > VHP Steam GeneratorA,VHP Waste Heat BoilerF,boiler_whrb,False,False,False
94974ed0-a8ba-1eb8-4b1d-05803c2d5068,c5076db2-cf71-29a8-d703-7ed00a76441a,Steam Network 1 > VHP Steam HeaderA > VHP Steam GeneratorA > VHP Waste Heat BoilerF,VHP Waste Heat Boiler,Fuel Gas C3,mol%,,,,,,,4,Steam Network 1 > VHP Steam HeaderA > VHP Steam GeneratorA,VHP Waste Heat BoilerF,boiler_whrb,False,False,False
94974ed0-a8ba-1eb8-4b1d-05803c2d5068,c3b3d197-ff92-a589-926f-7ccf3c21741e,Steam Network 1 > VHP Steam HeaderA > VHP Steam GeneratorA > VHP Waste Heat BoilerF,VHP Waste Heat Boiler,Fuel Gas Calorific Value,,,,,,,,4,Steam Network 1 > VHP Steam HeaderA > VHP Steam GeneratorA,VHP Waste Heat BoilerF,boiler_whrb,False,False,False
94974ed0-a8ba-1eb8-4b1d-05803c2d5068,7b80b225-2a38-a2f1-befb-1ed551b810d4,Steam Network 1 > VHP Steam HeaderA > VHP Steam GeneratorA > VHP Waste Heat BoilerF,VHP Waste Heat Boiler,Fuel Gas CH3OH,mol%,,,,,,,4,Steam Network 1 > VHP Steam HeaderA > VHP Steam GeneratorA,VHP Waste Heat BoilerF,boiler_whrb,False,False,False
94974ed0-a8ba-1eb8-4b1d-05803c2d5068,dbe64c24-fb5b-22fa-b1cf-232820bd6ede,Steam Network 1 > VHP Steam HeaderA > VHP Steam GeneratorA > VHP Waste Heat BoilerF,VHP Waste Heat Boiler,Fuel Gas CO2,mol%,,,,,,,4,Steam Network 1 > VHP Steam HeaderA > VHP Steam GeneratorA,VHP Waste Heat BoilerF,boiler_whrb,False,False,False
94974ed0-a8ba-1eb8-4b1d-05803c2d5068,a0e50a30-5440-c7ce-cf39-82a0f4a5cdfe,Steam Network 1 > VHP Steam HeaderA > VHP Steam GeneratorA > VHP Waste Heat BoilerF,VHP Waste Heat Boiler,Fuel Gas Flow,metric_ton/h,UN.ETH.11FI1029FA.PV,,,,,,4,Steam Network 1 > VHP Steam HeaderA > VHP Steam GeneratorA,VHP Waste Heat BoilerF,boiler_whrb,True,False,False
94974ed0-a8ba-1eb8-4b1d-05803c2d5068,c5076e4c-cf71-2eb0-ee79-7c400a7640fc,Steam Network 1 > VHP Steam HeaderA > VHP Steam GeneratorA > VHP Waste Heat BoilerF,VHP Waste Heat Boiler,Fuel Gas H2,mol%,,,,,,,4,Steam Network 1 > VHP Steam HeaderA > VHP Steam GeneratorA,VHP Waste Heat BoilerF,boiler_whrb,False,False,False
94974ed0-a8ba-1eb8-4b1d-05803c2d5068,dbe6d958-fb60-a55e-51d9-865020867c06,Steam Network 1 > VHP Steam HeaderA > VHP Steam GeneratorA > VHP Waste Heat BoilerF,VHP Waste Heat Boiler,Fuel Gas iC4,mol%,,,,,,,4,Steam Network 1 > VHP Steam HeaderA > VHP Steam GeneratorA,VHP Waste Heat BoilerF,boiler_whrb,False,False,False
94974ed0-a8ba-1eb8-4b1d-05803c2d5068,dbe6d959-fb60-a565-508a-1d1d20867c3c,Steam Network 1 > VHP Steam HeaderA > VHP Steam GeneratorA > VHP Waste Heat BoilerF,VHP Waste Heat Boiler,Fuel Gas iC5,mol%,,,,,,,4,Steam Network 1 > VHP Steam HeaderA > VHP Steam GeneratorA,VHP Waste Heat BoilerF,boiler_whrb,False,False,False
94974ed0-a8ba-1eb8-4b1d-05803c2d5068,d25cc08a-230a-30f6-ec9e-e49cf156f07c,Steam Network 1 > VHP Steam HeaderA > VHP Steam GeneratorA > VHP Waste Heat BoilerF,VHP Waste Heat Boiler,Fuel Gas Molecular Weight,,,,,,,,4,Steam Network 1 > VHP Steam HeaderA > VHP Steam GeneratorA,VHP Waste Heat BoilerF,boiler_whrb,False,False,False
94974ed0-a8ba-1eb8-4b1d-05803c2d5068,c5076f06-cf71-34c2-add5-5a8c0a765bc4,Steam Network 1 > VHP Steam HeaderA > VHP Steam GeneratorA > VHP Waste Heat BoilerF,VHP Waste Heat Boiler,Fuel Gas N2,mol%,,,,,,,4,Steam Network 1 > VHP Steam HeaderA > VHP Steam GeneratorA,VHP Waste Heat BoilerF,boiler_whrb,False,False,False
94974ed0-a8ba-1eb8-4b1d-05803c2d5068,dbe6ec1d-fb61-6089-2d1c-3b8520878c94,Steam Network 1 > VHP Steam HeaderA > VHP Steam GeneratorA > VHP Waste Heat BoilerF,VHP Waste Heat Boiler,Fuel Gas nC4,mol%,,,,,,,4,Steam Network 1 > VHP Steam HeaderA > VHP Steam GeneratorA,VHP Waste Heat BoilerF,boiler_whrb,False,False,False
94974ed0-a8ba-1eb8-4b1d-05803c2d5068,dbe6ec1e-fb61-6090-2bce-10e020878c8e,Steam Network 1 > VHP Steam HeaderA > VHP Steam GeneratorA > VHP Waste Heat BoilerF,VHP Waste Heat Boiler,Fuel Gas nC5,mol%,,,,,,,4,Steam Network 1 > VHP Steam HeaderA > VHP Steam GeneratorA,VHP Waste Heat BoilerF,boiler_whrb,False,False,False
94974ed0-a8ba-1eb8-4b1d-05803c2d5068,7753fab7-d863-9739-7759-c3bfaf306d8e,Steam Network 1 > VHP Steam HeaderA > VHP Steam GeneratorA > VHP Waste Heat BoilerF,VHP Waste Heat Boiler,Fuel oil Flow,metric_ton/h,,,,,,,4,Steam Network 1 > VHP Steam HeaderA > VHP Steam GeneratorA,VHP Waste Heat BoilerF,boiler_whrb,False,False,False
94974ed0-a8ba-1eb8-4b1d-05803c2d5068,631bed6a-30d0-18f0-4e90-836053cbf59a,Steam Network 1 > VHP Steam HeaderA > VHP Steam GeneratorA > VHP Waste Heat BoilerF,VHP Waste Heat Boiler,Furnace Draft,mmHg,,,,,,,4,Steam Network 1 > VHP Steam HeaderA > VHP Steam GeneratorA,VHP Waste Heat BoilerF,boiler_whrb,False,False,False
94974ed0-a8ba-1eb8-4b1d-05803c2d5068,bea3bf09-cb6a-acf5-b3c9-df9d75c913fc,Steam Network 1 > VHP Steam HeaderA > VHP Steam GeneratorA > VHP Waste Heat BoilerF,VHP Waste Heat Boiler,Liquid Fuel Component1,mol%,,,,,,,4,Steam Network 1 > VHP Steam HeaderA > VHP Steam GeneratorA,VHP Waste Heat BoilerF,boiler_whrb,False,False,False
94974ed0-a8ba-1eb8-4b1d-05803c2d5068,bea3bf0a-cb6a-acfc-b5ae-c5d875c913f6,Steam Network 1 > VHP Steam HeaderA > VHP Steam GeneratorA > VHP Waste Heat BoilerF,VHP Waste Heat Boiler,Liquid Fuel Component2,mol%,,,,,,,4,Steam Network 1 > VHP Steam HeaderA > VHP Steam GeneratorA,VHP Waste Heat BoilerF,boiler_whrb,False,False,False
94974ed0-a8ba-1eb8-4b1d-05803c2d5068,bea3bf0b-cb6a-ad03-b793-ac2175c91208,Steam Network 1 > VHP Steam HeaderA > VHP Steam GeneratorA > VHP Waste Heat BoilerF,VHP Waste Heat Boiler,Liquid Fuel Component3,,,,,,,,4,Steam Network 1 > VHP Steam HeaderA > VHP Steam GeneratorA,VHP Waste Heat BoilerF,boiler_whrb,False,False,False
94974ed0-a8ba-1eb8-4b1d-05803c2d5068,12d4b3ed-49d2-3be9-5679-61b55b068804,Steam Network 1 > VHP Steam HeaderA > VHP Steam GeneratorA > VHP Waste Heat BoilerF,VHP Waste Heat Boiler,Stack Temperature,degC,UN.ETH.11TI1011F.PV,,,,,,4,Steam Network 1 > VHP Steam HeaderA > VHP Steam GeneratorA,VHP Waste Heat BoilerF,boiler_whrb,True,False,False
94974ed0-a8ba-1eb8-4b1d-05803c2d5068,62253417-6320-ca3f-ea21-f7a90105fe28,Steam Network 1 > VHP Steam HeaderA > VHP Steam GeneratorA > VHP Waste Heat BoilerF,VHP Waste Heat Boiler,Steam Generation Flow,metric_ton/h,UN.ETH.11FI1031F.PV,,,,,,4,Steam Network 1 > VHP Steam HeaderA > VHP Steam GeneratorA,VHP Waste Heat BoilerF,boiler_whrb,True,False,False
94974ed0-a8ba-1eb8-4b1d-05803c2d5068,762c99d9-ad52-35ed-8fa6-5ae5db7eac34,Steam Network 1 > VHP Steam HeaderA > VHP Steam GeneratorA > VHP Waste Heat BoilerF,VHP Waste Heat Boiler,Steam Outlet Pressure,bar,UN.ETH.11PI1688F.PV,,,,,,4,Steam Network 1 > VHP Steam HeaderA > VHP Steam GeneratorA,VHP Waste Heat BoilerF,boiler_whrb,True,False,False
94974ed0-a8ba-1eb8-4b1d-05803c2d5068,7bfea960-af35-b3bc-d052-8280d4cb1adc,Steam Network 1 > VHP Steam HeaderA > VHP Steam GeneratorA > VHP Waste Heat BoilerF,VHP Waste Heat Boiler,Steam Outlet Temperature,degC,UN.ETH.11TC1017F.PV,,,,,,4,Steam Network 1 > VHP Steam HeaderA > VHP Steam GeneratorA,VHP Waste Heat BoilerF,boiler_whrb,True,False,False
94974ed1-a8ba-1ebf-03fa-4bef3c2d506e,453840b8-684e-bec0-2249-1a002d76fe78,Steam Network 1 > VHP Steam HeaderA > VHP Steam GeneratorA > VHP Waste Heat BoilerG,VHP Waste Heat Boiler,Drum Level,,,,,,,,4,Steam Network 1 > VHP Steam HeaderA > VHP Steam GeneratorA,VHP Waste Heat BoilerG,boiler_whrb,False,False,False
94974ed1-a8ba-1ebf-03fa-4bef3c2d506e,6030f491-034c-84ff-5cea-606f637c706e,Steam Network 1 > VHP Steam HeaderA > VHP Steam GeneratorA > VHP Waste Heat BoilerG,VHP Waste Heat Boiler,Drum Pressure,bar,,,,,,,4,Steam Network 1 > VHP Steam HeaderA > VHP Steam GeneratorA,VHP Waste Heat BoilerG,boiler_whrb,False,False,False
94974ed1-a8ba-1ebf-03fa-4bef3c2d506e,8a14302f-ad90-275b-05f4-49b527841774,Steam Network 1 > VHP Steam HeaderA > VHP Steam GeneratorA > VHP Waste Heat BoilerG,VHP Waste Heat Boiler,Flue Gas CO,mol%,,,,,,,4,Steam Network 1 > VHP Steam HeaderA > VHP Steam GeneratorA,VHP Waste Heat BoilerG,boiler_whrb,False,False,False
94974ed1-a8ba-1ebf-03fa-4bef3c2d506e,8a143186-ad90-32b4-713e-fe3827840332,Steam Network 1 > VHP Steam HeaderA > VHP Steam GeneratorA > VHP Waste Heat BoilerG,VHP Waste Heat Boiler,Flue Gas O2,mol%,,,,,,,4,Steam Network 1 > VHP Steam HeaderA > VHP Steam GeneratorA,VHP Waste Heat BoilerG,boiler_whrb,False,False,False
94974ed1-a8ba-1ebf-03fa-4bef3c2d506e,b38a7431-7239-ba51-1823-5d81c1b3ce60,Steam Network 1 > VHP Steam HeaderA > VHP Steam GeneratorA > VHP Waste Heat BoilerG,VHP Waste Heat Boiler,Fuel Gas C1,mol%,,,,,,,4,Steam Network 1 > VHP Steam HeaderA > VHP Steam GeneratorA,VHP Waste Heat BoilerG,boiler_whrb,False,False,False
94974ed1-a8ba-1ebf-03fa-4bef3c2d506e,b38a7432-7239-ba58-7326-4530c1b3ce6a,Steam Network 1 > VHP Steam HeaderA > VHP Steam GeneratorA > VHP Waste Heat BoilerG,VHP Waste Heat Boiler,Fuel Gas C2,mol%,,,,,,,4,Steam Network 1 > VHP Steam HeaderA > VHP Steam GeneratorA,VHP Waste Heat BoilerG,boiler_whrb,False,False,False
94974ed1-a8ba-1ebf-03fa-4bef3c2d506e,b38a7433-7239-ba5f-ce29-2cedc1b3ce6c,Steam Network 1 > VHP Steam HeaderA > VHP Steam GeneratorA > VHP Waste Heat BoilerG,VHP Waste Heat Boiler,Fuel Gas C3,mol%,,,,,,,4,Steam Network 1 > VHP Steam HeaderA > VHP Steam GeneratorA,VHP Waste Heat BoilerG,boiler_whrb,False,False,False
94974ed1-a8ba-1ebf-03fa-4bef3c2d506e,c58d24b6-6237-d46c-c90c-34c8a7baf0da,Steam Network 1 > VHP Steam HeaderA > VHP Steam GeneratorA > VHP Waste Heat BoilerG,VHP Waste Heat Boiler,Fuel Gas Calorific Value,,,,,,,,4,Steam Network 1 > VHP Steam HeaderA > VHP Steam GeneratorA,VHP Waste Heat BoilerG,boiler_whrb,False,False,False
94974ed1-a8ba-1ebf-03fa-4bef3c2d506e,5d129004-08ba-63ec-bdb6-4fb055a8f3e8,Steam Network 1 > VHP Steam HeaderA > VHP Steam GeneratorA > VHP Waste Heat BoilerG,VHP Waste Heat Boiler,Fuel Gas CH3OH,mol%,,,,,,,4,Steam Network 1 > VHP Steam HeaderA > VHP Steam GeneratorA,VHP Waste Heat BoilerG,boiler_whrb,False,False,False
94974ed1-a8ba-1ebf-03fa-4bef3c2d506e,bdc415c3-8258-0d6d-42a0-2b073f9c18ae,Steam Network 1 > VHP Steam HeaderA > VHP Steam GeneratorA > VHP Waste Heat BoilerG,VHP Waste Heat Boiler,Fuel Gas CO2,mol%,,,,,,,4,Steam Network 1 > VHP Steam HeaderA > VHP Steam GeneratorA,VHP Waste Heat BoilerG,boiler_whrb,False,False,False
94974ed1-a8ba-1ebf-03fa-4bef3c2d506e,fac07471-d6ce-aa6d-ba32-9e1d2c0ede1c,Steam Network 1 > VHP Steam HeaderA > VHP Steam GeneratorA > VHP Waste Heat BoilerG,VHP Waste Heat Boiler,Fuel Gas Flow,metric_ton/h,UN.ETH.11FI1029GA.PV,,,,,,4,Steam Network 1 > VHP Steam HeaderA > VHP Steam GeneratorA,VHP Waste Heat BoilerG,boiler_whrb,True,False,False
94974ed1-a8ba-1ebf-03fa-4bef3c2d506e,b38a74cd-7239-bf67-d57e-f17bc1b3cbaa,Steam Network 1 > VHP Steam HeaderA > VHP Steam GeneratorA > VHP Waste Heat BoilerG,VHP Waste Heat Boiler,Fuel Gas H2,mol%,,,,,,,4,Steam Network 1 > VHP Steam HeaderA > VHP Steam GeneratorA,VHP Waste Heat BoilerG,boiler_whrb,False,False,False
94974ed1-a8ba-1ebf-03fa-4bef3c2d506e,bdc4a2f7-825d-8fd1-664c-04a73f992d26,Steam Network 1 > VHP Steam HeaderA > VHP Steam GeneratorA > VHP Waste Heat BoilerG,VHP Waste Heat Boiler,Fuel Gas iC4,mol%,,,,,,,4,Steam Network 1 > VHP Steam HeaderA > VHP Steam GeneratorA,VHP Waste Heat BoilerG,boiler_whrb,False,False,False
94974ed1-a8ba-1ebf-03fa-4bef3c2d506e,bdc4a2f8-825d-8fd8-190a-09403f992d20,Steam Network 1 > VHP Steam HeaderA > VHP Steam GeneratorA > VHP Waste Heat BoilerG,VHP Waste Heat Boiler,Fuel Gas iC5,mol%,,,,,,,4,Steam Network 1 > VHP Steam HeaderA > VHP Steam GeneratorA,VHP Waste Heat BoilerG,boiler_whrb,False,False,False
94974ed1-a8ba-1ebf-03fa-4bef3c2d506e,0badd14b-64e9-f7c5-7af4-6bb76f44268e,Steam Network 1 > VHP Steam HeaderA > VHP Steam GeneratorA > VHP Waste Heat BoilerG,VHP Waste Heat Boiler,Fuel Gas Molecular Weight,,,,,,,,4,Steam Network 1 > VHP Steam HeaderA > VHP Steam GeneratorA,VHP Waste Heat BoilerG,boiler_whrb,False,False,False
94974ed1-a8ba-1ebf-03fa-4bef3c2d506e,b38a7587-7239-c579-b1f1-6fcfc1b3b0fe,Steam Network 1 > VHP Steam HeaderA > VHP Steam GeneratorA > VHP Waste Heat BoilerG,VHP Waste Heat Boiler,Fuel Gas N2,mol%,,,,,,,4,Steam Network 1 > VHP Steam HeaderA > VHP Steam GeneratorA,VHP Waste Heat BoilerG,boiler_whrb,False,False,False
94974ed1-a8ba-1ebf-03fa-4bef3c2d506e,bdc4b5bc-825e-4afc-dd33-3d103f9aff40,Steam Network 1 > VHP Steam HeaderA > VHP Steam GeneratorA > VHP Waste Heat BoilerG,VHP Waste Heat Boiler,Fuel Gas nC4,mol%,,,,,,,4,Steam Network 1 > VHP Steam HeaderA > VHP Steam GeneratorA,VHP Waste Heat BoilerG,boiler_whrb,False,False,False
94974ed1-a8ba-1ebf-03fa-4bef3c2d506e,bdc4b5bd-825e-4b03-8ff2-80373f9afebe,Steam Network 1 > VHP Steam HeaderA > VHP Steam GeneratorA > VHP Waste Heat BoilerG,VHP Waste Heat Boiler,Fuel Gas nC5,mol%,,,,,,,4,Steam Network 1 > VHP Steam HeaderA > VHP Steam GeneratorA,VHP Waste Heat BoilerG,boiler_whrb,False,False,False
94974ed1-a8ba-1ebf-03fa-4bef3c2d506e,d12f64f8-5af1-79d8-242e-69408bde1d20,Steam Network 1 > VHP Steam HeaderA > VHP Steam GeneratorA > VHP Waste Heat BoilerG,VHP Waste Heat Boiler,Fuel oil Flow,metric_ton/h,,,,,,,4,Steam Network 1 > VHP Steam HeaderA > VHP Steam GeneratorA,VHP Waste Heat BoilerG,boiler_whrb,False,False,False
94974ed1-a8ba-1ebf-03fa-4bef3c2d506e,bcf757ab-b35d-fb8f-7b3d-a1850faaac24,Steam Network 1 > VHP Steam HeaderA > VHP Steam GeneratorA > VHP Waste Heat BoilerG,VHP Waste Heat Boiler,Furnace Draft,mmHg,,,,,,,4,Steam Network 1 > VHP Steam HeaderA > VHP Steam GeneratorA,VHP Waste Heat BoilerG,boiler_whrb,False,False,False
94974ed1-a8ba-1ebf-03fa-4bef3c2d506e,baa54de8-c193-ef90-f4ef-6a807b36a278,Steam Network 1 > VHP Steam HeaderA > VHP Steam GeneratorA > VHP Waste Heat BoilerG,VHP Waste Heat Boiler,Liquid Fuel Component1,mol%,,,,,,,4,Steam Network 1 > VHP Steam HeaderA > VHP Steam GeneratorA,VHP Waste Heat BoilerG,boiler_whrb,False,False,False
94974ed1-a8ba-1ebf-03fa-4bef3c2d506e,baa54de9-c193-ef97-d108-7b6f7b36a27e,Steam Network 1 > VHP Steam HeaderA > VHP Steam GeneratorA > VHP Waste Heat BoilerG,VHP Waste Heat Boiler,Liquid Fuel Component2,mol%,,,,,,,4,Steam Network 1 > VHP Steam HeaderA > VHP Steam GeneratorA,VHP Waste Heat BoilerG,boiler_whrb,False,False,False
94974ed1-a8ba-1ebf-03fa-4bef3c2d506e,baa54dea-c193-ef9e-ad21-8c6c7b36a274,Steam Network 1 > VHP Steam HeaderA > VHP Steam GeneratorA > VHP Waste Heat BoilerG,VHP Waste Heat Boiler,Liquid Fuel Component3,,,,,,,,4,Steam Network 1 > VHP Steam HeaderA > VHP Steam GeneratorA,VHP Waste Heat BoilerG,boiler_whrb,False,False,False
94974ed1-a8ba-1ebf-03fa-4bef3c2d506e,e07f15ae-3956-fb98-ec2a-7950d929ee36,Steam Network 1 > VHP Steam HeaderA > VHP Steam GeneratorA > VHP Waste Heat BoilerG,VHP Waste Heat Boiler,Stack Temperature,degC,UN.ETH.11TI1011G.PV,,,,,,4,Steam Network 1 > VHP Steam HeaderA > VHP Steam GeneratorA,VHP Waste Heat BoilerG,boiler_whrb,True,False,False
94974ed1-a8ba-1ebf-03fa-4bef3c2d506e,ac56cd58-a80d-25fe-b745-7550045be8a6,Steam Network 1 > VHP Steam HeaderA > VHP Steam GeneratorA > VHP Waste Heat BoilerG,VHP Waste Heat Boiler,Steam Generation Flow,metric_ton/h,UN.ETH.11FI1031G.PV,,,,,,4,Steam Network 1 > VHP Steam HeaderA > VHP Steam GeneratorA,VHP Waste Heat BoilerG,boiler_whrb,True,False,False
94974ed1-a8ba-1ebf-03fa-4bef3c2d506e,c05e331a-f23e-91ac-8e88-0f783260a2b6,Steam Network 1 > VHP Steam HeaderA > VHP Steam GeneratorA > VHP Waste Heat BoilerG,VHP Waste Heat Boiler,Steam Outlet Pressure,bar,UN.ETH.11PI1688G.PV,,,,,,4,Steam Network 1 > VHP Steam HeaderA > VHP Steam GeneratorA,VHP Waste Heat BoilerG,boiler_whrb,True,False,False
94974ed1-a8ba-1ebf-03fa-4bef3c2d506e,7dd7fc7f-11da-e29f-4933-f0e16c0d1ee0,Steam Network 1 > VHP Steam HeaderA > VHP Steam GeneratorA > VHP Waste Heat BoilerG,VHP Waste Heat Boiler,Steam Outlet Temperature,degC,UN.ETH.11TC1017G.PV,,,,,,4,Steam Network 1 > VHP Steam HeaderA > VHP Steam GeneratorA,VHP Waste Heat BoilerG,boiler_whrb,True,False,False
94974ed2-a8ba-1ec6-bcd7-926c3c2d5014,4ce9e617-2e6f-d76b-7bf9-7c9d6286317c,Steam Network 1 > VHP Steam HeaderA > VHP Steam GeneratorA > VHP Waste Heat BoilerH,VHP Waste Heat Boiler,Drum Level,,,,,,,,4,Steam Network 1 > VHP Steam HeaderA > VHP Steam GeneratorA,VHP Waste Heat BoilerH,boiler_whrb,False,False,False
94974ed2-a8ba-1ec6-bcd7-926c3c2d5014,ba0c5ed2-85da-679e-a69d-039c3fd6394c,Steam Network 1 > VHP Steam HeaderA > VHP Steam GeneratorA > VHP Waste Heat BoilerH,VHP Waste Heat Boiler,Drum Pressure,bar,,,,,,,4,Steam Network 1 > VHP Steam HeaderA > VHP Steam GeneratorA,VHP Waste Heat BoilerH,boiler_whrb,False,False,False
94974ed2-a8ba-1ec6-bcd7-926c3c2d5014,789736b0-5058-b812-f670-586028cf8ea2,Steam Network 1 > VHP Steam HeaderA > VHP Steam GeneratorA > VHP Waste Heat BoilerH,VHP Waste Heat Boiler,Flue Gas CO,mol%,,,,,,,4,Steam Network 1 > VHP Steam HeaderA > VHP Steam GeneratorA,VHP Waste Heat BoilerH,boiler_whrb,False,False,False
94974ed2-a8ba-1ec6-bcd7-926c3c2d5014,78973807-5058-c36b-0949-bfed28cffb6c,Steam Network 1 > VHP Steam HeaderA > VHP Steam GeneratorA > VHP Waste Heat BoilerH,VHP Waste Heat Boiler,Flue Gas O2,mol%,,,,,,,4,Steam Network 1 > VHP Steam HeaderA > VHP Steam GeneratorA,VHP Waste Heat BoilerH,boiler_whrb,False,False,False
94974ed2-a8ba-1ec6-bcd7-926c3c2d5014,a20d7ab2-1502-4b08-92c1-fb90b70f31ba,Steam Network 1 > VHP Steam HeaderA > VHP Steam GeneratorA > VHP Waste Heat BoilerH,VHP Waste Heat Boiler,Fuel Gas C1,mol%,,,,,,,4,Steam Network 1 > VHP Steam HeaderA > VHP Steam GeneratorA,VHP Waste Heat BoilerH,boiler_whrb,False,False,False
94974ed2-a8ba-1ec6-bcd7-926c3c2d5014,a20d7ab3-1502-4b0f-1622-a17db70f31bc,Steam Network 1 > VHP Steam HeaderA > VHP Steam GeneratorA > VHP Waste Heat BoilerH,VHP Waste Heat Boiler,Fuel Gas C2,mol%,,,,,,,4,Steam Network 1 > VHP Steam HeaderA > VHP Steam GeneratorA,VHP Waste Heat BoilerH,boiler_whrb,False,False,False
94974ed2-a8ba-1ec6-bcd7-926c3c2d5014,a20d7ab4-1502-4b16-9983-4778b70f31a2,Steam Network 1 > VHP Steam HeaderA > VHP Steam GeneratorA > VHP Waste Heat BoilerH,VHP Waste Heat Boiler,Fuel Gas C3,mol%,,,,,,,4,Steam Network 1 > VHP Steam HeaderA > VHP Steam GeneratorA,VHP Waste Heat BoilerH,boiler_whrb,False,False,False
94974ed2-a8ba-1ec6-bcd7-926c3c2d5014,c76677d5-c4dd-034f-42e7-79bb03bb749a,Steam Network 1 > VHP Steam HeaderA > VHP Steam GeneratorA > VHP Waste Heat BoilerH,VHP Waste Heat Boiler,Fuel Gas Calorific Value,,,,,,,,4,Steam Network 1 > VHP Steam HeaderA > VHP Steam GeneratorA,VHP Waste Heat BoilerH,boiler_whrb,False,False,False
94974ed2-a8ba-1ec6-bcd7-926c3c2d5014,3ea46de3-e73c-24e7-3c07-13d5d9984904,Steam Network 1 > VHP Steam HeaderA > VHP Steam GeneratorA > VHP Waste Heat BoilerH,VHP Waste Heat Boiler,Fuel Gas CH3OH,mol%,,,,,,,4,Steam Network 1 > VHP Steam HeaderA > VHP Steam GeneratorA,VHP Waste Heat BoilerH,boiler_whrb,False,False,False
94974ed2-a8ba-1ec6-bcd7-926c3c2d5014,9fa1df62-0954-f7e0-9a53-03c096f52882,Steam Network 1 > VHP Steam HeaderA > VHP Steam GeneratorA > VHP Waste Heat BoilerH,VHP Waste Heat Boiler,Fuel Gas CO2,mol%,,,,,,,4,Steam Network 1 > VHP Steam HeaderA > VHP Steam GeneratorA,VHP Waste Heat BoilerH,boiler_whrb,False,False,False
94974ed2-a8ba-1ec6-bcd7-926c3c2d5014,549bdeb2-595c-8d0c-baee-7a580dc753be,Steam Network 1 > VHP Steam HeaderA > VHP Steam GeneratorA > VHP Waste Heat BoilerH,VHP Waste Heat Boiler,Fuel Gas Flow,metric_ton/h,UN.ETH.11FI1029HA.PV,,,,,,4,Steam Network 1 > VHP Steam HeaderA > VHP Steam GeneratorA,VHP Waste Heat BoilerH,boiler_whrb,True,False,False
94974ed2-a8ba-1ec6-bcd7-926c3c2d5014,a20d7b4e-1502-501e-90b8-d324b70f2b50,Steam Network 1 > VHP Steam HeaderA > VHP Steam GeneratorA > VHP Waste Heat BoilerH,VHP Waste Heat Boiler,Fuel Gas H2,mol%,,,,,,,4,Steam Network 1 > VHP Steam HeaderA > VHP Steam GeneratorA,VHP Waste Heat BoilerH,boiler_whrb,False,False,False
94974ed2-a8ba-1ec6-bcd7-926c3c2d5014,9fa26c96-095a-7a44-41a0-53d896f816d2,Steam Network 1 > VHP Steam HeaderA > VHP Steam GeneratorA > VHP Waste Heat BoilerH,VHP Waste Heat Boiler,Fuel Gas iC4,mol%,,,,,,,4,Steam Network 1 > VHP Steam HeaderA > VHP Steam GeneratorA,VHP Waste Heat BoilerH,boiler_whrb,False,False,False
94974ed2-a8ba-1ec6-bcd7-926c3c2d5014,9fa26c97-095a-7a4b-a86b-c63d96f816dc,Steam Network 1 > VHP Steam HeaderA > VHP Steam GeneratorA > VHP Waste Heat BoilerH,VHP Waste Heat Boiler,Fuel Gas iC5,mol%,,,,,,,4,Steam Network 1 > VHP Steam HeaderA > VHP Steam GeneratorA,VHP Waste Heat BoilerH,boiler_whrb,False,False,False
94974ed2-a8ba-1ec6-bcd7-926c3c2d5014,44fee20c-a6c9-be94-528b-96f0e2375c98,Steam Network 1 > VHP Steam HeaderA > VHP Steam GeneratorA > VHP Waste Heat BoilerH,VHP Waste Heat Boiler,Fuel Gas Molecular Weight,,,,,,,,4,Steam Network 1 > VHP Steam HeaderA > VHP Steam GeneratorA,VHP Waste Heat BoilerH,boiler_whrb,False,False,False
94974ed2-a8ba-1ec6-bcd7-926c3c2d5014,a20d7c08-1502-5630-8a41-f180b70f2a38,Steam Network 1 > VHP Steam HeaderA > VHP Steam GeneratorA > VHP Waste Heat BoilerH,VHP Waste Heat Boiler,Fuel Gas N2,mol%,,,,,,,4,Steam Network 1 > VHP Steam HeaderA > VHP Steam GeneratorA,VHP Waste Heat BoilerH,boiler_whrb,False,False,False
94974ed2-a8ba-1ec6-bcd7-926c3c2d5014,9fa27f5b-095b-356f-542c-0f7596f94a34,Steam Network 1 > VHP Steam HeaderA > VHP Steam GeneratorA > VHP Waste Heat BoilerH,VHP Waste Heat Boiler,Fuel Gas nC4,mol%,,,,,,,4,Steam Network 1 > VHP Steam HeaderA > VHP Steam GeneratorA,VHP Waste Heat BoilerH,boiler_whrb,False,False,False
94974ed2-a8ba-1ec6-bcd7-926c3c2d5014,9fa27f5c-095b-3576-baf8-c06896f94a2a,Steam Network 1 > VHP Steam HeaderA > VHP Steam GeneratorA > VHP Waste Heat BoilerH,VHP Waste Heat Boiler,Fuel Gas nC5,mol%,,,,,,,4,Steam Network 1 > VHP Steam HeaderA > VHP Steam GeneratorA,VHP Waste Heat BoilerH,boiler_whrb,False,False,False
94974ed2-a8ba-1ec6-bcd7-926c3c2d5014,2b0acf39-dd7f-5c77-e6c5-cf7ff675934e,Steam Network 1 > VHP Steam HeaderA > VHP Steam GeneratorA > VHP Waste Heat BoilerH,VHP Waste Heat Boiler,Fuel oil Flow,metric_ton/h,,,,,,,4,Steam Network 1 > VHP Steam HeaderA > VHP Steam GeneratorA,VHP Waste Heat BoilerH,boiler_whrb,False,False,False
94974ed2-a8ba-1ec6-bcd7-926c3c2d5014,16d2c1ec-35eb-de2e-bdad-806823391fc2,Steam Network 1 > VHP Steam HeaderA > VHP Steam GeneratorA > VHP Waste Heat BoilerH,VHP Waste Heat Boiler,Furnace Draft,mmHg,,,,,,,4,Steam Network 1 > VHP Steam HeaderA > VHP Steam GeneratorA,VHP Waste Heat BoilerH,boiler_whrb,False,False,False
94974ed2-a8ba-1ec6-bcd7-926c3c2d5014,b6a6dcc7-b7bd-322b-8510-f36d011beeec,Steam Network 1 > VHP Steam HeaderA > VHP Steam GeneratorA > VHP Waste Heat BoilerH,VHP Waste Heat Boiler,Liquid Fuel Component1,mol%,,,,,,,4,Steam Network 1 > VHP Steam HeaderA > VHP Steam GeneratorA,VHP Waste Heat BoilerH,boiler_whrb,False,False,False
94974ed2-a8ba-1ec6-bcd7-926c3c2d5014,b6a6dcc8-b7bd-3232-3b5e-2f10011beefa,Steam Network 1 > VHP Steam HeaderA > VHP Steam GeneratorA > VHP Waste Heat BoilerH,VHP Waste Heat Boiler,Liquid Fuel Component2,mol%,,,,,,,4,Steam Network 1 > VHP Steam HeaderA > VHP Steam GeneratorA,VHP Waste Heat BoilerH,boiler_whrb,False,False,False
94974ed2-a8ba-1ec6-bcd7-926c3c2d5014,b6a6dcc9-b7bd-3239-f1ab-6ac1011beef0,Steam Network 1 > VHP Steam HeaderA > VHP Steam GeneratorA > VHP Waste Heat BoilerH,VHP Waste Heat Boiler,Liquid Fuel Component3,,,,,,,,4,Steam Network 1 > VHP Steam HeaderA > VHP Steam GeneratorA,VHP Waste Heat BoilerH,boiler_whrb,False,False,False
94974ed2-a8ba-1ec6-bcd7-926c3c2d5014,ae29776f-28db-bb47-1bb3-34c986f2cc28,Steam Network 1 > VHP Steam HeaderA > VHP Steam GeneratorA > VHP Waste Heat BoilerH,VHP Waste Heat Boiler,Stack Temperature,degC,UN.ETH.11TI1011H.PV,,,,,,4,Steam Network 1 > VHP Steam HeaderA > VHP Steam GeneratorA,VHP Waste Heat BoilerH,boiler_whrb,True,False,False
94974ed2-a8ba-1ec6-bcd7-926c3c2d5014,f6886699-ecf9-81bd-9537-d7f51a71e724,Steam Network 1 > VHP Steam HeaderA > VHP Steam GeneratorA > VHP Waste Heat BoilerH,VHP Waste Heat Boiler,Steam Generation Flow,metric_ton/h,UN.ETH.11FI1031H.PV,,,,,,4,Steam Network 1 > VHP Steam HeaderA > VHP Steam GeneratorA,VHP Waste Heat BoilerH,boiler_whrb,True,False,False
94974ed2-a8ba-1ec6-bcd7-926c3c2d5014,0a8fcc5b-372a-ed6b-9e38-a9093da52130,Steam Network 1 > VHP Steam HeaderA > VHP Steam GeneratorA > VHP Waste Heat BoilerH,VHP Waste Heat Boiler,Steam Outlet Pressure,bar,UN.ETH.11PI1688H.PV,,,,,,4,Steam Network 1 > VHP Steam HeaderA > VHP Steam GeneratorA,VHP Waste Heat BoilerH,boiler_whrb,True,False,False
94974ed2-a8ba-1ec6-bcd7-926c3c2d5014,7fb14f9e-7480-1182-0553-ec3c0b315e1c,Steam Network 1 > VHP Steam HeaderA > VHP Steam GeneratorA > VHP Waste Heat BoilerH,VHP Waste Heat Boiler,Steam Outlet Temperature,degC,UN.ETH.11TC1017H.PV,,,,,,4,Steam Network 1 > VHP Steam HeaderA > VHP Steam GeneratorA,VHP Waste Heat BoilerH,boiler_whrb,True,False,False
94974ed3-a8ba-1ecd-75b4-d8f73c2d501e,549b8b76-f490-f016-027c-9c24a00b7b60,Steam Network 1 > VHP Steam HeaderA > VHP Steam GeneratorA > VHP Waste Heat BoilerI,VHP Waste Heat Boiler,Drum Level,,,,,,,,4,Steam Network 1 > VHP Steam HeaderA > VHP Steam GeneratorA,VHP Waste Heat BoilerI,boiler_whrb,False,False,False
94974ed3-a8ba-1ecd-75b4-d8f73c2d501e,13e7c913-0868-4a3d-0612-67871b8f832e,Steam Network 1 > VHP Steam HeaderA > VHP Steam GeneratorA > VHP Waste Heat BoilerI,VHP Waste Heat Boiler,Drum Pressure,bar,,,,,,,4,Steam Network 1 > VHP Steam HeaderA > VHP Steam GeneratorA,VHP Waste Heat BoilerI,boiler_whrb,False,False,False
94974ed3-a8ba-1ecd-75b4-d8f73c2d501e,671a3d31-f321-48c9-bb20-d379943b75f8,Steam Network 1 > VHP Steam HeaderA > VHP Steam GeneratorA > VHP Waste Heat BoilerI,VHP Waste Heat Boiler,Flue Gas CO,mol%,,,,,,,4,Steam Network 1 > VHP Steam HeaderA > VHP Steam GeneratorA,VHP Waste Heat BoilerI,boiler_whrb,False,False,False
94974ed3-a8ba-1ecd-75b4-d8f73c2d501e,671a3e88-f321-5422-7588-ee10943b6aaa,Steam Network 1 > VHP Steam HeaderA > VHP Steam GeneratorA > VHP Waste Heat BoilerI,VHP Waste Heat Boiler,Flue Gas O2,mol%,,,,,,,4,Steam Network 1 > VHP Steam HeaderA > VHP Steam GeneratorA,VHP Waste Heat BoilerI,boiler_whrb,False,False,False
94974ed3-a8ba-1ecd-75b4-d8f73c2d501e,90908133-b7ca-dbbf-e195-060d275a5a8c,Steam Network 1 > VHP Steam HeaderA > VHP Steam GeneratorA > VHP Waste Heat BoilerI,VHP Waste Heat Boiler,Fuel Gas C1,mol%,,,,,,,4,Steam Network 1 > VHP Steam HeaderA > VHP Steam GeneratorA,VHP Waste Heat BoilerI,boiler_whrb,False,False,False
94974ed3-a8ba-1ecd-75b4-d8f73c2d501e,90908134-b7ca-dbc6-8d53-6a38275a5af2,Steam Network 1 > VHP Steam HeaderA > VHP Steam GeneratorA > VHP Waste Heat BoilerI,VHP Waste Heat Boiler,Fuel Gas C2,mol%,,,,,,,4,Steam Network 1 > VHP Steam HeaderA > VHP Steam GeneratorA,VHP Waste Heat BoilerI,boiler_whrb,False,False,False
94974ed3-a8ba-1ecd-75b4-d8f73c2d501e,90908135-b7ca-dbcd-3911-ce71275a5af8,Steam Network 1 > VHP Steam HeaderA > VHP Steam GeneratorA > VHP Waste Heat BoilerI,VHP Waste Heat Boiler,Fuel Gas C3,mol%,,,,,,,4,Steam Network 1 > VHP Steam HeaderA > VHP Steam GeneratorA,VHP Waste Heat BoilerI,boiler_whrb,False,False,False
94974ed3-a8ba-1ecd-75b4-d8f73c2d501e,c93fcaf4-2782-3232-0001-4ba8eebdf8c6,Steam Network 1 > VHP Steam HeaderA > VHP Steam GeneratorA > VHP Waste Heat BoilerI,VHP Waste Heat Boiler,Fuel Gas Calorific Value,,,,,,,,4,Steam Network 1 > VHP Steam HeaderA > VHP Steam GeneratorA,VHP Waste Heat BoilerI,boiler_whrb,False,False,False
94974ed3-a8ba-1ecd-75b4-d8f73c2d501e,20364bc2-c5bd-e5e2-39ed-6b44e58bae20,Steam Network 1 > VHP Steam HeaderA > VHP Steam GeneratorA > VHP Waste Heat BoilerI,VHP Waste Heat Boiler,Fuel Gas CH3OH,mol%,,,,,,,4,Steam Network 1 > VHP Steam HeaderA > VHP Steam GeneratorA,VHP Waste Heat BoilerI,boiler_whrb,False,False,False
94974ed3-a8ba-1ecd-75b4-d8f73c2d501e,817fa901-9051-e253-b8e7-ad53112e4b52,Steam Network 1 > VHP Steam HeaderA > VHP Steam GeneratorA > VHP Waste Heat BoilerI,VHP Waste Heat Boiler,Fuel Gas CO2,mol%,,,,,,,4,Steam Network 1 > VHP Steam HeaderA > VHP Steam GeneratorA,VHP Waste Heat BoilerI,boiler_whrb,False,False,False
94974ed3-a8ba-1ecd-75b4-d8f73c2d501e,ae7748f3-dbea-6fab-d16d-1751759d2758,Steam Network 1 > VHP Steam HeaderA > VHP Steam GeneratorA > VHP Waste Heat BoilerI,VHP Waste Heat Boiler,Fuel Gas Flow,metric_ton/h,UN.ETH.11FI1029IA.PV,,,,,,4,Steam Network 1 > VHP Steam HeaderA > VHP Steam GeneratorA,VHP Waste Heat BoilerI,boiler_whrb,True,False,False
94974ed3-a8ba-1ecd-75b4-d8f73c2d501e,909081cf-b7ca-e0d5-2027-213b275a611a,Steam Network 1 > VHP Steam HeaderA > VHP Steam GeneratorA > VHP Waste Heat BoilerI,VHP Waste Heat Boiler,Fuel Gas H2,mol%,,,,,,,4,Steam Network 1 > VHP Steam HeaderA > VHP Steam GeneratorA,VHP Waste Heat BoilerI,boiler_whrb,False,False,False
94974ed3-a8ba-1ecd-75b4-d8f73c2d501e,81803635-9057-64b7-e3d6-73e311d75282,Steam Network 1 > VHP Steam HeaderA > VHP Steam GeneratorA > VHP Waste Heat BoilerI,VHP Waste Heat Boiler,Fuel Gas iC4,mol%,,,,,,,4,Steam Network 1 > VHP Steam HeaderA > VHP Steam GeneratorA,VHP Waste Heat BoilerI,boiler_whrb,False,False,False
94974ed3-a8ba-1ecd-75b4-d8f73c2d501e,81803636-9057-64be-feaf-541411d75288,Steam Network 1 > VHP Steam HeaderA > VHP Steam GeneratorA > VHP Waste Heat BoilerI,VHP Waste Heat Boiler,Fuel Gas iC5,mol%,,,,,,,4,Steam Network 1 > VHP Steam HeaderA > VHP Steam GeneratorA,VHP Waste Heat BoilerI,boiler_whrb,False,False,False
94974ed3-a8ba-1ecd-75b4-d8f73c2d501e,7e4ff2cd-e8a9-8563-7364-664796e677ae,Steam Network 1 > VHP Steam HeaderA > VHP Steam GeneratorA > VHP Waste Heat BoilerI,VHP Waste Heat Boiler,Fuel Gas Molecular Weight,,,,,,,,4,Steam Network 1 > VHP Steam HeaderA > VHP Steam GeneratorA,VHP Waste Heat BoilerI,boiler_whrb,False,False,False
94974ed3-a8ba-1ecd-75b4-d8f73c2d501e,90908289-b7ca-e6e7-36c6-df9f275a646e,Steam Network 1 > VHP Steam HeaderA > VHP Steam GeneratorA > VHP Waste Heat BoilerI,VHP Waste Heat Boiler,Fuel Gas N2,mol%,,,,,,,4,Steam Network 1 > VHP Steam HeaderA > VHP Steam GeneratorA,VHP Waste Heat BoilerI,boiler_whrb,False,False,False
94974ed3-a8ba-1ecd-75b4-d8f73c2d501e,818048fa-9058-1fe2-9206-b2b411d85718,Steam Network 1 > VHP Steam HeaderA > VHP Steam GeneratorA > VHP Waste Heat BoilerI,VHP Waste Heat Boiler,Fuel Gas nC4,mol%,,,,,,,4,Steam Network 1 > VHP Steam HeaderA > VHP Steam GeneratorA,VHP Waste Heat BoilerI,boiler_whrb,False,False,False
94974ed3-a8ba-1ecd-75b4-d8f73c2d501e,818048fb-9058-1fe9-ace0-d17311d85712,Steam Network 1 > VHP Steam HeaderA > VHP Steam GeneratorA > VHP Waste Heat BoilerI,VHP Waste Heat Boiler,Fuel Gas nC5,mol%,,,,,,,4,Steam Network 1 > VHP Steam HeaderA > VHP Steam GeneratorA,VHP Waste Heat BoilerI,boiler_whrb,False,False,False
94974ed3-a8ba-1ecd-75b4-d8f73c2d501e,84e6397a-600d-3f16-bf1f-f67ce4eb066c,Steam Network 1 > VHP Steam HeaderA > VHP Steam GeneratorA > VHP Waste Heat BoilerI,VHP Waste Heat Boiler,Fuel oil Flow,metric_ton/h,,,,,,,4,Steam Network 1 > VHP Steam HeaderA > VHP Steam GeneratorA,VHP Waste Heat BoilerI,boiler_whrb,False,False,False
94974ed3-a8ba-1ecd-75b4-d8f73c2d501e,70ae2c2d-b879-c0cd-15e0-2009c8d7ece0,Steam Network 1 > VHP Steam HeaderA > VHP Steam GeneratorA > VHP Waste Heat BoilerI,VHP Waste Heat Boiler,Furnace Draft,mmHg,,,,,,,4,Steam Network 1 > VHP Steam HeaderA > VHP Steam GeneratorA,VHP Waste Heat BoilerI,boiler_whrb,False,False,False
94974ed3-a8ba-1ecd-75b4-d8f73c2d501e,b2a86ba6-ade6-74c6-642e-7a641f4e1f60,Steam Network 1 > VHP Steam HeaderA > VHP Steam GeneratorA > VHP Waste Heat BoilerI,VHP Waste Heat Boiler,Liquid Fuel Component1,mol%,,,,,,,4,Steam Network 1 > VHP Steam HeaderA > VHP Steam GeneratorA,VHP Waste Heat BoilerI,boiler_whrb,False,False,False
94974ed3-a8ba-1ecd-75b4-d8f73c2d501e,b2a86ba7-ade6-74cd-f4af-e0bb1f4e1f6a,Steam Network 1 > VHP Steam HeaderA > VHP Steam GeneratorA > VHP Waste Heat BoilerI,VHP Waste Heat Boiler,Liquid Fuel Component2,mol%,,,,,,,4,Steam Network 1 > VHP Steam HeaderA > VHP Steam GeneratorA,VHP Waste Heat BoilerI,boiler_whrb,False,False,False
94974ed3-a8ba-1ecd-75b4-d8f73c2d501e,b2a86ba8-ade6-74d4-8531-47201f4e1f7c,Steam Network 1 > VHP Steam HeaderA > VHP Steam GeneratorA > VHP Waste Heat BoilerI,VHP Waste Heat Boiler,Liquid Fuel Component3,,,,,,,,4,Steam Network 1 > VHP Steam HeaderA > VHP Steam GeneratorA,VHP Waste Heat BoilerI,boiler_whrb,False,False,False
94974ed3-a8ba-1ecd-75b4-d8f73c2d501e,7bd3d930-1860-7af6-e513-942063b3a3c6,Steam Network 1 > VHP Steam HeaderA > VHP Steam GeneratorA > VHP Waste Heat BoilerI,VHP Waste Heat Boiler,Stack Temperature,degC,UN.ETH.11TI1011I.PV,,,,,,4,Steam Network 1 > VHP Steam HeaderA > VHP Steam GeneratorA,VHP Waste Heat BoilerI,boiler_whrb,True,False,False
94974ed3-a8ba-1ecd-75b4-d8f73c2d501e,40b9ffda-31e5-dd7c-83f9-1f98715c22a6,Steam Network 1 > VHP Steam HeaderA > VHP Steam GeneratorA > VHP Waste Heat BoilerI,VHP Waste Heat Boiler,Steam Generation Flow,metric_ton/h,UN.ETH.11FI1031I.PV,,,,,,4,Steam Network 1 > VHP Steam HeaderA > VHP Steam GeneratorA,VHP Waste Heat BoilerI,boiler_whrb,True,False,False
94974ed3-a8ba-1ecd-75b4-d8f73c2d501e,54c1659c-7c17-492a-beb8-279828d62cb6,Steam Network 1 > VHP Steam HeaderA > VHP Steam GeneratorA > VHP Waste Heat BoilerI,VHP Waste Heat Boiler,Steam Outlet Pressure,bar,UN.ETH.11PI1688I.PV,,,,,,4,Steam Network 1 > VHP Steam HeaderA > VHP Steam GeneratorA,VHP Waste Heat BoilerI,boiler_whrb,True,False,False
94974ed3-a8ba-1ecd-75b4-d8f73c2d501e,818aa2bd-d725-4065-04b2-749156afe2d8,Steam Network 1 > VHP Steam HeaderA > VHP Steam GeneratorA > VHP Waste Heat BoilerI,VHP Waste Heat Boiler,Steam Outlet Temperature,degC,UN.ETH.11TC1017I.PV,,,,,,4,Steam Network 1 > VHP Steam HeaderA > VHP Steam GeneratorA,VHP Waste Heat BoilerI,boiler_whrb,True,False,False
ff098145-a19f-90bf-4fa9-427b5e9611fa,7122fdc8-3b67-597e-0ceb-70704a45a4b6,Steam Network 1 > VHP Steam HeaderA > VHP Steam GeneratorA > VHP Extraction-Condensing Turbine (extraction)A,VHP Extraction-Condensing Turbine (extraction),Bearing Temperature,degC,,,,,,,4,Steam Network 1 > VHP Steam HeaderA > VHP Steam GeneratorA,VHP Extraction-Condensing Turbine (extraction)A,steam_generator,False,False,False
ff098145-a19f-90bf-4fa9-427b5e9611fa,93bf6a72-5368-68fe-8f79-ed1cc0d7028c,Steam Network 1 > VHP Steam HeaderA > VHP Steam GeneratorA > VHP Extraction-Condensing Turbine (extraction)A,VHP Extraction-Condensing Turbine (extraction),Exhaust Condensae Flow,metric_ton/h,,,,,,,4,Steam Network 1 > VHP Steam HeaderA > VHP Steam GeneratorA,VHP Extraction-Condensing Turbine (extraction)A,steam_generator,False,False,False
ff098145-a19f-90bf-4fa9-427b5e9611fa,a6d86c75-c386-c969-402a-58fd655ea51c,Steam Network 1 > VHP Steam HeaderA > VHP Steam GeneratorA > VHP Extraction-Condensing Turbine (extraction)A,VHP Extraction-Condensing Turbine (extraction),Exhaust Pressure,bar,,,,,,,4,Steam Network 1 > VHP Steam HeaderA > VHP Steam GeneratorA,VHP Extraction-Condensing Turbine (extraction)A,steam_generator,False,False,False
ff098145-a19f-90bf-4fa9-427b5e9611fa,67308144-5017-71c8-e410-01203727f08c,Steam Network 1 > VHP Steam HeaderA > VHP Steam GeneratorA > VHP Extraction-Condensing Turbine (extraction)A,VHP Extraction-Condensing Turbine (extraction),Exhaust Temperature,degC,,,,,,,4,Steam Network 1 > VHP Steam HeaderA > VHP Steam GeneratorA,VHP Extraction-Condensing Turbine (extraction)A,steam_generator,False,False,False
ff098145-a19f-90bf-4fa9-427b5e9611fa,7d24aafd-dfe0-0e37-e49a-925ba2c4a4ca,Steam Network 1 > VHP Steam HeaderA > VHP Steam GeneratorA > VHP Extraction-Condensing Turbine (extraction)A,VHP Extraction-Condensing Turbine (extraction),Extraction Governor Valve Opening,percent,,,,,,,4,Steam Network 1 > VHP Steam HeaderA > VHP Steam GeneratorA,VHP Extraction-Condensing Turbine (extraction)A,steam_generator,False,False,False
ff098145-a19f-90bf-4fa9-427b5e9611fa,88f5f064-83cb-a4f2-d1c9-4e880b3e5496,Steam Network 1 > VHP Steam HeaderA > VHP Steam GeneratorA > VHP Extraction-Condensing Turbine (extraction)A,VHP Extraction-Condensing Turbine (extraction),Extraction Pressure,bar,UN.ETH.12PI2130.PV,,,,,,4,Steam Network 1 > VHP Steam HeaderA > VHP Steam GeneratorA,VHP Extraction-Condensing Turbine (extraction)A,steam_generator,True,False,False
ff098145-a19f-90bf-4fa9-427b5e9611fa,6171b47d-8d3f-5109-aadd-e565ec4ee574,Steam Network 1 > VHP Steam HeaderA > VHP Steam GeneratorA > VHP Extraction-Condensing Turbine (extraction)A,VHP Extraction-Condensing Turbine (extraction),Extraction Steam Flow,metric_ton/h,UN.ETH.12FI2158.PV,,,,,,4,Steam Network 1 > VHP Steam HeaderA > VHP Steam GeneratorA,VHP Extraction-Condensing Turbine (extraction)A,steam_generator,True,False,False
ff098145-a19f-90bf-4fa9-427b5e9611fa,15a80773-dcf6-1441-9cc0-e033c95e1332,Steam Network 1 > VHP Steam HeaderA > VHP Steam GeneratorA > VHP Extraction-Condensing Turbine (extraction)A,VHP Extraction-Condensing Turbine (extraction),ExtractionTemperature,degC,UN.ETH.12TI2103.PV,,,,,,4,Steam Network 1 > VHP Steam HeaderA > VHP Steam GeneratorA,VHP Extraction-Condensing Turbine (extraction)A,steam_generator,True,False,False
ff098145-a19f-90bf-4fa9-427b5e9611fa,d26589a2-a2c1-95d2-f788-30e470a41c70,Steam Network 1 > VHP Steam HeaderA > VHP Steam GeneratorA > VHP Extraction-Condensing Turbine (extraction)A,VHP Extraction-Condensing Turbine (extraction),Inlet Steam Flow,metric_ton/h,UN.ETH.12FI2157.PV,,,,,,4,Steam Network 1 > VHP Steam HeaderA > VHP Steam GeneratorA,VHP Extraction-Condensing Turbine (extraction)A,steam_generator,True,False,False
ff098145-a19f-90bf-4fa9-427b5e9611fa,e68244b9-b7e5-7e65-c7b5-2afd51673adc,Steam Network 1 > VHP Steam HeaderA > VHP Steam GeneratorA > VHP Extraction-Condensing Turbine (extraction)A,VHP Extraction-Condensing Turbine (extraction),Inlet Steam Pressure,bar,UN.ETH.12PI2125.PV,,,,,,4,Steam Network 1 > VHP Steam HeaderA > VHP Steam GeneratorA,VHP Extraction-Condensing Turbine (extraction)A,steam_generator,True,False,False
ff098145-a19f-90bf-4fa9-427b5e9611fa,fd369280-271f-9b54-5e1b-9200da2909d4,Steam Network 1 > VHP Steam HeaderA > VHP Steam GeneratorA > VHP Extraction-Condensing Turbine (extraction)A,VHP Extraction-Condensing Turbine (extraction),Inlet Steam Temperature,degC,UN.ETH.12TI2107.PV,,,,,,4,Steam Network 1 > VHP Steam HeaderA > VHP Steam GeneratorA,VHP Extraction-Condensing Turbine (extraction)A,steam_generator,True,False,False
ff098145-a19f-90bf-4fa9-427b5e9611fa,3b7228fc-0900-2f1a-db1e-6d98327207e6,Steam Network 1 > VHP Steam HeaderA > VHP Steam GeneratorA > VHP Extraction-Condensing Turbine (extraction)A,VHP Extraction-Condensing Turbine (extraction),Turbine Speed,rpm,UN.ETH.12SI2800A.PV,,,,,,4,Steam Network 1 > VHP Steam HeaderA > VHP Steam GeneratorA,VHP Extraction-Condensing Turbine (extraction)A,steam_generator,True,False,False
343f319b-716f-c26f-7832-f8354550f3f4,5e03271e-9af9-d42e-9923-df64c4faf330,Steam Network 1 > VHP Steam HeaderA > VHP Steam ConsumersA > VHP Backpressure Steam TurbineA,VHP Backpressure Steam Turbine,Bearing Temperature,degC,,,,,,,4,Steam Network 1 > VHP Steam HeaderA > VHP Steam ConsumersA,VHP Backpressure Steam TurbineA,turbine,False,False,False
343f319b-716f-c26f-7832-f8354550f3f4,1e667a90-0f25-b9dc-5573-63c01143c34c,Steam Network 1 > VHP Steam HeaderA > VHP Steam ConsumersA > VHP Backpressure Steam TurbineA,VHP Backpressure Steam Turbine,Gland Steam Flow,kg/hr,,,,,,,4,Steam Network 1 > VHP Steam HeaderA > VHP Steam ConsumersA,VHP Backpressure Steam TurbineA,turbine,False,False,False
343f319b-716f-c26f-7832-f8354550f3f4,d42c2e62-358a-2e28-6210-db50e1a6004a,Steam Network 1 > VHP Steam HeaderA > VHP Steam ConsumersA > VHP Backpressure Steam TurbineA,VHP Backpressure Steam Turbine,Governor Valve Opening,percent,,,,,,,4,Steam Network 1 > VHP Steam HeaderA > VHP Steam ConsumersA,VHP Backpressure Steam TurbineA,turbine,False,False,False
343f319b-716f-c26f-7832-f8354550f3f4,6247d00c-4727-8842-82de-03182560584e,Steam Network 1 > VHP Steam HeaderA > VHP Steam ConsumersA > VHP Backpressure Steam TurbineA,VHP Backpressure Steam Turbine,Inlet Steam Flow,t/hr,,,,,,,4,Steam Network 1 > VHP Steam HeaderA > VHP Steam ConsumersA,VHP Backpressure Steam TurbineA,turbine,False,False,False
343f319b-716f-c26f-7832-f8354550f3f4,95a74623-8811-39d5-031e-261f1db67ff6,Steam Network 1 > VHP Steam HeaderA > VHP Steam ConsumersA > VHP Backpressure Steam TurbineA,VHP Backpressure Steam Turbine,Inlet Steam Pressure,bar,,,,,,,4,Steam Network 1 > VHP Steam HeaderA > VHP Steam ConsumersA,VHP Backpressure Steam TurbineA,turbine,False,False,False
343f319b-716f-c26f-7832-f8354550f3f4,c09620d6-841d-9b04-f878-1558448bbbd2,Steam Network 1 > VHP Steam HeaderA > VHP Steam ConsumersA > VHP Backpressure Steam TurbineA,VHP Backpressure Steam Turbine,Inlet Steam Temperature,degC,,,,,,,4,Steam Network 1 > VHP Steam HeaderA > VHP Steam ConsumersA,VHP Backpressure Steam TurbineA,turbine,False,False,False
343f319b-716f-c26f-7832-f8354550f3f4,ad24c26d-1fd9-5819-8cd1-74a5b2fd9a74,Steam Network 1 > VHP Steam HeaderA > VHP Steam ConsumersA > VHP Backpressure Steam TurbineA,VHP Backpressure Steam Turbine,Outlet Steam Flow,t/hr,,,,,,,4,Steam Network 1 > VHP Steam HeaderA > VHP Steam ConsumersA,VHP Backpressure Steam TurbineA,turbine,False,False,False
343f319b-716f-c26f-7832-f8354550f3f4,6a122004-d661-8b3c-2d25-acf0bc73ab38,Steam Network 1 > VHP Steam HeaderA > VHP Steam ConsumersA > VHP Backpressure Steam TurbineA,VHP Backpressure Steam Turbine,Outlet Steam Pressure,bar,,,,,,,4,Steam Network 1 > VHP Steam HeaderA > VHP Steam ConsumersA,VHP Backpressure Steam TurbineA,turbine,False,False,False
343f319b-716f-c26f-7832-f8354550f3f4,fef6ef55-ee18-23ef-413a-0f5b10eeccba,Steam Network 1 > VHP Steam HeaderA > VHP Steam ConsumersA > VHP Backpressure Steam TurbineA,VHP Backpressure Steam Turbine,Outlet Steam Temperature,degC,,,,,,,4,Steam Network 1 > VHP Steam HeaderA > VHP Steam ConsumersA,VHP Backpressure Steam TurbineA,turbine,False,False,False
343f319b-716f-c26f-7832-f8354550f3f4,b8a98ad2-1f4d-5c4a-7e0f-98b4a7e4d698,Steam Network 1 > VHP Steam HeaderA > VHP Steam ConsumersA > VHP Backpressure Steam TurbineA,VHP Backpressure Steam Turbine,Turbine Speed,rpm,,,,,,,4,Steam Network 1 > VHP Steam HeaderA > VHP Steam ConsumersA,VHP Backpressure Steam TurbineA,turbine,False,False,False
e6cedb01-d27b-a4dd-d05a-b3dd34b57fdc,d344023c-7e70-5b60-e88c-2a80ad34595c,Steam Network 1 > VHP Steam HeaderA > VHP Steam ConsumersA > VHP Steam VentA,VHP Steam Vent,Steam Flow,metric_ton/h,,,,,,,4,Steam Network 1 > VHP Steam HeaderA > VHP Steam ConsumersA,VHP Steam VentA,vent,False,False,False
e6cedb01-d27b-a4dd-d05a-b3dd34b57fdc,ebdee053-e841-c913-acbe-d129039f2940,Steam Network 1 > VHP Steam HeaderA > VHP Steam ConsumersA > VHP Steam VentA,VHP Steam Vent,Steam Pressure,bar,UN.ETH.17PC7032.PV,,,,,,4,Steam Network 1 > VHP Steam HeaderA > VHP Steam ConsumersA,VHP Steam VentA,vent,True,False,False
e6cedb01-d27b-a4dd-d05a-b3dd34b57fdc,f11618a6-ec43-f98a-ef54-bf7c1d55e12c,Steam Network 1 > VHP Steam HeaderA > VHP Steam ConsumersA > VHP Steam VentA,VHP Steam Vent,Steam Temperature,degC,UN.ETH.12TI2107.PV,,,,,,4,Steam Network 1 > VHP Steam HeaderA > VHP Steam ConsumersA,VHP Steam VentA,vent,True,False,False
e6cedb01-d27b-a4dd-d05a-b3dd34b57fdc,4a47587b-5af8-c433-611c-cc8110bf9c48,Steam Network 1 > VHP Steam HeaderA > VHP Steam ConsumersA > VHP Steam VentA,VHP Steam Vent,Vent Valve Opening,percent,UN.ETH.17PC7032.MV,,,,,,4,Steam Network 1 > VHP Steam HeaderA > VHP Steam ConsumersA,VHP Steam VentA,vent,True,False,False
725023c7-4c3f-b793-cf90-cc453e6f9454,192a9407-ff59-b227-dfd8-6b11e6732620,Steam Network 1 > VHP Steam HeaderA > VHP Steam LetdownA > VHP to HP-2 PRDSA,VHP to HP-2 PRDS,Inlet Pressure,bar,UN.ETH.17PC7032.PV,,,,,,4,Steam Network 1 > VHP Steam HeaderA > VHP Steam LetdownA,VHP to HP-2 PRDSA,letdown,True,False,False
725023c7-4c3f-b793-cf90-cc453e6f9454,0d9b5872-4244-93ce-0912-a1bc4fdfcbbc,Steam Network 1 > VHP Steam HeaderA > VHP Steam LetdownA > VHP to HP-2 PRDSA,VHP to HP-2 PRDS,Inlet Temperature,degC,UN.ETH.12TI2107.PV,,,,,,4,Steam Network 1 > VHP Steam HeaderA > VHP Steam LetdownA,VHP to HP-2 PRDSA,letdown,True,False,False
725023c7-4c3f-b793-cf90-cc453e6f9454,6c12d480-48d4-c6a6-9e90-cb0024c61226,Steam Network 1 > VHP Steam HeaderA > VHP Steam LetdownA > VHP to HP-2 PRDSA,VHP to HP-2 PRDS,Outlet Pressure,bar,UN.UO.70PI0012A.PV,,,,,,4,Steam Network 1 > VHP Steam HeaderA > VHP Steam LetdownA,VHP to HP-2 PRDSA,letdown,True,False,False
725023c7-4c3f-b793-cf90-cc453e6f9454,0f021959-684b-0071-3500-304967491928,Steam Network 1 > VHP Steam HeaderA > VHP Steam LetdownA > VHP to HP-2 PRDSA,VHP to HP-2 PRDS,Outlet Temperature,degC,UN.UO.70TI0007.PV,,,,,,4,Steam Network 1 > VHP Steam HeaderA > VHP Steam LetdownA,VHP to HP-2 PRDSA,letdown,True,False,False
725023c7-4c3f-b793-cf90-cc453e6f9454,a70ba1b6-3177-26be-b63d-0914967c8708,Steam Network 1 > VHP Steam HeaderA > VHP Steam LetdownA > VHP to HP-2 PRDSA,VHP to HP-2 PRDS,Steam Flow,metric_ton/h,,,,,,,4,Steam Network 1 > VHP Steam HeaderA > VHP Steam LetdownA,VHP to HP-2 PRDSA,letdown,False,False,False
725023c7-4c3f-b793-cf90-cc453e6f9454,b478a5c2-9990-1ac6-0545-e80c2de8bf04,Steam Network 1 > VHP Steam HeaderA > VHP Steam LetdownA > VHP to HP-2 PRDSA,VHP to HP-2 PRDS,Spray Water Flow,metric_ton/h,,,,,,,4,Steam Network 1 > VHP Steam HeaderA > VHP Steam LetdownA,VHP to HP-2 PRDSA,letdown,False,False,False
725023c7-4c3f-b793-cf90-cc453e6f9454,59483f85-6add-41d5-890e-9ea933957e50,Steam Network 1 > VHP Steam HeaderA > VHP Steam LetdownA > VHP to HP-2 PRDSA,VHP to HP-2 PRDS,Pressure Valve Opening,percent,UN.ETH.17TC7006.PV,,,,,,4,Steam Network 1 > VHP Steam HeaderA > VHP Steam LetdownA,VHP to HP-2 PRDSA,letdown,True,False,False
725023c7-4c3f-b793-cf90-cc453e6f9454,e50cba44-aae4-6ef4-d4ba-c0d04fe8d4b0,Steam Network 1 > VHP Steam HeaderA > VHP Steam LetdownA > VHP to HP-2 PRDSA,VHP to HP-2 PRDS,Temperature Valve Opening,percent,UN.ETH.17TC7006.MV,,,,,,4,Steam Network 1 > VHP Steam HeaderA > VHP Steam LetdownA,VHP to HP-2 PRDSA,letdown,True,False,False
725023c7-4c3f-b793-cf90-cc453e6f9454,192a9407-ff59-b227-dfd8-6b11e6732620,Steam Network 1 > VHP Steam HeaderA > VHP Steam LetdownA > VHP to HP-2 PRDSB,VHP to HP-2 PRDS,Inlet Pressure,bar,UN.ETH.17PC7032.PV,,,,,,4,Steam Network 1 > VHP Steam HeaderA > VHP Steam LetdownA,VHP to HP-2 PRDSB,letdown,True,False,False
725023c7-4c3f-b793-cf90-cc453e6f9454,0d9b5872-4244-93ce-0912-a1bc4fdfcbbc,Steam Network 1 > VHP Steam HeaderA > VHP Steam LetdownA > VHP to HP-2 PRDSB,VHP to HP-2 PRDS,Inlet Temperature,degC,UN.ETH.12TI2107.PV,,,,,,4,Steam Network 1 > VHP Steam HeaderA > VHP Steam LetdownA,VHP to HP-2 PRDSB,letdown,True,False,False
725023c7-4c3f-b793-cf90-cc453e6f9454,6c12d480-48d4-c6a6-9e90-cb0024c61226,Steam Network 1 > VHP Steam HeaderA > VHP Steam LetdownA > VHP to HP-2 PRDSB,VHP to HP-2 PRDS,Outlet Pressure,bar,UN.UO.70PI0012A.PV,,,,,,4,Steam Network 1 > VHP Steam HeaderA > VHP Steam LetdownA,VHP to HP-2 PRDSB,letdown,True,False,False
725023c7-4c3f-b793-cf90-cc453e6f9454,0f021959-684b-0071-3500-304967491928,Steam Network 1 > VHP Steam HeaderA > VHP Steam LetdownA > VHP to HP-2 PRDSB,VHP to HP-2 PRDS,Outlet Temperature,degC,UN.UO.70TI0007.PV,,,,,,4,Steam Network 1 > VHP Steam HeaderA > VHP Steam LetdownA,VHP to HP-2 PRDSB,letdown,True,False,False
725023c7-4c3f-b793-cf90-cc453e6f9454,a70ba1b6-3177-26be-b63d-0914967c8708,Steam Network 1 > VHP Steam HeaderA > VHP Steam LetdownA > VHP to HP-2 PRDSB,VHP to HP-2 PRDS,Steam Flow,metric_ton/h,,,,,,,4,Steam Network 1 > VHP Steam HeaderA > VHP Steam LetdownA,VHP to HP-2 PRDSB,letdown,False,False,False
725023c7-4c3f-b793-cf90-cc453e6f9454,b478a5c2-9990-1ac6-0545-e80c2de8bf04,Steam Network 1 > VHP Steam HeaderA > VHP Steam LetdownA > VHP to HP-2 PRDSB,VHP to HP-2 PRDS,Spray Water Flow,metric_ton/h,,,,,,,4,Steam Network 1 > VHP Steam HeaderA > VHP Steam LetdownA,VHP to HP-2 PRDSB,letdown,False,False,False
725023c7-4c3f-b793-cf90-cc453e6f9454,59483f85-6add-41d5-890e-9ea933957e50,Steam Network 1 > VHP Steam HeaderA > VHP Steam LetdownA > VHP to HP-2 PRDSB,VHP to HP-2 PRDS,Pressure Valve Opening,percent,UN.ETH.17PC7024.MV,,,,,,4,Steam Network 1 > VHP Steam HeaderA > VHP Steam LetdownA,VHP to HP-2 PRDSB,letdown,True,False,False
725023c7-4c3f-b793-cf90-cc453e6f9454,e50cba44-aae4-6ef4-d4ba-c0d04fe8d4b0,Steam Network 1 > VHP Steam HeaderA > VHP Steam LetdownA > VHP to HP-2 PRDSB,VHP to HP-2 PRDS,Temperature Valve Opening,percent,UN.ETH.17TC7012.MV,,,,,,4,Steam Network 1 > VHP Steam HeaderA > VHP Steam LetdownA,VHP to HP-2 PRDSB,letdown,True,False,False
fc0467cc-8ecf-892e-ba4a-d2a872cbeee2,1a594cdd-dfd2-1a33-e1e2-c207c58b56ee,Steam Network 1 > HP-2 Steam HeaderA > HP-2 Steam GeneratorA > HP-2 Fuel Fired BoilerA,HP Fuel Fired Boiler,Drum Level,,,,,,,,4,Steam Network 1 > HP-2 Steam HeaderA > HP-2 Steam GeneratorA,HP-2 Fuel Fired BoilerA,boiler_fired,False,False,False
fc0467cc-8ecf-892e-ba4a-d2a872cbeee2,70f53a4c-4511-f646-e41e-f8c835e4cc0a,Steam Network 1 > HP-2 Steam HeaderA > HP-2 Steam GeneratorA > HP-2 Fuel Fired BoilerA,HP Fuel Fired Boiler,Drum Pressure,bar,UN.UO.71PC1103.PV,,,,,,4,Steam Network 1 > HP-2 Steam HeaderA > HP-2 Steam GeneratorA,HP-2 Fuel Fired BoilerA,boiler_fired,True,False,False
fc0467cc-8ecf-892e-ba4a-d2a872cbeee2,5914a8aa-f38c-5efa-2f13-2204aa98f650,Steam Network 1 > HP-2 Steam HeaderA > HP-2 Steam GeneratorA > HP-2 Fuel Fired BoilerA,HP Fuel Fired Boiler,Flue Gas CO,mol%,,,,,,,4,Steam Network 1 > HP-2 Steam HeaderA > HP-2 Steam GeneratorA,HP-2 Fuel Fired BoilerA,boiler_fired,False,False,False
fc0467cc-8ecf-892e-ba4a-d2a872cbeee2,5914aa01-f38c-6a53-5ba3-8853aa98c052,Steam Network 1 > HP-2 Steam HeaderA > HP-2 Steam GeneratorA > HP-2 Fuel Fired BoilerA,HP Fuel Fired Boiler,Flue Gas O2,mol%,UN.UO.71AC1104.PV,,,,,,4,Steam Network 1 > HP-2 Steam HeaderA > HP-2 Steam GeneratorA,HP-2 Fuel Fired BoilerA,boiler_fired,True,False,False
fc0467cc-8ecf-892e-ba4a-d2a872cbeee2,828aecac-b835-f1f0-caa7-cd403abf1d5c,Steam Network 1 > HP-2 Steam HeaderA > HP-2 Steam GeneratorA > HP-2 Fuel Fired BoilerA,HP Fuel Fired Boiler,Fuel Gas C1,mol%,AR.AR5.DCS.Process.AI51211.PV,,,,,,4,Steam Network 1 > HP-2 Steam HeaderA > HP-2 Steam GeneratorA,HP-2 Fuel Fired BoilerA,boiler_fired,True,False,False
fc0467cc-8ecf-892e-ba4a-d2a872cbeee2,828aecad-b835-f1f7-14aa-37eb3abf1d5a,Steam Network 1 > HP-2 Steam HeaderA > HP-2 Steam GeneratorA > HP-2 Fuel Fired BoilerA,HP Fuel Fired Boiler,Fuel Gas C2,mol%,AR.AR5.DCS.Process.AI51212.PV,,,,,,4,Steam Network 1 > HP-2 Steam HeaderA > HP-2 Steam GeneratorA,HP-2 Fuel Fired BoilerA,boiler_fired,True,False,False
fc0467cc-8ecf-892e-ba4a-d2a872cbeee2,828aecae-b835-f1fe-5eac-a2a43abf1d50,Steam Network 1 > HP-2 Steam HeaderA > HP-2 Steam GeneratorA > HP-2 Fuel Fired BoilerA,HP Fuel Fired Boiler,Fuel Gas C3,mol%,AR.AR5.DCS.Process.AI51213.PV,,,,,,4,Steam Network 1 > HP-2 Steam HeaderA > HP-2 Steam GeneratorA,HP-2 Fuel Fired BoilerA,boiler_fired,True,False,False
fc0467cc-8ecf-892e-ba4a-d2a872cbeee2,d29f8c1b-a9e2-2957-a47e-f02d7b7da54c,Steam Network 1 > HP-2 Steam HeaderA > HP-2 Steam GeneratorA > HP-2 Fuel Fired BoilerA,HP Fuel Fired Boiler,Fuel Gas Calorific Value,,,,,,,,4,Steam Network 1 > HP-2 Steam HeaderA > HP-2 Steam GeneratorA,HP-2 Fuel Fired BoilerA,boiler_fired,False,False,False
fc0467cc-8ecf-892e-ba4a-d2a872cbeee2,64d701a9-8a43-c32f-d2f8-0907ee94c286,Steam Network 1 > HP-2 Steam HeaderA > HP-2 Steam GeneratorA > HP-2 Fuel Fired BoilerA,HP Fuel Fired Boiler,Fuel Gas CH3OH,mol%,,,,,,,4,Steam Network 1 > HP-2 Steam HeaderA > HP-2 Steam GeneratorA,HP-2 Fuel Fired BoilerA,boiler_fired,False,False,False
fc0467cc-8ecf-892e-ba4a-d2a872cbeee2,ced2aca8-9fcc-1768-e0f9-3c40511ebbc0,Steam Network 1 > HP-2 Steam HeaderA > HP-2 Steam GeneratorA > HP-2 Fuel Fired BoilerA,HP Fuel Fired Boiler,Fuel Gas CO2,mol%,AR.AR5.DCS.Process.AI51217.PV,,,,,,4,Steam Network 1 > HP-2 Steam HeaderA > HP-2 Steam GeneratorA,HP-2 Fuel Fired BoilerA,boiler_fired,True,False,False
fc0467cc-8ecf-892e-ba4a-d2a872cbeee2,0b84ba2c-1894-1bb4-da65-8af01310a198,Steam Network 1 > HP-2 Steam HeaderA > HP-2 Steam GeneratorA > HP-2 Fuel Fired BoilerA,HP Fuel Fired Boiler,Fuel Gas Flow,metric_ton/h,UN.UO.71FC1104.PV,,,,,,4,Steam Network 1 > HP-2 Steam HeaderA > HP-2 Steam GeneratorA,HP-2 Fuel Fired BoilerA,boiler_fired,True,False,False
fc0467cc-8ecf-892e-ba4a-d2a872cbeee2,828aed48-b835-f706-fa1a-07b03abf1a4e,Steam Network 1 > HP-2 Steam HeaderA > HP-2 Steam GeneratorA > HP-2 Fuel Fired BoilerA,HP Fuel Fired Boiler,Fuel Gas H2,mol%,,,,,,,4,Steam Network 1 > HP-2 Steam HeaderA > HP-2 Steam GeneratorA,HP-2 Fuel Fired BoilerA,boiler_fired,False,False,False
fc0467cc-8ecf-892e-ba4a-d2a872cbeee2,ced339dc-9fd1-99cc-ee82-97505102a010,Steam Network 1 > HP-2 Steam HeaderA > HP-2 Steam GeneratorA > HP-2 Fuel Fired BoilerA,HP Fuel Fired Boiler,Fuel Gas iC4,mol%,AR.AR5.DCS.Process.AI51215.PV,,,,,,4,Steam Network 1 > HP-2 Steam HeaderA > HP-2 Steam GeneratorA,HP-2 Fuel Fired BoilerA,boiler_fired,True,False,False
fc0467cc-8ecf-892e-ba4a-d2a872cbeee2,ced339dd-9fd1-99d3-361a-c6275102a00e,Steam Network 1 > HP-2 Steam HeaderA > HP-2 Steam GeneratorA > HP-2 Fuel Fired BoilerA,HP Fuel Fired Boiler,Fuel Gas iC5,mol%,AR.AR5.DCS.Process.AI512111.PV,,,,,,4,Steam Network 1 > HP-2 Steam HeaderA > HP-2 Steam GeneratorA,HP-2 Fuel Fired BoilerA,boiler_fired,True,False,False
fc0467cc-8ecf-892e-ba4a-d2a872cbeee2,a0e85686-c088-3dbc-fe6d-786860606b3a,Steam Network 1 > HP-2 Steam HeaderA > HP-2 Steam GeneratorA > HP-2 Fuel Fired BoilerA,HP Fuel Fired Boiler,Fuel Gas Molecular Weight,,,,,,,,4,Steam Network 1 > HP-2 Steam HeaderA > HP-2 Steam GeneratorA,HP-2 Fuel Fired BoilerA,boiler_fired,False,False,False
fc0467cc-8ecf-892e-ba4a-d2a872cbeee2,828aee02-b835-fd18-40a8-4a303abf131a,Steam Network 1 > HP-2 Steam HeaderA > HP-2 Steam GeneratorA > HP-2 Fuel Fired BoilerA,HP Fuel Fired Boiler,Fuel Gas N2,mol%,AR.AR5.DCS.Process.AI51219.PV,,,,,,4,Steam Network 1 > HP-2 Steam HeaderA > HP-2 Steam GeneratorA,HP-2 Fuel Fired BoilerA,boiler_fired,True,False,False
fc0467cc-8ecf-892e-ba4a-d2a872cbeee2,ced34ca1-9fd2-54f7-be15-c35751011856,Steam Network 1 > HP-2 Steam HeaderA > HP-2 Steam GeneratorA > HP-2 Fuel Fired BoilerA,HP Fuel Fired Boiler,Fuel Gas nC4,mol%,AR.AR5.DCS.Process.AI51214.PV,,,,,,4,Steam Network 1 > HP-2 Steam HeaderA > HP-2 Steam GeneratorA,HP-2 Fuel Fired BoilerA,boiler_fired,True,False,False
fc0467cc-8ecf-892e-ba4a-d2a872cbeee2,ced34ca2-9fd2-54fe-05af-30bc5101185c,Steam Network 1 > HP-2 Steam HeaderA > HP-2 Steam GeneratorA > HP-2 Fuel Fired BoilerA,HP Fuel Fired Boiler,Fuel Gas nC5,mol%,AR.AR5.DCS.Process.AI512110.PV,,,,,,4,Steam Network 1 > HP-2 Steam HeaderA > HP-2 Steam GeneratorA,HP-2 Fuel Fired BoilerA,boiler_fired,True,False,False
fc0467cc-8ecf-892e-ba4a-d2a872cbeee2,e1f3aab3-9cb6-eb1f-7975-fcad7d4541ac,Steam Network 1 > HP-2 Steam HeaderA > HP-2 Steam GeneratorA > HP-2 Fuel Fired BoilerA,HP Fuel Fired Boiler,Fuel oil Flow,metric_ton/h,,,,,,,4,Steam Network 1 > HP-2 Steam HeaderA > HP-2 Steam GeneratorA,HP-2 Fuel Fired BoilerA,boiler_fired,False,False,False
fc0467cc-8ecf-892e-ba4a-d2a872cbeee2,cdbb9d66-f523-6cd6-442e-9b443898f1b0,Steam Network 1 > HP-2 Steam HeaderA > HP-2 Steam GeneratorA > HP-2 Fuel Fired BoilerA,HP Fuel Fired Boiler,Furnace Draft,mmHg,,,,,,,4,Steam Network 1 > HP-2 Steam HeaderA > HP-2 Steam GeneratorA,HP-2 Fuel Fired BoilerA,boiler_fired,False,False,False
fc0467cc-8ecf-892e-ba4a-d2a872cbeee2,83844a8d-4308-5f73-677f-d057c08c15fe,Steam Network 1 > HP-2 Steam HeaderA > HP-2 Steam GeneratorA > HP-2 Fuel Fired BoilerA,HP Fuel Fired Boiler,Liquid Fuel Component1,mol%,,,,,,,4,Steam Network 1 > HP-2 Steam HeaderA > HP-2 Steam GeneratorA,HP-2 Fuel Fired BoilerA,boiler_fired,False,False,False
fc0467cc-8ecf-892e-ba4a-d2a872cbeee2,83844a8e-4308-5f7a-4326-39acc08c15f4,Steam Network 1 > HP-2 Steam HeaderA > HP-2 Steam GeneratorA > HP-2 Fuel Fired BoilerA,HP Fuel Fired Boiler,Liquid Fuel Component2,mol%,,,,,,,4,Steam Network 1 > HP-2 Steam HeaderA > HP-2 Steam GeneratorA,HP-2 Fuel Fired BoilerA,boiler_fired,False,False,False
fc0467cc-8ecf-892e-ba4a-d2a872cbeee2,83844a8f-4308-5f81-1ecc-a30fc08c150e,Steam Network 1 > HP-2 Steam HeaderA > HP-2 Steam GeneratorA > HP-2 Fuel Fired BoilerA,HP Fuel Fired Boiler,Liquid Fuel Component3,,,,,,,,4,Steam Network 1 > HP-2 Steam HeaderA > HP-2 Steam GeneratorA,HP-2 Fuel Fired BoilerA,boiler_fired,False,False,False
fc0467cc-8ecf-892e-ba4a-d2a872cbeee2,c5e405e9-c33c-c76f-ec12-af0706d8c286,Steam Network 1 > HP-2 Steam HeaderA > HP-2 Steam GeneratorA > HP-2 Fuel Fired BoilerA,HP Fuel Fired Boiler,Stack Temperature,degC,UN.UO.71TI1107.PV,,,,,,4,Steam Network 1 > HP-2 Steam HeaderA > HP-2 Steam GeneratorA,HP-2 Fuel Fired BoilerA,boiler_fired,True,False,False
fc0467cc-8ecf-892e-ba4a-d2a872cbeee2,79032813-35ed-b365-fbdb-187f4cee9b76,Steam Network 1 > HP-2 Steam HeaderA > HP-2 Steam GeneratorA > HP-2 Fuel Fired BoilerA,HP Fuel Fired Boiler,Steam Generation Flow,metric_ton/h,UN.UO.71FI1101.PV,,,,,,4,Steam Network 1 > HP-2 Steam HeaderA > HP-2 Steam GeneratorA,HP-2 Fuel Fired BoilerA,boiler_fired,True,False,False
fc0467cc-8ecf-892e-ba4a-d2a872cbeee2,8d0a8dd5-801f-1f13-6bc0-51cf0d1592c6,Steam Network 1 > HP-2 Steam HeaderA > HP-2 Steam GeneratorA > HP-2 Fuel Fired BoilerA,HP Fuel Fired Boiler,Steam Outlet Pressure,bar,UN.UO.71PC1113.PV,,,,,,4,Steam Network 1 > HP-2 Steam HeaderA > HP-2 Steam GeneratorA,HP-2 Fuel Fired BoilerA,boiler_fired,True,False,False
fc0467cc-8ecf-892e-ba4a-d2a872cbeee2,8aea63e4-5985-378a-6743-d4e8d36f546e,Steam Network 1 > HP-2 Steam HeaderA > HP-2 Steam GeneratorA > HP-2 Fuel Fired BoilerA,HP Fuel Fired Boiler,Steam Outlet Temperature,degC,UN.UO.71TC1111.PV,,,,,,4,Steam Network 1 > HP-2 Steam HeaderA > HP-2 Steam GeneratorA,HP-2 Fuel Fired BoilerA,boiler_fired,True,False,False
dd5bcaf8-f8f8-55ee-25fb-0a9025a39f16,54611f6d-ed15-eaa9-f7c8-60f5b974f5c4,Steam Network 1 > HP-2 Steam HeaderA > HP-2 Steam GeneratorA > HP-2 Fuel Fired BoilerA > HP Boiler Air PreheaterA,HP Boiler Air Preheater,Air Inlet Temperature,degC,UN.UO.71TI1114B.PV,,,,,,5,Steam Network 1 > HP-2 Steam HeaderA > HP-2 Steam GeneratorA > HP-2 Fuel Fired BoilerA,HP Boiler Air PreheaterA,boiler_fired,True,False,False
dd5bcaf8-f8f8-55ee-25fb-0a9025a39f16,a0f531be-188c-8e18-1c7c-0dd0b879bfa6,Steam Network 1 > HP-2 Steam HeaderA > HP-2 Steam GeneratorA > HP-2 Fuel Fired BoilerA > HP Boiler Air PreheaterA,HP Boiler Air Preheater,Air Outlet Temperature,degC,,,,,,,5,Steam Network 1 > HP-2 Steam HeaderA > HP-2 Steam GeneratorA > HP-2 Fuel Fired BoilerA,HP Boiler Air PreheaterA,boiler_fired,False,False,False
dd5bcaf8-f8f8-55ee-25fb-0a9025a39f16,31daaa3e-aed3-52f0-3ca1-76209f09f8ce,Steam Network 1 > HP-2 Steam HeaderA > HP-2 Steam GeneratorA > HP-2 Fuel Fired BoilerA > HP Boiler Air PreheaterA,HP Boiler Air Preheater,Air Side Differential Pressure,,,,,,,,5,Steam Network 1 > HP-2 Steam HeaderA > HP-2 Steam GeneratorA > HP-2 Fuel Fired BoilerA,HP Boiler Air PreheaterA,boiler_fired,False,False,False
dd5bcaf8-f8f8-55ee-25fb-0a9025a39f16,4fc8b467-ab99-caa5-6944-8c63e4517ec2,Steam Network 1 > HP-2 Steam HeaderA > HP-2 Steam GeneratorA > HP-2 Fuel Fired BoilerA > HP Boiler Air PreheaterA,HP Boiler Air Preheater,Flue Inlet Temperature,degC,,,,,,,5,Steam Network 1 > HP-2 Steam HeaderA > HP-2 Steam GeneratorA > HP-2 Fuel Fired BoilerA,HP Boiler Air PreheaterA,boiler_fired,False,False,False
dd5bcaf8-f8f8-55ee-25fb-0a9025a39f16,12803c04-a19b-ed84-1c1a-a610b31bd180,Steam Network 1 > HP-2 Steam HeaderA > HP-2 Steam GeneratorA > HP-2 Fuel Fired BoilerA > HP Boiler Air PreheaterA,HP Boiler Air Preheater,Flue Outlet Temperature,degC,,,,,,,5,Steam Network 1 > HP-2 Steam HeaderA > HP-2 Steam GeneratorA > HP-2 Fuel Fired BoilerA,HP Boiler Air PreheaterA,boiler_fired,False,False,False
dd5bcaf8-f8f8-55ee-25fb-0a9025a39f16,e7090c55-6ea0-7dbd-37d3-9bc189a971e8,Steam Network 1 > HP-2 Steam HeaderA > HP-2 Steam GeneratorA > HP-2 Fuel Fired BoilerA > HP Boiler Air PreheaterA,HP Boiler Air Preheater,Leakage,,,,,,,,5,Steam Network 1 > HP-2 Steam HeaderA > HP-2 Steam GeneratorA > HP-2 Fuel Fired BoilerA,HP Boiler Air PreheaterA,boiler_fired,False,False,False
116775a3-b61f-878d-45c1-bfc7a778f22e,1d291726-854b-91ec-ae1f-dd08986286ca,Steam Network 1 > HP-2 Steam HeaderA > HP-2 Steam GeneratorA > HP-2 Fuel Fired BoilerA > HP Boiler BFW SystemA > HP Boiler BFW PumpA,HP Boiler BFW Pump,Bearing Temperature,,UN.UO.71TI1016A.PV,,,,,,6,Steam Network 1 > HP-2 Steam HeaderA > HP-2 Steam GeneratorA > HP-2 Fuel Fired BoilerA > HP Boiler BFW SystemA,HP Boiler BFW PumpA,boiler_fired,True,False,False
116775a3-b61f-878d-45c1-bfc7a778f22e,373bf428-2518-49e4-f5c4-dba01223bdcc,Steam Network 1 > HP-2 Steam HeaderA > HP-2 Steam GeneratorA > HP-2 Fuel Fired BoilerA > HP Boiler BFW SystemA > HP Boiler BFW PumpA,HP Boiler BFW Pump,Discharge Flow,metric_ton/h,,,,,,,6,Steam Network 1 > HP-2 Steam HeaderA > HP-2 Steam GeneratorA > HP-2 Fuel Fired BoilerA > HP Boiler BFW SystemA,HP Boiler BFW PumpA,boiler_fired,False,False,False
116775a3-b61f-878d-45c1-bfc7a778f22e,cd73fc3f-9867-b357-d123-c66955144f68,Steam Network 1 > HP-2 Steam HeaderA > HP-2 Steam GeneratorA > HP-2 Fuel Fired BoilerA > HP Boiler BFW SystemA > HP Boiler BFW PumpA,HP Boiler BFW Pump,Discharge Pressure,bar,UN.UO.71PI1021A.PV,UN.UO.71PI1021A.PV,,,,,6,Steam Network 1 > HP-2 Steam HeaderA > HP-2 Steam GeneratorA > HP-2 Fuel Fired BoilerA > HP Boiler BFW SystemA,HP Boiler BFW PumpA,boiler_fired,True,False,False
116775a3-b61f-878d-45c1-bfc7a778f22e,0a6df57a-fca9-ce5c-6096-63d8f6c43b26,Steam Network 1 > HP-2 Steam HeaderA > HP-2 Steam GeneratorA > HP-2 Fuel Fired BoilerA > HP Boiler BFW SystemA > HP Boiler BFW PumpA,HP Boiler BFW Pump,Driver Steam Flow,metric_ton/h,,,,,,,6,Steam Network 1 > HP-2 Steam HeaderA > HP-2 Steam GeneratorA > HP-2 Fuel Fired BoilerA > HP Boiler BFW SystemA,HP Boiler BFW PumpA,boiler_fired,False,False,False
116775a3-b61f-878d-45c1-bfc7a778f22e,3331ffd7-53e6-7faf-5d43-8cf960d78078,Steam Network 1 > HP-2 Steam HeaderA > HP-2 Steam GeneratorA > HP-2 Fuel Fired BoilerA > HP Boiler BFW SystemA > HP Boiler BFW PumpA,HP Boiler BFW Pump,Exhaust Pressure,bar,,,,,,,6,Steam Network 1 > HP-2 Steam HeaderA > HP-2 Steam GeneratorA > HP-2 Fuel Fired BoilerA > HP Boiler BFW SystemA,HP Boiler BFW PumpA,boiler_fired,False,False,False
116775a3-b61f-878d-45c1-bfc7a778f22e,13369aa2-99fb-aa36-bf0a-322c8acd3094,Steam Network 1 > HP-2 Steam HeaderA > HP-2 Steam GeneratorA > HP-2 Fuel Fired BoilerA > HP Boiler BFW SystemA > HP Boiler BFW PumpA,HP Boiler BFW Pump,Exhaust Temperature,degC,,,,,,,6,Steam Network 1 > HP-2 Steam HeaderA > HP-2 Steam GeneratorA > HP-2 Fuel Fired BoilerA > HP Boiler BFW SystemA,HP Boiler BFW PumpA,boiler_fired,False,False,False
116775a3-b61f-878d-45c1-bfc7a778f22e,bb3f571b-65e1-a64b-23c5-06e9dedef150,Steam Network 1 > HP-2 Steam HeaderA > HP-2 Steam GeneratorA > HP-2 Fuel Fired BoilerA > HP Boiler BFW SystemA > HP Boiler BFW PumpA,HP Boiler BFW Pump,Inlet Steam Pressure,bar,,,,,,,6,Steam Network 1 > HP-2 Steam HeaderA > HP-2 Steam GeneratorA > HP-2 Fuel Fired BoilerA > HP Boiler BFW SystemA,HP Boiler BFW PumpA,boiler_fired,False,False,False
116775a3-b61f-878d-45c1-bfc7a778f22e,9bb4ccde-6482-0ae2-4659-87fcff36c63c,Steam Network 1 > HP-2 Steam HeaderA > HP-2 Steam GeneratorA > HP-2 Fuel Fired BoilerA > HP Boiler BFW SystemA > HP Boiler BFW PumpA,HP Boiler BFW Pump,Inlet Steam Temperature,degC,,,,,,,6,Steam Network 1 > HP-2 Steam HeaderA > HP-2 Steam GeneratorA > HP-2 Fuel Fired BoilerA > HP Boiler BFW SystemA,HP Boiler BFW PumpA,boiler_fired,False,False,False
116775a3-b61f-878d-45c1-bfc7a778f22e,80a542f2-4c3c-583a-7d2c-5ad4cc991ac8,Steam Network 1 > HP-2 Steam HeaderA > HP-2 Steam GeneratorA > HP-2 Fuel Fired BoilerA > HP Boiler BFW SystemA > HP Boiler BFW PumpA,HP Boiler BFW Pump,Motor Current,A,UN.UO.71II1001.PV,,,,,,6,Steam Network 1 > HP-2 Steam HeaderA > HP-2 Steam GeneratorA > HP-2 Fuel Fired BoilerA > HP Boiler BFW SystemA,HP Boiler BFW PumpA,boiler_fired,True,False,False
116775a3-b61f-878d-45c1-bfc7a778f22e,ce496dd8-6d3d-c750-afcd-3b80a374aa88,Steam Network 1 > HP-2 Steam HeaderA > HP-2 Steam GeneratorA > HP-2 Fuel Fired BoilerA > HP Boiler BFW SystemA > HP Boiler BFW PumpA,HP Boiler BFW Pump,Power Output,kW,,,,,,,6,Steam Network 1 > HP-2 Steam HeaderA > HP-2 Steam GeneratorA > HP-2 Fuel Fired BoilerA > HP Boiler BFW SystemA,HP Boiler BFW PumpA,boiler_fired,False,False,False
116775a3-b61f-878d-45c1-bfc7a778f22e,b6b5e28b-cad1-be7d-d66d-c7df7c645cf6,Steam Network 1 > HP-2 Steam HeaderA > HP-2 Steam GeneratorA > HP-2 Fuel Fired BoilerA > HP Boiler BFW SystemA > HP Boiler BFW PumpA,HP Boiler BFW Pump,Speed,rpm,,,,,,,6,Steam Network 1 > HP-2 Steam HeaderA > HP-2 Steam GeneratorA > HP-2 Fuel Fired BoilerA > HP Boiler BFW SystemA,HP Boiler BFW PumpA,boiler_fired,False,False,False
116775a3-b61f-878d-45c1-bfc7a778f22e,5c5f3c8c-b4ba-fad0-7c39-e9c0e8e5c65c,Steam Network 1 > HP-2 Steam HeaderA > HP-2 Steam GeneratorA > HP-2 Fuel Fired BoilerA > HP Boiler BFW SystemA > HP Boiler BFW PumpA,HP Boiler BFW Pump,Suction Pressure,bar,,,,,,,6,Steam Network 1 > HP-2 Steam HeaderA > HP-2 Steam GeneratorA > HP-2 Fuel Fired BoilerA > HP Boiler BFW SystemA,HP Boiler BFW PumpA,boiler_fired,False,False,False
116775a3-b61f-878d-45c1-bfc7a778f22e,29c912d6-403d-1cec-806a-c54869f40e3a,Steam Network 1 > HP-2 Steam HeaderA > HP-2 Steam GeneratorA > HP-2 Fuel Fired BoilerA > HP Boiler BFW SystemA > HP Boiler BFW PumpA,HP Boiler BFW Pump,Vibration,,UN.UO.71VI1002A.PV,,,,,,6,Steam Network 1 > HP-2 Steam HeaderA > HP-2 Steam GeneratorA > HP-2 Fuel Fired BoilerA > HP Boiler BFW SystemA,HP Boiler BFW PumpA,boiler_fired,True,False,False
116775a3-b61f-878d-45c1-bfc7a778f22e,91536361-403c-8ca7-f27a-e047d16fefc6,Steam Network 1 > HP-2 Steam HeaderA > HP-2 Steam GeneratorA > HP-2 Fuel Fired BoilerA > HP Boiler BFW SystemA > HP Boiler BFW PumpA,HP Boiler BFW Pump,Wetness Fraction,,,,,,,,6,Steam Network 1 > HP-2 Steam HeaderA > HP-2 Steam GeneratorA > HP-2 Fuel Fired BoilerA > HP Boiler BFW SystemA,HP Boiler BFW PumpA,boiler_fired,False,False,False
c9209804-3845-84ae-5b9d-62b8f1651caa,dea3f030-7abb-0606-6288-c120a418f636,Steam Network 1 > HP-2 Steam HeaderA > HP-2 Steam GeneratorA > HP-2 Fuel Fired BoilerA > HP Boiler BFW SystemA,HP Boiler BFW System,BFW Header Pressure,bar,UN.UO.71PI1021A.PV,,,,,,5,Steam Network 1 > HP-2 Steam HeaderA > HP-2 Steam GeneratorA > HP-2 Fuel Fired BoilerA,HP Boiler BFW SystemA,boiler_fired,True,False,False
c9209804-3845-84ae-5b9d-62b8f1651caa,53671fa9-aad4-9651-4222-0a79f9b389f8,Steam Network 1 > HP-2 Steam HeaderA > HP-2 Steam GeneratorA > HP-2 Fuel Fired BoilerA > HP Boiler BFW SystemA,HP Boiler BFW System,BFW Header Temperature,degC,UN.UO.71TI1079.PV,,,,,,5,Steam Network 1 > HP-2 Steam HeaderA > HP-2 Steam GeneratorA > HP-2 Fuel Fired BoilerA,HP Boiler BFW SystemA,boiler_fired,True,False,False
c9209804-3845-84ae-5b9d-62b8f1651caa,d24b6bc0-746e-5e60-da58-e800a62535a0,Steam Network 1 > HP-2 Steam HeaderA > HP-2 Steam GeneratorA > HP-2 Fuel Fired BoilerA > HP Boiler BFW SystemA,HP Boiler BFW System,BFW Inlet Flow,metric_ton/h,UN.UO.71FC1103.PV,,,,,,5,Steam Network 1 > HP-2 Steam HeaderA > HP-2 Steam GeneratorA > HP-2 Fuel Fired BoilerA,HP Boiler BFW SystemA,boiler_fired,True,False,False
c9209804-3845-84ae-5b9d-62b8f1651caa,27a3278d-3b6f-f2e1-b6ec-0ced1cccd56c,Steam Network 1 > HP-2 Steam HeaderA > HP-2 Steam GeneratorA > HP-2 Fuel Fired BoilerA > HP Boiler BFW SystemA,HP Boiler BFW System,BFW Quality (Conductivity),,UN.UO.71AI1005B.PV,,,,,,5,Steam Network 1 > HP-2 Steam HeaderA > HP-2 Steam GeneratorA > HP-2 Fuel Fired BoilerA,HP Boiler BFW SystemA,boiler_fired,True,False,False
f4a4efc7-496c-d425-d95b-73c3bdc83be2,af674471-7330-7041-4f59-d0b1dc573430,Steam Network 1 > HP-2 Steam HeaderA > HP-2 Steam GeneratorA > HP-2 Fuel Fired BoilerA > HP Boiler Blowdown SystemA,HP Boiler Blowdown System,Blowdown Conductivity,,UN.UO.71AC1101.PV,,,,,,5,Steam Network 1 > HP-2 Steam HeaderA > HP-2 Steam GeneratorA > HP-2 Fuel Fired BoilerA,HP Boiler Blowdown SystemA,boiler_fired,True,False,False
f4a4efc7-496c-d425-d95b-73c3bdc83be2,a9ddd646-ab47-52ea-82d2-47fc029a84ac,Steam Network 1 > HP-2 Steam HeaderA > HP-2 Steam GeneratorA > HP-2 Fuel Fired BoilerA > HP Boiler Blowdown SystemA,HP Boiler Blowdown System,Blowdown Flow Conroller Opening,percent,,,,,,,5,Steam Network 1 > HP-2 Steam HeaderA > HP-2 Steam GeneratorA > HP-2 Fuel Fired BoilerA,HP Boiler Blowdown SystemA,boiler_fired,False,False,False
f4a4efc7-496c-d425-d95b-73c3bdc83be2,d4061aaf-cf99-953b-de87-01551b9f8f94,Steam Network 1 > HP-2 Steam HeaderA > HP-2 Steam GeneratorA > HP-2 Fuel Fired BoilerA > HP Boiler Blowdown SystemA,HP Boiler Blowdown System,Blowdown TDS,,,,,,,,5,Steam Network 1 > HP-2 Steam HeaderA > HP-2 Steam GeneratorA > HP-2 Fuel Fired BoilerA,HP Boiler Blowdown SystemA,boiler_fired,False,False,False
f4a4efc7-496c-d425-d95b-73c3bdc83be2,d6e3a4c1-65cc-9bcb-aa10-800bb32f3f0a,Steam Network 1 > HP-2 Steam HeaderA > HP-2 Steam GeneratorA > HP-2 Fuel Fired BoilerA > HP Boiler Blowdown SystemA,HP Boiler Blowdown System,Continuous Blowdown Flow,metric_ton/h,UN.UO.71FC1100.PV,,,,,,5,Steam Network 1 > HP-2 Steam HeaderA > HP-2 Steam GeneratorA > HP-2 Fuel Fired BoilerA,HP Boiler Blowdown SystemA,boiler_fired,True,False,False
f4a4efc7-496c-d425-d95b-73c3bdc83be2,abb9b0b7-9496-ba63-aa6e-4cc53f2f0ad4,Steam Network 1 > HP-2 Steam HeaderA > HP-2 Steam GeneratorA > HP-2 Fuel Fired BoilerA > HP Boiler Blowdown SystemA,HP Boiler Blowdown System,Flash Drum Pressure,bar,,,,,,,5,Steam Network 1 > HP-2 Steam HeaderA > HP-2 Steam GeneratorA > HP-2 Fuel Fired BoilerA,HP Boiler Blowdown SystemA,boiler_fired,False,False,False
f4a4efc7-496c-d425-d95b-73c3bdc83be2,894b3206-f715-36ee-64f3-c5947e5e04e8,Steam Network 1 > HP-2 Steam HeaderA > HP-2 Steam GeneratorA > HP-2 Fuel Fired BoilerA > HP Boiler Blowdown SystemA,HP Boiler Blowdown System,Flash Steam Flow,metric_ton/h,,,,,,,5,Steam Network 1 > HP-2 Steam HeaderA > HP-2 Steam GeneratorA > HP-2 Fuel Fired BoilerA,HP Boiler Blowdown SystemA,boiler_fired,False,False,False
f4a4efc7-496c-d425-d95b-73c3bdc83be2,0c8796a5-ab10-416b-4b3b-dbf7a797d7ce,Steam Network 1 > HP-2 Steam HeaderA > HP-2 Steam GeneratorA > HP-2 Fuel Fired BoilerA > HP Boiler Blowdown SystemA,HP Boiler Blowdown System,Intermittent Blowdown Flow,metric_ton/h,,,,,,,5,Steam Network 1 > HP-2 Steam HeaderA > HP-2 Steam GeneratorA > HP-2 Fuel Fired BoilerA,HP Boiler Blowdown SystemA,boiler_fired,False,False,False
562d507e-15c6-8300-c7a4-7a0043ebd37e,aa6abd87-d9d7-3bf7-a20b-fa4173bd8670,Steam Network 1 > HP-2 Steam HeaderA > HP-2 Steam GeneratorA > HP-2 Fuel Fired BoilerA > HP Boiler Combustion SystemA > HP Boiler BurnerA,HP Boiler Burner,Burner Air Flow,,,,,,,,6,Steam Network 1 > HP-2 Steam HeaderA > HP-2 Steam GeneratorA > HP-2 Fuel Fired BoilerA > HP Boiler Combustion SystemA,HP Boiler BurnerA,boiler_fired,False,False,False
562d507e-15c6-8300-c7a4-7a0043ebd37e,8bc18dcf-c8b1-f5ad-72a2-efe343707862,Steam Network 1 > HP-2 Steam HeaderA > HP-2 Steam GeneratorA > HP-2 Fuel Fired BoilerA > HP Boiler Combustion SystemA > HP Boiler BurnerA,HP Boiler Burner,Burner Backpressure,bar,,,,,,,6,Steam Network 1 > HP-2 Steam HeaderA > HP-2 Steam GeneratorA > HP-2 Fuel Fired BoilerA > HP Boiler Combustion SystemA,HP Boiler BurnerA,boiler_fired,False,False,False
562d507e-15c6-8300-c7a4-7a0043ebd37e,36a7b6b5-b30c-2bbb-37ae-dd3785ab9d0e,Steam Network 1 > HP-2 Steam HeaderA > HP-2 Steam GeneratorA > HP-2 Fuel Fired BoilerA > HP Boiler Combustion SystemA > HP Boiler BurnerA,HP Boiler Burner,Burner Fuel Flow,m³/h,,,,,,,6,Steam Network 1 > HP-2 Steam HeaderA > HP-2 Steam GeneratorA > HP-2 Fuel Fired BoilerA > HP Boiler Combustion SystemA,HP Boiler BurnerA,boiler_fired,False,False,False
562d507e-15c6-8300-c7a4-7a0043ebd37e,a093efe0-01b3-02f4-ce80-6180a120ed14,Steam Network 1 > HP-2 Steam HeaderA > HP-2 Steam GeneratorA > HP-2 Fuel Fired BoilerA > HP Boiler Combustion SystemA > HP Boiler BurnerA,HP Boiler Burner,Flame Status,,,,,,,,6,Steam Network 1 > HP-2 Steam HeaderA > HP-2 Steam GeneratorA > HP-2 Fuel Fired BoilerA > HP Boiler Combustion SystemA,HP Boiler BurnerA,boiler_fired,False,False,False
562d507e-15c6-8300-c7a4-7a0043ebd37e,ecb8a8bb-13d3-4899-5cf2-6fc3ff6be022,Steam Network 1 > HP-2 Steam HeaderA > HP-2 Steam GeneratorA > HP-2 Fuel Fired BoilerA > HP Boiler Combustion SystemA > HP Boiler BurnerA,HP Boiler Burner,Pilot Status,,,,,,,,6,Steam Network 1 > HP-2 Steam HeaderA > HP-2 Steam GeneratorA > HP-2 Fuel Fired BoilerA > HP Boiler Combustion SystemA,HP Boiler BurnerA,boiler_fired,False,False,False
02f11626-f0f3-b0e6-09e6-0624f202a6c0,f7b88897-1351-b71f-55c3-7b49e4e93f88,Steam Network 1 > HP-2 Steam HeaderA > HP-2 Steam GeneratorA > HP-2 Fuel Fired BoilerA > HP Boiler Combustion SystemA,HP Boiler Combustion System,Atomizing Steam Flow,metric_ton/h,,,,,,,5,Steam Network 1 > HP-2 Steam HeaderA > HP-2 Steam GeneratorA > HP-2 Fuel Fired BoilerA,HP Boiler Combustion SystemA,boiler_fired,False,False,False
02f11626-f0f3-b0e6-09e6-0624f202a6c0,7c77936d-c499-f42f-629c-f503b8ee6742,Steam Network 1 > HP-2 Steam HeaderA > HP-2 Steam GeneratorA > HP-2 Fuel Fired BoilerA > HP Boiler Combustion SystemA,HP Boiler Combustion System,Burner Header Pressure,bar,,,,,,,5,Steam Network 1 > HP-2 Steam HeaderA > HP-2 Steam GeneratorA > HP-2 Fuel Fired BoilerA,HP Boiler Combustion SystemA,boiler_fired,False,False,False
02f11626-f0f3-b0e6-09e6-0624f202a6c0,c059b4f9-6197-2a41-a656-cd39a1ce9eb8,Steam Network 1 > HP-2 Steam HeaderA > HP-2 Steam GeneratorA > HP-2 Fuel Fired BoilerA > HP Boiler Combustion SystemA,HP Boiler Combustion System,Excess O2 Setpoint,vol%,,,,,,,5,Steam Network 1 > HP-2 Steam HeaderA > HP-2 Steam GeneratorA > HP-2 Fuel Fired BoilerA,HP Boiler Combustion SystemA,boiler_fired,False,False,False
02f11626-f0f3-b0e6-09e6-0624f202a6c0,0be23616-bca2-b038-8096-f4d0b740862e,Steam Network 1 > HP-2 Steam HeaderA > HP-2 Steam GeneratorA > HP-2 Fuel Fired BoilerA > HP Boiler Combustion SystemA,HP Boiler Combustion System,Pilot Gas Flow,metric_ton/h,,,,,,,5,Steam Network 1 > HP-2 Steam HeaderA > HP-2 Steam GeneratorA > HP-2 Fuel Fired BoilerA,HP Boiler Combustion SystemA,boiler_fired,False,False,False
02f11626-f0f3-b0e6-09e6-0624f202a6c0,5bb3331c-54d5-d9ac-3905-12d00f66eab0,Steam Network 1 > HP-2 Steam HeaderA > HP-2 Steam GeneratorA > HP-2 Fuel Fired BoilerA > HP Boiler Combustion SystemA,HP Boiler Combustion System,Total Combustion Air Flow,,,,,,,,5,Steam Network 1 > HP-2 Steam HeaderA > HP-2 Steam GeneratorA > HP-2 Fuel Fired BoilerA,HP Boiler Combustion SystemA,boiler_fired,False,False,False
526557b5-5483-2b3d-ed80-4d2106e67c88,2e3ded9a-57c3-32b6-4abc-ff7c79fedf2c,Steam Network 1 > HP-2 Steam HeaderA > HP-2 Steam GeneratorA > HP-2 Fuel Fired BoilerA > HP Boiler Convection SectionA,HP Boiler Convection Section,Draft at Arch,,,,,,,,5,Steam Network 1 > HP-2 Steam HeaderA > HP-2 Steam GeneratorA > HP-2 Fuel Fired BoilerA,HP Boiler Convection SectionA,boiler_fired,False,False,False
526557b5-5483-2b3d-ed80-4d2106e67c88,27e8230a-b66a-6fe8-6fb5-171091824ce2,Steam Network 1 > HP-2 Steam HeaderA > HP-2 Steam GeneratorA > HP-2 Fuel Fired BoilerA > HP Boiler Convection SectionA,HP Boiler Convection Section,Flue Inlet Temperature,degC,,,,,,,5,Steam Network 1 > HP-2 Steam HeaderA > HP-2 Steam GeneratorA > HP-2 Fuel Fired BoilerA,HP Boiler Convection SectionA,boiler_fired,False,False,False
526557b5-5483-2b3d-ed80-4d2106e67c88,3e4ea1c1-31c3-d033-741a-09730f8d71f2,Steam Network 1 > HP-2 Steam HeaderA > HP-2 Steam GeneratorA > HP-2 Fuel Fired BoilerA > HP Boiler Convection SectionA,HP Boiler Convection Section,Flue Outlet Temperature,degC,,,,,,,5,Steam Network 1 > HP-2 Steam HeaderA > HP-2 Steam GeneratorA > HP-2 Fuel Fired BoilerA,HP Boiler Convection SectionA,boiler_fired,False,False,False
f5bc13cd-5911-c375-27a7-33b1acadd0b8,437c0d08-c8c5-57ca-af78-00508bb95ac2,Steam Network 1 > HP-2 Steam HeaderA > HP-2 Steam GeneratorA > HP-2 Fuel Fired BoilerA > HP Boiler SuperheaterA > HP Boiler DesuperheaterA,HP Boiler Desuperheater,Inlet Steam Temperature,degC,UN.UO.71TI1106.PV,,,,,,6,Steam Network 1 > HP-2 Steam HeaderA > HP-2 Steam GeneratorA > HP-2 Fuel Fired BoilerA > HP Boiler SuperheaterA,HP Boiler DesuperheaterA,boiler_fired,True,False,False
f5bc13cd-5911-c375-27a7-33b1acadd0b8,8ee860df-9a7a-eea5-761b-c1bb14928e7a,Steam Network 1 > HP-2 Steam HeaderA > HP-2 Steam GeneratorA > HP-2 Fuel Fired BoilerA > HP Boiler SuperheaterA > HP Boiler DesuperheaterA,HP Boiler Desuperheater,Outlet Steam Setpoint,,,,,,,,6,Steam Network 1 > HP-2 Steam HeaderA > HP-2 Steam GeneratorA > HP-2 Fuel Fired BoilerA > HP Boiler SuperheaterA,HP Boiler DesuperheaterA,boiler_fired,False,False,False
f5bc13cd-5911-c375-27a7-33b1acadd0b8,d8ce8963-da56-6c8d-00f9-6f870298e5ee,Steam Network 1 > HP-2 Steam HeaderA > HP-2 Steam GeneratorA > HP-2 Fuel Fired BoilerA > HP Boiler SuperheaterA > HP Boiler DesuperheaterA,HP Boiler Desuperheater,Outlet Steam Temperature,degC,UN.UO.71TC1111.PV,,,,,,6,Steam Network 1 > HP-2 Steam HeaderA > HP-2 Steam GeneratorA > HP-2 Fuel Fired BoilerA > HP Boiler SuperheaterA,HP Boiler DesuperheaterA,boiler_fired,True,False,False
f5bc13cd-5911-c375-27a7-33b1acadd0b8,f3a56cc3-d9c9-90f5-ea99-c69f2a6cfc36,Steam Network 1 > HP-2 Steam HeaderA > HP-2 Steam GeneratorA > HP-2 Fuel Fired BoilerA > HP Boiler SuperheaterA > HP Boiler DesuperheaterA,HP Boiler Desuperheater,Spray Valve Opening,percent,,,,,,,6,Steam Network 1 > HP-2 Steam HeaderA > HP-2 Steam GeneratorA > HP-2 Fuel Fired BoilerA > HP Boiler SuperheaterA,HP Boiler DesuperheaterA,boiler_fired,False,False,False
f5bc13cd-5911-c375-27a7-33b1acadd0b8,73d6027c-d27e-4bf0-3c64-a840a1a8498c,Steam Network 1 > HP-2 Steam HeaderA > HP-2 Steam GeneratorA > HP-2 Fuel Fired BoilerA > HP Boiler SuperheaterA > HP Boiler DesuperheaterA,HP Boiler Desuperheater,Spray Water Flow,,UN.UO.71FI1102.PV,,,,,,6,Steam Network 1 > HP-2 Steam HeaderA > HP-2 Steam GeneratorA > HP-2 Fuel Fired BoilerA > HP Boiler SuperheaterA,HP Boiler DesuperheaterA,boiler_fired,True,False,False
7550b847-c2c2-989f-3e5a-9c19b79220d8,3e04eea5-9b6d-3483-4040-a26fa569da26,Steam Network 1 > HP-2 Steam HeaderA > HP-2 Steam GeneratorA > HP-2 Fuel Fired BoilerA > HP Boiler EconomizerA,HP Boiler Economizer,BFW Inlet Temperature,degC,UN.UO.71TI1110.PV,,,,,,5,Steam Network 1 > HP-2 Steam HeaderA > HP-2 Steam GeneratorA > HP-2 Fuel Fired BoilerA,HP Boiler EconomizerA,boiler_fired,True,False,False
7550b847-c2c2-989f-3e5a-9c19b79220d8,ebcb4986-4b2a-3a9a-38ee-969ca0e1731c,Steam Network 1 > HP-2 Steam HeaderA > HP-2 Steam GeneratorA > HP-2 Fuel Fired BoilerA > HP Boiler EconomizerA,HP Boiler Economizer,BFW Outlet Temperature,degC,UN.UO.71TI1102.PV,,,,,,5,Steam Network 1 > HP-2 Steam HeaderA > HP-2 Steam GeneratorA > HP-2 Fuel Fired BoilerA,HP Boiler EconomizerA,boiler_fired,True,False,False
7550b847-c2c2-989f-3e5a-9c19b79220d8,3b143e38-d375-5d62-8ff2-2970e861635a,Steam Network 1 > HP-2 Steam HeaderA > HP-2 Steam GeneratorA > HP-2 Fuel Fired BoilerA > HP Boiler EconomizerA,HP Boiler Economizer,Flue Inlet Temperature,degC,,,,,,,5,Steam Network 1 > HP-2 Steam HeaderA > HP-2 Steam GeneratorA > HP-2 Fuel Fired BoilerA,HP Boiler EconomizerA,boiler_fired,False,False,False
7550b847-c2c2-989f-3e5a-9c19b79220d8,90a5ec53-6458-22d5-0bf8-a70ff4fdce86,Steam Network 1 > HP-2 Steam HeaderA > HP-2 Steam GeneratorA > HP-2 Fuel Fired BoilerA > HP Boiler EconomizerA,HP Boiler Economizer,Flue Outlet Temperature,degC,,,,,,,5,Steam Network 1 > HP-2 Steam HeaderA > HP-2 Steam GeneratorA > HP-2 Fuel Fired BoilerA,HP Boiler EconomizerA,boiler_fired,False,False,False
1c4b2ba2-b423-d036-ea74-d42ca868fb94,7822f026-4c3a-314a-1aac-b0fc3418c16c,Steam Network 1 > HP-2 Steam HeaderA > HP-2 Steam GeneratorA > HP-2 Fuel Fired BoilerA > HP Boiler Evaporator SectionA,HP Boiler Evaporator Section,Inlet Gas Temperature,degC,,,,,,,5,Steam Network 1 > HP-2 Steam HeaderA > HP-2 Steam GeneratorA > HP-2 Fuel Fired BoilerA,HP Boiler Evaporator SectionA,boiler_fired,False,False,False
1c4b2ba2-b423-d036-ea74-d42ca868fb94,e16955b7-9a83-c309-1ba3-686f7bea96be,Steam Network 1 > HP-2 Steam HeaderA > HP-2 Steam GeneratorA > HP-2 Fuel Fired BoilerA > HP Boiler Evaporator SectionA,HP Boiler Evaporator Section,Outlet Gas Temperature,degC,,,,,,,5,Steam Network 1 > HP-2 Steam HeaderA > HP-2 Steam GeneratorA > HP-2 Fuel Fired BoilerA,HP Boiler Evaporator SectionA,boiler_fired,False,False,False
1c4b2ba2-b423-d036-ea74-d42ca868fb94,398c0d25-c207-ad45-8da4-8bf9fb8ba060,Steam Network 1 > HP-2 Steam HeaderA > HP-2 Steam GeneratorA > HP-2 Fuel Fired BoilerA > HP Boiler Evaporator SectionA,HP Boiler Evaporator Section,Steam Generation,metric_ton/h,,,,,,,5,Steam Network 1 > HP-2 Steam HeaderA > HP-2 Steam GeneratorA > HP-2 Fuel Fired BoilerA,HP Boiler Evaporator SectionA,boiler_fired,False,False,False
1c4b2ba2-b423-d036-ea74-d42ca868fb94,40c37f8b-4b3d-a5c1-f1b6-becb0bfeda4a,Steam Network 1 > HP-2 Steam HeaderA > HP-2 Steam GeneratorA > HP-2 Fuel Fired BoilerA > HP Boiler Evaporator SectionA,HP Boiler Evaporator Section,Tube Differential Pressure,,,,,,,,5,Steam Network 1 > HP-2 Steam HeaderA > HP-2 Steam GeneratorA > HP-2 Fuel Fired BoilerA,HP Boiler Evaporator SectionA,boiler_fired,False,False,False
d1930169-0521-35bb-c135-c4b3d4b234d2,e56f03ec-c697-d3ba-0b18-5d7823f8d056,Steam Network 1 > HP-2 Steam HeaderA > HP-2 Steam GeneratorA > HP-2 Fuel Fired BoilerA > HP Boiler Combustion SystemA > HP Boiler FD FanA,HP Boiler FD Fan,Bearing Temperature,degC,,,,,,,6,Steam Network 1 > HP-2 Steam HeaderA > HP-2 Steam GeneratorA > HP-2 Fuel Fired BoilerA > HP Boiler Combustion SystemA,HP Boiler FD FanA,boiler_fired,False,False,False
d1930169-0521-35bb-c135-c4b3d4b234d2,15fa5eb9-fb08-e58d-6a69-a8e5eef2bb34,Steam Network 1 > HP-2 Steam HeaderA > HP-2 Steam GeneratorA > HP-2 Fuel Fired BoilerA > HP Boiler Combustion SystemA > HP Boiler FD FanA,HP Boiler FD Fan,Discharge Pressure,bar,,,,,,,6,Steam Network 1 > HP-2 Steam HeaderA > HP-2 Steam GeneratorA > HP-2 Fuel Fired BoilerA > HP Boiler Combustion SystemA,HP Boiler FD FanA,boiler_fired,False,False,False
d1930169-0521-35bb-c135-c4b3d4b234d2,ad02b8d1-8c42-3ed5-8de8-63e521408604,Steam Network 1 > HP-2 Steam HeaderA > HP-2 Steam GeneratorA > HP-2 Fuel Fired BoilerA > HP Boiler Combustion SystemA > HP Boiler FD FanA,HP Boiler FD Fan,Exhaust Pressure,bar,,,,,,,6,Steam Network 1 > HP-2 Steam HeaderA > HP-2 Steam GeneratorA > HP-2 Fuel Fired BoilerA > HP Boiler Combustion SystemA,HP Boiler FD FanA,boiler_fired,False,False,False
d1930169-0521-35bb-c135-c4b3d4b234d2,db7c8768-db47-ec04-c09d-fda0003b6b6c,Steam Network 1 > HP-2 Steam HeaderA > HP-2 Steam GeneratorA > HP-2 Fuel Fired BoilerA > HP Boiler Combustion SystemA > HP Boiler FD FanA,HP Boiler FD Fan,Exhaust Temperature,degC,,,,,,,6,Steam Network 1 > HP-2 Steam HeaderA > HP-2 Steam GeneratorA > HP-2 Fuel Fired BoilerA > HP Boiler Combustion SystemA,HP Boiler FD FanA,boiler_fired,False,False,False
d1930169-0521-35bb-c135-c4b3d4b234d2,3add6f85-05cd-01d7-33e9-2db33f106e52,Steam Network 1 > HP-2 Steam HeaderA > HP-2 Steam GeneratorA > HP-2 Fuel Fired BoilerA > HP Boiler Combustion SystemA > HP Boiler FD FanA,HP Boiler FD Fan,Inlet Damper Opening,percent,,,,,,,6,Steam Network 1 > HP-2 Steam HeaderA > HP-2 Steam GeneratorA > HP-2 Fuel Fired BoilerA > HP Boiler Combustion SystemA,HP Boiler FD FanA,boiler_fired,False,False,False
d1930169-0521-35bb-c135-c4b3d4b234d2,d88fd5fe-6b7d-0b3e-480d-bd84b3f2dec0,Steam Network 1 > HP-2 Steam HeaderA > HP-2 Steam GeneratorA > HP-2 Fuel Fired BoilerA > HP Boiler Combustion SystemA > HP Boiler FD FanA,HP Boiler FD Fan,Inlet Steam Flow,metric_ton/h,,,,,,,6,Steam Network 1 > HP-2 Steam HeaderA > HP-2 Steam GeneratorA > HP-2 Fuel Fired BoilerA > HP Boiler Combustion SystemA,HP Boiler FD FanA,boiler_fired,False,False,False
d1930169-0521-35bb-c135-c4b3d4b234d2,fbb70315-d5e7-2911-4798-91652e502a04,Steam Network 1 > HP-2 Steam HeaderA > HP-2 Steam GeneratorA > HP-2 Fuel Fired BoilerA > HP Boiler Combustion SystemA > HP Boiler FD FanA,HP Boiler FD Fan,Inlet Steam Pressure,bar,,,,,,,6,Steam Network 1 > HP-2 Steam HeaderA > HP-2 Steam GeneratorA > HP-2 Fuel Fired BoilerA > HP Boiler Combustion SystemA,HP Boiler FD FanA,boiler_fired,False,False,False
d1930169-0521-35bb-c135-c4b3d4b234d2,c20ae6a4-56e6-4dd0-3f92-b94094ecab74,Steam Network 1 > HP-2 Steam HeaderA > HP-2 Steam GeneratorA > HP-2 Fuel Fired BoilerA > HP Boiler Combustion SystemA > HP Boiler FD FanA,HP Boiler FD Fan,Inlet Steam Temperature,degC,,,,,,,6,Steam Network 1 > HP-2 Steam HeaderA > HP-2 Steam GeneratorA > HP-2 Fuel Fired BoilerA > HP Boiler Combustion SystemA,HP Boiler FD FanA,boiler_fired,False,False,False
d1930169-0521-35bb-c135-c4b3d4b234d2,bbf5bc38-b466-5098-c309-41400f93eca0,Steam Network 1 > HP-2 Steam HeaderA > HP-2 Steam GeneratorA > HP-2 Fuel Fired BoilerA > HP Boiler Combustion SystemA > HP Boiler FD FanA,HP Boiler FD Fan,Motor Current,A,,,,,,,6,Steam Network 1 > HP-2 Steam HeaderA > HP-2 Steam GeneratorA > HP-2 Fuel Fired BoilerA > HP Boiler Combustion SystemA,HP Boiler FD FanA,boiler_fired,False,False,False
d1930169-0521-35bb-c135-c4b3d4b234d2,56df01d1-dc21-c09b-b253-d98b8afec14a,Steam Network 1 > HP-2 Steam HeaderA > HP-2 Steam GeneratorA > HP-2 Fuel Fired BoilerA > HP Boiler Combustion SystemA > HP Boiler FD FanA,HP Boiler FD Fan,Speed,rpm,,,,,,,6,Steam Network 1 > HP-2 Steam HeaderA > HP-2 Steam GeneratorA > HP-2 Fuel Fired BoilerA > HP Boiler Combustion SystemA,HP Boiler FD FanA,boiler_fired,False,False,False
d1930169-0521-35bb-c135-c4b3d4b234d2,46251f1c-4918-eb2a-7c45-ce980f3df436,Steam Network 1 > HP-2 Steam HeaderA > HP-2 Steam GeneratorA > HP-2 Fuel Fired BoilerA > HP Boiler Combustion SystemA > HP Boiler FD FanA,HP Boiler FD Fan,Vibration,,,,,,,,6,Steam Network 1 > HP-2 Steam HeaderA > HP-2 Steam GeneratorA > HP-2 Fuel Fired BoilerA > HP Boiler Combustion SystemA,HP Boiler FD FanA,boiler_fired,False,False,False
7045b32c-90a4-a638-499d-b9a0e0e11514,9162362f-8c37-2827-d686-99291d551e08,Steam Network 1 > HP-2 Steam HeaderA > HP-2 Steam GeneratorA > HP-2 Fuel Fired BoilerA > HP Boiler Combustion SystemA > HP Boiler ID FanA,HP Boiler ID Fan,Bearing Temperature,degC,,,,,,,6,Steam Network 1 > HP-2 Steam HeaderA > HP-2 Steam GeneratorA > HP-2 Fuel Fired BoilerA > HP Boiler Combustion SystemA,HP Boiler ID FanA,boiler_fired,False,False,False
7045b32c-90a4-a638-499d-b9a0e0e11514,1b865816-22f8-7236-e2e0-60a4397e2a20,Steam Network 1 > HP-2 Steam HeaderA > HP-2 Steam GeneratorA > HP-2 Fuel Fired BoilerA > HP Boiler Combustion SystemA > HP Boiler ID FanA,HP Boiler ID Fan,Discharge Pressure,bar,,,,,,,6,Steam Network 1 > HP-2 Steam HeaderA > HP-2 Steam GeneratorA > HP-2 Fuel Fired BoilerA > HP Boiler Combustion SystemA,HP Boiler ID FanA,boiler_fired,False,False,False
7045b32c-90a4-a638-499d-b9a0e0e11514,a107656e-6ebe-06a6-22d0-5954cfb963c8,Steam Network 1 > HP-2 Steam HeaderA > HP-2 Steam GeneratorA > HP-2 Fuel Fired BoilerA > HP Boiler Combustion SystemA > HP Boiler ID FanA,HP Boiler ID Fan,Exhaust Pressure,bar,,,,,,,6,Steam Network 1 > HP-2 Steam HeaderA > HP-2 Steam GeneratorA > HP-2 Fuel Fired BoilerA > HP Boiler Combustion SystemA,HP Boiler ID FanA,boiler_fired,False,False,False
7045b32c-90a4-a638-499d-b9a0e0e11514,876fb9ab-a0e7-4071-2008-b47b2788f9da,Steam Network 1 > HP-2 Steam HeaderA > HP-2 Steam GeneratorA > HP-2 Fuel Fired BoilerA > HP Boiler Combustion SystemA > HP Boiler ID FanA,HP Boiler ID Fan,Exhaust Temperature,degC,,,,,,,6,Steam Network 1 > HP-2 Steam HeaderA > HP-2 Steam GeneratorA > HP-2 Fuel Fired BoilerA > HP Boiler Combustion SystemA,HP Boiler ID FanA,boiler_fired,False,False,False
7045b32c-90a4-a638-499d-b9a0e0e11514,0d5085a2-95d4-3598-87a1-e2309884b03a,Steam Network 1 > HP-2 Steam HeaderA > HP-2 Steam GeneratorA > HP-2 Fuel Fired BoilerA > HP Boiler Combustion SystemA > HP Boiler ID FanA,HP Boiler ID Fan,Inlet Damper Opening,percent,,,,,,,6,Steam Network 1 > HP-2 Steam HeaderA > HP-2 Steam GeneratorA > HP-2 Fuel Fired BoilerA > HP Boiler Combustion SystemA,HP Boiler ID FanA,boiler_fired,False,False,False
7045b32c-90a4-a638-499d-b9a0e0e11514,cc94829b-4df8-d30f-8981-6815816c5194,Steam Network 1 > HP-2 Steam HeaderA > HP-2 Steam GeneratorA > HP-2 Fuel Fired BoilerA > HP Boiler Combustion SystemA > HP Boiler ID FanA,HP Boiler ID Fan,Inlet Steam Flow,metric_ton/h,,,,,,,6,Steam Network 1 > HP-2 Steam HeaderA > HP-2 Steam GeneratorA > HP-2 Fuel Fired BoilerA > HP Boiler Combustion SystemA,HP Boiler ID FanA,boiler_fired,False,False,False
7045b32c-90a4-a638-499d-b9a0e0e11514,ce2a1932-65ee-5cd2-6612-a304abc445e0,Steam Network 1 > HP-2 Steam HeaderA > HP-2 Steam GeneratorA > HP-2 Fuel Fired BoilerA > HP Boiler Combustion SystemA > HP Boiler ID FanA,HP Boiler ID Fan,Inlet Steam Pressure,bar,,,,,,,6,Steam Network 1 > HP-2 Steam HeaderA > HP-2 Steam GeneratorA > HP-2 Fuel Fired BoilerA > HP Boiler Combustion SystemA,HP Boiler ID FanA,boiler_fired,False,False,False
7045b32c-90a4-a638-499d-b9a0e0e11514,00c53f67-37f1-806d-c4a6-7edb3734bf0a,Steam Network 1 > HP-2 Steam HeaderA > HP-2 Steam GeneratorA > HP-2 Fuel Fired BoilerA > HP Boiler Combustion SystemA > HP Boiler ID FanA,HP Boiler ID Fan,Inlet Steam Temperature,degC,,,,,,,6,Steam Network 1 > HP-2 Steam HeaderA > HP-2 Steam GeneratorA > HP-2 Fuel Fired BoilerA > HP Boiler Combustion SystemA,HP Boiler ID FanA,boiler_fired,False,False,False
7045b32c-90a4-a638-499d-b9a0e0e11514,e1c09cbb-4b15-7d1d-43b0-102faad5e1a6,Steam Network 1 > HP-2 Steam HeaderA > HP-2 Steam GeneratorA > HP-2 Fuel Fired BoilerA > HP Boiler Combustion SystemA > HP Boiler ID FanA,HP Boiler ID Fan,Motor Current,A,,,,,,,6,Steam Network 1 > HP-2 Steam HeaderA > HP-2 Steam GeneratorA > HP-2 Fuel Fired BoilerA > HP Boiler Combustion SystemA,HP Boiler ID FanA,boiler_fired,False,False,False
7045b32c-90a4-a638-499d-b9a0e0e11514,22681554-c47b-72c0-b6eb-6700e6136794,Steam Network 1 > HP-2 Steam HeaderA > HP-2 Steam GeneratorA > HP-2 Fuel Fired BoilerA > HP Boiler Combustion SystemA > HP Boiler ID FanA,HP Boiler ID Fan,Speed,rpm,,,,,,,6,Steam Network 1 > HP-2 Steam HeaderA > HP-2 Steam GeneratorA > HP-2 Fuel Fired BoilerA > HP Boiler Combustion SystemA,HP Boiler ID FanA,boiler_fired,False,False,False
7045b32c-90a4-a638-499d-b9a0e0e11514,3822b91f-c35b-97ff-d0cc-aee1fb792ee0,Steam Network 1 > HP-2 Steam HeaderA > HP-2 Steam GeneratorA > HP-2 Fuel Fired BoilerA > HP Boiler Combustion SystemA > HP Boiler ID FanA,HP Boiler ID Fan,Vibration,,,,,,,,6,Steam Network 1 > HP-2 Steam HeaderA > HP-2 Steam GeneratorA > HP-2 Fuel Fired BoilerA > HP Boiler Combustion SystemA,HP Boiler ID FanA,boiler_fired,False,False,False
007e29ea-2b4e-9f16-7a2b-f01c2b30b6fc,a6acbeb7-5182-6a3d-fe0f-379bf72ed48a,Steam Network 1 > HP-2 Steam HeaderA > HP-2 Steam GeneratorA > HP-2 Fuel Fired BoilerA > HP Boiler Radiant SectionA,HP Boiler Radiant Section,Box Draft,,,,,,,,5,Steam Network 1 > HP-2 Steam HeaderA > HP-2 Steam GeneratorA > HP-2 Fuel Fired BoilerA,HP Boiler Radiant SectionA,boiler_fired,False,False,False
007e29ea-2b4e-9f16-7a2b-f01c2b30b6fc,1ca1af3d-e4ae-95e1-b48f-859df80f3adc,Steam Network 1 > HP-2 Steam HeaderA > HP-2 Steam GeneratorA > HP-2 Fuel Fired BoilerA > HP Boiler Radiant SectionA,HP Boiler Radiant Section,Radiant Box Temperature,degC,,,,,,,5,Steam Network 1 > HP-2 Steam HeaderA > HP-2 Steam GeneratorA > HP-2 Fuel Fired BoilerA,HP Boiler Radiant SectionA,boiler_fired,False,False,False
007e29ea-2b4e-9f16-7a2b-f01c2b30b6fc,75d9494e-4d47-e366-6b35-5f14389eaa28,Steam Network 1 > HP-2 Steam HeaderA > HP-2 Steam GeneratorA > HP-2 Fuel Fired BoilerA > HP Boiler Radiant SectionA,HP Boiler Radiant Section,Tube Skin Temperature (TMT),degC,,,,,,,5,Steam Network 1 > HP-2 Steam HeaderA > HP-2 Steam GeneratorA > HP-2 Fuel Fired BoilerA,HP Boiler Radiant SectionA,boiler_fired,False,False,False
68da110f-6ca5-56f1-49b0-191f047f47fe,5814f9dc-6b7b-133a-83ff-efd8336feae6,Steam Network 1 > HP-2 Steam HeaderA > HP-2 Steam GeneratorA > HP-2 Fuel Fired BoilerA > HP Boiler Soot Blower SystemA,HP Boiler Soot Blower System,Cycle Status,,,,,,,,5,Steam Network 1 > HP-2 Steam HeaderA > HP-2 Steam GeneratorA > HP-2 Fuel Fired BoilerA,HP Boiler Soot Blower SystemA,boiler_fired,False,False,False
68da110f-6ca5-56f1-49b0-191f047f47fe,9151a27c-a704-d6c6-10e7-53e8365574ba,Steam Network 1 > HP-2 Steam HeaderA > HP-2 Steam GeneratorA > HP-2 Fuel Fired BoilerA > HP Boiler Soot Blower SystemA,HP Boiler Soot Blower System,Last Run Time,,,,,,,,5,Steam Network 1 > HP-2 Steam HeaderA > HP-2 Steam GeneratorA > HP-2 Fuel Fired BoilerA,HP Boiler Soot Blower SystemA,boiler_fired,False,False,False
68da110f-6ca5-56f1-49b0-191f047f47fe,21ea7530-5d1d-87e8-16b6-83807cf7f2d8,Steam Network 1 > HP-2 Steam HeaderA > HP-2 Steam GeneratorA > HP-2 Fuel Fired BoilerA > HP Boiler Soot Blower SystemA,HP Boiler Soot Blower System,Soot Blower Steam Flow,metric_ton/h,,,,,,,5,Steam Network 1 > HP-2 Steam HeaderA > HP-2 Steam GeneratorA > HP-2 Fuel Fired BoilerA,HP Boiler Soot Blower SystemA,boiler_fired,False,False,False
68da110f-6ca5-56f1-49b0-191f047f47fe,cb6ab947-3a99-751b-0c5d-fd7df1f3cc5c,Steam Network 1 > HP-2 Steam HeaderA > HP-2 Steam GeneratorA > HP-2 Fuel Fired BoilerA > HP Boiler Soot Blower SystemA,HP Boiler Soot Blower System,Soot Blower Steam Pressure,,,,,,,,5,Steam Network 1 > HP-2 Steam HeaderA > HP-2 Steam GeneratorA > HP-2 Fuel Fired BoilerA,HP Boiler Soot Blower SystemA,boiler_fired,False,False,False
9db7acba-c8a5-3454-b33c-7508551298ee,6074e29b-4de0-4831-3cba-f7ab2d94aaaa,Steam Network 1 > HP-2 Steam HeaderA > HP-2 Steam GeneratorA > HP-2 Fuel Fired BoilerA > HP Boiler StackA,HP Boiler Stack,CO in Flue Gas,,,,,,,,5,Steam Network 1 > HP-2 Steam HeaderA > HP-2 Steam GeneratorA > HP-2 Fuel Fired BoilerA,HP Boiler StackA,boiler_fired,False,False,False
9db7acba-c8a5-3454-b33c-7508551298ee,65380a7a-4945-3b42-9fbe-d1742c7d3138,Steam Network 1 > HP-2 Steam HeaderA > HP-2 Steam GeneratorA > HP-2 Fuel Fired BoilerA > HP Boiler StackA,HP Boiler Stack,Flue Gas Flow,,,,,,,,5,Steam Network 1 > HP-2 Steam HeaderA > HP-2 Steam GeneratorA > HP-2 Fuel Fired BoilerA,HP Boiler StackA,boiler_fired,False,False,False
9db7acba-c8a5-3454-b33c-7508551298ee,da01c835-6649-1691-d753-f405bc48dea4,Steam Network 1 > HP-2 Steam HeaderA > HP-2 Steam GeneratorA > HP-2 Fuel Fired BoilerA > HP Boiler StackA,HP Boiler Stack,NOx Emission,,,,,,,,5,Steam Network 1 > HP-2 Steam HeaderA > HP-2 Steam GeneratorA > HP-2 Fuel Fired BoilerA,HP Boiler StackA,boiler_fired,False,False,False
9db7acba-c8a5-3454-b33c-7508551298ee,f2029972-3102-e0da-615e-6b14c30079a8,Steam Network 1 > HP-2 Steam HeaderA > HP-2 Steam GeneratorA > HP-2 Fuel Fired BoilerA > HP Boiler StackA,HP Boiler Stack,O2 in Flue Gas,,UN.UO.71AC1104.PV,,,,,,5,Steam Network 1 > HP-2 Steam HeaderA > HP-2 Steam GeneratorA > HP-2 Fuel Fired BoilerA,HP Boiler StackA,boiler_fired,True,False,False
9db7acba-c8a5-3454-b33c-7508551298ee,007a0310-44ee-91e8-a32e-d680449492f8,Steam Network 1 > HP-2 Steam HeaderA > HP-2 Steam GeneratorA > HP-2 Fuel Fired BoilerA > HP Boiler StackA,HP Boiler Stack,SOx Emission,,,,,,,,5,Steam Network 1 > HP-2 Steam HeaderA > HP-2 Steam GeneratorA > HP-2 Fuel Fired BoilerA,HP Boiler StackA,boiler_fired,False,False,False
9db7acba-c8a5-3454-b33c-7508551298ee,99edc5c4-8cca-0a1e-903e-d4f81527cfda,Steam Network 1 > HP-2 Steam HeaderA > HP-2 Steam GeneratorA > HP-2 Fuel Fired BoilerA > HP Boiler StackA,HP Boiler Stack,Stack Draft,,,,,,,,5,Steam Network 1 > HP-2 Steam HeaderA > HP-2 Steam GeneratorA > HP-2 Fuel Fired BoilerA,HP Boiler StackA,boiler_fired,False,False,False
9db7acba-c8a5-3454-b33c-7508551298ee,f7352b57-92db-d425-7400-4f9365eeff72,Steam Network 1 > HP-2 Steam HeaderA > HP-2 Steam GeneratorA > HP-2 Fuel Fired BoilerA > HP Boiler StackA,HP Boiler Stack,Stack Temperature,degC,,,,,,,5,Steam Network 1 > HP-2 Steam HeaderA > HP-2 Steam GeneratorA > HP-2 Fuel Fired BoilerA,HP Boiler StackA,boiler_fired,False,False,False
d258f90a-2701-1360-fae3-21c0f559ea6a,433628df-45e4-1a1d-9ee5-474306d232c2,Steam Network 1 > HP-2 Steam HeaderA > HP-2 Steam GeneratorA > HP-2 Fuel Fired BoilerA > HP Boiler Steam DrumA,HP Boiler Steam Drum,Drum Level,,,,,,,,5,Steam Network 1 > HP-2 Steam HeaderA > HP-2 Steam GeneratorA > HP-2 Fuel Fired BoilerA,HP Boiler Steam DrumA,boiler_fired,False,False,False
d258f90a-2701-1360-fae3-21c0f559ea6a,ae9bc70a-3c8a-f548-d4b0-8cd092113242,Steam Network 1 > HP-2 Steam HeaderA > HP-2 Steam GeneratorA > HP-2 Fuel Fired BoilerA > HP Boiler Steam DrumA,HP Boiler Steam Drum,Drum Pressure,,,,,,,,5,Steam Network 1 > HP-2 Steam HeaderA > HP-2 Steam GeneratorA > HP-2 Fuel Fired BoilerA,HP Boiler Steam DrumA,boiler_fired,False,False,False
d258f90a-2701-1360-fae3-21c0f559ea6a,cdbaa28f-fe73-ec4b-3bc6-73e533c94ec4,Steam Network 1 > HP-2 Steam HeaderA > HP-2 Steam GeneratorA > HP-2 Fuel Fired BoilerA > HP Boiler Steam DrumA,HP Boiler Steam Drum,Drum Temperature,degC,,,,,,,5,Steam Network 1 > HP-2 Steam HeaderA > HP-2 Steam GeneratorA > HP-2 Fuel Fired BoilerA,HP Boiler Steam DrumA,boiler_fired,False,False,False
d258f90a-2701-1360-fae3-21c0f559ea6a,312e49b4-00c9-eec8-5302-eca031e7a77c,Steam Network 1 > HP-2 Steam HeaderA > HP-2 Steam GeneratorA > HP-2 Fuel Fired BoilerA > HP Boiler Steam DrumA,HP Boiler Steam Drum,Drum Vent Flow,,,,,,,,5,Steam Network 1 > HP-2 Steam HeaderA > HP-2 Steam GeneratorA > HP-2 Fuel Fired BoilerA,HP Boiler Steam DrumA,boiler_fired,False,False,False
fd6aceaa-234e-0d8e-3389-444cde24c324,73b95a87-5403-e063-4b79-223527babae4,Steam Network 1 > HP-2 Steam HeaderA > HP-2 Steam GeneratorA > HP-2 Fuel Fired BoilerA > HP Boiler SuperheaterA,HP Boiler Superheater,Attemperator Flow Opening,,,,,,,,5,Steam Network 1 > HP-2 Steam HeaderA > HP-2 Steam GeneratorA > HP-2 Fuel Fired BoilerA,HP Boiler SuperheaterA,boiler_fired,False,False,False
fd6aceaa-234e-0d8e-3389-444cde24c324,cd7f1362-7c89-60d4-abf2-cd28b1f673b6,Steam Network 1 > HP-2 Steam HeaderA > HP-2 Steam GeneratorA > HP-2 Fuel Fired BoilerA > HP Boiler SuperheaterA,HP Boiler Superheater,Attemperator Spray Flow,,UN.UO.71FI1101.PV,,,,,,5,Steam Network 1 > HP-2 Steam HeaderA > HP-2 Steam GeneratorA > HP-2 Fuel Fired BoilerA,HP Boiler SuperheaterA,boiler_fired,True,False,False
fd6aceaa-234e-0d8e-3389-444cde24c324,89090bf4-ed5e-9eb0-1330-cfc064579544,Steam Network 1 > HP-2 Steam HeaderA > HP-2 Steam GeneratorA > HP-2 Fuel Fired BoilerA > HP Boiler SuperheaterA,HP Boiler Superheater,Steam Inlet Pressure,bar,,,,,,,5,Steam Network 1 > HP-2 Steam HeaderA > HP-2 Steam GeneratorA > HP-2 Fuel Fired BoilerA,HP Boiler SuperheaterA,boiler_fired,False,False,False
fd6aceaa-234e-0d8e-3389-444cde24c324,5f813d65-868a-3313-cc44-ad7fd90b0e76,Steam Network 1 > HP-2 Steam HeaderA > HP-2 Steam GeneratorA > HP-2 Fuel Fired BoilerA > HP Boiler SuperheaterA,HP Boiler Superheater,Steam Inlet Temperature,degC,UN.UO.71TI1119.PV,,,,,,5,Steam Network 1 > HP-2 Steam HeaderA > HP-2 Steam GeneratorA > HP-2 Fuel Fired BoilerA,HP Boiler SuperheaterA,boiler_fired,True,False,False
fd6aceaa-234e-0d8e-3389-444cde24c324,f8035a33-af8a-f673-1eac-86e95789ac40,Steam Network 1 > HP-2 Steam HeaderA > HP-2 Steam GeneratorA > HP-2 Fuel Fired BoilerA > HP Boiler SuperheaterA,HP Boiler Superheater,Steam Outlet Pressure,bar,,,,,,,5,Steam Network 1 > HP-2 Steam HeaderA > HP-2 Steam GeneratorA > HP-2 Fuel Fired BoilerA,HP Boiler SuperheaterA,boiler_fired,False,False,False
fd6aceaa-234e-0d8e-3389-444cde24c324,f9d8d2c6-465b-056a-c047-23fcbf83d7ac,Steam Network 1 > HP-2 Steam HeaderA > HP-2 Steam GeneratorA > HP-2 Fuel Fired BoilerA > HP Boiler SuperheaterA,HP Boiler Superheater,Steam Outlet Temperature,degC,,,,,,,5,Steam Network 1 > HP-2 Steam HeaderA > HP-2 Steam GeneratorA > HP-2 Fuel Fired BoilerA,HP Boiler SuperheaterA,boiler_fired,False,False,False
fd6aceaa-234e-0d8e-3389-444cde24c324,67072d78-1851-c2ec-0e0a-daa07f56ef94,Steam Network 1 > HP-2 Steam HeaderA > HP-2 Steam GeneratorA > HP-2 Fuel Fired BoilerA > HP Boiler SuperheaterA,HP Boiler Superheater,Tube Skin Temperature,degC,,,,,,,5,Steam Network 1 > HP-2 Steam HeaderA > HP-2 Steam GeneratorA > HP-2 Fuel Fired BoilerA,HP Boiler SuperheaterA,boiler_fired,False,False,False
fc0467cd-8ecf-8935-2d39-327172cbeef8,220af23c-a5f3-32de-43c1-c80887f9c0e2,Steam Network 1 > HP-2 Steam HeaderA > HP-2 Steam GeneratorA > HP-2 Fuel Fired BoilerB,HP Fuel Fired Boiler,Drum Level,,,,,,,,4,Steam Network 1 > HP-2 Steam HeaderA > HP-2 Steam GeneratorA,HP-2 Fuel Fired BoilerB,boiler_fired,False,False,False
fc0467cd-8ecf-8935-2d39-327172cbeef8,cad0a48d-c79f-d8e5-460d-2a210d4f7c68,Steam Network 1 > HP-2 Steam HeaderA > HP-2 Steam GeneratorA > HP-2 Fuel Fired BoilerB,HP Fuel Fired Boiler,Drum Pressure,bar,,,,,,,4,Steam Network 1 > HP-2 Steam HeaderA > HP-2 Steam GeneratorA,HP-2 Fuel Fired BoilerB,boiler_fired,False,False,False
fc0467cd-8ecf-8935-2d39-327172cbeef8,4797af2b-9654-efb1-c885-41bbd1c3409a,Steam Network 1 > HP-2 Steam HeaderA > HP-2 Steam GeneratorA > HP-2 Fuel Fired BoilerB,HP Fuel Fired Boiler,Flue Gas CO,mol%,,,,,,,4,Steam Network 1 > HP-2 Steam HeaderA > HP-2 Steam GeneratorA,HP-2 Fuel Fired BoilerB,boiler_fired,False,False,False
fc0467cd-8ecf-8935-2d39-327172cbeef8,4797b082-9654-fb0a-9ca4-5b14d1c34b88,Steam Network 1 > HP-2 Steam HeaderA > HP-2 Steam GeneratorA > HP-2 Fuel Fired BoilerB,HP Fuel Fired Boiler,Flue Gas O2,mol%,,,,,,,4,Steam Network 1 > HP-2 Steam HeaderA > HP-2 Steam GeneratorA,HP-2 Fuel Fired BoilerB,boiler_fired,False,False,False
fc0467cd-8ecf-8935-2d39-327172cbeef8,710df32d-5afe-82a7-ee3c-7c5b2bf3718a,Steam Network 1 > HP-2 Steam HeaderA > HP-2 Steam GeneratorA > HP-2 Fuel Fired BoilerB,HP Fuel Fired Boiler,Fuel Gas C1,mol%,AR.AR5.DCS.Process.AI51211.PV,,,,,,4,Steam Network 1 > HP-2 Steam HeaderA > HP-2 Steam GeneratorA,HP-2 Fuel Fired BoilerB,boiler_fired,True,False,False
fc0467cd-8ecf-8935-2d39-327172cbeef8,710df32e-5afe-82ae-609c-a5442bf37180,Steam Network 1 > HP-2 Steam HeaderA > HP-2 Steam GeneratorA > HP-2 Fuel Fired BoilerB,HP Fuel Fired Boiler,Fuel Gas C2,mol%,AR.AR5.DCS.Process.AI51212.PV,,,,,,4,Steam Network 1 > HP-2 Steam HeaderA > HP-2 Steam GeneratorA,HP-2 Fuel Fired BoilerB,boiler_fired,True,False,False
fc0467cd-8ecf-8935-2d39-327172cbeef8,710df32f-5afe-82b5-d2fc-ce3b2bf3719a,Steam Network 1 > HP-2 Steam HeaderA > HP-2 Steam GeneratorA > HP-2 Fuel Fired BoilerB,HP Fuel Fired Boiler,Fuel Gas C3,mol%,AR.AR5.DCS.Process.AI51213.PV,,,,,,4,Steam Network 1 > HP-2 Steam HeaderA > HP-2 Steam GeneratorA,HP-2 Fuel Fired BoilerB,boiler_fired,True,False,False
fc0467cd-8ecf-8935-2d39-327172cbeef8,d478df3a-0c87-583a-1fb4-8324d8ff8700,Steam Network 1 > HP-2 Steam HeaderA > HP-2 Steam GeneratorA > HP-2 Fuel Fired BoilerB,HP Fuel Fired Boiler,Fuel Gas Calorific Value,,,,,,,,4,Steam Network 1 > HP-2 Steam HeaderA > HP-2 Steam GeneratorA,HP-2 Fuel Fired BoilerB,boiler_fired,False,False,False
fc0467cd-8ecf-8935-2d39-327172cbeef8,4668df88-68c5-842a-e41e-cc502ead5ba2,Steam Network 1 > HP-2 Steam HeaderA > HP-2 Steam GeneratorA > HP-2 Fuel Fired BoilerB,HP Fuel Fired Boiler,Fuel Gas CH3OH,mol%,,,,,,,4,Steam Network 1 > HP-2 Steam HeaderA > HP-2 Steam GeneratorA,HP-2 Fuel Fired BoilerB,boiler_fired,False,False,False
fc0467cd-8ecf-8935-2d39-327172cbeef8,b0b07647-26c9-01db-3f2a-75bd9679779c,Steam Network 1 > HP-2 Steam HeaderA > HP-2 Steam GeneratorA > HP-2 Fuel Fired BoilerB,HP Fuel Fired Boiler,Fuel Gas CO2,mol%,AR.AR5.DCS.Process.AI51217.PV,,,,,,4,Steam Network 1 > HP-2 Steam HeaderA > HP-2 Steam GeneratorA,HP-2 Fuel Fired BoilerB,boiler_fired,True,False,False
fc0467cd-8ecf-8935-2d39-327172cbeef8,6560246d-9b21-fe53-f35c-f557fe41da3e,Steam Network 1 > HP-2 Steam HeaderA > HP-2 Steam GeneratorA > HP-2 Fuel Fired BoilerB,HP Fuel Fired Boiler,Fuel Gas Flow,metric_ton/h,UN.UO.71FC1204.PV,,,,,,4,Steam Network 1 > HP-2 Steam HeaderA > HP-2 Steam GeneratorA,HP-2 Fuel Fired BoilerB,boiler_fired,True,False,False
fc0467cd-8ecf-8935-2d39-327172cbeef8,710df3c9-5afe-87bd-5e49-fa652bf37474,Steam Network 1 > HP-2 Steam HeaderA > HP-2 Steam GeneratorA > HP-2 Fuel Fired BoilerB,HP Fuel Fired Boiler,Fuel Gas H2,mol%,,,,,,,4,Steam Network 1 > HP-2 Steam HeaderA > HP-2 Steam GeneratorA,HP-2 Fuel Fired BoilerB,boiler_fired,False,False,False
fc0467cd-8ecf-8935-2d39-327172cbeef8,b0b1037b-26ce-843f-d055-4745967f8744,Steam Network 1 > HP-2 Steam HeaderA > HP-2 Steam GeneratorA > HP-2 Fuel Fired BoilerB,HP Fuel Fired Boiler,Fuel Gas iC4,mol%,AR.AR5.DCS.Process.AI51215.PV,,,,,,4,Steam Network 1 > HP-2 Steam HeaderA > HP-2 Steam GeneratorA,HP-2 Fuel Fired BoilerB,boiler_fired,True,False,False
fc0467cd-8ecf-8935-2d39-327172cbeef8,b0b1037c-26ce-8446-cbfa-e3e8967f873a,Steam Network 1 > HP-2 Steam HeaderA > HP-2 Steam GeneratorA > HP-2 Fuel Fired BoilerB,HP Fuel Fired Boiler,Fuel Gas iC5,mol%,AR.AR5.DCS.Process.AI512111.PV,,,,,,4,Steam Network 1 > HP-2 Steam HeaderA > HP-2 Steam GeneratorA,HP-2 Fuel Fired BoilerB,boiler_fired,True,False,False
fc0467cd-8ecf-8935-2d39-327172cbeef8,da396747-0268-048b-e5a0-2f8dd85163cc,Steam Network 1 > HP-2 Steam HeaderA > HP-2 Steam GeneratorA > HP-2 Fuel Fired BoilerB,HP Fuel Fired Boiler,Fuel Gas Molecular Weight,,,,,,,,4,Steam Network 1 > HP-2 Steam HeaderA > HP-2 Steam GeneratorA,HP-2 Fuel Fired BoilerB,boiler_fired,False,False,False
fc0467cd-8ecf-8935-2d39-327172cbeef8,710df483-5afe-8dcf-c1ee-dced2bf3794c,Steam Network 1 > HP-2 Steam HeaderA > HP-2 Steam GeneratorA > HP-2 Fuel Fired BoilerB,HP Fuel Fired Boiler,Fuel Gas N2,mol%,AR.AR5.DCS.Process.AI51219.PV,,,,,,4,Steam Network 1 > HP-2 Steam HeaderA > HP-2 Steam GeneratorA,HP-2 Fuel Fired BoilerB,boiler_fired,True,False,False
fc0467cd-8ecf-8935-2d39-327172cbeef8,b0b11640-26cf-3f6a-3b8c-f680967e292a,Steam Network 1 > HP-2 Steam HeaderA > HP-2 Steam GeneratorA > HP-2 Fuel Fired BoilerB,HP Fuel Fired Boiler,Fuel Gas nC4,mol%,AR.AR5.DCS.Process.AI51214.PV,,,,,,4,Steam Network 1 > HP-2 Steam HeaderA > HP-2 Steam GeneratorA,HP-2 Fuel Fired BoilerB,boiler_fired,True,False,False
fc0467cd-8ecf-8935-2d39-327172cbeef8,b0b11641-26cf-3f71-3733-d1b1967e2930,Steam Network 1 > HP-2 Steam HeaderA > HP-2 Steam GeneratorA > HP-2 Fuel Fired BoilerB,HP Fuel Fired Boiler,Fuel Gas nC5,mol%,AR.AR5.DCS.Process.AI512110.PV,,,,,,4,Steam Network 1 > HP-2 Steam HeaderA > HP-2 Steam GeneratorA,HP-2 Fuel Fired BoilerB,boiler_fired,True,False,False
fc0467cd-8ecf-8935-2d39-327172cbeef8,3bcf14f4-1f44-cdbe-5448-f118248bd94a,Steam Network 1 > HP-2 Steam HeaderA > HP-2 Steam GeneratorA > HP-2 Fuel Fired BoilerB,HP Fuel Fired Boiler,Fuel oil Flow,metric_ton/h,,,,,,,4,Steam Network 1 > HP-2 Steam HeaderA > HP-2 Steam GeneratorA,HP-2 Fuel Fired BoilerB,boiler_fired,False,False,False
fc0467cd-8ecf-8935-2d39-327172cbeef8,279707a7-77b1-4f75-9eda-0853502648d2,Steam Network 1 > HP-2 Steam HeaderA > HP-2 Steam GeneratorA > HP-2 Fuel Fired BoilerB,HP Fuel Fired Boiler,Furnace Draft,mmHg,,,,,,,4,Steam Network 1 > HP-2 Steam HeaderA > HP-2 Steam GeneratorA,HP-2 Fuel Fired BoilerB,boiler_fired,False,False,False
fc0467cd-8ecf-8935-2d39-327172cbeef8,7f85d96c-3931-a20e-5694-3be846b47b62,Steam Network 1 > HP-2 Steam HeaderA > HP-2 Steam GeneratorA > HP-2 Fuel Fired BoilerB,HP Fuel Fired Boiler,Liquid Fuel Component1,mol%,,,,,,,4,Steam Network 1 > HP-2 Steam HeaderA > HP-2 Steam GeneratorA,HP-2 Fuel Fired BoilerB,boiler_fired,False,False,False
fc0467cd-8ecf-8935-2d39-327172cbeef8,7f85d96d-3931-a215-0c6e-cff146b47b78,Steam Network 1 > HP-2 Steam HeaderA > HP-2 Steam GeneratorA > HP-2 Fuel Fired BoilerB,HP Fuel Fired Boiler,Liquid Fuel Component2,mol%,,,,,,,4,Steam Network 1 > HP-2 Steam HeaderA > HP-2 Steam GeneratorA,HP-2 Fuel Fired BoilerB,boiler_fired,False,False,False
fc0467cd-8ecf-8935-2d39-327172cbeef8,7f85d96e-3931-a21c-c249-640846b47b72,Steam Network 1 > HP-2 Steam HeaderA > HP-2 Steam GeneratorA > HP-2 Fuel Fired BoilerB,HP Fuel Fired Boiler,Liquid Fuel Component3,,,,,,,,4,Steam Network 1 > HP-2 Steam HeaderA > HP-2 Steam GeneratorA,HP-2 Fuel Fired BoilerB,boiler_fired,False,False,False
fc0467cd-8ecf-8935-2d39-327172cbeef8,938e67aa-b2c1-871e-be84-cbec214fe0b4,Steam Network 1 > HP-2 Steam HeaderA > HP-2 Steam GeneratorA > HP-2 Fuel Fired BoilerB,HP Fuel Fired Boiler,Stack Temperature,degC,UN.UO.71TI1207.PV,,,,,,4,Steam Network 1 > HP-2 Steam HeaderA > HP-2 Steam GeneratorA,HP-2 Fuel Fired BoilerB,boiler_fired,True,False,False
fc0467cd-8ecf-8935-2d39-327172cbeef8,c334c154-7ada-0f24-3447-1bd0b9eece70,Steam Network 1 > HP-2 Steam HeaderA > HP-2 Steam GeneratorA > HP-2 Fuel Fired BoilerB,HP Fuel Fired Boiler,Steam Generation Flow,metric_ton/h,UN.UO.71FI1201.PV,,,,,,4,Steam Network 1 > HP-2 Steam HeaderA > HP-2 Steam GeneratorA,HP-2 Fuel Fired BoilerB,boiler_fired,True,False,False
fc0467cd-8ecf-8935-2d39-327172cbeef8,d73c2716-c50b-7ad2-d5ea-8c0c12375dc4,Steam Network 1 > HP-2 Steam HeaderA > HP-2 Steam GeneratorA > HP-2 Fuel Fired BoilerB,HP Fuel Fired Boiler,Steam Outlet Pressure,bar,UN.UO.71PC1213.PV,,,,,,4,Steam Network 1 > HP-2 Steam HeaderA > HP-2 Steam GeneratorA,HP-2 Fuel Fired BoilerB,boiler_fired,True,False,False
fc0467cd-8ecf-8935-2d39-327172cbeef8,8cc3b703-bc2a-666d-24be-1e4730e9d16e,Steam Network 1 > HP-2 Steam HeaderA > HP-2 Steam GeneratorA > HP-2 Fuel Fired BoilerB,HP Fuel Fired Boiler,Steam Outlet Temperature,degC,UN.UO.71TC1211.PV,,,,,,4,Steam Network 1 > HP-2 Steam HeaderA > HP-2 Steam GeneratorA,HP-2 Fuel Fired BoilerB,boiler_fired,True,False,False
ce2cd257-7e50-11d9-4b26-12bfb07cc38e,460ac58c-d4a4-736c-e0f9-3b1092aeb6e0,Steam Network 1 > HP-2 Steam HeaderA > HP-2 Steam GeneratorA > HP-2 Fuel Fired BoilerB > HP Boiler Air PreheaterA,HP Boiler Air Preheater,Air Inlet Temperature,degC,,,,,,,5,Steam Network 1 > HP-2 Steam HeaderA > HP-2 Steam GeneratorA > HP-2 Fuel Fired BoilerB,HP Boiler Air PreheaterA,boiler_fired,False,False,False
ce2cd257-7e50-11d9-4b26-12bfb07cc38e,e4804f7f-9026-5247-b5e6-ba3974a61d38,Steam Network 1 > HP-2 Steam HeaderA > HP-2 Steam GeneratorA > HP-2 Fuel Fired BoilerB > HP Boiler Air PreheaterA,HP Boiler Air Preheater,Air Outlet Temperature,degC,,,,,,,5,Steam Network 1 > HP-2 Steam HeaderA > HP-2 Steam GeneratorA > HP-2 Fuel Fired BoilerB,HP Boiler Air PreheaterA,boiler_fired,False,False,False
ce2cd257-7e50-11d9-4b26-12bfb07cc38e,429076ff-6cfd-0e3f-7612-3ac12e6d78c0,Steam Network 1 > HP-2 Steam HeaderA > HP-2 Steam GeneratorA > HP-2 Fuel Fired BoilerB > HP Boiler Air PreheaterA,HP Boiler Air Preheater,Air Side Differential Pressure,,,,,,,,5,Steam Network 1 > HP-2 Steam HeaderA > HP-2 Steam GeneratorA > HP-2 Fuel Fired BoilerB,HP Boiler Air PreheaterA,boiler_fired,False,False,False
ce2cd257-7e50-11d9-4b26-12bfb07cc38e,9353d228-2333-8ed4-d5f4-3920b0605cfc,Steam Network 1 > HP-2 Steam HeaderA > HP-2 Steam GeneratorA > HP-2 Fuel Fired BoilerB > HP Boiler Air PreheaterA,HP Boiler Air Preheater,Flue Inlet Temperature,degC,,,,,,,5,Steam Network 1 > HP-2 Steam HeaderA > HP-2 Steam GeneratorA > HP-2 Fuel Fired BoilerB,HP Boiler Air PreheaterA,boiler_fired,False,False,False
ce2cd257-7e50-11d9-4b26-12bfb07cc38e,4058d663-ead5-484f-b615-008daa8d9e2c,Steam Network 1 > HP-2 Steam HeaderA > HP-2 Steam GeneratorA > HP-2 Fuel Fired BoilerB > HP Boiler Air PreheaterA,HP Boiler Air Preheater,Flue Outlet Temperature,degC,,,,,,,5,Steam Network 1 > HP-2 Steam HeaderA > HP-2 Steam GeneratorA > HP-2 Fuel Fired BoilerB,HP Boiler Air PreheaterA,boiler_fired,False,False,False
ce2cd257-7e50-11d9-4b26-12bfb07cc38e,5b4844b4-9e10-2d48-c3a6-f6a0c55869fc,Steam Network 1 > HP-2 Steam HeaderA > HP-2 Steam GeneratorA > HP-2 Fuel Fired BoilerB > HP Boiler Air PreheaterA,HP Boiler Air Preheater,Leakage,,,,,,,,5,Steam Network 1 > HP-2 Steam HeaderA > HP-2 Steam GeneratorA > HP-2 Fuel Fired BoilerB,HP Boiler Air PreheaterA,boiler_fired,False,False,False
86e19be4-531e-b6ac-3520-d530d5ff2d48,f8ea92e7-9b3d-c05b-479a-781d63d752bc,Steam Network 1 > HP-2 Steam HeaderA > HP-2 Steam GeneratorA > HP-2 Fuel Fired BoilerB > HP Boiler BFW SystemA > HP Boiler BFW PumpA,HP Boiler BFW Pump,Bearing Temperature,,UN.UO.71TI1020A.PV,,,,,,6,Steam Network 1 > HP-2 Steam HeaderA > HP-2 Steam GeneratorA > HP-2 Fuel Fired BoilerB > HP Boiler BFW SystemA,HP Boiler BFW PumpA,boiler_fired,True,False,False
86e19be4-531e-b6ac-3520-d530d5ff2d48,cb7a63c7-6c42-c817-9340-6ee1a738abd0,Steam Network 1 > HP-2 Steam HeaderA > HP-2 Steam GeneratorA > HP-2 Fuel Fired BoilerB > HP Boiler BFW SystemA > HP Boiler BFW PumpA,HP Boiler BFW Pump,Discharge Flow,metric_ton/h,,,,,,,6,Steam Network 1 > HP-2 Steam HeaderA > HP-2 Steam GeneratorA > HP-2 Fuel Fired BoilerB > HP Boiler BFW SystemA,HP Boiler BFW PumpA,boiler_fired,False,False,False
86e19be4-531e-b6ac-3520-d530d5ff2d48,37a3845e-9fea-c95a-5256-570ca8494d04,Steam Network 1 > HP-2 Steam HeaderA > HP-2 Steam GeneratorA > HP-2 Fuel Fired BoilerB > HP Boiler BFW SystemA > HP Boiler BFW PumpA,HP Boiler BFW Pump,Discharge Pressure,bar,UN.UO.71PI1021A.PV,,,,,,6,Steam Network 1 > HP-2 Steam HeaderA > HP-2 Steam GeneratorA > HP-2 Fuel Fired BoilerB > HP Boiler BFW SystemA,HP Boiler BFW PumpA,boiler_fired,True,False,False
86e19be4-531e-b6ac-3520-d530d5ff2d48,582d6d7b-1f75-ff63-47d5-db9147589218,Steam Network 1 > HP-2 Steam HeaderA > HP-2 Steam GeneratorA > HP-2 Fuel Fired BoilerB > HP Boiler BFW SystemA > HP Boiler BFW PumpA,HP Boiler BFW Pump,Driver Steam Flow,metric_ton/h,,,,,,,6,Steam Network 1 > HP-2 Steam HeaderA > HP-2 Steam GeneratorA > HP-2 Fuel Fired BoilerB > HP Boiler BFW SystemA,HP Boiler BFW PumpA,boiler_fired,False,False,False
86e19be4-531e-b6ac-3520-d530d5ff2d48,b19303b6-e623-5e6a-881e-5d5c57b05ddc,Steam Network 1 > HP-2 Steam HeaderA > HP-2 Steam GeneratorA > HP-2 Fuel Fired BoilerB > HP Boiler BFW SystemA > HP Boiler BFW PumpA,HP Boiler BFW Pump,Exhaust Pressure,bar,,,,,,,6,Steam Network 1 > HP-2 Steam HeaderA > HP-2 Steam GeneratorA > HP-2 Fuel Fired BoilerB > HP Boiler BFW SystemA,HP Boiler BFW PumpA,boiler_fired,False,False,False
86e19be4-531e-b6ac-3520-d530d5ff2d48,eef81663-afed-d8a5-bf70-f5cf4115cec6,Steam Network 1 > HP-2 Steam HeaderA > HP-2 Steam GeneratorA > HP-2 Fuel Fired BoilerB > HP Boiler BFW SystemA > HP Boiler BFW PumpA,HP Boiler BFW Pump,Exhaust Temperature,degC,,,,,,,6,Steam Network 1 > HP-2 Steam HeaderA > HP-2 Steam GeneratorA > HP-2 Fuel Fired BoilerB > HP Boiler BFW SystemA,HP Boiler BFW PumpA,boiler_fired,False,False,False
86e19be4-531e-b6ac-3520-d530d5ff2d48,57ad537a-91e2-5c56-89ed-e2fcc64f0f2c,Steam Network 1 > HP-2 Steam HeaderA > HP-2 Steam GeneratorA > HP-2 Fuel Fired BoilerB > HP Boiler BFW SystemA > HP Boiler BFW PumpA,HP Boiler BFW Pump,Inlet Steam Pressure,bar,,,,,,,6,Steam Network 1 > HP-2 Steam HeaderA > HP-2 Steam GeneratorA > HP-2 Fuel Fired BoilerB > HP Boiler BFW SystemA,HP Boiler BFW PumpA,boiler_fired,False,False,False
86e19be4-531e-b6ac-3520-d530d5ff2d48,7ee0801f-ed35-a961-8110-02bf93d5297e,Steam Network 1 > HP-2 Steam HeaderA > HP-2 Steam GeneratorA > HP-2 Fuel Fired BoilerB > HP Boiler BFW SystemA > HP Boiler BFW PumpA,HP Boiler BFW Pump,Inlet Steam Temperature,degC,,,,,,,6,Steam Network 1 > HP-2 Steam HeaderA > HP-2 Steam GeneratorA > HP-2 Fuel Fired BoilerB > HP Boiler BFW SystemA,HP Boiler BFW PumpA,boiler_fired,False,False,False
86e19be4-531e-b6ac-3520-d530d5ff2d48,3b1ae373-3967-01b1-16bf-b583027de2c2,Steam Network 1 > HP-2 Steam HeaderA > HP-2 Steam GeneratorA > HP-2 Fuel Fired BoilerB > HP Boiler BFW SystemA > HP Boiler BFW PumpA,HP Boiler BFW Pump,Motor Current,A,UN.UO.71II1002.PV,,,,,,6,Steam Network 1 > HP-2 Steam HeaderA > HP-2 Steam GeneratorA > HP-2 Fuel Fired BoilerB > HP Boiler BFW SystemA,HP Boiler BFW PumpA,boiler_fired,True,False,False
86e19be4-531e-b6ac-3520-d530d5ff2d48,d44d3937-e945-d9bb-04bb-6a2d3d08e08c,Steam Network 1 > HP-2 Steam HeaderA > HP-2 Steam GeneratorA > HP-2 Fuel Fired BoilerB > HP Boiler BFW SystemA > HP Boiler BFW PumpA,HP Boiler BFW Pump,Power Output,kW,,,,,,,6,Steam Network 1 > HP-2 Steam HeaderA > HP-2 Steam GeneratorA > HP-2 Fuel Fired BoilerB > HP Boiler BFW SystemA,HP Boiler BFW PumpA,boiler_fired,False,False,False
86e19be4-531e-b6ac-3520-d530d5ff2d48,43f0940c-601b-ddd4-104c-f5f023eb49d8,Steam Network 1 > HP-2 Steam HeaderA > HP-2 Steam GeneratorA > HP-2 Fuel Fired BoilerB > HP Boiler BFW SystemA > HP Boiler BFW PumpA,HP Boiler BFW Pump,Speed,rpm,,,,,,,6,Steam Network 1 > HP-2 Steam HeaderA > HP-2 Steam GeneratorA > HP-2 Fuel Fired BoilerB > HP Boiler BFW SystemA,HP Boiler BFW PumpA,boiler_fired,False,False,False
86e19be4-531e-b6ac-3520-d530d5ff2d48,dac0406b-46f7-d98b-263a-ad199c3799e0,Steam Network 1 > HP-2 Steam HeaderA > HP-2 Steam GeneratorA > HP-2 Fuel Fired BoilerB > HP Boiler BFW SystemA > HP Boiler BFW PumpA,HP Boiler BFW Pump,Suction Pressure,bar,,,,,,,6,Steam Network 1 > HP-2 Steam HeaderA > HP-2 Steam GeneratorA > HP-2 Fuel Fired BoilerB > HP Boiler BFW SystemA,HP Boiler BFW PumpA,boiler_fired,False,False,False
86e19be4-531e-b6ac-3520-d530d5ff2d48,4f5d1bd7-3b24-45d3-f97a-e53574795e04,Steam Network 1 > HP-2 Steam HeaderA > HP-2 Steam GeneratorA > HP-2 Fuel Fired BoilerB > HP Boiler BFW SystemA > HP Boiler BFW PumpA,HP Boiler BFW Pump,Vibration,,UN.UO.71VI1006A.PV,,,,,,6,Steam Network 1 > HP-2 Steam HeaderA > HP-2 Steam GeneratorA > HP-2 Fuel Fired BoilerB > HP Boiler BFW SystemA,HP Boiler BFW PumpA,boiler_fired,True,False,False
86e19be4-531e-b6ac-3520-d530d5ff2d48,0fb46740-d279-6b62-b777-4680ddcd0c22,Steam Network 1 > HP-2 Steam HeaderA > HP-2 Steam GeneratorA > HP-2 Fuel Fired BoilerB > HP Boiler BFW SystemA > HP Boiler BFW PumpA,HP Boiler BFW Pump,Wetness Fraction,,,,,,,,6,Steam Network 1 > HP-2 Steam HeaderA > HP-2 Steam GeneratorA > HP-2 Fuel Fired BoilerB > HP Boiler BFW SystemA,HP Boiler BFW PumpA,boiler_fired,False,False,False
4d50e505-cc3c-2515-b1e8-8269816cc010,7944b2b1-df73-373d-1c45-9b2da637858c,Steam Network 1 > HP-2 Steam HeaderA > HP-2 Steam GeneratorA > HP-2 Fuel Fired BoilerB > HP Boiler BFW SystemA,HP Boiler BFW System,BFW Header Pressure,bar,UN.UO.71PI1021A.PV,,,,,,5,Steam Network 1 > HP-2 Steam HeaderA > HP-2 Steam GeneratorA > HP-2 Fuel Fired BoilerB,HP Boiler BFW SystemA,boiler_fired,True,False,False
4d50e505-cc3c-2515-b1e8-8269816cc010,8d31c188-5bb6-65cc-13b0-e060d687a444,Steam Network 1 > HP-2 Steam HeaderA > HP-2 Steam GeneratorA > HP-2 Fuel Fired BoilerB > HP Boiler BFW SystemA,HP Boiler BFW System,BFW Header Temperature,degC,UN.UO.71TI1079.PV,,,,,,5,Steam Network 1 > HP-2 Steam HeaderA > HP-2 Steam GeneratorA > HP-2 Fuel Fired BoilerB,HP Boiler BFW SystemA,boiler_fired,True,False,False
4d50e505-cc3c-2515-b1e8-8269816cc010,29695c9f-a001-283b-be60-30a5896874a4,Steam Network 1 > HP-2 Steam HeaderA > HP-2 Steam GeneratorA > HP-2 Fuel Fired BoilerB > HP Boiler BFW SystemA,HP Boiler BFW System,BFW Inlet Flow,metric_ton/h,UN.UO.71FC1103.PV,,,,,,5,Steam Network 1 > HP-2 Steam HeaderA > HP-2 Steam GeneratorA > HP-2 Fuel Fired BoilerB,HP Boiler BFW SystemA,boiler_fired,True,False,False
4d50e505-cc3c-2515-b1e8-8269816cc010,557bc1ec-84a9-4dac-5d46-4690d1d28c40,Steam Network 1 > HP-2 Steam HeaderA > HP-2 Steam GeneratorA > HP-2 Fuel Fired BoilerB > HP Boiler BFW SystemA,HP Boiler BFW System,BFW Quality (Conductivity),,UN.UO.71AI1005B.PV,,,,,,5,Steam Network 1 > HP-2 Steam HeaderA > HP-2 Steam GeneratorA > HP-2 Fuel Fired BoilerB,HP Boiler BFW SystemA,boiler_fired,True,False,False
f5519b66-5b98-bfd8-665c-3810aec924be,dd3fded0-bc69-cb0c-27fd-61c0615615dc,Steam Network 1 > HP-2 Steam HeaderA > HP-2 Steam GeneratorA > HP-2 Fuel Fired BoilerB > HP Boiler Blowdown SystemA,HP Boiler Blowdown System,Blowdown Conductivity,,UN.UO.71AC1201.PV,,,,,,5,Steam Network 1 > HP-2 Steam HeaderA > HP-2 Steam GeneratorA > HP-2 Fuel Fired BoilerB,HP Boiler Blowdown SystemA,boiler_fired,True,False,False
f5519b66-5b98-bfd8-665c-3810aec924be,3e1c45e5-f271-d11d-7258-dff1cc6d94f8,Steam Network 1 > HP-2 Steam HeaderA > HP-2 Steam GeneratorA > HP-2 Fuel Fired BoilerB > HP Boiler Blowdown SystemA,HP Boiler Blowdown System,Blowdown Flow Conroller Opening,percent,,,,,,,5,Steam Network 1 > HP-2 Steam HeaderA > HP-2 Steam GeneratorA > HP-2 Fuel Fired BoilerB,HP Boiler Blowdown SystemA,boiler_fired,False,False,False
f5519b66-5b98-bfd8-665c-3810aec924be,b9478970-62a7-5e4a-5b34-da60dbe0d73a,Steam Network 1 > HP-2 Steam HeaderA > HP-2 Steam GeneratorA > HP-2 Fuel Fired BoilerB > HP Boiler Blowdown SystemA,HP Boiler Blowdown System,Blowdown TDS,,,,,,,,5,Steam Network 1 > HP-2 Steam HeaderA > HP-2 Steam GeneratorA > HP-2 Fuel Fired BoilerB,HP Boiler Blowdown SystemA,boiler_fired,False,False,False
f5519b66-5b98-bfd8-665c-3810aec924be,0037fa02-bf2e-340a-cb54-2c14bf19ce08,Steam Network 1 > HP-2 Steam HeaderA > HP-2 Steam GeneratorA > HP-2 Fuel Fired BoilerB > HP Boiler Blowdown SystemA,HP Boiler Blowdown System,Continuous Blowdown Flow,metric_ton/h,UN.UO.71FC1200.PV,,,,,,5,Steam Network 1 > HP-2 Steam HeaderA > HP-2 Steam GeneratorA > HP-2 Fuel Fired BoilerB,HP Boiler Blowdown SystemA,boiler_fired,True,False,False
f5519b66-5b98-bfd8-665c-3810aec924be,9d6356d6-7c25-4326-9166-e5c4e14615f0,Steam Network 1 > HP-2 Steam HeaderA > HP-2 Steam GeneratorA > HP-2 Fuel Fired BoilerB > HP Boiler Blowdown SystemA,HP Boiler Blowdown System,Flash Drum Pressure,bar,,,,,,,5,Steam Network 1 > HP-2 Steam HeaderA > HP-2 Steam GeneratorA > HP-2 Fuel Fired BoilerB,HP Boiler Blowdown SystemA,boiler_fired,False,False,False
f5519b66-5b98-bfd8-665c-3810aec924be,fec55847-9414-660d-82bd-c59b6ad13e4a,Steam Network 1 > HP-2 Steam HeaderA > HP-2 Steam GeneratorA > HP-2 Fuel Fired BoilerB > HP Boiler Blowdown SystemA,HP Boiler Blowdown System,Flash Steam Flow,metric_ton/h,,,,,,,5,Steam Network 1 > HP-2 Steam HeaderA > HP-2 Steam GeneratorA > HP-2 Fuel Fired BoilerB,HP Boiler Blowdown SystemA,boiler_fired,False,False,False
f5519b66-5b98-bfd8-665c-3810aec924be,321b9fa6-a5f7-6a52-841d-df2c97ecf5f4,Steam Network 1 > HP-2 Steam HeaderA > HP-2 Steam GeneratorA > HP-2 Fuel Fired BoilerB > HP Boiler Blowdown SystemA,HP Boiler Blowdown System,Intermittent Blowdown Flow,metric_ton/h,,,,,,,5,Steam Network 1 > HP-2 Steam HeaderA > HP-2 Steam GeneratorA > HP-2 Fuel Fired BoilerB,HP Boiler Blowdown SystemA,boiler_fired,False,False,False
8405eadd-5eff-ddcb-e495-063fdafa3716,46d8b9e6-05d7-f202-0b96-dfcc430f4be4,Steam Network 1 > HP-2 Steam HeaderA > HP-2 Steam GeneratorA > HP-2 Fuel Fired BoilerB > HP Boiler Combustion SystemA > HP Boiler BurnerA,HP Boiler Burner,Burner Air Flow,,,,,,,,6,Steam Network 1 > HP-2 Steam HeaderA > HP-2 Steam GeneratorA > HP-2 Fuel Fired BoilerB > HP Boiler Combustion SystemA,HP Boiler BurnerA,boiler_fired,False,False,False
8405eadd-5eff-ddcb-e495-063fdafa3716,0e0c42ae-8aa7-de08-5db6-f97084ab9ca6,Steam Network 1 > HP-2 Steam HeaderA > HP-2 Steam GeneratorA > HP-2 Fuel Fired BoilerB > HP Boiler Combustion SystemA > HP Boiler BurnerA,HP Boiler Burner,Burner Backpressure,bar,,,,,,,6,Steam Network 1 > HP-2 Steam HeaderA > HP-2 Steam GeneratorA > HP-2 Fuel Fired BoilerB > HP Boiler Combustion SystemA,HP Boiler BurnerA,boiler_fired,False,False,False
8405eadd-5eff-ddcb-e495-063fdafa3716,27f94636-0f26-7b52-2898-6f4c28df3d64,Steam Network 1 > HP-2 Steam HeaderA > HP-2 Steam GeneratorA > HP-2 Fuel Fired BoilerB > HP Boiler Combustion SystemA > HP Boiler BurnerA,HP Boiler Burner,Burner Fuel Flow,m³/h,,,,,,,6,Steam Network 1 > HP-2 Steam HeaderA > HP-2 Steam GeneratorA > HP-2 Fuel Fired BoilerB > HP Boiler Combustion SystemA,HP Boiler BurnerA,boiler_fired,False,False,False
8405eadd-5eff-ddcb-e495-063fdafa3716,ee5367e1-247f-33fb-7617-ac9bca2c541a,Steam Network 1 > HP-2 Steam HeaderA > HP-2 Steam GeneratorA > HP-2 Fuel Fired BoilerB > HP Boiler Combustion SystemA > HP Boiler BurnerA,HP Boiler Burner,Flame Status,,,,,,,,6,Steam Network 1 > HP-2 Steam HeaderA > HP-2 Steam GeneratorA > HP-2 Fuel Fired BoilerB > HP Boiler Combustion SystemA,HP Boiler BurnerA,boiler_fired,False,False,False
8405eadd-5eff-ddcb-e495-063fdafa3716,3a7820bc-369f-79a0-4f51-51800ce7591c,Steam Network 1 > HP-2 Steam HeaderA > HP-2 Steam GeneratorA > HP-2 Fuel Fired BoilerB > HP Boiler Combustion SystemA > HP Boiler BurnerA,HP Boiler Burner,Pilot Status,,,,,,,,6,Steam Network 1 > HP-2 Steam HeaderA > HP-2 Steam GeneratorA > HP-2 Fuel Fired BoilerB > HP Boiler Combustion SystemA,HP Boiler BurnerA,boiler_fired,False,False,False
8b215605-1dd3-2121-b281-bba596f27724,84f33a18-a89b-d676-8734-d7102c68ec6e,Steam Network 1 > HP-2 Steam HeaderA > HP-2 Steam GeneratorA > HP-2 Fuel Fired BoilerB > HP Boiler Combustion SystemA,HP Boiler Combustion System,Atomizing Steam Flow,metric_ton/h,,,,,,,5,Steam Network 1 > HP-2 Steam HeaderA > HP-2 Steam GeneratorA > HP-2 Fuel Fired BoilerB,HP Boiler Combustion SystemA,boiler_fired,False,False,False
8b215605-1dd3-2121-b281-bba596f27724,a5cbe8ae-1dfb-8c6e-9977-22c4b83064c0,Steam Network 1 > HP-2 Steam HeaderA > HP-2 Steam GeneratorA > HP-2 Fuel Fired BoilerB > HP Boiler Combustion SystemA,HP Boiler Combustion System,Burner Header Pressure,bar,,,,,,,5,Steam Network 1 > HP-2 Steam HeaderA > HP-2 Steam GeneratorA > HP-2 Fuel Fired BoilerB,HP Boiler Combustion SystemA,boiler_fired,False,False,False
8b215605-1dd3-2121-b281-bba596f27724,03e4d2ba-d930-ee70-9ce5-1d60dad43cca,Steam Network 1 > HP-2 Steam HeaderA > HP-2 Steam GeneratorA > HP-2 Fuel Fired BoilerB > HP Boiler Combustion SystemA,HP Boiler Combustion System,Excess O2 Setpoint,vol%,,,,,,,5,Steam Network 1 > HP-2 Steam HeaderA > HP-2 Steam GeneratorA > HP-2 Fuel Fired BoilerB,HP Boiler Combustion SystemA,boiler_fired,False,False,False
8b215605-1dd3-2121-b281-bba596f27724,815c5c57-59a1-df57-bc8a-2a91d8fd8300,Steam Network 1 > HP-2 Steam HeaderA > HP-2 Steam GeneratorA > HP-2 Fuel Fired BoilerB > HP Boiler Combustion SystemA,HP Boiler Combustion System,Pilot Gas Flow,metric_ton/h,,,,,,,5,Steam Network 1 > HP-2 Steam HeaderA > HP-2 Steam GeneratorA > HP-2 Fuel Fired BoilerB,HP Boiler Combustion SystemA,boiler_fired,False,False,False
8b215605-1dd3-2121-b281-bba596f27724,e8a04a3b-983e-c30f-bc39-4a75709e8934,Steam Network 1 > HP-2 Steam HeaderA > HP-2 Steam GeneratorA > HP-2 Fuel Fired BoilerB > HP Boiler Combustion SystemA,HP Boiler Combustion System,Total Combustion Air Flow,,,,,,,,5,Steam Network 1 > HP-2 Steam HeaderA > HP-2 Steam GeneratorA > HP-2 Fuel Fired BoilerB,HP Boiler Combustion SystemA,boiler_fired,False,False,False
d03d13b6-d0ce-63c4-c9d6-795800f37072,a3b813db-f4c2-61d5-bfa4-8037577a720e,Steam Network 1 > HP-2 Steam HeaderA > HP-2 Steam GeneratorA > HP-2 Fuel Fired BoilerB > HP Boiler Convection SectionA,HP Boiler Convection Section,Draft at Arch,,,,,,,,5,Steam Network 1 > HP-2 Steam HeaderA > HP-2 Steam GeneratorA > HP-2 Fuel Fired BoilerB,HP Boiler Convection SectionA,boiler_fired,False,False,False
d03d13b6-d0ce-63c4-c9d6-795800f37072,291e75e9-a185-7103-b874-3abb889b04ea,Steam Network 1 > HP-2 Steam HeaderA > HP-2 Steam GeneratorA > HP-2 Fuel Fired BoilerB > HP Boiler Convection SectionA,HP Boiler Convection Section,Flue Inlet Temperature,degC,,,,,,,5,Steam Network 1 > HP-2 Steam HeaderA > HP-2 Steam GeneratorA > HP-2 Fuel Fired BoilerB,HP Boiler Convection SectionA,boiler_fired,False,False,False
d03d13b6-d0ce-63c4-c9d6-795800f37072,63e2aac2-2caa-f91a-59f0-09b44f4853d8,Steam Network 1 > HP-2 Steam HeaderA > HP-2 Steam GeneratorA > HP-2 Fuel Fired BoilerB > HP Boiler Convection SectionA,HP Boiler Convection Section,Flue Outlet Temperature,degC,,,,,,,5,Steam Network 1 > HP-2 Steam HeaderA > HP-2 Steam GeneratorA > HP-2 Fuel Fired BoilerB,HP Boiler Convection SectionA,boiler_fired,False,False,False
82f6c54e-ee5b-e2cc-dd8e-16286cad2782,444a8b89-6c0e-e981-b00e-010928446208,Steam Network 1 > HP-2 Steam HeaderA > HP-2 Steam GeneratorA > HP-2 Fuel Fired BoilerB > HP Boiler SuperheaterA > HP Boiler DesuperheaterA,HP Boiler Desuperheater,Inlet Steam Temperature,degC,,,,,,,6,Steam Network 1 > HP-2 Steam HeaderA > HP-2 Steam GeneratorA > HP-2 Fuel Fired BoilerB > HP Boiler SuperheaterA,HP Boiler DesuperheaterA,boiler_fired,False,False,False
82f6c54e-ee5b-e2cc-dd8e-16286cad2782,c2968ba0-4792-8c34-dc2f-dc8085040794,Steam Network 1 > HP-2 Steam HeaderA > HP-2 Steam GeneratorA > HP-2 Fuel Fired BoilerB > HP Boiler SuperheaterA > HP Boiler DesuperheaterA,HP Boiler Desuperheater,Outlet Steam Setpoint,,,,,,,,6,Steam Network 1 > HP-2 Steam HeaderA > HP-2 Steam GeneratorA > HP-2 Fuel Fired BoilerB > HP Boiler SuperheaterA,HP Boiler DesuperheaterA,boiler_fired,False,False,False
82f6c54e-ee5b-e2cc-dd8e-16286cad2782,f1cfdb02-73f8-7c00-be04-f8008237a702,Steam Network 1 > HP-2 Steam HeaderA > HP-2 Steam GeneratorA > HP-2 Fuel Fired BoilerB > HP Boiler SuperheaterA > HP Boiler DesuperheaterA,HP Boiler Desuperheater,Outlet Steam Temperature,degC,UN.UO.71TC1211.PV,,,,,,6,Steam Network 1 > HP-2 Steam HeaderA > HP-2 Steam GeneratorA > HP-2 Fuel Fired BoilerB > HP Boiler SuperheaterA,HP Boiler DesuperheaterA,boiler_fired,True,False,False
82f6c54e-ee5b-e2cc-dd8e-16286cad2782,bab153c4-e254-261c-4224-417058e575d8,Steam Network 1 > HP-2 Steam HeaderA > HP-2 Steam GeneratorA > HP-2 Fuel Fired BoilerB > HP Boiler SuperheaterA > HP Boiler DesuperheaterA,HP Boiler Desuperheater,Spray Valve Opening,percent,,,,,,,6,Steam Network 1 > HP-2 Steam HeaderA > HP-2 Steam GeneratorA > HP-2 Fuel Fired BoilerB > HP Boiler SuperheaterA,HP Boiler DesuperheaterA,boiler_fired,False,False,False
82f6c54e-ee5b-e2cc-dd8e-16286cad2782,acb6631b-224b-ccc3-84d0-01918efdafd8,Steam Network 1 > HP-2 Steam HeaderA > HP-2 Steam GeneratorA > HP-2 Fuel Fired BoilerB > HP Boiler SuperheaterA > HP Boiler DesuperheaterA,HP Boiler Desuperheater,Spray Water Flow,,UN.UO.71FI1202.PV,,,,,,6,Steam Network 1 > HP-2 Steam HeaderA > HP-2 Steam GeneratorA > HP-2 Fuel Fired BoilerB > HP Boiler SuperheaterA,HP Boiler DesuperheaterA,boiler_fired,True,False,False
f9810548-56b9-3906-943b-27b0af383c4e,b37f14e6-386c-63a2-dc88-2b8c8b137744,Steam Network 1 > HP-2 Steam HeaderA > HP-2 Steam GeneratorA > HP-2 Fuel Fired BoilerB > HP Boiler EconomizerA,HP Boiler Economizer,BFW Inlet Temperature,degC,,,,,,,5,Steam Network 1 > HP-2 Steam HeaderA > HP-2 Steam GeneratorA > HP-2 Fuel Fired BoilerB,HP Boiler EconomizerA,boiler_fired,False,False,False
f9810548-56b9-3906-943b-27b0af383c4e,2595eb65-fc0c-0a15-653a-4149d999e170,Steam Network 1 > HP-2 Steam HeaderA > HP-2 Steam GeneratorA > HP-2 Fuel Fired BoilerB > HP Boiler EconomizerA,HP Boiler Economizer,BFW Outlet Temperature,degC,,,,,,,5,Steam Network 1 > HP-2 Steam HeaderA > HP-2 Steam GeneratorA > HP-2 Fuel Fired BoilerB,HP Boiler EconomizerA,boiler_fired,False,False,False
f9810548-56b9-3906-943b-27b0af383c4e,74dee017-8457-2cdd-36bc-67dbf089ccca,Steam Network 1 > HP-2 Steam HeaderA > HP-2 Steam GeneratorA > HP-2 Fuel Fired BoilerB > HP Boiler EconomizerA,HP Boiler Economizer,Flue Inlet Temperature,degC,,,,,,,5,Steam Network 1 > HP-2 Steam HeaderA > HP-2 Steam GeneratorA > HP-2 Fuel Fired BoilerB,HP Boiler EconomizerA,boiler_fired,False,False,False
f9810548-56b9-3906-943b-27b0af383c4e,902f8654-f4fb-1f9c-6296-073064d499c8,Steam Network 1 > HP-2 Steam HeaderA > HP-2 Steam GeneratorA > HP-2 Fuel Fired BoilerB > HP Boiler EconomizerA,HP Boiler Economizer,Flue Outlet Temperature,degC,,,,,,,5,Steam Network 1 > HP-2 Steam HeaderA > HP-2 Steam GeneratorA > HP-2 Fuel Fired BoilerB,HP Boiler EconomizerA,boiler_fired,False,False,False
9a22e7a3-306f-08bd-e2af-1b57aa4def1e,a1774567-a59b-c989-76af-031f04ec8cee,Steam Network 1 > HP-2 Steam HeaderA > HP-2 Steam GeneratorA > HP-2 Fuel Fired BoilerB > HP Boiler Evaporator SectionA,HP Boiler Evaporator Section,Inlet Gas Temperature,degC,,,,,,,5,Steam Network 1 > HP-2 Steam HeaderA > HP-2 Steam GeneratorA > HP-2 Fuel Fired BoilerB,HP Boiler Evaporator SectionA,boiler_fired,False,False,False
9a22e7a3-306f-08bd-e2af-1b57aa4def1e,e29fa896-859e-c424-161a-8d1867016cb2,Steam Network 1 > HP-2 Steam HeaderA > HP-2 Steam GeneratorA > HP-2 Fuel Fired BoilerB > HP Boiler Evaporator SectionA,HP Boiler Evaporator Section,Outlet Gas Temperature,degC,,,,,,,5,Steam Network 1 > HP-2 Steam HeaderA > HP-2 Steam GeneratorA > HP-2 Fuel Fired BoilerB,HP Boiler Evaporator SectionA,boiler_fired,False,False,False
9a22e7a3-306f-08bd-e2af-1b57aa4def1e,2b35b344-a996-3608-9b55-f22082a3854c,Steam Network 1 > HP-2 Steam HeaderA > HP-2 Steam GeneratorA > HP-2 Fuel Fired BoilerB > HP Boiler Evaporator SectionA,HP Boiler Evaporator Section,Steam Generation,metric_ton/h,,,,,,,5,Steam Network 1 > HP-2 Steam HeaderA > HP-2 Steam GeneratorA > HP-2 Fuel Fired BoilerB,HP Boiler Evaporator SectionA,boiler_fired,False,False,False
9a22e7a3-306f-08bd-e2af-1b57aa4def1e,46c74aea-c745-b82c-7f2b-10388182f2c6,Steam Network 1 > HP-2 Steam HeaderA > HP-2 Steam GeneratorA > HP-2 Fuel Fired BoilerB > HP Boiler Evaporator SectionA,HP Boiler Evaporator Section,Tube Differential Pressure,,,,,,,,5,Steam Network 1 > HP-2 Steam HeaderA > HP-2 Steam GeneratorA > HP-2 Fuel Fired BoilerB,HP Boiler Evaporator SectionA,boiler_fired,False,False,False
ff6b9bc8-4e5a-9086-ee44-0ab0b1310b4e,67b9b8cb-888d-bc15-85c0-3ca7ef3404de,Steam Network 1 > HP-2 Steam HeaderA > HP-2 Steam GeneratorA > HP-2 Fuel Fired BoilerB > HP Boiler Combustion SystemA > HP Boiler FD FanA,HP Boiler FD Fan,Bearing Temperature,degC,,,,,,,6,Steam Network 1 > HP-2 Steam HeaderA > HP-2 Steam GeneratorA > HP-2 Fuel Fired BoilerB > HP Boiler Combustion SystemA,HP Boiler FD FanA,boiler_fired,False,False,False
ff6b9bc8-4e5a-9086-ee44-0ab0b1310b4e,f92611fa-83bc-840c-70a5-bfb87a9a95f6,Steam Network 1 > HP-2 Steam HeaderA > HP-2 Steam GeneratorA > HP-2 Fuel Fired BoilerB > HP Boiler Combustion SystemA > HP Boiler FD FanA,HP Boiler FD Fan,Discharge Pressure,bar,,,,,,,6,Steam Network 1 > HP-2 Steam HeaderA > HP-2 Steam GeneratorA > HP-2 Fuel Fired BoilerB > HP Boiler Combustion SystemA,HP Boiler FD FanA,boiler_fired,False,False,False
ff6b9bc8-4e5a-9086-ee44-0ab0b1310b4e,9e544852-e85c-8e6c-d923-fe987608c63e,Steam Network 1 > HP-2 Steam HeaderA > HP-2 Steam GeneratorA > HP-2 Fuel Fired BoilerB > HP Boiler Combustion SystemA > HP Boiler FD FanA,HP Boiler FD Fan,Exhaust Pressure,bar,,,,,,,6,Steam Network 1 > HP-2 Steam HeaderA > HP-2 Steam GeneratorA > HP-2 Fuel Fired BoilerB > HP Boiler Combustion SystemA,HP Boiler FD FanA,boiler_fired,False,False,False
ff6b9bc8-4e5a-9086-ee44-0ab0b1310b4e,5dc73c47-9d3d-d45f-b2c5-2a59c0fae818,Steam Network 1 > HP-2 Steam HeaderA > HP-2 Steam GeneratorA > HP-2 Fuel Fired BoilerB > HP Boiler Combustion SystemA > HP Boiler FD FanA,HP Boiler FD Fan,Exhaust Temperature,degC,,,,,,,6,Steam Network 1 > HP-2 Steam HeaderA > HP-2 Steam GeneratorA > HP-2 Fuel Fired BoilerB > HP Boiler Combustion SystemA,HP Boiler FD FanA,boiler_fired,False,False,False
ff6b9bc8-4e5a-9086-ee44-0ab0b1310b4e,01e95686-0e57-96fe-59c0-5cf40fbec078,Steam Network 1 > HP-2 Steam HeaderA > HP-2 Steam GeneratorA > HP-2 Fuel Fired BoilerB > HP Boiler Combustion SystemA > HP Boiler FD FanA,HP Boiler FD Fan,Inlet Damper Opening,percent,,,,,,,6,Steam Network 1 > HP-2 Steam HeaderA > HP-2 Steam GeneratorA > HP-2 Fuel Fired BoilerB > HP Boiler Combustion SystemA,HP Boiler FD FanA,boiler_fired,False,False,False
ff6b9bc8-4e5a-9086-ee44-0ab0b1310b4e,c9e1657f-c797-5ad5-cd21-18ab0e763faa,Steam Network 1 > HP-2 Steam HeaderA > HP-2 Steam GeneratorA > HP-2 Fuel Fired BoilerB > HP Boiler Combustion SystemA > HP Boiler FD FanA,HP Boiler FD Fan,Inlet Steam Flow,metric_ton/h,,,,,,,6,Steam Network 1 > HP-2 Steam HeaderA > HP-2 Steam GeneratorA > HP-2 Fuel Fired BoilerB > HP Boiler Combustion SystemA,HP Boiler FD FanA,boiler_fired,False,False,False
ff6b9bc8-4e5a-9086-ee44-0ab0b1310b4e,c2c2ea16-de71-be38-ac15-88d01cb3542e,Steam Network 1 > HP-2 Steam HeaderA > HP-2 Steam GeneratorA > HP-2 Fuel Fired BoilerB > HP Boiler Combustion SystemA > HP Boiler FD FanA,HP Boiler FD Fan,Inlet Steam Pressure,bar,,,,,,,6,Steam Network 1 > HP-2 Steam HeaderA > HP-2 Steam GeneratorA > HP-2 Fuel Fired BoilerB > HP Boiler Combustion SystemA,HP Boiler FD FanA,boiler_fired,False,False,False
ff6b9bc8-4e5a-9086-ee44-0ab0b1310b4e,04221403-5b50-137b-d5cb-d6715f720778,Steam Network 1 > HP-2 Steam HeaderA > HP-2 Steam GeneratorA > HP-2 Fuel Fired BoilerB > HP Boiler Combustion SystemA > HP Boiler FD FanA,HP Boiler FD Fan,Inlet Steam Temperature,degC,,,,,,,6,Steam Network 1 > HP-2 Steam HeaderA > HP-2 Steam GeneratorA > HP-2 Fuel Fired BoilerB > HP Boiler Combustion SystemA,HP Boiler FD FanA,boiler_fired,False,False,False
ff6b9bc8-4e5a-9086-ee44-0ab0b1310b4e,26254457-bbe9-669b-b1fa-0aad9dcc22cc,Steam Network 1 > HP-2 Steam HeaderA > HP-2 Steam GeneratorA > HP-2 Fuel Fired BoilerB > HP Boiler Combustion SystemA > HP Boiler FD FanA,HP Boiler FD Fan,Motor Current,A,,,,,,,6,Steam Network 1 > HP-2 Steam HeaderA > HP-2 Steam GeneratorA > HP-2 Fuel Fired BoilerB > HP Boiler Combustion SystemA,HP Boiler FD FanA,boiler_fired,False,False,False
ff6b9bc8-4e5a-9086-ee44-0ab0b1310b4e,e3cc18f0-1f8a-a9fe-4257-2e20fc46b10e,Steam Network 1 > HP-2 Steam HeaderA > HP-2 Steam GeneratorA > HP-2 Fuel Fired BoilerB > HP Boiler Combustion SystemA > HP Boiler FD FanA,HP Boiler FD Fan,Speed,rpm,,,,,,,6,Steam Network 1 > HP-2 Steam HeaderA > HP-2 Steam GeneratorA > HP-2 Fuel Fired BoilerB > HP Boiler Combustion SystemA,HP Boiler FD FanA,boiler_fired,False,False,False
ff6b9bc8-4e5a-9086-ee44-0ab0b1310b4e,da638ebb-9043-695d-b6a6-8cef4a20e7e6,Steam Network 1 > HP-2 Steam HeaderA > HP-2 Steam GeneratorA > HP-2 Fuel Fired BoilerB > HP Boiler Combustion SystemA > HP Boiler FD FanA,HP Boiler FD Fan,Vibration,,,,,,,,6,Steam Network 1 > HP-2 Steam HeaderA > HP-2 Steam GeneratorA > HP-2 Fuel Fired BoilerB > HP Boiler Combustion SystemA,HP Boiler FD FanA,boiler_fired,False,False,False
9e1e4d8b-d9de-0103-0a32-73a147c04c88,13aceb0e-4e2d-1082-61f6-3d1c5d81fb8c,Steam Network 1 > HP-2 Steam HeaderA > HP-2 Steam GeneratorA > HP-2 Fuel Fired BoilerB > HP Boiler Combustion SystemA > HP Boiler ID FanA,HP Boiler ID Fan,Bearing Temperature,degC,,,,,,,6,Steam Network 1 > HP-2 Steam HeaderA > HP-2 Steam GeneratorA > HP-2 Fuel Fired BoilerB > HP Boiler Combustion SystemA,HP Boiler ID FanA,boiler_fired,False,False,False
9e1e4d8b-d9de-0103-0a32-73a147c04c88,feb20b57-abac-10b5-f00b-7483551e1be2,Steam Network 1 > HP-2 Steam HeaderA > HP-2 Steam GeneratorA > HP-2 Fuel Fired BoilerB > HP Boiler Combustion SystemA > HP Boiler ID FanA,HP Boiler ID Fan,Discharge Pressure,bar,,,,,,,6,Steam Network 1 > HP-2 Steam HeaderA > HP-2 Steam GeneratorA > HP-2 Fuel Fired BoilerB > HP Boiler Combustion SystemA,HP Boiler ID FanA,boiler_fired,False,False,False
9e1e4d8b-d9de-0103-0a32-73a147c04c88,9258f4ef-cad8-563d-0122-a6f35880a2d2,Steam Network 1 > HP-2 Steam HeaderA > HP-2 Steam GeneratorA > HP-2 Fuel Fired BoilerB > HP Boiler Combustion SystemA > HP Boiler ID FanA,HP Boiler ID Fan,Exhaust Pressure,bar,,,,,,,6,Steam Network 1 > HP-2 Steam HeaderA > HP-2 Steam GeneratorA > HP-2 Fuel Fired BoilerB > HP Boiler Combustion SystemA,HP Boiler ID FanA,boiler_fired,False,False,False
9e1e4d8b-d9de-0103-0a32-73a147c04c88,09ba6e8a-62dd-28cc-22f7-a5f86b674646,Steam Network 1 > HP-2 Steam HeaderA > HP-2 Steam GeneratorA > HP-2 Fuel Fired BoilerB > HP Boiler Combustion SystemA > HP Boiler ID FanA,HP Boiler ID Fan,Exhaust Temperature,degC,,,,,,,6,Steam Network 1 > HP-2 Steam HeaderA > HP-2 Steam GeneratorA > HP-2 Fuel Fired BoilerB > HP Boiler Combustion SystemA,HP Boiler ID FanA,boiler_fired,False,False,False
9e1e4d8b-d9de-0103-0a32-73a147c04c88,d45c6ca3-9e5e-cabf-dc87-ab9d4a02a61c,Steam Network 1 > HP-2 Steam HeaderA > HP-2 Steam GeneratorA > HP-2 Fuel Fired BoilerB > HP Boiler Combustion SystemA > HP Boiler ID FanA,HP Boiler ID Fan,Inlet Damper Opening,percent,,,,,,,6,Steam Network 1 > HP-2 Steam HeaderA > HP-2 Steam GeneratorA > HP-2 Fuel Fired BoilerB > HP Boiler Combustion SystemA,HP Boiler ID FanA,boiler_fired,False,False,False
9e1e4d8b-d9de-0103-0a32-73a147c04c88,bde6121c-aa13-22a6-a1ab-762817f530ba,Steam Network 1 > HP-2 Steam HeaderA > HP-2 Steam GeneratorA > HP-2 Fuel Fired BoilerB > HP Boiler Combustion SystemA > HP Boiler ID FanA,HP Boiler ID Fan,Inlet Steam Flow,metric_ton/h,,,,,,,6,Steam Network 1 > HP-2 Steam HeaderA > HP-2 Steam GeneratorA > HP-2 Fuel Fired BoilerB > HP Boiler Combustion SystemA,HP Boiler ID FanA,boiler_fired,False,False,False
9e1e4d8b-d9de-0103-0a32-73a147c04c88,95360033-6e78-f1f9-f99e-349bfb4ef1ca,Steam Network 1 > HP-2 Steam HeaderA > HP-2 Steam GeneratorA > HP-2 Fuel Fired BoilerB > HP Boiler Combustion SystemA > HP Boiler ID FanA,HP Boiler ID Fan,Inlet Steam Pressure,bar,,,,,,,6,Steam Network 1 > HP-2 Steam HeaderA > HP-2 Steam GeneratorA > HP-2 Fuel Fired BoilerB > HP Boiler Combustion SystemA,HP Boiler ID FanA,boiler_fired,False,False,False
9e1e4d8b-d9de-0103-0a32-73a147c04c88,42dc6cc6-3c5b-4618-9cca-56907e872ade,Steam Network 1 > HP-2 Steam HeaderA > HP-2 Steam GeneratorA > HP-2 Fuel Fired BoilerB > HP Boiler Combustion SystemA > HP Boiler ID FanA,HP Boiler ID Fan,Inlet Steam Temperature,degC,,,,,,,6,Steam Network 1 > HP-2 Steam HeaderA > HP-2 Steam GeneratorA > HP-2 Fuel Fired BoilerB > HP Boiler Combustion SystemA,HP Boiler ID FanA,boiler_fired,False,False,False
9e1e4d8b-d9de-0103-0a32-73a147c04c88,4bf024da-5298-9320-189d-c9401968b7fa,Steam Network 1 > HP-2 Steam HeaderA > HP-2 Steam GeneratorA > HP-2 Fuel Fired BoilerB > HP Boiler Combustion SystemA > HP Boiler ID FanA,HP Boiler ID Fan,Motor Current,A,,,,,,,6,Steam Network 1 > HP-2 Steam HeaderA > HP-2 Steam GeneratorA > HP-2 Fuel Fired BoilerB > HP Boiler Combustion SystemA,HP Boiler ID FanA,boiler_fired,False,False,False
9e1e4d8b-d9de-0103-0a32-73a147c04c88,af552c73-07e4-5c23-500a-67b9a8b17050,Steam Network 1 > HP-2 Steam HeaderA > HP-2 Steam GeneratorA > HP-2 Fuel Fired BoilerB > HP Boiler Combustion SystemA > HP Boiler ID FanA,HP Boiler ID Fan,Speed,rpm,,,,,,,6,Steam Network 1 > HP-2 Steam HeaderA > HP-2 Steam GeneratorA > HP-2 Fuel Fired BoilerB > HP Boiler Combustion SystemA,HP Boiler ID FanA,boiler_fired,False,False,False
9e1e4d8b-d9de-0103-0a32-73a147c04c88,cc6128be-0a86-1632-03ee-491cc6e73e8c,Steam Network 1 > HP-2 Steam HeaderA > HP-2 Steam GeneratorA > HP-2 Fuel Fired BoilerB > HP Boiler Combustion SystemA > HP Boiler ID FanA,HP Boiler ID Fan,Vibration,,,,,,,,6,Steam Network 1 > HP-2 Steam HeaderA > HP-2 Steam GeneratorA > HP-2 Fuel Fired BoilerB > HP Boiler Combustion SystemA,HP Boiler ID FanA,boiler_fired,False,False,False
012ad589-3d7a-8ac9-6a07-82913c505f40,fdcaaf96-7d15-3418-9bf8-ee1080df9b8e,Steam Network 1 > HP-2 Steam HeaderA > HP-2 Steam GeneratorA > HP-2 Fuel Fired BoilerB > HP Boiler Radiant SectionA,HP Boiler Radiant Section,Box Draft,,,,,,,,5,Steam Network 1 > HP-2 Steam HeaderA > HP-2 Steam GeneratorA > HP-2 Fuel Fired BoilerB,HP Boiler Radiant SectionA,boiler_fired,False,False,False
012ad589-3d7a-8ac9-6a07-82913c505f40,36bd2ddc-7865-1d74-73b6-b3b04ed830a8,Steam Network 1 > HP-2 Steam HeaderA > HP-2 Steam GeneratorA > HP-2 Fuel Fired BoilerB > HP Boiler Radiant SectionA,HP Boiler Radiant Section,Radiant Box Temperature,degC,,,,,,,5,Steam Network 1 > HP-2 Steam HeaderA > HP-2 Steam GeneratorA > HP-2 Fuel Fired BoilerB,HP Boiler Radiant SectionA,boiler_fired,False,False,False
012ad589-3d7a-8ac9-6a07-82913c505f40,02c6606d-90b0-ccc9-dd88-91959276aca4,Steam Network 1 > HP-2 Steam HeaderA > HP-2 Steam GeneratorA > HP-2 Fuel Fired BoilerB > HP Boiler Radiant SectionA,HP Boiler Radiant Section,Tube Skin Temperature (TMT),degC,,,,,,,5,Steam Network 1 > HP-2 Steam HeaderA > HP-2 Steam GeneratorA > HP-2 Fuel Fired BoilerB,HP Boiler Radiant SectionA,boiler_fired,False,False,False
e6b1cd10-e8f0-8f78-33e4-0f800e414268,118c877b-fa1a-302d-4f98-e09feb96b756,Steam Network 1 > HP-2 Steam HeaderA > HP-2 Steam GeneratorA > HP-2 Fuel Fired BoilerB > HP Boiler Soot Blower SystemA,HP Boiler Soot Blower System,Cycle Status,,,,,,,,5,Steam Network 1 > HP-2 Steam HeaderA > HP-2 Steam GeneratorA > HP-2 Fuel Fired BoilerB,HP Boiler Soot Blower SystemA,boiler_fired,False,False,False
e6b1cd10-e8f0-8f78-33e4-0f800e414268,06cbc8bd-4404-05e5-662a-421142cfcd58,Steam Network 1 > HP-2 Steam HeaderA > HP-2 Steam GeneratorA > HP-2 Fuel Fired BoilerB > HP Boiler Soot Blower SystemA,HP Boiler Soot Blower System,Last Run Time,,,,,,,,5,Steam Network 1 > HP-2 Steam HeaderA > HP-2 Steam GeneratorA > HP-2 Fuel Fired BoilerB,HP Boiler Soot Blower SystemA,boiler_fired,False,False,False
e6b1cd10-e8f0-8f78-33e4-0f800e414268,2320c80f-4838-8903-efba-5f2d6b18410c,Steam Network 1 > HP-2 Steam HeaderA > HP-2 Steam GeneratorA > HP-2 Fuel Fired BoilerB > HP Boiler Soot Blower SystemA,HP Boiler Soot Blower System,Soot Blower Steam Flow,metric_ton/h,,,,,,,5,Steam Network 1 > HP-2 Steam HeaderA > HP-2 Steam GeneratorA > HP-2 Fuel Fired BoilerB,HP Boiler Soot Blower SystemA,boiler_fired,False,False,False
e6b1cd10-e8f0-8f78-33e4-0f800e414268,d16e84a6-b6a1-8786-5832-f8e467cf0320,Steam Network 1 > HP-2 Steam HeaderA > HP-2 Steam GeneratorA > HP-2 Fuel Fired BoilerB > HP Boiler Soot Blower SystemA,HP Boiler Soot Blower System,Soot Blower Steam Pressure,,,,,,,,5,Steam Network 1 > HP-2 Steam HeaderA > HP-2 Steam GeneratorA > HP-2 Fuel Fired BoilerB,HP Boiler Soot Blower SystemA,boiler_fired,False,False,False
85598319-66d4-e89f-781b-1487e38d6b86,c74da25c-fc21-9220-ae28-c3803b6c307c,Steam Network 1 > HP-2 Steam HeaderA > HP-2 Steam GeneratorA > HP-2 Fuel Fired BoilerB > HP Boiler StackA,HP Boiler Stack,CO in Flue Gas,,,,,,,,5,Steam Network 1 > HP-2 Steam HeaderA > HP-2 Steam GeneratorA > HP-2 Fuel Fired BoilerB,HP Boiler StackA,boiler_fired,False,False,False
85598319-66d4-e89f-781b-1487e38d6b86,a257ce99-4024-66c5-3766-f1bde273a85c,Steam Network 1 > HP-2 Steam HeaderA > HP-2 Steam GeneratorA > HP-2 Fuel Fired BoilerB > HP Boiler StackA,HP Boiler Stack,Flue Gas Flow,,,,,,,,5,Steam Network 1 > HP-2 Steam HeaderA > HP-2 Steam GeneratorA > HP-2 Fuel Fired BoilerB,HP Boiler StackA,boiler_fired,False,False,False
85598319-66d4-e89f-781b-1487e38d6b86,57d98436-e294-4f18-7769-0f10b54dcb2e,Steam Network 1 > HP-2 Steam HeaderA > HP-2 Steam GeneratorA > HP-2 Fuel Fired BoilerB > HP Boiler StackA,HP Boiler Stack,NOx Emission,,,,,,,,5,Steam Network 1 > HP-2 Steam HeaderA > HP-2 Steam GeneratorA > HP-2 Fuel Fired BoilerB,HP Boiler StackA,boiler_fired,False,False,False
85598319-66d4-e89f-781b-1487e38d6b86,58db5933-df44-2ac9-df67-670b879f73fa,Steam Network 1 > HP-2 Steam HeaderA > HP-2 Steam GeneratorA > HP-2 Fuel Fired BoilerB > HP Boiler StackA,HP Boiler Stack,O2 in Flue Gas,,,,,,,,5,Steam Network 1 > HP-2 Steam HeaderA > HP-2 Steam GeneratorA > HP-2 Fuel Fired BoilerB,HP Boiler StackA,boiler_fired,False,False,False
85598319-66d4-e89f-781b-1487e38d6b86,7e51bf11-c139-ca6f-a1fe-425fbf68757e,Steam Network 1 > HP-2 Steam HeaderA > HP-2 Steam GeneratorA > HP-2 Fuel Fired BoilerB > HP Boiler StackA,HP Boiler Stack,SOx Emission,,,,,,,,5,Steam Network 1 > HP-2 Steam HeaderA > HP-2 Steam GeneratorA > HP-2 Fuel Fired BoilerB,HP Boiler StackA,boiler_fired,False,False,False
85598319-66d4-e89f-781b-1487e38d6b86,221e05a3-b9a9-7a59-aeba-a3ab9bb77ffa,Steam Network 1 > HP-2 Steam HeaderA > HP-2 Steam GeneratorA > HP-2 Fuel Fired BoilerB > HP Boiler StackA,HP Boiler Stack,Stack Draft,,,,,,,,5,Steam Network 1 > HP-2 Steam HeaderA > HP-2 Steam GeneratorA > HP-2 Fuel Fired BoilerB,HP Boiler StackA,boiler_fired,False,False,False
85598319-66d4-e89f-781b-1487e38d6b86,5887c7f6-3f1d-9278-208e-0750679a558e,Steam Network 1 > HP-2 Steam HeaderA > HP-2 Steam GeneratorA > HP-2 Fuel Fired BoilerB > HP Boiler StackA,HP Boiler Stack,Stack Temperature,degC,,,,,,,5,Steam Network 1 > HP-2 Steam HeaderA > HP-2 Steam GeneratorA > HP-2 Fuel Fired BoilerB,HP Boiler StackA,boiler_fired,False,False,False
5689460b-baf7-b3c7-d34c-238dec7ef5cc,b775613e-7553-c9a8-6b7b-7eb0c226a896,Steam Network 1 > HP-2 Steam HeaderA > HP-2 Steam GeneratorA > HP-2 Fuel Fired BoilerB > HP Boiler Steam DrumA,HP Boiler Steam Drum,Drum Level,,,,,,,,5,Steam Network 1 > HP-2 Steam HeaderA > HP-2 Steam GeneratorA > HP-2 Fuel Fired BoilerB,HP Boiler Steam DrumA,boiler_fired,False,False,False
5689460b-baf7-b3c7-d34c-238dec7ef5cc,779cbe4b-220b-7747-2c26-a3cd5597c90c,Steam Network 1 > HP-2 Steam HeaderA > HP-2 Steam GeneratorA > HP-2 Fuel Fired BoilerB > HP Boiler Steam DrumA,HP Boiler Steam Drum,Drum Pressure,,,,,,,,5,Steam Network 1 > HP-2 Steam HeaderA > HP-2 Steam GeneratorA > HP-2 Fuel Fired BoilerB,HP Boiler Steam DrumA,boiler_fired,False,False,False
5689460b-baf7-b3c7-d34c-238dec7ef5cc,d51fd7ae-026d-606e-b5a5-ecc4d772b7c0,Steam Network 1 > HP-2 Steam HeaderA > HP-2 Steam GeneratorA > HP-2 Fuel Fired BoilerB > HP Boiler Steam DrumA,HP Boiler Steam Drum,Drum Temperature,degC,,,,,,,5,Steam Network 1 > HP-2 Steam HeaderA > HP-2 Steam GeneratorA > HP-2 Fuel Fired BoilerB,HP Boiler Steam DrumA,boiler_fired,False,False,False
5689460b-baf7-b3c7-d34c-238dec7ef5cc,884c3a93-2c5c-b8a3-e376-f399a4108230,Steam Network 1 > HP-2 Steam HeaderA > HP-2 Steam GeneratorA > HP-2 Fuel Fired BoilerB > HP Boiler Steam DrumA,HP Boiler Steam Drum,Drum Vent Flow,,,,,,,,5,Steam Network 1 > HP-2 Steam HeaderA > HP-2 Steam GeneratorA > HP-2 Fuel Fired BoilerB,HP Boiler Steam DrumA,boiler_fired,False,False,False
ff4421c9-85f3-3c71-23c9-05b97ab71db8,a191f4e6-9d3d-3b2e-1479-03543caccfc8,Steam Network 1 > HP-2 Steam HeaderA > HP-2 Steam GeneratorA > HP-2 Fuel Fired BoilerB > HP Boiler SuperheaterA,HP Boiler Superheater,Attemperator Flow Opening,,,,,,,,5,Steam Network 1 > HP-2 Steam HeaderA > HP-2 Steam GeneratorA > HP-2 Fuel Fired BoilerB,HP Boiler SuperheaterA,boiler_fired,False,False,False
ff4421c9-85f3-3c71-23c9-05b97ab71db8,bf28b981-6417-e997-e072-d417db3f5016,Steam Network 1 > HP-2 Steam HeaderA > HP-2 Steam GeneratorA > HP-2 Fuel Fired BoilerB > HP Boiler SuperheaterA,HP Boiler Superheater,Attemperator Spray Flow,,,,,,,,5,Steam Network 1 > HP-2 Steam HeaderA > HP-2 Steam GeneratorA > HP-2 Fuel Fired BoilerB,HP Boiler SuperheaterA,boiler_fired,False,False,False
ff4421c9-85f3-3c71-23c9-05b97ab71db8,fe833235-8a5d-cdcf-aa8b-09db74defffa,Steam Network 1 > HP-2 Steam HeaderA > HP-2 Steam GeneratorA > HP-2 Fuel Fired BoilerB > HP Boiler SuperheaterA,HP Boiler Superheater,Steam Inlet Pressure,bar,,,,,,,5,Steam Network 1 > HP-2 Steam HeaderA > HP-2 Steam GeneratorA > HP-2 Fuel Fired BoilerB,HP Boiler SuperheaterA,boiler_fired,False,False,False
ff4421c9-85f3-3c71-23c9-05b97ab71db8,512ae384-6e18-bbd6-3a6b-9c583f325852,Steam Network 1 > HP-2 Steam HeaderA > HP-2 Steam GeneratorA > HP-2 Fuel Fired BoilerB > HP Boiler SuperheaterA,HP Boiler Superheater,Steam Inlet Temperature,degC,,,,,,,5,Steam Network 1 > HP-2 Steam HeaderA > HP-2 Steam GeneratorA > HP-2 Fuel Fired BoilerB,HP Boiler SuperheaterA,boiler_fired,False,False,False
ff4421c9-85f3-3c71-23c9-05b97ab71db8,31cdfc12-606c-c5ee-e812-32bc51a139fc,Steam Network 1 > HP-2 Steam HeaderA > HP-2 Steam GeneratorA > HP-2 Fuel Fired BoilerB > HP Boiler SuperheaterA,HP Boiler Superheater,Steam Outlet Pressure,bar,,,,,,,5,Steam Network 1 > HP-2 Steam HeaderA > HP-2 Steam GeneratorA > HP-2 Fuel Fired BoilerB,HP Boiler SuperheaterA,boiler_fired,False,False,False
ff4421c9-85f3-3c71-23c9-05b97ab71db8,3d63f087-bdf4-c999-1440-bfaf8097391e,Steam Network 1 > HP-2 Steam HeaderA > HP-2 Steam GeneratorA > HP-2 Fuel Fired BoilerB > HP Boiler SuperheaterA,HP Boiler Superheater,Steam Outlet Temperature,degC,,,,,,,5,Steam Network 1 > HP-2 Steam HeaderA > HP-2 Steam GeneratorA > HP-2 Fuel Fired BoilerB,HP Boiler SuperheaterA,boiler_fired,False,False,False
ff4421c9-85f3-3c71-23c9-05b97ab71db8,a0d1cf57-c933-9267-f9ff-0a0169e25d30,Steam Network 1 > HP-2 Steam HeaderA > HP-2 Steam GeneratorA > HP-2 Fuel Fired BoilerB > HP Boiler SuperheaterA,HP Boiler Superheater,Tube Skin Temperature,degC,,,,,,,5,Steam Network 1 > HP-2 Steam HeaderA > HP-2 Steam GeneratorA > HP-2 Fuel Fired BoilerB,HP Boiler SuperheaterA,boiler_fired,False,False,False
fc0467ce-8ecf-893c-a027-924872cbeef2,29bc979b-6c14-4b89-d273-8af345a8dc12,Steam Network 1 > HP-2 Steam HeaderA > HP-2 Steam GeneratorA > HP-2 Fuel Fired BoilerC,HP Fuel Fired Boiler,Drum Level,,,,,,,,4,Steam Network 1 > HP-2 Steam HeaderA > HP-2 Steam GeneratorA,HP-2 Fuel Fired BoilerC,boiler_fired,False,False,False
fc0467ce-8ecf-893c-a027-924872cbeef2,24ac0ece-4a2d-bb84-bdbe-1c386e81b54a,Steam Network 1 > HP-2 Steam HeaderA > HP-2 Steam GeneratorA > HP-2 Fuel Fired BoilerC,HP Fuel Fired Boiler,Drum Pressure,bar,,,,,,,4,Steam Network 1 > HP-2 Steam HeaderA > HP-2 Steam GeneratorA,HP-2 Fuel Fired BoilerC,boiler_fired,False,False,False
fc0467ce-8ecf-893c-a027-924872cbeef2,361ab5ac-391d-8068-362b-cde00f0735c4,Steam Network 1 > HP-2 Steam HeaderA > HP-2 Steam GeneratorA > HP-2 Fuel Fired BoilerC,HP Fuel Fired Boiler,Flue Gas CO,mol%,,,,,,,4,Steam Network 1 > HP-2 Steam HeaderA > HP-2 Steam GeneratorA,HP-2 Fuel Fired BoilerC,boiler_fired,False,False,False
fc0467ce-8ecf-893c-a027-924872cbeef2,361ab703-391d-8bc1-b1d9-9a430f073cc2,Steam Network 1 > HP-2 Steam HeaderA > HP-2 Steam GeneratorA > HP-2 Fuel Fired BoilerC,HP Fuel Fired Boiler,Flue Gas O2,mol%,,,,,,,4,Steam Network 1 > HP-2 Steam HeaderA > HP-2 Steam GeneratorA,HP-2 Fuel Fired BoilerC,boiler_fired,False,False,False
fc0467ce-8ecf-893c-a027-924872cbeef2,5f90f9ae-fdc7-135e-e605-97e4a257eaf0,Steam Network 1 > HP-2 Steam HeaderA > HP-2 Steam GeneratorA > HP-2 Fuel Fired BoilerC,HP Fuel Fired Boiler,Fuel Gas C1,mol%,AR.AR5.DCS.Process.AI51211.PV,,,,,,4,Steam Network 1 > HP-2 Steam HeaderA > HP-2 Steam GeneratorA,HP-2 Fuel Fired BoilerC,boiler_fired,True,False,False
fc0467ce-8ecf-893c-a027-924872cbeef2,5f90f9af-fdc7-1365-80c3-7f0ba257eaca,Steam Network 1 > HP-2 Steam HeaderA > HP-2 Steam GeneratorA > HP-2 Fuel Fired BoilerC,HP Fuel Fired Boiler,Fuel Gas C2,mol%,AR.AR5.DCS.Process.AI51212.PV,,,,,,4,Steam Network 1 > HP-2 Steam HeaderA > HP-2 Steam GeneratorA,HP-2 Fuel Fired BoilerC,boiler_fired,True,False,False
fc0467ce-8ecf-893c-a027-924872cbeef2,5f90f9b0-fdc7-136c-1b81-6640a257eadc,Steam Network 1 > HP-2 Steam HeaderA > HP-2 Steam GeneratorA > HP-2 Fuel Fired BoilerC,HP Fuel Fired Boiler,Fuel Gas C3,mol%,AR.AR5.DCS.Process.AI51213.PV,,,,,,4,Steam Network 1 > HP-2 Steam HeaderA > HP-2 Steam GeneratorA,HP-2 Fuel Fired BoilerC,boiler_fired,True,False,False
fc0467ce-8ecf-893c-a027-924872cbeef2,d6523259-6f2c-871d-de28-a315b97eb544,Steam Network 1 > HP-2 Steam HeaderA > HP-2 Steam GeneratorA > HP-2 Fuel Fired BoilerC,HP Fuel Fired Boiler,Fuel Gas Calorific Value,,,,,,,,4,Steam Network 1 > HP-2 Steam HeaderA > HP-2 Steam GeneratorA,HP-2 Fuel Fired BoilerC,boiler_fired,False,False,False
fc0467ce-8ecf-893c-a027-924872cbeef2,27fabd67-4747-4525-74db-22e360bdf842,Steam Network 1 > HP-2 Steam HeaderA > HP-2 Steam GeneratorA > HP-2 Fuel Fired BoilerC,HP Fuel Fired Boiler,Fuel Gas CH3OH,mol%,,,,,,,4,Steam Network 1 > HP-2 Steam HeaderA > HP-2 Steam GeneratorA,HP-2 Fuel Fired BoilerC,boiler_fired,False,False,False
fc0467ce-8ecf-893c-a027-924872cbeef2,928e3fe6-adc5-ec4e-643d-80143f4bd3a8,Steam Network 1 > HP-2 Steam HeaderA > HP-2 Steam GeneratorA > HP-2 Fuel Fired BoilerC,HP Fuel Fired Boiler,Fuel Gas CO2,mol%,AR.AR5.DCS.Process.AI51217.PV,,,,,,4,Steam Network 1 > HP-2 Steam HeaderA > HP-2 Steam GeneratorA,HP-2 Fuel Fired BoilerC,boiler_fired,True,False,False
fc0467ce-8ecf-893c-a027-924872cbeef2,bf3b8eae-1daf-e0f2-2217-207ca2946e5c,Steam Network 1 > HP-2 Steam HeaderA > HP-2 Steam GeneratorA > HP-2 Fuel Fired BoilerC,HP Fuel Fired Boiler,Fuel Gas Flow,metric_ton/h,UN.UO.71FC1304.PV,,,,,,4,Steam Network 1 > HP-2 Steam HeaderA > HP-2 Steam GeneratorA,HP-2 Fuel Fired BoilerC,boiler_fired,True,False,False
fc0467ce-8ecf-893c-a027-924872cbeef2,5f90fa4a-fdc7-1874-96ae-5988a257e23e,Steam Network 1 > HP-2 Steam HeaderA > HP-2 Steam GeneratorA > HP-2 Fuel Fired BoilerC,HP Fuel Fired Boiler,Fuel Gas H2,mol%,,,,,,,4,Steam Network 1 > HP-2 Steam HeaderA > HP-2 Steam GeneratorA,HP-2 Fuel Fired BoilerC,boiler_fired,False,False,False
fc0467ce-8ecf-893c-a027-924872cbeef2,928ecd1a-adcb-6eb2-7909-c8143f45a3a8,Steam Network 1 > HP-2 Steam HeaderA > HP-2 Steam GeneratorA > HP-2 Fuel Fired BoilerC,HP Fuel Fired Boiler,Fuel Gas iC4,mol%,AR.AR5.DCS.Process.AI51215.PV,,,,,,4,Steam Network 1 > HP-2 Steam HeaderA > HP-2 Steam GeneratorA,HP-2 Fuel Fired BoilerC,boiler_fired,True,False,False
fc0467ce-8ecf-893c-a027-924872cbeef2,928ecd1b-adcb-6eb9-28bc-d2833f45a3a2,Steam Network 1 > HP-2 Steam HeaderA > HP-2 Steam GeneratorA > HP-2 Fuel Fired BoilerC,HP Fuel Fired Boiler,Fuel Gas iC5,mol%,AR.AR5.DCS.Process.AI512111.PV,,,,,,4,Steam Network 1 > HP-2 Steam HeaderA > HP-2 Steam GeneratorA,HP-2 Fuel Fired BoilerC,boiler_fired,True,False,False
fc0467ce-8ecf-893c-a027-924872cbeef2,138a7808-4447-cb5a-1614-8ad057cdb352,Steam Network 1 > HP-2 Steam HeaderA > HP-2 Steam GeneratorA > HP-2 Fuel Fired BoilerC,HP Fuel Fired Boiler,Fuel Gas Molecular Weight,,,,,,,,4,Steam Network 1 > HP-2 Steam HeaderA > HP-2 Steam GeneratorA,HP-2 Fuel Fired BoilerC,boiler_fired,False,False,False
fc0467ce-8ecf-893c-a027-924872cbeef2,5f90fb04-fdc7-1e86-1769-dc18a257e582,Steam Network 1 > HP-2 Steam HeaderA > HP-2 Steam GeneratorA > HP-2 Fuel Fired BoilerC,HP Fuel Fired Boiler,Fuel Gas N2,mol%,AR.AR5.DCS.Process.AI51219.PV,,,,,,4,Steam Network 1 > HP-2 Steam HeaderA > HP-2 Steam GeneratorA,HP-2 Fuel Fired BoilerC,boiler_fired,True,False,False
fc0467ce-8ecf-893c-a027-924872cbeef2,928edfdf-adcc-29dd-7fe5-fa833f42f602,Steam Network 1 > HP-2 Steam HeaderA > HP-2 Steam GeneratorA > HP-2 Fuel Fired BoilerC,HP Fuel Fired Boiler,Fuel Gas nC4,mol%,AR.AR5.DCS.Process.AI51214.PV,,,,,,4,Steam Network 1 > HP-2 Steam HeaderA > HP-2 Steam GeneratorA,HP-2 Fuel Fired BoilerC,boiler_fired,True,False,False
fc0467ce-8ecf-893c-a027-924872cbeef2,928edfe0-adcc-29e4-2f9a-43803f42f604,Steam Network 1 > HP-2 Steam HeaderA > HP-2 Steam GeneratorA > HP-2 Fuel Fired BoilerC,HP Fuel Fired Boiler,Fuel Gas nC5,mol%,AR.AR5.DCS.Process.AI512110.PV,,,,,,4,Steam Network 1 > HP-2 Steam HeaderA > HP-2 Steam GeneratorA,HP-2 Fuel Fired BoilerC,boiler_fired,True,False,False
fc0467ce-8ecf-893c-a027-924872cbeef2,95aa7f35-a1d2-b05d-44de-a6413478cf68,Steam Network 1 > HP-2 Steam HeaderA > HP-2 Steam GeneratorA > HP-2 Fuel Fired BoilerC,HP Fuel Fired Boiler,Fuel oil Flow,metric_ton/h,,,,,,,4,Steam Network 1 > HP-2 Steam HeaderA > HP-2 Steam GeneratorA,HP-2 Fuel Fired BoilerC,boiler_fired,False,False,False
fc0467ce-8ecf-893c-a027-924872cbeef2,817271e8-fa3f-3214-0f48-36207b4d43fc,Steam Network 1 > HP-2 Steam HeaderA > HP-2 Steam GeneratorA > HP-2 Fuel Fired BoilerC,HP Fuel Fired Boiler,Furnace Draft,mmHg,,,,,,,4,Steam Network 1 > HP-2 Steam HeaderA > HP-2 Steam GeneratorA,HP-2 Fuel Fired BoilerC,boiler_fired,False,False,False
fc0467ce-8ecf-893c-a027-924872cbeef2,7b87684b-2f5a-e4a9-94a4-a58354dd8ce2,Steam Network 1 > HP-2 Steam HeaderA > HP-2 Steam GeneratorA > HP-2 Fuel Fired BoilerC,HP Fuel Fired Boiler,Liquid Fuel Component1,mol%,,,,,,,4,Steam Network 1 > HP-2 Steam HeaderA > HP-2 Steam GeneratorA,HP-2 Fuel Fired BoilerC,boiler_fired,False,False,False
fc0467ce-8ecf-893c-a027-924872cbeef2,7b87684c-2f5a-e4b0-24b3-644054dd8cfc,Steam Network 1 > HP-2 Steam HeaderA > HP-2 Steam GeneratorA > HP-2 Fuel Fired BoilerC,HP Fuel Fired Boiler,Liquid Fuel Component2,mol%,,,,,,,4,Steam Network 1 > HP-2 Steam HeaderA > HP-2 Steam GeneratorA,HP-2 Fuel Fired BoilerC,boiler_fired,False,False,False
fc0467ce-8ecf-893c-a027-924872cbeef2,7b87684d-2f5a-e4b7-b4c2-230b54dd8cfa,Steam Network 1 > HP-2 Steam HeaderA > HP-2 Steam GeneratorA > HP-2 Fuel Fired BoilerC,HP Fuel Fired Boiler,Liquid Fuel Component3,,,,,,,,4,Steam Network 1 > HP-2 Steam HeaderA > HP-2 Steam GeneratorA,HP-2 Fuel Fired BoilerC,boiler_fired,False,False,False
fc0467ce-8ecf-893c-a027-924872cbeef2,6138c96b-a246-46cd-2ace-8cafc37e8fa6,Steam Network 1 > HP-2 Steam HeaderA > HP-2 Steam GeneratorA > HP-2 Fuel Fired BoilerC,HP Fuel Fired Boiler,Stack Temperature,degC,UN.UO.71TI1307.PV,,,,,,4,Steam Network 1 > HP-2 Steam HeaderA > HP-2 Steam GeneratorA,HP-2 Fuel Fired BoilerC,boiler_fired,True,False,False
fc0467ce-8ecf-893c-a027-924872cbeef2,0d665a95-bfc6-6ae3-7d82-041fb2a03076,Steam Network 1 > HP-2 Steam HeaderA > HP-2 Steam GeneratorA > HP-2 Fuel Fired BoilerC,HP Fuel Fired Boiler,Steam Generation Flow,metric_ton/h,UN.UO.71FI1301.PV,,,,,,4,Steam Network 1 > HP-2 Steam HeaderA > HP-2 Steam GeneratorA,HP-2 Fuel Fired BoilerC,boiler_fired,True,False,False
fc0467ce-8ecf-893c-a027-924872cbeef2,216dc057-09f7-d691-50e3-ab47289a16c6,Steam Network 1 > HP-2 Steam HeaderA > HP-2 Steam GeneratorA > HP-2 Fuel Fired BoilerC,HP Fuel Fired Boiler,Steam Outlet Pressure,bar,UN.UO.71PC1313.PV,,,,,,4,Steam Network 1 > HP-2 Steam HeaderA > HP-2 Steam GeneratorA,HP-2 Fuel Fired BoilerC,boiler_fired,True,False,False
fc0467ce-8ecf-893c-a027-924872cbeef2,8e9d0a22-1ecf-9550-2576-f4a090529f72,Steam Network 1 > HP-2 Steam HeaderA > HP-2 Steam GeneratorA > HP-2 Fuel Fired BoilerC,HP Fuel Fired Boiler,Steam Outlet Temperature,degC,UN.UO.71TC1311.PV,,,,,,4,Steam Network 1 > HP-2 Steam HeaderA > HP-2 Steam GeneratorA,HP-2 Fuel Fired BoilerC,boiler_fired,True,False,False
befdd9b6-03a7-cdc4-a96b-6d58bd5a1472,37b46bab-bc32-fc2f-6f82-18658b869784,Steam Network 1 > HP-2 Steam HeaderA > HP-2 Steam GeneratorA > HP-2 Fuel Fired BoilerC > HP Boiler Air PreheaterA,HP Boiler Air Preheater,Air Inlet Temperature,degC,,,,,,,5,Steam Network 1 > HP-2 Steam HeaderA > HP-2 Steam GeneratorA > HP-2 Fuel Fired BoilerC,HP Boiler Air PreheaterA,boiler_fired,False,False,False
befdd9b6-03a7-cdc4-a96b-6d58bd5a1472,280b6d40-07c0-1676-20a7-db802fcb7b36,Steam Network 1 > HP-2 Steam HeaderA > HP-2 Steam GeneratorA > HP-2 Fuel Fired BoilerC > HP Boiler Air PreheaterA,HP Boiler Air Preheater,Air Outlet Temperature,degC,,,,,,,5,Steam Network 1 > HP-2 Steam HeaderA > HP-2 Steam GeneratorA > HP-2 Fuel Fired BoilerC,HP Boiler Air PreheaterA,boiler_fired,False,False,False
befdd9b6-03a7-cdc4-a96b-6d58bd5a1472,534643c0-2b26-c98e-aaab-548078608a4e,Steam Network 1 > HP-2 Steam HeaderA > HP-2 Steam GeneratorA > HP-2 Fuel Fired BoilerC > HP Boiler Air PreheaterA,HP Boiler Air Preheater,Air Side Differential Pressure,,,,,,,,5,Steam Network 1 > HP-2 Steam HeaderA > HP-2 Steam GeneratorA > HP-2 Fuel Fired BoilerC,HP Boiler Air PreheaterA,boiler_fired,False,False,False
befdd9b6-03a7-cdc4-a96b-6d58bd5a1472,d6deefe9-9acd-5303-13fa-5abb4c13bcea,Steam Network 1 > HP-2 Steam HeaderA > HP-2 Steam GeneratorA > HP-2 Fuel Fired BoilerC > HP Boiler Air PreheaterA,HP Boiler Air Preheater,Flue Inlet Temperature,degC,,,,,,,5,Steam Network 1 > HP-2 Steam HeaderA > HP-2 Steam GeneratorA > HP-2 Fuel Fired BoilerC,HP Boiler Air PreheaterA,boiler_fired,False,False,False
befdd9b6-03a7-cdc4-a96b-6d58bd5a1472,6e3170c2-340e-a31a-3e6c-f9b45a3fd3d8,Steam Network 1 > HP-2 Steam HeaderA > HP-2 Steam GeneratorA > HP-2 Fuel Fired BoilerC > HP Boiler Air PreheaterA,HP Boiler Air Preheater,Flue Outlet Temperature,degC,,,,,,,5,Steam Network 1 > HP-2 Steam HeaderA > HP-2 Steam GeneratorA > HP-2 Fuel Fired BoilerC,HP Boiler Air PreheaterA,boiler_fired,False,False,False
befdd9b6-03a7-cdc4-a96b-6d58bd5a1472,cf877d13-cd7f-dcd3-bf95-6aa902f8a1c0,Steam Network 1 > HP-2 Steam HeaderA > HP-2 Steam GeneratorA > HP-2 Fuel Fired BoilerC > HP Boiler Air PreheaterA,HP Boiler Air Preheater,Leakage,,,,,,,,5,Steam Network 1 > HP-2 Steam HeaderA > HP-2 Steam GeneratorA > HP-2 Fuel Fired BoilerC,HP Boiler Air PreheaterA,boiler_fired,False,False,False
fc5bc225-f01d-e5cb-df9f-0c570c4627ee,d4ac0ea8-b12f-eeca-9e3b-c0906583e062,Steam Network 1 > HP-2 Steam HeaderA > HP-2 Steam GeneratorA > HP-2 Fuel Fired BoilerC > HP Boiler BFW SystemA > HP Boiler BFW PumpA,HP Boiler BFW Pump,Bearing Temperature,,,,,,,,6,Steam Network 1 > HP-2 Steam HeaderA > HP-2 Steam GeneratorA > HP-2 Fuel Fired BoilerC > HP Boiler BFW SystemA,HP Boiler BFW PumpA,boiler_fired,False,False,False
fc5bc225-f01d-e5cb-df9f-0c570c4627ee,5fb8d366-b36d-464a-89a8-ff7cecd5952c,Steam Network 1 > HP-2 Steam HeaderA > HP-2 Steam GeneratorA > HP-2 Fuel Fired BoilerC > HP Boiler BFW SystemA > HP Boiler BFW PumpA,HP Boiler BFW Pump,Discharge Flow,metric_ton/h,,,,,,,6,Steam Network 1 > HP-2 Steam HeaderA > HP-2 Steam GeneratorA > HP-2 Fuel Fired BoilerC > HP Boiler BFW SystemA,HP Boiler BFW PumpA,boiler_fired,False,False,False
fc5bc225-f01d-e5cb-df9f-0c570c4627ee,a1d30c7d-a76d-df5d-7dc5-6c6906bed320,Steam Network 1 > HP-2 Steam HeaderA > HP-2 Steam GeneratorA > HP-2 Fuel Fired BoilerC > HP Boiler BFW SystemA > HP Boiler BFW PumpA,HP Boiler BFW Pump,Discharge Pressure,bar,,,,,,,6,Steam Network 1 > HP-2 Steam HeaderA > HP-2 Steam GeneratorA > HP-2 Fuel Fired BoilerC > HP Boiler BFW SystemA,HP Boiler BFW PumpA,boiler_fired,False,False,False
fc5bc225-f01d-e5cb-df9f-0c570c4627ee,a5ece57c-4242-306a-4116-4558e7aed516,Steam Network 1 > HP-2 Steam HeaderA > HP-2 Steam GeneratorA > HP-2 Fuel Fired BoilerC > HP Boiler BFW SystemA > HP Boiler BFW PumpA,HP Boiler BFW Pump,Driver Steam Flow,metric_ton/h,,,,,,,6,Steam Network 1 > HP-2 Steam HeaderA > HP-2 Steam GeneratorA > HP-2 Fuel Fired BoilerC > HP Boiler BFW SystemA,HP Boiler BFW PumpA,boiler_fired,False,False,False
fc5bc225-f01d-e5cb-df9f-0c570c4627ee,2ff40795-7860-3d25-c3f3-998957943ab0,Steam Network 1 > HP-2 Steam HeaderA > HP-2 Steam GeneratorA > HP-2 Fuel Fired BoilerC > HP Boiler BFW SystemA > HP Boiler BFW PumpA,HP Boiler BFW Pump,Exhaust Pressure,bar,,,,,,,6,Steam Network 1 > HP-2 Steam HeaderA > HP-2 Steam GeneratorA > HP-2 Fuel Fired BoilerC > HP Boiler BFW SystemA,HP Boiler BFW PumpA,boiler_fired,False,False,False
fc5bc225-f01d-e5cb-df9f-0c570c4627ee,cab99224-c5e0-0714-7cfe-66d00f599530,Steam Network 1 > HP-2 Steam HeaderA > HP-2 Steam GeneratorA > HP-2 Fuel Fired BoilerC > HP Boiler BFW SystemA > HP Boiler BFW PumpA,HP Boiler BFW Pump,Exhaust Temperature,degC,,,,,,,6,Steam Network 1 > HP-2 Steam HeaderA > HP-2 Steam GeneratorA > HP-2 Fuel Fired BoilerC > HP Boiler BFW SystemA,HP Boiler BFW PumpA,boiler_fired,False,False,False
fc5bc225-f01d-e5cb-df9f-0c570c4627ee,f41b4fd9-bde3-1261-6c61-833949f85db8,Steam Network 1 > HP-2 Steam HeaderA > HP-2 Steam GeneratorA > HP-2 Fuel Fired BoilerC > HP Boiler BFW SystemA > HP Boiler BFW PumpA,HP Boiler BFW Pump,Inlet Steam Pressure,bar,,,,,,,6,Steam Network 1 > HP-2 Steam HeaderA > HP-2 Steam GeneratorA > HP-2 Fuel Fired BoilerC > HP Boiler BFW SystemA,HP Boiler BFW PumpA,boiler_fired,False,False,False
fc5bc225-f01d-e5cb-df9f-0c570c4627ee,620c3360-75e9-47e0-cf4c-940017e57480,Steam Network 1 > HP-2 Steam HeaderA > HP-2 Steam GeneratorA > HP-2 Fuel Fired BoilerC > HP Boiler BFW SystemA > HP Boiler BFW PumpA,HP Boiler BFW Pump,Inlet Steam Temperature,degC,,,,,,,6,Steam Network 1 > HP-2 Steam HeaderA > HP-2 Steam GeneratorA > HP-2 Fuel Fired BoilerC > HP Boiler BFW SystemA,HP Boiler BFW PumpA,boiler_fired,False,False,False
fc5bc225-f01d-e5cb-df9f-0c570c4627ee,f59083f4-2691-ab28-dbec-9a20d30128dc,Steam Network 1 > HP-2 Steam HeaderA > HP-2 Steam GeneratorA > HP-2 Fuel Fired BoilerC > HP Boiler BFW SystemA > HP Boiler BFW PumpA,HP Boiler BFW Pump,Motor Current,A,,,,,,,6,Steam Network 1 > HP-2 Steam HeaderA > HP-2 Steam GeneratorA > HP-2 Fuel Fired BoilerC > HP Boiler BFW SystemA,HP Boiler BFW PumpA,boiler_fired,False,False,False
fc5bc225-f01d-e5cb-df9f-0c570c4627ee,da510496-654d-ec26-a75e-f644bf1ce8b0,Steam Network 1 > HP-2 Steam HeaderA > HP-2 Steam GeneratorA > HP-2 Fuel Fired BoilerC > HP Boiler BFW SystemA > HP Boiler BFW PumpA,HP Boiler BFW Pump,Power Output,kW,,,,,,,6,Steam Network 1 > HP-2 Steam HeaderA > HP-2 Steam GeneratorA > HP-2 Fuel Fired BoilerC > HP Boiler BFW SystemA,HP Boiler BFW PumpA,boiler_fired,False,False,False
fc5bc225-f01d-e5cb-df9f-0c570c4627ee,d12b458d-f565-fd2b-47a2-07af244eb8a6,Steam Network 1 > HP-2 Steam HeaderA > HP-2 Steam GeneratorA > HP-2 Fuel Fired BoilerC > HP Boiler BFW SystemA > HP Boiler BFW PumpA,HP Boiler BFW Pump,Speed,rpm,,,,,,,6,Steam Network 1 > HP-2 Steam HeaderA > HP-2 Steam GeneratorA > HP-2 Fuel Fired BoilerC > HP Boiler BFW SystemA,HP Boiler BFW PumpA,boiler_fired,False,False,False
fc5bc225-f01d-e5cb-df9f-0c570c4627ee,5921444a-d934-b846-e135-dc3c8015fc0c,Steam Network 1 > HP-2 Steam HeaderA > HP-2 Steam GeneratorA > HP-2 Fuel Fired BoilerC > HP Boiler BFW SystemA > HP Boiler BFW PumpA,HP Boiler BFW Pump,Suction Pressure,bar,,,,,,,6,Steam Network 1 > HP-2 Steam HeaderA > HP-2 Steam GeneratorA > HP-2 Fuel Fired BoilerC > HP Boiler BFW SystemA,HP Boiler BFW PumpA,boiler_fired,False,False,False
fc5bc225-f01d-e5cb-df9f-0c570c4627ee,74f124d8-360b-6eba-ba51-94f042fa4a62,Steam Network 1 > HP-2 Steam HeaderA > HP-2 Steam GeneratorA > HP-2 Fuel Fired BoilerC > HP Boiler BFW SystemA > HP Boiler BFW PumpA,HP Boiler BFW Pump,Vibration,,UN.UO.71VI1872.PV,,,,,,6,Steam Network 1 > HP-2 Steam HeaderA > HP-2 Steam GeneratorA > HP-2 Fuel Fired BoilerC > HP Boiler BFW SystemA,HP Boiler BFW PumpA,boiler_fired,True,False,False
fc5bc225-f01d-e5cb-df9f-0c570c4627ee,8e156b1f-64b6-4a1d-8d6e-1883eaa32102,Steam Network 1 > HP-2 Steam HeaderA > HP-2 Steam GeneratorA > HP-2 Fuel Fired BoilerC > HP Boiler BFW SystemA > HP Boiler BFW PumpA,HP Boiler BFW Pump,Wetness Fraction,,,,,,,,6,Steam Network 1 > HP-2 Steam HeaderA > HP-2 Steam GeneratorA > HP-2 Fuel Fired BoilerC > HP Boiler BFW SystemA,HP Boiler BFW PumpA,boiler_fired,False,False,False
d1813206-6032-c57c-eb3e-d8e8b1b3f77a,13e57532-442b-6874-32fb-6aa857ce1d46,Steam Network 1 > HP-2 Steam HeaderA > HP-2 Steam GeneratorA > HP-2 Fuel Fired BoilerC > HP Boiler BFW SystemA,HP Boiler BFW System,BFW Header Pressure,bar,UN.UO.71PI1021A.PV,,,,,,5,Steam Network 1 > HP-2 Steam HeaderA > HP-2 Steam GeneratorA > HP-2 Fuel Fired BoilerC,HP Boiler BFW SystemA,boiler_fired,True,False,False
d1813206-6032-c57c-eb3e-d8e8b1b3f77a,c6fc6367-0c98-3547-49bb-e491ca645620,Steam Network 1 > HP-2 Steam HeaderA > HP-2 Steam GeneratorA > HP-2 Fuel Fired BoilerC > HP Boiler BFW SystemA,HP Boiler BFW System,BFW Header Temperature,degC,UN.UO.71TI1079.PV,,,,,,5,Steam Network 1 > HP-2 Steam HeaderA > HP-2 Steam GeneratorA > HP-2 Fuel Fired BoilerC,HP Boiler BFW SystemA,boiler_fired,True,False,False
d1813206-6032-c57c-eb3e-d8e8b1b3f77a,80874d7e-cb93-f216-5c3b-c4d44b14bf68,Steam Network 1 > HP-2 Steam HeaderA > HP-2 Steam GeneratorA > HP-2 Fuel Fired BoilerC > HP Boiler BFW SystemA,HP Boiler BFW System,BFW Inlet Flow,metric_ton/h,UN.UO.71FC1103.PV,,,,,,5,Steam Network 1 > HP-2 Steam HeaderA > HP-2 Steam GeneratorA > HP-2 Fuel Fired BoilerC,HP Boiler BFW SystemA,boiler_fired,True,False,False
d1813206-6032-c57c-eb3e-d8e8b1b3f77a,83545c4b-cde2-a877-f1fe-1edd4eb6f43c,Steam Network 1 > HP-2 Steam HeaderA > HP-2 Steam GeneratorA > HP-2 Fuel Fired BoilerC > HP Boiler BFW SystemA,HP Boiler BFW System,BFW Quality (Conductivity),,UN.UO.71AI1005B.PV,,,,,,5,Steam Network 1 > HP-2 Steam HeaderA > HP-2 Steam GeneratorA > HP-2 Fuel Fired BoilerC,HP Boiler BFW SystemA,boiler_fired,True,False,False
f5fe4705-6dc4-ab8b-eb54-e6b7983aec8e,0b18792f-05a3-25d7-eefe-91790ebb5cf8,Steam Network 1 > HP-2 Steam HeaderA > HP-2 Steam GeneratorA > HP-2 Fuel Fired BoilerC > HP Boiler Blowdown SystemA,HP Boiler Blowdown System,Blowdown Conductivity,,UN.UO.71AC1301.PV,,,,,,5,Steam Network 1 > HP-2 Steam HeaderA > HP-2 Steam GeneratorA > HP-2 Fuel Fired BoilerC,HP Boiler Blowdown SystemA,boiler_fired,True,False,False
f5fe4705-6dc4-ab8b-eb54-e6b7983aec8e,d25ab584-399c-4f50-bacc-7540ebc6fad4,Steam Network 1 > HP-2 Steam HeaderA > HP-2 Steam GeneratorA > HP-2 Fuel Fired BoilerC > HP Boiler Blowdown SystemA,HP Boiler Blowdown System,Blowdown Flow Conroller Opening,percent,,,,,,,5,Steam Network 1 > HP-2 Steam HeaderA > HP-2 Steam GeneratorA > HP-2 Fuel Fired BoilerC,HP Boiler Blowdown SystemA,boiler_fired,False,False,False
f5fe4705-6dc4-ab8b-eb54-e6b7983aec8e,9e88f831-f5b5-2759-5b12-c0096b3ddf68,Steam Network 1 > HP-2 Steam HeaderA > HP-2 Steam GeneratorA > HP-2 Fuel Fired BoilerC > HP Boiler Blowdown SystemA,HP Boiler Blowdown System,Blowdown TDS,,,,,,,,5,Steam Network 1 > HP-2 Steam HeaderA > HP-2 Steam GeneratorA > HP-2 Fuel Fired BoilerC,HP Boiler Blowdown SystemA,boiler_fired,False,False,False
f5fe4705-6dc4-ab8b-eb54-e6b7983aec8e,298c4f43-188f-cc49-3698-fe1b3103830a,Steam Network 1 > HP-2 Steam HeaderA > HP-2 Steam GeneratorA > HP-2 Fuel Fired BoilerC > HP Boiler Blowdown SystemA,HP Boiler Blowdown System,Continuous Blowdown Flow,metric_ton/h,UN.UO.71FC1300.PV,,,,,,5,Steam Network 1 > HP-2 Steam HeaderA > HP-2 Steam GeneratorA > HP-2 Fuel Fired BoilerC,HP Boiler Blowdown SystemA,boiler_fired,True,False,False
f5fe4705-6dc4-ab8b-eb54-e6b7983aec8e,8f0cfcf5-63b3-cbe9-1db7-81fdecbf371c,Steam Network 1 > HP-2 Steam HeaderA > HP-2 Steam GeneratorA > HP-2 Fuel Fired BoilerC > HP Boiler Blowdown SystemA,HP Boiler Blowdown System,Flash Drum Pressure,bar,,,,,,,5,Steam Network 1 > HP-2 Steam HeaderA > HP-2 Steam GeneratorA > HP-2 Fuel Fired BoilerC,HP Boiler Blowdown SystemA,boiler_fired,False,False,False
f5fe4705-6dc4-ab8b-eb54-e6b7983aec8e,743f7e88-3113-952c-5ba6-e760452ceba4,Steam Network 1 > HP-2 Steam HeaderA > HP-2 Steam GeneratorA > HP-2 Fuel Fired BoilerC > HP Boiler Blowdown SystemA,HP Boiler Blowdown System,Flash Steam Flow,metric_ton/h,,,,,,,5,Steam Network 1 > HP-2 Steam HeaderA > HP-2 Steam GeneratorA > HP-2 Fuel Fired BoilerC,HP Boiler Blowdown SystemA,boiler_fired,False,False,False
f5fe4705-6dc4-ab8b-eb54-e6b7983aec8e,57afa8a7-a0de-9339-04c6-722ff7713b9e,Steam Network 1 > HP-2 Steam HeaderA > HP-2 Steam GeneratorA > HP-2 Fuel Fired BoilerC > HP Boiler Blowdown SystemA,HP Boiler Blowdown System,Intermittent Blowdown Flow,metric_ton/h,,,,,,,5,Steam Network 1 > HP-2 Steam HeaderA > HP-2 Steam GeneratorA > HP-2 Fuel Fired BoilerC,HP Boiler Blowdown SystemA,boiler_fired,False,False,False
b1de853c-a839-3896-efe3-312819e7bdaa,e346b645-31d8-a80d-f16c-8981d29e1e48,Steam Network 1 > HP-2 Steam HeaderA > HP-2 Steam GeneratorA > HP-2 Fuel Fired BoilerC > HP Boiler Combustion SystemA > HP Boiler BurnerA,HP Boiler Burner,Burner Air Flow,,,,,,,,6,Steam Network 1 > HP-2 Steam HeaderA > HP-2 Steam GeneratorA > HP-2 Fuel Fired BoilerC > HP Boiler Combustion SystemA,HP Boiler BurnerA,boiler_fired,False,False,False
b1de853c-a839-3896-efe3-312819e7bdaa,9056f78d-4c9d-c663-c291-c987dccb31ee,Steam Network 1 > HP-2 Steam HeaderA > HP-2 Steam GeneratorA > HP-2 Fuel Fired BoilerC > HP Boiler Combustion SystemA > HP Boiler BurnerA,HP Boiler Burner,Burner Backpressure,bar,,,,,,,6,Steam Network 1 > HP-2 Steam HeaderA > HP-2 Steam GeneratorA > HP-2 Fuel Fired BoilerC > HP Boiler Combustion SystemA,HP Boiler BurnerA,boiler_fired,False,False,False
b1de853c-a839-3896-efe3-312819e7bdaa,194ad5b7-6b40-cae9-fc7e-e98f720a1f5e,Steam Network 1 > HP-2 Steam HeaderA > HP-2 Steam GeneratorA > HP-2 Fuel Fired BoilerC > HP Boiler Combustion SystemA > HP Boiler BurnerA,HP Boiler Burner,Burner Fuel Flow,m³/h,,,,,,,6,Steam Network 1 > HP-2 Steam HeaderA > HP-2 Steam GeneratorA > HP-2 Fuel Fired BoilerC > HP Boiler Combustion SystemA,HP Boiler BurnerA,boiler_fired,False,False,False
b1de853c-a839-3896-efe3-312819e7bdaa,3c12dfe2-474b-6502-2faf-e9c47b59bae0,Steam Network 1 > HP-2 Steam HeaderA > HP-2 Steam GeneratorA > HP-2 Fuel Fired BoilerC > HP Boiler Combustion SystemA > HP Boiler BurnerA,HP Boiler Burner,Flame Status,,,,,,,,6,Steam Network 1 > HP-2 Steam HeaderA > HP-2 Steam GeneratorA > HP-2 Fuel Fired BoilerC > HP Boiler Combustion SystemA,HP Boiler BurnerA,boiler_fired,False,False,False
b1de853c-a839-3896-efe3-312819e7bdaa,883798bd-596b-aaa7-53b1-254bd15c321a,Steam Network 1 > HP-2 Steam HeaderA > HP-2 Steam GeneratorA > HP-2 Fuel Fired BoilerC > HP Boiler Combustion SystemA > HP Boiler BurnerA,HP Boiler Burner,Pilot Status,,,,,,,,6,Steam Network 1 > HP-2 Steam HeaderA > HP-2 Steam GeneratorA > HP-2 Fuel Fired BoilerC > HP Boiler Combustion SystemA,HP Boiler BurnerA,boiler_fired,False,False,False
135195e4-4ab2-915c-47c0-01f059e304b8,122deb99-3de5-f5cd-b61c-16852fc81e54,Steam Network 1 > HP-2 Steam HeaderA > HP-2 Steam GeneratorA > HP-2 Fuel Fired BoilerC > HP Boiler Combustion SystemA,HP Boiler Combustion System,Atomizing Steam Flow,metric_ton/h,,,,,,,5,Steam Network 1 > HP-2 Steam HeaderA > HP-2 Steam GeneratorA > HP-2 Fuel Fired BoilerC,HP Boiler Combustion SystemA,boiler_fired,False,False,False
135195e4-4ab2-915c-47c0-01f059e304b8,cf203def-775d-24ad-1a52-7683b87d1942,Steam Network 1 > HP-2 Steam HeaderA > HP-2 Steam GeneratorA > HP-2 Fuel Fired BoilerC > HP Boiler Combustion SystemA,HP Boiler Combustion System,Burner Header Pressure,bar,,,,,,,5,Steam Network 1 > HP-2 Steam HeaderA > HP-2 Steam GeneratorA > HP-2 Fuel Fired BoilerC,HP Boiler Combustion SystemA,boiler_fired,False,False,False
135195e4-4ab2-915c-47c0-01f059e304b8,476ff07b-50ca-b29f-64c9-e26517a542e4,Steam Network 1 > HP-2 Steam HeaderA > HP-2 Steam GeneratorA > HP-2 Fuel Fired BoilerC > HP Boiler Combustion SystemA,HP Boiler Combustion System,Excess O2 Setpoint,vol%,,,,,,,5,Steam Network 1 > HP-2 Steam HeaderA > HP-2 Steam GeneratorA > HP-2 Fuel Fired BoilerC,HP Boiler Combustion SystemA,boiler_fired,False,False,False
135195e4-4ab2-915c-47c0-01f059e304b8,f6d68298-f6a1-0e76-b39c-821000778cee,Steam Network 1 > HP-2 Steam HeaderA > HP-2 Steam GeneratorA > HP-2 Fuel Fired BoilerC > HP Boiler Combustion SystemA,HP Boiler Combustion System,Pilot Gas Flow,metric_ton/h,,,,,,,5,Steam Network 1 > HP-2 Steam HeaderA > HP-2 Steam GeneratorA > HP-2 Fuel Fired BoilerC,HP Boiler Combustion SystemA,boiler_fired,False,False,False
135195e4-4ab2-915c-47c0-01f059e304b8,758d615a-dba7-ac72-d613-d214ae2acd28,Steam Network 1 > HP-2 Steam HeaderA > HP-2 Steam GeneratorA > HP-2 Fuel Fired BoilerC > HP Boiler Combustion SystemA,HP Boiler Combustion System,Total Combustion Air Flow,,,,,,,,5,Steam Network 1 > HP-2 Steam HeaderA > HP-2 Steam GeneratorA > HP-2 Fuel Fired BoilerC,HP Boiler Combustion SystemA,boiler_fired,False,False,False
4e14cfb7-4d19-9c4b-e28b-5e9d030d53fc,19323a1c-91c1-90f4-efab-22b088f3aae8,Steam Network 1 > HP-2 Steam HeaderA > HP-2 Steam GeneratorA > HP-2 Fuel Fired BoilerC > HP Boiler Convection SectionA,HP Boiler Convection Section,Draft at Arch,,,,,,,,5,Steam Network 1 > HP-2 Steam HeaderA > HP-2 Steam GeneratorA > HP-2 Fuel Fired BoilerC,HP Boiler Convection SectionA,boiler_fired,False,False,False
4e14cfb7-4d19-9c4b-e28b-5e9d030d53fc,2a54c8c8-8ca0-721e-9458-9770a6f4bad6,Steam Network 1 > HP-2 Steam HeaderA > HP-2 Steam GeneratorA > HP-2 Fuel Fired BoilerC > HP Boiler Convection SectionA,HP Boiler Convection Section,Flue Inlet Temperature,degC,,,,,,,5,Steam Network 1 > HP-2 Steam HeaderA > HP-2 Steam GeneratorA > HP-2 Fuel Fired BoilerC,HP Boiler Convection SectionA,boiler_fired,False,False,False
4e14cfb7-4d19-9c4b-e28b-5e9d030d53fc,8976b3c3-2792-2201-878c-99c3aee491c2,Steam Network 1 > HP-2 Steam HeaderA > HP-2 Steam GeneratorA > HP-2 Fuel Fired BoilerC > HP Boiler Convection SectionA,HP Boiler Convection Section,Flue Outlet Temperature,degC,,,,,,,5,Steam Network 1 > HP-2 Steam HeaderA > HP-2 Steam GeneratorA > HP-2 Fuel Fired BoilerC,HP Boiler Convection SectionA,boiler_fired,False,False,False
103176cf-83a6-0223-90ea-dc4d939774ec,45190a0a-0f58-7b38-2ebd-00304a417132,Steam Network 1 > HP-2 Steam HeaderA > HP-2 Steam GeneratorA > HP-2 Fuel Fired BoilerC > HP Boiler SuperheaterA > HP Boiler DesuperheaterA,HP Boiler Desuperheater,Inlet Steam Temperature,degC,,,,,,,6,Steam Network 1 > HP-2 Steam HeaderA > HP-2 Steam GeneratorA > HP-2 Fuel Fired BoilerC > HP Boiler SuperheaterA,HP Boiler DesuperheaterA,boiler_fired,False,False,False
103176cf-83a6-0223-90ea-dc4d939774ec,f644b661-f4aa-29c3-27f6-74e302ee9fa2,Steam Network 1 > HP-2 Steam HeaderA > HP-2 Steam GeneratorA > HP-2 Fuel Fired BoilerC > HP Boiler SuperheaterA > HP Boiler DesuperheaterA,HP Boiler Desuperheater,Outlet Steam Setpoint,,,,,,,,6,Steam Network 1 > HP-2 Steam HeaderA > HP-2 Steam GeneratorA > HP-2 Fuel Fired BoilerC > HP Boiler SuperheaterA,HP Boiler DesuperheaterA,boiler_fired,False,False,False
103176cf-83a6-0223-90ea-dc4d939774ec,0ad12ca1-0d9a-8b73-750c-7753074ba7d2,Steam Network 1 > HP-2 Steam HeaderA > HP-2 Steam GeneratorA > HP-2 Fuel Fired BoilerC > HP Boiler SuperheaterA > HP Boiler DesuperheaterA,HP Boiler Desuperheater,Outlet Steam Temperature,degC,UN.UO.71TC1311.PV,,,,,,6,Steam Network 1 > HP-2 Steam HeaderA > HP-2 Steam GeneratorA > HP-2 Fuel Fired BoilerC > HP Boiler SuperheaterA,HP Boiler DesuperheaterA,boiler_fired,True,False,False
103176cf-83a6-0223-90ea-dc4d939774ec,81bd3ac5-eade-bb43-374a-488f6b638186,Steam Network 1 > HP-2 Steam HeaderA > HP-2 Steam GeneratorA > HP-2 Fuel Fired BoilerC > HP Boiler SuperheaterA > HP Boiler DesuperheaterA,HP Boiler Desuperheater,Spray Valve Opening,percent,,,,,,,6,Steam Network 1 > HP-2 Steam HeaderA > HP-2 Steam GeneratorA > HP-2 Fuel Fired BoilerC > HP Boiler SuperheaterA,HP Boiler DesuperheaterA,boiler_fired,False,False,False
103176cf-83a6-0223-90ea-dc4d939774ec,e596c3ba-7219-4d96-d05f-a0fc978f8e2c,Steam Network 1 > HP-2 Steam HeaderA > HP-2 Steam GeneratorA > HP-2 Fuel Fired BoilerC > HP Boiler SuperheaterA > HP Boiler DesuperheaterA,HP Boiler Desuperheater,Spray Water Flow,,UN.UO.71FI1302.PV,,,,,,6,Steam Network 1 > HP-2 Steam HeaderA > HP-2 Steam GeneratorA > HP-2 Fuel Fired BoilerC > HP Boiler SuperheaterA,HP Boiler DesuperheaterA,boiler_fired,True,False,False
7db15249-eaaf-d96d-cd26-ea15971e8b24,28f93b27-d56b-92c1-33ee-d667fd92a9e6,Steam Network 1 > HP-2 Steam HeaderA > HP-2 Steam GeneratorA > HP-2 Fuel Fired BoilerC > HP Boiler EconomizerA,HP Boiler Economizer,BFW Inlet Temperature,degC,,,,,,,5,Steam Network 1 > HP-2 Steam HeaderA > HP-2 Steam GeneratorA > HP-2 Fuel Fired BoilerC,HP Boiler EconomizerA,boiler_fired,False,False,False
7db15249-eaaf-d96d-cd26-ea15971e8b24,5f608d44-aced-d990-f602-1a40f38d54d4,Steam Network 1 > HP-2 Steam HeaderA > HP-2 Steam GeneratorA > HP-2 Fuel Fired BoilerC > HP Boiler EconomizerA,HP Boiler Economizer,BFW Outlet Temperature,degC,,,,,,,5,Steam Network 1 > HP-2 Steam HeaderA > HP-2 Steam GeneratorA > HP-2 Fuel Fired BoilerC,HP Boiler EconomizerA,boiler_fired,False,False,False
7db15249-eaaf-d96d-cd26-ea15971e8b24,aea981f6-3538-fc58-4202-d4909b917dae,Steam Network 1 > HP-2 Steam HeaderA > HP-2 Steam GeneratorA > HP-2 Fuel Fired BoilerC > HP Boiler EconomizerA,HP Boiler Economizer,Flue Inlet Temperature,degC,,,,,,,5,Steam Network 1 > HP-2 Steam HeaderA > HP-2 Steam GeneratorA > HP-2 Fuel Fired BoilerC,HP Boiler EconomizerA,boiler_fired,False,False,False
7db15249-eaaf-d96d-cd26-ea15971e8b24,8fb92055-859e-1c63-f196-ccdf0a273c36,Steam Network 1 > HP-2 Steam HeaderA > HP-2 Steam GeneratorA > HP-2 Fuel Fired BoilerC > HP Boiler EconomizerA,HP Boiler Economizer,Flue Outlet Temperature,degC,,,,,,,5,Steam Network 1 > HP-2 Steam HeaderA > HP-2 Steam GeneratorA > HP-2 Fuel Fired BoilerC,HP Boiler EconomizerA,boiler_fired,False,False,False
17faa3a4-acba-4144-1748-1b90bb40e2e0,cacb9aa8-fefd-61c8-1cb2-7b403436fb60,Steam Network 1 > HP-2 Steam HeaderA > HP-2 Steam GeneratorA > HP-2 Fuel Fired BoilerC > HP Boiler Evaporator SectionA,HP Boiler Evaporator Section,Inlet Gas Temperature,degC,,,,,,,5,Steam Network 1 > HP-2 Steam HeaderA > HP-2 Steam GeneratorA > HP-2 Fuel Fired BoilerC,HP Boiler Evaporator SectionA,boiler_fired,False,False,False
17faa3a4-acba-4144-1748-1b90bb40e2e0,e3d5fb75-70b9-c53f-a3b6-eacb936c3e4a,Steam Network 1 > HP-2 Steam HeaderA > HP-2 Steam GeneratorA > HP-2 Fuel Fired BoilerC > HP Boiler Evaporator SectionA,HP Boiler Evaporator Section,Outlet Gas Temperature,degC,,,,,,,5,Steam Network 1 > HP-2 Steam HeaderA > HP-2 Steam GeneratorA > HP-2 Fuel Fired BoilerC,HP Boiler Evaporator SectionA,boiler_fired,False,False,False
17faa3a4-acba-4144-1748-1b90bb40e2e0,1cdf5963-9124-becb-4e5f-5b818dfbe7a8,Steam Network 1 > HP-2 Steam HeaderA > HP-2 Steam GeneratorA > HP-2 Fuel Fired BoilerC > HP Boiler Evaporator SectionA,HP Boiler Evaporator Section,Steam Generation,metric_ton/h,,,,,,,5,Steam Network 1 > HP-2 Steam HeaderA > HP-2 Steam GeneratorA > HP-2 Fuel Fired BoilerC,HP Boiler Evaporator SectionA,boiler_fired,False,False,False
17faa3a4-acba-4144-1748-1b90bb40e2e0,4ccb1649-434d-ca97-5a54-bf0f0f86dcde,Steam Network 1 > HP-2 Steam HeaderA > HP-2 Steam GeneratorA > HP-2 Fuel Fired BoilerC > HP Boiler Evaporator SectionA,HP Boiler Evaporator Section,Tube Differential Pressure,,,,,,,,5,Steam Network 1 > HP-2 Steam HeaderA > HP-2 Steam GeneratorA > HP-2 Fuel Fired BoilerC,HP Boiler Evaporator SectionA,boiler_fired,False,False,False
2d443627-9793-eb51-09af-ef57bad7dd76,ea046daa-4a83-a470-7a2e-e260a087c9da,Steam Network 1 > HP-2 Steam HeaderA > HP-2 Steam GeneratorA > HP-2 Fuel Fired BoilerC > HP Boiler Combustion SystemA > HP Boiler FD FanA,HP Boiler FD Fan,Bearing Temperature,degC,,,,,,,6,Steam Network 1 > HP-2 Steam HeaderA > HP-2 Steam GeneratorA > HP-2 Fuel Fired BoilerC > HP Boiler Combustion SystemA,HP Boiler FD FanA,boiler_fired,False,False,False
2d443627-9793-eb51-09af-ef57bad7dd76,dc51c53b-0c70-228b-8a67-ed09d021e7b0,Steam Network 1 > HP-2 Steam HeaderA > HP-2 Steam GeneratorA > HP-2 Fuel Fired BoilerC > HP Boiler Combustion SystemA > HP Boiler FD FanA,HP Boiler FD Fan,Discharge Pressure,bar,,,,,,,6,Steam Network 1 > HP-2 Steam HeaderA > HP-2 Steam GeneratorA > HP-2 Fuel Fired BoilerC > HP Boiler Combustion SystemA,HP Boiler FD FanA,boiler_fired,False,False,False
2d443627-9793-eb51-09af-ef57bad7dd76,8fa5d7d3-4476-de03-075c-8179cbd309d0,Steam Network 1 > HP-2 Steam HeaderA > HP-2 Steam GeneratorA > HP-2 Fuel Fired BoilerC > HP Boiler Combustion SystemA > HP Boiler FD FanA,HP Boiler FD Fan,Exhaust Pressure,bar,,,,,,,6,Steam Network 1 > HP-2 Steam HeaderA > HP-2 Steam GeneratorA > HP-2 Fuel Fired BoilerC > HP Boiler Combustion SystemA,HP Boiler FD FanA,boiler_fired,False,False,False
2d443627-9793-eb51-09af-ef57bad7dd76,e011f126-5f33-bcba-1eb3-1d9cbf224d9c,Steam Network 1 > HP-2 Steam HeaderA > HP-2 Steam GeneratorA > HP-2 Fuel Fired BoilerC > HP Boiler Combustion SystemA > HP Boiler FD FanA,HP Boiler FD Fan,Exhaust Temperature,degC,,,,,,,6,Steam Network 1 > HP-2 Steam HeaderA > HP-2 Steam GeneratorA > HP-2 Fuel Fired BoilerC > HP Boiler Combustion SystemA,HP Boiler FD FanA,boiler_fired,False,False,False
2d443627-9793-eb51-09af-ef57bad7dd76,c8f53d87-16e2-2c25-1d33-1883de1711a2,Steam Network 1 > HP-2 Steam HeaderA > HP-2 Steam GeneratorA > HP-2 Fuel Fired BoilerC > HP Boiler Combustion SystemA > HP Boiler FD FanA,HP Boiler FD Fan,Inlet Damper Opening,percent,,,,,,,6,Steam Network 1 > HP-2 Steam HeaderA > HP-2 Steam GeneratorA > HP-2 Fuel Fired BoilerC > HP Boiler Combustion SystemA,HP Boiler FD FanA,boiler_fired,False,False,False
2d443627-9793-eb51-09af-ef57bad7dd76,bb32f500-23b1-aa6c-3531-5c0098835f6c,Steam Network 1 > HP-2 Steam HeaderA > HP-2 Steam GeneratorA > HP-2 Fuel Fired BoilerC > HP Boiler Combustion SystemA > HP Boiler FD FanA,HP Boiler FD Fan,Inlet Steam Flow,metric_ton/h,,,,,,,6,Steam Network 1 > HP-2 Steam HeaderA > HP-2 Steam GeneratorA > HP-2 Fuel Fired BoilerC > HP Boiler Combustion SystemA,HP Boiler FD FanA,boiler_fired,False,False,False
2d443627-9793-eb51-09af-ef57bad7dd76,89ced117-e6fc-535f-ae2e-0c896f328248,Steam Network 1 > HP-2 Steam HeaderA > HP-2 Steam GeneratorA > HP-2 Fuel Fired BoilerC > HP Boiler Combustion SystemA > HP Boiler FD FanA,HP Boiler FD Fan,Inlet Steam Pressure,bar,,,,,,,6,Steam Network 1 > HP-2 Steam HeaderA > HP-2 Steam GeneratorA > HP-2 Fuel Fired BoilerC > HP Boiler Combustion SystemA,HP Boiler FD FanA,boiler_fired,False,False,False
2d443627-9793-eb51-09af-ef57bad7dd76,46394162-5fb9-d926-92bd-c68c19809844,Steam Network 1 > HP-2 Steam HeaderA > HP-2 Steam GeneratorA > HP-2 Fuel Fired BoilerC > HP Boiler Combustion SystemA > HP Boiler FD FanA,HP Boiler FD Fan,Inlet Steam Temperature,degC,,,,,,,6,Steam Network 1 > HP-2 Steam HeaderA > HP-2 Steam GeneratorA > HP-2 Fuel Fired BoilerC > HP Boiler Combustion SystemA,HP Boiler FD FanA,boiler_fired,False,False,False
2d443627-9793-eb51-09af-ef57bad7dd76,9054cc76-c36c-7c9e-4b27-58d45338b0e8,Steam Network 1 > HP-2 Steam HeaderA > HP-2 Steam GeneratorA > HP-2 Fuel Fired BoilerC > HP Boiler Combustion SystemA > HP Boiler FD FanA,HP Boiler FD Fan,Motor Current,A,,,,,,,6,Steam Network 1 > HP-2 Steam HeaderA > HP-2 Steam GeneratorA > HP-2 Fuel Fired BoilerC > HP Boiler Combustion SystemA,HP Boiler FD FanA,boiler_fired,False,False,False
2d443627-9793-eb51-09af-ef57bad7dd76,70b9300f-62f3-9361-6900-d2af124aa36e,Steam Network 1 > HP-2 Steam HeaderA > HP-2 Steam GeneratorA > HP-2 Fuel Fired BoilerC > HP Boiler Combustion SystemA > HP Boiler FD FanA,HP Boiler FD Fan,Speed,rpm,,,,,,,6,Steam Network 1 > HP-2 Steam HeaderA > HP-2 Steam GeneratorA > HP-2 Fuel Fired BoilerC > HP Boiler Combustion SystemA,HP Boiler FD FanA,boiler_fired,False,False,False
2d443627-9793-eb51-09af-ef57bad7dd76,6ea1fe5a-d76d-e790-49f4-48a0b9cc19ca,Steam Network 1 > HP-2 Steam HeaderA > HP-2 Steam GeneratorA > HP-2 Fuel Fired BoilerC > HP Boiler Combustion SystemA > HP Boiler FD FanA,HP Boiler FD Fan,Vibration,,,,,,,,6,Steam Network 1 > HP-2 Steam HeaderA > HP-2 Steam GeneratorA > HP-2 Fuel Fired BoilerC > HP Boiler Combustion SystemA,HP Boiler FD FanA,boiler_fired,False,False,False
cbf6e7ea-2317-5bce-b924-cc4ce8e1bc24,95f79fed-1022-f8dd-672c-a79985d56730,Steam Network 1 > HP-2 Steam HeaderA > HP-2 Steam GeneratorA > HP-2 Fuel Fired BoilerC > HP Boiler Combustion SystemA > HP Boiler ID FanA,HP Boiler ID Fan,Bearing Temperature,degC,,,,,,,6,Steam Network 1 > HP-2 Steam HeaderA > HP-2 Steam GeneratorA > HP-2 Fuel Fired BoilerC > HP Boiler Combustion SystemA,HP Boiler ID FanA,boiler_fired,False,False,False
cbf6e7ea-2317-5bce-b924-cc4ce8e1bc24,e1ddbe98-345f-af34-10bc-9ee0d58211ac,Steam Network 1 > HP-2 Steam HeaderA > HP-2 Steam GeneratorA > HP-2 Fuel Fired BoilerC > HP Boiler Combustion SystemA > HP Boiler ID FanA,HP Boiler ID Fan,Discharge Pressure,bar,,,,,,,6,Steam Network 1 > HP-2 Steam HeaderA > HP-2 Steam GeneratorA > HP-2 Fuel Fired BoilerC > HP Boiler Combustion SystemA,HP Boiler ID FanA,boiler_fired,False,False,False
cbf6e7ea-2317-5bce-b924-cc4ce8e1bc24,83aa8470-26f2-a5d4-c271-dcc0a55821a4,Steam Network 1 > HP-2 Steam HeaderA > HP-2 Steam GeneratorA > HP-2 Fuel Fired BoilerC > HP Boiler Combustion SystemA > HP Boiler ID FanA,HP Boiler ID Fan,Exhaust Pressure,bar,,,,,,,6,Steam Network 1 > HP-2 Steam HeaderA > HP-2 Steam GeneratorA > HP-2 Fuel Fired BoilerC > HP Boiler Combustion SystemA,HP Boiler ID FanA,boiler_fired,False,False,False
cbf6e7ea-2317-5bce-b924-cc4ce8e1bc24,8c052369-24d3-1127-9fad-5dffa8d6324e,Steam Network 1 > HP-2 Steam HeaderA > HP-2 Steam GeneratorA > HP-2 Fuel Fired BoilerC > HP Boiler Combustion SystemA > HP Boiler ID FanA,HP Boiler ID Fan,Exhaust Temperature,degC,,,,,,,6,Steam Network 1 > HP-2 Steam HeaderA > HP-2 Steam GeneratorA > HP-2 Fuel Fired BoilerC > HP Boiler Combustion SystemA,HP Boiler ID FanA,boiler_fired,False,False,False
cbf6e7ea-2317-5bce-b924-cc4ce8e1bc24,9b6853a4-a6e9-5fe6-cf09-01583d810c42,Steam Network 1 > HP-2 Steam HeaderA > HP-2 Steam GeneratorA > HP-2 Fuel Fired BoilerC > HP Boiler Combustion SystemA > HP Boiler ID FanA,HP Boiler ID Fan,Inlet Damper Opening,percent,,,,,,,6,Steam Network 1 > HP-2 Steam HeaderA > HP-2 Steam GeneratorA > HP-2 Fuel Fired BoilerC > HP Boiler Combustion SystemA,HP Boiler ID FanA,boiler_fired,False,False,False
cbf6e7ea-2317-5bce-b924-cc4ce8e1bc24,af37a19d-062d-723d-9cd2-6c69a91ad3a0,Steam Network 1 > HP-2 Steam HeaderA > HP-2 Steam GeneratorA > HP-2 Fuel Fired BoilerC > HP Boiler Combustion SystemA > HP Boiler ID FanA,HP Boiler ID Fan,Inlet Steam Flow,metric_ton/h,,,,,,,6,Steam Network 1 > HP-2 Steam HeaderA > HP-2 Steam GeneratorA > HP-2 Fuel Fired BoilerC > HP Boiler Combustion SystemA,HP Boiler ID FanA,boiler_fired,False,False,False
cbf6e7ea-2317-5bce-b924-cc4ce8e1bc24,5c41e734-7703-8720-2ac5-52802b426014,Steam Network 1 > HP-2 Steam HeaderA > HP-2 Steam GeneratorA > HP-2 Fuel Fired BoilerC > HP Boiler Combustion SystemA > HP Boiler ID FanA,HP Boiler ID Fan,Inlet Steam Pressure,bar,,,,,,,6,Steam Network 1 > HP-2 Steam HeaderA > HP-2 Steam GeneratorA > HP-2 Fuel Fired BoilerC > HP Boiler Combustion SystemA,HP Boiler ID FanA,boiler_fired,False,False,False
cbf6e7ea-2317-5bce-b924-cc4ce8e1bc24,84f39a25-40c5-0bc3-9ba7-012fc43691e6,Steam Network 1 > HP-2 Steam HeaderA > HP-2 Steam GeneratorA > HP-2 Fuel Fired BoilerC > HP Boiler Combustion SystemA > HP Boiler ID FanA,HP Boiler ID Fan,Inlet Steam Temperature,degC,,,,,,,6,Steam Network 1 > HP-2 Steam HeaderA > HP-2 Steam GeneratorA > HP-2 Fuel Fired BoilerC > HP Boiler Combustion SystemA,HP Boiler ID FanA,boiler_fired,False,False,False
cbf6e7ea-2317-5bce-b924-cc4ce8e1bc24,b61facf9-5a1b-a923-97c8-070bec0405da,Steam Network 1 > HP-2 Steam HeaderA > HP-2 Steam GeneratorA > HP-2 Fuel Fired BoilerC > HP Boiler Combustion SystemA > HP Boiler ID FanA,HP Boiler ID Fan,Motor Current,A,,,,,,,6,Steam Network 1 > HP-2 Steam HeaderA > HP-2 Steam GeneratorA > HP-2 Fuel Fired BoilerC > HP Boiler Combustion SystemA,HP Boiler ID FanA,boiler_fired,False,False,False
cbf6e7ea-2317-5bce-b924-cc4ce8e1bc24,3c424392-4b4d-4586-7fcf-b86c770f0614,Steam Network 1 > HP-2 Steam HeaderA > HP-2 Steam GeneratorA > HP-2 Fuel Fired BoilerC > HP Boiler Combustion SystemA > HP Boiler ID FanA,HP Boiler ID Fan,Speed,rpm,,,,,,,6,Steam Network 1 > HP-2 Steam HeaderA > HP-2 Steam GeneratorA > HP-2 Fuel Fired BoilerC > HP Boiler Combustion SystemA,HP Boiler ID FanA,boiler_fired,False,False,False
cbf6e7ea-2317-5bce-b924-cc4ce8e1bc24,609f985d-51b0-9465-8ffc-e0b1312f0c38,Steam Network 1 > HP-2 Steam HeaderA > HP-2 Steam GeneratorA > HP-2 Fuel Fired BoilerC > HP Boiler Combustion SystemA > HP Boiler ID FanA,HP Boiler ID Fan,Vibration,,,,,,,,6,Steam Network 1 > HP-2 Steam HeaderA > HP-2 Steam GeneratorA > HP-2 Fuel Fired BoilerC > HP Boiler Combustion SystemA,HP Boiler ID FanA,boiler_fired,False,False,False
01d78128-4fa6-767c-51da-ff604e71f754,54e8a075-a8a7-fdf3-f3b6-f00ffc4f5d86,Steam Network 1 > HP-2 Steam HeaderA > HP-2 Steam GeneratorA > HP-2 Fuel Fired BoilerC > HP Boiler Radiant SectionA,HP Boiler Radiant Section,Box Draft,,,,,,,,5,Steam Network 1 > HP-2 Steam HeaderA > HP-2 Steam GeneratorA > HP-2 Fuel Fired BoilerC,HP Boiler Radiant SectionA,boiler_fired,False,False,False
01d78128-4fa6-767c-51da-ff604e71f754,50d8ac7b-0c1b-a507-d210-fe5d5cc3097c,Steam Network 1 > HP-2 Steam HeaderA > HP-2 Steam GeneratorA > HP-2 Fuel Fired BoilerC > HP Boiler Radiant SectionA,HP Boiler Radiant Section,Radiant Box Temperature,degC,,,,,,,5,Steam Network 1 > HP-2 Steam HeaderA > HP-2 Steam GeneratorA > HP-2 Fuel Fired BoilerC,HP Boiler Radiant SectionA,boiler_fired,False,False,False
01d78128-4fa6-767c-51da-ff604e71f754,8fb3778c-d419-b62c-e682-14105baac1a0,Steam Network 1 > HP-2 Steam HeaderA > HP-2 Steam GeneratorA > HP-2 Fuel Fired BoilerC > HP Boiler Radiant SectionA,HP Boiler Radiant Section,Tube Skin Temperature (TMT),degC,,,,,,,5,Steam Network 1 > HP-2 Steam HeaderA > HP-2 Steam GeneratorA > HP-2 Fuel Fired BoilerC,HP Boiler Radiant SectionA,boiler_fired,False,False,False
64898911-653b-c7ff-5a76-beef01b24eee,cb04151a-88b9-4d20-aaa5-754043bd583a,Steam Network 1 > HP-2 Steam HeaderA > HP-2 Steam GeneratorA > HP-2 Fuel Fired BoilerC > HP Boiler Soot Blower SystemA,HP Boiler Soot Blower System,Cycle Status,,,,,,,,5,Steam Network 1 > HP-2 Steam HeaderA > HP-2 Steam GeneratorA > HP-2 Fuel Fired BoilerC,HP Boiler Soot Blower SystemA,boiler_fired,False,False,False
64898911-653b-c7ff-5a76-beef01b24eee,7c45eefe-e103-3504-768c-51f89d46dbfa,Steam Network 1 > HP-2 Steam HeaderA > HP-2 Steam GeneratorA > HP-2 Fuel Fired BoilerC > HP Boiler Soot Blower SystemA,HP Boiler Soot Blower System,Last Run Time,,,,,,,,5,Steam Network 1 > HP-2 Steam HeaderA > HP-2 Steam GeneratorA > HP-2 Fuel Fired BoilerC,HP Boiler Soot Blower SystemA,boiler_fired,False,False,False
64898911-653b-c7ff-5a76-beef01b24eee,24571aee-3353-8a1e-5be3-73e4170490f0,Steam Network 1 > HP-2 Steam HeaderA > HP-2 Steam GeneratorA > HP-2 Fuel Fired BoilerC > HP Boiler Soot Blower SystemA,HP Boiler Soot Blower System,Soot Blower Steam Flow,metric_ton/h,,,,,,,5,Steam Network 1 > HP-2 Steam HeaderA > HP-2 Steam GeneratorA > HP-2 Fuel Fired BoilerC,HP Boiler Soot Blower SystemA,boiler_fired,False,False,False
64898911-653b-c7ff-5a76-beef01b24eee,d7725005-32a9-99f1-f1bd-51b5e5dbc9f4,Steam Network 1 > HP-2 Steam HeaderA > HP-2 Steam GeneratorA > HP-2 Fuel Fired BoilerC > HP Boiler Soot Blower SystemA,HP Boiler Soot Blower System,Soot Blower Steam Pressure,,,,,,,,5,Steam Network 1 > HP-2 Steam HeaderA > HP-2 Steam GeneratorA > HP-2 Fuel Fired BoilerC,HP Boiler Soot Blower SystemA,boiler_fired,False,False,False
6cfb5978-0504-9cea-8624-e7b069ffc592,2e26621d-aa62-dc0f-81aa-abb38444be12,Steam Network 1 > HP-2 Steam HeaderA > HP-2 Steam GeneratorA > HP-2 Fuel Fired BoilerC > HP Boiler StackA,HP Boiler Stack,CO in Flue Gas,,,,,,,,5,Steam Network 1 > HP-2 Steam HeaderA > HP-2 Steam GeneratorA > HP-2 Fuel Fired BoilerC,HP Boiler StackA,boiler_fired,False,False,False
6cfb5978-0504-9cea-8624-e7b069ffc592,df7792b8-3703-9248-4b76-33c0e87400f0,Steam Network 1 > HP-2 Steam HeaderA > HP-2 Steam GeneratorA > HP-2 Fuel Fired BoilerC > HP Boiler StackA,HP Boiler Stack,Flue Gas Flow,,,,,,,,5,Steam Network 1 > HP-2 Steam HeaderA > HP-2 Steam GeneratorA > HP-2 Fuel Fired BoilerC,HP Boiler StackA,boiler_fired,False,False,False
6cfb5978-0504-9cea-8624-e7b069ffc592,d5b14037-5edf-879f-53dc-e3298b6ec7a8,Steam Network 1 > HP-2 Steam HeaderA > HP-2 Steam GeneratorA > HP-2 Fuel Fired BoilerC > HP Boiler StackA,HP Boiler Stack,NOx Emission,,,,,,,,5,Steam Network 1 > HP-2 Steam HeaderA > HP-2 Steam GeneratorA > HP-2 Fuel Fired BoilerC,HP Boiler StackA,boiler_fired,False,False,False
6cfb5978-0504-9cea-8624-e7b069ffc592,bfb418f4-8d85-74b8-bf84-7f6032316c4c,Steam Network 1 > HP-2 Steam HeaderA > HP-2 Steam GeneratorA > HP-2 Fuel Fired BoilerC > HP Boiler StackA,HP Boiler Stack,O2 in Flue Gas,,,,,,,,5,Steam Network 1 > HP-2 Steam HeaderA > HP-2 Steam GeneratorA > HP-2 Fuel Fired BoilerC,HP Boiler StackA,boiler_fired,False,False,False
6cfb5978-0504-9cea-8624-e7b069ffc592,fc297b12-3d85-02f6-dd2c-674cc1ac79e4,Steam Network 1 > HP-2 Steam HeaderA > HP-2 Steam GeneratorA > HP-2 Fuel Fired BoilerC > HP Boiler StackA,HP Boiler Stack,SOx Emission,,,,,,,,5,Steam Network 1 > HP-2 Steam HeaderA > HP-2 Steam GeneratorA > HP-2 Fuel Fired BoilerC,HP Boiler StackA,boiler_fired,False,False,False
6cfb5978-0504-9cea-8624-e7b069ffc592,aa4e4582-e688-ea94-b9d9-03284cc6af16,Steam Network 1 > HP-2 Steam HeaderA > HP-2 Steam GeneratorA > HP-2 Fuel Fired BoilerC > HP Boiler StackA,HP Boiler Stack,Stack Draft,,,,,,,,5,Steam Network 1 > HP-2 Steam HeaderA > HP-2 Steam GeneratorA > HP-2 Fuel Fired BoilerC,HP Boiler StackA,boiler_fired,False,False,False
6cfb5978-0504-9cea-8624-e7b069ffc592,b9da6495-eb5f-50cb-b9e7-52275285345e,Steam Network 1 > HP-2 Steam HeaderA > HP-2 Steam GeneratorA > HP-2 Fuel Fired BoilerC > HP Boiler StackA,HP Boiler Stack,Stack Temperature,degC,,,,,,,5,Steam Network 1 > HP-2 Steam HeaderA > HP-2 Steam GeneratorA > HP-2 Fuel Fired BoilerC,HP Boiler StackA,boiler_fired,False,False,False
dab9930c-4eee-542e-8ec0-5c289457c722,2bb4999d-a4c3-7933-a82c-cf478f77e0ae,Steam Network 1 > HP-2 Steam HeaderA > HP-2 Steam GeneratorA > HP-2 Fuel Fired BoilerC > HP Boiler Steam DrumA,HP Boiler Steam Drum,Drum Level,,,,,,,,5,Steam Network 1 > HP-2 Steam HeaderA > HP-2 Steam GeneratorA > HP-2 Fuel Fired BoilerC,HP Boiler Steam DrumA,boiler_fired,False,False,False
dab9930c-4eee-542e-8ec0-5c289457c722,409db58c-078b-f946-77b8-d04847164cca,Steam Network 1 > HP-2 Steam HeaderA > HP-2 Steam GeneratorA > HP-2 Fuel Fired BoilerC > HP Boiler Steam DrumA,HP Boiler Steam Drum,Drum Pressure,,,,,,,,5,Steam Network 1 > HP-2 Steam HeaderA > HP-2 Steam GeneratorA > HP-2 Fuel Fired BoilerC,HP Boiler Steam DrumA,boiler_fired,False,False,False
dab9930c-4eee-542e-8ec0-5c289457c722,dc850ccd-0666-d491-fda4-041ddae3d85c,Steam Network 1 > HP-2 Steam HeaderA > HP-2 Steam GeneratorA > HP-2 Fuel Fired BoilerC > HP Boiler Steam DrumA,HP Boiler Steam Drum,Drum Temperature,degC,,,,,,,5,Steam Network 1 > HP-2 Steam HeaderA > HP-2 Steam GeneratorA > HP-2 Fuel Fired BoilerC,HP Boiler Steam DrumA,boiler_fired,False,False,False
dab9930c-4eee-542e-8ec0-5c289457c722,df6a2b72-57ef-827e-2dbf-461c8885a90c,Steam Network 1 > HP-2 Steam HeaderA > HP-2 Steam GeneratorA > HP-2 Fuel Fired BoilerC > HP Boiler Steam DrumA,HP Boiler Steam Drum,Drum Vent Flow,,,,,,,,5,Steam Network 1 > HP-2 Steam HeaderA > HP-2 Steam GeneratorA > HP-2 Fuel Fired BoilerC,HP Boiler Steam DrumA,boiler_fired,False,False,False
011d74e8-e898-6b54-5747-5420e9851fbc,cf6a8f45-e676-95f9-cbd6-831d291c1abc,Steam Network 1 > HP-2 Steam HeaderA > HP-2 Steam GeneratorA > HP-2 Fuel Fired BoilerC > HP Boiler SuperheaterA,HP Boiler Superheater,Attemperator Flow Opening,,,,,,,,5,Steam Network 1 > HP-2 Steam HeaderA > HP-2 Steam GeneratorA > HP-2 Fuel Fired BoilerC,HP Boiler SuperheaterA,boiler_fired,False,False,False
011d74e8-e898-6b54-5747-5420e9851fbc,b0d25fa0-4ba6-725a-ba4a-de40fb742dfa,Steam Network 1 > HP-2 Steam HeaderA > HP-2 Steam GeneratorA > HP-2 Fuel Fired BoilerC > HP Boiler SuperheaterA,HP Boiler Superheater,Attemperator Spray Flow,,,,,,,,5,Steam Network 1 > HP-2 Steam HeaderA > HP-2 Steam GeneratorA > HP-2 Fuel Fired BoilerC,HP Boiler SuperheaterA,boiler_fired,False,False,False
011d74e8-e898-6b54-5747-5420e9851fbc,73fd5876-275c-fcee-fd04-65b454a1a498,Steam Network 1 > HP-2 Steam HeaderA > HP-2 Steam GeneratorA > HP-2 Fuel Fired BoilerC > HP Boiler SuperheaterA,HP Boiler Superheater,Steam Inlet Pressure,bar,,,,,,,5,Steam Network 1 > HP-2 Steam HeaderA > HP-2 Steam GeneratorA > HP-2 Fuel Fired BoilerC,HP Boiler SuperheaterA,boiler_fired,False,False,False
011d74e8-e898-6b54-5747-5420e9851fbc,42d489a3-55a7-4499-4dea-8e6b1773cd3a,Steam Network 1 > HP-2 Steam HeaderA > HP-2 Steam GeneratorA > HP-2 Fuel Fired BoilerC > HP Boiler SuperheaterA,HP Boiler Superheater,Steam Inlet Temperature,degC,,,,,,,5,Steam Network 1 > HP-2 Steam HeaderA > HP-2 Steam GeneratorA > HP-2 Fuel Fired BoilerC,HP Boiler SuperheaterA,boiler_fired,False,False,False
011d74e8-e898-6b54-5747-5420e9851fbc,6b989df1-114e-9569-15f4-0cd97ad60898,Steam Network 1 > HP-2 Steam HeaderA > HP-2 Steam GeneratorA > HP-2 Fuel Fired BoilerC > HP Boiler SuperheaterA,HP Boiler Superheater,Steam Outlet Pressure,bar,,,,,,,5,Steam Network 1 > HP-2 Steam HeaderA > HP-2 Steam GeneratorA > HP-2 Fuel Fired BoilerC,HP Boiler SuperheaterA,boiler_fired,False,False,False
011d74e8-e898-6b54-5747-5420e9851fbc,80ef0e48-358e-8dc8-3990-d040b5618380,Steam Network 1 > HP-2 Steam HeaderA > HP-2 Steam GeneratorA > HP-2 Fuel Fired BoilerC > HP Boiler SuperheaterA,HP Boiler Superheater,Steam Outlet Temperature,degC,,,,,,,5,Steam Network 1 > HP-2 Steam HeaderA > HP-2 Steam GeneratorA > HP-2 Fuel Fired BoilerC,HP Boiler SuperheaterA,boiler_fired,False,False,False
011d74e8-e898-6b54-5747-5420e9851fbc,da9c7136-7a15-61e2-4a6f-67aca08910d4,Steam Network 1 > HP-2 Steam HeaderA > HP-2 Steam GeneratorA > HP-2 Fuel Fired BoilerC > HP Boiler SuperheaterA,HP Boiler Superheater,Tube Skin Temperature,degC,,,,,,,5,Steam Network 1 > HP-2 Steam HeaderA > HP-2 Steam GeneratorA > HP-2 Fuel Fired BoilerC,HP Boiler SuperheaterA,boiler_fired,False,False,False
fc0467cf-8ecf-8943-1315-f22d72cbee8c,316e3cfa-3235-6434-8df8-0ac8035b58ce,Steam Network 1 > HP-2 Steam HeaderA > HP-2 Steam GeneratorA > HP-2 Fuel Fired BoilerD,HP Fuel Fired Boiler,Drum Level,,,,,,,,4,Steam Network 1 > HP-2 Steam HeaderA > HP-2 Steam GeneratorA,HP-2 Fuel Fired BoilerD,boiler_fired,False,False,False
fc0467cf-8ecf-8943-1315-f22d72cbee8c,7e87790f-ccbb-9e23-4b31-cf0db23ce72c,Steam Network 1 > HP-2 Steam HeaderA > HP-2 Steam GeneratorA > HP-2 Fuel Fired BoilerD,HP Fuel Fired Boiler,Drum Pressure,bar,,,,,,,4,Steam Network 1 > HP-2 Steam HeaderA > HP-2 Steam GeneratorA,HP-2 Fuel Fired BoilerD,boiler_fired,False,False,False
fc0467cf-8ecf-8943-1315-f22d72cbee8c,249dbc2d-dbe6-111f-7806-c673ff7bad32,Steam Network 1 > HP-2 Steam HeaderA > HP-2 Steam GeneratorA > HP-2 Fuel Fired BoilerD,HP Fuel Fired Boiler,Flue Gas CO,mol%,,,,,,,4,Steam Network 1 > HP-2 Steam HeaderA > HP-2 Steam GeneratorA,HP-2 Fuel Fired BoilerD,boiler_fired,False,False,False
fc0467cf-8ecf-8943-1315-f22d72cbee8c,249dbd84-dbe6-1c78-9b43-45e0ff7ba1fc,Steam Network 1 > HP-2 Steam HeaderA > HP-2 Steam GeneratorA > HP-2 Fuel Fired BoilerD,HP Fuel Fired Boiler,Flue Gas O2,mol%,,,,,,,4,Steam Network 1 > HP-2 Steam HeaderA > HP-2 Steam GeneratorA,HP-2 Fuel Fired BoilerD,boiler_fired,False,False,False
fc0467cf-8ecf-8943-1315-f22d72cbee8c,4e14002f-a08f-a415-b203-1fdbee9ba43a,Steam Network 1 > HP-2 Steam HeaderA > HP-2 Steam GeneratorA > HP-2 Fuel Fired BoilerD,HP Fuel Fired Boiler,Fuel Gas C1,mol%,AR.AR5.DCS.Process.AI51211.PV,,,,,,4,Steam Network 1 > HP-2 Steam HeaderA > HP-2 Steam GeneratorA,HP-2 Fuel Fired BoilerD,boiler_fired,True,False,False
fc0467cf-8ecf-8943-1315-f22d72cbee8c,4e140030-a08f-a41c-751e-c540ee9ba42c,Steam Network 1 > HP-2 Steam HeaderA > HP-2 Steam GeneratorA > HP-2 Fuel Fired BoilerD,HP Fuel Fired Boiler,Fuel Gas C2,mol%,AR.AR5.DCS.Process.AI51212.PV,,,,,,4,Steam Network 1 > HP-2 Steam HeaderA > HP-2 Steam GeneratorA,HP-2 Fuel Fired BoilerD,boiler_fired,True,False,False
fc0467cf-8ecf-8943-1315-f22d72cbee8c,4e140031-a08f-a423-383a-6ab3ee9ba412,Steam Network 1 > HP-2 Steam HeaderA > HP-2 Steam GeneratorA > HP-2 Fuel Fired BoilerD,HP Fuel Fired Boiler,Fuel Gas C3,mol%,AR.AR5.DCS.Process.AI51213.PV,,,,,,4,Steam Network 1 > HP-2 Steam HeaderA > HP-2 Steam GeneratorA,HP-2 Fuel Fired BoilerD,boiler_fired,True,False,False
fc0467cf-8ecf-8943-1315-f22d72cbee8c,d82b8578-d1d1-b600-dfdb-500009fa3378,Steam Network 1 > HP-2 Steam HeaderA > HP-2 Steam GeneratorA > HP-2 Fuel Fired BoilerD,HP Fuel Fired Boiler,Fuel Gas Calorific Value,,,,,,,,4,Steam Network 1 > HP-2 Steam HeaderA > HP-2 Steam GeneratorA,HP-2 Fuel Fired BoilerD,boiler_fired,False,False,False
fc0467cf-8ecf-8943-1315-f22d72cbee8c,098c9b46-25c9-0620-852d-0cc02c459d66,Steam Network 1 > HP-2 Steam HeaderA > HP-2 Steam GeneratorA > HP-2 Fuel Fired BoilerD,HP Fuel Fired Boiler,Fuel Gas CH3OH,mol%,,,,,,,4,Steam Network 1 > HP-2 Steam HeaderA > HP-2 Steam GeneratorA,HP-2 Fuel Fired BoilerD,boiler_fired,False,False,False
fc0467cf-8ecf-8943-1315-f22d72cbee8c,746c0985-34c2-d6c1-5032-5b4540aedf44,Steam Network 1 > HP-2 Steam HeaderA > HP-2 Steam GeneratorA > HP-2 Fuel Fired BoilerD,HP Fuel Fired Boiler,Fuel Gas CO2,mol%,AR.AR5.DCS.Process.AI51217.PV,,,,,,4,Steam Network 1 > HP-2 Steam HeaderA > HP-2 Steam GeneratorA,HP-2 Fuel Fired BoilerD,boiler_fired,True,False,False
fc0467cf-8ecf-8943-1315-f22d72cbee8c,1916f8ef-a03d-c391-6694-0c5fb92b3b7e,Steam Network 1 > HP-2 Steam HeaderA > HP-2 Steam GeneratorA > HP-2 Fuel Fired BoilerD,HP Fuel Fired Boiler,Fuel Gas Flow,metric_ton/h,UN.UO.71FC1404.PV,,,,,,4,Steam Network 1 > HP-2 Steam HeaderA > HP-2 Steam GeneratorA,HP-2 Fuel Fired BoilerD,boiler_fired,True,False,False
fc0467cf-8ecf-8943-1315-f22d72cbee8c,4e1400cb-a08f-a92b-a347-2519ee9ba9e0,Steam Network 1 > HP-2 Steam HeaderA > HP-2 Steam GeneratorA > HP-2 Fuel Fired BoilerD,HP Fuel Fired Boiler,Fuel Gas H2,mol%,,,,,,,4,Steam Network 1 > HP-2 Steam HeaderA > HP-2 Steam GeneratorA,HP-2 Fuel Fired BoilerD,boiler_fired,False,False,False
fc0467cf-8ecf-8943-1315-f22d72cbee8c,746c96b9-34c8-5925-e8a0-19bd40a4cf9c,Steam Network 1 > HP-2 Steam HeaderA > HP-2 Steam GeneratorA > HP-2 Fuel Fired BoilerD,HP Fuel Fired Boiler,Fuel Gas iC4,mol%,AR.AR5.DCS.Process.AI51215.PV,,,,,,4,Steam Network 1 > HP-2 Steam HeaderA > HP-2 Steam GeneratorA,HP-2 Fuel Fired BoilerD,boiler_fired,True,False,False
fc0467cf-8ecf-8943-1315-f22d72cbee8c,746c96ba-34c8-592c-4c60-91f840a4cf96,Steam Network 1 > HP-2 Steam HeaderA > HP-2 Steam GeneratorA > HP-2 Fuel Fired BoilerD,HP Fuel Fired Boiler,Fuel Gas iC5,mol%,AR.AR5.DCS.Process.AI512111.PV,,,,,,4,Steam Network 1 > HP-2 Steam HeaderA > HP-2 Steam GeneratorA,HP-2 Fuel Fired BoilerD,boiler_fired,True,False,False
fc0467cf-8ecf-8943-1315-f22d72cbee8c,4cdb88c9-8627-9229-8fca-8a31cafc1ae0,Steam Network 1 > HP-2 Steam HeaderA > HP-2 Steam GeneratorA > HP-2 Fuel Fired BoilerD,HP Fuel Fired Boiler,Fuel Gas Molecular Weight,,,,,,,,4,Steam Network 1 > HP-2 Steam HeaderA > HP-2 Steam GeneratorA,HP-2 Fuel Fired BoilerD,boiler_fired,False,False,False
fc0467cf-8ecf-8943-1315-f22d72cbee8c,4e140185-a08f-af3d-4119-47b1ee9baeb8,Steam Network 1 > HP-2 Steam HeaderA > HP-2 Steam GeneratorA > HP-2 Fuel Fired BoilerD,HP Fuel Fired Boiler,Fuel Gas N2,mol%,AR.AR5.DCS.Process.AI51219.PV,,,,,,4,Steam Network 1 > HP-2 Steam HeaderA > HP-2 Steam GeneratorA,HP-2 Fuel Fired BoilerD,boiler_fired,True,False,False
fc0467cf-8ecf-8943-1315-f22d72cbee8c,746ca97e-34c9-1450-8b20-cf6040a5bd2e,Steam Network 1 > HP-2 Steam HeaderA > HP-2 Steam GeneratorA > HP-2 Fuel Fired BoilerD,HP Fuel Fired Boiler,Fuel Gas nC4,mol%,AR.AR5.DCS.Process.AI51214.PV,,,,,,4,Steam Network 1 > HP-2 Steam HeaderA > HP-2 Steam GeneratorA,HP-2 Fuel Fired BoilerD,boiler_fired,True,False,False
fc0467cf-8ecf-8943-1315-f22d72cbee8c,746ca97f-34c9-1457-eee2-862940a5bd28,Steam Network 1 > HP-2 Steam HeaderA > HP-2 Steam GeneratorA > HP-2 Fuel Fired BoilerD,HP Fuel Fired Boiler,Fuel Gas nC5,mol%,AR.AR5.DCS.Process.AI512110.PV,,,,,,4,Steam Network 1 > HP-2 Steam HeaderA > HP-2 Steam GeneratorA,HP-2 Fuel Fired BoilerD,boiler_fired,True,False,False
fc0467cf-8ecf-8943-1315-f22d72cbee8c,ef85e976-2460-92fc-4b37-1c28cbe57b8a,Steam Network 1 > HP-2 Steam HeaderA > HP-2 Steam GeneratorA > HP-2 Fuel Fired BoilerD,HP Fuel Fired Boiler,Fuel oil Flow,metric_ton/h,,,,,,,4,Steam Network 1 > HP-2 Steam HeaderA > HP-2 Steam GeneratorA,HP-2 Fuel Fired BoilerD,boiler_fired,False,False,False
fc0467cf-8ecf-8943-1315-f22d72cbee8c,db4ddc29-7ccd-14b3-9579-24aba780c89a,Steam Network 1 > HP-2 Steam HeaderA > HP-2 Steam GeneratorA > HP-2 Fuel Fired BoilerD,HP Fuel Fired Boiler,Furnace Draft,mmHg,,,,,,,4,Steam Network 1 > HP-2 Steam HeaderA > HP-2 Steam GeneratorA,HP-2 Fuel Fired BoilerD,boiler_fired,False,False,False
fc0467cf-8ecf-8943-1315-f22d72cbee8c,7788f72a-2584-2744-21b1-0d28520cd06e,Steam Network 1 > HP-2 Steam HeaderA > HP-2 Steam GeneratorA > HP-2 Fuel Fired BoilerD,HP Fuel Fired Boiler,Liquid Fuel Component1,mol%,,,,,,,4,Steam Network 1 > HP-2 Steam HeaderA > HP-2 Steam GeneratorA,HP-2 Fuel Fired BoilerD,boiler_fired,False,False,False
fc0467cf-8ecf-8943-1315-f22d72cbee8c,7788f72b-2584-274b-8bf3-f699520cd060,Steam Network 1 > HP-2 Steam HeaderA > HP-2 Steam GeneratorA > HP-2 Fuel Fired BoilerD,HP Fuel Fired Boiler,Liquid Fuel Component2,mol%,,,,,,,4,Steam Network 1 > HP-2 Steam HeaderA > HP-2 Steam GeneratorA,HP-2 Fuel Fired BoilerD,boiler_fired,False,False,False
fc0467cf-8ecf-8943-1315-f22d72cbee8c,7788f72c-2584-2752-f636-e018520cd07e,Steam Network 1 > HP-2 Steam HeaderA > HP-2 Steam GeneratorA > HP-2 Fuel Fired BoilerD,HP Fuel Fired Boiler,Liquid Fuel Component3,,,,,,,,4,Steam Network 1 > HP-2 Steam HeaderA > HP-2 Steam GeneratorA,HP-2 Fuel Fired BoilerD,boiler_fired,False,False,False
fc0467cf-8ecf-8943-1315-f22d72cbee8c,2ee32b2c-91cb-067c-30ef-f150bf282d50,Steam Network 1 > HP-2 Steam HeaderA > HP-2 Steam GeneratorA > HP-2 Fuel Fired BoilerD,HP Fuel Fired Boiler,Stack Temperature,degC,UN.UO.71TI1407.PV,,,,,,4,Steam Network 1 > HP-2 Steam HeaderA > HP-2 Steam GeneratorA,HP-2 Fuel Fired BoilerD,boiler_fired,True,False,False
fc0467cf-8ecf-8943-1315-f22d72cbee8c,5797f3d6-04b2-c6a2-d78b-d16c53253574,Steam Network 1 > HP-2 Steam HeaderA > HP-2 Steam GeneratorA > HP-2 Fuel Fired BoilerD,HP Fuel Fired Boiler,Steam Generation Flow,metric_ton/h,UN.UO.71FI1401.PV,,,,,,4,Steam Network 1 > HP-2 Steam HeaderA > HP-2 Steam GeneratorA,HP-2 Fuel Fired BoilerD,boiler_fired,True,False,False
fc0467cf-8ecf-8943-1315-f22d72cbee8c,6b9f5998-4ee4-3250-dcab-af80257b6bc8,Steam Network 1 > HP-2 Steam HeaderA > HP-2 Steam GeneratorA > HP-2 Fuel Fired BoilerD,HP Fuel Fired Boiler,Steam Outlet Pressure,bar,UN.UO.71PC1413.PV,,,,,,4,Steam Network 1 > HP-2 Steam HeaderA > HP-2 Steam GeneratorA,HP-2 Fuel Fired BoilerD,boiler_fired,True,False,False
fc0467cf-8ecf-8943-1315-f22d72cbee8c,90765d41-8174-c433-696e-57f311029972,Steam Network 1 > HP-2 Steam HeaderA > HP-2 Steam GeneratorA > HP-2 Fuel Fired BoilerD,HP Fuel Fired Boiler,Steam Outlet Temperature,degC,UN.UO.71TC1411.PV,,,,,,4,Steam Network 1 > HP-2 Steam HeaderA > HP-2 Steam GeneratorA,HP-2 Fuel Fired BoilerD,boiler_fired,True,False,False
afcee115-88ff-89af-40cb-1a5b273168ba,295e11ca-a3c1-84f2-a362-f8f48a9f9538,Steam Network 1 > HP-2 Steam HeaderA > HP-2 Steam GeneratorA > HP-2 Fuel Fired BoilerD > HP Boiler Air PreheaterA,HP Boiler Air Preheater,Air Inlet Temperature,degC,,,,,,,5,Steam Network 1 > HP-2 Steam HeaderA > HP-2 Steam GeneratorA > HP-2 Fuel Fired BoilerD,HP Boiler Air PreheaterA,boiler_fired,False,False,False
afcee115-88ff-89af-40cb-1a5b273168ba,6b968b01-7f59-daa5-5cbf-71a514cf51a4,Steam Network 1 > HP-2 Steam HeaderA > HP-2 Steam GeneratorA > HP-2 Fuel Fired BoilerD > HP Boiler Air PreheaterA,HP Boiler Air Preheater,Air Outlet Temperature,degC,,,,,,,5,Steam Network 1 > HP-2 Steam HeaderA > HP-2 Steam GeneratorA > HP-2 Fuel Fired BoilerD,HP Boiler Air PreheaterA,boiler_fired,False,False,False
afcee115-88ff-89af-40cb-1a5b273168ba,63fc1081-e950-84dd-da6c-c35d8aac945c,Steam Network 1 > HP-2 Steam HeaderA > HP-2 Steam GeneratorA > HP-2 Fuel Fired BoilerD > HP Boiler Air PreheaterA,HP Boiler Air Preheater,Air Side Differential Pressure,,,,,,,,5,Steam Network 1 > HP-2 Steam HeaderA > HP-2 Steam GeneratorA > HP-2 Fuel Fired BoilerD,HP Boiler Air PreheaterA,boiler_fired,False,False,False
afcee115-88ff-89af-40cb-1a5b273168ba,1a6a0daa-1267-1732-2356-f134080d1a98,Steam Network 1 > HP-2 Steam HeaderA > HP-2 Steam GeneratorA > HP-2 Fuel Fired BoilerD > HP Boiler Air PreheaterA,HP Boiler Air Preheater,Flue Inlet Temperature,degC,,,,,,,5,Steam Network 1 > HP-2 Steam HeaderA > HP-2 Steam GeneratorA > HP-2 Fuel Fired BoilerD,HP Boiler Air PreheaterA,boiler_fired,False,False,False
afcee115-88ff-89af-40cb-1a5b273168ba,9c0a0b21-7d47-fde5-b522-9185e14df6c4,Steam Network 1 > HP-2 Steam HeaderA > HP-2 Steam GeneratorA > HP-2 Fuel Fired BoilerD > HP Boiler Air PreheaterA,HP Boiler Air Preheater,Flue Outlet Temperature,degC,,,,,,,5,Steam Network 1 > HP-2 Steam HeaderA > HP-2 Steam GeneratorA > HP-2 Fuel Fired BoilerD,HP Boiler Air PreheaterA,boiler_fired,False,False,False
afcee115-88ff-89af-40cb-1a5b273168ba,43c6b572-fcef-8c5e-2b9e-f7dcbf29392c,Steam Network 1 > HP-2 Steam HeaderA > HP-2 Steam GeneratorA > HP-2 Fuel Fired BoilerD > HP Boiler Air PreheaterA,HP Boiler Air Preheater,Leakage,,,,,,,,5,Steam Network 1 > HP-2 Steam HeaderA > HP-2 Steam GeneratorA > HP-2 Fuel Fired BoilerD,HP Boiler Air PreheaterA,boiler_fired,False,False,False
71d5e866-8d1d-14ea-453c-653cfcc8fc8c,b06d8a69-c722-1d39-b203-b661774f9750,Steam Network 1 > HP-2 Steam HeaderA > HP-2 Steam GeneratorA > HP-2 Fuel Fired BoilerD > HP Boiler BFW SystemA > HP Boiler BFW PumpA,HP Boiler BFW Pump,Bearing Temperature,,,,,,,,6,Steam Network 1 > HP-2 Steam HeaderA > HP-2 Steam GeneratorA > HP-2 Fuel Fired BoilerD > HP Boiler BFW SystemA,HP Boiler BFW PumpA,boiler_fired,False,False,False
71d5e866-8d1d-14ea-453c-653cfcc8fc8c,f3f74305-fa97-c47d-d8fe-8d7109608778,Steam Network 1 > HP-2 Steam HeaderA > HP-2 Steam GeneratorA > HP-2 Fuel Fired BoilerD > HP Boiler BFW SystemA > HP Boiler BFW PumpA,HP Boiler BFW Pump,Discharge Flow,metric_ton/h,,,,,,,6,Steam Network 1 > HP-2 Steam HeaderA > HP-2 Steam GeneratorA > HP-2 Fuel Fired BoilerD > HP Boiler BFW SystemA,HP Boiler BFW PumpA,boiler_fired,False,False,False
71d5e866-8d1d-14ea-453c-653cfcc8fc8c,0c02949c-aef0-f560-5371-0680a2f261fc,Steam Network 1 > HP-2 Steam HeaderA > HP-2 Steam GeneratorA > HP-2 Fuel Fired BoilerD > HP Boiler BFW SystemA > HP Boiler BFW PumpA,HP Boiler BFW Pump,Discharge Pressure,bar,,,,,,,6,Steam Network 1 > HP-2 Steam HeaderA > HP-2 Steam GeneratorA > HP-2 Fuel Fired BoilerD > HP Boiler BFW SystemA,HP Boiler BFW PumpA,boiler_fired,False,False,False
71d5e866-8d1d-14ea-453c-653cfcc8fc8c,f3ac5d7d-650e-6171-4c57-a12d96a23c0c,Steam Network 1 > HP-2 Steam HeaderA > HP-2 Steam GeneratorA > HP-2 Fuel Fired BoilerD > HP Boiler BFW SystemA > HP Boiler BFW PumpA,HP Boiler BFW Pump,Driver Steam Flow,metric_ton/h,,,,,,,6,Steam Network 1 > HP-2 Steam HeaderA > HP-2 Steam GeneratorA > HP-2 Fuel Fired BoilerD > HP Boiler BFW SystemA,HP Boiler BFW PumpA,boiler_fired,False,False,False
71d5e866-8d1d-14ea-453c-653cfcc8fc8c,ae550b74-0a9d-1be0-10c3-4180a4c81094,Steam Network 1 > HP-2 Steam HeaderA > HP-2 Steam GeneratorA > HP-2 Fuel Fired BoilerD > HP Boiler BFW SystemA > HP Boiler BFW PumpA,HP Boiler BFW Pump,Exhaust Pressure,bar,,,,,,,6,Steam Network 1 > HP-2 Steam HeaderA > HP-2 Steam GeneratorA > HP-2 Fuel Fired BoilerD > HP Boiler BFW SystemA,HP Boiler BFW PumpA,boiler_fired,False,False,False
71d5e866-8d1d-14ea-453c-653cfcc8fc8c,a67b0de5-dbd2-3583-f7b2-852f7da93866,Steam Network 1 > HP-2 Steam HeaderA > HP-2 Steam GeneratorA > HP-2 Fuel Fired BoilerD > HP Boiler BFW SystemA > HP Boiler BFW PumpA,HP Boiler BFW Pump,Exhaust Temperature,degC,,,,,,,6,Steam Network 1 > HP-2 Steam HeaderA > HP-2 Steam GeneratorA > HP-2 Fuel Fired BoilerD > HP Boiler BFW SystemA,HP Boiler BFW PumpA,boiler_fired,False,False,False
71d5e866-8d1d-14ea-453c-653cfcc8fc8c,90894c38-e9e3-c86c-cb1f-e7a0796a8454,Steam Network 1 > HP-2 Steam HeaderA > HP-2 Steam GeneratorA > HP-2 Fuel Fired BoilerD > HP Boiler BFW SystemA > HP Boiler BFW PumpA,HP Boiler BFW Pump,Inlet Steam Pressure,bar,,,,,,,6,Steam Network 1 > HP-2 Steam HeaderA > HP-2 Steam GeneratorA > HP-2 Fuel Fired BoilerD > HP Boiler BFW SystemA,HP Boiler BFW PumpA,boiler_fired,False,False,False
71d5e866-8d1d-14ea-453c-653cfcc8fc8c,4537e6a1-fe9c-e65f-310f-3bbfbbab00fe,Steam Network 1 > HP-2 Steam HeaderA > HP-2 Steam GeneratorA > HP-2 Fuel Fired BoilerD > HP Boiler BFW SystemA > HP Boiler BFW PumpA,HP Boiler BFW Pump,Inlet Steam Temperature,degC,,,,,,,6,Steam Network 1 > HP-2 Steam HeaderA > HP-2 Steam GeneratorA > HP-2 Fuel Fired BoilerD > HP Boiler BFW SystemA,HP Boiler BFW PumpA,boiler_fired,False,False,False
71d5e866-8d1d-14ea-453c-653cfcc8fc8c,b0062475-13bc-549f-ccb3-08aba3ba70ea,Steam Network 1 > HP-2 Steam HeaderA > HP-2 Steam GeneratorA > HP-2 Fuel Fired BoilerD > HP Boiler BFW SystemA > HP Boiler BFW PumpA,HP Boiler BFW Pump,Motor Current,A,,,,,,,6,Steam Network 1 > HP-2 Steam HeaderA > HP-2 Steam GeneratorA > HP-2 Fuel Fired BoilerD > HP Boiler BFW SystemA,HP Boiler BFW PumpA,boiler_fired,False,False,False
71d5e866-8d1d-14ea-453c-653cfcc8fc8c,e054cff5-e155-fe91-97b7-dfc501013164,Steam Network 1 > HP-2 Steam HeaderA > HP-2 Steam GeneratorA > HP-2 Fuel Fired BoilerD > HP Boiler BFW SystemA > HP Boiler BFW PumpA,HP Boiler BFW Pump,Power Output,kW,,,,,,,6,Steam Network 1 > HP-2 Steam HeaderA > HP-2 Steam GeneratorA > HP-2 Fuel Fired BoilerD > HP Boiler BFW SystemA,HP Boiler BFW PumpA,boiler_fired,False,False,False
71d5e866-8d1d-14ea-453c-653cfcc8fc8c,5e65f70e-8ab0-1c82-7c6c-fd1cd4d5eb8c,Steam Network 1 > HP-2 Steam HeaderA > HP-2 Steam GeneratorA > HP-2 Fuel Fired BoilerD > HP Boiler BFW SystemA > HP Boiler BFW PumpA,HP Boiler BFW Pump,Speed,rpm,,,,,,,6,Steam Network 1 > HP-2 Steam HeaderA > HP-2 Steam GeneratorA > HP-2 Fuel Fired BoilerD > HP Boiler BFW SystemA,HP Boiler BFW PumpA,boiler_fired,False,False,False
71d5e866-8d1d-14ea-453c-653cfcc8fc8c,d7824829-6b71-9701-ad2b-7729bcf3df28,Steam Network 1 > HP-2 Steam HeaderA > HP-2 Steam GeneratorA > HP-2 Fuel Fired BoilerD > HP Boiler BFW SystemA > HP Boiler BFW PumpA,HP Boiler BFW Pump,Suction Pressure,bar,,,,,,,6,Steam Network 1 > HP-2 Steam HeaderA > HP-2 Steam GeneratorA > HP-2 Fuel Fired BoilerD > HP Boiler BFW SystemA,HP Boiler BFW PumpA,boiler_fired,False,False,False
71d5e866-8d1d-14ea-453c-653cfcc8fc8c,9a852dd9-30f2-97a1-c2ee-d479aa77ba78,Steam Network 1 > HP-2 Steam HeaderA > HP-2 Steam GeneratorA > HP-2 Fuel Fired BoilerD > HP Boiler BFW SystemA > HP Boiler BFW PumpA,HP Boiler BFW Pump,Vibration,,,,,,,,6,Steam Network 1 > HP-2 Steam HeaderA > HP-2 Steam GeneratorA > HP-2 Fuel Fired BoilerD > HP Boiler BFW SystemA,HP Boiler BFW PumpA,boiler_fired,False,False,False
71d5e866-8d1d-14ea-453c-653cfcc8fc8c,0c766efe-f6f3-28d8-745f-5650fa854626,Steam Network 1 > HP-2 Steam HeaderA > HP-2 Steam GeneratorA > HP-2 Fuel Fired BoilerD > HP Boiler BFW SystemA > HP Boiler BFW PumpA,HP Boiler BFW Pump,Wetness Fraction,,,,,,,,6,Steam Network 1 > HP-2 Steam HeaderA > HP-2 Steam GeneratorA > HP-2 Fuel Fired BoilerD > HP Boiler BFW SystemA,HP Boiler BFW PumpA,boiler_fired,False,False,False
55b17f07-f429-65e3-07a0-6635a1981ae4,ae8637b3-a8e3-99ab-a6aa-2f910665ae18,Steam Network 1 > HP-2 Steam HeaderA > HP-2 Steam GeneratorA > HP-2 Fuel Fired BoilerD > HP Boiler BFW SystemA,HP Boiler BFW System,BFW Header Pressure,bar,UN.UO.71PI1021A.PV,,,,,,5,Steam Network 1 > HP-2 Steam HeaderA > HP-2 Steam GeneratorA > HP-2 Fuel Fired BoilerD,HP Boiler BFW SystemA,boiler_fired,True,False,False
55b17f07-f429-65e3-07a0-6635a1981ae4,00c70546-bd7a-04c2-e443-170cbdbd0184,Steam Network 1 > HP-2 Steam HeaderA > HP-2 Steam GeneratorA > HP-2 Fuel Fired BoilerD > HP Boiler BFW SystemA,HP Boiler BFW System,BFW Header Temperature,degC,UN.UO.71TI1079.PV,,,,,,5,Steam Network 1 > HP-2 Steam HeaderA > HP-2 Steam GeneratorA > HP-2 Fuel Fired BoilerD,HP Boiler BFW SystemA,boiler_fired,True,False,False
55b17f07-f429-65e3-07a0-6635a1981ae4,d7a53e5d-f726-bbf1-b3eb-a48d208385ac,Steam Network 1 > HP-2 Steam HeaderA > HP-2 Steam GeneratorA > HP-2 Fuel Fired BoilerD > HP Boiler BFW SystemA,HP Boiler BFW System,BFW Inlet Flow,metric_ton/h,UN.UO.71FC1103.PV,,,,,,5,Steam Network 1 > HP-2 Steam HeaderA > HP-2 Steam GeneratorA > HP-2 Fuel Fired BoilerD,HP Boiler BFW SystemA,boiler_fired,True,False,False
55b17f07-f429-65e3-07a0-6635a1981ae4,b12cf6aa-171c-0342-7513-95d4a630f5e8,Steam Network 1 > HP-2 Steam HeaderA > HP-2 Steam GeneratorA > HP-2 Fuel Fired BoilerD > HP Boiler BFW SystemA,HP Boiler BFW System,BFW Quality (Conductivity),,UN.UO.71AI1005B.PV,,,,,,5,Steam Network 1 > HP-2 Steam HeaderA > HP-2 Steam GeneratorA > HP-2 Fuel Fired BoilerD,HP Boiler BFW SystemA,boiler_fired,True,False,False
f6aaf2a4-7ff0-973e-6845-7fb8895a659a,38f1138e-4edc-80a2-a45d-5fdc762d932c,Steam Network 1 > HP-2 Steam HeaderA > HP-2 Steam GeneratorA > HP-2 Fuel Fired BoilerD > HP Boiler Blowdown SystemA,HP Boiler Blowdown System,Blowdown Conductivity,,UN.UO.71AC1401.PV,,,,,,5,Steam Network 1 > HP-2 Steam HeaderA > HP-2 Steam GeneratorA > HP-2 Fuel Fired BoilerD,HP Boiler Blowdown SystemA,boiler_fired,True,False,False
f6aaf2a4-7ff0-973e-6845-7fb8895a659a,66992523-80c6-cd83-5c2d-07e9e65fe8a0,Steam Network 1 > HP-2 Steam HeaderA > HP-2 Steam GeneratorA > HP-2 Fuel Fired BoilerD > HP Boiler Blowdown SystemA,HP Boiler Blowdown System,Blowdown Flow Conroller Opening,percent,,,,,,,5,Steam Network 1 > HP-2 Steam HeaderA > HP-2 Steam GeneratorA > HP-2 Fuel Fired BoilerD,HP Boiler Blowdown SystemA,boiler_fired,False,False,False
f6aaf2a4-7ff0-973e-6845-7fb8895a659a,83ca66f2-88c2-f068-de20-b2500b08969a,Steam Network 1 > HP-2 Steam HeaderA > HP-2 Steam GeneratorA > HP-2 Fuel Fired BoilerD > HP Boiler Blowdown SystemA,HP Boiler Blowdown System,Blowdown TDS,,,,,,,,5,Steam Network 1 > HP-2 Steam HeaderA > HP-2 Steam GeneratorA > HP-2 Fuel Fired BoilerD,HP Boiler Blowdown SystemA,boiler_fired,False,False,False
f6aaf2a4-7ff0-973e-6845-7fb8895a659a,52e0a484-71f1-6488-ebde-f6202311c00c,Steam Network 1 > HP-2 Steam HeaderA > HP-2 Steam GeneratorA > HP-2 Fuel Fired BoilerD > HP Boiler Blowdown SystemA,HP Boiler Blowdown System,Continuous Blowdown Flow,metric_ton/h,UN.UO.71FC1400.PV,,,,,,5,Steam Network 1 > HP-2 Steam HeaderA > HP-2 Steam GeneratorA > HP-2 Fuel Fired BoilerD,HP Boiler Blowdown SystemA,boiler_fired,True,False,False
f6aaf2a4-7ff0-973e-6845-7fb8895a659a,80b6a314-4b42-54ac-4f60-2170cbf4f7b8,Steam Network 1 > HP-2 Steam HeaderA > HP-2 Steam GeneratorA > HP-2 Fuel Fired BoilerD > HP Boiler Blowdown SystemA,HP Boiler Blowdown System,Flash Drum Pressure,bar,,,,,,,5,Steam Network 1 > HP-2 Steam HeaderA > HP-2 Steam GeneratorA > HP-2 Fuel Fired BoilerD,HP Boiler Blowdown SystemA,boiler_fired,False,False,False
f6aaf2a4-7ff0-973e-6845-7fb8895a659a,e9b9a4c9-ce12-c44b-efaf-2ae327ab6082,Steam Network 1 > HP-2 Steam HeaderA > HP-2 Steam GeneratorA > HP-2 Fuel Fired BoilerD > HP Boiler Blowdown SystemA,HP Boiler Blowdown System,Flash Steam Flow,metric_ton/h,,,,,,,5,Steam Network 1 > HP-2 Steam HeaderA > HP-2 Steam GeneratorA > HP-2 Fuel Fired BoilerD,HP Boiler Blowdown SystemA,boiler_fired,False,False,False
f6aaf2a4-7ff0-973e-6845-7fb8895a659a,7d43b1a8-9bc5-bc20-cd35-9500e6860d88,Steam Network 1 > HP-2 Steam HeaderA > HP-2 Steam GeneratorA > HP-2 Fuel Fired BoilerD > HP Boiler Blowdown SystemA,HP Boiler Blowdown System,Intermittent Blowdown Flow,metric_ton/h,,,,,,,5,Steam Network 1 > HP-2 Steam HeaderA > HP-2 Steam GeneratorA > HP-2 Fuel Fired BoilerD,HP Boiler Blowdown SystemA,boiler_fired,False,False,False
dfb71f9b-f172-9361-e98e-fabb2ec58cfa,7fb4b2a4-5dd9-5e18-538c-f760226decbc,Steam Network 1 > HP-2 Steam HeaderA > HP-2 Steam GeneratorA > HP-2 Fuel Fired BoilerD > HP Boiler Combustion SystemA > HP Boiler BurnerA,HP Boiler Burner,Burner Air Flow,,,,,,,,6,Steam Network 1 > HP-2 Steam HeaderA > HP-2 Steam GeneratorA > HP-2 Fuel Fired BoilerD > HP Boiler Combustion SystemA,HP Boiler BurnerA,boiler_fired,False,False,False
dfb71f9b-f172-9361-e98e-fabb2ec58cfa,12a1ac6c-0e93-aebe-a133-60281c3202d2,Steam Network 1 > HP-2 Steam HeaderA > HP-2 Steam GeneratorA > HP-2 Fuel Fired BoilerD > HP Boiler Combustion SystemA > HP Boiler BurnerA,HP Boiler Burner,Burner Backpressure,bar,,,,,,,6,Steam Network 1 > HP-2 Steam HeaderA > HP-2 Steam GeneratorA > HP-2 Fuel Fired BoilerD > HP Boiler Combustion SystemA,HP Boiler BurnerA,boiler_fired,False,False,False
dfb71f9b-f172-9361-e98e-fabb2ec58cfa,0a9c6538-c75b-1a80-b362-4c00cdc77fb8,Steam Network 1 > HP-2 Steam HeaderA > HP-2 Steam GeneratorA > HP-2 Fuel Fired BoilerD > HP Boiler Combustion SystemA > HP Boiler BurnerA,HP Boiler Burner,Burner Fuel Flow,m³/h,,,,,,,6,Steam Network 1 > HP-2 Steam HeaderA > HP-2 Steam GeneratorA > HP-2 Fuel Fired BoilerD > HP Boiler Combustion SystemA,HP Boiler BurnerA,boiler_fired,False,False,False
dfb71f9b-f172-9361-e98e-fabb2ec58cfa,89d257e3-6a17-9609-fb49-18fbe3c5c1ea,Steam Network 1 > HP-2 Steam HeaderA > HP-2 Steam GeneratorA > HP-2 Fuel Fired BoilerD > HP Boiler Combustion SystemA > HP Boiler BurnerA,HP Boiler Burner,Flame Status,,,,,,,,6,Steam Network 1 > HP-2 Steam HeaderA > HP-2 Steam GeneratorA > HP-2 Fuel Fired BoilerD > HP Boiler Combustion SystemA,HP Boiler BurnerA,boiler_fired,False,False,False
dfb71f9b-f172-9361-e98e-fabb2ec58cfa,d5f710be-7c37-dbae-6a11-eb24a9c0cb10,Steam Network 1 > HP-2 Steam HeaderA > HP-2 Steam GeneratorA > HP-2 Fuel Fired BoilerD > HP Boiler Combustion SystemA > HP Boiler BurnerA,HP Boiler Burner,Pilot Status,,,,,,,,6,Steam Network 1 > HP-2 Steam HeaderA > HP-2 Steam GeneratorA > HP-2 Fuel Fired BoilerD > HP Boiler Combustion SystemA,HP Boiler BurnerA,boiler_fired,False,False,False
9b81d5c3-7792-0197-c9a0-d905ec13d454,9f689d1a-d330-1524-e279-39a84c58883e,Steam Network 1 > HP-2 Steam HeaderA > HP-2 Steam GeneratorA > HP-2 Fuel Fired BoilerD > HP Boiler Combustion SystemA,HP Boiler Combustion System,Atomizing Steam Flow,metric_ton/h,,,,,,,5,Steam Network 1 > HP-2 Steam HeaderA > HP-2 Steam GeneratorA > HP-2 Fuel Fired BoilerD,HP Boiler Combustion SystemA,boiler_fired,False,False,False
9b81d5c3-7792-0197-c9a0-d905ec13d454,f8749330-d0be-bcec-e52e-f04028ca2fdc,Steam Network 1 > HP-2 Steam HeaderA > HP-2 Steam GeneratorA > HP-2 Fuel Fired BoilerD > HP Boiler Combustion SystemA,HP Boiler Combustion System,Burner Header Pressure,bar,,,,,,,5,Steam Network 1 > HP-2 Steam HeaderA > HP-2 Steam GeneratorA > HP-2 Fuel Fired BoilerD,HP Boiler Combustion SystemA,boiler_fired,False,False,False
9b81d5c3-7792-0197-c9a0-d905ec13d454,8afb0e3c-c864-76ce-fe05-1c48429f78f2,Steam Network 1 > HP-2 Steam HeaderA > HP-2 Steam GeneratorA > HP-2 Fuel Fired BoilerD > HP Boiler Combustion SystemA,HP Boiler Combustion System,Excess O2 Setpoint,vol%,,,,,,,5,Steam Network 1 > HP-2 Steam HeaderA > HP-2 Steam GeneratorA > HP-2 Fuel Fired BoilerD,HP Boiler Combustion SystemA,boiler_fired,False,False,False
9b81d5c3-7792-0197-c9a0-d905ec13d454,6c50a8d9-93a0-3d95-65cd-fb4dfff0954c,Steam Network 1 > HP-2 Steam HeaderA > HP-2 Steam GeneratorA > HP-2 Fuel Fired BoilerD > HP Boiler Combustion SystemA,HP Boiler Combustion System,Pilot Gas Flow,metric_ton/h,,,,,,,5,Steam Network 1 > HP-2 Steam HeaderA > HP-2 Steam GeneratorA > HP-2 Fuel Fired BoilerD,HP Boiler Combustion SystemA,boiler_fired,False,False,False
9b81d5c3-7792-0197-c9a0-d905ec13d454,027a7879-1f10-95d5-8694-a9ad1d6aedac,Steam Network 1 > HP-2 Steam HeaderA > HP-2 Steam GeneratorA > HP-2 Fuel Fired BoilerD > HP Boiler Combustion SystemA,HP Boiler Combustion System,Total Combustion Air Flow,,,,,,,,5,Steam Network 1 > HP-2 Steam HeaderA > HP-2 Steam GeneratorA > HP-2 Fuel Fired BoilerD,HP Boiler Combustion SystemA,boiler_fired,False,False,False
cbec8bb8-c964-d4d2-379e-fcf002885f6a,8eac605d-2ec0-c013-dad0-e6e7a06ca04e,Steam Network 1 > HP-2 Steam HeaderA > HP-2 Steam GeneratorA > HP-2 Fuel Fired BoilerD > HP Boiler Convection SectionA,HP Boiler Convection Section,Draft at Arch,,,,,,,,5,Steam Network 1 > HP-2 Steam HeaderA > HP-2 Steam GeneratorA > HP-2 Fuel Fired BoilerD,HP Boiler Convection SectionA,boiler_fired,False,False,False
cbec8bb8-c964-d4d2-379e-fcf002885f6a,2b8b1ba7-77bb-7339-0362-2d2f5c30689e,Steam Network 1 > HP-2 Steam HeaderA > HP-2 Steam GeneratorA > HP-2 Fuel Fired BoilerD > HP Boiler Convection SectionA,HP Boiler Convection Section,Flue Inlet Temperature,degC,,,,,,,5,Steam Network 1 > HP-2 Steam HeaderA > HP-2 Steam GeneratorA > HP-2 Fuel Fired BoilerD,HP Boiler Convection SectionA,boiler_fired,False,False,False
cbec8bb8-c964-d4d2-379e-fcf002885f6a,af0abcc4-2279-4ae8-fcef-b9a08d73f62c,Steam Network 1 > HP-2 Steam HeaderA > HP-2 Steam GeneratorA > HP-2 Fuel Fired BoilerD > HP Boiler Convection SectionA,HP Boiler Convection Section,Flue Outlet Temperature,degC,,,,,,,5,Steam Network 1 > HP-2 Steam HeaderA > HP-2 Steam GeneratorA > HP-2 Fuel Fired BoilerD,HP Boiler Convection SectionA,boiler_fired,False,False,False
9d6c2850-18f0-217a-41bd-8620859c092a,45e7888b-b2a2-0cef-2b84-fdc5f7458464,Steam Network 1 > HP-2 Steam HeaderA > HP-2 Steam GeneratorA > HP-2 Fuel Fired BoilerD > HP Boiler SuperheaterA > HP Boiler DesuperheaterA,HP Boiler Desuperheater,Inlet Steam Temperature,degC,,,,,,,6,Steam Network 1 > HP-2 Steam HeaderA > HP-2 Steam GeneratorA > HP-2 Fuel Fired BoilerD > HP Boiler SuperheaterA,HP Boiler DesuperheaterA,boiler_fired,False,False,False
9d6c2850-18f0-217a-41bd-8620859c092a,29f2e122-a1c1-c752-596f-8ae488332670,Steam Network 1 > HP-2 Steam HeaderA > HP-2 Steam GeneratorA > HP-2 Fuel Fired BoilerD > HP Boiler SuperheaterA > HP Boiler DesuperheaterA,HP Boiler Desuperheater,Outlet Steam Setpoint,,,,,,,,6,Steam Network 1 > HP-2 Steam HeaderA > HP-2 Steam GeneratorA > HP-2 Fuel Fired BoilerD > HP Boiler SuperheaterA,HP Boiler DesuperheaterA,boiler_fired,False,False,False
9d6c2850-18f0-217a-41bd-8620859c092a,23d27e40-a73c-9ae6-260f-ed8084eee4a6,Steam Network 1 > HP-2 Steam HeaderA > HP-2 Steam GeneratorA > HP-2 Fuel Fired BoilerD > HP Boiler SuperheaterA > HP Boiler DesuperheaterA,HP Boiler Desuperheater,Outlet Steam Temperature,degC,UN.UO.71TC1411.PV,,,,,,6,Steam Network 1 > HP-2 Steam HeaderA > HP-2 Steam GeneratorA > HP-2 Fuel Fired BoilerD > HP Boiler SuperheaterA,HP Boiler DesuperheaterA,boiler_fired,True,False,False
9d6c2850-18f0-217a-41bd-8620859c092a,48c921c6-f369-506a-ca0b-dbfcbba071ac,Steam Network 1 > HP-2 Steam HeaderA > HP-2 Steam GeneratorA > HP-2 Fuel Fired BoilerD > HP Boiler SuperheaterA > HP Boiler DesuperheaterA,HP Boiler Desuperheater,Spray Valve Opening,percent,,,,,,,6,Steam Network 1 > HP-2 Steam HeaderA > HP-2 Steam GeneratorA > HP-2 Fuel Fired BoilerD > HP Boiler SuperheaterA,HP Boiler DesuperheaterA,boiler_fired,False,False,False
9d6c2850-18f0-217a-41bd-8620859c092a,1e772459-c1e6-ce69-1f13-8681df91ea30,Steam Network 1 > HP-2 Steam HeaderA > HP-2 Steam GeneratorA > HP-2 Fuel Fired BoilerD > HP Boiler SuperheaterA > HP Boiler DesuperheaterA,HP Boiler Desuperheater,Spray Water Flow,,UN.UO.71FI1402.PV,,,,,,6,Steam Network 1 > HP-2 Steam HeaderA > HP-2 Steam GeneratorA > HP-2 Fuel Fired BoilerD > HP Boiler SuperheaterA,HP Boiler DesuperheaterA,boiler_fired,True,False,False
01e19f4a-7ea6-79d4-e91d-e3487f47e69e,9e736168-726a-c1e0-4674-a300ec19a088,Steam Network 1 > HP-2 Steam HeaderA > HP-2 Steam GeneratorA > HP-2 Fuel Fired BoilerD > HP Boiler EconomizerA,HP Boiler Economizer,BFW Inlet Temperature,degC,,,,,,,5,Steam Network 1 > HP-2 Steam HeaderA > HP-2 Steam GeneratorA > HP-2 Fuel Fired BoilerD,HP Boiler EconomizerA,boiler_fired,False,False,False
01e19f4a-7ea6-79d4-e91d-e3487f47e69e,992b2f23-5dcf-a90b-eb46-2181c4e48628,Steam Network 1 > HP-2 Steam HeaderA > HP-2 Steam GeneratorA > HP-2 Fuel Fired BoilerD > HP Boiler EconomizerA,HP Boiler Economizer,BFW Outlet Temperature,degC,,,,,,,5,Steam Network 1 > HP-2 Steam HeaderA > HP-2 Steam GeneratorA > HP-2 Fuel Fired BoilerD,HP Boiler EconomizerA,boiler_fired,False,False,False
01e19f4a-7ea6-79d4-e91d-e3487f47e69e,e87423d5-e61a-cbd3-b1c5-6f8f0e6ee806,Steam Network 1 > HP-2 Steam HeaderA > HP-2 Steam GeneratorA > HP-2 Fuel Fired BoilerD > HP Boiler EconomizerA,HP Boiler Economizer,Flue Inlet Temperature,degC,,,,,,,5,Steam Network 1 > HP-2 Steam HeaderA > HP-2 Steam GeneratorA > HP-2 Fuel Fired BoilerD,HP Boiler EconomizerA,boiler_fired,False,False,False
01e19f4a-7ea6-79d4-e91d-e3487f47e69e,8f42ba56-1641-192a-b8fa-f81c9903a37c,Steam Network 1 > HP-2 Steam HeaderA > HP-2 Steam GeneratorA > HP-2 Fuel Fired BoilerD > HP Boiler EconomizerA,HP Boiler Economizer,Flue Outlet Temperature,degC,,,,,,,5,Steam Network 1 > HP-2 Steam HeaderA > HP-2 Steam GeneratorA > HP-2 Fuel Fired BoilerD,HP Boiler EconomizerA,boiler_fired,False,False,False
95d25fa5-2905-79cb-883f-d4d7bcd7266e,f41fefe9-585e-fa07-0cb7-195fac4115ee,Steam Network 1 > HP-2 Steam HeaderA > HP-2 Steam GeneratorA > HP-2 Fuel Fired BoilerD > HP Boiler Evaporator SectionA,HP Boiler Evaporator Section,Inlet Gas Temperature,degC,,,,,,,5,Steam Network 1 > HP-2 Steam HeaderA > HP-2 Steam GeneratorA > HP-2 Fuel Fired BoilerD,HP Boiler Evaporator SectionA,boiler_fired,False,False,False
95d25fa5-2905-79cb-883f-d4d7bcd7266e,e50c4e54-5bd4-c65a-c478-8188bed8880e,Steam Network 1 > HP-2 Steam HeaderA > HP-2 Steam GeneratorA > HP-2 Fuel Fired BoilerD > HP Boiler Evaporator SectionA,HP Boiler Evaporator Section,Outlet Gas Temperature,degC,,,,,,,5,Steam Network 1 > HP-2 Steam HeaderA > HP-2 Steam GeneratorA > HP-2 Fuel Fired BoilerD,HP Boiler Evaporator SectionA,boiler_fired,False,False,False
95d25fa5-2905-79cb-883f-d4d7bcd7266e,0e88ff82-78b3-478e-a6c0-c81c763bb80c,Steam Network 1 > HP-2 Steam HeaderA > HP-2 Steam GeneratorA > HP-2 Fuel Fired BoilerD > HP Boiler Evaporator SectionA,HP Boiler Evaporator Section,Steam Generation,metric_ton/h,,,,,,,5,Steam Network 1 > HP-2 Steam HeaderA > HP-2 Steam GeneratorA > HP-2 Fuel Fired BoilerD,HP Boiler Evaporator SectionA,boiler_fired,False,False,False
95d25fa5-2905-79cb-883f-d4d7bcd7266e,52cee1a8-bf55-dd02-8333-cb50ed9b3caa,Steam Network 1 > HP-2 Steam HeaderA > HP-2 Steam GeneratorA > HP-2 Fuel Fired BoilerD > HP Boiler Evaporator SectionA,HP Boiler Evaporator Section,Tube Differential Pressure,,,,,,,,5,Steam Network 1 > HP-2 Steam HeaderA > HP-2 Steam GeneratorA > HP-2 Fuel Fired BoilerD,HP Boiler Evaporator SectionA,boiler_fired,False,False,False
5b1cd086-e0cd-461c-1379-72a8bbd1969a,6c4f2289-0c79-8ccb-e864-4ea36036ae42,Steam Network 1 > HP-2 Steam HeaderA > HP-2 Steam GeneratorA > HP-2 Fuel Fired BoilerD > HP Boiler Combustion SystemA > HP Boiler FD FanA,HP Boiler FD Fan,Bearing Temperature,degC,,,,,,,6,Steam Network 1 > HP-2 Steam HeaderA > HP-2 Steam GeneratorA > HP-2 Fuel Fired BoilerD > HP Boiler Combustion SystemA,HP Boiler FD FanA,boiler_fired,False,False,False
5b1cd086-e0cd-461c-1379-72a8bbd1969a,bf7d787c-9523-c10a-b7b0-30d82a5eb976,Steam Network 1 > HP-2 Steam HeaderA > HP-2 Steam GeneratorA > HP-2 Fuel Fired BoilerD > HP Boiler Combustion SystemA > HP Boiler FD FanA,HP Boiler FD Fan,Discharge Pressure,bar,,,,,,,6,Steam Network 1 > HP-2 Steam HeaderA > HP-2 Steam GeneratorA > HP-2 Fuel Fired BoilerD > HP Boiler Combustion SystemA,HP Boiler FD FanA,boiler_fired,False,False,False
5b1cd086-e0cd-461c-1379-72a8bbd1969a,80f76754-a091-2d9a-1891-ec8820664ace,Steam Network 1 > HP-2 Steam HeaderA > HP-2 Steam GeneratorA > HP-2 Fuel Fired BoilerD > HP Boiler Combustion SystemA > HP Boiler FD FanA,HP Boiler FD Fan,Exhaust Pressure,bar,,,,,,,6,Steam Network 1 > HP-2 Steam HeaderA > HP-2 Steam GeneratorA > HP-2 Fuel Fired BoilerD > HP Boiler Combustion SystemA,HP Boiler FD FanA,boiler_fired,False,False,False
5b1cd086-e0cd-461c-1379-72a8bbd1969a,625ca605-2129-a515-0467-d76943750310,Steam Network 1 > HP-2 Steam HeaderA > HP-2 Steam GeneratorA > HP-2 Fuel Fired BoilerD > HP Boiler Combustion SystemA > HP Boiler FD FanA,HP Boiler FD Fan,Exhaust Temperature,degC,,,,,,,6,Steam Network 1 > HP-2 Steam HeaderA > HP-2 Steam GeneratorA > HP-2 Fuel Fired BoilerD > HP Boiler Combustion SystemA,HP Boiler FD FanA,boiler_fired,False,False,False
5b1cd086-e0cd-461c-1379-72a8bbd1969a,90012488-1f6c-c14c-7e41-60608f6de5c4,Steam Network 1 > HP-2 Steam HeaderA > HP-2 Steam GeneratorA > HP-2 Fuel Fired BoilerD > HP Boiler Combustion SystemA > HP Boiler FD FanA,HP Boiler FD Fan,Inlet Damper Opening,percent,,,,,,,6,Steam Network 1 > HP-2 Steam HeaderA > HP-2 Steam GeneratorA > HP-2 Fuel Fired BoilerD > HP Boiler Combustion SystemA,HP Boiler FD FanA,boiler_fired,False,False,False
5b1cd086-e0cd-461c-1379-72a8bbd1969a,ac848481-7fcb-fa03-803e-8783d34f7e82,Steam Network 1 > HP-2 Steam HeaderA > HP-2 Steam GeneratorA > HP-2 Fuel Fired BoilerD > HP Boiler Combustion SystemA > HP Boiler FD FanA,HP Boiler FD Fan,Inlet Steam Flow,metric_ton/h,,,,,,,6,Steam Network 1 > HP-2 Steam HeaderA > HP-2 Steam GeneratorA > HP-2 Fuel Fired BoilerD > HP Boiler Combustion SystemA,HP Boiler FD FanA,boiler_fired,False,False,False
5b1cd086-e0cd-461c-1379-72a8bbd1969a,50dab818-ef86-e886-4de2-1c90bf5c509e,Steam Network 1 > HP-2 Steam HeaderA > HP-2 Steam GeneratorA > HP-2 Fuel Fired BoilerD > HP Boiler Combustion SystemA > HP Boiler FD FanA,HP Boiler FD Fan,Inlet Steam Pressure,bar,,,,,,,6,Steam Network 1 > HP-2 Steam HeaderA > HP-2 Steam GeneratorA > HP-2 Fuel Fired BoilerD > HP Boiler Combustion SystemA,HP Boiler FD FanA,boiler_fired,False,False,False
5b1cd086-e0cd-461c-1379-72a8bbd1969a,88506ec1-6423-9ed1-7668-8991ec73f010,Steam Network 1 > HP-2 Steam HeaderA > HP-2 Steam GeneratorA > HP-2 Fuel Fired BoilerD > HP Boiler Combustion SystemA > HP Boiler FD FanA,HP Boiler FD Fan,Inlet Steam Temperature,degC,,,,,,,6,Steam Network 1 > HP-2 Steam HeaderA > HP-2 Steam GeneratorA > HP-2 Fuel Fired BoilerD > HP Boiler Combustion SystemA,HP Boiler FD FanA,boiler_fired,False,False,False
5b1cd086-e0cd-461c-1379-72a8bbd1969a,fa845495-caef-92a1-8e91-2bb5306bc634,Steam Network 1 > HP-2 Steam HeaderA > HP-2 Steam GeneratorA > HP-2 Fuel Fired BoilerD > HP Boiler Combustion SystemA > HP Boiler FD FanA,HP Boiler FD Fan,Motor Current,A,,,,,,,6,Steam Network 1 > HP-2 Steam HeaderA > HP-2 Steam GeneratorA > HP-2 Fuel Fired BoilerD > HP Boiler Combustion SystemA,HP Boiler FD FanA,boiler_fired,False,False,False
5b1cd086-e0cd-461c-1379-72a8bbd1969a,fda6472e-a65c-7cc4-2650-c7385bfa3bea,Steam Network 1 > HP-2 Steam HeaderA > HP-2 Steam GeneratorA > HP-2 Fuel Fired BoilerD > HP Boiler Combustion SystemA > HP Boiler FD FanA,HP Boiler FD Fan,Speed,rpm,,,,,,,6,Steam Network 1 > HP-2 Steam HeaderA > HP-2 Steam GeneratorA > HP-2 Fuel Fired BoilerD > HP Boiler Combustion SystemA,HP Boiler FD FanA,boiler_fired,False,False,False
5b1cd086-e0cd-461c-1379-72a8bbd1969a,02e06df9-1e98-65c3-362f-01ab1c78083a,Steam Network 1 > HP-2 Steam HeaderA > HP-2 Steam GeneratorA > HP-2 Fuel Fired BoilerD > HP Boiler Combustion SystemA > HP Boiler FD FanA,HP Boiler FD Fan,Vibration,,,,,,,,6,Steam Network 1 > HP-2 Steam HeaderA > HP-2 Steam GeneratorA > HP-2 Fuel Fired BoilerD > HP Boiler Combustion SystemA,HP Boiler FD FanA,boiler_fired,False,False,False
f9cf8249-6c50-b699-5674-c3a1959f34d0,184254cc-d218-e138-e629-d8a0ca5ab5f4,Steam Network 1 > HP-2 Steam HeaderA > HP-2 Steam GeneratorA > HP-2 Fuel Fired BoilerD > HP Boiler Combustion SystemA > HP Boiler ID FanA,HP Boiler ID Fan,Bearing Temperature,degC,,,,,,,6,Steam Network 1 > HP-2 Steam HeaderA > HP-2 Steam GeneratorA > HP-2 Fuel Fired BoilerD > HP Boiler Combustion SystemA,HP Boiler ID FanA,boiler_fired,False,False,False
f9cf8249-6c50-b699-5674-c3a1959f34d0,c50971d9-bd13-4db3-44f3-dfbb781a3c6a,Steam Network 1 > HP-2 Steam HeaderA > HP-2 Steam GeneratorA > HP-2 Fuel Fired BoilerD > HP Boiler Combustion SystemA > HP Boiler ID FanA,HP Boiler ID Fan,Discharge Pressure,bar,,,,,,,6,Steam Network 1 > HP-2 Steam HeaderA > HP-2 Steam GeneratorA > HP-2 Fuel Fired BoilerD > HP Boiler Combustion SystemA,HP Boiler ID FanA,boiler_fired,False,False,False
f9cf8249-6c50-b699-5674-c3a1959f34d0,74fc13f1-830c-f56b-66bd-fabbf7f0e69a,Steam Network 1 > HP-2 Steam HeaderA > HP-2 Steam GeneratorA > HP-2 Fuel Fired BoilerD > HP Boiler Combustion SystemA > HP Boiler ID FanA,HP Boiler ID Fan,Exhaust Pressure,bar,,,,,,,6,Steam Network 1 > HP-2 Steam HeaderA > HP-2 Steam GeneratorA > HP-2 Fuel Fired BoilerD > HP Boiler Combustion SystemA,HP Boiler ID FanA,boiler_fired,False,False,False
f9cf8249-6c50-b699-5674-c3a1959f34d0,0e4fd848-e6c8-f982-9629-dc90e88721ca,Steam Network 1 > HP-2 Steam HeaderA > HP-2 Steam GeneratorA > HP-2 Fuel Fired BoilerD > HP Boiler Combustion SystemA > HP Boiler ID FanA,HP Boiler ID Fan,Exhaust Temperature,degC,,,,,,,6,Steam Network 1 > HP-2 Steam HeaderA > HP-2 Steam GeneratorA > HP-2 Fuel Fired BoilerD > HP Boiler Combustion SystemA,HP Boiler ID FanA,boiler_fired,False,False,False
f9cf8249-6c50-b699-5674-c3a1959f34d0,62743aa5-af73-f50d-5f25-e361cd07cfa8,Steam Network 1 > HP-2 Steam HeaderA > HP-2 Steam GeneratorA > HP-2 Fuel Fired BoilerD > HP Boiler Combustion SystemA > HP Boiler ID FanA,HP Boiler ID Fan,Inlet Damper Opening,percent,,,,,,,6,Steam Network 1 > HP-2 Steam HeaderA > HP-2 Steam GeneratorA > HP-2 Fuel Fired BoilerD > HP Boiler Combustion SystemA,HP Boiler ID FanA,boiler_fired,False,False,False
f9cf8249-6c50-b699-5674-c3a1959f34d0,a089311e-6247-c1d4-7af6-4ad8c2cef0ca,Steam Network 1 > HP-2 Steam HeaderA > HP-2 Steam GeneratorA > HP-2 Fuel Fired BoilerD > HP Boiler Combustion SystemA > HP Boiler ID FanA,HP Boiler ID Fan,Inlet Steam Flow,metric_ton/h,,,,,,,6,Steam Network 1 > HP-2 Steam HeaderA > HP-2 Steam GeneratorA > HP-2 Fuel Fired BoilerD > HP Boiler Combustion SystemA,HP Boiler ID FanA,boiler_fired,False,False,False
f9cf8249-6c50-b699-5674-c3a1959f34d0,234dce35-7f8e-1c47-f987-fcb35cc3d272,Steam Network 1 > HP-2 Steam HeaderA > HP-2 Steam GeneratorA > HP-2 Fuel Fired BoilerD > HP Boiler Combustion SystemA > HP Boiler ID FanA,HP Boiler ID Fan,Inlet Steam Pressure,bar,,,,,,,6,Steam Network 1 > HP-2 Steam HeaderA > HP-2 Steam GeneratorA > HP-2 Fuel Fired BoilerD > HP Boiler Combustion SystemA,HP Boiler ID FanA,boiler_fired,False,False,False
f9cf8249-6c50-b699-5674-c3a1959f34d0,c70ac784-452e-d16e-c13c-7eb8822416ea,Steam Network 1 > HP-2 Steam HeaderA > HP-2 Steam GeneratorA > HP-2 Fuel Fired BoilerD > HP Boiler Combustion SystemA > HP Boiler ID FanA,HP Boiler ID Fan,Inlet Steam Temperature,degC,,,,,,,6,Steam Network 1 > HP-2 Steam HeaderA > HP-2 Steam GeneratorA > HP-2 Fuel Fired BoilerD > HP Boiler Combustion SystemA,HP Boiler ID FanA,boiler_fired,False,False,False
f9cf8249-6c50-b699-5674-c3a1959f34d0,204f3518-619e-bf26-c12e-c99041d18a3e,Steam Network 1 > HP-2 Steam HeaderA > HP-2 Steam GeneratorA > HP-2 Fuel Fired BoilerD > HP Boiler Combustion SystemA > HP Boiler ID FanA,HP Boiler ID Fan,Motor Current,A,,,,,,,6,Steam Network 1 > HP-2 Steam HeaderA > HP-2 Steam GeneratorA > HP-2 Fuel Fired BoilerD > HP Boiler Combustion SystemA,HP Boiler ID FanA,boiler_fired,False,False,False
f9cf8249-6c50-b699-5674-c3a1959f34d0,c92f5ab1-8eb6-2ee9-463b-591947997458,Steam Network 1 > HP-2 Steam HeaderA > HP-2 Steam GeneratorA > HP-2 Fuel Fired BoilerD > HP Boiler Combustion SystemA > HP Boiler ID FanA,HP Boiler ID Fan,Speed,rpm,,,,,,,6,Steam Network 1 > HP-2 Steam HeaderA > HP-2 Steam GeneratorA > HP-2 Fuel Fired BoilerD > HP Boiler Combustion SystemA,HP Boiler ID FanA,boiler_fired,False,False,False
f9cf8249-6c50-b699-5674-c3a1959f34d0,f4de07fc-98db-1298-74f8-75a06c051564,Steam Network 1 > HP-2 Steam HeaderA > HP-2 Steam GeneratorA > HP-2 Fuel Fired BoilerD > HP Boiler Combustion SystemA > HP Boiler ID FanA,HP Boiler ID Fan,Vibration,,,,,,,,6,Steam Network 1 > HP-2 Steam HeaderA > HP-2 Steam GeneratorA > HP-2 Fuel Fired BoilerD > HP Boiler Combustion SystemA,HP Boiler ID FanA,boiler_fired,False,False,False
02842cc7-61d2-622f-31a6-668963564ee8,ac069154-d43a-c7ce-0549-3d98783c569a,Steam Network 1 > HP-2 Steam HeaderA > HP-2 Steam GeneratorA > HP-2 Fuel Fired BoilerD > HP Boiler Radiant SectionA,HP Boiler Radiant Section,Box Draft,,,,,,,,5,Steam Network 1 > HP-2 Steam HeaderA > HP-2 Steam GeneratorA > HP-2 Fuel Fired BoilerD,HP Boiler Radiant SectionA,boiler_fired,False,False,False
02842cc7-61d2-622f-31a6-668963564ee8,6af42b1a-9fd2-2c9a-cf9e-65a4f5260780,Steam Network 1 > HP-2 Steam HeaderA > HP-2 Steam GeneratorA > HP-2 Fuel Fired BoilerD > HP Boiler Radiant SectionA,HP Boiler Radiant Section,Radiant Box Temperature,degC,,,,,,,5,Steam Network 1 > HP-2 Steam HeaderA > HP-2 Steam GeneratorA > HP-2 Fuel Fired BoilerD,HP Boiler Radiant SectionA,boiler_fired,False,False,False
02842cc7-61d2-622f-31a6-668963564ee8,1ca08eab-1782-9f8f-8621-e6850b221124,Steam Network 1 > HP-2 Steam HeaderA > HP-2 Steam GeneratorA > HP-2 Fuel Fired BoilerD > HP Boiler Radiant SectionA,HP Boiler Radiant Section,Tube Skin Temperature (TMT),degC,,,,,,,5,Steam Network 1 > HP-2 Steam HeaderA > HP-2 Steam GeneratorA > HP-2 Fuel Fired BoilerD,HP Boiler Radiant SectionA,boiler_fired,False,False,False
e2614512-e187-0086-bd68-276c03e64594,847ba2b9-1758-6a13-9525-adbb9323c8aa,Steam Network 1 > HP-2 Steam HeaderA > HP-2 Steam GeneratorA > HP-2 Fuel Fired BoilerD > HP Boiler Soot Blower SystemA,HP Boiler Soot Blower System,Cycle Status,,,,,,,,5,Steam Network 1 > HP-2 Steam HeaderA > HP-2 Steam GeneratorA > HP-2 Fuel Fired BoilerD,HP Boiler Soot Blower SystemA,boiler_fired,False,False,False
e2614512-e187-0086-bd68-276c03e64594,f1c0153f-7e02-6423-420d-839d8fc2711c,Steam Network 1 > HP-2 Steam HeaderA > HP-2 Steam GeneratorA > HP-2 Fuel Fired BoilerD > HP Boiler Soot Blower SystemA,HP Boiler Soot Blower System,Last Run Time,,,,,,,,5,Steam Network 1 > HP-2 Steam HeaderA > HP-2 Steam GeneratorA > HP-2 Fuel Fired BoilerD,HP Boiler Soot Blower SystemA,boiler_fired,False,False,False
e2614512-e187-0086-bd68-276c03e64594,258d6dcd-1e6e-8b39-5b31-c1a53be3e6f4,Steam Network 1 > HP-2 Steam HeaderA > HP-2 Steam GeneratorA > HP-2 Fuel Fired BoilerD > HP Boiler Soot Blower SystemA,HP Boiler Soot Blower System,Soot Blower Steam Flow,metric_ton/h,,,,,,,5,Steam Network 1 > HP-2 Steam HeaderA > HP-2 Steam GeneratorA > HP-2 Fuel Fired BoilerD,HP Boiler Soot Blower SystemA,boiler_fired,False,False,False
e2614512-e187-0086-bd68-276c03e64594,dd761b64-aeb1-ac5c-d8fd-07f073c7b738,Steam Network 1 > HP-2 Steam HeaderA > HP-2 Steam GeneratorA > HP-2 Fuel Fired BoilerD > HP Boiler Soot Blower SystemA,HP Boiler Soot Blower System,Soot Blower Steam Pressure,,,,,,,,5,Steam Network 1 > HP-2 Steam HeaderA > HP-2 Steam GeneratorA > HP-2 Fuel Fired BoilerD,HP Boiler Soot Blower SystemA,boiler_fired,False,False,False
549d2fd7-a334-5135-dd59-ee83f7a97ee2,94ff21de-58a4-25fe-b740-b044cc5b0420,Steam Network 1 > HP-2 Steam HeaderA > HP-2 Steam GeneratorA > HP-2 Fuel Fired BoilerD > HP Boiler StackA,HP Boiler Stack,CO in Flue Gas,,,,,,,,5,Steam Network 1 > HP-2 Steam HeaderA > HP-2 Steam GeneratorA > HP-2 Fuel Fired BoilerD,HP Boiler StackA,boiler_fired,False,False,False
549d2fd7-a334-5135-dd59-ee83f7a97ee2,1c9756d7-2de2-bdcb-dbec-977d3175eb1c,Steam Network 1 > HP-2 Steam HeaderA > HP-2 Steam GeneratorA > HP-2 Fuel Fired BoilerD > HP Boiler StackA,HP Boiler Stack,Flue Gas Flow,,,,,,,,5,Steam Network 1 > HP-2 Steam HeaderA > HP-2 Steam GeneratorA > HP-2 Fuel Fired BoilerD,HP Boiler StackA,boiler_fired,False,False,False
549d2fd7-a334-5135-dd59-ee83f7a97ee2,5388fc38-db2a-c026-6caf-705088a23c1e,Steam Network 1 > HP-2 Steam HeaderA > HP-2 Steam GeneratorA > HP-2 Fuel Fired BoilerD > HP Boiler StackA,HP Boiler Stack,NOx Emission,,,,,,,,5,Steam Network 1 > HP-2 Steam HeaderA > HP-2 Steam GeneratorA > HP-2 Fuel Fired BoilerD,HP Boiler StackA,boiler_fired,False,False,False
549d2fd7-a334-5135-dd59-ee83f7a97ee2,268cd8b5-3bc6-bea7-01b5-b4131d4a6612,Steam Network 1 > HP-2 Steam HeaderA > HP-2 Steam GeneratorA > HP-2 Fuel Fired BoilerD > HP Boiler StackA,HP Boiler Stack,O2 in Flue Gas,,,,,,,,5,Steam Network 1 > HP-2 Steam HeaderA > HP-2 Steam GeneratorA > HP-2 Fuel Fired BoilerD,HP Boiler StackA,boiler_fired,False,False,False
549d2fd7-a334-5135-dd59-ee83f7a97ee2,7a013713-b9d0-3b7d-54b9-4547c3d10c6e,Steam Network 1 > HP-2 Steam HeaderA > HP-2 Steam GeneratorA > HP-2 Fuel Fired BoilerD > HP Boiler StackA,HP Boiler Stack,SOx Emission,,,,,,,,5,Steam Network 1 > HP-2 Steam HeaderA > HP-2 Steam GeneratorA > HP-2 Fuel Fired BoilerD,HP Boiler StackA,boiler_fired,False,False,False
549d2fd7-a334-5135-dd59-ee83f7a97ee2,327e8561-1368-5acf-b199-f36f2116dfae,Steam Network 1 > HP-2 Steam HeaderA > HP-2 Steam GeneratorA > HP-2 Fuel Fired BoilerD > HP Boiler StackA,HP Boiler Stack,Stack Draft,,,,,,,,5,Steam Network 1 > HP-2 Steam HeaderA > HP-2 Steam GeneratorA > HP-2 Fuel Fired BoilerD,HP Boiler StackA,boiler_fired,False,False,False
549d2fd7-a334-5135-dd59-ee83f7a97ee2,1b2d0134-97a1-0f1e-400c-30188c8c0e2a,Steam Network 1 > HP-2 Steam HeaderA > HP-2 Steam GeneratorA > HP-2 Fuel Fired BoilerD > HP Boiler StackA,HP Boiler Stack,Stack Temperature,degC,,,,,,,5,Steam Network 1 > HP-2 Steam HeaderA > HP-2 Steam GeneratorA > HP-2 Fuel Fired BoilerD,HP Boiler StackA,boiler_fired,False,False,False
5ee9e00d-e2e4-f495-2d3f-cb91bc0d1498,9ff3d1fc-d433-28be-54f9-39084bc0f942,Steam Network 1 > HP-2 Steam HeaderA > HP-2 Steam GeneratorA > HP-2 Fuel Fired BoilerD > HP Boiler Steam DrumA,HP Boiler Steam Drum,Drum Level,,,,,,,,5,Steam Network 1 > HP-2 Steam HeaderA > HP-2 Steam GeneratorA > HP-2 Fuel Fired BoilerD,HP Boiler Steam DrumA,boiler_fired,False,False,False
5ee9e00d-e2e4-f495-2d3f-cb91bc0d1498,099eaccd-ed0c-7b45-b767-1241e492d788,Steam Network 1 > HP-2 Steam HeaderA > HP-2 Steam GeneratorA > HP-2 Fuel Fired BoilerD > HP Boiler Steam DrumA,HP Boiler Steam Drum,Drum Pressure,,,,,,,,5,Steam Network 1 > HP-2 Steam HeaderA > HP-2 Steam GeneratorA > HP-2 Fuel Fired BoilerD,HP Boiler Steam DrumA,boiler_fired,False,False,False
5ee9e00d-e2e4-f495-2d3f-cb91bc0d1498,e3ea41ec-0a60-48b4-13c0-b9f0e98a0958,Steam Network 1 > HP-2 Steam HeaderA > HP-2 Steam GeneratorA > HP-2 Fuel Fired BoilerD > HP Boiler Steam DrumA,HP Boiler Steam Drum,Drum Temperature,degC,,,,,,,5,Steam Network 1 > HP-2 Steam HeaderA > HP-2 Steam GeneratorA > HP-2 Fuel Fired BoilerD,HP Boiler Steam DrumA,boiler_fired,False,False,False
5ee9e00d-e2e4-f495-2d3f-cb91bc0d1498,36881c51-8382-4c59-31db-e429b50a5008,Steam Network 1 > HP-2 Steam HeaderA > HP-2 Steam GeneratorA > HP-2 Fuel Fired BoilerD > HP Boiler Steam DrumA,HP Boiler Steam Drum,Drum Vent Flow,,,,,,,,5,Steam Network 1 > HP-2 Steam HeaderA > HP-2 Steam GeneratorA > HP-2 Fuel Fired BoilerD,HP Boiler Steam DrumA,boiler_fired,False,False,False
02f6c807-4b3d-9a37-ce04-2f8149cb5230,fd4329a4-2faf-f0c4-7191-a190d2ecd960,Steam Network 1 > HP-2 Steam HeaderA > HP-2 Steam GeneratorA > HP-2 Fuel Fired BoilerD > HP Boiler SuperheaterA,HP Boiler Superheater,Attemperator Flow Opening,,,,,,,,5,Steam Network 1 > HP-2 Steam HeaderA > HP-2 Steam GeneratorA > HP-2 Fuel Fired BoilerD,HP Boiler SuperheaterA,boiler_fired,False,False,False
02f6c807-4b3d-9a37-ce04-2f8149cb5230,a27c05bf-3334-fb1d-397a-eba39148fea2,Steam Network 1 > HP-2 Steam HeaderA > HP-2 Steam GeneratorA > HP-2 Fuel Fired BoilerD > HP Boiler SuperheaterA,HP Boiler Superheater,Attemperator Spray Flow,,,,,,,,5,Steam Network 1 > HP-2 Steam HeaderA > HP-2 Steam GeneratorA > HP-2 Fuel Fired BoilerD,HP Boiler SuperheaterA,boiler_fired,False,False,False
02f6c807-4b3d-9a37-ce04-2f8149cb5230,e9777eb7-c45c-2c0d-0a9c-e34b2d2b52ba,Steam Network 1 > HP-2 Steam HeaderA > HP-2 Steam GeneratorA > HP-2 Fuel Fired BoilerD > HP Boiler SuperheaterA,HP Boiler Superheater,Steam Inlet Pressure,bar,,,,,,,5,Steam Network 1 > HP-2 Steam HeaderA > HP-2 Steam GeneratorA > HP-2 Fuel Fired BoilerD,HP Boiler SuperheaterA,boiler_fired,False,False,False
02f6c807-4b3d-9a37-ce04-2f8149cb5230,347e2fc2-3d35-cd5c-06c1-83b8094be29e,Steam Network 1 > HP-2 Steam HeaderA > HP-2 Steam GeneratorA > HP-2 Fuel Fired BoilerD > HP Boiler SuperheaterA,HP Boiler Superheater,Steam Inlet Temperature,degC,,,,,,,5,Steam Network 1 > HP-2 Steam HeaderA > HP-2 Steam GeneratorA > HP-2 Fuel Fired BoilerD,HP Boiler SuperheaterA,boiler_fired,False,False,False
02f6c807-4b3d-9a37-ce04-2f8149cb5230,a5633fd0-c230-64e4-a852-154067535b34,Steam Network 1 > HP-2 Steam HeaderA > HP-2 Steam GeneratorA > HP-2 Fuel Fired BoilerD > HP Boiler SuperheaterA,HP Boiler Superheater,Steam Outlet Pressure,bar,,,,,,,5,Steam Network 1 > HP-2 Steam HeaderA > HP-2 Steam GeneratorA > HP-2 Fuel Fired BoilerD,HP Boiler SuperheaterA,boiler_fired,False,False,False
02f6c807-4b3d-9a37-ce04-2f8149cb5230,c47a2c09-ad28-51f7-3037-55af69527dfe,Steam Network 1 > HP-2 Steam HeaderA > HP-2 Steam GeneratorA > HP-2 Fuel Fired BoilerD > HP Boiler SuperheaterA,HP Boiler Superheater,Steam Outlet Temperature,degC,,,,,,,5,Steam Network 1 > HP-2 Steam HeaderA > HP-2 Steam GeneratorA > HP-2 Fuel Fired BoilerD,HP Boiler SuperheaterA,boiler_fired,False,False,False
02f6c807-4b3d-9a37-ce04-2f8149cb5230,14671315-2af7-315d-ff5b-f3a13e902248,Steam Network 1 > HP-2 Steam HeaderA > HP-2 Steam GeneratorA > HP-2 Fuel Fired BoilerD > HP Boiler SuperheaterA,HP Boiler Superheater,Tube Skin Temperature,degC,,,,,,,5,Steam Network 1 > HP-2 Steam HeaderA > HP-2 Steam GeneratorA > HP-2 Fuel Fired BoilerD,HP Boiler SuperheaterA,boiler_fired,False,False,False
fc0467d0-8ecf-894a-8604-522072cbee9a,391fe259-f856-7cdf-764f-4787c1499e86,Steam Network 1 > HP-2 Steam HeaderA > HP-2 Steam GeneratorA > HP-2 Fuel Fired BoilerE,HP Fuel Fired Boiler,Drum Level,,,,,,,,4,Steam Network 1 > HP-2 Steam HeaderA > HP-2 Steam GeneratorA,HP-2 Fuel Fired BoilerE,boiler_fired,False,False,False
fc0467d0-8ecf-894a-8604-522072cbee9a,d862e350-4f49-80c2-ee68-42a0972b6392,Steam Network 1 > HP-2 Steam HeaderA > HP-2 Steam GeneratorA > HP-2 Fuel Fired BoilerE,HP Fuel Fired Boiler,Drum Pressure,bar,,,,,,,4,Steam Network 1 > HP-2 Steam HeaderA > HP-2 Steam GeneratorA,HP-2 Fuel Fired BoilerE,boiler_fired,False,False,False
fc0467d0-8ecf-894a-8604-522072cbee9a,1320c2ae-7eae-a1d6-8e16-2b746d8e6378,Steam Network 1 > HP-2 Steam HeaderA > HP-2 Steam GeneratorA > HP-2 Fuel Fired BoilerE,HP Fuel Fired Boiler,Flue Gas CO,mol%,,,,,,,4,Steam Network 1 > HP-2 Steam HeaderA > HP-2 Steam GeneratorA,HP-2 Fuel Fired BoilerE,boiler_fired,False,False,False
fc0467d0-8ecf-894a-8604-522072cbee9a,1320c405-7eae-ad2f-58e1-5deb6d8e692a,Steam Network 1 > HP-2 Steam HeaderA > HP-2 Steam GeneratorA > HP-2 Fuel Fired BoilerE,HP Fuel Fired Boiler,Flue Gas O2,mol%,,,,,,,4,Steam Network 1 > HP-2 Steam HeaderA > HP-2 Steam GeneratorA,HP-2 Fuel Fired BoilerE,boiler_fired,False,False,False
fc0467d0-8ecf-894a-8604-522072cbee9a,3c9706b0-4358-34cc-5235-14407fcf327c,Steam Network 1 > HP-2 Steam HeaderA > HP-2 Steam GeneratorA > HP-2 Fuel Fired BoilerE,HP Fuel Fired Boiler,Fuel Gas C1,mol%,AR.AR5.DCS.Process.AI51211.PV,,,,,,4,Steam Network 1 > HP-2 Steam HeaderA > HP-2 Steam GeneratorA,HP-2 Fuel Fired BoilerE,boiler_fired,True,False,False
fc0467d0-8ecf-894a-8604-522072cbee9a,3c9706b1-4358-34d3-3dae-77e37fcf3262,Steam Network 1 > HP-2 Steam HeaderA > HP-2 Steam GeneratorA > HP-2 Fuel Fired BoilerE,HP Fuel Fired Boiler,Fuel Gas C2,mol%,AR.AR5.DCS.Process.AI51212.PV,,,,,,4,Steam Network 1 > HP-2 Steam HeaderA > HP-2 Steam GeneratorA,HP-2 Fuel Fired BoilerE,boiler_fired,True,False,False
fc0467d0-8ecf-894a-8604-522072cbee9a,3c9706b2-4358-34da-2927-db947fcf3268,Steam Network 1 > HP-2 Steam HeaderA > HP-2 Steam GeneratorA > HP-2 Fuel Fired BoilerE,HP Fuel Fired Boiler,Fuel Gas C3,mol%,AR.AR5.DCS.Process.AI51213.PV,,,,,,4,Steam Network 1 > HP-2 Steam HeaderA > HP-2 Steam GeneratorA,HP-2 Fuel Fired BoilerE,boiler_fired,True,False,False
fc0467d0-8ecf-894a-8604-522072cbee9a,da04d897-3476-e4e3-24cc-89e5ee723c74,Steam Network 1 > HP-2 Steam HeaderA > HP-2 Steam GeneratorA > HP-2 Fuel Fired BoilerE,HP Fuel Fired Boiler,Fuel Gas Calorific Value,,,,,,,,4,Steam Network 1 > HP-2 Steam HeaderA > HP-2 Steam GeneratorA,HP-2 Fuel Fired BoilerE,boiler_fired,False,False,False
fc0467d0-8ecf-894a-8604-522072cbee9a,eb1e7925-044a-c71b-1514-89e7ef54be3e,Steam Network 1 > HP-2 Steam HeaderA > HP-2 Steam GeneratorA > HP-2 Fuel Fired BoilerE,HP Fuel Fired Boiler,Fuel Gas CH3OH,mol%,,,,,,,4,Steam Network 1 > HP-2 Steam HeaderA > HP-2 Steam GeneratorA,HP-2 Fuel Fired BoilerE,boiler_fired,False,False,False
fc0467d0-8ecf-894a-8604-522072cbee9a,5649d324-bbbf-c134-0309-0750edf61210,Steam Network 1 > HP-2 Steam HeaderA > HP-2 Steam GeneratorA > HP-2 Fuel Fired BoilerE,HP Fuel Fired Boiler,Fuel Gas CO2,mol%,AR.AR5.DCS.Process.AI51217.PV,,,,,,4,Steam Network 1 > HP-2 Steam HeaderA > HP-2 Steam GeneratorA,HP-2 Fuel Fired BoilerE,boiler_fired,True,False,False
fc0467d0-8ecf-894a-8604-522072cbee9a,72f26330-22cb-a630-c0d3-b9005039c500,Steam Network 1 > HP-2 Steam HeaderA > HP-2 Steam GeneratorA > HP-2 Fuel Fired BoilerE,HP Fuel Fired Boiler,Fuel Gas Flow,metric_ton/h,UN.UO.71FC1504.PV,,,,,,4,Steam Network 1 > HP-2 Steam HeaderA > HP-2 Steam GeneratorA,HP-2 Fuel Fired BoilerE,boiler_fired,True,False,False
fc0467d0-8ecf-894a-8604-522072cbee9a,3c97074c-4358-39e2-8414-5d187fcf3eae,Steam Network 1 > HP-2 Steam HeaderA > HP-2 Steam GeneratorA > HP-2 Fuel Fired BoilerE,HP Fuel Fired Boiler,Fuel Gas H2,mol%,,,,,,,4,Steam Network 1 > HP-2 Steam HeaderA > HP-2 Steam GeneratorA,HP-2 Fuel Fired BoilerE,boiler_fired,False,False,False
fc0467d0-8ecf-894a-8604-522072cbee9a,564a6058-bbc5-4398-1f18-3c40ed8f23c0,Steam Network 1 > HP-2 Steam HeaderA > HP-2 Steam GeneratorA > HP-2 Fuel Fired BoilerE,HP Fuel Fired Boiler,Fuel Gas iC4,mol%,AR.AR5.DCS.Process.AI51215.PV,,,,,,4,Steam Network 1 > HP-2 Steam HeaderA > HP-2 Steam GeneratorA,HP-2 Fuel Fired BoilerE,boiler_fired,True,False,False
fc0467d0-8ecf-894a-8604-522072cbee9a,564a6059-bbc5-439f-36e6-2247ed8f23c6,Steam Network 1 > HP-2 Steam HeaderA > HP-2 Steam GeneratorA > HP-2 Fuel Fired BoilerE,HP Fuel Fired Boiler,Fuel Gas iC5,mol%,AR.AR5.DCS.Process.AI512111.PV,,,,,,4,Steam Network 1 > HP-2 Steam HeaderA > HP-2 Steam GeneratorA,HP-2 Fuel Fired BoilerE,boiler_fired,True,False,False
fc0467d0-8ecf-894a-8604-522072cbee9a,862c998a-c807-58f8-52c2-2db04e2bc172,Steam Network 1 > HP-2 Steam HeaderA > HP-2 Steam GeneratorA > HP-2 Fuel Fired BoilerE,HP Fuel Fired Boiler,Fuel Gas Molecular Weight,,,,,,,,4,Steam Network 1 > HP-2 Steam HeaderA > HP-2 Steam GeneratorA,HP-2 Fuel Fired BoilerE,boiler_fired,False,False,False
fc0467d0-8ecf-894a-8604-522072cbee9a,3c970806-4358-3ff4-3efd-1fb87fcf37f2,Steam Network 1 > HP-2 Steam HeaderA > HP-2 Steam GeneratorA > HP-2 Fuel Fired BoilerE,HP Fuel Fired Boiler,Fuel Gas N2,mol%,AR.AR5.DCS.Process.AI51219.PV,,,,,,4,Steam Network 1 > HP-2 Steam HeaderA > HP-2 Steam GeneratorA,HP-2 Fuel Fired BoilerE,boiler_fired,True,False,False
fc0467d0-8ecf-894a-8604-522072cbee9a,564a731d-bbc5-fec3-5d3d-7517ed8f8dde,Steam Network 1 > HP-2 Steam HeaderA > HP-2 Steam GeneratorA > HP-2 Fuel Fired BoilerE,HP Fuel Fired Boiler,Fuel Gas nC4,mol%,AR.AR5.DCS.Process.AI51214.PV,,,,,,4,Steam Network 1 > HP-2 Steam HeaderA > HP-2 Steam GeneratorA,HP-2 Fuel Fired BoilerE,boiler_fired,True,False,False
fc0467d0-8ecf-894a-8604-522072cbee9a,564a731e-bbc5-feca-750c-99aced8f8dd4,Steam Network 1 > HP-2 Steam HeaderA > HP-2 Steam GeneratorA > HP-2 Fuel Fired BoilerE,HP Fuel Fired Boiler,Fuel Gas nC5,mol%,AR.AR5.DCS.Process.AI512110.PV,,,,,,4,Steam Network 1 > HP-2 Steam HeaderA > HP-2 Steam GeneratorA,HP-2 Fuel Fired BoilerE,boiler_fired,True,False,False
fc0467d0-8ecf-894a-8604-522072cbee9a,496153b7-a6ee-759b-6752-52cdef8f262c,Steam Network 1 > HP-2 Steam HeaderA > HP-2 Steam GeneratorA > HP-2 Fuel Fired BoilerE,HP Fuel Fired Boiler,Fuel oil Flow,metric_ton/h,,,,,,,4,Steam Network 1 > HP-2 Steam HeaderA > HP-2 Steam GeneratorA,HP-2 Fuel Fired BoilerE,boiler_fired,False,False,False
fc0467d0-8ecf-894a-8604-522072cbee9a,3529466a-ff5a-f752-316c-d3f4ca73b138,Steam Network 1 > HP-2 Steam HeaderA > HP-2 Steam GeneratorA > HP-2 Fuel Fired BoilerE,HP Fuel Fired Boiler,Furnace Draft,mmHg,,,,,,,4,Steam Network 1 > HP-2 Steam HeaderA > HP-2 Steam GeneratorA,HP-2 Fuel Fired BoilerE,boiler_fired,False,False,False
fc0467d0-8ecf-894a-8604-522072cbee9a,738a8609-1bad-69df-fdb9-72d76827efd6,Steam Network 1 > HP-2 Steam HeaderA > HP-2 Steam GeneratorA > HP-2 Fuel Fired BoilerE,HP Fuel Fired Boiler,Liquid Fuel Component1,mol%,,,,,,,4,Steam Network 1 > HP-2 Steam HeaderA > HP-2 Steam GeneratorA,HP-2 Fuel Fired BoilerE,boiler_fired,False,False,False
fc0467d0-8ecf-894a-8604-522072cbee9a,738a860a-1bad-69e6-4230-86fc6827efec,Steam Network 1 > HP-2 Steam HeaderA > HP-2 Steam GeneratorA > HP-2 Fuel Fired BoilerE,HP Fuel Fired Boiler,Liquid Fuel Component2,mol%,,,,,,,4,Steam Network 1 > HP-2 Steam HeaderA > HP-2 Steam GeneratorA,HP-2 Fuel Fired BoilerE,boiler_fired,False,False,False
fc0467d0-8ecf-894a-8604-522072cbee9a,738a860b-1bad-69ed-86a7-9b2f6827efe6,Steam Network 1 > HP-2 Steam HeaderA > HP-2 Steam GeneratorA > HP-2 Fuel Fired BoilerE,HP Fuel Fired Boiler,Liquid Fuel Component3,,,,,,,,4,Steam Network 1 > HP-2 Steam HeaderA > HP-2 Steam GeneratorA,HP-2 Fuel Fired BoilerE,boiler_fired,False,False,False
fc0467d0-8ecf-894a-8604-522072cbee9a,fc8d8ced-814f-c62b-d0e8-f9cf7dc24ac6,Steam Network 1 > HP-2 Steam HeaderA > HP-2 Steam GeneratorA > HP-2 Fuel Fired BoilerE,HP Fuel Fired Boiler,Stack Temperature,degC,UN.UO.71TI1507.PV,,,,,,4,Steam Network 1 > HP-2 Steam HeaderA > HP-2 Steam GeneratorA,HP-2 Fuel Fired BoilerE,boiler_fired,True,False,False
fc0467d0-8ecf-894a-8604-522072cbee9a,a1c98d17-499f-2261-4264-83b7e856af76,Steam Network 1 > HP-2 Steam HeaderA > HP-2 Steam GeneratorA > HP-2 Fuel Fired BoilerE,HP Fuel Fired Boiler,Steam Generation Flow,metric_ton/h,UN.UO.71FI1501A.PV,,,,,,4,Steam Network 1 > HP-2 Steam HeaderA > HP-2 Steam GeneratorA,HP-2 Fuel Fired BoilerE,boiler_fired,True,False,False
fc0467d0-8ecf-894a-8604-522072cbee9a,b5d0f2d9-93d0-8e0f-7942-98b726007cd6,Steam Network 1 > HP-2 Steam HeaderA > HP-2 Steam GeneratorA > HP-2 Fuel Fired BoilerE,HP Fuel Fired Boiler,Steam Outlet Pressure,bar,UN.UO.71PC1513.PV,,,,,,4,Steam Network 1 > HP-2 Steam HeaderA > HP-2 Steam GeneratorA,HP-2 Fuel Fired BoilerE,boiler_fired,True,False,False
fc0467d0-8ecf-894a-8604-522072cbee9a,924fb060-e419-f316-f0a4-484076564376,Steam Network 1 > HP-2 Steam HeaderA > HP-2 Steam GeneratorA > HP-2 Fuel Fired BoilerE,HP Fuel Fired Boiler,Steam Outlet Temperature,degC,UN.UO.71TC1511.PV,,,,,,4,Steam Network 1 > HP-2 Steam HeaderA > HP-2 Steam GeneratorA,HP-2 Fuel Fired BoilerE,boiler_fired,True,False,False
a09fe874-0e57-459a-1145-19c8aec8adee,1b07b7e9-8b50-0db5-7c9b-dcbd9057ba5c,Steam Network 1 > HP-2 Steam HeaderA > HP-2 Steam GeneratorA > HP-2 Fuel Fired BoilerE > HP Boiler Air PreheaterA,HP Boiler Air Preheater,Air Inlet Temperature,degC,,,,,,,5,Steam Network 1 > HP-2 Steam HeaderA > HP-2 Steam GeneratorA > HP-2 Fuel Fired BoilerE,HP Boiler Air PreheaterA,boiler_fired,False,False,False
a09fe874-0e57-459a-1145-19c8aec8adee,af21a8c2-f6f3-9ed4-6a2d-7ca859d23616,Steam Network 1 > HP-2 Steam HeaderA > HP-2 Steam GeneratorA > HP-2 Fuel Fired BoilerE > HP Boiler Air PreheaterA,HP Boiler Air Preheater,Air Outlet Temperature,degC,,,,,,,5,Steam Network 1 > HP-2 Steam HeaderA > HP-2 Steam GeneratorA > HP-2 Fuel Fired BoilerE,HP Boiler Air PreheaterA,boiler_fired,False,False,False
a09fe874-0e57-459a-1145-19c8aec8adee,74b1dd42-a77a-402c-0556-8758d3cb9d6e,Steam Network 1 > HP-2 Steam HeaderA > HP-2 Steam GeneratorA > HP-2 Fuel Fired BoilerE > HP Boiler Air PreheaterA,HP Boiler Air Preheater,Air Side Differential Pressure,,,,,,,,5,Steam Network 1 > HP-2 Steam HeaderA > HP-2 Steam GeneratorA > HP-2 Fuel Fired BoilerE,HP Boiler Air PreheaterA,boiler_fired,False,False,False
a09fe874-0e57-459a-1145-19c8aec8adee,5df52b6b-8a00-db61-0409-fc8bd7f5f00a,Steam Network 1 > HP-2 Steam HeaderA > HP-2 Steam GeneratorA > HP-2 Fuel Fired BoilerE > HP Boiler Air PreheaterA,HP Boiler Air Preheater,Flue Inlet Temperature,degC,,,,,,,5,Steam Network 1 > HP-2 Steam HeaderA > HP-2 Steam GeneratorA > HP-2 Fuel Fired BoilerE,HP Boiler Air PreheaterA,boiler_fired,False,False,False
a09fe874-0e57-459a-1145-19c8aec8adee,c9e2a580-c681-58b0-1a35-c8000f63fd30,Steam Network 1 > HP-2 Steam HeaderA > HP-2 Steam GeneratorA > HP-2 Fuel Fired BoilerE > HP Boiler Air PreheaterA,HP Boiler Air Preheater,Flue Outlet Temperature,degC,,,,,,,5,Steam Network 1 > HP-2 Steam HeaderA > HP-2 Steam GeneratorA > HP-2 Fuel Fired BoilerE,HP Boiler Air PreheaterA,boiler_fired,False,False,False
a09fe874-0e57-459a-1145-19c8aec8adee,b805edd1-2c5f-3be9-07c3-9e39945ad638,Steam Network 1 > HP-2 Steam HeaderA > HP-2 Steam GeneratorA > HP-2 Fuel Fired BoilerE > HP Boiler Air PreheaterA,HP Boiler Air Preheater,Leakage,,,,,,,,5,Steam Network 1 > HP-2 Steam HeaderA > HP-2 Steam GeneratorA > HP-2 Fuel Fired BoilerE,HP Boiler Air PreheaterA,boiler_fired,False,False,False
e7500ea7-2a1c-4409-65f8-dfdfcd4c4aae,8c2f062a-dd14-4ba8-82f2-5990513b4d82,Steam Network 1 > HP-2 Steam HeaderA > HP-2 Steam GeneratorA > HP-2 Fuel Fired BoilerE > HP Boiler BFW SystemA > HP Boiler BFW PumpA,HP Boiler BFW Pump,Bearing Temperature,,,,,,,,6,Steam Network 1 > HP-2 Steam HeaderA > HP-2 Steam GeneratorA > HP-2 Fuel Fired BoilerE > HP Boiler BFW SystemA,HP Boiler BFW PumpA,boiler_fired,False,False,False
e7500ea7-2a1c-4409-65f8-dfdfcd4c4aae,8835b2a4-41c2-42b0-8141-18c0c9f7f014,Steam Network 1 > HP-2 Steam HeaderA > HP-2 Steam GeneratorA > HP-2 Fuel Fired BoilerE > HP Boiler BFW SystemA > HP Boiler BFW PumpA,HP Boiler BFW Pump,Discharge Flow,metric_ton/h,,,,,,,6,Steam Network 1 > HP-2 Steam HeaderA > HP-2 Steam GeneratorA > HP-2 Fuel Fired BoilerE > HP Boiler BFW SystemA,HP Boiler BFW PumpA,boiler_fired,False,False,False
e7500ea7-2a1c-4409-65f8-dfdfcd4c4aae,76321cbb-b674-0b63-d359-2551c04617d8,Steam Network 1 > HP-2 Steam HeaderA > HP-2 Steam GeneratorA > HP-2 Fuel Fired BoilerE > HP Boiler BFW SystemA > HP Boiler BFW PumpA,HP Boiler BFW Pump,Discharge Pressure,bar,,,,,,,6,Steam Network 1 > HP-2 Steam HeaderA > HP-2 Steam GeneratorA > HP-2 Fuel Fired BoilerE > HP Boiler BFW SystemA,HP Boiler BFW PumpA,boiler_fired,False,False,False
e7500ea7-2a1c-4409-65f8-dfdfcd4c4aae,416bd57e-87da-9278-6999-ef10c6b14706,Steam Network 1 > HP-2 Steam HeaderA > HP-2 Steam GeneratorA > HP-2 Fuel Fired BoilerE > HP Boiler BFW SystemA > HP Boiler BFW PumpA,HP Boiler BFW Pump,Driver Steam Flow,metric_ton/h,,,,,,,6,Steam Network 1 > HP-2 Steam HeaderA > HP-2 Steam GeneratorA > HP-2 Fuel Fired BoilerE > HP Boiler BFW SystemA,HP Boiler BFW PumpA,boiler_fired,False,False,False
e7500ea7-2a1c-4409-65f8-dfdfcd4c4aae,2cb60f53-9cd9-fa9b-6e8d-5541b06ff5c8,Steam Network 1 > HP-2 Steam HeaderA > HP-2 Steam GeneratorA > HP-2 Fuel Fired BoilerE > HP Boiler BFW SystemA > HP Boiler BFW PumpA,HP Boiler BFW Pump,Exhaust Pressure,bar,,,,,,,6,Steam Network 1 > HP-2 Steam HeaderA > HP-2 Steam GeneratorA > HP-2 Fuel Fired BoilerE > HP Boiler BFW SystemA,HP Boiler BFW PumpA,boiler_fired,False,False,False
e7500ea7-2a1c-4409-65f8-dfdfcd4c4aae,823c89a6-f1c4-63f2-2f8d-50ec73f8ea54,Steam Network 1 > HP-2 Steam HeaderA > HP-2 Steam GeneratorA > HP-2 Fuel Fired BoilerE > HP Boiler BFW SystemA > HP Boiler BFW PumpA,HP Boiler BFW Pump,Exhaust Temperature,degC,,,,,,,6,Steam Network 1 > HP-2 Steam HeaderA > HP-2 Steam GeneratorA > HP-2 Fuel Fired BoilerE > HP Boiler BFW SystemA,HP Boiler BFW PumpA,boiler_fired,False,False,False
e7500ea7-2a1c-4409-65f8-dfdfcd4c4aae,2cf74897-15e4-7e77-a629-1031391336e0,Steam Network 1 > HP-2 Steam HeaderA > HP-2 Steam GeneratorA > HP-2 Fuel Fired BoilerE > HP Boiler BFW SystemA > HP Boiler BFW PumpA,HP Boiler BFW Pump,Inlet Steam Pressure,bar,,,,,,,6,Steam Network 1 > HP-2 Steam HeaderA > HP-2 Steam GeneratorA > HP-2 Fuel Fired BoilerE > HP Boiler BFW SystemA,HP Boiler BFW PumpA,boiler_fired,False,False,False
e7500ea7-2a1c-4409-65f8-dfdfcd4c4aae,286399e2-8750-84de-a657-f9fcaf331d3c,Steam Network 1 > HP-2 Steam HeaderA > HP-2 Steam GeneratorA > HP-2 Fuel Fired BoilerE > HP Boiler BFW SystemA > HP Boiler BFW PumpA,HP Boiler BFW Pump,Inlet Steam Temperature,degC,,,,,,,6,Steam Network 1 > HP-2 Steam HeaderA > HP-2 Steam GeneratorA > HP-2 Fuel Fired BoilerE > HP Boiler BFW SystemA,HP Boiler BFW PumpA,boiler_fired,False,False,False
e7500ea7-2a1c-4409-65f8-dfdfcd4c4aae,6a7bc4f6-00e6-fe16-e913-01246a9d3ae0,Steam Network 1 > HP-2 Steam HeaderA > HP-2 Steam GeneratorA > HP-2 Fuel Fired BoilerE > HP Boiler BFW SystemA > HP Boiler BFW PumpA,HP Boiler BFW Pump,Motor Current,A,,,,,,,6,Steam Network 1 > HP-2 Steam HeaderA > HP-2 Steam GeneratorA > HP-2 Fuel Fired BoilerE > HP Boiler BFW SystemA,HP Boiler BFW PumpA,boiler_fired,False,False,False
e7500ea7-2a1c-4409-65f8-dfdfcd4c4aae,e6589b54-5d5e-10fc-d5c6-26b0bb068ba8,Steam Network 1 > HP-2 Steam HeaderA > HP-2 Steam GeneratorA > HP-2 Fuel Fired BoilerE > HP Boiler BFW SystemA > HP Boiler BFW PumpA,HP Boiler BFW Pump,Power Output,kW,,,,,,,6,Steam Network 1 > HP-2 Steam HeaderA > HP-2 Steam GeneratorA > HP-2 Fuel Fired BoilerE > HP Boiler BFW SystemA,HP Boiler BFW PumpA,boiler_fired,False,False,False
e7500ea7-2a1c-4409-65f8-dfdfcd4c4aae,eba0a88f-1ffa-3bd9-aead-d637f45a9356,Steam Network 1 > HP-2 Steam HeaderA > HP-2 Steam GeneratorA > HP-2 Fuel Fired BoilerE > HP Boiler BFW SystemA > HP Boiler BFW PumpA,HP Boiler BFW Pump,Speed,rpm,,,,,,,6,Steam Network 1 > HP-2 Steam HeaderA > HP-2 Steam GeneratorA > HP-2 Fuel Fired BoilerE > HP Boiler BFW SystemA,HP Boiler BFW PumpA,boiler_fired,False,False,False
e7500ea7-2a1c-4409-65f8-dfdfcd4c4aae,55e34c08-fdae-75bc-8a1b-7de0a84d39b4,Steam Network 1 > HP-2 Steam HeaderA > HP-2 Steam GeneratorA > HP-2 Fuel Fired BoilerE > HP Boiler BFW SystemA > HP Boiler BFW PumpA,HP Boiler BFW Pump,Suction Pressure,bar,,,,,,,6,Steam Network 1 > HP-2 Steam HeaderA > HP-2 Steam GeneratorA > HP-2 Fuel Fired BoilerE > HP Boiler BFW SystemA,HP Boiler BFW PumpA,boiler_fired,False,False,False
e7500ea7-2a1c-4409-65f8-dfdfcd4c4aae,c01936da-2bd9-c088-1352-a3d0ebc0f652,Steam Network 1 > HP-2 Steam HeaderA > HP-2 Steam GeneratorA > HP-2 Fuel Fired BoilerE > HP Boiler BFW SystemA > HP Boiler BFW PumpA,HP Boiler BFW Pump,Vibration,,,,,,,,6,Steam Network 1 > HP-2 Steam HeaderA > HP-2 Steam GeneratorA > HP-2 Fuel Fired BoilerE > HP Boiler BFW SystemA,HP Boiler BFW PumpA,boiler_fired,False,False,False
e7500ea7-2a1c-4409-65f8-dfdfcd4c4aae,8ad772dd-8930-0793-6c4a-ffe703e7754e,Steam Network 1 > HP-2 Steam HeaderA > HP-2 Steam GeneratorA > HP-2 Fuel Fired BoilerE > HP Boiler BFW SystemA > HP Boiler BFW PumpA,HP Boiler BFW Pump,Wetness Fraction,,,,,,,,6,Steam Network 1 > HP-2 Steam HeaderA > HP-2 Steam GeneratorA > HP-2 Fuel Fired BoilerE > HP Boiler BFW SystemA,HP Boiler BFW PumpA,boiler_fired,False,False,False
d9e1cc08-8820-064a-070d-2a5051c1ca42,4926fa34-0d9b-cae2-7751-e9e844bd30d6,Steam Network 1 > HP-2 Steam HeaderA > HP-2 Steam GeneratorA > HP-2 Fuel Fired BoilerE > HP Boiler BFW SystemA,HP Boiler BFW System,BFW Header Pressure,bar,UN.UO.71PI1021A.PV,,,,,,5,Steam Network 1 > HP-2 Steam HeaderA > HP-2 Steam GeneratorA > HP-2 Fuel Fired BoilerE,HP Boiler BFW SystemA,boiler_fired,True,False,False
d9e1cc08-8820-064a-070d-2a5051c1ca42,3a91a725-6e5b-d43d-e346-77d154ca7318,Steam Network 1 > HP-2 Steam HeaderA > HP-2 Steam GeneratorA > HP-2 Fuel Fired BoilerE > HP Boiler BFW SystemA,HP Boiler BFW System,BFW Header Temperature,degC,UN.UO.71TI1079.PV,,,,,,5,Steam Network 1 > HP-2 Steam HeaderA > HP-2 Steam GeneratorA > HP-2 Fuel Fired BoilerE,HP Boiler BFW SystemA,boiler_fired,True,False,False
d9e1cc08-8820-064a-070d-2a5051c1ca42,2ec32f3c-22b9-85cc-c56f-cfd00c7aaaf0,Steam Network 1 > HP-2 Steam HeaderA > HP-2 Steam GeneratorA > HP-2 Fuel Fired BoilerE > HP Boiler BFW SystemA,HP Boiler BFW System,BFW Inlet Flow,metric_ton/h,UN.UO.71FC1103.PV,,,,,,5,Steam Network 1 > HP-2 Steam HeaderA > HP-2 Steam GeneratorA > HP-2 Fuel Fired BoilerE,HP Boiler BFW SystemA,boiler_fired,True,False,False
d9e1cc08-8820-064a-070d-2a5051c1ca42,df059109-6055-5e0d-e686-ab75bf50cf04,Steam Network 1 > HP-2 Steam HeaderA > HP-2 Steam GeneratorA > HP-2 Fuel Fired BoilerE > HP Boiler BFW SystemA,HP Boiler BFW System,BFW Quality (Conductivity),,UN.UO.71AI1005B.PV,,,,,,5,Steam Network 1 > HP-2 Steam HeaderA > HP-2 Steam GeneratorA > HP-2 Fuel Fired BoilerE,HP Boiler BFW SystemA,boiler_fired,True,False,False
f7579e43-921c-82f1-dd2e-0313654b1cb2,66c9aded-9815-db6d-4819-cce9fedc7680,Steam Network 1 > HP-2 Steam HeaderA > HP-2 Steam GeneratorA > HP-2 Fuel Fired BoilerE > HP Boiler Blowdown SystemA,HP Boiler Blowdown System,Blowdown Conductivity,,UN.UO.71AC1501A.PV,,,,,,5,Steam Network 1 > HP-2 Steam HeaderA > HP-2 Steam GeneratorA > HP-2 Fuel Fired BoilerE,HP Boiler Blowdown SystemA,boiler_fired,True,False,False
f7579e43-921c-82f1-dd2e-0313654b1cb2,fad794c2-c7f1-4bb6-567a-97ec3d26df74,Steam Network 1 > HP-2 Steam HeaderA > HP-2 Steam GeneratorA > HP-2 Fuel Fired BoilerE > HP Boiler Blowdown SystemA,HP Boiler Blowdown System,Blowdown Flow Conroller Opening,percent,,,,,,,5,Steam Network 1 > HP-2 Steam HeaderA > HP-2 Steam GeneratorA > HP-2 Fuel Fired BoilerE,HP Boiler Blowdown SystemA,boiler_fired,False,False,False
f7579e43-921c-82f1-dd2e-0313654b1cb2,690bd5b3-1bd0-b977-e45e-b13572db6cc4,Steam Network 1 > HP-2 Steam HeaderA > HP-2 Steam GeneratorA > HP-2 Fuel Fired BoilerE > HP Boiler Blowdown SystemA,HP Boiler Blowdown System,Blowdown TDS,,,,,,,,5,Steam Network 1 > HP-2 Steam HeaderA > HP-2 Steam GeneratorA > HP-2 Fuel Fired BoilerE,HP Boiler Blowdown SystemA,boiler_fired,False,False,False
f7579e43-921c-82f1-dd2e-0313654b1cb2,7c34f9c5-cb52-fcc7-eb26-1423b7660502,Steam Network 1 > HP-2 Steam HeaderA > HP-2 Steam GeneratorA > HP-2 Fuel Fired BoilerE > HP Boiler Blowdown SystemA,HP Boiler Blowdown System,Continuous Blowdown Flow,metric_ton/h,UN.UO.71FC1500.PV,,,,,,5,Steam Network 1 > HP-2 Steam HeaderA > HP-2 Steam GeneratorA > HP-2 Fuel Fired BoilerE,HP Boiler Blowdown SystemA,boiler_fired,True,False,False
f7579e43-921c-82f1-dd2e-0313654b1cb2,72604933-32d0-dd6f-2660-c41d40b0945c,Steam Network 1 > HP-2 Steam HeaderA > HP-2 Steam GeneratorA > HP-2 Fuel Fired BoilerE > HP Boiler Blowdown SystemA,HP Boiler Blowdown System,Flash Drum Pressure,bar,,,,,,,5,Steam Network 1 > HP-2 Steam HeaderA > HP-2 Steam GeneratorA > HP-2 Fuel Fired BoilerE,HP Boiler Blowdown SystemA,boiler_fired,False,False,False
f7579e43-921c-82f1-dd2e-0313654b1cb2,5f33cb0a-6b11-f36a-3ed6-902434223860,Steam Network 1 > HP-2 Steam HeaderA > HP-2 Steam GeneratorA > HP-2 Fuel Fired BoilerE > HP Boiler Blowdown SystemA,HP Boiler Blowdown System,Flash Steam Flow,metric_ton/h,,,,,,,5,Steam Network 1 > HP-2 Steam HeaderA > HP-2 Steam GeneratorA > HP-2 Fuel Fired BoilerE,HP Boiler Blowdown SystemA,boiler_fired,False,False,False
f7579e43-921c-82f1-dd2e-0313654b1cb2,a2d7baa9-96ac-e507-dd6b-479f347b5fae,Steam Network 1 > HP-2 Steam HeaderA > HP-2 Steam GeneratorA > HP-2 Fuel Fired BoilerE > HP Boiler Blowdown SystemA,HP Boiler Blowdown System,Intermittent Blowdown Flow,metric_ton/h,,,,,,,5,Steam Network 1 > HP-2 Steam HeaderA > HP-2 Steam GeneratorA > HP-2 Fuel Fired BoilerE,HP Boiler Blowdown SystemA,boiler_fired,False,False,False
0d8fb9fa-3aab-ee2c-d198-62f8372457d6,1c22af03-89da-1423-31f8-296995f8bb20,Steam Network 1 > HP-2 Steam HeaderA > HP-2 Steam GeneratorA > HP-2 Fuel Fired BoilerE > HP Boiler Combustion SystemA > HP Boiler BurnerA,HP Boiler Burner,Burner Air Flow,,,,,,,,6,Steam Network 1 > HP-2 Steam HeaderA > HP-2 Steam GeneratorA > HP-2 Fuel Fired BoilerE > HP Boiler Combustion SystemA,HP Boiler BurnerA,boiler_fired,False,False,False
0d8fb9fa-3aab-ee2c-d198-62f8372457d6,94ec614b-d089-9719-f99b-bd534465f652,Steam Network 1 > HP-2 Steam HeaderA > HP-2 Steam GeneratorA > HP-2 Fuel Fired BoilerE > HP Boiler Combustion SystemA > HP Boiler BurnerA,HP Boiler Burner,Burner Backpressure,bar,,,,,,,6,Steam Network 1 > HP-2 Steam HeaderA > HP-2 Steam GeneratorA > HP-2 Fuel Fired BoilerE > HP Boiler Combustion SystemA,HP Boiler BurnerA,boiler_fired,False,False,False
0d8fb9fa-3aab-ee2c-d198-62f8372457d6,fbedf4b9-2375-6a17-4d42-969fd8989eae,Steam Network 1 > HP-2 Steam HeaderA > HP-2 Steam GeneratorA > HP-2 Fuel Fired BoilerE > HP Boiler Combustion SystemA > HP Boiler BurnerA,HP Boiler Burner,Burner Fuel Flow,m³/h,,,,,,,6,Steam Network 1 > HP-2 Steam HeaderA > HP-2 Steam GeneratorA > HP-2 Fuel Fired BoilerE > HP Boiler Combustion SystemA,HP Boiler BurnerA,boiler_fired,False,False,False
0d8fb9fa-3aab-ee2c-d198-62f8372457d6,d791cfe4-8ce3-c710-d8e3-3a405b7208f4,Steam Network 1 > HP-2 Steam HeaderA > HP-2 Steam GeneratorA > HP-2 Fuel Fired BoilerE > HP Boiler Combustion SystemA > HP Boiler BurnerA,HP Boiler Burner,Flame Status,,,,,,,,6,Steam Network 1 > HP-2 Steam HeaderA > HP-2 Steam GeneratorA > HP-2 Fuel Fired BoilerE > HP Boiler Combustion SystemA,HP Boiler BurnerA,boiler_fired,False,False,False
0d8fb9fa-3aab-ee2c-d198-62f8372457d6,23b688bf-9f04-0cb5-9273-a30bbcb2840a,Steam Network 1 > HP-2 Steam HeaderA > HP-2 Steam GeneratorA > HP-2 Fuel Fired BoilerE > HP Boiler Combustion SystemA > HP Boiler BurnerA,HP Boiler Burner,Pilot Status,,,,,,,,6,Steam Network 1 > HP-2 Steam HeaderA > HP-2 Steam GeneratorA > HP-2 Fuel Fired BoilerE > HP Boiler Combustion SystemA,HP Boiler BurnerA,boiler_fired,False,False,False
23b215a2-a471-71d2-3824-40e487c36470,2ca34e9b-687a-347b-0c4c-407944d97ae0,Steam Network 1 > HP-2 Steam HeaderA > HP-2 Steam GeneratorA > HP-2 Fuel Fired BoilerE > HP Boiler Combustion SystemA,HP Boiler Combustion System,Atomizing Steam Flow,metric_ton/h,,,,,,,5,Steam Network 1 > HP-2 Steam HeaderA > HP-2 Steam GeneratorA > HP-2 Fuel Fired BoilerE,HP Boiler Combustion SystemA,boiler_fired,False,False,False
23b215a2-a471-71d2-3824-40e487c36470,21c8e871-2a20-552b-fa0c-8ffb0be8bd5a,Steam Network 1 > HP-2 Steam HeaderA > HP-2 Steam GeneratorA > HP-2 Fuel Fired BoilerE > HP Boiler Combustion SystemA,HP Boiler Combustion System,Burner Header Pressure,bar,,,,,,,5,Steam Network 1 > HP-2 Steam HeaderA > HP-2 Steam GeneratorA > HP-2 Fuel Fired BoilerE,HP Boiler Combustion SystemA,boiler_fired,False,False,False
23b215a2-a471-71d2-3824-40e487c36470,ce862bfd-3ffe-3afd-6896-cb09f1781100,Steam Network 1 > HP-2 Steam HeaderA > HP-2 Steam GeneratorA > HP-2 Fuel Fired BoilerE > HP Boiler Combustion SystemA,HP Boiler Combustion System,Excess O2 Setpoint,vol%,,,,,,,5,Steam Network 1 > HP-2 Steam HeaderA > HP-2 Steam GeneratorA > HP-2 Fuel Fired BoilerE,HP Boiler Combustion SystemA,boiler_fired,False,False,False
23b215a2-a471-71d2-3824-40e487c36470,e1cacf1a-309f-6cb4-d31e-9648d155a3ae,Steam Network 1 > HP-2 Steam HeaderA > HP-2 Steam GeneratorA > HP-2 Fuel Fired BoilerE > HP Boiler Combustion SystemA,HP Boiler Combustion System,Pilot Gas Flow,metric_ton/h,,,,,,,5,Steam Network 1 > HP-2 Steam HeaderA > HP-2 Steam GeneratorA > HP-2 Fuel Fired BoilerE,HP Boiler Combustion SystemA,boiler_fired,False,False,False
23b215a2-a471-71d2-3824-40e487c36470,8f678f98-6279-7f38-cdbb-d140ed1ef0a0,Steam Network 1 > HP-2 Steam HeaderA > HP-2 Steam GeneratorA > HP-2 Fuel Fired BoilerE > HP Boiler Combustion SystemA,HP Boiler Combustion System,Total Combustion Air Flow,,,,,,,,5,Steam Network 1 > HP-2 Steam HeaderA > HP-2 Steam GeneratorA > HP-2 Fuel Fired BoilerE,HP Boiler Combustion SystemA,boiler_fired,False,False,False
49c447b9-45b0-0d59-c911-54510c744ae0,0426869e-cbbf-ef32-8115-ccdccf9969ac,Steam Network 1 > HP-2 Steam HeaderA > HP-2 Steam GeneratorA > HP-2 Fuel Fired BoilerE > HP Boiler Convection SectionA,HP Boiler Convection Section,Draft at Arch,,,,,,,,5,Steam Network 1 > HP-2 Steam HeaderA > HP-2 Steam GeneratorA > HP-2 Fuel Fired BoilerE,HP Boiler Convection SectionA,boiler_fired,False,False,False
49c447b9-45b0-0d59-c911-54510c744ae0,2cc16e86-62d6-7454-0590-fbf84e171ad2,Steam Network 1 > HP-2 Steam HeaderA > HP-2 Steam GeneratorA > HP-2 Fuel Fired BoilerE > HP Boiler Convection SectionA,HP Boiler Convection Section,Flue Inlet Temperature,degC,,,,,,,5,Steam Network 1 > HP-2 Steam HeaderA > HP-2 Steam GeneratorA > HP-2 Fuel Fired BoilerE,HP Boiler Convection SectionA,boiler_fired,False,False,False
49c447b9-45b0-0d59-c911-54510c744ae0,d49ec5c5-1d60-73cf-ba19-694bc9feb60a,Steam Network 1 > HP-2 Steam HeaderA > HP-2 Steam GeneratorA > HP-2 Fuel Fired BoilerE > HP Boiler Convection SectionA,HP Boiler Convection Section,Flue Outlet Temperature,degC,,,,,,,5,Steam Network 1 > HP-2 Steam HeaderA > HP-2 Steam GeneratorA > HP-2 Fuel Fired BoilerE,HP Boiler Convection SectionA,boiler_fired,False,False,False
2aa6d9d1-ae3a-40d1-f006-13a1849c9900,46b6070c-55eb-9ea6-a665-f9c8135d99aa,Steam Network 1 > HP-2 Steam HeaderA > HP-2 Steam GeneratorA > HP-2 Fuel Fired BoilerE > HP Boiler SuperheaterA > HP Boiler DesuperheaterA,HP Boiler Desuperheater,Inlet Steam Temperature,degC,,,,,,,6,Steam Network 1 > HP-2 Steam HeaderA > HP-2 Steam GeneratorA > HP-2 Fuel Fired BoilerE > HP Boiler SuperheaterA,HP Boiler DesuperheaterA,boiler_fired,False,False,False
2aa6d9d1-ae3a-40d1-f006-13a1849c9900,5da10be3-4ed9-64e1-709b-1e8313786f02,Steam Network 1 > HP-2 Steam HeaderA > HP-2 Steam GeneratorA > HP-2 Fuel Fired BoilerE > HP Boiler SuperheaterA > HP Boiler DesuperheaterA,HP Boiler Desuperheater,Outlet Steam Setpoint,,,,,,,,6,Steam Network 1 > HP-2 Steam HeaderA > HP-2 Steam GeneratorA > HP-2 Fuel Fired BoilerE > HP Boiler SuperheaterA,HP Boiler DesuperheaterA,boiler_fired,False,False,False
2aa6d9d1-ae3a-40d1-f006-13a1849c9900,3cd3cfdf-40de-aa59-d10f-5a877c0d6586,Steam Network 1 > HP-2 Steam HeaderA > HP-2 Steam GeneratorA > HP-2 Fuel Fired BoilerE > HP Boiler SuperheaterA > HP Boiler DesuperheaterA,HP Boiler Desuperheater,Outlet Steam Temperature,degC,UN.UO.71TC1511.PV,,,,,,6,Steam Network 1 > HP-2 Steam HeaderA > HP-2 Steam GeneratorA > HP-2 Fuel Fired BoilerE > HP Boiler SuperheaterA,HP Boiler DesuperheaterA,boiler_fired,True,False,False
2aa6d9d1-ae3a-40d1-f006-13a1849c9900,0fd508c7-fbf3-e591-fa68-fbb7f426ed56,Steam Network 1 > HP-2 Steam HeaderA > HP-2 Steam GeneratorA > HP-2 Fuel Fired BoilerE > HP Boiler SuperheaterA > HP Boiler DesuperheaterA,HP Boiler Desuperheater,Spray Valve Opening,percent,,,,,,,6,Steam Network 1 > HP-2 Steam HeaderA > HP-2 Steam GeneratorA > HP-2 Fuel Fired BoilerE > HP Boiler SuperheaterA,HP Boiler DesuperheaterA,boiler_fired,False,False,False
2aa6d9d1-ae3a-40d1-f006-13a1849c9900,575784f8-11b4-4f3c-70eb-b22046e3cbc4,Steam Network 1 > HP-2 Steam HeaderA > HP-2 Steam GeneratorA > HP-2 Fuel Fired BoilerE > HP Boiler SuperheaterA > HP Boiler DesuperheaterA,HP Boiler Desuperheater,Spray Water Flow,,UN.UO.71FI1502.PV,,,,,,6,Steam Network 1 > HP-2 Steam HeaderA > HP-2 Steam GeneratorA > HP-2 Fuel Fired BoilerE > HP Boiler SuperheaterA,HP Boiler DesuperheaterA,boiler_fired,True,False,False
8611ec4b-129d-1a3b-e820-1349948cf670,13ed87a9-0f69-f0ff-1419-91571c847756,Steam Network 1 > HP-2 Steam HeaderA > HP-2 Steam GeneratorA > HP-2 Fuel Fired BoilerE > HP Boiler EconomizerA,HP Boiler Economizer,BFW Inlet Temperature,degC,,,,,,,5,Steam Network 1 > HP-2 Steam HeaderA > HP-2 Steam GeneratorA > HP-2 Fuel Fired BoilerE,HP Boiler EconomizerA,boiler_fired,False,False,False
8611ec4b-129d-1a3b-e820-1349948cf670,d2f5d102-0eb1-7886-4506-570cdc44a984,Steam Network 1 > HP-2 Steam HeaderA > HP-2 Steam GeneratorA > HP-2 Fuel Fired BoilerE > HP Boiler EconomizerA,HP Boiler Economizer,BFW Outlet Temperature,degC,,,,,,,5,Steam Network 1 > HP-2 Steam HeaderA > HP-2 Steam GeneratorA > HP-2 Fuel Fired BoilerE,HP Boiler EconomizerA,boiler_fired,False,False,False
8611ec4b-129d-1a3b-e820-1349948cf670,223ec5b4-96fc-9b4e-8604-38d8b4c25efa,Steam Network 1 > HP-2 Steam HeaderA > HP-2 Steam GeneratorA > HP-2 Fuel Fired BoilerE > HP Boiler EconomizerA,HP Boiler Economizer,Flue Inlet Temperature,degC,,,,,,,5,Steam Network 1 > HP-2 Steam HeaderA > HP-2 Steam GeneratorA > HP-2 Fuel Fired BoilerE,HP Boiler EconomizerA,boiler_fired,False,False,False
8611ec4b-129d-1a3b-e820-1349948cf670,8ecc5457-a6e4-15f1-b8c2-88e7282841a6,Steam Network 1 > HP-2 Steam HeaderA > HP-2 Steam GeneratorA > HP-2 Fuel Fired BoilerE > HP Boiler EconomizerA,HP Boiler Economizer,Flue Outlet Temperature,degC,,,,,,,5,Steam Network 1 > HP-2 Steam HeaderA > HP-2 Steam GeneratorA > HP-2 Fuel Fired BoilerE,HP Boiler EconomizerA,boiler_fired,False,False,False
13aa1ba6-a550-b252-3596-472cb6faa9f4,1d74452a-b1c0-9246-46bc-dd7cacb4d76c,Steam Network 1 > HP-2 Steam HeaderA > HP-2 Steam GeneratorA > HP-2 Fuel Fired BoilerE > HP Boiler Evaporator SectionA,HP Boiler Evaporator Section,Inlet Gas Temperature,degC,,,,,,,5,Steam Network 1 > HP-2 Steam HeaderA > HP-2 Steam GeneratorA > HP-2 Fuel Fired BoilerE,HP Boiler Evaporator SectionA,boiler_fired,False,False,False
13aa1ba6-a550-b252-3596-472cb6faa9f4,e642a133-46ef-c775-785f-514fa0ad6646,Steam Network 1 > HP-2 Steam HeaderA > HP-2 Steam GeneratorA > HP-2 Fuel Fired BoilerE > HP Boiler Evaporator SectionA,HP Boiler Evaporator Section,Outlet Gas Temperature,degC,,,,,,,5,Steam Network 1 > HP-2 Steam HeaderA > HP-2 Steam GeneratorA > HP-2 Fuel Fired BoilerE,HP Boiler Evaporator SectionA,boiler_fired,False,False,False
13aa1ba6-a550-b252-3596-472cb6faa9f4,0032a5a1-6041-d051-a47a-37f1607375f0,Steam Network 1 > HP-2 Steam HeaderA > HP-2 Steam GeneratorA > HP-2 Fuel Fired BoilerE > HP Boiler Evaporator SectionA,HP Boiler Evaporator Section,Steam Generation,metric_ton/h,,,,,,,5,Steam Network 1 > HP-2 Steam HeaderA > HP-2 Steam GeneratorA > HP-2 Fuel Fired BoilerE,HP Boiler Evaporator SectionA,boiler_fired,False,False,False
13aa1ba6-a550-b252-3596-472cb6faa9f4,58d2ad07-3b5d-ef6d-f9c8-34fb638f426a,Steam Network 1 > HP-2 Steam HeaderA > HP-2 Steam GeneratorA > HP-2 Fuel Fired BoilerE > HP Boiler Evaporator SectionA,HP Boiler Evaporator Section,Tube Differential Pressure,,,,,,,,5,Steam Network 1 > HP-2 Steam HeaderA > HP-2 Steam GeneratorA > HP-2 Fuel Fired BoilerE,HP Boiler Evaporator SectionA,boiler_fired,False,False,False
88f56ae5-2a06-a0e7-0ba0-94a3a2f3ca02,ee99d768-ce6f-7526-d060-817020f6a24e,Steam Network 1 > HP-2 Steam HeaderA > HP-2 Steam GeneratorA > HP-2 Fuel Fired BoilerE > HP Boiler Combustion SystemA > HP Boiler FD FanA,HP Boiler FD Fan,Bearing Temperature,degC,,,,,,,6,Steam Network 1 > HP-2 Steam HeaderA > HP-2 Steam GeneratorA > HP-2 Fuel Fired BoilerE > HP Boiler Combustion SystemA,HP Boiler FD FanA,boiler_fired,False,False,False
88f56ae5-2a06-a0e7-0ba0-94a3a2f3ca02,a2a92bbd-1dd7-5f89-f87e-8b25bf7e7434,Steam Network 1 > HP-2 Steam HeaderA > HP-2 Steam GeneratorA > HP-2 Fuel Fired BoilerE > HP Boiler Combustion SystemA > HP Boiler FD FanA,HP Boiler FD Fan,Discharge Pressure,bar,,,,,,,6,Steam Network 1 > HP-2 Steam HeaderA > HP-2 Steam GeneratorA > HP-2 Fuel Fired BoilerE > HP Boiler Combustion SystemA,HP Boiler FD FanA,boiler_fired,False,False,False
88f56ae5-2a06-a0e7-0ba0-94a3a2f3ca02,7248f6d5-fcab-7d31-0cc4-3fc58ee38be4,Steam Network 1 > HP-2 Steam HeaderA > HP-2 Steam GeneratorA > HP-2 Fuel Fired BoilerE > HP Boiler Combustion SystemA > HP Boiler FD FanA,HP Boiler FD Fan,Exhaust Pressure,bar,,,,,,,6,Steam Network 1 > HP-2 Steam HeaderA > HP-2 Steam GeneratorA > HP-2 Fuel Fired BoilerE > HP Boiler Combustion SystemA,HP Boiler FD FanA,boiler_fired,False,False,False
88f56ae5-2a06-a0e7-0ba0-94a3a2f3ca02,e4a75ae4-e31f-8d70-63e3-57c007b8d794,Steam Network 1 > HP-2 Steam HeaderA > HP-2 Steam GeneratorA > HP-2 Fuel Fired BoilerE > HP Boiler Combustion SystemA > HP Boiler FD FanA,HP Boiler FD Fan,Exhaust Temperature,degC,,,,,,,6,Steam Network 1 > HP-2 Steam HeaderA > HP-2 Steam GeneratorA > HP-2 Fuel Fired BoilerE > HP Boiler Combustion SystemA,HP Boiler FD FanA,boiler_fired,False,False,False
88f56ae5-2a06-a0e7-0ba0-94a3a2f3ca02,570d0b89-27f7-5673-7ceb-348b70fa5dfa,Steam Network 1 > HP-2 Steam HeaderA > HP-2 Steam GeneratorA > HP-2 Fuel Fired BoilerE > HP Boiler Combustion SystemA > HP Boiler FD FanA,HP Boiler FD Fan,Inlet Damper Opening,percent,,,,,,,6,Steam Network 1 > HP-2 Steam HeaderA > HP-2 Steam GeneratorA > HP-2 Fuel Fired BoilerE > HP Boiler Combustion SystemA,HP Boiler FD FanA,boiler_fired,False,False,False
88f56ae5-2a06-a0e7-0ba0-94a3a2f3ca02,9dd61402-dbe6-499a-ae48-9b3446305d98,Steam Network 1 > HP-2 Steam HeaderA > HP-2 Steam GeneratorA > HP-2 Fuel Fired BoilerE > HP Boiler Combustion SystemA > HP Boiler FD FanA,HP Boiler FD Fan,Inlet Steam Flow,metric_ton/h,,,,,,,6,Steam Network 1 > HP-2 Steam HeaderA > HP-2 Steam GeneratorA > HP-2 Fuel Fired BoilerE > HP Boiler Combustion SystemA,HP Boiler FD FanA,boiler_fired,False,False,False
88f56ae5-2a06-a0e7-0ba0-94a3a2f3ca02,17e69f19-f811-7dad-8b31-b8e5eff7e2b4,Steam Network 1 > HP-2 Steam HeaderA > HP-2 Steam GeneratorA > HP-2 Fuel Fired BoilerE > HP Boiler Combustion SystemA > HP Boiler FD FanA,HP Boiler FD Fan,Inlet Steam Pressure,bar,,,,,,,6,Steam Network 1 > HP-2 Steam HeaderA > HP-2 Steam GeneratorA > HP-2 Fuel Fired BoilerE > HP Boiler Combustion SystemA,HP Boiler FD FanA,boiler_fired,False,False,False
88f56ae5-2a06-a0e7-0ba0-94a3a2f3ca02,ca679c20-688d-647c-80cc-1f80a2eaf85c,Steam Network 1 > HP-2 Steam HeaderA > HP-2 Steam GeneratorA > HP-2 Fuel Fired BoilerE > HP Boiler Combustion SystemA > HP Boiler FD FanA,HP Boiler FD Fan,Inlet Steam Temperature,degC,,,,,,,6,Steam Network 1 > HP-2 Steam HeaderA > HP-2 Steam GeneratorA > HP-2 Fuel Fired BoilerE > HP Boiler Combustion SystemA,HP Boiler FD FanA,boiler_fired,False,False,False
88f56ae5-2a06-a0e7-0ba0-94a3a2f3ca02,64b3dcb4-d272-a8a4-7c37-8350b6c17410,Steam Network 1 > HP-2 Steam HeaderA > HP-2 Steam GeneratorA > HP-2 Fuel Fired BoilerE > HP Boiler Combustion SystemA > HP Boiler FD FanA,HP Boiler FD Fan,Motor Current,A,,,,,,,6,Steam Network 1 > HP-2 Steam HeaderA > HP-2 Steam GeneratorA > HP-2 Fuel Fired BoilerE > HP Boiler Combustion SystemA,HP Boiler FD FanA,boiler_fired,False,False,False
88f56ae5-2a06-a0e7-0ba0-94a3a2f3ca02,8a935e4d-e9c5-6627-7a47-0bbb6356386a,Steam Network 1 > HP-2 Steam HeaderA > HP-2 Steam GeneratorA > HP-2 Fuel Fired BoilerE > HP Boiler Combustion SystemA > HP Boiler FD FanA,HP Boiler FD Fan,Speed,rpm,,,,,,,6,Steam Network 1 > HP-2 Steam HeaderA > HP-2 Steam GeneratorA > HP-2 Fuel Fired BoilerE > HP Boiler Combustion SystemA,HP Boiler FD FanA,boiler_fired,False,False,False
88f56ae5-2a06-a0e7-0ba0-94a3a2f3ca02,971edd98-65c2-e3f6-7b56-b810f2dc3e6e,Steam Network 1 > HP-2 Steam HeaderA > HP-2 Steam GeneratorA > HP-2 Fuel Fired BoilerE > HP Boiler Combustion SystemA > HP Boiler FD FanA,HP Boiler FD Fan,Vibration,,,,,,,,6,Steam Network 1 > HP-2 Steam HeaderA > HP-2 Steam GeneratorA > HP-2 Fuel Fired BoilerE > HP Boiler Combustion SystemA,HP Boiler FD FanA,boiler_fired,False,False,False
27a81ca8-b58a-1164-e222-59a092220dcc,9a8d09ab-940e-c993-deed-d0310e83c038,Steam Network 1 > HP-2 Steam HeaderA > HP-2 Steam GeneratorA > HP-2 Fuel Fired BoilerE > HP Boiler Combustion SystemA > HP Boiler ID FanA,HP Boiler ID Fan,Bearing Temperature,degC,,,,,,,6,Steam Network 1 > HP-2 Steam HeaderA > HP-2 Steam GeneratorA > HP-2 Fuel Fired BoilerE > HP Boiler Combustion SystemA,HP Boiler ID FanA,boiler_fired,False,False,False
27a81ca8-b58a-1164-e222-59a092220dcc,a835251a-45c6-ec32-8cb1-3714edf3c928,Steam Network 1 > HP-2 Steam HeaderA > HP-2 Steam GeneratorA > HP-2 Fuel Fired BoilerE > HP Boiler Combustion SystemA > HP Boiler ID FanA,HP Boiler ID Fan,Discharge Pressure,bar,,,,,,,6,Steam Network 1 > HP-2 Steam HeaderA > HP-2 Steam GeneratorA > HP-2 Fuel Fired BoilerE > HP Boiler Combustion SystemA,HP Boiler ID FanA,boiler_fired,False,False,False
27a81ca8-b58a-1164-e222-59a092220dcc,664da372-df27-4502-ee07-00e4b96ae670,Steam Network 1 > HP-2 Steam HeaderA > HP-2 Steam GeneratorA > HP-2 Fuel Fired BoilerE > HP Boiler Combustion SystemA > HP Boiler ID FanA,HP Boiler ID Fan,Exhaust Pressure,bar,,,,,,,6,Steam Network 1 > HP-2 Steam HeaderA > HP-2 Steam GeneratorA > HP-2 Fuel Fired BoilerE > HP Boiler Combustion SystemA,HP Boiler ID FanA,boiler_fired,False,False,False
27a81ca8-b58a-1164-e222-59a092220dcc,909a8d27-a8be-e1dd-066d-21ab38246cfa,Steam Network 1 > HP-2 Steam HeaderA > HP-2 Steam GeneratorA > HP-2 Fuel Fired BoilerE > HP Boiler Combustion SystemA > HP Boiler ID FanA,HP Boiler ID Fan,Exhaust Temperature,degC,,,,,,,6,Steam Network 1 > HP-2 Steam HeaderA > HP-2 Steam GeneratorA > HP-2 Fuel Fired BoilerE > HP Boiler Combustion SystemA,HP Boiler ID FanA,boiler_fired,False,False,False
27a81ca8-b58a-1164-e222-59a092220dcc,298021a6-b7fe-8a34-8cde-51b89e7eab92,Steam Network 1 > HP-2 Steam HeaderA > HP-2 Steam GeneratorA > HP-2 Fuel Fired BoilerE > HP Boiler Combustion SystemA > HP Boiler ID FanA,HP Boiler ID Fan,Inlet Damper Opening,percent,,,,,,,6,Steam Network 1 > HP-2 Steam HeaderA > HP-2 Steam GeneratorA > HP-2 Fuel Fired BoilerE > HP Boiler Combustion SystemA,HP Boiler ID FanA,boiler_fired,False,False,False
27a81ca8-b58a-1164-e222-59a092220dcc,91dac09f-be62-116b-3c17-11752fb8d1f4,Steam Network 1 > HP-2 Steam HeaderA > HP-2 Steam GeneratorA > HP-2 Fuel Fired BoilerE > HP Boiler Combustion SystemA > HP Boiler ID FanA,HP Boiler ID Fan,Inlet Steam Flow,metric_ton/h,,,,,,,6,Steam Network 1 > HP-2 Steam HeaderA > HP-2 Steam GeneratorA > HP-2 Fuel Fired BoilerE > HP Boiler Combustion SystemA,HP Boiler ID FanA,boiler_fired,False,False,False
27a81ca8-b58a-1164-e222-59a092220dcc,ea59b536-8818-b16e-65e6-333462410458,Steam Network 1 > HP-2 Steam HeaderA > HP-2 Steam GeneratorA > HP-2 Fuel Fired BoilerE > HP Boiler Combustion SystemA > HP Boiler ID FanA,HP Boiler ID Fan,Inlet Steam Pressure,bar,,,,,,,6,Steam Network 1 > HP-2 Steam HeaderA > HP-2 Steam GeneratorA > HP-2 Fuel Fired BoilerE > HP Boiler Combustion SystemA,HP Boiler ID FanA,boiler_fired,False,False,False
27a81ca8-b58a-1164-e222-59a092220dcc,0921f4e3-4998-9719-0d8a-cf2b40b963fa,Steam Network 1 > HP-2 Steam HeaderA > HP-2 Steam GeneratorA > HP-2 Fuel Fired BoilerE > HP Boiler Combustion SystemA > HP Boiler ID FanA,HP Boiler ID Fan,Inlet Steam Temperature,degC,,,,,,,6,Steam Network 1 > HP-2 Steam HeaderA > HP-2 Steam GeneratorA > HP-2 Fuel Fired BoilerE > HP Boiler Combustion SystemA,HP Boiler ID FanA,boiler_fired,False,False,False
27a81ca8-b58a-1164-e222-59a092220dcc,8a7ebd37-6921-d529-94d2-10cfe35f681e,Steam Network 1 > HP-2 Steam HeaderA > HP-2 Steam GeneratorA > HP-2 Fuel Fired BoilerE > HP Boiler Combustion SystemA > HP Boiler ID FanA,HP Boiler ID Fan,Motor Current,A,,,,,,,6,Steam Network 1 > HP-2 Steam HeaderA > HP-2 Steam GeneratorA > HP-2 Fuel Fired BoilerE > HP Boiler Combustion SystemA,HP Boiler ID FanA,boiler_fired,False,False,False
27a81ca8-b58a-1164-e222-59a092220dcc,561c71d0-d21f-184c-a34d-49c08403699c,Steam Network 1 > HP-2 Steam HeaderA > HP-2 Steam GeneratorA > HP-2 Fuel Fired BoilerE > HP Boiler Combustion SystemA > HP Boiler ID FanA,HP Boiler ID Fan,Speed,rpm,,,,,,,6,Steam Network 1 > HP-2 Steam HeaderA > HP-2 Steam GeneratorA > HP-2 Fuel Fired BoilerE > HP Boiler Combustion SystemA,HP Boiler ID FanA,boiler_fired,False,False,False
27a81ca8-b58a-1164-e222-59a092220dcc,891c779b-e005-90cb-b2e1-07e96919e750,Steam Network 1 > HP-2 Steam HeaderA > HP-2 Steam GeneratorA > HP-2 Fuel Fired BoilerE > HP Boiler Combustion SystemA > HP Boiler ID FanA,HP Boiler ID Fan,Vibration,,,,,,,,6,Steam Network 1 > HP-2 Steam HeaderA > HP-2 Steam GeneratorA > HP-2 Fuel Fired BoilerE > HP Boiler Combustion SystemA,HP Boiler ID FanA,boiler_fired,False,False,False
0330d866-73fe-4de2-0969-b80c70ce9584,03248233-ffcd-91a9-d0af-d6abfce9139a,Steam Network 1 > HP-2 Steam HeaderA > HP-2 Steam GeneratorA > HP-2 Fuel Fired BoilerE > HP Boiler Radiant SectionA,HP Boiler Radiant Section,Box Draft,,,,,,,,5,Steam Network 1 > HP-2 Steam HeaderA > HP-2 Steam GeneratorA > HP-2 Fuel Fired BoilerE,HP Boiler Radiant SectionA,boiler_fired,False,False,False
0330d866-73fe-4de2-0969-b80c70ce9584,850fa9b9-3388-b42d-6c5e-e985b6871d94,Steam Network 1 > HP-2 Steam HeaderA > HP-2 Steam GeneratorA > HP-2 Fuel Fired BoilerE > HP Boiler Radiant SectionA,HP Boiler Radiant Section,Radiant Box Temperature,degC,,,,,,,5,Steam Network 1 > HP-2 Steam HeaderA > HP-2 Steam GeneratorA > HP-2 Fuel Fired BoilerE,HP Boiler Radiant SectionA,boiler_fired,False,False,False
0330d866-73fe-4de2-0969-b80c70ce9584,a98da5ca-5aeb-88f2-bc68-08f4f3662d38,Steam Network 1 > HP-2 Steam HeaderA > HP-2 Steam GeneratorA > HP-2 Fuel Fired BoilerE > HP Boiler Radiant SectionA,HP Boiler Radiant Section,Tube Skin Temperature (TMT),degC,,,,,,,5,Steam Network 1 > HP-2 Steam HeaderA > HP-2 Steam GeneratorA > HP-2 Fuel Fired BoilerE,HP Boiler Radiant SectionA,boiler_fired,False,False,False
60390113-5dd2-390d-5cb8-48f73deb381e,3df33058-a5f7-8706-0f19-8a109804b75e,Steam Network 1 > HP-2 Steam HeaderA > HP-2 Steam GeneratorA > HP-2 Fuel Fired BoilerE > HP Boiler Soot Blower SystemA,HP Boiler Soot Blower System,Cycle Status,,,,,,,,5,Steam Network 1 > HP-2 Steam HeaderA > HP-2 Steam GeneratorA > HP-2 Fuel Fired BoilerE,HP Boiler Soot Blower SystemA,boiler_fired,False,False,False
60390113-5dd2-390d-5cb8-48f73deb381e,673a3b80-1b01-9342-c8ad-d7007c3ba8c2,Steam Network 1 > HP-2 Steam HeaderA > HP-2 Steam GeneratorA > HP-2 Fuel Fired BoilerE > HP Boiler Soot Blower SystemA,HP Boiler Soot Blower System,Last Run Time,,,,,,,,5,Steam Network 1 > HP-2 Steam HeaderA > HP-2 Steam GeneratorA > HP-2 Fuel Fired BoilerE,HP Boiler Soot Blower SystemA,boiler_fired,False,False,False
60390113-5dd2-390d-5cb8-48f73deb381e,26c3c0ac-0989-8c54-eda5-48702f4a4cf8,Steam Network 1 > HP-2 Steam HeaderA > HP-2 Steam GeneratorA > HP-2 Fuel Fired BoilerE > HP Boiler Soot Blower SystemA,HP Boiler Soot Blower System,Soot Blower Steam Flow,metric_ton/h,,,,,,,5,Steam Network 1 > HP-2 Steam HeaderA > HP-2 Steam GeneratorA > HP-2 Fuel Fired BoilerE,HP Boiler Soot Blower SystemA,boiler_fired,False,False,False
60390113-5dd2-390d-5cb8-48f73deb381e,e379e6c3-2ab9-bec7-0df2-1b95c9c05804,Steam Network 1 > HP-2 Steam HeaderA > HP-2 Steam GeneratorA > HP-2 Fuel Fired BoilerE > HP Boiler Soot Blower SystemA,HP Boiler Soot Blower System,Soot Blower Steam Pressure,,,,,,,,5,Steam Network 1 > HP-2 Steam HeaderA > HP-2 Steam GeneratorA > HP-2 Fuel Fired BoilerE,HP Boiler Soot Blower SystemA,boiler_fired,False,False,False
3c3f0636-4164-0580-7dba-29007d5b03b6,fbd7e19f-06e5-6fed-4eea-d133fd328e72,Steam Network 1 > HP-2 Steam HeaderA > HP-2 Steam GeneratorA > HP-2 Fuel Fired BoilerE > HP Boiler StackA,HP Boiler Stack,CO in Flue Gas,,,,,,,,5,Steam Network 1 > HP-2 Steam HeaderA > HP-2 Steam GeneratorA > HP-2 Fuel Fired BoilerE,HP Boiler StackA,boiler_fired,False,False,False
3c3f0636-4164-0580-7dba-29007d5b03b6,59b71af6-24c1-e94e-e8ca-1cf47d76f3b8,Steam Network 1 > HP-2 Steam HeaderA > HP-2 Steam GeneratorA > HP-2 Fuel Fired BoilerE > HP Boiler StackA,HP Boiler Stack,Flue Gas Flow,,,,,,,,5,Steam Network 1 > HP-2 Steam HeaderA > HP-2 Steam GeneratorA > HP-2 Fuel Fired BoilerE,HP Boiler StackA,boiler_fired,False,False,False
3c3f0636-4164-0580-7dba-29007d5b03b6,d160b839-5775-f8ad-c1e0-b68586154094,Steam Network 1 > HP-2 Steam HeaderA > HP-2 Steam GeneratorA > HP-2 Fuel Fired BoilerE > HP Boiler StackA,HP Boiler Stack,NOx Emission,,,,,,,,5,Steam Network 1 > HP-2 Steam HeaderA > HP-2 Steam GeneratorA > HP-2 Fuel Fired BoilerE,HP Boiler StackA,boiler_fired,False,False,False
3c3f0636-4164-0580-7dba-29007d5b03b6,8d659876-ea08-0896-a5fb-0524676d90e0,Steam Network 1 > HP-2 Steam HeaderA > HP-2 Steam GeneratorA > HP-2 Fuel Fired BoilerE > HP Boiler StackA,HP Boiler Stack,O2 in Flue Gas,,,,,,,,5,Steam Network 1 > HP-2 Steam HeaderA > HP-2 Steam GeneratorA > HP-2 Fuel Fired BoilerE,HP Boiler StackA,boiler_fired,False,False,False
3c3f0636-4164-0580-7dba-29007d5b03b6,f7d8f314-361b-7404-08a4-dc50c1c38710,Steam Network 1 > HP-2 Steam HeaderA > HP-2 Steam GeneratorA > HP-2 Fuel Fired BoilerE > HP Boiler StackA,HP Boiler Stack,SOx Emission,,,,,,,,5,Steam Network 1 > HP-2 Steam HeaderA > HP-2 Steam GeneratorA > HP-2 Fuel Fired BoilerE,HP Boiler StackA,boiler_fired,False,False,False
3c3f0636-4164-0580-7dba-29007d5b03b6,baaec540-4047-cb0a-95fd-7480fae90e4a,Steam Network 1 > HP-2 Steam HeaderA > HP-2 Steam GeneratorA > HP-2 Fuel Fired BoilerE > HP Boiler StackA,HP Boiler Stack,Stack Draft,,,,,,,,5,Steam Network 1 > HP-2 Steam HeaderA > HP-2 Steam GeneratorA > HP-2 Fuel Fired BoilerE,HP Boiler StackA,boiler_fired,False,False,False
3c3f0636-4164-0580-7dba-29007d5b03b6,7c7f9dd3-43e2-cd71-b2fc-a1233f9d50a2,Steam Network 1 > HP-2 Steam HeaderA > HP-2 Steam GeneratorA > HP-2 Fuel Fired BoilerE > HP Boiler StackA,HP Boiler Stack,Stack Temperature,degC,,,,,,,5,Steam Network 1 > HP-2 Steam HeaderA > HP-2 Steam GeneratorA > HP-2 Fuel Fired BoilerE,HP Boiler StackA,boiler_fired,False,False,False
e31a2d0e-76db-94fc-aeca-71c895c1b9f2,14330a5b-03a2-d849-71e0-bbf31791d212,Steam Network 1 > HP-2 Steam HeaderA > HP-2 Steam GeneratorA > HP-2 Fuel Fired BoilerE > HP Boiler Steam DrumA,HP Boiler Steam Drum,Drum Level,,,,,,,,5,Steam Network 1 > HP-2 Steam HeaderA > HP-2 Steam GeneratorA > HP-2 Fuel Fired BoilerE,HP Boiler Steam DrumA,boiler_fired,False,False,False
e31a2d0e-76db-94fc-aeca-71c895c1b9f2,d29fa40e-d28c-fd44-eb31-69b80013594a,Steam Network 1 > HP-2 Steam HeaderA > HP-2 Steam GeneratorA > HP-2 Fuel Fired BoilerE > HP Boiler Steam DrumA,HP Boiler Steam Drum,Drum Pressure,,,,,,,,5,Steam Network 1 > HP-2 Steam HeaderA > HP-2 Steam GeneratorA > HP-2 Fuel Fired BoilerE,HP Boiler Steam DrumA,boiler_fired,False,False,False
e31a2d0e-76db-94fc-aeca-71c895c1b9f2,eb4f770b-0e59-bcd7-f7fc-0e3de516cbdc,Steam Network 1 > HP-2 Steam HeaderA > HP-2 Steam GeneratorA > HP-2 Fuel Fired BoilerE > HP Boiler Steam DrumA,HP Boiler Steam Drum,Drum Temperature,degC,,,,,,,5,Steam Network 1 > HP-2 Steam HeaderA > HP-2 Steam GeneratorA > HP-2 Fuel Fired BoilerE,HP Boiler Steam DrumA,boiler_fired,False,False,False
e31a2d0e-76db-94fc-aeca-71c895c1b9f2,8da60d30-af15-1634-efcc-cdc022b31b04,Steam Network 1 > HP-2 Steam HeaderA > HP-2 Steam GeneratorA > HP-2 Fuel Fired BoilerE > HP Boiler Steam DrumA,HP Boiler Steam Drum,Drum Vent Flow,,,,,,,,5,Steam Network 1 > HP-2 Steam HeaderA > HP-2 Steam GeneratorA > HP-2 Fuel Fired BoilerE,HP Boiler Steam DrumA,boiler_fired,False,False,False
04d01b26-ade2-c91a-87ff-97dca932d23c,2b1bc403-78e9-4b8f-05aa-5ead53f28f8c,Steam Network 1 > HP-2 Steam HeaderA > HP-2 Steam GeneratorA > HP-2 Fuel Fired BoilerE > HP Boiler SuperheaterA,HP Boiler Superheater,Attemperator Flow Opening,,,,,,,,5,Steam Network 1 > HP-2 Steam HeaderA > HP-2 Steam GeneratorA > HP-2 Fuel Fired BoilerE,HP Boiler SuperheaterA,boiler_fired,False,False,False
04d01b26-ade2-c91a-87ff-97dca932d23c,9425abde-1ac3-83e0-5e02-fc408ee6283e,Steam Network 1 > HP-2 Steam HeaderA > HP-2 Steam GeneratorA > HP-2 Fuel Fired BoilerE > HP Boiler SuperheaterA,HP Boiler Superheater,Attemperator Spray Flow,,,,,,,,5,Steam Network 1 > HP-2 Steam HeaderA > HP-2 Steam GeneratorA > HP-2 Fuel Fired BoilerE,HP Boiler SuperheaterA,boiler_fired,False,False,False
04d01b26-ade2-c91a-87ff-97dca932d23c,5ef1a4f8-615b-5b2c-d354-82a03faaffd4,Steam Network 1 > HP-2 Steam HeaderA > HP-2 Steam GeneratorA > HP-2 Fuel Fired BoilerE > HP Boiler SuperheaterA,HP Boiler Superheater,Steam Inlet Pressure,bar,,,,,,,5,Steam Network 1 > HP-2 Steam HeaderA > HP-2 Steam GeneratorA > HP-2 Fuel Fired BoilerE,HP Boiler SuperheaterA,boiler_fired,False,False,False
04d01b26-ade2-c91a-87ff-97dca932d23c,2627d5e1-24c4-561f-64f0-7c3f02e383fe,Steam Network 1 > HP-2 Steam HeaderA > HP-2 Steam GeneratorA > HP-2 Fuel Fired BoilerE > HP Boiler SuperheaterA,HP Boiler Superheater,Steam Inlet Temperature,degC,,,,,,,5,Steam Network 1 > HP-2 Steam HeaderA > HP-2 Steam GeneratorA > HP-2 Fuel Fired BoilerE,HP Boiler SuperheaterA,boiler_fired,False,False,False
04d01b26-ade2-c91a-87ff-97dca932d23c,df2de1af-7312-345f-9f2c-4bf1ac3fd5f0,Steam Network 1 > HP-2 Steam HeaderA > HP-2 Steam GeneratorA > HP-2 Fuel Fired BoilerE > HP Boiler SuperheaterA,HP Boiler Superheater,Steam Outlet Pressure,bar,,,,,,,5,Steam Network 1 > HP-2 Steam HeaderA > HP-2 Steam GeneratorA > HP-2 Fuel Fired BoilerE,HP Boiler SuperheaterA,boiler_fired,False,False,False
04d01b26-ade2-c91a-87ff-97dca932d23c,080549ca-24c2-1626-f834-4ffc2cc75fec,Steam Network 1 > HP-2 Steam HeaderA > HP-2 Steam GeneratorA > HP-2 Fuel Fired BoilerE > HP Boiler SuperheaterA,HP Boiler Superheater,Steam Outlet Temperature,degC,,,,,,,5,Steam Network 1 > HP-2 Steam HeaderA > HP-2 Steam GeneratorA > HP-2 Fuel Fired BoilerE,HP Boiler SuperheaterA,boiler_fired,False,False,False
04d01b26-ade2-c91a-87ff-97dca932d23c,4e31b4f4-dbd9-00d8-18c4-ade095e8b42c,Steam Network 1 > HP-2 Steam HeaderA > HP-2 Steam GeneratorA > HP-2 Fuel Fired BoilerE > HP Boiler SuperheaterA,HP Boiler Superheater,Tube Skin Temperature,degC,,,,,,,5,Steam Network 1 > HP-2 Steam HeaderA > HP-2 Steam GeneratorA > HP-2 Fuel Fired BoilerE,HP Boiler SuperheaterA,boiler_fired,False,False,False
32a09e9c-d584-ba90-c206-8fc0e724240c,8f05099f-64ca-48ff-942f-4d61ebcf4160,Steam Network 1 > HP-2 Steam HeaderA > HP-2 Steam ConsumersA > HP-2 Backpressure Steam TurbineA,HP Backpressure Steam Turbine,Bearing Temperature,degC,,,,,,,4,Steam Network 1 > HP-2 Steam HeaderA > HP-2 Steam ConsumersA,HP-2 Backpressure Steam TurbineA,turbine,False,False,False
32a09e9c-d584-ba90-c206-8fc0e724240c,6ffe8faf-f839-f761-920d-4a4f97c778ce,Steam Network 1 > HP-2 Steam HeaderA > HP-2 Steam ConsumersA > HP-2 Backpressure Steam TurbineA,HP Backpressure Steam Turbine,Gland Steam Flow,kg/hr,,,,,,,4,Steam Network 1 > HP-2 Steam HeaderA > HP-2 Steam ConsumersA,HP-2 Backpressure Steam TurbineA,turbine,False,False,False
32a09e9c-d584-ba90-c206-8fc0e724240c,de81b041-d863-db95-7466-30d506e26bd4,Steam Network 1 > HP-2 Steam HeaderA > HP-2 Steam ConsumersA > HP-2 Backpressure Steam TurbineA,HP Backpressure Steam Turbine,Governor Valve Opening,percent,,,,,,,4,Steam Network 1 > HP-2 Steam HeaderA > HP-2 Steam ConsumersA,HP-2 Backpressure Steam TurbineA,turbine,False,False,False
32a09e9c-d584-ba90-c206-8fc0e724240c,b3dfe52b-303b-c5c7-ff4e-3b6d83e420ec,Steam Network 1 > HP-2 Steam HeaderA > HP-2 Steam ConsumersA > HP-2 Backpressure Steam TurbineA,HP Backpressure Steam Turbine,Inlet Steam Flow,t/hr,UN.UO.71FI1812.PV,,,,,,4,Steam Network 1 > HP-2 Steam HeaderA > HP-2 Steam ConsumersA,HP-2 Backpressure Steam TurbineA,turbine,True,False,False
32a09e9c-d584-ba90-c206-8fc0e724240c,84e1b3c2-b332-1c0a-a25e-3d9437d3afc8,Steam Network 1 > HP-2 Steam HeaderA > HP-2 Steam ConsumersA > HP-2 Backpressure Steam TurbineA,HP Backpressure Steam Turbine,Inlet Steam Pressure,bar,UN.UO.70PI0012A.PV,,,,,,4,Steam Network 1 > HP-2 Steam HeaderA > HP-2 Steam ConsumersA,HP-2 Backpressure Steam TurbineA,turbine,True,False,False
32a09e9c-d584-ba90-c206-8fc0e724240c,00f0dad7-0d93-abc5-2ffb-04730d637112,Steam Network 1 > HP-2 Steam HeaderA > HP-2 Steam ConsumersA > HP-2 Backpressure Steam TurbineA,HP Backpressure Steam Turbine,Inlet Steam Temperature,degC,UN.UO.70TI0007.PV,,,,,,4,Steam Network 1 > HP-2 Steam HeaderA > HP-2 Steam ConsumersA,HP-2 Backpressure Steam TurbineA,turbine,True,False,False
32a09e9c-d584-ba90-c206-8fc0e724240c,8e8f512e-cfc6-3c52-3c82-c8bc41496d7c,Steam Network 1 > HP-2 Steam HeaderA > HP-2 Steam ConsumersA > HP-2 Backpressure Steam TurbineA,HP Backpressure Steam Turbine,Outlet Steam Flow,t/hr,UN.UO.71FI1812.PV,,,,,,4,Steam Network 1 > HP-2 Steam HeaderA > HP-2 Steam ConsumersA,HP-2 Backpressure Steam TurbineA,turbine,True,False,False
32a09e9c-d584-ba90-c206-8fc0e724240c,62256645-1222-3ce5-fe96-a7b970075aa0,Steam Network 1 > HP-2 Steam HeaderA > HP-2 Steam ConsumersA > HP-2 Backpressure Steam TurbineA,HP Backpressure Steam Turbine,Outlet Steam Pressure,bar,UN.UO.70PI0024A.PV,,,,,,4,Steam Network 1 > HP-2 Steam HeaderA > HP-2 Steam ConsumersA,HP-2 Backpressure Steam TurbineA,turbine,True,False,False
32a09e9c-d584-ba90-c206-8fc0e724240c,c9f37574-cc28-8fd4-0659-101005dbfaa0,Steam Network 1 > HP-2 Steam HeaderA > HP-2 Steam ConsumersA > HP-2 Backpressure Steam TurbineA,HP Backpressure Steam Turbine,Outlet Steam Temperature,degC,UN.UO.70TI0006.PV,,,,,,4,Steam Network 1 > HP-2 Steam HeaderA > HP-2 Steam ConsumersA,HP-2 Backpressure Steam TurbineA,turbine,True,False,False
32a09e9c-d584-ba90-c206-8fc0e724240c,3f63a213-907b-1c13-2940-1b69af18be00,Steam Network 1 > HP-2 Steam HeaderA > HP-2 Steam ConsumersA > HP-2 Backpressure Steam TurbineA,HP Backpressure Steam Turbine,Turbine Speed,rpm,,,,,,,4,Steam Network 1 > HP-2 Steam HeaderA > HP-2 Steam ConsumersA,HP-2 Backpressure Steam TurbineA,turbine,False,False,False
32a09e9d-d584-ba97-f9ef-a09be724240a,9b9dff20-41af-57d6-4ea7-24c0da32a8f6,Steam Network 1 > HP-2 Steam HeaderA > HP-2 Steam ConsumersA > HP-2 Backpressure Steam TurbineB,HP Backpressure Steam Turbine,Bearing Temperature,degC,,,,,,,4,Steam Network 1 > HP-2 Steam HeaderA > HP-2 Steam ConsumersA,HP-2 Backpressure Steam TurbineB,turbine,False,False,False
32a09e9d-d584-ba97-f9ef-a09be724240a,349071ce-dc1a-f5a4-805f-0df8e88a846a,Steam Network 1 > HP-2 Steam HeaderA > HP-2 Steam ConsumersA > HP-2 Backpressure Steam TurbineB,HP Backpressure Steam Turbine,Gland Steam Flow,kg/hr,,,,,,,4,Steam Network 1 > HP-2 Steam HeaderA > HP-2 Steam ConsumersA,HP-2 Backpressure Steam TurbineB,turbine,False,False,False
32a09e9d-d584-ba97-f9ef-a09be724240a,da833f20-ce8d-1e30-dea1-9600140e2110,Steam Network 1 > HP-2 Steam HeaderA > HP-2 Steam ConsumersA > HP-2 Backpressure Steam TurbineB,HP Backpressure Steam Turbine,Governor Valve Opening,percent,,,,,,,4,Steam Network 1 > HP-2 Steam HeaderA > HP-2 Steam ConsumersA,HP-2 Backpressure Steam TurbineB,turbine,False,False,False
32a09e9d-d584-ba97-f9ef-a09be724240a,7871c74a-141c-c40a-651e-70e46c6d0340,Steam Network 1 > HP-2 Steam HeaderA > HP-2 Steam ConsumersA > HP-2 Backpressure Steam TurbineB,HP Backpressure Steam Turbine,Inlet Steam Flow,t/hr,UN.UO.71FI1813.PV,,,,,,4,Steam Network 1 > HP-2 Steam HeaderA > HP-2 Steam ConsumersA,HP-2 Backpressure Steam TurbineB,turbine,True,False,False
32a09e9d-d584-ba97-f9ef-a09be724240a,0b676e61-a04d-411d-60eb-21fdab2a2f7c,Steam Network 1 > HP-2 Steam HeaderA > HP-2 Steam ConsumersA > HP-2 Backpressure Steam TurbineB,HP Backpressure Steam Turbine,Inlet Steam Pressure,bar,UN.UO.70PI0012A.PV,,,,,,4,Steam Network 1 > HP-2 Steam HeaderA > HP-2 Steam ConsumersA,HP-2 Backpressure Steam TurbineB,turbine,True,False,False
32a09e9d-d584-ba97-f9ef-a09be724240a,852127d8-a18a-4c2c-0bf6-f92024ab6bf4,Steam Network 1 > HP-2 Steam HeaderA > HP-2 Steam ConsumersA > HP-2 Backpressure Steam TurbineB,HP Backpressure Steam Turbine,Inlet Steam Temperature,degC,UN.UO.70TI0007.PV,,,,,,4,Steam Network 1 > HP-2 Steam HeaderA > HP-2 Steam ConsumersA,HP-2 Backpressure Steam TurbineB,turbine,True,False,False
32a09e9d-d584-ba97-f9ef-a09be724240a,5c39b2ef-bf4a-fc01-3272-f6efe3734eee,Steam Network 1 > HP-2 Steam HeaderA > HP-2 Steam ConsumersA > HP-2 Backpressure Steam TurbineB,HP Backpressure Steam Turbine,Outlet Steam Flow,t/hr,UN.UO.71FI1813.PV,,,,,,4,Steam Network 1 > HP-2 Steam HeaderA > HP-2 Steam ConsumersA,HP-2 Backpressure Steam TurbineB,turbine,True,False,False
32a09e9d-d584-ba97-f9ef-a09be724240a,ac56ff86-570e-98a4-92c7-41d8fb586722,Steam Network 1 > HP-2 Steam HeaderA > HP-2 Steam ConsumersA > HP-2 Backpressure Steam TurbineB,HP Backpressure Steam Turbine,Outlet Steam Pressure,bar,UN.UO.70PI0024A.PV,,,,,,4,Steam Network 1 > HP-2 Steam HeaderA > HP-2 Steam ConsumersA,HP-2 Backpressure Steam TurbineB,turbine,True,False,False
32a09e9d-d584-ba97-f9ef-a09be724240a,cbccc893-2ecd-beb7-b3f7-7b15e5017624,Steam Network 1 > HP-2 Steam HeaderA > HP-2 Steam ConsumersA > HP-2 Backpressure Steam TurbineB,HP Backpressure Steam Turbine,Outlet Steam Temperature,degC,UN.UO.70TI0006.PV,,,,,,4,Steam Network 1 > HP-2 Steam HeaderA > HP-2 Steam ConsumersA,HP-2 Backpressure Steam TurbineB,turbine,True,False,False
32a09e9d-d584-ba97-f9ef-a09be724240a,993f0c54-1308-feb2-bab1-ea688a37f2e6,Steam Network 1 > HP-2 Steam HeaderA > HP-2 Steam ConsumersA > HP-2 Backpressure Steam TurbineB,HP Backpressure Steam Turbine,Turbine Speed,rpm,,,,,,,4,Steam Network 1 > HP-2 Steam HeaderA > HP-2 Steam ConsumersA,HP-2 Backpressure Steam TurbineB,turbine,False,False,False
32a09e9e-d584-ba9e-31d8-b184e7242400,a836f4a1-1e94-66ad-ddaf-76cdb6a2920c,Steam Network 1 > HP-2 Steam HeaderA > HP-2 Steam ConsumersA > HP-2 Backpressure Steam TurbineC,HP Backpressure Steam Turbine,Bearing Temperature,degC,,,,,,,4,Steam Network 1 > HP-2 Steam HeaderA > HP-2 Steam ConsumersA,HP-2 Backpressure Steam TurbineC,turbine,False,False,False
32a09e9e-d584-ba9e-31d8-b184e7242400,f92253ed-bffb-f3e7-8002-b1db46d9a00a,Steam Network 1 > HP-2 Steam HeaderA > HP-2 Steam ConsumersA > HP-2 Backpressure Steam TurbineC,HP Backpressure Steam Turbine,Gland Steam Flow,kg/hr,,,,,,,4,Steam Network 1 > HP-2 Steam HeaderA > HP-2 Steam ConsumersA,HP-2 Backpressure Steam TurbineC,turbine,False,False,False
32a09e9e-d584-ba9e-31d8-b184e7242400,d684cdff-c4b6-60cb-97d8-f9351232ad34,Steam Network 1 > HP-2 Steam HeaderA > HP-2 Steam ConsumersA > HP-2 Backpressure Steam TurbineC,HP Backpressure Steam Turbine,Governor Valve Opening,percent,,,,,,,4,Steam Network 1 > HP-2 Steam HeaderA > HP-2 Steam ConsumersA,HP-2 Backpressure Steam TurbineC,turbine,False,False,False
32a09e9e-d584-ba9e-31d8-b184e7242400,3d03a969-f7fd-c24d-dc40-8695cafe6b24,Steam Network 1 > HP-2 Steam HeaderA > HP-2 Steam ConsumersA > HP-2 Backpressure Steam TurbineC,HP Backpressure Steam Turbine,Inlet Steam Flow,t/hr,UN.UO.71FI1604.PV,,,,,,4,Steam Network 1 > HP-2 Steam HeaderA > HP-2 Steam ConsumersA,HP-2 Backpressure Steam TurbineC,turbine,True,False,False
32a09e9e-d584-ba9e-31d8-b184e7242400,91ed2900-8d68-6630-82cd-b0001c854f30,Steam Network 1 > HP-2 Steam HeaderA > HP-2 Steam ConsumersA > HP-2 Backpressure Steam TurbineC,HP Backpressure Steam Turbine,Inlet Steam Pressure,bar,UN.UO.70PI0012A.PV,,,,,,4,Steam Network 1 > HP-2 Steam HeaderA > HP-2 Steam ConsumersA,HP-2 Backpressure Steam TurbineC,turbine,True,False,False
32a09e9e-d584-ba9e-31d8-b184e7242400,095174d9-3580-ec93-cafe-249b3cd1984a,Steam Network 1 > HP-2 Steam HeaderA > HP-2 Steam ConsumersA > HP-2 Backpressure Steam TurbineC,HP Backpressure Steam Turbine,Inlet Steam Temperature,degC,UN.UO.70TI0007.PV,,,,,,4,Steam Network 1 > HP-2 Steam HeaderA > HP-2 Steam ConsumersA,HP-2 Backpressure Steam TurbineC,turbine,True,False,False
32a09e9e-d584-ba9e-31d8-b184e7242400,29e414b0-aecf-bbb0-c23a-c900872baf00,Steam Network 1 > HP-2 Steam HeaderA > HP-2 Steam ConsumersA > HP-2 Backpressure Steam TurbineC,HP Backpressure Steam Turbine,Outlet Steam Flow,t/hr,UN.UO.71FI1604.PV,,,,,,4,Steam Network 1 > HP-2 Steam HeaderA > HP-2 Steam ConsumersA,HP-2 Backpressure Steam TurbineC,turbine,True,False,False
32a09e9e-d584-ba9e-31d8-b184e7242400,f68898c7-9bfa-f463-37c6-c0f56d726ca4,Steam Network 1 > HP-2 Steam HeaderA > HP-2 Steam ConsumersA > HP-2 Backpressure Steam TurbineC,HP Backpressure Steam Turbine,Outlet Steam Pressure,bar,UN.UO.70PI0024A.PV,,,,,,4,Steam Network 1 > HP-2 Steam HeaderA > HP-2 Steam ConsumersA,HP-2 Backpressure Steam TurbineC,turbine,True,False,False
32a09e9e-d584-ba9e-31d8-b184e7242400,cda61bb2-9172-ed9a-a4d4-73145cd4f628,Steam Network 1 > HP-2 Steam HeaderA > HP-2 Steam ConsumersA > HP-2 Backpressure Steam TurbineC,HP Backpressure Steam Turbine,Outlet Steam Temperature,degC,UN.UO.70TI0006.PV,,,,,,4,Steam Network 1 > HP-2 Steam HeaderA > HP-2 Steam ConsumersA,HP-2 Backpressure Steam TurbineC,turbine,True,False,False
32a09e9e-d584-ba9e-31d8-b184e7242400,f31a7695-9596-e151-61e6-7a25668c97c4,Steam Network 1 > HP-2 Steam HeaderA > HP-2 Steam ConsumersA > HP-2 Backpressure Steam TurbineC,HP Backpressure Steam Turbine,Turbine Speed,rpm,,,,,,,4,Steam Network 1 > HP-2 Steam HeaderA > HP-2 Steam ConsumersA,HP-2 Backpressure Steam TurbineC,turbine,False,False,False
32a09e9f-d584-baa5-69c1-c27be724243a,b4cfea22-fb79-7584-4148-43884fb69fa6,Steam Network 1 > HP-2 Steam HeaderA > HP-2 Steam ConsumersA > HP-2 Backpressure Steam TurbineD,HP Backpressure Steam Turbine,Bearing Temperature,degC,,,,,,,4,Steam Network 1 > HP-2 Steam HeaderA > HP-2 Steam ConsumersA,HP-2 Backpressure Steam TurbineD,turbine,False,False,False
32a09e9f-d584-baa5-69c1-c27be724243a,bdb4360c-a3dc-f22a-90f8-35f81e68c426,Steam Network 1 > HP-2 Steam HeaderA > HP-2 Steam ConsumersA > HP-2 Backpressure Steam TurbineD,HP Backpressure Steam Turbine,Gland Steam Flow,kg/hr,,,,,,,4,Steam Network 1 > HP-2 Steam HeaderA > HP-2 Steam ConsumersA,HP-2 Backpressure Steam TurbineD,turbine,False,False,False
32a09e9f-d584-baa5-69c1-c27be724243a,d2865cde-badf-a366-a00c-5a746859ffb8,Steam Network 1 > HP-2 Steam HeaderA > HP-2 Steam ConsumersA > HP-2 Backpressure Steam TurbineD,HP Backpressure Steam Turbine,Governor Valve Opening,percent,,,,,,,4,Steam Network 1 > HP-2 Steam HeaderA > HP-2 Steam ConsumersA,HP-2 Backpressure Steam TurbineD,turbine,False,False,False
32a09e9f-d584-baa5-69c1-c27be724243a,01958b88-dbde-c090-64b4-7c80da4b4b18,Steam Network 1 > HP-2 Steam HeaderA > HP-2 Steam ConsumersA > HP-2 Backpressure Steam TurbineD,HP Backpressure Steam Turbine,Inlet Steam Flow,t/hr,UN.UO.71FI1814.PV,,,,,,4,Steam Network 1 > HP-2 Steam HeaderA > HP-2 Steam ConsumersA,HP-2 Backpressure Steam TurbineD,turbine,True,False,False
32a09e9f-d584-baa5-69c1-c27be724243a,1872e39f-7a83-8b43-0805-e79d62f168dc,Steam Network 1 > HP-2 Steam HeaderA > HP-2 Steam ConsumersA > HP-2 Backpressure Steam TurbineD,HP Backpressure Steam Turbine,Inlet Steam Pressure,bar,UN.UO.70PI0012A.PV,,,,,,4,Steam Network 1 > HP-2 Steam HeaderA > HP-2 Steam ConsumersA,HP-2 Backpressure Steam TurbineD,turbine,True,False,False
32a09e9f-d584-baa5-69c1-c27be724243a,8d81c1da-c977-8cfa-6d10-86e444f64d20,Steam Network 1 > HP-2 Steam HeaderA > HP-2 Steam ConsumersA > HP-2 Backpressure Steam TurbineD,HP Backpressure Steam Turbine,Inlet Steam Temperature,degC,UN.UO.70TI0007.PV,,,,,,4,Steam Network 1 > HP-2 Steam HeaderA > HP-2 Steam ConsumersA,HP-2 Backpressure Steam TurbineD,turbine,True,False,False
32a09e9f-d584-baa5-69c1-c27be724243a,f78e7671-9e54-7b5f-ebda-3eef69da0d2e,Steam Network 1 > HP-2 Steam HeaderA > HP-2 Steam ConsumersA > HP-2 Backpressure Steam TurbineD,HP Backpressure Steam Turbine,Outlet Steam Flow,t/hr,UN.UO.71FI1814.PV,,,,,,4,Steam Network 1 > HP-2 Steam HeaderA > HP-2 Steam ConsumersA,HP-2 Backpressure Steam TurbineD,turbine,True,False,False
32a09e9f-d584-baa5-69c1-c27be724243a,40ba3208-e0e7-5022-ed95-2510a05d622a,Steam Network 1 > HP-2 Steam HeaderA > HP-2 Steam ConsumersA > HP-2 Backpressure Steam TurbineD,HP Backpressure Steam Turbine,Outlet Steam Pressure,bar,UN.UO.70PI0024A.PV,,,,,,4,Steam Network 1 > HP-2 Steam HeaderA > HP-2 Steam ConsumersA,HP-2 Backpressure Steam TurbineD,turbine,True,False,False
32a09e9f-d584-baa5-69c1-c27be724243a,cf7f6ed1-f418-1c7d-d8ef-f80d3b6772ac,Steam Network 1 > HP-2 Steam HeaderA > HP-2 Steam ConsumersA > HP-2 Backpressure Steam TurbineD,HP Backpressure Steam Turbine,Outlet Steam Temperature,degC,UN.UO.70TI0006.PV,,,,,,4,Steam Network 1 > HP-2 Steam HeaderA > HP-2 Steam ConsumersA,HP-2 Backpressure Steam TurbineD,turbine,True,False,False
32a09e9f-d584-baa5-69c1-c27be724243a,4cf5e0d6-1824-c3f0-1edd-caa054d12326,Steam Network 1 > HP-2 Steam HeaderA > HP-2 Steam ConsumersA > HP-2 Backpressure Steam TurbineD,HP Backpressure Steam Turbine,Turbine Speed,rpm,,,,,,,4,Steam Network 1 > HP-2 Steam HeaderA > HP-2 Steam ConsumersA,HP-2 Backpressure Steam TurbineD,turbine,False,False,False
32a09ea0-d584-baac-a1aa-d380e724240c,c168dfa3-d85e-845b-7971-8af119365bf8,Steam Network 1 > HP-2 Steam HeaderA > HP-2 Steam ConsumersA > HP-2 Backpressure Steam TurbineE,HP Backpressure Steam Turbine,Bearing Temperature,degC,,,,,,,4,Steam Network 1 > HP-2 Steam HeaderA > HP-2 Steam ConsumersA,HP-2 Backpressure Steam TurbineE,turbine,False,False,False
32a09ea0-d584-baac-a1aa-d380e724240c,8246182b-87bd-f06d-b33f-9a4f05fbe846,Steam Network 1 > HP-2 Steam HeaderA > HP-2 Steam ConsumersA > HP-2 Backpressure Steam TurbineE,HP Backpressure Steam Turbine,Gland Steam Flow,kg/hr,,,,,,,4,Steam Network 1 > HP-2 Steam HeaderA > HP-2 Steam ConsumersA,HP-2 Backpressure Steam TurbineE,turbine,False,False,False
32a09ea0-d584-baac-a1aa-d380e724240c,ce87ebbd-b108-e601-f73b-b9bd7f8f0dbc,Steam Network 1 > HP-2 Steam HeaderA > HP-2 Steam ConsumersA > HP-2 Backpressure Steam TurbineE,HP Backpressure Steam Turbine,Governor Valve Opening,percent,,,,,,,4,Steam Network 1 > HP-2 Steam HeaderA > HP-2 Steam ConsumersA,HP-2 Backpressure Steam TurbineE,turbine,False,False,False
32a09ea0-d584-baac-a1aa-d380e724240c,c6276da7-bfbf-bed3-fe7a-52a57998d374,Steam Network 1 > HP-2 Steam HeaderA > HP-2 Steam ConsumersA > HP-2 Backpressure Steam TurbineE,HP Backpressure Steam Turbine,Inlet Steam Flow,t/hr,UN.UO.71FI1815.PV,,,,,,4,Steam Network 1 > HP-2 Steam HeaderA > HP-2 Steam ConsumersA,HP-2 Backpressure Steam TurbineE,turbine,True,False,False
32a09ea0-d584-baac-a1aa-d380e724240c,9ef89e3e-679e-b056-f093-c8d4f9662e68,Steam Network 1 > HP-2 Steam HeaderA > HP-2 Steam ConsumersA > HP-2 Backpressure Steam TurbineE,HP Backpressure Steam Turbine,Inlet Steam Pressure,bar,UN.UO.70PI0012A.PV,,,,,,4,Steam Network 1 > HP-2 Steam HeaderA > HP-2 Steam ConsumersA,HP-2 Backpressure Steam TurbineE,turbine,True,False,False
32a09ea0-d584-baac-a1aa-d380e724240c,11b20edb-5d6e-2d61-f22e-1ffb4cdc23ba,Steam Network 1 > HP-2 Steam HeaderA > HP-2 Steam ConsumersA > HP-2 Backpressure Steam TurbineE,HP Backpressure Steam Turbine,Inlet Steam Temperature,degC,UN.UO.70TI0007.PV,,,,,,4,Steam Network 1 > HP-2 Steam HeaderA > HP-2 Steam ConsumersA,HP-2 Backpressure Steam TurbineE,turbine,True,False,False
32a09ea0-d584-baac-a1aa-d380e724240c,c538d832-8dd9-3b0e-af51-58bc48e1e33c,Steam Network 1 > HP-2 Steam HeaderA > HP-2 Steam ConsumersA > HP-2 Backpressure Steam TurbineE,HP Backpressure Steam Turbine,Outlet Steam Flow,t/hr,UN.UO.71FI1815.PV,,,,,,4,Steam Network 1 > HP-2 Steam HeaderA > HP-2 Steam ConsumersA,HP-2 Backpressure Steam TurbineE,turbine,True,False,False
32a09ea0-d584-baac-a1aa-d380e724240c,8aebcb49-25d3-abe1-b432-6e29af3860a8,Steam Network 1 > HP-2 Steam HeaderA > HP-2 Steam ConsumersA > HP-2 Backpressure Steam TurbineE,HP Backpressure Steam Turbine,Outlet Steam Pressure,bar,UN.UO.70PI0024A.PV,,,,,,4,Steam Network 1 > HP-2 Steam HeaderA > HP-2 Steam ConsumersA,HP-2 Backpressure Steam TurbineE,turbine,True,False,False
32a09ea0-d584-baac-a1aa-d380e724240c,d158c1f0-56bd-4b60-504a-0a0087e58a90,Steam Network 1 > HP-2 Steam HeaderA > HP-2 Steam ConsumersA > HP-2 Backpressure Steam TurbineE,HP Backpressure Steam Turbine,Outlet Steam Temperature,degC,UN.UO.70TI0006.PV,,,,,,4,Steam Network 1 > HP-2 Steam HeaderA > HP-2 Steam ConsumersA,HP-2 Backpressure Steam TurbineE,turbine,True,False,False
32a09ea0-d584-baac-a1aa-d380e724240c,a6d14b17-9ab2-a68f-f197-dbd93c63ed98,Steam Network 1 > HP-2 Steam HeaderA > HP-2 Steam ConsumersA > HP-2 Backpressure Steam TurbineE,HP Backpressure Steam Turbine,Turbine Speed,rpm,,,,,,,4,Steam Network 1 > HP-2 Steam HeaderA > HP-2 Steam ConsumersA,HP-2 Backpressure Steam TurbineE,turbine,False,False,False
32a09ea1-d584-bab3-d993-e493e7242412,ce01d524-b543-9332-862b-4d087b424616,Steam Network 1 > HP-2 Steam HeaderA > HP-2 Steam ConsumersA > HP-2 Backpressure Steam TurbineF,HP Backpressure Steam Turbine,Bearing Temperature,degC,,,,,,,4,Steam Network 1 > HP-2 Steam HeaderA > HP-2 Steam ConsumersA,HP-2 Backpressure Steam TurbineF,turbine,False,False,False
32a09ea1-d584-bab3-d993-e493e7242412,46d7fa4a-6b9e-eeb0-e6d8-dee02d4914fa,Steam Network 1 > HP-2 Steam HeaderA > HP-2 Steam ConsumersA > HP-2 Backpressure Steam TurbineF,HP Backpressure Steam Turbine,Gland Steam Flow,kg/hr,,,,,,,4,Steam Network 1 > HP-2 Steam HeaderA > HP-2 Steam ConsumersA,HP-2 Backpressure Steam TurbineF,turbine,False,False,False
32a09ea1-d584-bab3-d993-e493e7242412,ca897a9c-a732-289c-9d67-17106dbb5200,Steam Network 1 > HP-2 Steam HeaderA > HP-2 Steam ConsumersA > HP-2 Backpressure Steam TurbineF,HP Backpressure Steam Turbine,Governor Valve Opening,percent,,,,,,,4,Steam Network 1 > HP-2 Steam HeaderA > HP-2 Steam ConsumersA,HP-2 Backpressure Steam TurbineF,turbine,False,False,False
32a09ea1-d584-bab3-d993-e493e7242412,8ab94fc6-a3a0-bd16-a992-09042919f2d0,Steam Network 1 > HP-2 Steam HeaderA > HP-2 Steam ConsumersA > HP-2 Backpressure Steam TurbineF,HP Backpressure Steam Turbine,Inlet Steam Flow,t/hr,UN.UO.72FI2007.PV,,,,,,4,Steam Network 1 > HP-2 Steam HeaderA > HP-2 Steam ConsumersA,HP-2 Backpressure Steam TurbineF,turbine,True,False,False
32a09ea1-d584-bab3-d993-e493e7242412,257e58dd-54b9-d569-3c77-53a571c78db4,Steam Network 1 > HP-2 Steam HeaderA > HP-2 Steam ConsumersA > HP-2 Backpressure Steam TurbineF,HP Backpressure Steam Turbine,Inlet Steam Pressure,bar,UN.UO.70PI0012A.PV,,,,,,4,Steam Network 1 > HP-2 Steam HeaderA > HP-2 Steam ConsumersA,HP-2 Backpressure Steam TurbineF,turbine,True,False,False
32a09ea1-d584-bab3-d993-e493e7242412,95e25bdc-f164-cdc8-5a56-efe064869614,Steam Network 1 > HP-2 Steam HeaderA > HP-2 Steam ConsumersA > HP-2 Backpressure Steam TurbineF,HP Backpressure Steam Turbine,Inlet Steam Temperature,degC,UN.UO.70TI0007.PV,,,,,,4,Steam Network 1 > HP-2 Steam HeaderA > HP-2 Steam ConsumersA,HP-2 Backpressure Steam TurbineF,turbine,True,False,False
32a09ea1-d584-bab3-d993-e493e7242412,92e339f3-7d5d-fabd-0ca0-1667efbec34e,Steam Network 1 > HP-2 Steam HeaderA > HP-2 Steam ConsumersA > HP-2 Backpressure Steam TurbineF,HP Backpressure Steam Turbine,Outlet Steam Flow,t/hr,UN.UO.72FI2007.PV,,,,,,4,Steam Network 1 > HP-2 Steam HeaderA > HP-2 Steam ConsumersA,HP-2 Backpressure Steam TurbineF,turbine,True,False,False
32a09ea1-d584-bab3-d993-e493e7242412,d51d648a-6ac0-07a0-8b9e-9c40bfdd632a,Steam Network 1 > HP-2 Steam HeaderA > HP-2 Steam ConsumersA > HP-2 Backpressure Steam TurbineF,HP Backpressure Steam Turbine,Outlet Steam Pressure,bar,UN.UO.70PI0024A.PV,,,,,,4,Steam Network 1 > HP-2 Steam HeaderA > HP-2 Steam ConsumersA,HP-2 Backpressure Steam TurbineF,turbine,True,False,False
32a09ea1-d584-bab3-d993-e493e7242412,d332150f-b962-7a43-0ae2-a8ed6a506f4c,Steam Network 1 > HP-2 Steam HeaderA > HP-2 Steam ConsumersA > HP-2 Backpressure Steam TurbineF,HP Backpressure Steam Turbine,Outlet Steam Temperature,degC,UN.UO.70TI0006.PV,,,,,,4,Steam Network 1 > HP-2 Steam HeaderA > HP-2 Steam ConsumersA,HP-2 Backpressure Steam TurbineF,turbine,True,False,False
32a09ea1-d584-bab3-d993-e493e7242412,00acb558-1d40-892e-da14-add01dec3c76,Steam Network 1 > HP-2 Steam HeaderA > HP-2 Steam ConsumersA > HP-2 Backpressure Steam TurbineF,HP Backpressure Steam Turbine,Turbine Speed,rpm,,,,,,,4,Steam Network 1 > HP-2 Steam HeaderA > HP-2 Steam ConsumersA,HP-2 Backpressure Steam TurbineF,turbine,False,False,False
32a09ea2-d584-baba-117c-f5b4e7242418,da9acaa5-9228-a209-6775-89cd48b268ac,Steam Network 1 > HP-2 Steam HeaderA > HP-2 Steam ConsumersA > HP-2 Backpressure Steam TurbineG,HP Backpressure Steam Turbine,Bearing Temperature,degC,,,,,,,4,Steam Network 1 > HP-2 Steam HeaderA > HP-2 Steam ConsumersA,HP-2 Backpressure Steam TurbineG,turbine,False,False,False
32a09ea2-d584-baba-117c-f5b4e7242418,0b69dc69-4f7f-ecf3-2bc4-03ab4416309a,Steam Network 1 > HP-2 Steam HeaderA > HP-2 Steam ConsumersA > HP-2 Backpressure Steam TurbineG,HP Backpressure Steam Turbine,Gland Steam Flow,kg/hr,,,,,,,4,Steam Network 1 > HP-2 Steam HeaderA > HP-2 Steam ConsumersA,HP-2 Backpressure Steam TurbineG,turbine,False,False,False
32a09ea2-d584-baba-117c-f5b4e7242418,c68b097b-9d5b-6b37-928e-726d5bd0624c,Steam Network 1 > HP-2 Steam HeaderA > HP-2 Steam ConsumersA > HP-2 Backpressure Steam TurbineG,HP Backpressure Steam Turbine,Governor Valve Opening,percent,,,,,,,4,Steam Network 1 > HP-2 Steam HeaderA > HP-2 Steam ConsumersA,HP-2 Backpressure Steam TurbineG,turbine,False,False,False
32a09ea2-d584-baba-117c-f5b4e7242418,4f4b31e5-8781-bb59-65fb-9f9dc8ca8abc,Steam Network 1 > HP-2 Steam HeaderA > HP-2 Steam ConsumersA > HP-2 Backpressure Steam TurbineG,HP Backpressure Steam Turbine,Inlet Steam Flow,t/hr,UN.UO.72FI2008.PV,,,,,,4,Steam Network 1 > HP-2 Steam HeaderA > HP-2 Steam ConsumersA,HP-2 Backpressure Steam TurbineG,turbine,True,False,False
32a09ea2-d584-baba-117c-f5b4e7242418,ac04137c-41d4-fa7c-ebb0-8810edd0e900,Steam Network 1 > HP-2 Steam HeaderA > HP-2 Steam ConsumersA > HP-2 Backpressure Steam TurbineG,HP Backpressure Steam Turbine,Inlet Steam Pressure,bar,UN.UO.70PI0012A.PV,,,,,,4,Steam Network 1 > HP-2 Steam HeaderA > HP-2 Steam ConsumersA,HP-2 Backpressure Steam TurbineG,turbine,True,False,False
32a09ea2-d584-baba-117c-f5b4e7242418,1a12a8dd-855b-6e2f-a58a-f6939f49c6f2,Steam Network 1 > HP-2 Steam HeaderA > HP-2 Steam ConsumersA > HP-2 Backpressure Steam TurbineG,HP Backpressure Steam Turbine,Inlet Steam Temperature,degC,UN.UO.70TI0007.PV,,,,,,4,Steam Network 1 > HP-2 Steam HeaderA > HP-2 Steam ConsumersA,HP-2 Backpressure Steam TurbineG,turbine,True,False,False
32a09ea2-d584-baba-117c-f5b4e7242418,608d9bb4-6ce2-ba6c-03c6-77f00c6f21d8,Steam Network 1 > HP-2 Steam HeaderA > HP-2 Steam ConsumersA > HP-2 Backpressure Steam TurbineG,HP Backpressure Steam Turbine,Outlet Steam Flow,t/hr,UN.UO.72FI2008.PV,,,,,,4,Steam Network 1 > HP-2 Steam HeaderA > HP-2 Steam ConsumersA,HP-2 Backpressure Steam TurbineG,turbine,True,False,False
32a09ea2-d584-baba-117c-f5b4e7242418,1f4efdcb-afac-635f-73d9-af55b0e29e94,Steam Network 1 > HP-2 Steam HeaderA > HP-2 Steam ConsumersA > HP-2 Backpressure Steam TurbineG,HP Backpressure Steam Turbine,Outlet Steam Pressure,bar,UN.UO.70PI0024A.PV,,,,,,4,Steam Network 1 > HP-2 Steam HeaderA > HP-2 Steam ConsumersA,HP-2 Backpressure Steam TurbineG,turbine,True,False,False
32a09ea2-d584-baba-117c-f5b4e7242418,d50b682e-1c07-a926-08b9-d4d4c90cc108,Steam Network 1 > HP-2 Steam HeaderA > HP-2 Steam ConsumersA > HP-2 Backpressure Steam TurbineG,HP Backpressure Steam Turbine,Outlet Steam Temperature,degC,UN.UO.70TI0006.PV,,,,,,4,Steam Network 1 > HP-2 Steam HeaderA > HP-2 Steam ConsumersA,HP-2 Backpressure Steam TurbineG,turbine,True,False,False
32a09ea2-d584-baba-117c-f5b4e7242418,5a881f99-9fce-6bcd-d854-4085c5467454,Steam Network 1 > HP-2 Steam HeaderA > HP-2 Steam ConsumersA > HP-2 Backpressure Steam TurbineG,HP Backpressure Steam Turbine,Turbine Speed,rpm,,,,,,,4,Steam Network 1 > HP-2 Steam HeaderA > HP-2 Steam ConsumersA,HP-2 Backpressure Steam TurbineG,turbine,False,False,False
32a09ea3-d584-bac1-4966-06e3e7242462,e733c026-6f0d-b0e0-1d50-4140883e70c6,Steam Network 1 > HP-2 Steam HeaderA > HP-2 Steam ConsumersA > HP-2 Backpressure Steam TurbineH,HP Backpressure Steam Turbine,Bearing Temperature,degC,,,,,,,4,Steam Network 1 > HP-2 Steam HeaderA > HP-2 Steam ConsumersA,HP-2 Backpressure Steam TurbineH,turbine,False,False,False
32a09ea3-d584-bac1-4966-06e3e7242462,cffbbe88-3360-eb36-8201-08b0fc9b55be,Steam Network 1 > HP-2 Steam HeaderA > HP-2 Steam ConsumersA > HP-2 Backpressure Steam TurbineH,HP Backpressure Steam Turbine,Gland Steam Flow,kg/hr,,,,,,,4,Steam Network 1 > HP-2 Steam HeaderA > HP-2 Steam ConsumersA,HP-2 Backpressure Steam TurbineH,turbine,False,False,False
32a09ea3-d584-bac1-4966-06e3e7242462,c28c985a-9384-add2-d6b1-cbd451083588,Steam Network 1 > HP-2 Steam HeaderA > HP-2 Steam ConsumersA > HP-2 Backpressure Steam TurbineH,HP Backpressure Steam Turbine,Governor Valve Opening,percent,,,,,,,4,Steam Network 1 > HP-2 Steam HeaderA > HP-2 Steam ConsumersA,HP-2 Backpressure Steam TurbineH,turbine,False,False,False
32a09ea3-d584-bac1-4966-06e3e7242462,13dd1404-6b62-b99c-33b7-167078bfad98,Steam Network 1 > HP-2 Steam HeaderA > HP-2 Steam ConsumersA > HP-2 Backpressure Steam TurbineH,HP Backpressure Steam Turbine,Inlet Steam Flow,t/hr,UN.UO.71FI1108.PV,,,,,,4,Steam Network 1 > HP-2 Steam HeaderA > HP-2 Steam ConsumersA,HP-2 Backpressure Steam TurbineH,turbine,True,False,False
32a09ea3-d584-bac1-4966-06e3e7242462,3289ce1b-2ef0-1f8f-fe3f-66151c79d194,Steam Network 1 > HP-2 Steam HeaderA > HP-2 Steam ConsumersA > HP-2 Backpressure Steam TurbineH,HP Backpressure Steam Turbine,Inlet Steam Pressure,bar,UN.UO.70PI0012A.PV,,,,,,4,Steam Network 1 > HP-2 Steam HeaderA > HP-2 Steam ConsumersA,HP-2 Backpressure Steam TurbineH,turbine,True,False,False
32a09ea3-d584-bac1-4966-06e3e7242462,9e42f5de-1952-0e96-d3ca-34148710fb48,Steam Network 1 > HP-2 Steam HeaderA > HP-2 Steam ConsumersA > HP-2 Backpressure Steam TurbineH,HP Backpressure Steam Turbine,Inlet Steam Temperature,degC,UN.UO.70TI0007.PV,,,,,,4,Steam Network 1 > HP-2 Steam HeaderA > HP-2 Steam ConsumersA,HP-2 Backpressure Steam TurbineH,turbine,True,False,False
32a09ea3-d584-bac1-4966-06e3e7242462,2e37fd75-5c67-7a1b-94c4-7d577250876e,Steam Network 1 > HP-2 Steam HeaderA > HP-2 Steam ConsumersA > HP-2 Backpressure Steam TurbineH,HP Backpressure Steam Turbine,Outlet Steam Flow,t/hr,UN.UO.71FI1108.PV,,,,,,4,Steam Network 1 > HP-2 Steam HeaderA > HP-2 Steam ConsumersA,HP-2 Backpressure Steam TurbineH,turbine,True,False,False
32a09ea3-d584-bac1-4966-06e3e7242462,6980970c-f498-bf1e-6ce3-a7689d182812,Steam Network 1 > HP-2 Steam HeaderA > HP-2 Steam ConsumersA > HP-2 Backpressure Steam TurbineH,HP Backpressure Steam Turbine,Outlet Steam Pressure,bar,UN.UO.70PI0024A.PV,,,,,,4,Steam Network 1 > HP-2 Steam HeaderA > HP-2 Steam ConsumersA,HP-2 Backpressure Steam TurbineH,turbine,True,False,False
32a09ea3-d584-bac1-4966-06e3e7242462,d6e4bb4d-7eac-d809-49cf-8db5a8486344,Steam Network 1 > HP-2 Steam HeaderA > HP-2 Steam ConsumersA > HP-2 Backpressure Steam TurbineH,HP Backpressure Steam Turbine,Outlet Steam Temperature,degC,UN.UO.70TI0006.PV,,,,,,4,Steam Network 1 > HP-2 Steam HeaderA > HP-2 Steam ConsumersA,HP-2 Backpressure Steam TurbineH,turbine,True,False,False
32a09ea3-d584-bac1-4966-06e3e7242462,b46389da-225c-4e6c-ec56-93f8963fc7b6,Steam Network 1 > HP-2 Steam HeaderA > HP-2 Steam ConsumersA > HP-2 Backpressure Steam TurbineH,HP Backpressure Steam Turbine,Turbine Speed,rpm,,,,,,,4,Steam Network 1 > HP-2 Steam HeaderA > HP-2 Steam ConsumersA,HP-2 Backpressure Steam TurbineH,turbine,False,False,False
32a09ea4-d584-bac8-814f-1820e724246c,f3ccb5a7-4bf2-bfb7-a7bb-7361b83e0a10,Steam Network 1 > HP-2 Steam HeaderA > HP-2 Steam ConsumersA > HP-2 Backpressure Steam TurbineI,HP Backpressure Steam Turbine,Bearing Temperature,degC,,,,,,,4,Steam Network 1 > HP-2 Steam HeaderA > HP-2 Steam ConsumersA,HP-2 Backpressure Steam TurbineI,turbine,False,False,False
32a09ea4-d584-bac8-814f-1820e724246c,948da0a7-1741-e979-e98f-edef83cc49de,Steam Network 1 > HP-2 Steam HeaderA > HP-2 Steam ConsumersA > HP-2 Backpressure Steam TurbineI,HP Backpressure Steam Turbine,Gland Steam Flow,kg/hr,,,,,,,4,Steam Network 1 > HP-2 Steam HeaderA > HP-2 Steam ConsumersA,HP-2 Backpressure Steam TurbineI,turbine,False,False,False
32a09ea4-d584-bac8-814f-1820e724246c,be8e2739-89ad-f06d-69d1-23453723d754,Steam Network 1 > HP-2 Steam HeaderA > HP-2 Steam ConsumersA > HP-2 Backpressure Steam TurbineI,HP Backpressure Steam Turbine,Governor Valve Opening,percent,,,,,,,4,Steam Network 1 > HP-2 Steam HeaderA > HP-2 Steam ConsumersA,HP-2 Backpressure Steam TurbineI,turbine,False,False,False
32a09ea4-d584-bac8-814f-1820e724246c,d86ef623-4f43-b7df-12c4-6d7d972d41fc,Steam Network 1 > HP-2 Steam HeaderA > HP-2 Steam ConsumersA > HP-2 Backpressure Steam TurbineI,HP Backpressure Steam Turbine,Inlet Steam Flow,t/hr,UN.UO.71FI1208.PV,,,,,,4,Steam Network 1 > HP-2 Steam HeaderA > HP-2 Steam ConsumersA,HP-2 Backpressure Steam TurbineI,turbine,True,False,False
32a09ea4-d584-bac8-814f-1820e724246c,b90f88ba-1c0b-44a2-7423-edb4a504cc18,Steam Network 1 > HP-2 Steam HeaderA > HP-2 Steam ConsumersA > HP-2 Backpressure Steam TurbineI,HP Backpressure Steam Turbine,Inlet Steam Pressure,bar,UN.UO.70PI0012A.PV,,,,,,4,Steam Network 1 > HP-2 Steam HeaderA > HP-2 Steam ConsumersA,HP-2 Backpressure Steam TurbineI,turbine,True,False,False
32a09ea4-d584-bac8-814f-1820e724246c,227342df-ad48-aefd-e514-a8638f3bec22,Steam Network 1 > HP-2 Steam HeaderA > HP-2 Steam ConsumersA > HP-2 Backpressure Steam TurbineI,HP Backpressure Steam Turbine,Inlet Steam Temperature,degC,UN.UO.70TI0007.PV,,,,,,4,Steam Network 1 > HP-2 Steam HeaderA > HP-2 Steam ConsumersA,HP-2 Backpressure Steam TurbineI,turbine,True,False,False
32a09ea4-d584-bac8-814f-1820e724246c,fbe25f36-4bec-39ca-bf9a-269cb00e66fc,Steam Network 1 > HP-2 Steam HeaderA > HP-2 Steam ConsumersA > HP-2 Backpressure Steam TurbineI,HP Backpressure Steam Turbine,Outlet Steam Flow,t/hr,UN.UO.71FI1208.PV,,,,,,4,Steam Network 1 > HP-2 Steam HeaderA > HP-2 Steam ConsumersA,HP-2 Backpressure Steam TurbineI,turbine,True,False,False
32a09ea4-d584-bac8-814f-1820e724246c,b3b2304d-3985-1add-76bc-84798a372a90,Steam Network 1 > HP-2 Steam HeaderA > HP-2 Steam ConsumersA > HP-2 Backpressure Steam TurbineI,HP Backpressure Steam Turbine,Outlet Steam Pressure,bar,UN.UO.70PI0024A.PV,,,,,,4,Steam Network 1 > HP-2 Steam HeaderA > HP-2 Steam ConsumersA,HP-2 Backpressure Steam TurbineI,turbine,True,False,False
32a09ea4-d584-bac8-814f-1820e724246c,d8be0e6c-e152-06ec-ce23-d39039ec0880,Steam Network 1 > HP-2 Steam HeaderA > HP-2 Steam ConsumersA > HP-2 Backpressure Steam TurbineI,HP Backpressure Steam Turbine,Outlet Steam Temperature,degC,UN.UO.70TI0006.PV,,,,,,4,Steam Network 1 > HP-2 Steam HeaderA > HP-2 Steam ConsumersA,HP-2 Backpressure Steam TurbineI,turbine,True,False,False
32a09ea4-d584-bac8-814f-1820e724246c,0e3ef41b-a4ea-310b-161b-a829aad4c510,Steam Network 1 > HP-2 Steam HeaderA > HP-2 Steam ConsumersA > HP-2 Backpressure Steam TurbineI,HP Backpressure Steam Turbine,Turbine Speed,rpm,,,,,,,4,Steam Network 1 > HP-2 Steam HeaderA > HP-2 Steam ConsumersA,HP-2 Backpressure Steam TurbineI,turbine,False,False,False
32a09ea5-d584-bacf-b938-296be724246a,0065ab28-28d7-ce8e-06b7-203028b265a6,Steam Network 1 > HP-2 Steam HeaderA > HP-2 Steam ConsumersA > HP-2 Backpressure Steam TurbineJ,HP Backpressure Steam Turbine,Bearing Temperature,degC,,,,,,,4,Steam Network 1 > HP-2 Steam HeaderA > HP-2 Steam ConsumersA,HP-2 Backpressure Steam TurbineJ,turbine,False,False,False
32a09ea5-d584-bacf-b938-296be724246a,591f82c6-fb22-e7bc-6270-b368a23d657a,Steam Network 1 > HP-2 Steam HeaderA > HP-2 Steam ConsumersA > HP-2 Backpressure Steam TurbineJ,HP Backpressure Steam Turbine,Gland Steam Flow,kg/hr,,,,,,,4,Steam Network 1 > HP-2 Steam HeaderA > HP-2 Steam ConsumersA,HP-2 Backpressure Steam TurbineJ,turbine,False,False,False
32a09ea5-d584-bacf-b938-296be724246a,ba8fb618-7fd7-3308-4bec-78c0c5588510,Steam Network 1 > HP-2 Steam HeaderA > HP-2 Steam ConsumersA > HP-2 Backpressure Steam TurbineJ,HP Backpressure Steam Turbine,Governor Valve Opening,percent,,,,,,,4,Steam Network 1 > HP-2 Steam HeaderA > HP-2 Steam ConsumersA,HP-2 Backpressure Steam TurbineJ,turbine,False,False,False
32a09ea5-d584-bacf-b938-296be724246a,9d00d842-3324-b622-0323-a4c4ae246e60,Steam Network 1 > HP-2 Steam HeaderA > HP-2 Steam ConsumersA > HP-2 Backpressure Steam TurbineJ,HP Backpressure Steam Turbine,Inlet Steam Flow,t/hr,UN.UO.71FI1308.PV,,,,,,4,Steam Network 1 > HP-2 Steam HeaderA > HP-2 Steam ConsumersA,HP-2 Backpressure Steam TurbineJ,turbine,True,False,False
32a09ea5-d584-bacf-b938-296be724246a,3f954359-0926-69b5-4d5e-1eed36b32aec,Steam Network 1 > HP-2 Steam HeaderA > HP-2 Steam ConsumersA > HP-2 Backpressure Steam TurbineJ,HP Backpressure Steam Turbine,Inlet Steam Pressure,bar,UN.UO.70PI0012A.PV,,,,,,4,Steam Network 1 > HP-2 Steam HeaderA > HP-2 Steam ConsumersA,HP-2 Backpressure Steam TurbineJ,turbine,True,False,False
32a09ea5-d584-bacf-b938-296be724246a,a6a38fe0-413f-4f64-d96a-5380e79cc084,Steam Network 1 > HP-2 Steam HeaderA > HP-2 Steam ConsumersA > HP-2 Backpressure Steam TurbineJ,HP Backpressure Steam Turbine,Inlet Steam Temperature,degC,UN.UO.70TI0007.PV,,,,,,4,Steam Network 1 > HP-2 Steam HeaderA > HP-2 Steam ConsumersA,HP-2 Backpressure Steam TurbineJ,turbine,True,False,False
32a09ea5-d584-bacf-b938-296be724246a,c98cc0f7-3b70-f979-8447-73bff2fc398e,Steam Network 1 > HP-2 Steam HeaderA > HP-2 Steam ConsumersA > HP-2 Backpressure Steam TurbineJ,HP Backpressure Steam Turbine,Outlet Steam Flow,t/hr,UN.UO.71FI1308.PV,,,,,,4,Steam Network 1 > HP-2 Steam HeaderA > HP-2 Steam ConsumersA,HP-2 Backpressure Steam TurbineJ,turbine,True,False,False
32a09ea5-d584-bacf-b938-296be724246a,fde3c98e-7e71-769c-9164-46888392bf12,Steam Network 1 > HP-2 Steam HeaderA > HP-2 Steam ConsumersA > HP-2 Backpressure Steam TurbineJ,HP Backpressure Steam Turbine,Outlet Steam Pressure,bar,UN.UO.70PI0024A.PV,,,,,,4,Steam Network 1 > HP-2 Steam HeaderA > HP-2 Steam ConsumersA,HP-2 Backpressure Steam TurbineJ,turbine,True,False,False
32a09ea5-d584-bacf-b938-296be724246a,da97618b-43f7-35cf-95b6-a66599605444,Steam Network 1 > HP-2 Steam HeaderA > HP-2 Steam ConsumersA > HP-2 Backpressure Steam TurbineJ,HP Backpressure Steam Turbine,Outlet Steam Temperature,degC,UN.UO.70TI0006.PV,,,,,,4,Steam Network 1 > HP-2 Steam HeaderA > HP-2 Steam ConsumersA,HP-2 Backpressure Steam TurbineJ,turbine,True,False,False
32a09ea5-d584-bacf-b938-296be724246a,681a5e5c-2778-13aa-55a3-7d184f624df6,Steam Network 1 > HP-2 Steam HeaderA > HP-2 Steam ConsumersA > HP-2 Backpressure Steam TurbineJ,HP Backpressure Steam Turbine,Turbine Speed,rpm,,,,,,,4,Steam Network 1 > HP-2 Steam HeaderA > HP-2 Steam ConsumersA,HP-2 Backpressure Steam TurbineJ,turbine,False,False,False
32a09ea6-d584-bad6-f121-3ac4e7242470,0cfea0a9-05bc-dd65-3a43-47ad09427dcc,Steam Network 1 > HP-2 Steam HeaderA > HP-2 Steam ConsumersA > HP-2 Backpressure Steam TurbineK,HP Backpressure Steam Turbine,Bearing Temperature,degC,,,,,,,4,Steam Network 1 > HP-2 Steam HeaderA > HP-2 Steam ConsumersA,HP-2 Backpressure Steam TurbineK,turbine,False,False,False
32a09ea6-d584-bad6-f121-3ac4e7242470,1db164e5-df03-e5ff-eca3-591bc2b2811a,Steam Network 1 > HP-2 Steam HeaderA > HP-2 Steam ConsumersA > HP-2 Backpressure Steam TurbineK,HP Backpressure Steam Turbine,Gland Steam Flow,kg/hr,,,,,,,4,Steam Network 1 > HP-2 Steam HeaderA > HP-2 Steam ConsumersA,HP-2 Backpressure Steam TurbineK,turbine,False,False,False
32a09ea6-d584-bad6-f121-3ac4e7242470,b69144f7-7600-75a3-7d03-cc45c0913154,Steam Network 1 > HP-2 Steam HeaderA > HP-2 Steam ConsumersA > HP-2 Backpressure Steam TurbineK,HP Backpressure Steam Turbine,Governor Valve Opening,percent,,,,,,,4,Steam Network 1 > HP-2 Steam HeaderA > HP-2 Steam ConsumersA,HP-2 Backpressure Steam TurbineK,turbine,False,False,False
32a09ea6-d584-bad6-f121-3ac4e7242470,6192ba61-1705-b465-04d4-bc4576970e04,Steam Network 1 > HP-2 Steam HeaderA > HP-2 Steam ConsumersA > HP-2 Backpressure Steam TurbineK,HP Backpressure Steam Turbine,Inlet Steam Flow,t/hr,UN.UO.71FI1408.PV,,,,,,4,Steam Network 1 > HP-2 Steam HeaderA > HP-2 Steam ConsumersA,HP-2 Backpressure Steam TurbineK,turbine,True,False,False
32a09ea6-d584-bad6-f121-3ac4e7242470,c61afdf8-f641-8ec8-89ed-f9c0305b7330,Steam Network 1 > HP-2 Steam HeaderA > HP-2 Steam ConsumersA > HP-2 Backpressure Steam TurbineK,HP Backpressure Steam Turbine,Inlet Steam Pressure,bar,UN.UO.70PI0012A.PV,,,,,,4,Steam Network 1 > HP-2 Steam HeaderA > HP-2 Steam ConsumersA,HP-2 Backpressure Steam TurbineK,turbine,True,False,False
32a09ea6-d584-bad6-f121-3ac4e7242470,2ad3dce1-d535-efcb-b0cb-356bffe6332a,Steam Network 1 > HP-2 Steam HeaderA > HP-2 Steam ConsumersA > HP-2 Backpressure Steam TurbineK,HP Backpressure Steam Turbine,Inlet Steam Temperature,degC,UN.UO.70TI0007.PV,,,,,,4,Steam Network 1 > HP-2 Steam HeaderA > HP-2 Steam ConsumersA,HP-2 Backpressure Steam TurbineK,turbine,True,False,False
32a09ea6-d584-bad6-f121-3ac4e7242470,973722b8-2af5-b928-e2cc-64c0bdc29b90,Steam Network 1 > HP-2 Steam HeaderA > HP-2 Steam ConsumersA > HP-2 Backpressure Steam TurbineK,HP Backpressure Steam Turbine,Outlet Steam Flow,t/hr,UN.UO.71FI1408.PV,,,,,,4,Steam Network 1 > HP-2 Steam HeaderA > HP-2 Steam ConsumersA,HP-2 Backpressure Steam TurbineK,turbine,True,False,False
32a09ea6-d584-bad6-f121-3ac4e7242470,481562cf-c35d-d25b-bcda-ed958b48b094,Steam Network 1 > HP-2 Steam HeaderA > HP-2 Steam ConsumersA > HP-2 Backpressure Steam TurbineK,HP Backpressure Steam Turbine,Outlet Steam Pressure,bar,UN.UO.70PI0024A.PV,,,,,,4,Steam Network 1 > HP-2 Steam HeaderA > HP-2 Steam ConsumersA,HP-2 Backpressure Steam TurbineK,turbine,True,False,False
32a09ea6-d584-bad6-f121-3ac4e7242470,dc70b4aa-a69c-64b2-a088-06347aecd018,Steam Network 1 > HP-2 Steam HeaderA > HP-2 Steam ConsumersA > HP-2 Backpressure Steam TurbineK,HP Backpressure Steam Turbine,Outlet Steam Temperature,degC,UN.UO.70TI0006.PV,,,,,,4,Steam Network 1 > HP-2 Steam HeaderA > HP-2 Steam ConsumersA,HP-2 Backpressure Steam TurbineK,turbine,True,False,False
32a09ea6-d584-bad6-f121-3ac4e7242470,c1f5c89d-aa05-f649-aaee-12c56bf03ed4,Steam Network 1 > HP-2 Steam HeaderA > HP-2 Steam ConsumersA > HP-2 Backpressure Steam TurbineK,HP Backpressure Steam Turbine,Turbine Speed,rpm,,,,,,,4,Steam Network 1 > HP-2 Steam HeaderA > HP-2 Steam ConsumersA,HP-2 Backpressure Steam TurbineK,turbine,False,False,False
32a09ea7-d584-badd-290a-4c2be724247a,1997962a-e2a1-ec3c-425f-e9d8fb367a16,Steam Network 1 > HP-2 Steam HeaderA > HP-2 Steam ConsumersA > HP-2 Backpressure Steam TurbineL,HP Backpressure Steam Turbine,Bearing Temperature,degC,,,,,,,4,Steam Network 1 > HP-2 Steam HeaderA > HP-2 Steam ConsumersA,HP-2 Backpressure Steam TurbineL,turbine,False,False,False
32a09ea7-d584-badd-290a-4c2be724247a,e2434704-c2e4-e442-8827-df0820a7a346,Steam Network 1 > HP-2 Steam HeaderA > HP-2 Steam ConsumersA > HP-2 Backpressure Steam TurbineL,HP Backpressure Steam Turbine,Gland Steam Flow,kg/hr,,,,,,,4,Steam Network 1 > HP-2 Steam HeaderA > HP-2 Steam ConsumersA,HP-2 Backpressure Steam TurbineL,turbine,False,False,False
32a09ea7-d584-badd-290a-4c2be724247a,b292d3d6-6c29-b83e-fd17-1dd4debb6be8,Steam Network 1 > HP-2 Steam HeaderA > HP-2 Steam ConsumersA > HP-2 Backpressure Steam TurbineL,HP Backpressure Steam Turbine,Governor Valve Opening,percent,,,,,,,4,Steam Network 1 > HP-2 Steam HeaderA > HP-2 Steam ConsumersA,HP-2 Backpressure Steam TurbineL,turbine,False,False,False
32a09ea7-d584-badd-290a-4c2be724247a,26249c80-fae6-b2a8-17d7-b400dcc22e28,Steam Network 1 > HP-2 Steam HeaderA > HP-2 Steam ConsumersA > HP-2 Backpressure Steam TurbineL,HP Backpressure Steam Turbine,Inlet Steam Flow,t/hr,UN.UO.71FI1508.PV,,,,,,4,Steam Network 1 > HP-2 Steam HeaderA > HP-2 Steam ConsumersA,HP-2 Backpressure Steam TurbineL,turbine,True,False,False
32a09ea7-d584-badd-290a-4c2be724247a,4ca0b897-e35c-b3db-29d3-7e2daffc0b4c,Steam Network 1 > HP-2 Steam HeaderA > HP-2 Steam ConsumersA > HP-2 Backpressure Steam TurbineL,HP Backpressure Steam Turbine,Inlet Steam Pressure,bar,UN.UO.70PI0012A.PV,,,,,,4,Steam Network 1 > HP-2 Steam HeaderA > HP-2 Steam ConsumersA,HP-2 Backpressure Steam TurbineL,turbine,True,False,False
32a09ea7-d584-badd-290a-4c2be724247a,af0429e2-692c-9032-6b37-4e24c628b9d0,Steam Network 1 > HP-2 Steam HeaderA > HP-2 Steam ConsumersA > HP-2 Backpressure Steam TurbineL,HP Backpressure Steam Turbine,Inlet Steam Temperature,degC,UN.UO.70TI0007.PV,,,,,,4,Steam Network 1 > HP-2 Steam HeaderA > HP-2 Steam ConsumersA,HP-2 Backpressure Steam TurbineL,turbine,True,False,False
32a09ea7-d584-badd-290a-4c2be724247a,64e18479-1a7a-78d7-db28-f99f7e9bfcae,Steam Network 1 > HP-2 Steam HeaderA > HP-2 Steam ConsumersA > HP-2 Backpressure Steam TurbineL,HP Backpressure Steam Turbine,Outlet Steam Flow,t/hr,UN.UO.71FI1508.PV,,,,,,4,Steam Network 1 > HP-2 Steam HeaderA > HP-2 Steam ConsumersA,HP-2 Backpressure Steam TurbineL,turbine,True,False,False
32a09ea7-d584-badd-290a-4c2be724247a,9246fc10-084a-2e1a-f920-79a09a0cd20a,Steam Network 1 > HP-2 Steam HeaderA > HP-2 Steam ConsumersA > HP-2 Backpressure Steam TurbineL,HP Backpressure Steam Turbine,Outlet Steam Pressure,bar,UN.UO.70PI0024A.PV,,,,,,4,Steam Network 1 > HP-2 Steam HeaderA > HP-2 Steam ConsumersA,HP-2 Backpressure Steam TurbineL,turbine,True,False,False
32a09ea7-d584-badd-290a-4c2be724247a,de4a07c9-0941-9395-ee97-f2fdd70b945c,Steam Network 1 > HP-2 Steam HeaderA > HP-2 Steam ConsumersA > HP-2 Backpressure Steam TurbineL,HP Backpressure Steam Turbine,Outlet Steam Temperature,degC,UN.UO.70TI0006.PV,,,,,,4,Steam Network 1 > HP-2 Steam HeaderA > HP-2 Steam ConsumersA,HP-2 Backpressure Steam TurbineL,turbine,True,False,False
32a09ea7-d584-badd-290a-4c2be724247a,1bd132de-2c93-d8e8-15fb-69303742ea36,Steam Network 1 > HP-2 Steam HeaderA > HP-2 Steam ConsumersA > HP-2 Backpressure Steam TurbineL,HP Backpressure Steam Turbine,Turbine Speed,rpm,,,,,,,4,Steam Network 1 > HP-2 Steam HeaderA > HP-2 Steam ConsumersA,HP-2 Backpressure Steam TurbineL,turbine,False,False,False
32a09ea8-d584-bae4-60f3-5da0e724244c,26308bab-bf86-fb13-1f0d-06b199b670b8,Steam Network 1 > HP-2 Steam HeaderA > HP-2 Steam ConsumersA > HP-2 Backpressure Steam TurbineM,HP Backpressure Steam Turbine,Bearing Temperature,degC,,,,,,,4,Steam Network 1 > HP-2 Steam HeaderA > HP-2 Steam ConsumersA,HP-2 Backpressure Steam TurbineM,turbine,False,False,False
32a09ea8-d584-bae4-60f3-5da0e724244c,a6d52923-a6c5-e285-34fe-452f0010cba6,Steam Network 1 > HP-2 Steam HeaderA > HP-2 Steam ConsumersA > HP-2 Backpressure Steam TurbineM,HP Backpressure Steam Turbine,Gland Steam Flow,kg/hr,,,,,,,4,Steam Network 1 > HP-2 Steam HeaderA > HP-2 Steam ConsumersA,HP-2 Backpressure Steam TurbineM,turbine,False,False,False
32a09ea8-d584-bae4-60f3-5da0e724244c,ae9462b5-6252-fad9-cc26-6d6dccc6986c,Steam Network 1 > HP-2 Steam HeaderA > HP-2 Steam ConsumersA > HP-2 Backpressure Steam TurbineM,HP Backpressure Steam Turbine,Governor Valve Opening,percent,,,,,,,4,Steam Network 1 > HP-2 Steam HeaderA > HP-2 Steam ConsumersA,HP-2 Backpressure Steam TurbineM,turbine,False,False,False
32a09ea8-d584-bae4-60f3-5da0e724244c,eab67e9f-dec7-b0eb-3c2c-8bf53471ce74,Steam Network 1 > HP-2 Steam HeaderA > HP-2 Steam ConsumersA > HP-2 Backpressure Steam TurbineM,HP Backpressure Steam Turbine,Inlet Steam Flow,t/hr,UN.UO.78FI8085.PV,,,,,,4,Steam Network 1 > HP-2 Steam HeaderA > HP-2 Steam ConsumersA,HP-2 Backpressure Steam TurbineM,turbine,True,False,False
32a09ea8-d584-bae4-60f3-5da0e724244c,d3267336-d077-d8ee-2d0e-ac340351abd8,Steam Network 1 > HP-2 Steam HeaderA > HP-2 Steam ConsumersA > HP-2 Backpressure Steam TurbineM,HP Backpressure Steam Turbine,Inlet Steam Pressure,bar,UN.UO.70PI0012A.PV,,,,,,4,Steam Network 1 > HP-2 Steam HeaderA > HP-2 Steam ConsumersA,HP-2 Backpressure Steam TurbineM,turbine,True,False,False
32a09ea8-d584-bae4-60f3-5da0e724244c,333476e3-fd23-3099-08ae-9dabce17467a,Steam Network 1 > HP-2 Steam HeaderA > HP-2 Steam ConsumersA > HP-2 Backpressure Steam TurbineM,HP Backpressure Steam Turbine,Inlet Steam Temperature,degC,UN.UO.70TI0007.PV,,,,,,4,Steam Network 1 > HP-2 Steam HeaderA > HP-2 Steam ConsumersA,HP-2 Backpressure Steam TurbineM,turbine,True,False,False
32a09ea8-d584-bae4-60f3-5da0e724244c,328be63a-09ff-3886-6d5d-325c3b74debc,Steam Network 1 > HP-2 Steam HeaderA > HP-2 Steam ConsumersA > HP-2 Backpressure Steam TurbineM,HP Backpressure Steam Turbine,Outlet Steam Flow,t/hr,UN.UO.78FI8085.PV,,,,,,4,Steam Network 1 > HP-2 Steam HeaderA > HP-2 Steam ConsumersA,HP-2 Backpressure Steam TurbineM,turbine,True,False,False
32a09ea8-d584-bae4-60f3-5da0e724244c,dc789551-4d36-89d9-4634-eaa9914e1c88,Steam Network 1 > HP-2 Steam HeaderA > HP-2 Steam ConsumersA > HP-2 Backpressure Steam TurbineM,HP Backpressure Steam Turbine,Outlet Steam Pressure,bar,UN.UO.70PI0024A.PV,,,,,,4,Steam Network 1 > HP-2 Steam HeaderA > HP-2 Steam ConsumersA,HP-2 Backpressure Steam TurbineM,turbine,True,False,False
32a09ea8-d584-bae4-60f3-5da0e724244c,e0235ae8-6be6-c278-7fe6-6cc08bc59890,Steam Network 1 > HP-2 Steam HeaderA > HP-2 Steam ConsumersA > HP-2 Backpressure Steam TurbineM,HP Backpressure Steam Turbine,Outlet Steam Temperature,degC,UN.UO.70TI0006.PV,,,,,,4,Steam Network 1 > HP-2 Steam HeaderA > HP-2 Steam ConsumersA,HP-2 Backpressure Steam TurbineM,turbine,True,False,False
32a09ea8-d584-bae4-60f3-5da0e724244c,75ac9d1f-af21-bb87-96cb-8059da8d2698,Steam Network 1 > HP-2 Steam HeaderA > HP-2 Steam ConsumersA > HP-2 Backpressure Steam TurbineM,HP Backpressure Steam Turbine,Turbine Speed,rpm,,,,,,,4,Steam Network 1 > HP-2 Steam HeaderA > HP-2 Steam ConsumersA,HP-2 Backpressure Steam TurbineM,turbine,False,False,False
32a09ea9-d584-baeb-98dc-6f23e7242442,32c9812c-9c6c-09ea-d04a-9e38aea588c6,Steam Network 1 > HP-2 Steam HeaderA > HP-2 Steam ConsumersA > HP-2 Backpressure Steam TurbineN,HP Backpressure Steam Turbine,Bearing Temperature,degC,,,,,,,4,Steam Network 1 > HP-2 Steam HeaderA > HP-2 Steam ConsumersA,HP-2 Backpressure Steam TurbineN,turbine,False,False,False
32a09ea9-d584-baeb-98dc-6f23e7242442,6b670b42-8aa6-e0c8-f326-8b90e1c1eb8a,Steam Network 1 > HP-2 Steam HeaderA > HP-2 Steam ConsumersA > HP-2 Backpressure Steam TurbineN,HP Backpressure Steam Turbine,Gland Steam Flow,kg/hr,,,,,,,4,Steam Network 1 > HP-2 Steam HeaderA > HP-2 Steam ConsumersA,HP-2 Backpressure Steam TurbineN,turbine,False,False,False
32a09ea9-d584-baeb-98dc-6f23e7242442,aa95f194-587c-3d74-ea31-bb10f2e9cce0,Steam Network 1 > HP-2 Steam HeaderA > HP-2 Steam ConsumersA > HP-2 Backpressure Steam TurbineN,HP Backpressure Steam Turbine,Governor Valve Opening,percent,,,,,,,4,Steam Network 1 > HP-2 Steam HeaderA > HP-2 Steam ConsumersA,HP-2 Backpressure Steam TurbineN,turbine,False,False,False
32a09ea9-d584-baeb-98dc-6f23e7242442,af4860be-c2a8-af2e-71d3-44246de0cf90,Steam Network 1 > HP-2 Steam HeaderA > HP-2 Steam ConsumersA > HP-2 Backpressure Steam TurbineN,HP Backpressure Steam Turbine,Inlet Steam Flow,t/hr,UN.UO.78FI8086.PV,,,,,,4,Steam Network 1 > HP-2 Steam HeaderA > HP-2 Steam ConsumersA,HP-2 Backpressure Steam TurbineN,turbine,True,False,False
32a09ea9-d584-baeb-98dc-6f23e7242442,59ac2dd5-bd92-fe01-939f-83d5e43ed3d4,Steam Network 1 > HP-2 Steam HeaderA > HP-2 Steam ConsumersA > HP-2 Backpressure Steam TurbineN,HP Backpressure Steam Turbine,Inlet Steam Pressure,bar,UN.UO.70PI0012A.PV,,,,,,4,Steam Network 1 > HP-2 Steam HeaderA > HP-2 Steam ConsumersA,HP-2 Backpressure Steam TurbineN,turbine,True,False,False
32a09ea9-d584-baeb-98dc-6f23e7242442,b764c3e4-9119-d100-8931-2400267d12e4,Steam Network 1 > HP-2 Steam HeaderA > HP-2 Steam ConsumersA > HP-2 Backpressure Steam TurbineN,HP Backpressure Steam Turbine,Inlet Steam Temperature,degC,UN.UO.70TI0007.PV,,,,,,4,Steam Network 1 > HP-2 Steam HeaderA > HP-2 Steam ConsumersA,HP-2 Backpressure Steam TurbineN,turbine,True,False,False
32a09ea9-d584-baeb-98dc-6f23e7242442,003647fb-f983-f835-9969-0ef7f9b5bfce,Steam Network 1 > HP-2 Steam HeaderA > HP-2 Steam ConsumersA > HP-2 Backpressure Steam TurbineN,HP Backpressure Steam Turbine,Outlet Steam Flow,t/hr,UN.UO.78FI8086.PV,,,,,,4,Steam Network 1 > HP-2 Steam HeaderA > HP-2 Steam ConsumersA,HP-2 Backpressure Steam TurbineN,turbine,True,False,False
32a09ea9-d584-baeb-98dc-6f23e7242442,26aa2e92-9222-e598-a418-40b0b488cb0a,Steam Network 1 > HP-2 Steam HeaderA > HP-2 Steam ConsumersA > HP-2 Backpressure Steam TurbineN,HP Backpressure Steam Turbine,Outlet Steam Pressure,bar,UN.UO.70PI0024A.PV,,,,,,4,Steam Network 1 > HP-2 Steam HeaderA > HP-2 Steam ConsumersA,HP-2 Backpressure Steam TurbineN,turbine,True,False,False
32a09ea9-d584-baeb-98dc-6f23e7242442,e1fcae07-ce8b-f15b-5473-737d2f775f5c,Steam Network 1 > HP-2 Steam HeaderA > HP-2 Steam ConsumersA > HP-2 Backpressure Steam TurbineN,HP Backpressure Steam Turbine,Outlet Steam Temperature,degC,UN.UO.70TI0006.PV,,,,,,4,Steam Network 1 > HP-2 Steam HeaderA > HP-2 Steam ConsumersA,HP-2 Backpressure Steam TurbineN,turbine,True,False,False
32a09ea9-d584-baeb-98dc-6f23e7242442,cf880760-31af-9e26-2d5e-5840fe279946,Steam Network 1 > HP-2 Steam HeaderA > HP-2 Steam ConsumersA > HP-2 Backpressure Steam TurbineN,HP Backpressure Steam Turbine,Turbine Speed,rpm,,,,,,,4,Steam Network 1 > HP-2 Steam HeaderA > HP-2 Steam ConsumersA,HP-2 Backpressure Steam TurbineN,turbine,False,False,False
32a09eaa-d584-baf2-d0c5-80b4e7242458,3f6276ad-7951-18c1-5618-b06d46336e6c,Steam Network 1 > HP-2 Steam HeaderA > HP-2 Steam ConsumersA > HP-2 Backpressure Steam TurbineO,HP Backpressure Steam Turbine,Bearing Temperature,degC,,,,,,,4,Steam Network 1 > HP-2 Steam HeaderA > HP-2 Steam ConsumersA,HP-2 Backpressure Steam TurbineO,turbine,False,False,False
32a09eaa-d584-baf2-d0c5-80b4e7242458,2ff8ed61-6e87-df0b-c2a0-b22b417f326a,Steam Network 1 > HP-2 Steam HeaderA > HP-2 Steam ConsumersA > HP-2 Backpressure Steam TurbineO,HP Backpressure Steam Turbine,Gland Steam Flow,kg/hr,,,,,,,4,Steam Network 1 > HP-2 Steam HeaderA > HP-2 Steam ConsumersA,HP-2 Backpressure Steam TurbineO,turbine,False,False,False
32a09eaa-d584-baf2-d0c5-80b4e7242458,a6978073-4ea5-800f-5739-06bde832007c,Steam Network 1 > HP-2 Steam HeaderA > HP-2 Steam ConsumersA > HP-2 Backpressure Steam TurbineO,HP Backpressure Steam Turbine,Governor Valve Opening,percent,,,,,,,4,Steam Network 1 > HP-2 Steam HeaderA > HP-2 Steam ConsumersA,HP-2 Backpressure Steam TurbineO,turbine,False,False,False
32a09eaa-d584-baf2-d0c5-80b4e7242458,73da42dd-a689-ad71-b8cb-dc8dd553efac,Steam Network 1 > HP-2 Steam HeaderA > HP-2 Steam ConsumersA > HP-2 Backpressure Steam TurbineO,HP Backpressure Steam Turbine,Inlet Steam Flow,t/hr,UN.UO.78FI8623.PV,,,,,,4,Steam Network 1 > HP-2 Steam HeaderA > HP-2 Steam ConsumersA,HP-2 Backpressure Steam TurbineO,turbine,True,False,False
32a09eaa-d584-baf2-d0c5-80b4e7242458,e031e874-aaae-2314-5d86-05104a9fcb60,Steam Network 1 > HP-2 Steam HeaderA > HP-2 Steam ConsumersA > HP-2 Backpressure Steam TurbineO,HP Backpressure Steam Turbine,Inlet Steam Pressure,bar,UN.UO.70PI0012A.PV,,,,,,4,Steam Network 1 > HP-2 Steam HeaderA > HP-2 Steam ConsumersA,HP-2 Backpressure Steam TurbineO,turbine,True,False,False
32a09eaa-d584-baf2-d0c5-80b4e7242458,3b9510e5-2510-7167-ecbe-e1231e856182,Steam Network 1 > HP-2 Steam HeaderA > HP-2 Steam ConsumersA > HP-2 Backpressure Steam TurbineO,HP Backpressure Steam Turbine,Inlet Steam Temperature,degC,UN.UO.70TI0007.PV,,,,,,4,Steam Network 1 > HP-2 Steam HeaderA > HP-2 Steam ConsumersA,HP-2 Backpressure Steam TurbineO,turbine,True,False,False
32a09eaa-d584-baf2-d0c5-80b4e7242458,cde0a9bc-e908-b7e4-5f4c-8f7024e81e58,Steam Network 1 > HP-2 Steam HeaderA > HP-2 Steam ConsumersA > HP-2 Backpressure Steam TurbineO,HP Backpressure Steam Turbine,Outlet Steam Flow,t/hr,UN.UO.78FI8623.PV,,,,,,4,Steam Network 1 > HP-2 Steam HeaderA > HP-2 Steam ConsumersA,HP-2 Backpressure Steam TurbineO,turbine,True,False,False
32a09eaa-d584-baf2-d0c5-80b4e7242458,70dbc7d3-d70f-4157-12ca-7bb5a7d48684,Steam Network 1 > HP-2 Steam HeaderA > HP-2 Steam ConsumersA > HP-2 Backpressure Steam TurbineO,HP Backpressure Steam Turbine,Outlet Steam Pressure,bar,UN.UO.70PI0024A.PV,,,,,,4,Steam Network 1 > HP-2 Steam HeaderA > HP-2 Steam ConsumersA,HP-2 Backpressure Steam TurbineO,turbine,True,False,False
32a09eaa-d584-baf2-d0c5-80b4e7242458,e3d60126-3131-203e-6c3f-0734d2e72118,Steam Network 1 > HP-2 Steam HeaderA > HP-2 Steam ConsumersA > HP-2 Backpressure Steam TurbineO,HP Backpressure Steam Turbine,Outlet Steam Temperature,degC,UN.UO.70TI0006.PV,,,,,,4,Steam Network 1 > HP-2 Steam HeaderA > HP-2 Steam ConsumersA,HP-2 Backpressure Steam TurbineO,turbine,True,False,False
32a09eaa-d584-baf2-d0c5-80b4e7242458,296371a1-b43d-80c5-d9b3-f0e59d5ef164,Steam Network 1 > HP-2 Steam HeaderA > HP-2 Steam ConsumersA > HP-2 Backpressure Steam TurbineO,HP Backpressure Steam Turbine,Turbine Speed,rpm,,,,,,,4,Steam Network 1 > HP-2 Steam HeaderA > HP-2 Steam ConsumersA,HP-2 Backpressure Steam TurbineO,turbine,False,False,False
894ec563-b471-8321-bedc-1ac33d3f4642,d897ea2e-784d-51ce-5b2c-ff04a0dabbe0,Steam Network 1 > HP-2 Steam HeaderA > HP-2 Steam ConsumersA > HP-2 Steam ExportA,HP Steam Export,Export Steam Flow,metric_ton/h,UN.EG1.29FI9201.PV,,,,,,4,Steam Network 1 > HP-2 Steam HeaderA > HP-2 Steam ConsumersA,HP-2 Steam ExportA,consumer,True,False,False
894ec563-b471-8321-bedc-1ac33d3f4642,d4397f45-479f-16a1-97f3-f86593a669e4,Steam Network 1 > HP-2 Steam HeaderA > HP-2 Steam ConsumersA > HP-2 Steam ExportA,HP Steam Export,Export Steam Pressure,bar,UN.UO.70PI0012A.PV,,,,,,4,Steam Network 1 > HP-2 Steam HeaderA > HP-2 Steam ConsumersA,HP-2 Steam ExportA,consumer,True,False,False
894ec563-b471-8321-bedc-1ac33d3f4642,3abcbc74-0c7e-3320-223a-aa8036c28f54,Steam Network 1 > HP-2 Steam HeaderA > HP-2 Steam ConsumersA > HP-2 Steam ExportA,HP Steam Export,Export Steam Temperature,degC,UN.UO.70TI0007.PV,,,,,,4,Steam Network 1 > HP-2 Steam HeaderA > HP-2 Steam ConsumersA,HP-2 Steam ExportA,consumer,True,False,False
894ec564-b471-8328-3475-03a03d3f464c,a6424bef-67d2-117d-0877-f2b3c1905a92,Steam Network 1 > HP-2 Steam HeaderA > HP-2 Steam ConsumersA > HP-2 Steam ExportB,HP Steam Export,Export Steam Flow,metric_ton/h,UN.EG2.49FI9201.PV,,,,,,4,Steam Network 1 > HP-2 Steam HeaderA > HP-2 Steam ConsumersA,HP-2 Steam ExportB,consumer,True,False,False
894ec564-b471-8328-3475-03a03d3f464c,1e6b1886-8c8b-7260-b1d6-de4092e06ae6,Steam Network 1 > HP-2 Steam HeaderA > HP-2 Steam ConsumersA > HP-2 Steam ExportB,HP Steam Export,Export Steam Pressure,bar,UN.UO.70PI0012A.PV,,,,,,4,Steam Network 1 > HP-2 Steam HeaderA > HP-2 Steam ConsumersA,HP-2 Steam ExportB,consumer,True,False,False
894ec564-b471-8328-3475-03a03d3f464c,3c960f93-6f23-6203-05d1-74b953b56d90,Steam Network 1 > HP-2 Steam HeaderA > HP-2 Steam ConsumersA > HP-2 Steam ExportB,HP Steam Export,Export Steam Temperature,degC,UN.UO.70TI0007.PV,,,,,,4,Steam Network 1 > HP-2 Steam HeaderA > HP-2 Steam ConsumersA,HP-2 Steam ExportB,consumer,True,False,False
894ec565-b471-832f-aa0d-ec8b3d3f464a,73ecadb0-5756-d12c-4f9a-8a4024ba7c9c,Steam Network 1 > HP-2 Steam HeaderA > HP-2 Steam ConsumersA > HP-2 Steam ExportC,HP Steam Export,Export Steam Flow,metric_ton/h,UN.EG3.69FI9201.PV,,,,,,4,Steam Network 1 > HP-2 Steam HeaderA > HP-2 Steam ConsumersA,HP-2 Steam ExportC,consumer,True,False,False
894ec565-b471-832f-aa0d-ec8b3d3f464a,689cb1c7-d177-ce1f-dc88-a919b9eb7fd8,Steam Network 1 > HP-2 Steam HeaderA > HP-2 Steam ConsumersA > HP-2 Steam ExportC,HP Steam Export,Export Steam Pressure,bar,UN.UO.70PI0012A.PV,,,,,,4,Steam Network 1 > HP-2 Steam HeaderA > HP-2 Steam ConsumersA,HP-2 Steam ExportC,consumer,True,False,False
894ec565-b471-832f-aa0d-ec8b3d3f464a,3e6f62b2-d1c8-90e6-2ca6-cbecefa7f254,Steam Network 1 > HP-2 Steam HeaderA > HP-2 Steam ConsumersA > HP-2 Steam ExportC,HP Steam Export,Export Steam Temperature,degC,UN.UO.70TI0007.PV,,,,,,4,Steam Network 1 > HP-2 Steam HeaderA > HP-2 Steam ConsumersA,HP-2 Steam ExportC,consumer,True,False,False
894ec566-b471-8336-1fa6-d5843d3f4650,41970f71-46db-90db-3094-c5ab074c9faa,Steam Network 1 > HP-2 Steam HeaderA > HP-2 Steam ConsumersA > HP-2 Steam ExportD,HP Steam Export,Export Steam Flow,metric_ton/h,UN.ETH.17FC7064.PV,,,,,,4,Steam Network 1 > HP-2 Steam HeaderA > HP-2 Steam ConsumersA,HP-2 Steam ExportD,consumer,True,False,False
894ec566-b471-8336-1fa6-d5843d3f4650,b2ce4b08-1664-29de-1809-58f0a4aa62d6,Steam Network 1 > HP-2 Steam HeaderA > HP-2 Steam ConsumersA > HP-2 Steam ExportD,HP Steam Export,Export Steam Pressure,bar,UN.UO.70PI0012A.PV,,,,,,4,Steam Network 1 > HP-2 Steam HeaderA > HP-2 Steam ConsumersA,HP-2 Steam ExportD,consumer,True,False,False
894ec566-b471-8336-1fa6-d5843d3f4650,4048b5d1-346d-bfc9-96ba-b01974250a18,Steam Network 1 > HP-2 Steam HeaderA > HP-2 Steam ConsumersA > HP-2 Steam ExportD,HP Steam Export,Export Steam Temperature,degC,UN.UO.70TI0007.PV,,,,,,4,Steam Network 1 > HP-2 Steam HeaderA > HP-2 Steam ConsumersA,HP-2 Steam ExportD,consumer,True,False,False
bb846a02-c9b4-0b3e-3607-c27c7230613c,ae80b89b-2843-917d-a5fa-eeaf86c329e6,Steam Network 1 > HP-2 Steam HeaderA > HP-2 Steam ConsumersA > HP-2 Steam VentA,HP Steam Vent,Steam Flow,metric_ton/h,,,,,,,4,Steam Network 1 > HP-2 Steam HeaderA > HP-2 Steam ConsumersA,HP-2 Steam VentA,vent,False,False,False
bb846a02-c9b4-0b3e-3607-c27c7230613c,d30b4f32-1b64-f260-0aa2-f6c0c86fbd52,Steam Network 1 > HP-2 Steam HeaderA > HP-2 Steam ConsumersA > HP-2 Steam VentA,HP Steam Vent,Steam Pressure,bar,UN.UO.70PI0012A.PV,,,,,,4,Steam Network 1 > HP-2 Steam HeaderA > HP-2 Steam ConsumersA,HP-2 Steam VentA,vent,True,False,False
bb846a02-c9b4-0b3e-3607-c27c7230613c,dcd04967-2066-e203-9647-ca35fcb6ab64,Steam Network 1 > HP-2 Steam HeaderA > HP-2 Steam ConsumersA > HP-2 Steam VentA,HP Steam Vent,Steam Temperature,degC,UN.UO.70TI0007.PV,,,,,,4,Steam Network 1 > HP-2 Steam HeaderA > HP-2 Steam ConsumersA,HP-2 Steam VentA,vent,True,False,False
bb846a02-c9b4-0b3e-3607-c27c7230613c,d5d33fda-e404-5db0-e6d6-17e031d7626a,Steam Network 1 > HP-2 Steam HeaderA > HP-2 Steam ConsumersA > HP-2 Steam VentA,HP Steam Vent,Vent Valve Opening,percent,UN.UO.70PC0012A.MV,,,,,,4,Steam Network 1 > HP-2 Steam HeaderA > HP-2 Steam ConsumersA,HP-2 Steam VentA,vent,True,False,False
5d2c8da3-8c3e-9e23-adfb-f749d1121380,4829b6ab-6c43-fd77-b7ab-e87d246a4bdc,Steam Network 1 > HP-2 Steam HeaderA > HP-2 Steam LetdownA > HP-2 to MP-2 PRDSA,HP-2 to MP-2 PRDS,Inlet Pressure,bar,UN.UO.70PI0012A.PV,,,,,,4,Steam Network 1 > HP-2 Steam HeaderA > HP-2 Steam LetdownA,HP-2 to MP-2 PRDSA,letdown,True,False,False
5d2c8da3-8c3e-9e23-adfb-f749d1121380,19fb834e-947c-27de-8ae4-bfa48d87a490,Steam Network 1 > HP-2 Steam HeaderA > HP-2 Steam LetdownA > HP-2 to MP-2 PRDSA,HP-2 to MP-2 PRDS,Inlet Temperature,degC,UN.UO.70TI0007.PV,,,,,,4,Steam Network 1 > HP-2 Steam HeaderA > HP-2 Steam LetdownA,HP-2 to MP-2 PRDSA,letdown,True,False,False
5d2c8da3-8c3e-9e23-adfb-f749d1121380,1cf8065c-06b1-a936-6620-13681a49af6a,Steam Network 1 > HP-2 Steam HeaderA > HP-2 Steam LetdownA > HP-2 to MP-2 PRDSA,HP-2 to MP-2 PRDS,Outlet Pressure,bar,UN.UO.70PC0007A.PV,,,,,,4,Steam Network 1 > HP-2 Steam HeaderA > HP-2 Steam LetdownA,HP-2 to MP-2 PRDSA,letdown,True,False,False
5d2c8da3-8c3e-9e23-adfb-f749d1121380,8ea749fd-4a53-66c1-52a0-95bdc4f42f3c,Steam Network 1 > HP-2 Steam HeaderA > HP-2 Steam LetdownA > HP-2 to MP-2 PRDSA,HP-2 to MP-2 PRDS,Outlet Temperature,degC,UN.UO.70TC0005.PV,,,,,,4,Steam Network 1 > HP-2 Steam HeaderA > HP-2 Steam LetdownA,HP-2 to MP-2 PRDSA,letdown,True,False,False
5d2c8da3-8c3e-9e23-adfb-f749d1121380,142db65a-7119-a70e-753e-aeec65341154,Steam Network 1 > HP-2 Steam HeaderA > HP-2 Steam LetdownA > HP-2 to MP-2 PRDSA,HP-2 to MP-2 PRDS,Steam Flow,metric_ton/h,,,,,,,4,Steam Network 1 > HP-2 Steam HeaderA > HP-2 Steam LetdownA,HP-2 to MP-2 PRDSA,letdown,False,False,False
5d2c8da3-8c3e-9e23-adfb-f749d1121380,2039af66-0a7c-d996-b8e2-3bc42a4576f0,Steam Network 1 > HP-2 Steam HeaderA > HP-2 Steam LetdownA > HP-2 to MP-2 PRDSA,HP-2 to MP-2 PRDS,Spray Water Flow,metric_ton/h,,,,,,,4,Steam Network 1 > HP-2 Steam HeaderA > HP-2 Steam LetdownA,HP-2 to MP-2 PRDSA,letdown,False,False,False
5d2c8da3-8c3e-9e23-adfb-f749d1121380,2bdc7e29-6245-1325-6748-46ed49996d0c,Steam Network 1 > HP-2 Steam HeaderA > HP-2 Steam LetdownA > HP-2 to MP-2 PRDSA,HP-2 to MP-2 PRDS,Pressure Valve Opening,percent,UN.UO.70PC0007A.MV,,,,,,4,Steam Network 1 > HP-2 Steam HeaderA > HP-2 Steam LetdownA,HP-2 to MP-2 PRDSA,letdown,True,False,False
5d2c8da3-8c3e-9e23-adfb-f749d1121380,36724920-2396-b104-1718-448015e4f824,Steam Network 1 > HP-2 Steam HeaderA > HP-2 Steam LetdownA > HP-2 to MP-2 PRDSA,HP-2 to MP-2 PRDS,Temperature Valve Opening,percent,,,,,,,4,Steam Network 1 > HP-2 Steam HeaderA > HP-2 Steam LetdownA,HP-2 to MP-2 PRDSA,letdown,False,False,False
e5a9f4d7-7dd8-c9d1-8165-b28798713d06,ad47f45a-bf28-7af0-11f7-f860126f8eaa,Steam Network 1 > MP-2 Steam HeaderA > MP-2 Steam ConsumersA > MP-2 Backpressure Steam TurbineA,MP Backpressure Steam Turbine,Bearing Temperature,degC,,,,,,,4,Steam Network 1 > MP-2 Steam HeaderA > MP-2 Steam ConsumersA,MP-2 Backpressure Steam TurbineA,turbine,False,False,False
e5a9f4d7-7dd8-c9d1-8165-b28798713d06,5fab16d4-085e-e486-75ba-c2f857f5f252,Steam Network 1 > MP-2 Steam HeaderA > MP-2 Steam ConsumersA > MP-2 Backpressure Steam TurbineA,MP Backpressure Steam Turbine,Gland Steam Flow,kg/hr,,,,,,,4,Steam Network 1 > MP-2 Steam HeaderA > MP-2 Steam ConsumersA,MP-2 Backpressure Steam TurbineA,turbine,False,False,False
e5a9f4d7-7dd8-c9d1-8165-b28798713d06,6bb387a6-5823-6da2-340f-850c3390ea04,Steam Network 1 > MP-2 Steam HeaderA > MP-2 Steam ConsumersA > MP-2 Backpressure Steam TurbineA,MP Backpressure Steam Turbine,Governor Valve Opening,percent,,,,,,,4,Steam Network 1 > MP-2 Steam HeaderA > MP-2 Steam ConsumersA,MP-2 Backpressure Steam TurbineA,turbine,False,False,False
e5a9f4d7-7dd8-c9d1-8165-b28798713d06,a38c6c50-4060-b2ec-06c3-79c0e3ecdebc,Steam Network 1 > MP-2 Steam HeaderA > MP-2 Steam ConsumersA > MP-2 Backpressure Steam TurbineA,MP Backpressure Steam Turbine,Inlet Steam Flow,t/hr,UN.UO.73FI3025.PV,,,,,,4,Steam Network 1 > MP-2 Steam HeaderA > MP-2 Steam ConsumersA,MP-2 Backpressure Steam TurbineA,turbine,True,False,False
e5a9f4d7-7dd8-c9d1-8165-b28798713d06,2efc2067-c2cf-53df-ed6a-9eb9ec3373b8,Steam Network 1 > MP-2 Steam HeaderA > MP-2 Steam ConsumersA > MP-2 Backpressure Steam TurbineA,MP Backpressure Steam Turbine,Inlet Steam Pressure,bar,UN.UO.70PI0012A.PV,,,,,,4,Steam Network 1 > MP-2 Steam HeaderA > MP-2 Steam ConsumersA,MP-2 Backpressure Steam TurbineA,turbine,True,False,False
e5a9f4d7-7dd8-c9d1-8165-b28798713d06,19f9f012-8443-c7a6-3e65-a9ac9dba37b4,Steam Network 1 > MP-2 Steam HeaderA > MP-2 Steam ConsumersA > MP-2 Backpressure Steam TurbineA,MP Backpressure Steam Turbine,Inlet Steam Temperature,degC,UN.UO.70TI0007.PV,,,,,,4,Steam Network 1 > MP-2 Steam HeaderA > MP-2 Steam ConsumersA,MP-2 Backpressure Steam TurbineA,turbine,True,False,False
e5a9f4d7-7dd8-c9d1-8165-b28798713d06,9473aea9-251c-82ab-6f73-7ce3b16f2c02,Steam Network 1 > MP-2 Steam HeaderA > MP-2 Steam ConsumersA > MP-2 Backpressure Steam TurbineA,MP Backpressure Steam Turbine,Outlet Steam Flow,t/hr,UN.UO.73FI3025.PV,,,,,,4,Steam Network 1 > MP-2 Steam HeaderA > MP-2 Steam ConsumersA,MP-2 Backpressure Steam TurbineA,turbine,True,False,False
e5a9f4d7-7dd8-c9d1-8165-b28798713d06,fb588e40-53db-4eae-4248-2f80a883c0ee,Steam Network 1 > MP-2 Steam HeaderA > MP-2 Steam ConsumersA > MP-2 Backpressure Steam TurbineA,MP Backpressure Steam Turbine,Outlet Steam Pressure,bar,UN.UO.70PI0024A.PV,,,,,,4,Steam Network 1 > MP-2 Steam HeaderA > MP-2 Steam ConsumersA,MP-2 Backpressure Steam TurbineA,turbine,True,False,False
e5a9f4d7-7dd8-c9d1-8165-b28798713d06,d20d0799-f39c-9759-923e-e331219190c0,Steam Network 1 > MP-2 Steam HeaderA > MP-2 Steam ConsumersA > MP-2 Backpressure Steam TurbineA,MP Backpressure Steam Turbine,Outlet Steam Temperature,degC,UN.UO.70TI0006.PV,,,,,,4,Steam Network 1 > MP-2 Steam HeaderA > MP-2 Steam ConsumersA,MP-2 Backpressure Steam TurbineA,turbine,True,False,False
e5a9f4d7-7dd8-c9d1-8165-b28798713d06,d9eff50e-0443-5ffc-eecf-6bc8ddacaaf2,Steam Network 1 > MP-2 Steam HeaderA > MP-2 Steam ConsumersA > MP-2 Backpressure Steam TurbineA,MP Backpressure Steam Turbine,Turbine Speed,rpm,,,,,,,4,Steam Network 1 > MP-2 Steam HeaderA > MP-2 Steam ConsumersA,MP-2 Backpressure Steam TurbineA,turbine,False,False,False
e5a9f4d8-7dd8-c9d8-46e4-2e4098713d00,b9e0e9db-9c0d-89c7-2f1a-fc3d25ed601c,Steam Network 1 > MP-2 Steam HeaderA > MP-2 Steam ConsumersA > MP-2 Backpressure Steam TurbineB,MP Backpressure Steam Turbine,Bearing Temperature,degC,,,,,,,4,Steam Network 1 > MP-2 Steam HeaderA > MP-2 Steam ConsumersA,MP-2 Backpressure Steam TurbineB,turbine,False,False,False
e5a9f4d8-7dd8-c9d8-46e4-2e4098713d00,243cf8f3-ec3f-e2c9-8f72-fccbc8031a3a,Steam Network 1 > MP-2 Steam HeaderA > MP-2 Steam ConsumersA > MP-2 Backpressure Steam TurbineB,MP Backpressure Steam Turbine,Gland Steam Flow,kg/hr,,,,,,,4,Steam Network 1 > MP-2 Steam HeaderA > MP-2 Steam ConsumersA,MP-2 Backpressure Steam TurbineB,turbine,False,False,False
e5a9f4d8-7dd8-c9d8-46e4-2e4098713d00,67b51685-4e4c-b03d-6b1d-cdb129f9a6b8,Steam Network 1 > MP-2 Steam HeaderA > MP-2 Steam ConsumersA > MP-2 Backpressure Steam TurbineB,MP Backpressure Steam Turbine,Governor Valve Opening,percent,,,,,,,4,Steam Network 1 > MP-2 Steam HeaderA > MP-2 Steam ConsumersA,MP-2 Backpressure Steam TurbineB,turbine,False,False,False
e5a9f4d8-7dd8-c9d8-46e4-2e4098713d00,681e4e6f-2441-b12f-97fa-25614c5fff40,Steam Network 1 > MP-2 Steam HeaderA > MP-2 Steam ConsumersA > MP-2 Backpressure Steam TurbineB,MP Backpressure Steam Turbine,Inlet Steam Flow,t/hr,UN.UO.73FI3026.PV,,,,,,4,Steam Network 1 > MP-2 Steam HeaderA > MP-2 Steam ConsumersA,MP-2 Backpressure Steam TurbineB,turbine,True,False,False
e5a9f4d8-7dd8-c9d8-46e4-2e4098713d00,b581db06-afea-78f2-c0e7-dbac1a6ba3f4,Steam Network 1 > MP-2 Steam HeaderA > MP-2 Steam ConsumersA > MP-2 Backpressure Steam TurbineB,MP Backpressure Steam Turbine,Inlet Steam Pressure,bar,UN.UO.70PI0012A.PV,,,,,,4,Steam Network 1 > MP-2 Steam HeaderA > MP-2 Steam ConsumersA,MP-2 Backpressure Steam TurbineB,turbine,True,False,False
e5a9f4d8-7dd8-c9d8-46e4-2e4098713d00,9e2a3d13-183a-680d-cf42-d1f78610551e,Steam Network 1 > MP-2 Steam HeaderA > MP-2 Steam ConsumersA > MP-2 Backpressure Steam TurbineB,MP Backpressure Steam Turbine,Inlet Steam Temperature,degC,UN.UO.70TI0007.PV,,,,,,4,Steam Network 1 > MP-2 Steam HeaderA > MP-2 Steam ConsumersA,MP-2 Backpressure Steam TurbineB,turbine,True,False,False
e5a9f4d8-7dd8-c9d8-46e4-2e4098713d00,621e106a-14a1-425a-d977-194476bf5230,Steam Network 1 > MP-2 Steam HeaderA > MP-2 Steam ConsumersA > MP-2 Backpressure Steam TurbineB,MP Backpressure Steam Turbine,Outlet Steam Flow,t/hr,UN.UO.73FI3026.PV,,,,,,4,Steam Network 1 > MP-2 Steam HeaderA > MP-2 Steam ConsumersA,MP-2 Backpressure Steam TurbineB,turbine,True,False,False
e5a9f4d8-7dd8-c9d8-46e4-2e4098713d00,458a2781-98c7-aa6d-a755-7beddd4d8dec,Steam Network 1 > MP-2 Steam HeaderA > MP-2 Steam ConsumersA > MP-2 Backpressure Steam TurbineB,MP Backpressure Steam Turbine,Outlet Steam Pressure,bar,UN.UO.70PI0024A.PV,,,,,,4,Steam Network 1 > MP-2 Steam HeaderA > MP-2 Steam ConsumersA,MP-2 Backpressure Steam TurbineB,turbine,True,False,False
e5a9f4d8-7dd8-c9d8-46e4-2e4098713d00,d3e65ab8-5641-c63c-acdf-932085a79c84,Steam Network 1 > MP-2 Steam HeaderA > MP-2 Steam ConsumersA > MP-2 Backpressure Steam TurbineB,MP Backpressure Steam Turbine,Outlet Steam Temperature,degC,UN.UO.70TI0006.PV,,,,,,4,Steam Network 1 > MP-2 Steam HeaderA > MP-2 Steam ConsumersA,MP-2 Backpressure Steam TurbineB,turbine,True,False,False
e5a9f4d8-7dd8-c9d8-46e4-2e4098713d00,33cb5f4f-86d1-429b-f434-12d5b51a1dd4,Steam Network 1 > MP-2 Steam HeaderA > MP-2 Steam ConsumersA > MP-2 Backpressure Steam TurbineB,MP Backpressure Steam Turbine,Turbine Speed,rpm,,,,,,,4,Steam Network 1 > MP-2 Steam HeaderA > MP-2 Steam ConsumersA,MP-2 Backpressure Steam TurbineB,turbine,False,False,False
46efcede-a96a-f1fa-3ddb-02ccef853f24,9e45aae9-839a-45ff-79a0-0b171ddfef16,Steam Network 1 > MP-2 Steam HeaderA > MP-2 Steam ConsumersA > MP-2 Steam ExportA,MP Steam Export,Export Steam Flow,metric_ton/h,UN.EG1.29FI9202.PV,,,,,,4,Steam Network 1 > MP-2 Steam HeaderA > MP-2 Steam ConsumersA,MP-2 Steam ExportA,consumer,True,False,False
46efcede-a96a-f1fa-3ddb-02ccef853f24,97526a80-516a-10c2-6c1c-b500c6387a42,Steam Network 1 > MP-2 Steam HeaderA > MP-2 Steam ConsumersA > MP-2 Steam ExportA,MP Steam Export,Export Steam Pressure,bar,UN.UO.70PC0007A.PV,,,,,,4,Steam Network 1 > MP-2 Steam HeaderA > MP-2 Steam ConsumersA,MP-2 Steam ExportA,consumer,True,False,False
46efcede-a96a-f1fa-3ddb-02ccef853f24,eb92c359-b333-869d-70fd-639558a145c4,Steam Network 1 > MP-2 Steam HeaderA > MP-2 Steam ConsumersA > MP-2 Steam ExportA,MP Steam Export,Export Steam Temperature,degC,UN.UO.70TC0005.PV,,,,,,4,Steam Network 1 > MP-2 Steam HeaderA > MP-2 Steam ConsumersA,MP-2 Steam ExportA,consumer,True,False,False
46efcedf-a96a-f201-d7d4-9cdfef853cde,6bf00caa-731f-05ae-f3fd-ed8c18ef0904,Steam Network 1 > MP-2 Steam HeaderA > MP-2 Steam ConsumersA > MP-2 Steam ExportB,MP Steam Export,Export Steam Flow,metric_ton/h,UN.EG2.49FI9202.PV,,,,,,4,Steam Network 1 > MP-2 Steam HeaderA > MP-2 Steam ConsumersA,MP-2 Steam ExportB,consumer,True,False,False
46efcedf-a96a-f201-d7d4-9cdfef853cde,e18403c1-9656-6c81-adf1-504177d26f40,Steam Network 1 > MP-2 Steam HeaderA > MP-2 Steam ConsumersA > MP-2 Steam ExportB,MP Steam Export,Export Steam Pressure,bar,UN.UO.70PC0007A.PV,,,,,,4,Steam Network 1 > MP-2 Steam HeaderA > MP-2 Steam ConsumersA,MP-2 Steam ExportB,consumer,True,False,False
46efcedf-a96a-f201-d7d4-9cdfef853cde,ed6c1678-15d8-b580-ef2e-1400f8b4a3f8,Steam Network 1 > MP-2 Steam HeaderA > MP-2 Steam ConsumersA > MP-2 Steam ExportB,MP Steam Export,Export Steam Temperature,degC,UN.UO.70TC0005.PV,,,,,,4,Steam Network 1 > MP-2 Steam HeaderA > MP-2 Steam ConsumersA,MP-2 Steam ExportB,consumer,True,False,False
46efcee0-a96a-f208-71ce-3700ef853ce8,399a6e6b-62a3-c55d-0833-73df5b39ab36,Steam Network 1 > MP-2 Steam HeaderA > MP-2 Steam ConsumersA > MP-2 Steam ExportC,MP Steam Export,Export Steam Flow,metric_ton/h,UN.EG3.69FI9208.PV,,,,,,4,Steam Network 1 > MP-2 Steam HeaderA > MP-2 Steam ConsumersA,MP-2 Steam ExportC,consumer,True,False,False
46efcee0-a96a-f208-71ce-3700ef853ce8,2bb59d02-db42-c840-0094-d080f0f75542,Steam Network 1 > MP-2 Steam HeaderA > MP-2 Steam ConsumersA > MP-2 Steam ExportC,MP Steam Export,Export Steam Pressure,bar,UN.UO.70PC0007A.PV,,,,,,4,Steam Network 1 > MP-2 Steam HeaderA > MP-2 Steam ConsumersA,MP-2 Steam ExportC,consumer,True,False,False
46efcee0-a96a-f208-71ce-3700ef853ce8,ef456997-787d-e463-b09d-516597388df4,Steam Network 1 > MP-2 Steam HeaderA > MP-2 Steam ConsumersA > MP-2 Steam ExportC,MP Steam Export,Export Steam Temperature,degC,UN.UO.70TC0005.PV,,,,,,4,Steam Network 1 > MP-2 Steam HeaderA > MP-2 Steam ConsumersA,MP-2 Steam ExportC,consumer,True,False,False
62b822be-c57d-96ea-4d71-15aca7c5b454,cbc3e830-2da3-2832-af1a-d960e660c002,Steam Network 1 > MP-2 Steam HeaderA > MP-2 Steam LetdownA > MP-2 to LP-1 PRDSA,MP-2 to LP-1 PRDS,Inlet Pressure,bar,,,,,,,4,Steam Network 1 > MP-2 Steam HeaderA > MP-2 Steam LetdownA,MP-2 to LP-1 PRDSA,letdown,False,False,False
62b822be-c57d-96ea-4d71-15aca7c5b454,cea427a9-bf85-f24d-06aa-afd57121d5e4,Steam Network 1 > MP-2 Steam HeaderA > MP-2 Steam LetdownA > MP-2 to LP-1 PRDSA,MP-2 to LP-1 PRDS,Inlet Temperature,degC,,,,,,,4,Steam Network 1 > MP-2 Steam HeaderA > MP-2 Steam LetdownA,MP-2 to LP-1 PRDSA,letdown,False,False,False
62b822be-c57d-96ea-4d71-15aca7c5b454,0ca40577-f972-d63d-4da4-c75bf5d6d34a,Steam Network 1 > MP-2 Steam HeaderA > MP-2 Steam LetdownA > MP-2 to LP-1 PRDSA,MP-2 to LP-1 PRDS,Outlet Pressure,bar,,,,,,,4,Steam Network 1 > MP-2 Steam HeaderA > MP-2 Steam LetdownA,MP-2 to LP-1 PRDSA,letdown,False,False,False
62b822be-c57d-96ea-4d71-15aca7c5b454,6f133102-82bd-a8cc-4dee-5d98edae99ce,Steam Network 1 > MP-2 Steam HeaderA > MP-2 Steam LetdownA > MP-2 to LP-1 PRDSA,MP-2 to LP-1 PRDS,Outlet Temperature,degC,,,,,,,4,Steam Network 1 > MP-2 Steam HeaderA > MP-2 Steam LetdownA,MP-2 to LP-1 PRDSA,letdown,False,False,False
62b822be-c57d-96ea-4d71-15aca7c5b454,eebf725f-2c88-c579-41f8-29e7c237b726,Steam Network 1 > MP-2 Steam HeaderA > MP-2 Steam LetdownA > MP-2 to LP-1 PRDSA,MP-2 to LP-1 PRDS,Steam Flow,metric_ton/h,,,,,,,4,Steam Network 1 > MP-2 Steam HeaderA > MP-2 Steam LetdownA,MP-2 to LP-1 PRDSA,letdown,False,False,False
62b822be-c57d-96ea-4d71-15aca7c5b454,260d93ab-2068-5b99-ef13-0a330665c832,Steam Network 1 > MP-2 Steam HeaderA > MP-2 Steam LetdownA > MP-2 to LP-1 PRDSA,MP-2 to LP-1 PRDS,Spray Water Flow,metric_ton/h,,,,,,,4,Steam Network 1 > MP-2 Steam HeaderA > MP-2 Steam LetdownA,MP-2 to LP-1 PRDSA,letdown,False,False,False
62b822be-c57d-96ea-4d71-15aca7c5b454,96435aae-ceb7-c780-538c-990058f49d2e,Steam Network 1 > MP-2 Steam HeaderA > MP-2 Steam LetdownA > MP-2 to LP-1 PRDSA,MP-2 to LP-1 PRDS,Pressure Valve Opening,percent,,,,,,,4,Steam Network 1 > MP-2 Steam HeaderA > MP-2 Steam LetdownA,MP-2 to LP-1 PRDSA,letdown,False,False,False
62b822be-c57d-96ea-4d71-15aca7c5b454,4e8a627b-0766-6a93-003f-7aa149ec08e8,Steam Network 1 > MP-2 Steam HeaderA > MP-2 Steam LetdownA > MP-2 to LP-1 PRDSA,MP-2 to LP-1 PRDS,Temperature Valve Opening,percent,,,,,,,4,Steam Network 1 > MP-2 Steam HeaderA > MP-2 Steam LetdownA,MP-2 to LP-1 PRDSA,letdown,False,False,False
62b822bf-c57d-96f1-c5f7-9fcfa7c5b44e,ad55c60f-0c24-e92d-1773-77a3a1712f22,Steam Network 1 > MP-2 Steam HeaderA > MP-2 Steam LetdownA > MP-2 to LP-1 PRDSB,MP-2 to LP-1 PRDS,Inlet Pressure,bar,,,,,,,4,Steam Network 1 > MP-2 Steam HeaderA > MP-2 Steam LetdownA,MP-2 to LP-1 PRDSB,letdown,False,False,False
62b822bf-c57d-96f1-c5f7-9fcfa7c5b44e,9c4e896a-af0a-b1fc-fe75-8e5833443896,Steam Network 1 > MP-2 Steam HeaderA > MP-2 Steam LetdownA > MP-2 to LP-1 PRDSB,MP-2 to LP-1 PRDS,Inlet Temperature,degC,,,,,,,4,Steam Network 1 > MP-2 Steam HeaderA > MP-2 Steam LetdownA,MP-2 to LP-1 PRDSB,letdown,False,False,False
62b822bf-c57d-96f1-c5f7-9fcfa7c5b44e,5d4de378-2233-ba84-f456-79e07f7e59fc,Steam Network 1 > MP-2 Steam HeaderA > MP-2 Steam LetdownA > MP-2 to LP-1 PRDSB,MP-2 to LP-1 PRDS,Outlet Pressure,bar,,,,,,,4,Steam Network 1 > MP-2 Steam HeaderA > MP-2 Steam LetdownA,MP-2 to LP-1 PRDSB,letdown,False,False,False
62b822bf-c57d-96f1-c5f7-9fcfa7c5b44e,56b50761-20ed-5d17-82be-e6b776585a76,Steam Network 1 > MP-2 Steam HeaderA > MP-2 Steam LetdownA > MP-2 to LP-1 PRDSB,MP-2 to LP-1 PRDS,Outlet Temperature,degC,,,,,,,4,Steam Network 1 > MP-2 Steam HeaderA > MP-2 Steam LetdownA,MP-2 to LP-1 PRDSB,letdown,False,False,False
62b822bf-c57d-96f1-c5f7-9fcfa7c5b44e,f67117be-f2a9-de24-02ec-1ab804d8c99a,Steam Network 1 > MP-2 Steam HeaderA > MP-2 Steam LetdownA > MP-2 to LP-1 PRDSB,MP-2 to LP-1 PRDS,Steam Flow,metric_ton/h,,,,,,,4,Steam Network 1 > MP-2 Steam HeaderA > MP-2 Steam LetdownA,MP-2 to LP-1 PRDSB,letdown,False,False,False
62b822bf-c57d-96f1-c5f7-9fcfa7c5b44e,ea9f75ca-0449-59dc-cf96-7398eed62c16,Steam Network 1 > MP-2 Steam HeaderA > MP-2 Steam LetdownA > MP-2 to LP-1 PRDSB,MP-2 to LP-1 PRDS,Spray Water Flow,metric_ton/h,,,,,,,4,Steam Network 1 > MP-2 Steam HeaderA > MP-2 Steam LetdownA,MP-2 to LP-1 PRDSB,letdown,False,False,False
62b822bf-c57d-96f1-c5f7-9fcfa7c5b44e,9244e98d-c4e1-0a1b-5751-23df56a5e396,Steam Network 1 > MP-2 Steam HeaderA > MP-2 Steam LetdownA > MP-2 to LP-1 PRDSB,MP-2 to LP-1 PRDS,Pressure Valve Opening,percent,,,,,,,4,Steam Network 1 > MP-2 Steam HeaderA > MP-2 Steam LetdownA,MP-2 to LP-1 PRDSB,letdown,False,False,False
62b822bf-c57d-96f1-c5f7-9fcfa7c5b44e,87db733c-4946-3162-a178-98f8ce9d425e,Steam Network 1 > MP-2 Steam HeaderA > MP-2 Steam LetdownA > MP-2 to LP-1 PRDSB,MP-2 to LP-1 PRDS,Temperature Valve Opening,percent,,,,,,,4,Steam Network 1 > MP-2 Steam HeaderA > MP-2 Steam LetdownA,MP-2 to LP-1 PRDSB,letdown,False,False,False
62b822c0-c57d-96f8-3e7e-2a00a7c5b438,8ee7a3ee-eaa6-aa28-ff61-a930644109c6,Steam Network 1 > MP-2 Steam HeaderA > MP-2 Steam LetdownA > MP-2 to LP-1 PRDSC,MP-2 to LP-1 PRDS,Inlet Pressure,bar,,,,,,,4,Steam Network 1 > MP-2 Steam HeaderA > MP-2 Steam LetdownA,MP-2 to LP-1 PRDSC,letdown,False,False,False
62b822c0-c57d-96f8-3e7e-2a00a7c5b438,69f8eb2b-9e8f-71ab-9018-10b9f7779a80,Steam Network 1 > MP-2 Steam HeaderA > MP-2 Steam LetdownA > MP-2 to LP-1 PRDSC,MP-2 to LP-1 PRDS,Inlet Temperature,degC,,,,,,,4,Steam Network 1 > MP-2 Steam HeaderA > MP-2 Steam LetdownA,MP-2 to LP-1 PRDSC,letdown,False,False,False
62b822c0-c57d-96f8-3e7e-2a00a7c5b438,adf7c179-4af4-9ecb-3e33-18f3e7035fb2,Steam Network 1 > MP-2 Steam HeaderA > MP-2 Steam LetdownA > MP-2 to LP-1 PRDSC,MP-2 to LP-1 PRDS,Outlet Pressure,bar,,,,,,,4,Steam Network 1 > MP-2 Steam HeaderA > MP-2 Steam LetdownA,MP-2 to LP-1 PRDSC,letdown,False,False,False
62b822c0-c57d-96f8-3e7e-2a00a7c5b438,3e56ddc0-bf1d-1162-00ba-a380814bcca2,Steam Network 1 > MP-2 Steam HeaderA > MP-2 Steam LetdownA > MP-2 to LP-1 PRDSC,MP-2 to LP-1 PRDS,Outlet Temperature,degC,,,,,,,4,Steam Network 1 > MP-2 Steam HeaderA > MP-2 Steam LetdownA,MP-2 to LP-1 PRDSC,letdown,False,False,False
62b822c0-c57d-96f8-3e7e-2a00a7c5b438,fe22bd1d-b8ca-f6cf-f0b2-c87346e84bd2,Steam Network 1 > MP-2 Steam HeaderA > MP-2 Steam LetdownA > MP-2 to LP-1 PRDSC,MP-2 to LP-1 PRDS,Steam Flow,metric_ton/h,,,,,,,4,Steam Network 1 > MP-2 Steam HeaderA > MP-2 Steam LetdownA,MP-2 to LP-1 PRDSC,letdown,False,False,False
62b822c0-c57d-96f8-3e7e-2a00a7c5b438,af3157e9-e82a-581f-c16b-bd37471b0ff6,Steam Network 1 > MP-2 Steam HeaderA > MP-2 Steam LetdownA > MP-2 to LP-1 PRDSC,MP-2 to LP-1 PRDS,Spray Water Flow,metric_ton/h,,,,,,,4,Steam Network 1 > MP-2 Steam HeaderA > MP-2 Steam LetdownA,MP-2 to LP-1 PRDSC,letdown,False,False,False
62b822c0-c57d-96f8-3e7e-2a00a7c5b438,8e46786c-bb0a-4cb6-aa11-acc8354c34da,Steam Network 1 > MP-2 Steam HeaderA > MP-2 Steam LetdownA > MP-2 to LP-1 PRDSC,MP-2 to LP-1 PRDS,Pressure Valve Opening,percent,,,,,,,4,Steam Network 1 > MP-2 Steam HeaderA > MP-2 Steam LetdownA,MP-2 to LP-1 PRDSC,letdown,False,False,False
62b822c0-c57d-96f8-3e7e-2a00a7c5b438,c12c83fd-8b25-f831-8bf3-5b6d4a097bcc,Steam Network 1 > MP-2 Steam HeaderA > MP-2 Steam LetdownA > MP-2 to LP-1 PRDSC,MP-2 to LP-1 PRDS,Temperature Valve Opening,percent,,,,,,,4,Steam Network 1 > MP-2 Steam HeaderA > MP-2 Steam LetdownA,MP-2 to LP-1 PRDSC,letdown,False,False,False
62b822c1-c57d-96ff-b704-b43fa7c5b43e,707981cd-c928-6b23-66e5-6e07b951eaee,Steam Network 1 > MP-2 Steam HeaderA > MP-2 Steam LetdownA > MP-2 to LP-1 PRDSD,MP-2 to LP-1 PRDS,Inlet Pressure,bar,,,,,,,4,Steam Network 1 > MP-2 Steam HeaderA > MP-2 Steam LetdownA,MP-2 to LP-1 PRDSD,letdown,False,False,False
62b822c1-c57d-96ff-b704-b43fa7c5b43e,37a34cec-8e14-315a-bb92-36f8b9b77db6,Steam Network 1 > MP-2 Steam HeaderA > MP-2 Steam LetdownA > MP-2 to LP-1 PRDSD,MP-2 to LP-1 PRDS,Inlet Temperature,degC,,,,,,,4,Steam Network 1 > MP-2 Steam HeaderA > MP-2 Steam LetdownA,MP-2 to LP-1 PRDSD,letdown,False,False,False
62b822c1-c57d-96ff-b704-b43fa7c5b43e,fea19f7a-73b5-8312-2b3a-a4948d141c68,Steam Network 1 > MP-2 Steam HeaderA > MP-2 Steam LetdownA > MP-2 to LP-1 PRDSD,MP-2 to LP-1 PRDS,Outlet Pressure,bar,,,,,,,4,Steam Network 1 > MP-2 Steam HeaderA > MP-2 Steam LetdownA,MP-2 to LP-1 PRDSD,letdown,False,False,False
62b822c1-c57d-96ff-b704-b43fa7c5b43e,25f8b41f-5d4c-c5ad-c7e1-93f378b471b2,Steam Network 1 > MP-2 Steam HeaderA > MP-2 Steam LetdownA > MP-2 to LP-1 PRDSD,MP-2 to LP-1 PRDS,Outlet Temperature,degC,,,,,,,4,Steam Network 1 > MP-2 Steam HeaderA > MP-2 Steam LetdownA,MP-2 to LP-1 PRDSD,letdown,False,False,False
62b822c1-c57d-96ff-b704-b43fa7c5b43e,05d4627c-7eec-0f7a-0b4c-33187b386d06,Steam Network 1 > MP-2 Steam HeaderA > MP-2 Steam LetdownA > MP-2 to LP-1 PRDSD,MP-2 to LP-1 PRDS,Steam Flow,metric_ton/h,,,,,,,4,Steam Network 1 > MP-2 Steam HeaderA > MP-2 Steam LetdownA,MP-2 to LP-1 PRDSD,letdown,False,False,False
62b822c1-c57d-96ff-b704-b43fa7c5b43e,73c33a08-cc0b-5662-c492-e710bfc86c6a,Steam Network 1 > MP-2 Steam HeaderA > MP-2 Steam LetdownA > MP-2 to LP-1 PRDSD,MP-2 to LP-1 PRDS,Spray Water Flow,metric_ton/h,,,,,,,4,Steam Network 1 > MP-2 Steam HeaderA > MP-2 Steam LetdownA,MP-2 to LP-1 PRDSD,letdown,False,False,False
62b822c1-c57d-96ff-b704-b43fa7c5b43e,8a48074b-b133-8f51-4bce-33bb3b7b881a,Steam Network 1 > MP-2 Steam HeaderA > MP-2 Steam LetdownA > MP-2 to LP-1 PRDSD,MP-2 to LP-1 PRDS,Pressure Valve Opening,percent,,,,,,,4,Steam Network 1 > MP-2 Steam HeaderA > MP-2 Steam LetdownA,MP-2 to LP-1 PRDSD,letdown,False,False,False
62b822c1-c57d-96ff-b704-b43fa7c5b43e,fa7d94be-cd05-bf00-bfaf-c20037782bbe,Steam Network 1 > MP-2 Steam HeaderA > MP-2 Steam LetdownA > MP-2 to LP-1 PRDSD,MP-2 to LP-1 PRDS,Temperature Valve Opening,percent,,,,,,,4,Steam Network 1 > MP-2 Steam HeaderA > MP-2 Steam LetdownA,MP-2 to LP-1 PRDSD,letdown,False,False,False
55cb7a61-7d8b-07e1-c7da-364128407d80,e2c10509-fc32-be21-5460-54291ef3bb28,Steam Network 1 > LP-1 Steam HeaderA > LP-1 Steam ConsumersA > LP-1 Steam ExchangerA,LP Steam Exchanger,Condensate Outlet Flow,metric_ton/h,,,,,,,4,Steam Network 1 > LP-1 Steam HeaderA > LP-1 Steam ConsumersA,LP-1 Steam ExchangerA,consumer,False,False,False
55cb7a61-7d8b-07e1-c7da-364128407d80,3fe96710-9058-a428-effe-5a80afb1c338,Steam Network 1 > LP-1 Steam HeaderA > LP-1 Steam ConsumersA > LP-1 Steam ExchangerA,LP Steam Exchanger,Process Side Inlet Temperature,degC,,,,,,,4,Steam Network 1 > LP-1 Steam HeaderA > LP-1 Steam ConsumersA,LP-1 Steam ExchangerA,consumer,False,False,False
55cb7a61-7d8b-07e1-c7da-364128407d80,2675de7b-b131-5d73-b950-a04197448308,Steam Network 1 > LP-1 Steam HeaderA > LP-1 Steam ConsumersA > LP-1 Steam ExchangerA,LP Steam Exchanger,Process Side Outlet Temperature,degC,,,,,,,4,Steam Network 1 > LP-1 Steam HeaderA > LP-1 Steam ConsumersA,LP-1 Steam ExchangerA,consumer,False,False,False
55cb7a61-7d8b-07e1-c7da-364128407d80,9ac27f86-3e41-c70c-4745-2448a483b88a,Steam Network 1 > LP-1 Steam HeaderA > LP-1 Steam ConsumersA > LP-1 Steam ExchangerA,LP Steam Exchanger,Steam Inlet Flow,metric_ton/h,UN.UO.70PC0024A.MV,,,,,,4,Steam Network 1 > LP-1 Steam HeaderA > LP-1 Steam ConsumersA,LP-1 Steam ExchangerA,consumer,True,False,False
55cb7a61-7d8b-07e1-c7da-364128407d80,a9e9a89d-9b26-45ff-507f-456332cfed62,Steam Network 1 > LP-1 Steam HeaderA > LP-1 Steam ConsumersA > LP-1 Steam ExchangerA,LP Steam Exchanger,Steam Inlet Pressure,bar,,,,,,,4,Steam Network 1 > LP-1 Steam HeaderA > LP-1 Steam ConsumersA,LP-1 Steam ExchangerA,consumer,False,False,False
55cb7a61-7d8b-07e1-c7da-364128407d80,59d7f41c-2fa5-6d46-fe08-aba87672995a,Steam Network 1 > LP-1 Steam HeaderA > LP-1 Steam ConsumersA > LP-1 Steam ExchangerA,LP Steam Exchanger,Steam Inlet Temperature,degC,,,,,,,4,Steam Network 1 > LP-1 Steam HeaderA > LP-1 Steam ConsumersA,LP-1 Steam ExchangerA,consumer,False,False,False
7140ba5d-75bb-cee9-cccf-74a504fb74b4,92272372-03bd-447a-8d3b-2c54919a6708,Steam Network 1 > LP-1 Steam HeaderA > LP-1 Steam ConsumersA > LP-1 DeaeratorA,LP Deaerator,BFW Outlet Flow,metric_ton/h,,,,,,,4,Steam Network 1 > LP-1 Steam HeaderA > LP-1 Steam ConsumersA,LP-1 DeaeratorA,deaerator,False,False,False
7140ba5d-75bb-cee9-cccf-74a504fb74b4,110016cc-6811-f5a2-3b6b-a9187911e36e,Steam Network 1 > LP-1 Steam HeaderA > LP-1 Steam ConsumersA > LP-1 DeaeratorA,LP Deaerator,Condensate Inlet Flow,metric_ton/h,,,,,,,4,Steam Network 1 > LP-1 Steam HeaderA > LP-1 Steam ConsumersA,LP-1 DeaeratorA,deaerator,False,False,False
7140ba5d-75bb-cee9-cccf-74a504fb74b4,584285a3-e0bd-47c9-08a2-21fbb8ffc26a,Steam Network 1 > LP-1 Steam HeaderA > LP-1 Steam ConsumersA > LP-1 DeaeratorA,LP Deaerator,DA Level,,,,,,,,4,Steam Network 1 > LP-1 Steam HeaderA > LP-1 Steam ConsumersA,LP-1 DeaeratorA,deaerator,False,False,False
7140ba5d-75bb-cee9-cccf-74a504fb74b4,183b03c6-0a2c-bec4-bc03-d7981217bd02,Steam Network 1 > LP-1 Steam HeaderA > LP-1 Steam ConsumersA > LP-1 DeaeratorA,LP Deaerator,DA Pressure,bar,,,,,,,4,Steam Network 1 > LP-1 Steam HeaderA > LP-1 Steam ConsumersA,LP-1 DeaeratorA,deaerator,False,False,False
7140ba5d-75bb-cee9-cccf-74a504fb74b4,27575c53-032b-4857-6b98-b835247c1404,Steam Network 1 > LP-1 Steam HeaderA > LP-1 Steam ConsumersA > LP-1 DeaeratorA,LP Deaerator,DA Temperature,degC,,,,,,,4,Steam Network 1 > LP-1 Steam HeaderA > LP-1 Steam ConsumersA,LP-1 DeaeratorA,deaerator,False,False,False
7140ba5d-75bb-cee9-cccf-74a504fb74b4,db61b46e-3caf-13f8-e63c-f490e7cea796,Steam Network 1 > LP-1 Steam HeaderA > LP-1 Steam ConsumersA > LP-1 DeaeratorA,LP Deaerator,Heating Steam Flow,metric_ton/h,UN.UO.71FI1097.PV,,,,,,4,Steam Network 1 > LP-1 Steam HeaderA > LP-1 Steam ConsumersA,LP-1 DeaeratorA,deaerator,True,False,False
7140ba5d-75bb-cee9-cccf-74a504fb74b4,70817f68-5011-f2d2-aa92-d35020908dba,Steam Network 1 > LP-1 Steam HeaderA > LP-1 Steam ConsumersA > LP-1 DeaeratorA,LP Deaerator,Heating Steam Valve Opening,percent,,,,,,,4,Steam Network 1 > LP-1 Steam HeaderA > LP-1 Steam ConsumersA,LP-1 DeaeratorA,deaerator,False,False,False
7140ba5d-75bb-cee9-cccf-74a504fb74b4,98a8251f-fd3e-bfcf-842a-251165969ad0,Steam Network 1 > LP-1 Steam HeaderA > LP-1 Steam ConsumersA > LP-1 DeaeratorA,LP Deaerator,Make-up Water Flow,metric_ton/h,,,,,,,4,Steam Network 1 > LP-1 Steam HeaderA > LP-1 Steam ConsumersA,LP-1 DeaeratorA,deaerator,False,False,False
7140ba5d-75bb-cee9-cccf-74a504fb74b4,66c5c887-43f6-3f3b-62a8-701d2533f7bc,Steam Network 1 > LP-1 Steam HeaderA > LP-1 Steam ConsumersA > LP-1 DeaeratorA,LP Deaerator,Vent Steam Flow,metric_ton/h,,,,,,,4,Steam Network 1 > LP-1 Steam HeaderA > LP-1 Steam ConsumersA,LP-1 DeaeratorA,deaerator,False,False,False
7140ba5d-75bb-cee9-cccf-74a504fb74b4,92272372-03bd-447a-8d3b-2c54919a6708,Steam Network 1 > LP-1 Steam HeaderA > LP-1 Steam ConsumersA > LP-1 DeaeratorB,LP Deaerator,BFW Outlet Flow,metric_ton/h,,,,,,,4,Steam Network 1 > LP-1 Steam HeaderA > LP-1 Steam ConsumersA,LP-1 DeaeratorB,deaerator,False,False,False
7140ba5d-75bb-cee9-cccf-74a504fb74b4,110016cc-6811-f5a2-3b6b-a9187911e36e,Steam Network 1 > LP-1 Steam HeaderA > LP-1 Steam ConsumersA > LP-1 DeaeratorB,LP Deaerator,Condensate Inlet Flow,metric_ton/h,,,,,,,4,Steam Network 1 > LP-1 Steam HeaderA > LP-1 Steam ConsumersA,LP-1 DeaeratorB,deaerator,False,False,False
7140ba5d-75bb-cee9-cccf-74a504fb74b4,584285a3-e0bd-47c9-08a2-21fbb8ffc26a,Steam Network 1 > LP-1 Steam HeaderA > LP-1 Steam ConsumersA > LP-1 DeaeratorB,LP Deaerator,DA Level,,,,,,,,4,Steam Network 1 > LP-1 Steam HeaderA > LP-1 Steam ConsumersA,LP-1 DeaeratorB,deaerator,False,False,False
7140ba5d-75bb-cee9-cccf-74a504fb74b4,183b03c6-0a2c-bec4-bc03-d7981217bd02,Steam Network 1 > LP-1 Steam HeaderA > LP-1 Steam ConsumersA > LP-1 DeaeratorB,LP Deaerator,DA Pressure,bar,,,,,,,4,Steam Network 1 > LP-1 Steam HeaderA > LP-1 Steam ConsumersA,LP-1 DeaeratorB,deaerator,False,False,False
7140ba5d-75bb-cee9-cccf-74a504fb74b4,27575c53-032b-4857-6b98-b835247c1404,Steam Network 1 > LP-1 Steam HeaderA > LP-1 Steam ConsumersA > LP-1 DeaeratorB,LP Deaerator,DA Temperature,degC,,,,,,,4,Steam Network 1 > LP-1 Steam HeaderA > LP-1 Steam ConsumersA,LP-1 DeaeratorB,deaerator,False,False,False
7140ba5d-75bb-cee9-cccf-74a504fb74b4,db61b46e-3caf-13f8-e63c-f490e7cea796,Steam Network 1 > LP-1 Steam HeaderA > LP-1 Steam ConsumersA > LP-1 DeaeratorB,LP Deaerator,Heating Steam Flow,metric_ton/h,UN.UO.71FI1096.PV,,,,,,4,Steam Network 1 > LP-1 Steam HeaderA > LP-1 Steam ConsumersA,LP-1 DeaeratorB,deaerator,True,False,False
7140ba5d-75bb-cee9-cccf-74a504fb74b4,70817f68-5011-f2d2-aa92-d35020908dba,Steam Network 1 > LP-1 Steam HeaderA > LP-1 Steam ConsumersA > LP-1 DeaeratorB,LP Deaerator,Heating Steam Valve Opening,percent,,,,,,,4,Steam Network 1 > LP-1 Steam HeaderA > LP-1 Steam ConsumersA,LP-1 DeaeratorB,deaerator,False,False,False
7140ba5d-75bb-cee9-cccf-74a504fb74b4,98a8251f-fd3e-bfcf-842a-251165969ad0,Steam Network 1 > LP-1 Steam HeaderA > LP-1 Steam ConsumersA > LP-1 DeaeratorB,LP Deaerator,Make-up Water Flow,metric_ton/h,,,,,,,4,Steam Network 1 > LP-1 Steam HeaderA > LP-1 Steam ConsumersA,LP-1 DeaeratorB,deaerator,False,False,False
7140ba5d-75bb-cee9-cccf-74a504fb74b4,66c5c887-43f6-3f3b-62a8-701d2533f7bc,Steam Network 1 > LP-1 Steam HeaderA > LP-1 Steam ConsumersA > LP-1 DeaeratorB,LP Deaerator,Vent Steam Flow,metric_ton/h,,,,,,,4,Steam Network 1 > LP-1 Steam HeaderA > LP-1 Steam ConsumersA,LP-1 DeaeratorB,deaerator,False,False,False
5e89067e-9455-cb2c-e789-07a8cadccd52,871c3a89-7083-3de1-5ddd-1769f79f0768,Steam Network 1 > LP-1 Steam HeaderA > LP-1 Steam ConsumersA > LP-1 Steam ExportA,LP Steam Export,Export Steam Flow,metric_ton/h,UN.EG1.29FI9203.PV,,,,,,4,Steam Network 1 > LP-1 Steam HeaderA > LP-1 Steam ConsumersA,LP-1 Steam ExportA,consumer,True,False,False
5e89067e-9455-cb2c-e789-07a8cadccd52,0d182a20-c8a1-9c84-f841-3880c5b9b6a4,Steam Network 1 > LP-1 Steam HeaderA > LP-1 Steam ConsumersA > LP-1 Steam ExportA,LP Steam Export,Export Steam Pressure,bar,UN.UO.70PI0024A.PV,,,,,,4,Steam Network 1 > LP-1 Steam HeaderA > LP-1 Steam ConsumersA,LP-1 Steam ExportA,consumer,True,False,False
5e89067e-9455-cb2c-e789-07a8cadccd52,3ac95fb9-5cb3-7717-4df1-989f667a28ae,Steam Network 1 > LP-1 Steam HeaderA > LP-1 Steam ConsumersA > LP-1 Steam ExportA,LP Steam Export,Export Steam Temperature,degC,UN.UO.70TI0006.PV,,,,,,4,Steam Network 1 > LP-1 Steam HeaderA > LP-1 Steam ConsumersA,LP-1 Steam ExportA,consumer,True,False,False
5e89067f-9455-cb33-119e-004dcadccd4c,54c69c4a-6007-fd90-fe33-0ba034c161da,Steam Network 1 > LP-1 Steam HeaderA > LP-1 Steam ConsumersA > LP-1 Steam ExportB,LP Steam Export,Export Steam Flow,metric_ton/h,UN.EG2.49FI9203.PV,,,,,,4,Steam Network 1 > LP-1 Steam HeaderA > LP-1 Steam ConsumersA,LP-1 Steam ExportB,consumer,True,False,False
5e89067f-9455-cb33-119e-004dcadccd4c,5749c361-0d8d-f843-d701-1a635ac43b22,Steam Network 1 > LP-1 Steam HeaderA > LP-1 Steam ConsumersA > LP-1 Steam ExportB,LP Steam Export,Export Steam Pressure,bar,UN.UO.70PI0024A.PV,,,,,,4,Steam Network 1 > LP-1 Steam HeaderA > LP-1 Steam ConsumersA,LP-1 Steam ExportB,consumer,True,False,False
5e89067f-9455-cb33-119e-004dcadccd4c,3ca2b2d8-bf58-a5fa-b667-def083fa1722,Steam Network 1 > LP-1 Steam HeaderA > LP-1 Steam ConsumersA > LP-1 Steam ExportB,LP Steam Export,Export Steam Temperature,degC,UN.UO.70TI0006.PV,,,,,,4,Steam Network 1 > LP-1 Steam HeaderA > LP-1 Steam ConsumersA,LP-1 Steam ExportB,consumer,True,False,False
5e890680-9455-cb3a-3bb2-f900cadccdba,2270fe0b-4f8c-bd3f-3860-a3b56dfc4334,Steam Network 1 > LP-1 Steam HeaderA > LP-1 Steam ConsumersA > LP-1 Steam ExportC,LP Steam Export,Export Steam Flow,metric_ton/h,UN.EG3.69FI9209.PV,,,,,,4,Steam Network 1 > LP-1 Steam HeaderA > LP-1 Steam ConsumersA,LP-1 Steam ExportC,consumer,True,False,False
5e890680-9455-cb3a-3bb2-f900cadccdba,a17b5ca2-527a-5402-c68f-e144f30108a0,Steam Network 1 > LP-1 Steam HeaderA > LP-1 Steam ConsumersA > LP-1 Steam ExportC,LP Steam Export,Export Steam Pressure,bar,UN.UO.70PI0024A.PV,,,,,,4,Steam Network 1 > LP-1 Steam HeaderA > LP-1 Steam ConsumersA,LP-1 Steam ExportC,consumer,True,False,False
5e890680-9455-cb3a-3bb2-f900cadccdba,3e7c05f7-21fd-d4dd-621c-b23b1f81d12a,Steam Network 1 > LP-1 Steam HeaderA > LP-1 Steam ConsumersA > LP-1 Steam ExportC,LP Steam Export,Export Steam Temperature,degC,UN.UO.70TI0006.PV,,,,,,4,Steam Network 1 > LP-1 Steam HeaderA > LP-1 Steam ConsumersA,LP-1 Steam ExportC,consumer,True,False,False
5e890681-9455-cb41-65c7-f1c1cadccdc0,f01b5fcc-3f11-7cee-0c65-dfa8cf0a2322,Steam Network 1 > LP-1 Steam HeaderA > LP-1 Steam ConsumersA > LP-1 Steam ExportD,LP Steam Export,Export Steam Flow,metric_ton/h,UN.UO.17FI7065,,,,,,4,Steam Network 1 > LP-1 Steam HeaderA > LP-1 Steam ConsumersA,LP-1 Steam ExportD,consumer,True,False,False
5e890681-9455-cb41-65c7-f1c1cadccdc0,ebacf5e3-9766-afc1-c6ed-8d237cca5a22,Steam Network 1 > LP-1 Steam HeaderA > LP-1 Steam ConsumersA > LP-1 Steam ExportD,LP Steam Export,Export Steam Pressure,bar,UN.UO.70PI0024A.PV,,,,,,4,Steam Network 1 > LP-1 Steam HeaderA > LP-1 Steam ConsumersA,LP-1 Steam ExportD,consumer,True,False,False
5e890681-9455-cb41-65c7-f1c1cadccdc0,40555916-84a3-03c0-5110-1280c4f65ad6,Steam Network 1 > LP-1 Steam HeaderA > LP-1 Steam ConsumersA > LP-1 Steam ExportD,LP Steam Export,Export Steam Temperature,degC,UN.UO.70TI0006.PV,,,,,,4,Steam Network 1 > LP-1 Steam HeaderA > LP-1 Steam ConsumersA,LP-1 Steam ExportD,consumer,True,False,False
5e890682-9455-cb48-8fdc-ea90cadccdca,bdc5c18d-2e96-3c9d-7a42-bf799353fd10,Steam Network 1 > LP-1 Steam HeaderA > LP-1 Steam ConsumersA > LP-1 Steam ExportE,LP Steam Export,Export Steam Flow,metric_ton/h,UN.LAO.39FI9004.PV,,,,,,4,Steam Network 1 > LP-1 Steam HeaderA > LP-1 Steam ConsumersA,LP-1 Steam ExportE,consumer,True,False,False
5e890682-9455-cb48-8fdc-ea90cadccdca,35de8f24-dc53-0b80-d81a-1e00e98d84a4,Steam Network 1 > LP-1 Steam HeaderA > LP-1 Steam ConsumersA > LP-1 Steam ExportE,LP Steam Export,Export Steam Pressure,bar,UN.UO.70PI0024A.PV,,,,,,4,Steam Network 1 > LP-1 Steam HeaderA > LP-1 Steam ConsumersA,LP-1 Steam ExportE,consumer,True,False,False
5e890682-9455-cb48-8fdc-ea90cadccdca,422eac35-e748-32a3-8341-ffbfa5669e96,Steam Network 1 > LP-1 Steam HeaderA > LP-1 Steam ConsumersA > LP-1 Steam ExportE,LP Steam Export,Export Steam Temperature,degC,UN.UO.70TI0006.PV,,,,,,4,Steam Network 1 > LP-1 Steam HeaderA > LP-1 Steam ConsumersA,LP-1 Steam ExportE,consumer,True,False,False
f90235dd-e55b-0341-16c0-441d1c59369c,83fe85e0-12db-fd34-a0a1-9180912578d4,Steam Network 1 > LP-1 Steam HeaderA > LP-1 Steam ConsumersA > LP-1 Steam VentA,LP Steam Vent,Steam Flow,metric_ton/h,,,,,,,4,Steam Network 1 > LP-1 Steam HeaderA > LP-1 Steam ConsumersA,LP-1 Steam VentA,vent,False,False,False
f90235dd-e55b-0341-16c0-441d1c59369c,eea6f1f7-3cdb-01a7-3826-cf21d27df050,Steam Network 1 > LP-1 Steam HeaderA > LP-1 Steam ConsumersA > LP-1 Steam VentA,LP Steam Vent,Steam Pressure,bar,UN.UO.70PI0024A.PV,,,,,,4,Steam Network 1 > LP-1 Steam HeaderA > LP-1 Steam ConsumersA,LP-1 Steam VentA,vent,True,False,False
f90235dd-e55b-0341-16c0-441d1c59369c,a152f482-dd13-b54e-2dcc-699c7c4141cc,Steam Network 1 > LP-1 Steam HeaderA > LP-1 Steam ConsumersA > LP-1 Steam VentA,LP Steam Vent,Steam Temperature,degC,UN.UO.70TI0006.PV,,,,,,4,Steam Network 1 > LP-1 Steam HeaderA > LP-1 Steam ConsumersA,LP-1 Steam VentA,vent,True,False,False
f90235dd-e55b-0341-16c0-441d1c59369c,a1a5f81f-28fe-e787-082b-d159895b1f98,Steam Network 1 > LP-1 Steam HeaderA > LP-1 Steam ConsumersA > LP-1 Steam VentA,LP Steam Vent,Vent Valve Opening,percent,UN.UO.70PC0024B.MV,,,,,,4,Steam Network 1 > LP-1 Steam HeaderA > LP-1 Steam ConsumersA,LP-1 Steam VentA,vent,True,False,False
