inferred_detail_id,model_tag_id,formula_expression,active
1,176,4000,1
2,177,"if([EOEG3_Plant_Status]==0,0,[BFW_to_EOEG_3_raw])",1
3,178,"if([BLR_1_HPS_Gen_raw]<0,0,[BLR_1_HPS_Gen_raw]/1000)",1
4,179,"if([BLR_2_HPS_Gen_raw]<0,0,[BLR_2_HPS_Gen_raw]/1000)",1
5,180,"if([BLR_3_HPS_Gen_raw]<0,0,[BLR_3_HPS_Gen_raw]/1000)",1
6,181,"if([BLR_4_HPS_Gen_raw]<0,0,[BLR_4_HPS_Gen_raw]/1000)",1
7,182,"if([BLR_5_HPS_Gen_raw]<0,0,[BLR_5_HPS_Gen_raw]/1000)",1
8,183,"if([BFW_B_Turb_Steam_raw]<100,0,[BFW_B_Turb_Steam_raw]/1000)",1
9,184,"if([BFW_C_Turb_Steam_raw]<100,0,[BFW_C_Turb_Steam_raw]/1000)",1
10,185,"if([BFW_E_Turb_Steam_raw]<100,0,[BFW_E_Turb_Steam_raw]/1000)",1
11,186,"if([FD_Fan_BLR_1_Steam_raw]<500,0,[FD_Fan_BLR_1_Steam_raw]/1000)",1
12,187,"if([FD_Fan_BLR_2_Steam_raw]<500,0,[FD_Fan_BLR_2_Steam_raw]/1000)",1
13,188,"if([FD_Fan_BLR_3_Steam_raw]<500,0,[FD_Fan_BLR_3_Steam_raw]/1000)",1
14,189,"if([FD_Fan_BLR_4_Steam_raw]<500,0,[FD_Fan_BLR_4_Steam_raw]/1000)",1
15,190,"if([FD_Fan_BLR_5_Steam_raw]<500,0,[FD_Fan_BLR_5_Steam_raw]/1000)",1
16,191,"if([VHP_BFW_B_Turb_Steam_raw]<100,0,[VHP_BFW_B_Turb_Steam_raw]/1000)",1
17,192,"if([VHP_BFW_C_Turb_Steam_raw]<100,0,[VHP_BFW_C_Turb_Steam_raw]/1000)",1
18,193,"if([Air_Compressor_Turbine_A_Steam_raw]<100,0,[Air_Compressor_Turbine_A_Steam_raw]/1000)",1
19,194,"if([Air_Compressor_Turbine_D_Steam_raw]<100,0,[Air_Compressor_Turbine_D_Steam_raw]/1000)",1
20,195,"if([DMW_Turbine_A_Steam_raw]<100,0,[DMW_Turbine_A_Steam_raw]/1000)",1
21,196,"if([DMW_Turbine_C_Steam_raw]<100,0,[DMW_Turbine_C_Steam_raw]/1000)",1
22,197,[Deaerator_A_LPS_raw]/1000,1
23,198,[Deaerator_B_LPS_raw]/1000,1
24,199,"if([LAO_Plant_Status]==0,0,[BFW_TO_LAO_raw]/1000)",1
25,200,[DSP_BFW_TO_CAUSTIC_DILUTION_raw]/1000,1
26,201,"if([BLR_1_Status]!=0,[LHV_Raw],if([BLR_2_Status]!=0,[LHV_Raw_2],if([BLR_3_Status]!=0,[LHV_Raw_3],if([BLR_4_Status]!=0,[LHV_Raw_4],if([BLR_5_Status]!=0,[LHV_Raw_5],0)))))*4.184/1000",0
27,202,[LP_Steam_Dumping_Valve_PC0024A_Steam_flow_out_UO]+[Boiler_CBD]+[Condensate_from_Traps],1
28,203,336,1
29,204,326,1
30,205,15.435,1
31,206,15.435,1
32,207,11.27,1
33,208,11.27,1
34,209,12326,1
35,210,350,1
36,211,0.9,1
37,212,0,1
38,213,(-2.4610118074113*[VHP_Steam_Pressure]+3.35070975622248*[VHP_Steam_Temperature]+2008.00318529056)/4.184,1
39,214,((2175.54628147543-1.32764297764643*([HP_Steam_Pressure])+2.66244961166282*[HP_Steam_Temperature])*0.239+2),0
40,215,740,0
41,216,(2276.1762+[LP_Steam_Pressure]*18.641+[LP_Steam_Temperature]*2.26789)/4.184,0
42,217,([BFW_Pressure]*0.0678913878546345+[BFW_Temperature]*4.22416911685416-3.01717714574329)/4.184,0
43,218,13.334,1
44,219,2.04,1
45,220,7.34/3.75,1
46,221,"(max(0,[EG1_MEG_production_flow]*0.71)+max(0,[EG1_DEG_production_flow]*0.83)+max(0,([EG1_TEG_production_flow]/1000*0.88))+max(0,([EG1_HEG_production_flow]/1000*0.91)))",1
47,222,"(max(0,[EG2_MEG_production_flow]*0.71)+max(0,[EG2_DEG_production_flow]*0.83)+max(0,([EG2_TEG_production_flow]/1000*0.88))+max(0,([EG2_HEG_production_flow]/1000*0.91)))",1
48,223,"(max(0,[EG3_MEG_production_flow]*0.71)+max(0,[EG3_DEG_production_flow]*0.83)+max(0,([EG3_TEG_production_flow]/1000*0.88))+max(0,([EG3_HEG_production_flow]/1000*0.91)))",1
49,224,[EG1_EOE]+[EG2_EOE]+[EG3_EOE]+[Total_Ethylene_Production_ETH_Plant],1
50,225,([ETH_CLEAN_COND_TO_U_O]+[ETH_suspect_COND_TO_U_O_corrected])*[Condensate_Recovery_Ratio_ETH]+[EG1_CLEAN_COND_TO_U_O]+[EG2_CLEAN_COND_TO_U_O]+[EG3_CLEAN_COND_TO_U_O]+[EG1_suspect_COND_TO_U_O_corrected]+[EG2_suspect_COND_TO_U_O_corrected]+[EG3_suspect_COND_TO_U_O_corrected],1
51,226,"if([ETH_Plant_Status]==0,0,([VHP_BFW_FROM_U_O]+[VHP_DESPHTR_BFW_FROM_U_O]))",1
52,227,([Fuel_BLR_1]+[Fuel_BLR_2]+[Fuel_BLR_3]+[Fuel_BLR_4]+[Fuel_BLR_5]),1
53,228,[Total_Fuel_for_Boilers_corrected]*([LHV]),1
54,229,([BLR_1_HPS_Gen]+[BLR_2_HPS_Gen]+[BLR_3_HPS_Gen]+[BLR_4_HPS_Gen]+[BLR_5_HPS_Gen]),1
55,230,"if(([BFW_A_AMPS]>60)||([BFW_A_Vibrations]>10)||([BFW_A_Bearing_temp]>60),1,0)",1
56,231,"if(([BFW_B_Turb_Steam_raw]/1000)>8,1,0)",1
57,232,"if(([BFW_C_Turb_Steam_raw]/1000)>8,1,0)",1
58,233,"if(([BFW_D_AMPS]>60)||([BFW_D_Vibrations]>10)||([BFW_D_Bearing_temp]>60),1,0)",1
59,234,"if(([BFW_E_Turb_Steam_raw]/1000)>8,1,0)",1
60,235,"if(([PM7103F_CWP_MTR_BEARING])>50,1,0)",1
61,236,"if((([VHP_BFW_B_Turb_Steam_raw]/1000))>16||([VHP_BFW_B_Discharge_flow]>150000),1,0)",1
62,237,"if((([VHP_BFW_C_Turb_Steam_raw]/1000))>16||([VHP_BFW_C_Discharge_flow]>150000),1,0)",1
63,238,"if(([VHP_BFW_A_AMPS])>150||([VHP_BFW_A_Discharge_flow]>150000)||([VHP_BFW_A_Vibration]>2),1,0)",1
64,239,"if(([CW_Turbine_A_Steam])>16||([CW_Turbine_A_RPM])>2100,1,0)",1
65,240,"if(([CW_Turbine_B_Steam])>16||([CW_Turbine_B_RPM])>2100,1,0)",1
66,241,"if(([PM7801C_CWP_MTR_BEARING])>50||([CW_Motor_C_Winding_temp])>50,1,0)",1
67,242,"if(([PM7801D_CWP_MTR_BEARING])>50||([CW_Motor_D_Winding_temp])>50,1,0)",1
68,243,"if(([PM7801E_CWP_MTR_BEARING])>50||([CW_Motor_E_Winding_temp])>50,1,0)",1
69,244,"if(([PM7801F_CWP_MTR_BEARING])>50||([CW_Motor_F_Winding_temp])>50,1,0)",1
70,245,"if(([CW_Turbine_G_Steam])>16||([CW_Turbine_G_RPM])>2100,1,0)",1
71,246,"if(([Air_Compressor_Turbine_A_Steam_raw]/1000)>12.5||([Air_Compressor_Turbine_A_RPM])>1750,1,0)",1
72,247,"if(([Air_Compressor_Turbine_D_Steam_raw]/1000)>12.5||([Air_Compressor_Turbine_D_RPM])>1750,1,0)",1
73,248,"if([Air_Compressor_B_Discharge_Pressure]>4,1,0)",1
74,249,"if([Air_Compressor_C_Discharge_Pressure]>4,1,0)",1
75,250,"if(([DMW_Turbine_A_Steam_raw]/1000)>2.500||([DMW_Turbine_A_RPM]>900),1,0)",1
76,251,"if(ceil([Total_DMW_Demand]/350)>([DMW_Turbine_A_Status]+[DMW_Turbine_C_Status]),1,0)",1
77,252,"if(([DMW_Turbine_C_Steam_raw]/1000)>2.500||([DMW_Turbine_C_RPM]>900),1,0)",1
78,253,"if(([FDF_A_AMPS])>25,1,0)",1
79,254,"if(([FDF_B_AMPS])>25,1,0)",1
80,255,1.73*[Voltage_LP]*[FDF_A_AMPS]*[FDF_A_Motor_Status]*[power_factor]/1000,1
81,256,1.73*[Voltage_LP]*[FDF_B_AMPS]*[FDF_B_Motor_Status]*[power_factor]/1000,1
82,257,1.73*[Voltage_LP]*[BFW_A_AMPS]*[BFW_A_Motor_Status]*[power_factor]/1000/1000,1
83,258,1.73*[Voltage_LP]*[BFW_D_AMPS]*[BFW_D_Motor_Status]*[power_factor]/1000/1000,1
84,259,[BFW_F_Motor_Status]*800/1000,1
85,260,1.73*[Voltage_LP]*[VHP_BFW_A_AMPS]*[VHP_BFW_A_Motor_Status]*[power_factor]/1000/1000,1
86,261,[CW_Motor_C_Status]*2295/1000,1
87,262,[CW_Motor_D_Status]*2295/1000,1
88,263,[CW_Motor_E_Status]*2295/1000,1
89,264,[CW_Motor_F_Status]*2295/1000,1
90,265,1.73*[Voltage_LP]*[Air_Compressor_Motor_B_Amperes]*[Air_Compressor_Motor_B_Status]*[power_factor]/1000/1000,1
91,266,1.73*[Voltage_LP]*[Air_Compressor_Motor_C_Amperes]*[Air_Compressor_Motor_C_Status]*[power_factor]/1000/1000,1
92,267,[DMW_Pump_Motor_B_Status]*100.71/1000,1
93,268,([DMW_MAKEUP_Near_Clean_Condensate_Header]+[DMW_MAKEUP_Near_Suspect_Condensate_Header])/1000,1
94,269,([FDF_A_Motor_Power]+[FDF_B_Motor_Power])/1000+[BFW_A_Motor_Power]+[BFW_D_Motor_Power]+[BFW_F_Motor_Power]+[VHP_BFW_A_Motor_Power]+[CW_Motor_C_Power]+[CW_Motor_D_Power]+[CW_Motor_E_Power]+[CW_Motor_F_Power]+[Air_Compressor_Motor_B_Power]+[Air_Compressor_Motor_C_Power]+[DMW_Motor_B_Power],1
95,270,[Total_Power_Consumption]*3.6,0
96,271,[Total_Power_for_Drives]*3.6*[Power_Rate],0
97,272,[Fuel_Demand_in_Energy_in_GJ_Hr]*[Fuel_Rate],0
98,273,([DMW_MAKEUP_2]+[DMW_MAKEUP_1])/1000*[DMW_Rate],0
99,274,[Deaerator_A_LPS_raw]*0.02/1000,1
100,275,[Deaerator_B_LPS_raw]*0.02/1000,1
101,276,[BFW_A_Motor_Status]+[BFW_B_Turb_Status]+[BFW_C_Turb_Status]+[BFW_D_Motor_Status]+[BFW_E_Turb_Status]+[BFW_F_Motor_Status],1
102,277,[VHP_BFW_B_Turb_Status]+[VHP_BFW_C_Turb_Status]+[VHP_BFW_A_Motor_Status],1
103,278,[CW_Turbine_A_Status]+[CW_Turbine_B_Status]+[CW_Motor_C_Status]+[CW_Motor_D_Status]+[CW_Motor_E_Status]+[CW_Motor_F_Status]+[CW_Turbine_G_Status],1
104,279,[Air_Compressor_Turbine_A_Status]+[Air_Compressor_Motor_B_Status]+[Air_Compressor_Motor_C_Status]+[Air_Compressor_Turbine_D_Status],1
105,280,[DMW_Turbine_A_Status]+[DMW_Pump_Motor_B_Status]+[DMW_Turbine_C_Status],1
106,281,[BFW_B_Turb_Status]+[BFW_C_Turb_Status]+[BFW_E_Turb_Status]+[VHP_BFW_B_Turb_Status]+[VHP_BFW_C_Turb_Status]+[CW_Turbine_A_Status]+[CW_Turbine_B_Status]+[CW_Turbine_G_Status]+[Air_Compressor_Turbine_A_Status]+[Air_Compressor_Turbine_D_Status]+[DMW_Turbine_A_Status]+[DMW_Turbine_C_Status]+[BLR_1_Status]+[BLR_2_Status]+[BLR_3_Status]+[BLR_4_Status]+[BLR_5_Status],1
107,282,(([BFW_E_Turb_Steam_raw] + [BFW_B_Turb_Steam_raw] + [BFW_C_Turb_Steam_raw] + [VHP_BFW_B_Turb_Steam_raw] + [VHP_BFW_C_Turb_Steam_raw] + [Air_Compressor_Turbine_A_Steam_raw] + [Air_Compressor_Turbine_D_Steam_raw]  + [FD_Fan_BLR_1_Steam_raw] + [FD_Fan_BLR_2_Steam_raw] + [FD_Fan_BLR_3_Steam_raw] + [FD_Fan_BLR_4_Steam_raw] + [FD_Fan_BLR_5_Steam_raw])/1000)+[CW_Turbine_A_Steam] + [CW_Turbine_B_Steam] + [CW_Turbine_G_Steam] + [ETH_HPS_Demand]+[HP_to_MP_Letdown_HPS_Flow_In_PV0007A_UO]+[HP_to_MP_Letdown_HPS_Flow_In_PV0007B_UO],0
108,283,([EOEG_1_MPS_Demand] + [EOEG_2_MPS_Demand] + [EOEG_3_MPS_Demand]) + ( [DMW_Turbine_A_Steam_raw] + [DMW_Turbine_C_Steam_raw])/1000,0
109,284,([ETH_LPS_Demand] + [EOEG_1_LPS_Demand] + [EOEG_2_LPS_Demand] + [EOEG_3_LPS_Demand]) + ([Deaerator_A_LPS_raw] + [Deaerator_B_LPS_raw]+[LAO_LP_Steam_Demand])/1000,0
110,285,[BFW_E_Turb_Steam]+[BFW_B_Turb_Steam]+ [BFW_C_Turb_Steam]+ [VHP_BFW_B_Turb_Steam]+ [VHP_BFW_C_Turb_Steam]+ [CW_Turbine_A_Steam]+ [CW_Turbine_B_Steam]+ [CW_Turbine_G_Steam]+ [Air_Compressor_Turbine_A_Steam]+ [Air_Compressor_Turbine_D_Steam]+ [DMW_Turbine_A_Steam]+ [DMW_Turbine_C_Steam]+ [FD_Fan_BLR_1_Steam]+[FD_Fan_BLR_2_Steam]+ [FD_Fan_BLR_3_Steam]+ [FD_Fan_BLR_4_Steam]+ [FD_Fan_BLR_5_Steam],1
111,286,(-0.0078*([HP_to_MP_Letdown_Valve_Opening_PV0007A_UO])^2+2.86*([HP_to_MP_Letdown_Valve_Opening_PV0007A_UO])),1
112,287,(-0.0078*([HP_to_MP_Letdown_Valve_Opening_PV0007B_UO])^2+2.86*([HP_to_MP_Letdown_Valve_Opening_PV0007B_UO])),1
113,288,0.11*[HP_to_MP_Letdown_HPS_Flow_In_PV0007A_UO],1
114,289,0.11*[HP_to_MP_Letdown_HPS_Flow_In_PV0007B_UO],1
115,290,[HP_to_MP_Letdown_HPS_Flow_In_PV0007A_UO]+[BFW_to_HP_to_MP_Letdown_Flow_In_PV0007A_UO],1
116,291,[HP_to_MP_Letdown_HPS_Flow_In_PV0007B_UO]+[BFW_to_HP_to_MP_Letdown_Flow_In_PV0007B_UO],1
117,292,(0.0039*([MP_to_LP_Letdown_Valve_Opening_PV013A_UO])^2+0.047*([MP_to_LP_Letdown_Valve_Opening_PV013A_UO])),1
118,293,(0.0039*([MP_to_LP_Letdown_Valve_Opening_PV013B_UO])^2+0.047*([MP_to_LP_Letdown_Valve_Opening_PV013B_UO])),1
119,294,0.677*([MP_to_LP_Letdown_Valve_Opening_PV31_UO]),1
120,295,0.677*([MP_to_LP_Letdown_Valve_Opening_PV32_UO]),1
121,296,(0.0039*([MP_to_LP_Letdown_Valve_Opening_PV013A_UO])^2+0.047*([MP_to_LP_Letdown_Valve_Opening_PV013A_UO])),1
122,297,(0.0039*([MP_to_LP_Letdown_Valve_Opening_PV013B_UO])^2+0.047*([MP_to_LP_Letdown_Valve_Opening_PV013B_UO])),1
123,298,0.677*([MP_to_LP_Letdown_Valve_Opening_PV31_UO]),1
124,299,0.677*([MP_to_LP_Letdown_Valve_Opening_PV32_UO]),1
125,300,0.498*([HP_to_MP_Let_Down_Valve_Opening_PC9209_EG1]),1
126,301,0.498*([HP_to_MP_Let_Down_Valve_Opening_PC9209_EG2]),1
127,302,0.0043*([HP_to_MP_Let_Down_Valve_Opening_PC9207_EG3])^2-0.1546*([HP_to_MP_Let_Down_Valve_Opening_PC9207_EG3]),1
128,303,0.498*([HP_to_MP_Let_Down_Valve_Opening_PC9209_EG1]),1
129,304,0.498*([HP_to_MP_Let_Down_Valve_Opening_PC9209_EG2]),1
130,305,0.0043*([HP_to_MP_Let_Down_Valve_Opening_PC9207_EG3])^2-0.1546*([HP_to_MP_Let_Down_Valve_Opening_PC9207_EG3]),1
131,306,5.33*([VHP_to_HP_Let_Down_Valve_Opening_PX7024A_ETH]),1
132,307,1.324*([VHP_to_HP_Let_Down_Valve_Opening_PX7024B_ETH]),1
133,308,5.33*([VHP_to_HP_Let_Down_Valve_Opening_PX7024A_ETH]),1
134,309,1.324*([VHP_to_HP_Let_Down_Valve_Opening_PX7024B_ETH]),1
135,310,1.401*([HP_to_LP_Let_Down_Valve_Opening_PC7026_ETH]),1
136,311,0.102*([HP_to_LP_Let_Down_Valve_Opening_HC7262_ETH]),1
137,312,1.401*([HP_to_LP_Let_Down_Valve_Opening_PC7026_ETH]),1
138,313,0.102*([HP_to_LP_Let_Down_Valve_Opening_HC7262_ETH]),1
139,314,0.396*([LP_to_LLP_Let_Down_Valve_PC7029_Opening_ETH]),1
140,315,0.396*([LP_to_LLP_Let_Down_Valve_PC7029_Opening_ETH]),1
141,316,0.0005*([Purge_Steam_to_Furnace_valve_PDC1154_Opening_ETH])^2+0.0002*([Purge_Steam_to_Furnace_valve_PDC1154_Opening_ETH]),1
142,317,0.0005*([Purge_Steam_to_Furnace_valve_PDC1155_Opening_ETH])^2+0.0002*([Purge_Steam_to_Furnace_valve_PDC1155_Opening_ETH]),1
143,318,0.724*[LP_Steam_Dumping_Valve_PC0024A_Opening_UO],1
144,319,2.059*([HP_Steam_Vent_valve_PV0012_Opening_UO]),1
145,320,1.208*[LP_Steam_Vent_valve_PV0024B_Opening_UO],1
146,321,4.448*([HP_Steam_Vent_Valve_PC7032_Opening_ETH]),1
147,322,2.059*([HP_Steam_Vent_Valve_PC7027_Opening_ETH]),1
148,323,0.357*([LP_Steam_Vent_Valve_PC7028_Opening_ETH]),1
149,324,[Power_Cost]+[Fuel_Cost]+[DMW_Cost],0
150,325,[Total_BLR_HPS_Generation]+[ETH_HP_steam_BL_Export_flow]*0,1
151,326,(([BFW_E_Turb_Steam_raw]+[BFW_B_Turb_Steam_raw]+[BFW_C_Turb_Steam_raw]+[VHP_BFW_B_Turb_Steam_raw]+[VHP_BFW_C_Turb_Steam_raw]+[Air_Compressor_Turbine_A_Steam_raw]+[Air_Compressor_Turbine_D_Steam_raw]+[FD_Fan_BLR_1_Steam_raw]+[FD_Fan_BLR_2_Steam_raw]+[FD_Fan_BLR_3_Steam_raw]+[FD_Fan_BLR_4_Steam_raw]+[FD_Fan_BLR_5_Steam_raw])/1000)+[CW_Turbine_A_Steam]+[CW_Turbine_B_Steam]+[CW_Turbine_G_Steam]+[MP_Steam_Generation]+[ETH_HPS_Demand]+[EOEG_1_HPS_Demand]+[EOEG_2_HPS_Demand]+[EOEG_3_HPS_Demand]+[HP_Steam_Vent_valve_PV0012_Steam_flow_out_UO]-[Modified_HP_MP_BFW_Injection],1
152,327,[Total_BLR_HPS_Generation]-[HP_Steam_Consumption],1
153,328,"if(abs(0.0395*[UO_HP_MP_Desuperheater1_opening]*[UO_HP_MP_Desuperheater1_opening] + 0.0228*[UO_HP_MP_Desuperheater1_opening]-[MP_Steam_Consumption])>10,[MP_Steam_Consumption]+10,0.0395*[UO_HP_MP_Desuperheater1_opening]*[UO_HP_MP_Desuperheater1_opening] + 0.0228*[UO_HP_MP_Desuperheater1_opening])",1
154,329,([EOEG_1_MPS_Demand]+[EOEG_2_MPS_Demand]+[EOEG_3_MPS_Demand])+([DMW_Turbine_A_Steam_raw]+[DMW_Turbine_C_Steam_raw])/1000+[MP_to_LP_Letdown_MPS_Flow_In_PV013A_UO]+[MP_to_LP_Letdown_MPS_Flow_In_PV013B_UO]+[MP_to_LP_Letdown_LPS_Flow_Out_PV31_UO]+[MP_to_LP_Letdown_LPS_Flow_Out_PV32_UO],1
155,330,[MP_Steam_Generation]-[MP_Steam_Consumption],1
156,331,[LPS_from_Drives]+[MP_to_LP_Letdown_LPS_Flow_Out_PV013A_UO]+[MP_to_LP_Letdown_LPS_Flow_Out_PV013B_UO]+[MP_to_LP_Letdown_LPS_Flow_Out_PV31_UO]+[MP_to_LP_Letdown_LPS_Flow_Out_PV32_UO]+(([Total_BLR_HPS_Generation])*0.01*0.21),1
157,332,([ETH_LPS_Demand]+[EOEG_1_LPS_Demand]+[EOEG_2_LPS_Demand]+[EOEG_3_LPS_Demand])+([Deaerator_A_LPS_raw]+[Deaerator_B_LPS_raw])/1000+[LAO_LP_Steam_Demand]+[LP_Steam_Vent_valve_PV0024B_Steam_flow_out_UO]+[LP_Steam_Dumping_Valve_PC0024A_Steam_flow_out_UO],1
158,333,[LP_Steam_Generation]-[LP_Steam_Consumption],1
159,334,([Total_Power_for_Drives]+[Power_Consumption_Plant_U_O])*3.6*[Power_Rate]+([Total_Fuel_for_Boilers]+[Fuel_Consumption_Plants_U_O])*([LHV])*[Fuel_Rate]+[DMW_Makeup]*[DMW_Rate],1
160,335,[Fuel_BLR_1_corrected]+[Fuel_BLR_2_corrected]+[Fuel_BLR_3_corrected]+[Fuel_BLR_4_corrected]+[Fuel_BLR_5_corrected],1
161,336,[FDF_A_Motor_Power]+[FDF_B_Motor_Power]+(([BFW_A_Motor_Power]+[BFW_D_Motor_Power]+[BFW_F_Motor_Power]+[VHP_BFW_A_Motor_Power]+[CW_Motor_C_Power]+[CW_Motor_D_Power]+[CW_Motor_E_Power]+[CW_Motor_F_Power]+[Air_Compressor_Motor_B_Power]+[Air_Compressor_Motor_C_Power]+[DMW_Motor_B_Power])*1000),1
162,337,[MP_Steam_Generation]+[HP_to_MP_Let_Down_Valve_PC9209_EG1_HP_Steam_Flow_in]+[HP_to_MP_Let_Down_Valve_PC9209_EG2_HP_Steam_Flow_in]+[HP_to_MP_Let_Down_Valve_PC9207_EG3_HP_Steam_Flow_in],1
163,338,[MP_to_LP_Letdown_MPS_Flow_In_PV013A_UO]+[MP_to_LP_Letdown_MPS_Flow_In_PV013B_UO]+[MP_to_LP_Letdown_MPS_Flow_In_PV31_UO]+[MP_to_LP_Letdown_MPS_Flow_In_PV32_UO],1
164,339,[LP_Steam_Dumping_Valve_PC0024A_Steam_flow_out_UO],1
165,340,1.208*[LP_Steam_Vent_valve_PV0024B_Opening_UO]+0.357*([LP_Steam_Vent_Valve_PC7028_Opening_ETH]),1
166,341,[Total_Boilers_Running],1
167,342,([BLR_1_HPS_Gen]*[BLR_1_Status]+[BLR_2_HPS_Gen]*[BLR_2_Status]+[BLR_3_HPS_Gen]*[BLR_3_Status]+[BLR_4_HPS_Gen]*[BLR_4_Status]+[BLR_5_HPS_Gen]*[BLR_5_Status]),1
168,343,([Spec_En_Cons_BLR_1]*[BLR_1_Status]+[Spec_En_Cons_BLR_2]*[BLR_2_Status]+[Spec_En_Cons_BLR_3]*[BLR_3_Status]+[Spec_En_Cons_BLR_4]*[BLR_4_Status]+[Spec_En_Cons_BLR_5]*[BLR_5_Status])/[Total_Boilers_Running],1
169,344,[BFW_B_Turb_Status]+[BFW_C_Turb_Status]+[BFW_E_Turb_Status]+[VHP_BFW_B_Turb_Status]+[VHP_BFW_C_Turb_Status]+[CW_Turbine_A_Status]+[CW_Turbine_B_Status]+[CW_Turbine_G_Status]+[Air_Compressor_Turbine_A_Status]+[Air_Compressor_Turbine_D_Status]+[DMW_Turbine_A_Status]+[DMW_Turbine_C_Status]+[BLR_1_Status]+[BLR_2_Status]+[BLR_3_Status]+[BLR_4_Status]+[BLR_5_Status],1
170,345,[BFW_Drives_Running]+[VHP_BFW_Drives_Running]+[CW_Drives_Running]+[Air_Compressor_Drives_Running]+[DMW_Drives_Running]+[Total_Boilers_Running]-[Total_Steam_Turbines_Running],1
171,346,([DMW_MAKEUP_1]+[DMW_MAKEUP_2])/1000,0
172,347,[HP_Steam_Vent_valve_PV0012_Steam_flow_out_UO]+[LP_Steam_Vent_valve_PV0024B_Steam_flow_out_UO]+[HP_Steam_Vent_Valve_PC7032_Steam_Flow_Out_ETH]+[HP_Steam_Vent_Valve_PC7027_Steam_Flow_Out_ETH]+[LP_Steam_Vent_Valve_PC7028_Steam_Flow_Out_ETH]+[LP_Steam_Vent_valve_HV9208_Flowout_EG3],1
173,348,[Total_Power_Consumption_Energy]+[NATURAL_GAS_Import_CTM_Energy],1
174,349,[Total_Energy_Bill]/[Total_Products],1
175,350,[Total_Energy_Consumption]/[Total_Products],1
176,351,[Return_Condensate]+[DMW_Makeup]+([Deaerator_A_LPS_raw]+[Deaerator_B_LPS_raw])/1000+[Condensate_From_P_7106_to_Deaerator_Header],1
177,352,[VHP_BFW_FROM_U_O]+[VHP_DESPHTR_BFW_FROM_U_O]+[BFW_to_EOEG_1]+[BFW_to_EOEG_2]+[BFW_to_EOEG_3]+[BFW_TO_LAO]+[DSP_BFW_TO_ETH]+[DSP_BFW_TO_EG1]+[DSP_BFW_TO_EG2]+[DSP_BFW_TO_EG3]+[DSP_BFW_TO_CAUSTIC_DILUTION]+[Total_BLR_HPS_Generation]/.99+[Deaerator_A_LPS_Vent]+[Deaerator_B_LPS_Vent],1
178,353,([Air_compressor_A_Discharge_flow]*[Air_Compressor_Turbine_A_Status]+[Air_compressor_B_Discharge_flow]*[Air_Compressor_Motor_B_Status]+[Air_compressor_C_Discharge_flow]*[Air_Compressor_Motor_C_Status]+[Air_compressor_D_Discharge_flow]*[Air_Compressor_Turbine_D_Status]),1
179,354,([CW_TO_UTILITIES]+[CW_TO_LAO]+[CW_TO_EG1]+[CW_TO_EG2]+[CW_TO_ETH]+[CW_TO_CO2]),1
180,355,[Total_BFW_Generated]-[Total_BFW_Consumption],1
181,356,[BFW_to_EOEG_1]+[BFW_to_EOEG_2]+[BFW_to_EOEG_3]+[BFW_TO_LAO]+[DSP_BFW_TO_ETH]+[DSP_BFW_TO_EG1]+[DSP_BFW_TO_EG2]+[DSP_BFW_TO_EG3]+[DSP_BFW_TO_CAUSTIC_DILUTION]+[Total_BLR_HPS_Generation]/.99,1
182,357,[VHP_BFW_FROM_U_O]+[VHP_DESPHTR_BFW_FROM_U_O],1
183,358,[BFW_Drives_Running]+[VHP_BFW_Drives_Running]+[CW_Drives_Running]+[Air_Compressor_Drives_Running]+[DMW_Drives_Running]+[BLR_1_Status]+[BLR_2_Status]+[BLR_3_Status]+[BLR_4_Status]+[BLR_5_Status],1
184,359,[Total_Drives_Running]-[Total_Steam_Turbines_Running],1
185,360,[Total_Energy_Bill]+[Contribution_from_SEUs],1
186,155,"max(0,min(22000,if([EOEG1_Plant_Status]==1,if([CW_TO_EG1_totalizer_delta]>17000,[CW_TO_EG1_totalizer_delta],[CW_TO_EG1_totalizer_delta]*1.732),[CW_TO_EG1_totalizer_delta]*1.732))) + 0*if([EG1_EOE]>30,if([EG2_EOE]>30,[CW_TO_EG2],19000),if([CW_Drives_Running]<6,0,19000))",1
187,361,(1-([Total_Energy_Bill_optimum]/[Total_Energy_Bill_actual]))*100,1
188,362,[Total_Benifit_actual]+[opportunity_from_seus_actual],1
189,363,([Total_Fuel_Consumption_optimum]/[Total_Fuel_Consumption_actual])*100,1
190,364,[Total_Fuel_Consumption_actual]-[Total_Fuel_Consumption_optimum],1
191,365,([Specific_Energy_Consumption_optimum]/[Specific_Energy_Consumption_actual])*100,1
192,366,([Total_Power_Consumption_actual]-[Total_Power_Consumption_optimum])*[Power_Emission_Factor_actual]+([Total_Fuel_Consumption_actual]-[Total_Fuel_Consumption_optimum])*[Fuel_Emission_Factor_actual],1
193,389,"if(if(missing([Total_Ethylene_Production_ETH_Plant]),0,[Total_Ethylene_Production_ETH_Plant])>100,1,0)",1
194,390,"if(if(missing([EG1_EOE]),0,[EG1_EOE])>30,1,0)",1
195,391,"if(if(missing([EG2_EOE]),0,[EG2_EOE])>30,1,0)",1
196,392,"if(if(missing([EG3_EOE]),0,[EG3_EOE])>30,1,0)",1
197,393,"if(if(missing([LAO_Load]),0,[LAO_Load])<5,0,1)",1
198,394,"if([CO2_Load]<20,0,1)",1
199,395,1,1
200,396,[ETH_Plant_Status]*[Power_to_ETH],1
201,397,[EOEG1_Plant_Status]*[Power_to_EG_1],1
202,398,[EOEG2_Plant_Status]*[Power_to_EG_2],1
203,399,[EOEG3_Plant_Status]*[Power_to_EG_3],1
204,400,[LAO_Plant_Status]*[Power_to_LAO],1
205,401,[CO2_Plant_Status]*[Power_to_CO2],1
206,402,[UO_Plant_Status]*[Power_to_Utility],1
207,403,[Power_Consumption_Plants]+[Power_Consumption_Plant_U_O],1
208,404,[Total_Power_Consumption_without_Drives]+[Total_Power_for_Drives],1
209,405,"if([EOEG1_Plant_Status]==0,0,[NG_Fuel_to_EG1_raw]/1000)",1
210,406,"if([EOEG1_Plant_Status]==0,0,[TAILGAS_From_EG1_to_UO_raw]/1000)",1
211,407,"if([EOEG2_Plant_Status]==0,0,if([NG_Fuel_to_EG2_raw]<5,[NG_Fuel_to_EG2_raw],[NG_Fuel_to_EG2_raw]/1000))",1
212,408,"if([EOEG2_Plant_Status]==0,0,[TAILGAS_From_EG2_to_UO_raw]/1000)",1
213,409,"if([EOEG3_Plant_Status]==0,0,[NG_Fuel_to_EG3_raw]/1000)",1
214,410,"if([EOEG3_Plant_Status]==0,0,[TAILGAS_From_EG3_to_UO_raw]/1000)",1
215,411,"if([LAO_Plant_Status]==0,0,round((([FUEL_GAS_From_UO_to_LAO_A]+[FUEL_GAS_From_UO_to_LAO_B])/1000),3))",1
216,412,"if(([ETHANE_Fuel_From_ETH_to_UO_raw]/1000)<=0,0,([ETHANE_Fuel_From_ETH_to_UO_raw]/1000))",1
217,413,[FUEL_GAS_From_UO_to_Flare_raw]/1000,1
218,414,[FUEL_GAS_From_UO_to_Incinerator_raw]/1000,1
219,415,[FUEL_GAS_From_UO_to_WTO_raw]/1000,1
220,416,"if([act_running]==1,[NATURAL_GAS_Import_CTM_raw]/1000,[Total_Fuel_Supply]-[Fuel_generated])",1
221,417,"if([act_running]==1,([Fuel_generated]+([NATURAL_GAS_Import_CTM_raw]/1000)),([Total_Fuel_Consumption]+[Total_Fuel_Imbalance]))",1
222,418,[Fuel_Consumption_Plants_fixed]+[Fuel_Consumption_Plants_changes]+[Fuel_Consumption_Plants_U_O],1
223,419,[Total_Fuel_Consumption_without_Boilers]+[Total_Fuel_for_Boilers_corrected],1
224,420,"if([Whatif_running]==0,[act_Total_Fuel_Imbalance],([act_Total_Fuel_Imbalance]*[Total_Fuel_Consumption]/[act_Total_Fuel_Consumption]))",1
225,421,[Total_Power_Consumption_U_O]*3.6*[Power_Rate],1
226,422,(Total_Fuel_Consumption_U_O)*([LHV])*[Fuel_Rate],1
227,423,[DMW_Makeup]*[DMW_Rate],1
228,424,[Power_Bill]+[Fuel_Bill]+[DMW_Bill]+[CW_Chem_bill],1
229,425,[Total_BLR_HPS_Generation]/.99,1
230,426,200,1
231,427,150,1
232,428,150,1
233,429,150,1
234,430,150,1
235,431,150,1
236,432,0,1
237,433,0,1
238,434,0,1
239,435,0,1
240,770,1,0
241,771,1,0
242,772,1,0
243,773,1,0
244,774,1,0
245,775,1,0
246,776,1,0
247,777,1,0
248,778,1,0
249,779,1,0
250,780,1,0
251,781,1,0
252,782,[Total_DMW_Demand_raw]/1000,1
253,784,"if((([Boielr_A_Fuel_Gas_Flow]-[Fuel_BLR_1_raw])/[Boielr_A_Fuel_Gas_Flow]*100 > 2) || (([Boielr_A_Fuel_Gas_Flow]-[Fuel_BLR_1_raw])/[Boielr_A_Fuel_Gas_Flow]*100 < (-2)),[Fuel_BLR_1_raw],[Boielr_A_Fuel_Gas_Flow])*[BLR_1_Status]/1000 ",1
254,785,"if((([Boielr_B_Fuel_Gas_Flow]-[Fuel_BLR_2_raw])/[Boielr_B_Fuel_Gas_Flow]*100 > 2) ||(([Boielr_B_Fuel_Gas_Flow]-[Fuel_BLR_2_raw])/[Boielr_B_Fuel_Gas_Flow]*100 < (-2)),[Fuel_BLR_2_raw],[Boielr_B_Fuel_Gas_Flow])*[BLR_2_Status]/1000",1
255,786,"if((([Boielr_C_Fuel_Gas_Flow]-[Fuel_BLR_3_raw])/[Boielr_C_Fuel_Gas_Flow]*100 > 2 )||(([Boielr_C_Fuel_Gas_Flow]-[Fuel_BLR_3_raw])/[Boielr_C_Fuel_Gas_Flow]*100 < (-2)),[Fuel_BLR_3_raw],[Boielr_C_Fuel_Gas_Flow])*[BLR_3_Status]/1000",1
256,787,"if((([Boielr_D_Fuel_Gas_Flow]-[Fuel_BLR_4_raw])/[Boielr_D_Fuel_Gas_Flow]*100 > 2) ||(([Boielr_D_Fuel_Gas_Flow]-[Fuel_BLR_4_raw])/[Boielr_D_Fuel_Gas_Flow]*100 < (-2)),[Fuel_BLR_4_raw],[Boielr_D_Fuel_Gas_Flow])*[BLR_4_Status]/1000",1
257,788,"if(((([Boielr_E_Fuel_Gas_Flow]/1.295)-[Fuel_BLR_5_raw])/([Boielr_E_Fuel_Gas_Flow]/1.295)*100 > 2) ||((([Boielr_E_Fuel_Gas_Flow]/1.295)-[Fuel_BLR_5_raw])/([Boielr_E_Fuel_Gas_Flow]/1.295)*100 < (-2)),[Fuel_BLR_5_raw],[Boielr_E_Fuel_Gas_Flow]/1.295)*[BLR_5_Status]/1000",1
258,789,7.1,0
259,790,7,0
260,791,7,0
261,792,7,0
262,793,7.1,0
263,794,([Costing_total_BFW_Cost]+[Costing_total_Fuel_Cost])/[Total_BLR_HPS_Generation],1
264,795,31.2,0
265,796,31.8,0
266,797,33.1,0
267,798,31.4,0
268,799,43.5,0
269,800,3.9,0
270,801,3.9,0
271,802,3.9,0
272,803,3.9,0
273,804,3.9,0
274,805,(([LP_Steam_from_HP_stm_turb]*[LP_Steam_cost_from_HP_turbine_drives])+([LP_Steam_from_MP_stm_turb]*[LP_Steam_cost_from_MP_turbine])+([LP_Steam_from_MP_to_LP_letdown_and_all_imbalances]*[MP_steam_generation_Cost]))/(([LP_Steam_from_HP_stm_turb]+[LP_Steam_from_MP_stm_turb]+[LP_Steam_from_MP_to_LP_letdown_and_all_imbalances])),1
275,806,104.2,0
276,807,114,0
277,808,33.5,0
278,809,223.7,0
279,810,209.4,0
280,811,246.5,0
281,812,249.1,0
282,813,273.60000000000002,0
283,814,0.2,0
284,815,173.2,0
285,816,3.9,0
286,817,3.9,0
287,818,3.9,0
288,819,3.9,0
289,820,3.9,0
290,821,3.9,0
291,822,3.9,0
292,823,3.9,0
293,824,3.9,0
294,825,3.9,0
295,826,38.200000000000003,0
296,827,0,0
297,828,0,0
298,829,0,0
299,830,0,0
300,831,93.6,0
301,832,93.6,0
302,833,59.9,0
303,834,57.3,0
304,835,6.7,0
305,836,0,0
306,837,"if([UO_HP_to_MP_Generation]==0,0,(([UO_HP_to_MP_Letdown_steam_flow]*[HP_Steam_Cost])+([UO_HP_to_MP_Letdown_BFW_flow]*[BFW_Cost]))/[UO_HP_to_MP_Generation])",1
307,838,6.7,0
308,839,6.7,0
309,840,36.799999999999997,0
310,841,3.6,0
311,842,5.8,0
312,843,5.8,0
313,844,668.3,0
314,845,183.1,0
315,846,3.4,0
316,847,3.4,0
317,848,78.900000000000006,0
318,849,1112.8,0
319,850,35.799999999999997,0
320,851,38.200000000000003,0
321,852,[Total_BFW_cost_per_hour]/[Total_BLR_HPS_Generation],1
322,853,0,0
323,854,49,0
324,855,[DMW_Motor_B_Power]*3.6*[Power_Rate],1
325,857,[HP_to_MP_Letdown_HPS_Flow_In_PV0007A_UO]+[HP_to_MP_Letdown_HPS_Flow_In_PV0007B_UO]+0.11*([HP_to_MP_Letdown_HPS_Flow_In_PV0007A_UO]+[HP_to_MP_Letdown_HPS_Flow_In_PV0007B_UO]),1
326,858,0.5,1
327,859,1,1
328,860,1,1
329,861,1,1
330,862,1,1
331,863,1,1
332,864,1,1
333,865,1,1
334,866,1,1
335,867,1,1
336,868,1,1
337,869,1,1
338,870,1,1
339,871,[EG_1_Ejecter_Steam_to_EJ_2612]+[EG_1_Ejecter_Steam_to_EJ_2622]+[EG_1_Ejecter_Steam_to_EJ_2632]+[EG_1_Ejecter_Steam_to_EJ_2712],1
340,872,[EG_2_Ejecter_Steam_to_EJ_4612]+[EG_2_Ejecter_Steam_to_EJ_4622]+[EG_2_Ejecter_Steam_to_EJ_4632]+[EG_2_Ejecter_Steam_to_EJ_4712],1
341,873,[EG_3_Ejecter_Steam_to_EJ_6612]+[EG_3_Ejecter_Steam_to_EJ_6622]+[EG_3_Ejecter_Steam_to_EJ_6632]+[EG_3_Ejecter_Steam_to_EJ_6712],1
342,874,[NATURAL_GAS_Import_CTM]*[LHV],1
343,875,([Fuel_BLR_1_corrected]*[BLR_1_Status]*[LHV]),1
344,876,([Fuel_BLR_2_corrected]*[BLR_2_Status]*[LHV]),1
345,877,([Fuel_BLR_3_corrected]*[BLR_3_Status]*[LHV]),1
346,878,([Fuel_BLR_4_corrected]*[BLR_4_Status]*[LHV]),1
347,879,([Fuel_BLR_5_corrected]*[BLR_5_Status]*[LHV]),1
348,880,[HP_Steam_Vent_valve_PV0012_Steam_flow_out_UO]*[HP_Steam_Enthalpy]*4.184/1000,1
349,881,[ETH_HPS_Demand]*[HP_Steam_Enthalpy]*4.184/1000,1
350,882,[EOEG_1_HPS_Demand]*[HP_Steam_Enthalpy]*4.184/1000,1
351,883,[EOEG_2_HPS_Demand]*[HP_Steam_Enthalpy]*4.184/1000,1
352,884,[EOEG_3_HPS_Demand]*[HP_Steam_Enthalpy]*4.184/1000,1
353,885,[BLR_1_HPS_Gen]*[HP_Steam_Enthalpy]*4.184/1000,1
354,886,[BLR_2_HPS_Gen]*[HP_Steam_Enthalpy]*4.184/1000,1
355,887,[BLR_3_HPS_Gen]*[HP_Steam_Enthalpy]*4.184/1000,1
356,888,[BLR_4_HPS_Gen]*[HP_Steam_Enthalpy]*4.184/1000,1
357,889,[BLR_5_HPS_Gen]*[HP_Steam_Enthalpy]*4.184/1000,1
358,890,[MP_Steam_Generation]*[MP_Steam_Enthalpy]*4.184/1000,1
359,891,[MP_to_LP_Letdown_MPS_Flow_In_PV013A_UO]*[LP_Steam_Enthalpy]*4.184/1000,1
360,892,[MP_to_LP_Letdown_MPS_Flow_In_PV013B_UO]*[LP_Steam_Enthalpy]*4.184/1000,1
361,893,[MP_to_LP_Letdown_MPS_Flow_In_PV31_UO]*[LP_Steam_Enthalpy]*4.184/1000,1
362,894,[MP_to_LP_Letdown_MPS_Flow_In_PV32_UO]*[LP_Steam_Enthalpy]*4.184/1000,1
363,895,[FD_Fan_BLR_1_Steam]*([HP_Steam_Enthalpy]-[LP_Steam_Enthalpy])*4.184/1000,1
364,896,[FD_Fan_BLR_2_Steam]*([HP_Steam_Enthalpy]-[LP_Steam_Enthalpy])*4.184/1000,1
365,897,[FD_Fan_BLR_3_Steam]*([HP_Steam_Enthalpy]-[LP_Steam_Enthalpy])*4.184/1000,1
366,898,[FD_Fan_BLR_4_Steam]*([HP_Steam_Enthalpy]-[LP_Steam_Enthalpy])*4.184/1000,1
367,899,[FD_Fan_BLR_5_Steam]*([HP_Steam_Enthalpy]-[LP_Steam_Enthalpy])*4.184/1000,1
368,900,[BFW_B_Turb_Steam]*([HP_Steam_Enthalpy]-[LP_Steam_Enthalpy])*4.184/1000,1
369,901,[BFW_C_Turb_Steam]*([HP_Steam_Enthalpy]-[LP_Steam_Enthalpy])*4.184/1000,1
370,902,[BFW_E_Turb_Steam]*([HP_Steam_Enthalpy]-[LP_Steam_Enthalpy])*4.184/1000,1
371,903,[VHP_BFW_B_Turb_Steam]*([HP_Steam_Enthalpy]-[LP_Steam_Enthalpy])*4.184/1000,1
372,904,[VHP_BFW_C_Turb_Steam]*([HP_Steam_Enthalpy]-[LP_Steam_Enthalpy])*4.184/1000,1
373,905,[CW_Turbine_A_Steam]*([HP_Steam_Enthalpy]-[LP_Steam_Enthalpy])*4.184/1000,1
374,906,[CW_Turbine_B_Steam]*([HP_Steam_Enthalpy]-[LP_Steam_Enthalpy])*4.184/1000,1
375,907,[CW_Turbine_G_Steam]*([HP_Steam_Enthalpy]-[LP_Steam_Enthalpy])*4.184/1000,1
376,908,[Air_Compressor_Turbine_A_Steam]*([HP_Steam_Enthalpy]-[LP_Steam_Enthalpy])*4.184/1000,1
377,909,[Air_Compressor_Turbine_D_Steam]*([HP_Steam_Enthalpy]-[LP_Steam_Enthalpy])*4.184/1000,1
378,910,[DMW_Turbine_A_Steam]*([MP_Steam_Enthalpy]-[LP_Steam_Enthalpy])*4.184/1000,1
379,911,[DMW_Turbine_C_Steam]*([MP_Steam_Enthalpy]-[LP_Steam_Enthalpy])*4.184/1000,1
380,912,[Deaerator_A_LPS]*([LP_Steam_Enthalpy]-[BFW_Enthalpy])*4.184/1000,1
381,913,[Deaerator_B_LPS]*([LP_Steam_Enthalpy]-[BFW_Enthalpy])*4.184/1000,1
382,914,[LP_Steam_Vent_valve_PV0024B_Steam_flow_out_UO]*[LP_Steam_Enthalpy]*4.184/1000,1
383,915,[LP_Steam_Dumping_Valve_PC0024A_Steam_flow_out_UO]*[LP_Steam_Enthalpy]*4.184/1000,1
384,916,[Utility_LP_to_acid_alkali]*[LP_Steam_Enthalpy]*4.184/1000,1
385,917,[LAO_LP_Steam_Demand]*[LP_Steam_Enthalpy]*4.184/1000,1
386,918,[ETH_LPS_Demand]*[LP_Steam_Enthalpy]*4.184/1000,1
387,919,[EOEG_1_LPS_Demand]*[LP_Steam_Enthalpy]*4.184/1000,1
388,920,[EOEG_2_LPS_Demand]*[LP_Steam_Enthalpy]*4.184/1000,1
389,921,[EOEG_3_LPS_Demand]*[LP_Steam_Enthalpy]*4.184/1000,1
390,922,[EG1_MP_to_Ejectors]*[MP_Steam_Enthalpy]*4.184/1000,1
391,923,[EG1_MP_to_E_2630]*[MP_Steam_Enthalpy]*4.184/1000/1000,1
392,924,[EG1_MP_to_E_2710]*[MP_Steam_Enthalpy]*4.184/1000,1
393,925,[EG1_MP_to_E_2720]*[MP_Steam_Enthalpy]*4.184/1000/1000,1
394,926,[EG1_MP_to_E_2610]*[MP_Steam_Enthalpy]*4.184/1000,1
395,927,[EG1_MP_to_E_2620]*[MP_Steam_Enthalpy]*4.184/1000,1
396,928,[EG1_MP_to_E_2624]*[MP_Steam_Enthalpy]*4.184/1000/1000,1
397,929,[EG1_MP_to_V_2533]*[MP_Steam_Enthalpy]*4.184/1000,1
398,930,[EG1_MP_to_E_2531]*[MP_Steam_Enthalpy]*4.184/1000,1
399,931,[EOEG_1_MPS_Demand]*[MP_Steam_Enthalpy]*4.184/1000,1
400,932,[EG1_MP_from_V2110]*[MP_Steam_Enthalpy]*4.184/1000,1
401,933,[HP_to_MP_Let_Down_Valve_PC9209_EG1_HP_Steam_Flow_in]*[HP_Steam_Enthalpy]*4.184/1000,1
402,934,[EG1_MP_from_V2120]*[MP_Steam_Enthalpy]*4.184/1000,1
403,935,[EG1_LP_Steam_from_V_2920]*[LP_Steam_Enthalpy]*4.184/1000,1
404,936,[EG1_LP_Steam_from_V_2112]*[LP_Steam_Enthalpy]*4.184/1000,1
405,937,[EG1_LP_Steam_from_V_2122]*[LP_Steam_Enthalpy]*4.184/1000,1
406,938,[EG1_LP_to_E_2220]*[LP_Steam_Enthalpy]*4.184/1000,1
407,939,[EG1_LP_to_C_2220]*[LP_Steam_Enthalpy]*4.184/1000,1
408,940,[EG1_LP_to_C_2310]*[LP_Steam_Enthalpy]*4.184/1000,1
409,941,[EG1_LP_to_E_2310]*[LP_Steam_Enthalpy]*4.184/1000,1
410,942,[EG1_LP_to_C_2510]*[LP_Steam_Enthalpy]*4.184/1000,1
411,943,[EG1_LP_to_E_2523]*[LP_Steam_Enthalpy]*4.184/1000,1
412,944,[EG1_LP_to_C_2570]*[LP_Steam_Enthalpy]*4.184/1000/1000,1
413,945,[EG2_MP_to_Ejectors]*[MP_Steam_Enthalpy]*4.184/1000,1
414,946,[EG2_MP_to_E_4630]*[MP_Steam_Enthalpy]*4.184/1000/1000,1
415,947,[EG2_MP_to_E_4710]*[MP_Steam_Enthalpy]*4.184/1000,1
416,948,[EG2_MP_to_E_4720]*[MP_Steam_Enthalpy]*4.184/1000/1000,1
417,949,[EG2_MP_to_E_4610]*[MP_Steam_Enthalpy]*4.184/1000,1
418,950,[EG2_MP_to_E_4620]*[MP_Steam_Enthalpy]*4.184/1000,1
419,951,[EG2_MP_to_E_4624]*[MP_Steam_Enthalpy]*4.184/1000/1000,1
420,952,[EG2_MP_to_V_4533]*[MP_Steam_Enthalpy]*4.184/1000,1
421,953,[EG2_MP_to_E_4531]*[MP_Steam_Enthalpy]*4.184/1000,1
422,954,[EOEG_2_MPS_Demand]*[MP_Steam_Enthalpy]*4.184/1000,1
423,955,[EG2_MP_from_V4110]*[MP_Steam_Enthalpy]*4.184/1000,1
424,956,[HP_to_MP_Let_Down_Valve_PC9209_EG2_HP_Steam_Flow_in]*[HP_Steam_Enthalpy]*4.184/1000,1
425,957,[EG2_MP_from_V4120]*[MP_Steam_Enthalpy]*4.184/1000,1
426,958,[EG2_LP_Steam_from_V_4920]*[LP_Steam_Enthalpy]*4.184/1000,1
427,959,[EG2_LP_Steam_from_V_4112]*[LP_Steam_Enthalpy]*4.184/1000,1
428,960,[EG2_LP_Steam_from_V_4122]*[LP_Steam_Enthalpy]*4.184/1000,1
429,961,[EG2_LP_to_E_4220]*[LP_Steam_Enthalpy]*4.184/1000,1
430,962,[EG2_LP_to_C_4220]*[LP_Steam_Enthalpy]*4.184/1000,1
431,963,[EG2_LP_to_C_4310]*[LP_Steam_Enthalpy]*4.184/1000,1
432,964,[EG2_LP_to_E_4310]*[LP_Steam_Enthalpy]*4.184/1000,1
433,965,[EG2_LP_to_C_4510]*[LP_Steam_Enthalpy]*4.184/1000,1
434,966,[EG2_LP_to_E_4523]*[LP_Steam_Enthalpy]*4.184/1000,1
435,967,[EG2_LP_to_C_4570]*[LP_Steam_Enthalpy]*4.184/1000/1000,1
436,968,[EG3_MP_to_Ejectors]*[MP_Steam_Enthalpy]*4.184/1000,1
437,969,[EG3_MP_to_E_6630]*[MP_Steam_Enthalpy]*4.184/1000/1000,1
438,970,[EG3_MP_to_E_6710]*[MP_Steam_Enthalpy]*4.184/1000,1
439,971,[EG3_MP_to_E_6720]*[MP_Steam_Enthalpy]*4.184/1000/1000,1
440,972,[EG3_MP_to_E_6610]*[MP_Steam_Enthalpy]*4.184/1000,1
441,973,[EG3_MP_to_E_6620]*[MP_Steam_Enthalpy]*4.184/1000,1
442,974,[EG3_MP_to_E_6624]*[MP_Steam_Enthalpy]*4.184/1000/1000,1
443,975,[EG3_MP_to_V_6533]*[MP_Steam_Enthalpy]*4.184/1000,1
444,976,[EG3_MP_to_E_6531]*[MP_Steam_Enthalpy]*4.184/1000,1
445,977,[EOEG_3_MPS_Demand]*[MP_Steam_Enthalpy]*4.184/1000,1
446,978,[EG3_MP_from_V6110]*[MP_Steam_Enthalpy]*4.184/1000,1
447,979,[HP_to_MP_Let_Down_Valve_PC9207_EG3_HP_Steam_Flow_in]*[HP_Steam_Enthalpy]*4.184/1000,1
448,980,[EG3_MP_from_V6120]*[MP_Steam_Enthalpy]*4.184/1000,1
449,981,[EG3_LP_Steam_from_V_6920]*[LP_Steam_Enthalpy]*4.184/1000,1
450,982,[EG3_LP_Steam_from_V_6112]*[LP_Steam_Enthalpy]*4.184/1000,1
451,983,[EG3_LP_Steam_from_V_6122]*[LP_Steam_Enthalpy]*4.184/1000,1
452,984,[EG3_LP_to_E_6220]*[LP_Steam_Enthalpy]*4.184/1000,1
453,985,[EG3_LP_to_C_6220]*[LP_Steam_Enthalpy]*4.184/1000,1
454,986,[EG3_LP_to_C_6310]*[LP_Steam_Enthalpy]*4.184/1000,1
455,987,[EG3_LP_to_E_6310]*[LP_Steam_Enthalpy]*4.184/1000,1
456,988,[EG3_LP_to_C_6510]*[LP_Steam_Enthalpy]*4.184/1000,1
457,989,[EG3_LP_to_E_6523]*[LP_Steam_Enthalpy]*4.184/1000,1
458,990,[EG3_LP_to_C_6570]*[LP_Steam_Enthalpy]*4.184/1000/1000,1
459,991,[Furnace_A_Fuel_gas_flow]*[Eth_LHV_GJ_T],1
460,992,[Furnace_B_Fuel_gas_flow]*[Eth_LHV_GJ_T],1
461,993,[Furnace_C_Fuel_gas_flow]*[Eth_LHV_GJ_T],1
462,994,[Furnace_D_Fuel_gas_flow]*[Eth_LHV_GJ_T],1
463,995,[Furnace_E_Fuel_gas_flow]*[Eth_LHV_GJ_T],1
464,996,[Furnace_F_Fuel_gas_flow]*[Eth_LHV_GJ_T],1
465,997,[Furnace_G_Fuel_gas_flow]*[Eth_LHV_GJ_T],1
466,998,[Furnace_H_Fuel_gas_flow]*[Eth_LHV_GJ_T],1
467,999,[Furnace_J_Fuel_gas_flow]*[Eth_LHV_GJ_T],1
468,1000,[Furnace_A_steam_outlet_flow]*[VHP_Steam_Enthalpy]*4.184/1000,1
469,1001,[Furnace_B_steam_outlet_flow]*[VHP_Steam_Enthalpy]*4.184/1000,1
470,1002,[Furnace_C_steam_outlet_flow]*[VHP_Steam_Enthalpy]*4.184/1000,1
471,1003,[Furnace_D_steam_outlet_flow]*[VHP_Steam_Enthalpy]*4.184/1000,1
472,1004,[Furnace_E_steam_outlet_flow]*[VHP_Steam_Enthalpy]*4.184/1000,1
473,1005,[Furnace_F_steam_outlet_flow]*[VHP_Steam_Enthalpy]*4.184/1000,1
474,1006,[Furnace_G_steam_outlet_flow]*[VHP_Steam_Enthalpy]*4.184/1000,1
475,1007,[Furnace_H_steam_outlet_flow]*[VHP_Steam_Enthalpy]*4.184/1000,1
476,1008,[Furnace_J_steam_outlet_flow]*[VHP_Steam_Enthalpy]*4.184/1000,1
477,1009,[CGC_turbine_Inlet_steam_flow]*[VHP_Steam_Enthalpy]*4.184/1000,1
478,1010,[ETH_HP_steam_BL_Export_flow]*[HP_Steam_Enthalpy]*4.184/1000,1
479,1011,[HP_Steam_from_CGC_Extraction]*[HP_Steam_Enthalpy]*4.184/1000,1
480,1012,[VHP_to_HP_Let_Down_Valve_PX7024A_VHP_Steam_flow_in_ETH]*[HP_Steam_Enthalpy]*4.184/1000,1
481,1013,[VHP_to_HP_Let_Down_Valve_PX7024B_VHP_Steam_flow_in_ETH]*[HP_Steam_Enthalpy]*4.184/1000,1
482,1014,[Quench_water_pump_turbine_Inlet_steam_flow]*[LP_Steam_Enthalpy]*4.184/1000,1
483,1015,[Eth_HP_to_CGC_lube_oil_pump_turbine_flow]*[LP_Steam_Enthalpy]*4.184/1000,1
484,1016,[HP_to_LP_Let_Down_Valve_PC7026_HP_Steam_flow_in_ETH]*[LP_Steam_Enthalpy]*4.184/1000,1
485,1017,[LP_Steam_from_PRC_Extraction]*[LP_Steam_Enthalpy]*4.184/1000,1
486,1018,[Purge_Steam_to_Furnace_valve_PDC1154_Steam_Flow_ETH]*[LP_Steam_Enthalpy]*4.184/1000,1
487,1019,[Purge_Steam_to_Furnace_valve_PDC1155_Steam_Flow_ETH]*[LP_Steam_Enthalpy]*4.184/1000,1
488,1020,[Ethane_feed_saturator_inlet_steam_flow]*[LP_Steam_Enthalpy]*4.184/1000,1
489,1021,[Process_condensate_stripper_Inlet_steam_flow]*[LP_Steam_Enthalpy]*4.184/1000,1
490,1022,[LP_to_LLP_Let_Down_Valve_PC7029_LP_Steam_Flow_in_ETH]*[LP_Steam_Enthalpy]*4.184/1000,1
491,1023,[LP_Steam_Vent_Valve_PC7028_Steam_Flow_Out_ETH]*[LP_Steam_Enthalpy]*4.184/1000,1
492,1024,[Deethaniser_reboiler_Inlet_steam_flow]*[LP_Steam_Enthalpy]*4.184/1000,1
493,1025,4,1
494,1026,5.9,1
495,1027,12.7,1
496,1028,4,1
497,1029,[HP_to_LP_Let_Down_Valve_HC7262_HP_Steam_flow_in_ETH]*[HP_Steam_Enthalpy]*4.184/1000,1
498,1030,[Quench_water_pump_turbine_Inlet_steam_flow]*[HP_Steam_Enthalpy]*4.184/1000,1
499,1031,[Eth_HP_to_CGC_lube_oil_pump_turbine_flow]*[HP_Steam_Enthalpy]*4.184/1000,1
500,1032,[Eth_HP_to_E_1103_flow]*[HP_Steam_Enthalpy]*4.184/1000,1
501,1033,[Eth_HP_to_E_1214_flow]*[HP_Steam_Enthalpy]*4.184/1000,1
502,1034,[Eth_HP_to_PT_1650_flow]*[HP_Steam_Enthalpy]*4.184/1000,1
503,1035,[C2R_turbine_Inlet_steam_flow]*[HP_Steam_Enthalpy]*4.184/1000,1
504,1036,[C3R_turbine_Inlet_steam_flow]*[HP_Steam_Enthalpy]*4.184/1000,1
505,1037,[HP_Steam_Vent_Valve_PC7027_Steam_Flow_Out_ETH]*[HP_Steam_Enthalpy]*4.184/1000,1
506,1038,3.2,1
507,1039,3.2,1
508,1040,8.3000000000000007,1
509,1041,[Total_Power_Consumption]*3.6,1
510,1042,"if((1.2-0.35*[EG1_Fresh_Oxygen]/[EG1_Fresh_Ethylene])>1,1,(1.2-0.35*[EG1_Fresh_Oxygen]/[EG1_Fresh_Ethylene]))*[EOEG1_Plant_Status]",1
511,1043,"if((1.2-0.35*[EG2_Fresh_Oxygen]/[EG2_Fresh_Ethylene])>1,1,(1.2-0.35*[EG2_Fresh_Oxygen]/[EG2_Fresh_Ethylene]))*[EOEG2_Plant_Status]",1
512,1044,"if((1.2-0.35*[EG3_Fresh_Oxygen]/[EG3_Fresh_Ethylene])>1,1,(1.2-0.35*[EG3_Fresh_Oxygen]/[EG3_Fresh_Ethylene]))*[EOEG3_Plant_Status]",1
513,1045,[LP_Steam_Dumping_Valve_PC0024A_Steam_flow_out_UO],1
514,1046,[LP_Steam_Vent_valve_PV0024B_Steam_flow_out_UO],1
515,1047,25.9253761223336+1.00582423206369*[Total_Ethylene_Load],1
516,1048,-93.6916504433746+0.816515843219808*[Total_Ethylene_Load],1
517,1049,-4.61058033087926+0.194120218370937*[Total_Ethylene_Load],1
518,1050,2.34070415630353+0.395756362819567*[Total_Ethylene_Load],1
519,1051,40.8433599641985+0.218356424433951*[Total_Ethylene_Load],1
520,1052,-7.18649648930138+0.213158627013171*[Total_Ethylene_Load],1
521,1053,183.57136197022-0.168458944134503*([ETH_HPS_Demand]+[ETH_LPS_Demand]+[EOEG_1_MPS_Demand]+[EOEG_1_LPS_Demand]+[EOEG_2_MPS_Demand]+[EOEG_2_LPS_Demand]+[EOEG_3_MPS_Demand]+[EOEG_3_LPS_Demand]),1
522,1054,"if([Regeneration_Gas_Heater_Level]>5,12.7,0)",1
523,1058,([ETH_HPS_Demand]+[ETH_LPS_Demand])/[Total_Ethylene_Production_ETH_Plant],1
524,1059,([EOEG_1_MPS_Demand]+[EOEG_1_LPS_Demand])/[EG1_EOE],1
525,1060,([EOEG_2_MPS_Demand]+[EOEG_2_LPS_Demand])/[EG2_EOE],1
526,1061,"if([EOEG3_Plant_Status]==0,0,([EOEG_3_MPS_Demand]+[EOEG_3_LPS_Demand])/[EG3_EOE])",1
527,1062,[EG1_MP_to_Ejectors]+[EG1_MP_to_E_2630]/1000+[EG1_MP_to_E_2710]+[EG1_MP_to_E_2720]/1000+[EG1_MP_to_E_2610]+[EG1_MP_to_E_2620]+[EG1_MP_to_E_2624]/1000+[EG1_MP_to_V_2533]+[EG1_MP_to_E_2531],1
528,1063,[EG1_MP_to_Ejectors_Energy]+[EG1_MP_to_E_2630_Energy]+[EG1_MP_to_E_2710_Energy]+[EG1_MP_to_E_2720_Energy]+[EG1_MP_to_E_2610_Energy]+[EG1_MP_to_E_2620_Energy]+[EG1_MP_to_E_2624_Energy]+[EG1_MP_to_V_2533_Energy]+[EG1_MP_to_E_2531],1
529,1064,[EOEG_1_MPS_Demand]+[EG1_MP_from_V2110]+[HP_to_MP_Let_Down_Valve_PC9209_EG1_HP_Steam_Flow_in]+[EG1_MP_from_V2120],1
530,1065,[EOEG_1_MPS_Demand_Energy]+[EG1_MP_from_V2110_Energy]+[HP_to_MP_Let_Down_Valve_PC9209_EG1_HP_Steam_Flow_in_Energy]+[EG1_MP_from_V2120],1
531,1066,[EOEG_1_LPS_Demand]+[EG1_LP_Steam_from_V_2920]+[EG1_LP_Steam_from_V_2112]+[EG1_LP_Steam_from_V_2122],1
532,1067,[EOEG_1_LPS_Demand_Energy]+[EG1_LP_Steam_from_V_2920_Energy]+[EG1_LP_Steam_from_V_2112_Energy]+[EG1_LP_Steam_from_V_2122_Energy],1
533,1068,[EG1_LP_to_E_2220]+[EG1_LP_to_C_2220]+[EG1_LP_to_C_2310]+[EG1_LP_to_E_2310]+[EG1_LP_to_C_2510]+[EG1_LP_to_E_2523]+[EG1_LP_to_C_2570]/1000,1
534,1069,[EG1_LP_to_E_2220_Energy]+[EG1_LP_to_C_2220_Energy]+[EG1_LP_to_C_2310_Energy]+[EG1_LP_to_E_2310_Energy]+[EG1_LP_to_C_2510_Energy]+[EG1_LP_to_E_2523_Energy]+[EG1_LP_to_C_2570_Energy],1
535,1070,[EG2_MP_to_Ejectors]+[EG2_MP_to_E_4630]/1000+[EG2_MP_to_E_4710]+[EG2_MP_to_E_4720]/1000+[EG2_MP_to_E_4610]+[EG2_MP_to_E_4620]+[EG2_MP_to_E_4624]/1000+[EG2_MP_to_V_4533]+[EG2_MP_to_E_4531],1
536,1071,[EG2_MP_to_Ejectors_Energy]+[EG2_MP_to_E_4630_Energy]+[EG2_MP_to_E_4710_Energy]+[EG2_MP_to_E_4720_Energy]+[EG2_MP_to_E_4610_Energy]+[EG2_MP_to_E_4620_Energy]+[EG2_MP_to_E_4624_Energy]+[EG2_MP_to_V_4533_Energy]+[EG2_MP_to_E_4531],1
537,1072,[EOEG_2_MPS_Demand]+[EG2_MP_from_V4110]+[HP_to_MP_Let_Down_Valve_PC9209_EG2_HP_Steam_Flow_in]+[EG2_MP_from_V4120],1
538,1073,[EOEG_2_MPS_Demand_Energy]+[EG2_MP_from_V4110_Energy]+[HP_to_MP_Let_Down_Valve_PC9209_EG2_HP_Steam_Flow_in_Energy]+[EG2_MP_from_V4120],1
539,1074,[EOEG_2_LPS_Demand]+[EG2_LP_Steam_from_V_4920]+[EG2_LP_Steam_from_V_4112]+[EG2_LP_Steam_from_V_4122],1
540,1075,[EOEG_2_LPS_Demand_Energy]+[EG2_LP_Steam_from_V_4920_Energy]+[EG2_LP_Steam_from_V_4112_Energy]+[EG2_LP_Steam_from_V_4122_Energy],1
541,1076,[EG2_LP_to_E_4220]+[EG2_LP_to_C_4220]+[EG2_LP_to_C_4310]+[EG2_LP_to_E_4310]+[EG2_LP_to_C_4510]+[EG2_LP_to_E_4523]+[EG2_LP_to_C_4570]/1000,1
542,1077,[EG2_LP_to_E_4220_Energy]+[EG2_LP_to_C_4220_Energy]+[EG2_LP_to_C_4310_Energy]+[EG2_LP_to_E_4310_Energy]+[EG2_LP_to_C_4510_Energy]+[EG2_LP_to_E_4523_Energy]+[EG2_LP_to_C_4570_Energy],1
543,1078,[EG3_MP_to_Ejectors]+[EG3_MP_to_E_6630]/1000+[EG3_MP_to_E_6710]+[EG3_MP_to_E_6720]/1000+[EG3_MP_to_E_6620]+[EG3_MP_to_E_6624]/1000+[EG3_MP_to_V_6533]+[EG3_MP_to_E_6531]+[MP_to_Intermediate_Letdown_Valve_Flowout_PV9206A_EG3],1
544,1079,[EG3_MP_to_Ejectors_Energy]+[EG3_MP_to_E_6630_Energy]+[EG3_MP_to_E_6710_Energy]+[EG3_MP_to_E_6720_Energy]+[EG3_MP_to_E_6610_Energy]+[EG3_MP_to_E_6620_Energy]+[EG3_MP_to_E_6624_Energy]+[EG3_MP_to_V_6533_Energy]+[EG3_MP_to_E_6531],1
545,1080,[EOEG_3_MPS_Demand]+[EG3_MP_from_V6110]+[HP_to_MP_Let_Down_Valve_PC9207_EG3_HP_Steam_Flow_in]+[EG3_MP_from_V6120],1
546,1081,[EOEG_3_MPS_Demand_Energy]+[EG3_MP_from_V6110_Energy]+[HP_to_MP_Let_Down_Valve_PC9207_EG3_HP_Steam_Flow_in_Energy]+[EG3_MP_from_V6120],1
547,1082,[EOEG_3_LPS_Demand]+[EG3_LP_Steam_from_V_6920]+[MP_to_LP_Letdown_Valve_Flowout_PV9206B_EG3],1
548,1083,[EOEG_3_LPS_Demand_Energy]+[EG3_LP_Steam_from_V_6920_Energy]+[EG3_LP_Steam_from_V_6112_Energy]+[EG3_LP_Steam_from_V_6122_Energy],1
549,1084,[EG3_LP_to_E_6220]+[EG3_LP_to_C_6220]+[EG3_LP_to_C_6310]+[EG3_LP_to_E_6310]+[EG3_LP_to_C_6510]+[EG3_LP_to_C_6570]/1000,1
550,1085,[EG3_LP_to_E_6220_Energy]+[EG3_LP_to_C_6220_Energy]+[EG3_LP_to_C_6310_Energy]+[EG3_LP_to_E_6310_Energy]+[EG3_LP_to_C_6510_Energy]+[EG3_LP_to_E_6523_Energy]+[EG3_LP_to_C_6570_Energy],1
551,1086,[Furnace_A_Fuel_gas_flow]+[Furnace_B_Fuel_gas_flow]+[Furnace_C_Fuel_gas_flow]+[Furnace_D_Fuel_gas_flow]+[Furnace_E_Fuel_gas_flow]+[Furnace_F_Fuel_gas_flow]+[Furnace_G_Fuel_gas_flow]+[Furnace_H_Fuel_gas_flow]+[Furnace_J_Fuel_gas_flow],1
552,1087,[Furnace_A_Fuel_gas_flow_Energy]+[Furnace_B_Fuel_gas_flow_Energy]+[Furnace_C_Fuel_gas_flow_Energy]+[Furnace_D_Fuel_gas_flow_Energy]+[Furnace_E_Fuel_gas_flow_Energy]+[Furnace_F_Fuel_gas_flow_Energy]+[Furnace_G_Fuel_gas_flow_Energy]+[Furnace_H_Fuel_gas_flow_Energy]+[Furnace_J_Fuel_gas_flow_Energy],1
553,1088,[Furnace_A_steam_outlet_flow]+[Furnace_B_steam_outlet_flow]+[Furnace_C_steam_outlet_flow]+[Furnace_D_steam_outlet_flow]+[Furnace_E_steam_outlet_flow]+[Furnace_F_steam_outlet_flow]+[Furnace_G_steam_outlet_flow]+[Furnace_H_steam_outlet_flow]+[Furnace_J_steam_outlet_flow],1
554,1089,[Furnace_A_steam_outlet_flow_Energy]+[Furnace_B_steam_outlet_flow_Energy]+[Furnace_C_steam_outlet_flow_Energy]+[Furnace_D_steam_outlet_flow_Energy]+[Furnace_E_steam_outlet_flow_Energy]+[Furnace_F_steam_outlet_flow_Energy]+[Furnace_G_steam_outlet_flow_Energy]+[Furnace_H_steam_outlet_flow_Energy]+[Furnace_J_steam_outlet_flow_Energy],1
555,1090,[CGC_turbine_Inlet_steam_flow],1
556,1091,[CGC_turbine_Inlet_steam_flow_Energy],1
557,1092,[HP_to_LP_Let_Down_Valve_HC7262_HP_Steam_flow_in_ETH]+[Quench_water_pump_turbine_Inlet_steam_flow]+[Eth_HP_to_CGC_lube_oil_pump_turbine_flow]+[Eth_HP_to_E_1103_flow]+[HP_to_LP_Let_Down_Valve_PC7026_HP_Steam_flow_in_ETH]+[Eth_HP_to_E_1214_flow]+[Eth_HP_to_PT_1650_flow]+[C2R_turbine_Inlet_steam_flow]+[C3R_turbine_Inlet_steam_flow]+[HP_Steam_Vent_Valve_PC7027_Steam_Flow_Out_ETH],1
558,1093,[HP_to_LP_Let_Down_Valve_HC7262_HP_Steam_flow_in_ETH_Energy]+[Quench_water_pump_turbine_Inlet_steam_flow_Energy]+[Eth_HP_to_CGC_lube_oil_pump_turbine_flow_Energy]+[Eth_HP_to_E_1103_flow_Energy]+[HP_to_LP_Let_Down_Valve_PC7026_HP_Steam_flow_in_ETH_Energy]+[Eth_HP_to_E_1214_flow_Energy]+[Eth_HP_to_PT_1650_flow_Energy]+[C2R_turbine_Inlet_steam_flow_Energy]+[C3R_turbine_Inlet_steam_flow_Energy]+[HP_Steam_Vent_Valve_PC7027_Steam_Flow_Out_ETH_Energy],1
559,1094,[ETH_HPS_Demand]+[ETH_HP_steam_BL_Export_flow]+[HP_Steam_from_CGC_Extraction]+[VHP_to_HP_Let_Down_Valve_PX7024A_VHP_Steam_flow_in_ETH]+[VHP_to_HP_Let_Down_Valve_PX7024B_VHP_Steam_flow_in_ETH],1
560,1095,[ETH_HPS_Demand_Energy]+[ETH_HP_steam_BL_Export_flow_Energy]+[HP_Steam_from_CGC_Extraction_Energy]+[VHP_to_HP_Let_Down_Valve_PX7024A_VHP_Steam_flow_in_ETH_Energy]+[VHP_to_HP_Let_Down_Valve_PX7024B_VHP_Steam_flow_in_ETH_Energy],1
561,1096,[ETH_LPS_Demand]+[Quench_water_pump_turbine_Inlet_steam_flow]+[Eth_HP_to_CGC_lube_oil_pump_turbine_flow]+[HP_to_LP_Let_Down_Valve_PC7026_HP_Steam_flow_in_ETH]+[LP_Steam_from_PRC_Extraction],1
562,1097,[ETH_LPS_Demand_Energy]+[Quench_water_pump_turbine_Inlet_steam_flow_Energy]+[Eth_HP_to_CGC_lube_oil_pump_turbine_flow_Energy]+[HP_to_LP_Let_Down_Valve_PC7026_HP_Steam_flow_in_ETH_Energy]+[LP_Steam_from_PRC_Extraction_Energy],1
563,1098,[Purge_Steam_to_Furnace_valve_PDC1154_Steam_Flow_ETH]+[Purge_Steam_to_Furnace_valve_PDC1155_Steam_Flow_ETH]+[Ethane_feed_saturator_inlet_steam_flow]+[Process_condensate_stripper_Inlet_steam_flow]+[LP_to_LLP_Let_Down_Valve_PC7029_LP_Steam_Flow_in_ETH]+[LP_Steam_Vent_Valve_PC7028_Steam_Flow_Out_ETH]+[Deethaniser_reboiler_Inlet_steam_flow],1
564,1099,[Purge_Steam_to_Furnace_valve_PDC1154_Steam_Flow_ETH_Energy]+[Purge_Steam_to_Furnace_valve_PDC1155_Steam_Flow_ETH_Energy]+[Ethane_feed_saturator_inlet_steam_flow_Energy]+[Process_condensate_stripper_Inlet_steam_flow_Energy]+[LP_to_LLP_Let_Down_Valve_PC7029_LP_Steam_Flow_in_ETH_Energy]+[LP_Steam_Vent_Valve_PC7028_Steam_Flow_Out_ETH_Energy]+[Deethaniser_reboiler_Inlet_steam_flow_Energy],1
565,1100,[NATURAL_GAS_Import_CTM]+[Fuel_BLR_1_corrected]+[Fuel_BLR_2_corrected]+[Fuel_BLR_3_corrected]+[Fuel_BLR_4_corrected]+[Fuel_BLR_5_corrected],1
566,1101,[NATURAL_GAS_Import_CTM_Energy]+[Fuel_BLR_1_Energy]+[Fuel_BLR_2_Energy]+[Fuel_BLR_3_Energy]+[Fuel_BLR_4_Energy]+[Fuel_BLR_5_Energy],1
567,1102,[Deaerator_A_LPS]+[Deaerator_B_LPS]+[LP_Steam_Vent_valve_PV0024B_Steam_flow_out_UO]+[LP_Steam_Dumping_Valve_PC0024A_Steam_flow_out_UO]+[Utility_LP_to_acid_alkali]+[LAO_LP_Steam_Demand]+[ETH_LPS_Demand]+[EOEG_1_LPS_Demand]+[EOEG_2_LPS_Demand]+[EOEG_3_LPS_Demand],1
568,1103,[Deaerator_A_LPS_Energy]+[Deaerator_B_LPS_Energy]+[LP_Steam_Vent_valve_PV0024B_Steam_flow_out_UO_Energy]+[LP_Steam_Dumping_Valve_PC0024A_Steam_flow_out_UO_Energy]+[Utility_LP_to_acid_alkali_Energy]+[LAO_LP_Steam_Demand_Energy]+[ETH_LPS_Demand_Energy]+[EOEG_1_LPS_Demand_Energy]+[EOEG_2_LPS_Demand_Energy]+[EOEG_3_LPS_Demand_Energy],1
569,1104,[MP_to_LP_Letdown_MPS_Flow_In_PV013A_UO]+[MP_to_LP_Letdown_MPS_Flow_In_PV013B_UO]+[MP_to_LP_Letdown_MPS_Flow_In_PV31_UO]+[MP_to_LP_Letdown_MPS_Flow_In_PV32_UO]+[FD_Fan_BLR_1_Steam]+[FD_Fan_BLR_2_Steam]+[FD_Fan_BLR_3_Steam]+[FD_Fan_BLR_4_Steam]+[FD_Fan_BLR_5_Steam]+[BFW_B_Turb_Steam]+[BFW_C_Turb_Steam]+[BFW_E_Turb_Steam]+[VHP_BFW_B_Turb_Steam]+[VHP_BFW_C_Turb_Steam]+[CW_Turbine_A_Steam]+[CW_Turbine_B_Steam]+[CW_Turbine_G_Steam]+[Air_Compressor_Turbine_A_Steam]+[Air_Compressor_Turbine_D_Steam]+[DMW_Turbine_A_Steam]+[DMW_Turbine_C_Steam],1
570,1105,[MP_to_LP_Letdown_MPS_Flow_In_PV013A_UO_Energy]+[MP_to_LP_Letdown_MPS_Flow_In_PV013B_UO_Energy]+[MP_to_LP_Letdown_MPS_Flow_In_PV31_UO_Energy]+[MP_to_LP_Letdown_MPS_Flow_In_PV32_UO_Energy]+[FD_Fan_BLR_1_Steam_Energy]+[FD_Fan_BLR_2_Steam_Energy]+[FD_Fan_BLR_3_Steam_Energy]+[FD_Fan_BLR_4_Steam_Energy]+[FD_Fan_BLR_5_Steam_Energy]+[BFW_B_Turb_Steam_Energy]+[BFW_C_Turb_Steam_Energy]+[BFW_E_Turb_Steam_Energy]+[VHP_BFW_B_Turb_Steam_Energy]+[VHP_BFW_C_Turb_Steam_Energy]+[CW_Turbine_A_Steam_Energy]+[CW_Turbine_B_Steam_Energy]+[CW_Turbine_G_Steam_Energy]+[Air_Compressor_Turbine_A_Steam_Energy]+[Air_Compressor_Turbine_D_Steam_Energy]+[DMW_Turbine_A_Steam_Energy]+[DMW_Turbine_C_Steam_Energy],1
571,1106,[Utility_HP_to_MP_Flow_throttle],1
572,1107,[MP_Steam_Generation]*[MP_Steam_Enthalpy]*4.184/1000,1
573,1108,[MP_to_LP_Letdown_MPS_Flow_In_PV013A_UO]+[MP_to_LP_Letdown_MPS_Flow_In_PV013B_UO]+[MP_to_LP_Letdown_MPS_Flow_In_PV31_UO]+[MP_to_LP_Letdown_MPS_Flow_In_PV32_UO]+[DMW_Turbine_A_Steam]+[DMW_Turbine_C_Steam]+[EOEG_1_MPS_Demand]+[EOEG_2_MPS_Demand]+[EOEG_3_MPS_Demand],1
574,1109,[MP_to_LP_Letdown_MPS_Flow_In_PV013A_UO_Energy]+[MP_to_LP_Letdown_MPS_Flow_In_PV013B_UO_Energy]+[MP_to_LP_Letdown_MPS_Flow_In_PV31_UO_Energy]+[MP_to_LP_Letdown_MPS_Flow_In_PV32_UO_Energy]+[DMW_Turbine_A_Steam_Energy]+[DMW_Turbine_C_Steam_Energy]+[EOEG_1_MPS_Demand_Energy]+[EOEG_2_MPS_Demand_Energy]+[EOEG_3_MPS_Demand_Energy],1
575,1110,[BLR_1_HPS_Gen]+[BLR_2_HPS_Gen]+[BLR_3_HPS_Gen]+[BLR_4_HPS_Gen]+[BLR_5_HPS_Gen],1
576,1111,[BLR_1_HPS_Gen_Energy]+[BLR_2_HPS_Gen_Energy]+[BLR_3_HPS_Gen_Energy]+[BLR_4_HPS_Gen_Energy]+[BLR_5_HPS_Gen_Energy],1
577,1112,[FD_Fan_BLR_1_Steam]+[FD_Fan_BLR_2_Steam]+[FD_Fan_BLR_3_Steam]+[FD_Fan_BLR_4_Steam]+[FD_Fan_BLR_5_Steam] +[BFW_B_Turb_Steam]+[BFW_C_Turb_Steam]+[BFW_E_Turb_Steam]+[VHP_BFW_B_Turb_Steam]+[VHP_BFW_C_Turb_Steam]+[CW_Turbine_A_Steam]+[CW_Turbine_B_Steam]+[CW_Turbine_G_Steam]+[Air_Compressor_Turbine_A_Steam] +[Air_Compressor_Turbine_D_Steam]+ [HP_Steam_Vent_valve_PV0012_Steam_flow_out_UO]+[ETH_HPS_Demand]+[EOEG_1_HPS_Demand]+[EOEG_2_HPS_Demand]+[EOEG_3_HPS_Demand]+[MP_Steam_Generation],1
578,1113,[FD_Fan_BLR_1_Steam_Energy]+[FD_Fan_BLR_2_Steam_Energy]+[FD_Fan_BLR_3_Steam_Energy]+[FD_Fan_BLR_4_Steam_Energy]+[FD_Fan_BLR_5_Steam_Energy]+[BFW_B_Turb_Steam_Energy]+[BFW_C_Turb_Steam_Energy]+[BFW_E_Turb_Steam_Energy]+[VHP_BFW_B_Turb_Steam_Energy]+[VHP_BFW_C_Turb_Steam_Energy]+[CW_Turbine_A_Steam_Energy]+[CW_Turbine_B_Steam_Energy]+[CW_Turbine_G_Steam_Energy]+[Air_Compressor_Turbine_A_Steam_Energy]+[Air_Compressor_Turbine_D_Steam_Energy]+[HPS_Vent_Energy]+[ETH_HPS_Demand_Energy]+[EOEG_1_HPS_Demand_Energy]+[EOEG_2_HPS_Demand_Energy]+[EOEG_3_HPS_Demand_Energy],1
579,1114,45*[Utilities_plant_status],1
580,1115,3.5*[ETH_Plant_Status],1
581,1116,11.5*[EOEG1_Plant_Status],1
582,1117,13*[EOEG2_Plant_Status],1
583,1118,24*[EOEG3_Plant_Status],1
584,1119,6*[LAO_Plant_Status],1
585,1120,7*[CO2_Plant_Status],1
586,1121,[Power_to_Utility]*3.6,1
587,1122,[Power_to_ETH]*3.6,1
588,1123,[Power_to_EG_1]*3.6,1
589,1124,[Power_to_EG_2]*3.6,1
590,1125,[Power_to_EG_3]*3.6,1
591,1126,[Power_to_LAO]*3.6,1
592,1127,[Power_to_CO2]*3.6,1
593,1128,[Power_to_Utility_Energy]*[Power_Rate],1
594,1129,[Power_to_ETH_Energy]*[Power_Rate],1
595,1130,[Power_to_EG_1_Energy]*[Power_Rate],1
596,1131,[Power_to_EG_2_Energy]*[Power_Rate],1
597,1132,[Power_to_EG_3_Energy]*[Power_Rate],1
598,1133,[Power_to_LAO_Energy]*[Power_Rate],1
599,1134,[Power_to_CO2_Energy]*[Power_Rate],1
600,1135,[LAO_LP_Steam_Demand],1
601,1136,[BFW_A_Motor_Status]+[BFW_D_Motor_Status]+[BFW_F_Motor_Status],1
602,1137,[BFW_B_Turb_Status]+[BFW_C_Turb_Status]+[BFW_E_Turb_Status],1
603,1138,[VHP_BFW_A_Motor_Status],1
604,1139,[VHP_BFW_B_Turb_Status]+[VHP_BFW_C_Turb_Status],1
605,1140,[CW_Motor_C_Status]+[CW_Motor_D_Status]+[CW_Motor_E_Status]+[CW_Motor_F_Status],1
606,1141,[CW_Turbine_A_Status]+[CW_Turbine_B_Status]+[CW_Turbine_G_Status],1
607,1142,[Air_Compressor_Motor_B_Status]+[Air_Compressor_Motor_C_Status],1
608,1143,[Air_Compressor_Turbine_A_Status]+[Air_Compressor_Turbine_D_Status],1
609,1144,[DMW_Pump_Motor_B_Status],1
610,1145,[DMW_Turbine_A_Status]+[DMW_Turbine_C_Status],1
611,1152,5,1
612,1151,([BOILER_A_CBD]+[BOILER_B_CBD]+[BOILER_C_CBD]+[BOILER_D_CBD]+[BOILER_E_CBD])/1000,1
613,1153,([Total_BFW_Generated]*109)-([Return_Condensate]*75+[DMW_Makeup]*40+([Deaerator_A_LPS]-[Deaerator_A_LPS_Vent]+[Deaerator_B_LPS]-[Deaerator_B_LPS_Vent])*684+[Condensate_From_P_7106_to_Deaerator_Header]*75),1
614,1164,([BOILER_A_CO2_Fuel_Emission_Factor]*[BLR_1_Status]+[BOILER_B_CO2_Fuel_Emission_Factor]*[BLR_2_Status]+[BOILER_C_CO2_Fuel_Emission_Factor]*[BLR_3_Status]+[BOILER_D_CO2_Fuel_Emission_Factor]*[BLR_4_Status]+[BOILER_E_CO2_Fuel_Emission_Factor]*[BLR_5_Status])/([BLR_1_Status]+[BLR_2_Status]+[BLR_3_Status]+[BLR_4_Status]+[BLR_5_Status]),1
615,1165,0.56799999999999995,1
616,1166,[Total_Power_Consumption_actual]-[Total_Power_Consumption_optimum],1
617,1167,[Total_Energy_Consumption_actual]-[Total_Energy_Consumption_optimum],1
618,1168,[Total_Energy_Consumption_optimum]/[Total_Energy_Consumption_actual]*100,1
619,1175,5,0
620,1181,[FUR_1_PASS_1_ETHANE_FEED]+[FUR_1_PASS_2_ETHANE_FEED]+[FUR_1_PASS_3_ETHANE_FEED]+[FUR_1_PASS_4_ETHANE_FEED]+[FUR_1_PASS_5_ETHANE_FEED]+[FUR_1_PASS_6_ETHANE_FEED]+[FUR_1_PASS_7_ETHANE_FEED]+[FUR_1_PASS_8_ETHANE_FEED],1
621,1182,[FUR_2_PASS_1_ETHANE_FEED]+[FUR_2_PASS_2_ETHANE_FEED]+[FUR_2_PASS_3_ETHANE_FEED]+[FUR_2_PASS_4_ETHANE_FEED]+[FUR_2_PASS_5_ETHANE_FEED]+[FUR_2_PASS_6_ETHANE_FEED]+[FUR_2_PASS_7_ETHANE_FEED]+[FUR_2_PASS_8_ETHANE_FEED],1
622,1183,[FUR_3_PASS_1_ETHANE_FEED]+[FUR_3_PASS_2_ETHANE_FEED]+[FUR_3_PASS_3_ETHANE_FEED]+[FUR_3_PASS_4_ETHANE_FEED]+[FUR_3_PASS_5_ETHANE_FEED]+[FUR_3_PASS_6_ETHANE_FEED]+[FUR_3_PASS_7_ETHANE_FEED]+[FUR_3_PASS_8_ETHANE_FEED],1
623,1184,[FUR_4_PASS_1_ETHANE_FEED]+[FUR_4_PASS_2_ETHANE_FEED]+[FUR_4_PASS_3_ETHANE_FEED]+[FUR_4_PASS_4_ETHANE_FEED]+[FUR_4_PASS_5_ETHANE_FEED]+[FUR_4_PASS_6_ETHANE_FEED]+[FUR_4_PASS_7_ETHANE_FEED]+[FUR_4_PASS_8_ETHANE_FEED],1
624,1185,[FUR_5_PASS_1_ETHANE_FEED]+[FUR_5_PASS_2_ETHANE_FEED]+[FUR_5_PASS_3_ETHANE_FEED]+[FUR_5_PASS_4_ETHANE_FEED]+[FUR_5_PASS_5_ETHANE_FEED]+[FUR_5_PASS_6_ETHANE_FEED]+[FUR_5_PASS_7_ETHANE_FEED]+[FUR_5_PASS_8_ETHANE_FEED],1
625,1186,[FUR_6_PASS_1_ETHANE_FEED]+[FUR_6_PASS_2_ETHANE_FEED]+[FUR_6_PASS_3_ETHANE_FEED]+[FUR_6_PASS_4_ETHANE_FEED]+[FUR_6_PASS_5_ETHANE_FEED]+[FUR_6_PASS_6_ETHANE_FEED]+[FUR_6_PASS_7_ETHANE_FEED]+[FUR_6_PASS_8_ETHANE_FEED],1
626,1187,[FUR_7_PASS_1_ETHANE_FEED]+[FUR_7_PASS_2_ETHANE_FEED]+[FUR_7_PASS_3_ETHANE_FEED]+[FUR_7_PASS_4_ETHANE_FEED]+[FUR_7_PASS_5_ETHANE_FEED]+[FUR_7_PASS_6_ETHANE_FEED]+[FUR_7_PASS_7_ETHANE_FEED]+[FUR_7_PASS_8_ETHANE_FEED],1
627,1188,[FUR_8_PASS_1_ETHANE_FEED]+[FUR_8_PASS_2_ETHANE_FEED]+[FUR_8_PASS_3_ETHANE_FEED]+[FUR_8_PASS_4_ETHANE_FEED]+[FUR_8_PASS_5ETHANE_FEED]+[FUR_8_PASS_6_ETHANE_FEED]+[FUR_8_PASS_7_ETHANE_FEED]+[FUR_8_PASS_8_ETHANE_FEED],1
628,1189,[FUR_9_PASS_1_ETHANE_FEED]+[FUR_9_PASS_2_ETHANE_FEED]+[FUR_9_PASS_3_ETHANE_FEED]+[FUR_9_PASS_4_ETHANE_FEED]+[FUR_9_PASS_5ETHANE_FEED]+[FUR_9_PASS_6_ETHANE_FEED]+[FUR_9_PASS_7_ETHANE_FEED]+[FUR_9_PASS_8_ETHANE_FEED],1
629,1190,[Furnace1_Feed]+[Furnace2_Feed]+[Furnace3_Feed]+[Furnace4_Feed]+[Furnace5_Feed]+[Furnace6_Feed]+[Furnace7_Feed]+[Furnace8_Feed]+[Furnace9_Feed],1
630,1191,25.9253761223336+1.00582423206369*[Total_Ethylene_Load],0
631,1192,[Ethylene_HP_Steam_Import]+[Ethylene_LP_Steam_Import]+[EG1_MP_Steam_Import]+[EG1_LP_Steam_Import]+[EG2_MP_Steam_Import]+[EG2_LP_Steam_Import]+[EG3_MP_Steam_Import]+[EG3_LP_Steam_Import]+[Deaerator_LP_Steam]+[Vent]+[Dump],0
632,1193,[Boilers_HP_Steam_Generation],0
633,1194,"if((abs([Power_Bill_actual]-[Power_Bill_optimum]))>0.5,([Power_Bill_actual]-[Power_Bill_optimum]),0)",1
634,1195,"if((abs([Fuel_Bill_actual]-[Fuel_Bill_optimum]))>0.5,([Fuel_Bill_actual]-[Fuel_Bill_optimum]),0)",1
635,1196,"if((abs([DMW_Bill_actual]-[DMW_Bill_optimum]))>0.5,([DMW_Bill_actual]-[DMW_Bill_optimum]),0)",1
636,1197,(1-[Total_Energy_Consumption_optimum]/[Total_Energy_Consumption_actual])*100,1
637,1198,[Total_Power_Consumption_actual]-[Total_Power_Consumption_optimum],1
638,1199,[Total_Fuel_Consumption_actual]-[Total_Fuel_Consumption_optimum],1
639,1202,[Total_BLR_HPS_Generation]/[Total_Boilers_Running],0
640,1203,[Total_BLR_HPS_Generation]/([Total_Boilers_Running]-1),0
643,1,test,0
645,1212,"if(missing([LAO_Load_raw]),0,[LAO_Load_raw])/1000",1
646,1213,"if(missing([CO2_Load_raw]),0,[CO2_Load_raw])/1000",1
647,1209,"if([ETH_Plant_Status]==0,0,[Total_Ethylene_Production_ETH_Plant])",1
649,1,some,0
650,1,nothing,0
651,1,1+1,0
653,1,testing,0
656,1,TESTING1,0
657,1232,"if(missing([Utilities_plant_status]),1,if([Utilities_plant_status]==1,0,1))",1
658,1429,4000,1
659,1431,[BFW_to_EOEG_3_raw],1
660,1432,[BLR_1_HPS_Gen_raw]/1000,1
661,1433,[BLR_2_HPS_Gen_raw]/1000,1
662,1434,[BLR_3_HPS_Gen_raw]/1000,1
663,1435,[BLR_4_HPS_Gen_raw]/1000,1
664,1436,[BLR_5_HPS_Gen_raw]/1000,1
665,1437,[BFW_B_Turb_Steam_raw]/1000,1
666,1438,[BFW_C_Turb_Steam_raw]/1000,1
667,1439,[BFW_E_Turb_Steam_raw]/1000,1
668,1440,[FD_Fan_BLR_1_Steam_raw]/1000,1
669,1441,[FD_Fan_BLR_2_Steam_raw]/1000,1
670,1442,[FD_Fan_BLR_3_Steam_raw]/1000,1
671,1443,[FD_Fan_BLR_4_Steam_raw]/1000,1
672,1444,[FD_Fan_BLR_5_Steam_raw]/1000,1
673,1445,[VHP_BFW_B_Turb_Steam_raw]/1000,1
674,1446,[VHP_BFW_C_Turb_Steam_raw]/1000,1
675,1447,[Air_Compressor_Turbine_A_Steam_raw]/1000,1
676,1448,[Air_Compressor_Turbine_D_Steam_raw]/1000,1
677,1449,[DMW_Turbine_A_Steam_raw]/1000,1
678,1450,[DMW_Turbine_C_Steam_raw]/1000,1
679,1451,[Deaerator_A_LPS_raw]/1000,1
680,1452,[Deaerator_B_LPS_raw]/1000,1
681,1453,[BFW_TO_LAO_raw]/1000,1
682,1454,[DSP_BFW_TO_CAUSTIC_DILUTION_raw]/1000,1
683,1455,[LHV_Raw]*4.182/1000,1
684,2373,5,1
685,1457,336,1
686,1458,326,1
687,1459,15.435,1
688,1460,15.435,1
689,1461,11.27,1
690,1462,11.27,1
691,1463,12326,1
692,1464,350,1
693,1465,0.9,1
694,1466,0,1
695,1467,(-2.4610118074113*[VHP_Steam_Pressure]+3.35070975622248*[VHP_Steam_Temperature]+2008.00318529056)/4.184,1
696,1468,((2175.54628147543-1.32764297764643*([HP_Steam_Pressure])+2.66244961166282*[HP_Steam_Temperature])*0.239+2),1
697,1469,(2253.62848550016+0.00249650188327707*([MP_Steam_Temperature]+273)^2-0.0959381928945203*([MP_Steam_Pressure]+1)^2)/4.184,1
698,1470,(1673.85374637974+2.82230848302398*([LP_Steam_Temperature]+273)-3.68230027548199*([LP_Steam_Pressure]+1)-0.000689738881558694*([LP_Steam_Temperature]+273)^2-0.0455922865013869*([LP_Steam_Pressure]+1)^2)/4.184,1
699,1471,([BFW_Pressure]* 0.0678913878546345+[BFW_Temperature]*4.22416911685416 -3.01717714574329)/4.184,1
700,1472,13.334,1
701,1473,1.1850000000000001,1
702,1474,7.34/3.75,1
703,1475,"(max(0,[EG1_MEG_production_flow]*0.71)+max(0,[EG1_DEG_production_flow]*0.83)+max(0,([EG1_TEG_production_flow]/1000*0.88))+max(0,([EG1_HEG_production_flow]/1000*0.91)))",1
704,1476,"(max(0,[EG2_MEG_production_flow]*0.71)+max(0,[EG2_DEG_production_flow]*0.83)+max(0,([EG2_TEG_production_flow]/1000*0.88))+max(0,([EG2_HEG_production_flow]/1000*0.91)))",1
705,1477,"(max(0,[EG3_MEG_production_flow]*0.71)+max(0,[EG3_DEG_production_flow]*0.83)+max(0,([EG3_TEG_production_flow]/1000*0.88))+max(0,([EG3_HEG_production_flow]/1000*0.91)))",1
706,1430,"if( [EG1_EOE]>30,if( [EG2_EOE]>30,[CW_TO_EG2],19000),0)",1
707,1478," [EG1_EOE]+ [EG2_EOE]+[EG3_EOE]+[Total_Ethylene_Production_ETH_Plant]",1
708,1479,([ETH_CLEAN_COND_TO_U_O]) + ([EG1_CLEAN_COND_TO_U_O]) + ([EG2_CLEAN_COND_TO_U_O]) + ([EG3_CLEAN_COND_TO_U_O]) + [Polished_Condenstae_to_Deaerator],1
709,1480,[VHP_BFW_FROM_U_O]+[VHP_DESPHTR_BFW_FROM_U_O],1
710,1481,([Fuel_BLR_1_raw]+[Fuel_BLR_2_raw]+[Fuel_BLR_3_raw]+[Fuel_BLR_4_raw]+[Fuel_BLR_5_raw])/1000,1
711,1482,[Total_Fuel_for_Boilers]*([LHV_Raw]*4.18/1000),1
712,1483,([BLR_1_HPS_Gen]+[BLR_2_HPS_Gen]+[BLR_3_HPS_Gen]+[BLR_4_HPS_Gen]+[BLR_5_HPS_Gen]),1
713,1484,"if(([BFW_A_AMPS]>60) || ([BFW_A_Vibrations]>10) || ([BFW_A_Bearing_temp]>60),1,0)",1
714,1485,"if(([BFW_B_Turb_Steam_raw]/1000)>8,1,0)",1
715,1486,"if(([BFW_C_Turb_Steam_raw]/1000)>8,1,0)",1
716,1487,"if(([BFW_D_AMPS]>60) || ([BFW_D_Vibrations]>10) || ([BFW_D_Bearing_temp]>60),1,0)",1
717,1488,"if(([BFW_E_Turb_Steam_raw]/1000)>8,1,0)",1
718,1489,"if(([PM7103F_CWP_MTR_BEARING])>60 || ([BFW_F_Vibration])>10,1,0)",1
719,1490,"if((([VHP_BFW_B_Turb_Steam_raw]/1000))>16 || ([VHP_BFW_B_Discharge_flow]>150000) ,1,0)",1
720,1491,"if((([VHP_BFW_C_Turb_Steam_raw]/1000))>16 || ([VHP_BFW_C_Discharge_flow]>150000),1,0)",1
721,1492,"if(([VHP_BFW_A_AMPS])>150 || ([VHP_BFW_A_Discharge_flow]>150000) || ([VHP_BFW_A_Vibration] >2),1,0)",1
722,1493,"if(([CW_Turbine_A_Steam])>16 || ([CW_Turbine_A_RPM])>2100,1,0)",1
723,1494,"if(([CW_Turbine_B_Steam])>16 || ([CW_Turbine_B_RPM])>2100,1,0)",1
724,1495,"if(([PM7801C_CWP_MTR_BEARING])>50 || ([CW_Motor_C_Winding_temp])>50,1,0)",1
725,1496,"if(([PM7801D_CWP_MTR_BEARING])>50 || ([CW_Motor_D_Winding_temp])>50 ,1,0)",1
726,1497,"if(([PM7801E_CWP_MTR_BEARING])>50 || ([CW_Motor_E_Winding_temp])>50 ,1,0)",1
727,1498,"if(([PM7801F_CWP_MTR_BEARING])>50 || ([CW_Motor_F_Winding_temp])>50,1,0)",1
728,1499,"if(([CW_Turbine_G_Steam])>16 || ([CW_Turbine_G_RPM])>2100, 1,0)",1
729,1500,"if(([Air_Compressor_Turbine_A_Steam_raw]/1000)>12.5 || ([Air_Compressor_Turbine_A_RPM])>1750,1,0)",1
730,1501,"if(([Air_Compressor_Turbine_D_Steam_raw]/1000)>12.5 || ([Air_Compressor_Turbine_D_RPM])>1750,1,0)",1
731,1502,"if(([Air_Compressor_Motor_B_Amperes])>100 || ([Air_Compressor_B_Discharge_Pressure]>4),1,0)",1
732,1503,"if(([Air_Compressor_Motor_C_Amperes])>100 || ([Air_Compressor_C_Discharge_Pressure]>4),1,0)",1
733,1504,"if(( [DMW_Turbine_A_Steam_raw]/1000)>2.500 || ([DMW_Turbine_A_RPM]>900),1,0)",1
734,1505,"if([DMW_Motor_B_Status]>=2,1,0)",1
735,1506,"if(([DMW_Turbine_C_Steam_raw]/1000)>2.500 || ([DMW_Turbine_C_RPM]>900),1,0)",1
736,1507,"if(([FDF_A_AMPS])>25,1,0)",1
737,1508,"if(([FDF_B_AMPS])>25,1,0)",1
738,1509,1.73*[Voltage_LP]*[FDF_A_AMPS]*[FDF_A_Motor_Status]*[power_factor]/1000,1
739,1510,1.73*[Voltage_LP]*[FDF_B_AMPS]*[FDF_B_Motor_Status]*[power_factor]/1000,1
740,1511,1.73*[Voltage_LP]*[BFW_A_AMPS]*[BFW_A_Motor_Status]*[power_factor]/1000/1000,1
741,1512,1.73*[Voltage_LP]*[BFW_D_AMPS]*[BFW_D_Motor_Status]*[power_factor]/1000/1000,1
742,1513,[BFW_F_Motor_Status]* 1001 * 0.85 /1000,1
743,1514,1.73*[Voltage_LP]*[VHP_BFW_A_AMPS]*[VHP_BFW_A_Motor_Status]*[power_factor]/1000/1000,1
744,1515,[CW_Motor_C_Status]*2295/1000,1
745,1516,[CW_Motor_D_Status]*2295/1000,1
746,1517,[CW_Motor_E_Status]*2295/1000,1
747,1518,[CW_Motor_F_Status]*2295/1000,1
748,1519,1.73*[Voltage_LP]*[Air_Compressor_Motor_B_Amperes]*[Air_Compressor_Motor_B_Status]*[power_factor]/1000/1000,1
749,1520,1.73*[Voltage_LP]*[Air_Compressor_Motor_C_Amperes]*[Air_Compressor_Motor_C_Status]*[power_factor]/1000/1000,1
750,1521,[DMW_Pump_Motor_B_Status]*100.71/1000,1
751,1522,([DMW_MAKEUP_Near_Clean_Condensate_Header]+[DMW_MAKEUP_Near_Suspect_Condensate_Header])/1000,1
752,1523,([FDF_A_Motor_Power]+[FDF_B_Motor_Power])/1000 +[BFW_A_Motor_Power]+[BFW_D_Motor_Power]+[BFW_F_Motor_Power]+[VHP_BFW_A_Motor_Power]+[CW_Motor_C_Power]+[CW_Motor_D_Power]+[CW_Motor_E_Power]+[CW_Motor_F_Power] +[Air_Compressor_Motor_B_Power]+[Air_Compressor_Motor_C_Power]+[DMW_Motor_B_Power],1
753,1525,[Deaerator_A_LPS_raw]*0.02/1000,1
754,1526,[Deaerator_B_LPS_raw]*0.02/1000,1
755,1527,[BFW_A_Motor_Status] + [BFW_B_Turb_Status] + [BFW_C_Turb_Status] + [BFW_D_Motor_Status] + [BFW_E_Turb_Status]+[BFW_F_Motor_Status],1
756,1528,[VHP_BFW_B_Turb_Status] + [VHP_BFW_C_Turb_Status] + [VHP_BFW_A_Motor_Status],1
757,1529,[CW_Turbine_A_Status] + [CW_Turbine_B_Status] + [CW_Motor_C_Status] + [CW_Motor_D_Status] + [CW_Motor_E_Status] + [CW_Motor_F_Status] + [CW_Turbine_G_Status],1
758,1530,[Air_Compressor_Turbine_A_Status] + [Air_Compressor_Motor_B_Status] + [Air_Compressor_Motor_C_Status] + [Air_Compressor_Turbine_D_Status],1
759,1531,[DMW_Turbine_A_Status] + [DMW_Pump_Motor_B_Status] + [DMW_Turbine_C_Status],1
760,1532,[BFW_B_Turb_Status] + [BFW_C_Turb_Status] + [BFW_E_Turb_Status]+[VHP_BFW_B_Turb_Status] + [VHP_BFW_C_Turb_Status]+[CW_Turbine_A_Status] + [CW_Turbine_B_Status]+[CW_Turbine_G_Status]+[Air_Compressor_Turbine_A_Status]+[Air_Compressor_Turbine_D_Status]+[DMW_Turbine_A_Status]+[DMW_Turbine_C_Status]+[BLR_1_Status] + [BLR_2_Status] + [BLR_3_Status] + [BLR_4_Status] + [BLR_5_Status],1
761,1533,(([BFW_E_Turb_Steam_raw] + [BFW_B_Turb_Steam_raw] + [BFW_C_Turb_Steam_raw] + [VHP_BFW_B_Turb_Steam_raw] + [VHP_BFW_C_Turb_Steam_raw] +  [Air_Compressor_Turbine_A_Steam_raw] + [Air_Compressor_Turbine_D_Steam_raw]    +  [DMW_Turbine_A_Steam_raw] + [DMW_Turbine_C_Steam_raw]+[FD_Fan_BLR_1_Steam_raw]+[FD_Fan_BLR_2_Steam_raw]+[FD_Fan_BLR_3_Steam_raw]+[FD_Fan_BLR_4_Steam_raw]+[FD_Fan_BLR_5_Steam_raw])/1000) + [CW_Turbine_A_Steam] + [CW_Turbine_B_Steam] + [CW_Turbine_G_Steam],1
762,1534,(-0.0078*([HP_to_MP_Letdown_Valve_Opening_PV0007A_UO])^2+ 2.86*([HP_to_MP_Letdown_Valve_Opening_PV0007A_UO])),1
763,1535,(-0.0078*([HP_to_MP_Letdown_Valve_Opening_PV0007B_UO])^2+ 2.86*([HP_to_MP_Letdown_Valve_Opening_PV0007B_UO])),1
764,1536,0.11*[HP_to_MP_Letdown_HPS_Flow_In_PV0007A_UO],1
765,1537,0.11*[HP_to_MP_Letdown_HPS_Flow_In_PV0007B_UO],1
766,1538,[HP_to_MP_Letdown_HPS_Flow_In_PV0007A_UO]+[BFW_to_HP_to_MP_Letdown_Flow_In_PV0007A_UO],1
767,1539,[HP_to_MP_Letdown_HPS_Flow_In_PV0007B_UO]+[BFW_to_HP_to_MP_Letdown_Flow_In_PV0007B_UO],1
768,1540,(0.0039*([MP_to_LP_Letdown_Valve_Opening_PV013A_UO])^2+0.047*([MP_to_LP_Letdown_Valve_Opening_PV013A_UO])),1
769,1541,(0.0039*([MP_to_LP_Letdown_Valve_Opening_PV013B_UO])^2+0.047*([MP_to_LP_Letdown_Valve_Opening_PV013B_UO])),1
770,1542,0.677*([MP_to_LP_Letdown_Valve_Opening_PV31_UO]),1
771,1543,0.677*([MP_to_LP_Letdown_Valve_Opening_PV32_UO]),1
772,1544,(0.0039*([MP_to_LP_Letdown_Valve_Opening_PV013A_UO])^2+0.047*([MP_to_LP_Letdown_Valve_Opening_PV013A_UO])),1
773,1545,(0.0039*([MP_to_LP_Letdown_Valve_Opening_PV013B_UO])^2+0.047*([MP_to_LP_Letdown_Valve_Opening_PV013B_UO])),1
774,1546,0.677*([MP_to_LP_Letdown_Valve_Opening_PV31_UO]),1
775,1547,0.677*([MP_to_LP_Letdown_Valve_Opening_PV32_UO]),1
776,1548,0.498*([HP_to_MP_Let_Down_Valve_Opening_PC9209_EG1]),1
777,1549,0.498*([HP_to_MP_Let_Down_Valve_Opening_PC9209_EG2]),1
778,1550,0.0043*([HP_to_MP_Let_Down_Valve_Opening_PC9207_EG3])^2 - 0.1546*([HP_to_MP_Let_Down_Valve_Opening_PC9207_EG3]),1
779,1551,0.498*([HP_to_MP_Let_Down_Valve_Opening_PC9209_EG1]),1
780,1552,0.498*([HP_to_MP_Let_Down_Valve_Opening_PC9209_EG2]),1
781,1553,0.0043*([HP_to_MP_Let_Down_Valve_Opening_PC9207_EG3])^2 - 0.1546*([HP_to_MP_Let_Down_Valve_Opening_PC9207_EG3]),1
782,1554,5.33*([VHP_to_HP_Let_Down_Valve_Opening_PX7024A_ETH]),1
783,1555,1.324*([VHP_to_HP_Let_Down_Valve_Opening_PX7024B_ETH]),1
784,1556,5.33*([VHP_to_HP_Let_Down_Valve_Opening_PX7024A_ETH]),1
785,1557,1.324*([VHP_to_HP_Let_Down_Valve_Opening_PX7024B_ETH]),1
786,1558,1.401*([HP_to_LP_Let_Down_Valve_Opening_PC7026_ETH]),1
787,1559,0.102*([HP_to_LP_Let_Down_Valve_Opening_HC7262_ETH]),1
788,1560,1.401*([HP_to_LP_Let_Down_Valve_Opening_PC7026_ETH]),1
789,1561,0.102*([HP_to_LP_Let_Down_Valve_Opening_HC7262_ETH]),1
790,1562,0.396*([LP_to_LLP_Let_Down_Valve_PC7029_Opening_ETH]),1
791,1563,0.396*([LP_to_LLP_Let_Down_Valve_PC7029_Opening_ETH]),1
792,1564,0.0005*([Purge_Steam_to_Furnace_valve_PDC1154_Opening_ETH])^2+0.0002*([Purge_Steam_to_Furnace_valve_PDC1154_Opening_ETH]),1
793,1565,0.0005*([Purge_Steam_to_Furnace_valve_PDC1155_Opening_ETH])^2+0.0002*([Purge_Steam_to_Furnace_valve_PDC1155_Opening_ETH]),1
794,1566,0.724*[LP_Steam_Dumping_Valve_PC0024A_Opening_UO],1
795,2372,([BOILER_A_CBD]+[BOILER_B_CBD]+[BOILER_C_CBD]+[BOILER_D_CBD]+[BOILER_E_CBD])/1000,1
796,1456,[LP_Steam_Dumping_Valve_PC0024A_Steam_flow_out_UO]+[Boiler_CBD]+[Condensate_from_Traps],1
797,1567,2.059*([HP_Steam_Vent_valve_PV0012_Opening_UO]),1
798,1568,1.208*[LP_Steam_Vent_valve_PV0024B_Opening_UO],1
799,1569,4.448*([HP_Steam_Vent_Valve_PC7032_Opening_ETH]),1
800,1570,2.059*([HP_Steam_Vent_Valve_PC7027_Opening_ETH]),1
801,1571,0.357*([LP_Steam_Vent_Valve_PC7028_Opening_ETH]),1
802,1572,[Total_BLR_HPS_Generation]+[ETH_HP_steam_BL_Export_flow]*0,1
803,1573,(([BFW_E_Turb_Steam_raw] + [BFW_B_Turb_Steam_raw] + [BFW_C_Turb_Steam_raw] + [VHP_BFW_B_Turb_Steam_raw] + [VHP_BFW_C_Turb_Steam_raw] + [Air_Compressor_Turbine_A_Steam_raw] + [Air_Compressor_Turbine_D_Steam_raw]  + [FD_Fan_BLR_1_Steam_raw] + [FD_Fan_BLR_2_Steam_raw] + [FD_Fan_BLR_3_Steam_raw] + [FD_Fan_BLR_4_Steam_raw] + [FD_Fan_BLR_5_Steam_raw])/1000)+[CW_Turbine_A_Steam] + [CW_Turbine_B_Steam] + [CW_Turbine_G_Steam]+[HP_to_MP_Letdown_HPS_Flow_In_PV0007A_UO]+[HP_to_MP_Letdown_HPS_Flow_In_PV0007B_UO]+[ETH_HPS_Demand] +[EOEG_1_HPS_Demand]+[EOEG_2_HPS_Demand]+[EOEG_3_HPS_Demand]+[HP_Steam_Vent_valve_PV0012_Steam_flow_out_UO],1
804,1574,[HP_Steam_Generation]-[HP_Steam_Consumption],1
805,1575,[HP_to_MP_Letdown_MPS_Flow_Out_PV0007A_UO]+[HP_to_MP_Letdown_MPS_Flow_Out_PV0007B_UO],1
806,1576,([EOEG_1_MPS_Demand] + [EOEG_2_MPS_Demand] + [EOEG_3_MPS_Demand]) + ( [DMW_Turbine_A_Steam_raw] + [DMW_Turbine_C_Steam_raw])/1000+[MP_to_LP_Letdown_MPS_Flow_In_PV013A_UO]+[MP_to_LP_Letdown_MPS_Flow_In_PV013B_UO]+[MP_to_LP_Letdown_LPS_Flow_Out_PV31_UO]+[MP_to_LP_Letdown_LPS_Flow_Out_PV32_UO],1
807,1577,[MP_Steam_Generation]-[MP_Steam_Consumption],1
808,1578,[LPS_from_Drives]+[MP_to_LP_Letdown_LPS_Flow_Out_PV013A_UO]+[MP_to_LP_Letdown_LPS_Flow_Out_PV013B_UO]+[MP_to_LP_Letdown_LPS_Flow_Out_PV31_UO]+[MP_to_LP_Letdown_LPS_Flow_Out_PV32_UO]+(([Total_BLR_HPS_Generation])*0.01*0.21),1
809,1579,([ETH_LPS_Demand] + [EOEG_1_LPS_Demand] + [EOEG_2_LPS_Demand] + [EOEG_3_LPS_Demand]) + ([Deaerator_A_LPS_raw] + [Deaerator_B_LPS_raw]+[LAO_LP_Steam_Demand])/1000+[LP_Steam_Vent_valve_PV0024B_Steam_flow_out_UO]+[LP_Steam_Dumping_Valve_PC0024A_Steam_flow_out_UO],1
810,1580,[LP_Steam_Generation]-[LP_Steam_Consumption],1
811,1582,([Fuel_BLR_1_raw]+[Fuel_BLR_2_raw]+[Fuel_BLR_3_raw]+[Fuel_BLR_4_raw]+[Fuel_BLR_5_raw])/1000,1
812,1583,[FDF_A_Motor_Power]+[FDF_B_Motor_Power]+(([BFW_A_Motor_Power]+[BFW_D_Motor_Power]+[BFW_F_Motor_Power] +[VHP_BFW_A_Motor_Power] +[CW_Motor_C_Power]+[CW_Motor_D_Power]+[CW_Motor_E_Power]+[CW_Motor_F_Power]+[Air_Compressor_Motor_B_Power]+[Air_Compressor_Motor_C_Power]+[DMW_Motor_B_Power])*1000),1
813,1584,[HP_to_MP_Letdown_HPS_Flow_In_PV0007A_UO]+[HP_to_MP_Letdown_HPS_Flow_In_PV0007B_UO]+[HP_to_MP_Let_Down_Valve_PC9209_EG1_HP_Steam_Flow_in]+[HP_to_MP_Let_Down_Valve_PC9209_EG2_HP_Steam_Flow_in]+[HP_to_MP_Let_Down_Valve_PC9207_EG3_HP_Steam_Flow_in],1
814,1585,[MP_to_LP_Letdown_MPS_Flow_In_PV013A_UO]+[MP_to_LP_Letdown_MPS_Flow_In_PV013B_UO]+[MP_to_LP_Letdown_MPS_Flow_In_PV31_UO]+[MP_to_LP_Letdown_MPS_Flow_In_PV32_UO],1
815,1586,[LP_Steam_Dumping_Valve_PC0024A_Steam_flow_out_UO],1
816,1587,1.208*[LP_Steam_Vent_valve_PV0024B_Opening_UO]+0.357*([LP_Steam_Vent_Valve_PC7028_Opening_ETH]),1
817,1588,[Total_Boilers_Running],1
818,1589,([BLR_1_HPS_Gen]+[BLR_2_HPS_Gen]+[BLR_3_HPS_Gen]+[BLR_4_HPS_Gen]+[BLR_5_HPS_Gen]),1
819,1590,([Spec_En_Cons_BLR_1]*[BLR_1_Status]+[Spec_En_Cons_BLR_2]*[BLR_2_Status]+[Spec_En_Cons_BLR_3]*[BLR_3_Status]+[Spec_En_Cons_BLR_4]*[BLR_4_Status]+[Spec_En_Cons_BLR_5]*[BLR_5_Status])/[Total_Boilers_Running],1
820,1591,[BFW_B_Turb_Status] + [BFW_C_Turb_Status] + [BFW_E_Turb_Status]+[VHP_BFW_B_Turb_Status] + [VHP_BFW_C_Turb_Status]+[CW_Turbine_A_Status] + [CW_Turbine_B_Status]+[CW_Turbine_G_Status]+[Air_Compressor_Turbine_A_Status]+[Air_Compressor_Turbine_D_Status]+[DMW_Turbine_A_Status]+[DMW_Turbine_C_Status]+[BLR_1_Status] + [BLR_2_Status] + [BLR_3_Status] + [BLR_4_Status] + [BLR_5_Status],1
821,1592,[BFW_Drives_Running]+[VHP_BFW_Drives_Running]+[CW_Drives_Running]+[Air_Compressor_Drives_Running]+[DMW_Drives_Running]+[Total_Boilers_Running]-[Total_Steam_Turbines_Running],1
822,1594,[HP_Steam_Vent_valve_PV0012_Steam_flow_out_UO]+[LP_Steam_Vent_valve_PV0024B_Steam_flow_out_UO]+[HP_Steam_Vent_Valve_PC7032_Steam_Flow_Out_ETH]+[HP_Steam_Vent_Valve_PC7027_Steam_Flow_Out_ETH]+[LP_Steam_Vent_Valve_PC7028_Steam_Flow_Out_ETH],1
823,1598,[Return_Condensate]+[DMW_Makeup]+([Deaerator_A_LPS_raw]  + [Deaerator_B_LPS_raw])/1000 + [Condensate_From_P_7106_to_Deaerator_Header],1
824,1599,[VHP_BFW_FROM_U_O] + [VHP_DESPHTR_BFW_FROM_U_O] +  [BFW_to_EOEG_1] + [BFW_to_EOEG_2] +  [BFW_to_EOEG_3] + [BFW_TO_LAO]  + [DSP_BFW_TO_ETH] + [DSP_BFW_TO_EG1] + [DSP_BFW_TO_EG2] +    [DSP_BFW_TO_EG3] + [DSP_BFW_TO_CAUSTIC_DILUTION] + [Total_BLR_HPS_Generation]/.99 +  [Deaerator_A_LPS_Vent] + [Deaerator_B_LPS_Vent],1
825,1600,([Air_compressor_A_Discharge_flow] + [Air_compressor_B_Discharge_flow] + [Air_compressor_C_Discharge_flow] + [Air_compressor_D_Discharge_flow])*1.225/1000,1
826,1601,([CW_TO_UTILITIES] + [CW_TO_LAO])/1000+ [CW_TO_EG1] + [CW_TO_EG2] +[CW_TO_ETH],1
827,1602,[Total_BFW_Generated] -[Total_BFW_Consumption],1
828,1603,[BFW_to_EOEG_1] + [BFW_to_EOEG_2] +  [BFW_to_EOEG_3]+ [BFW_TO_LAO]  + [DSP_BFW_TO_ETH] + [DSP_BFW_TO_EG1] + [DSP_BFW_TO_EG2] +    [DSP_BFW_TO_EG3] + [DSP_BFW_TO_CAUSTIC_DILUTION] + [Total_BLR_HPS_Generation]/.99,1
829,1604,[VHP_BFW_FROM_U_O] + [VHP_DESPHTR_BFW_FROM_U_O],1
830,1605,[BFW_Drives_Running] + [VHP_BFW_Drives_Running] + [CW_Drives_Running] + [Air_Compressor_Drives_Running] + [DMW_Drives_Running] + [BLR_1_Status] + [BLR_2_Status] + [BLR_3_Status] + [BLR_4_Status] + [BLR_5_Status],1
831,1606,[Total_Drives_Running] -  [Total_Steam_Turbines_Running],1
832,2412,[LAO_Load_raw]/1000,1
833,2413,[CO2_Load_raw]/1000,1
834,1607,"if([Total_Ethylene_Production_ETH_Plant]>100,1,0)",1
835,1608,"if( [EG1_EOE]>30,1,0)",1
836,1609,"if( [EG2_EOE]>30,1,0)",1
837,1610,"if([EG3_EOE]>30,1,0)",1
838,1611,"if([LAO_Load]<5,0,1)",1
839,1612,"if([CO2_Load]<20,0,1)",1
840,1613,1,1
841,1614,[ETH_Plant_Status]*3.4,1
842,1615,[EOEG1_Plant_Status]*12.7,1
843,1616,[EOEG2_Plant_Status]*12.7,1
844,1617,[EOEG3_Plant_Status]*24.3,1
845,1618,[LAO_Plant_Status]*6.4,1
846,1619,[CO2_Plant_Status]*7.2,1
847,1620,[UO_Plant_Status]*35.2,1
848,1621,[ETH_Power_Consumption] + [EOEG_1_Power_Consumption] + [EOEG_2_Power_Consumption] +[EOEG_3_Power_Consumption] + [LAO_Power_Consumption] + [CO2_Power_Consumption] + [UO_Power_Consumption_without_Drives],1
849,1622,[Total_Power_Consumption_without_Drives] + [Total_Power_for_Drives],1
850,1634,[NATURAL_GAS_Import_CTM_raw]/1000,1
851,2099,NATURAL_GAS_Import_CTM*LHV,1
852,1524,[Total_Power_Consumption]*3.6,1
853,1595,[Total_Power_Consumption_Energy]+[NATURAL_GAS_Import_CTM_Energy],1
854,1597,[Total_Energy_Consumption]/[Total_Products],1
855,1623,[NG_Fuel_to_EG1_raw]/1000,1
856,1624,[TAILGAS_From_EG1_to_UO_raw]/1000,1
857,1625,"if([NG_Fuel_to_EG2_raw]<5,[NG_Fuel_to_EG2_raw],[NG_Fuel_to_EG2_raw]/1000)",1
858,1626,[TAILGAS_From_EG2_to_UO_raw]/1000,1
859,1627,[NG_Fuel_to_EG3_raw]/1000,1
860,1628,[TAILGAS_From_EG3_to_UO_raw]/1000,1
861,1629,[FUEL_GAS_From_UO_to_LAO_raw]/1000,1
862,1630,[ETHANE_Fuel_From_ETH_to_UO_raw]/1000,1
863,1631,[FUEL_GAS_From_UO_to_Flare_raw]/1000,1
864,1632,[FUEL_GAS_From_UO_to_Incinerator_raw]/1000,1
865,1633,[FUEL_GAS_From_UO_to_WTO_raw]/1000,1
866,1635,[NATURAL_GAS_Import_CTM],1
867,1636,[NG_Fuel_to_EG1] + [NG_Fuel_to_EG2] + [NG_Fuel_to_EG3] + [FUEL_GAS_From_UO_to_ETH] + [FUEL_GAS_From_UO_to_LAO] + [FUEL_GAS_From_UO_to_Flare] + [FUEL_GAS_From_UO_to_Incinerator]  - [TAILGAS_From_EG1_to_UO] - [TAILGAS_From_EG2_to_UO] - [TAILGAS_From_EG3_to_UO] - [ETHANE_Fuel_From_ETH_to_UO],1
868,1637,[Total_Fuel_Consumption_without_Boilers] + [Total_Fuel_for_Boilers],1
869,1638,[Total_Fuel_Supply]  - [Total_Fuel_Consumption],1
870,1639,[Total_Power_Consumption]*3.6*[Power_Rate],1
871,1640,([Total_Fuel_Supply])*([LHV_Raw]*4.18/1000)*[Fuel_Rate],1
872,1641,[DMW_Makeup]*[DMW_Rate],1
873,1642,[Power_Bill]+[Fuel_Bill]+[DMW_Bill],1
874,1581,[Power_Bill]+[Fuel_Bill]+[DMW_Bill],1
875,1596,[Energy_Bill]/[Total_Products],1
876,1643,([DSP_BFW_TO_BOILER_A]+ [DSP_BFW_TO_BOILER_B] + [DSP_BFW_TO_BOILER_C] + [DSP_BFW_TO_BOILER_D] + [DSP_BFW_TO_BOILER_E] + [BFW_TO_BOILER_A] + [BFW_TO_BOILER_B] + [BFW_TO_BOILER_C] + [BFW_TO_BOILER_D] + [BFW_TO_BOILER_E])*0.99/1000,1
877,1644,[Total_Power_Consumption]*3.6*[Power_Rate] + ([Total_Fuel_Supply])*([LHV])*[Fuel_Rate] + [DMW_Makeup]*[DMW_Rate],1
878,1645,0,1
879,1646,150,1
880,1647,150,1
881,1648,150,1
882,1649,150,1
883,1650,150,1
884,1651,0,1
885,1652,0,1
886,1653,0,1
887,1654,0,1
888,1655,([Total_Energy_Bill_optimum]/[Total_Energy_Bill_actual])*100,1
889,1656,[Total_Energy_Bill_actual] -[Total_Energy_Bill_optimum],1
890,1657,([Total_Fuel_Consumption_optimum]/ [Total_Fuel_Consumption_actual])*100,1
891,1658,[Total_Fuel_Consumption_actual]- [Total_Fuel_Consumption_optimum],1
892,1659,([Specific_Energy_Consumption_optimum] / [Specific_Energy_Consumption_actual])*100,1
893,2375,(BOILER_A_CO2_Fuel_Emission_Factor*BLR_1_Status+BOILER_B_CO2_Fuel_Emission_Factor*BLR_2_Status+BOILER_C_CO2_Fuel_Emission_Factor*BLR_3_Status+BOILER_D_CO2_Fuel_Emission_Factor*BLR_4_Status+BOILER_E_CO2_Fuel_Emission_Factor*BLR_5_Status)/(BLR_1_Status+BLR_2_Status+BLR_3_Status+BLR_4_Status+BLR_5_Status),1
894,2376,0.56799999999999995,1
895,2377,[Total_Power_Consumption_actual]-[Total_Power_Consumption_optimum],1
896,1660,([Total_Power_Consumption_actual]-[Total_Power_Consumption_optimum])*[Power_Emission_Factor_actual]+([Total_Fuel_Consumption_actual]- [Total_Fuel_Consumption_optimum])*[Fuel_Emission_Factor_actual],1
897,2378,[Total_Energy_Consumption_actual]-[Total_Energy_Consumption_optimum],1
898,2379,[Total_Energy_Consumption_optimum]/[Total_Energy_Consumption_actual]*100,1
899,1996,1,1
900,1997,1,1
901,1998,1,1
902,1999,1,1
903,2000,1,1
904,2001,1,1
905,2002,1,1
906,2003,1,1
907,2004,1,1
908,2005,1,1
909,2006,1,1
910,2007,1,1
911,2008,[Total_DMW_Demand_raw]/1000,1
912,2010,[Fuel_BLR_1_raw]/1000,1
913,2011,[Fuel_BLR_2_raw]/1000,1
914,2012,[Fuel_BLR_3_raw]/1000,1
915,2013,[Fuel_BLR_4_raw]/1000,1
916,2014,[Fuel_BLR_5_raw]/1000,1
917,2015,7.1,1
918,2016,7,1
919,2017,7,1
920,2018,7,1
921,2019,7.1,1
922,2020,7,1
923,2021,31.2,1
924,2022,31.8,1
925,2023,33.1,1
926,2024,31.4,1
927,2025,43.5,1
928,2026,3.9,1
929,2027,3.9,1
930,2028,3.9,1
931,2029,3.9,1
932,2030,3.9,1
933,2031,3.9,1
934,2032,104.2,1
935,2033,114,1
936,2034,33.5,1
937,2035,223.7,1
938,2036,209.4,1
939,2037,246.5,1
940,2038,249.1,1
941,2039,273.60000000000002,1
942,2040,0.2,1
943,2041,173.2,1
944,2042,3.9,1
945,2043,3.9,1
946,2044,3.9,1
947,2045,3.9,1
948,2046,3.9,1
949,2047,3.9,1
950,2048,3.9,1
951,2049,3.9,1
952,2050,3.9,1
953,2051,3.9,1
954,2052,38.200000000000003,1
955,2053,0,1
956,2054,0,1
957,2055,0,1
958,2056,0,1
959,2057,93.6,1
960,2058,93.6,1
961,2059,59.9,1
962,2060,57.3,1
963,2061,6.7,1
964,2062,0,1
965,2063,6.7,1
966,2064,6.7,1
967,2065,6.7,1
968,2066,36.799999999999997,1
969,2067,3.6,1
970,2068,5.8,1
971,2069,5.8,1
972,2070,668.3,1
973,2071,183.1,1
974,2072,3.4,1
975,2073,3.4,1
976,2074,78.900000000000006,1
977,2075,1112.8,1
978,2076,35.799999999999997,1
979,2077,38.200000000000003,1
980,2078,3.5,1
981,2079,0,1
982,2080,49,1
983,2081,4.3,1
984,2082,192.5,1
985,2083,0.5,1
986,2084,25.3,1
987,2085,27.9,1
988,2086,1,1
989,2087,1,1
990,2088,1,1
991,2089,1,1
992,2090,1,1
993,2091,1,1
994,2092,1,1
995,2093,1,1
996,2094,1,1
997,2095,1,1
998,2096,4,1
999,2097,4,1
1000,2098,4,1
1001,2100,297.2,1
1002,2101,297.2,1
1003,2102,297.2,1
1004,2103,297.2,1
1005,2104,304.7,1
1006,2105,0,1
1007,2106,184.2,1
1008,2107,0,1
1009,2108,0,1
1010,2109,1.1000000000000001,1
1011,2110,330.9,1
1012,2111,336.7,1
1013,2112,337.8,1
1014,2113,338.8,1
1015,2114,341.4,1
1016,2115,572,1
1017,2116,0,1
1018,2117,0,1
1019,2118,0,1
1020,2119,0,1
1021,2120,16.3,1
1022,2121,16.399999999999999,1
1023,2122,17.399999999999999,1
1024,2123,16.3,1
1025,2124,19.100000000000001,1
1026,2125,44,1
1027,2126,47.2,1
1028,2127,43.1,1
1029,2128,90,1
1030,2129,94.6,1
1031,2130,100.3,1
1032,2131,117.9,1
1033,2132,123.7,1
1034,2133,8.5,1
1035,2134,72.5,1
1036,2135,16.399999999999999,1
1037,2136,2.9,1
1038,2137,0.1,1
1039,2138,0.1,1
1040,2139,0,1
1041,2140,51.5,1
1042,2141,1.5,1
1043,2142,2.5,1
1044,2143,116,1
1045,2144,145.6,1
1046,2145,149,1
1047,2146,120.6,1
1048,2147,11.9,1
1049,2148,0,1
1050,2149,22.9,1
1051,2150,-0.6,1
1052,2151,52.3,1
1053,2152,106.1,1
1054,2153,0,1
1055,2154,7.4,1
1056,2155,146.80000000000001,1
1057,2156,240.5,1
1058,2157,59.5,1
1059,2158,0,1
1060,2159,60.7,1
1061,2160,35.1,1
1062,2161,20.9,1
1063,2162,21.9,1
1064,2163,102.8,1
1065,2164,41,1
1066,2165,-7.3,1
1067,2166,73.2,1
1068,2167,32,1
1069,2168,26.9,1
1070,2169,1.2,1
1071,2170,11.9,1
1072,2171,0,1
1073,2172,-6.8,1
1074,2173,1.5,1
1075,2174,60.3,1
1076,2175,99.4,1
1077,2176,0,1
1078,2177,8.9,1
1079,2178,154.1,1
1080,2179,204.8,1
1081,2180,75.099999999999994,1
1082,2181,2.8,1
1083,2182,82.7,1
1084,2183,25.1,1
1085,2184,35.1,1
1086,2185,35.299999999999997,1
1087,2186,128.4,1
1088,2187,27.6,1
1089,2188,0.1,1
1090,2189,76.400000000000006,1
1091,2190,26.4,1
1092,2191,19.3,1
1093,2192,1.3,1
1094,2193,11.9,1
1095,2194,16,1
1096,2195,18.899999999999999,1
1097,2196,1.6,1
1098,2197,56.4,1
1099,2198,117.4,1
1100,2199,0,1
1101,2200,17.399999999999999,1
1102,2201,151.4,1
1103,2202,84.8,1
1104,2203,150.6,1
1105,2204,-0.1,1
1106,2205,147.4,1
1107,2206,36.299999999999997,1
1108,2207,42.4,1
1109,2208,42,1
1110,2209,52.9,1
1111,2210,0,1
1112,2211,0,1
1113,2212,64.599999999999994,1
1114,2213,26.7,1
1115,2214,0.6,1
1116,2215,0.5,1
1117,2216,209.2,1
1118,2217,209.2,1
1119,2218,209.2,1
1120,2219,209.2,1
1121,2220,209.2,1
1122,2221,209.2,1
1123,2222,209.2,1
1124,2223,209.2,1
1125,2224,209.2,1
1126,2225,187.7,1
1127,2226,187.7,1
1128,2227,187.7,1
1129,2228,187.7,1
1130,2229,187.7,1
1131,2230,187.7,1
1132,2231,187.7,1
1133,2232,187.7,1
1134,2233,187.7,1
1135,2234,1706.7,1
1136,2235,36.4,1
1137,2236,781,1
1138,2237,1,1
1139,2238,42.2,1
1140,2239,41.1,1
1141,2240,11.8,1
1142,2241,20.9,1
1143,2242,238.1,1
1144,2243,9.8000000000000007,1
1145,2244,1,1
1146,2245,417.2,1
1147,2246,29.4,1
1148,2247,37.5,1
1149,2248,1,1
1150,2249,14.7,1
1151,2250,4,1
1152,2251,5.9,1
1153,2252,12.7,1
1154,2253,4,1
1155,2254,7.7,1
1156,2255,47.8,1
1157,2256,12.7,1
1158,2257,19.100000000000001,1
1159,2258,41.4,1
1160,2259,12.7,1
1161,2260,15.9,1
1162,2261,31.9,1
1163,2262,1,1
1164,2263,3.2,1
1165,2264,3.2,1
1166,2265,8.3000000000000007,1
1167,2279,(ETH_HPS_Demand + ETH_LPS_Demand)/Total_Ethylene_Production_ETH_Plant,1
1168,2280,(EOEG_1_MPS_Demand + EOEG_1_LPS_Demand)/EG1_EOE,1
1169,2281,(EOEG_2_MPS_Demand + EOEG_2_LPS_Demand)/EG2_EOE,1
1170,2282,(EOEG_3_MPS_Demand + EOEG_3_LPS_Demand)/EG3_EOE,1
1171,2283,130,1
1172,2284,249.5,1
1173,2285,121.4,1
1174,2286,230,1
1175,2287,76,1
1176,2288,223.4,1
1177,2289,491.4,1
1178,2290,269.8,1
1179,2291,620.20000000000005,1
1180,2292,227.1,1
1181,2293,123,1
1182,2294,600,1
1183,2295,83.2,1
1184,2296,244.4,1
1185,2297,544.70000000000005,1
1186,2298,279.5,1
1187,2299,600,1
1188,2300,290.60000000000002,1
1189,2301,120,1
1190,2302,600,1
1191,2303,82.2,1
1192,2304,241.4,1
1193,2305,219.6,1
1194,2306,145.30000000000001,1
1195,2307,40,1
1196,2308,3000,1
1197,2309,520,1
1198,2310,1600,1
1199,2311,520,1
1200,2312,1600,1
1201,2313,333,1
1202,2314,1100,1
1203,2315,333,1
1204,2316,1100,1
1205,2317,160,1
1206,2318,500,1
1207,2319,160,1
1208,2320,500,1
1209,2321,50,1
1210,2322,2100,1
1211,2323,300,1
1212,2324,800,1
1213,2325,300,1
1214,2326,800,1
1215,2327,180,1
1216,2328,520,1
1217,2329,180,1
1218,2330,520,1
1219,2331,500,1
1220,2332,1500,1
1221,2333,500,1
1222,2334,1500,1
1223,2335,45,1
1224,2336,3.5,1
1225,2337,11.5,1
1226,2338,13,1
1227,2339,24,1
1228,2340,6,1
1229,2341,7,1
1230,2342,162,1
1231,2343,12.6,1
1232,2344,41.4,1
1233,2345,46.8,1
1234,2346,86.4,1
1235,2347,21.6,1
1236,2348,25.2,1
1237,2349,599.9,1
1238,2350,46.7,1
1239,2351,153.30000000000001,1
1240,2352,173.3,1
1241,2353,319.89999999999998,1
1242,2354,80,1
1243,2355,93.3,1
1244,2356,[LAO_LP_Steam_Demand]/1000,1
1245,2357,[BFW_A_Motor_Status]+[BFW_D_Motor_Status]+[BFW_F_Motor_Status],1
1246,2358,[BFW_B_Turb_Status] + [BFW_C_Turb_Status]+ [BFW_E_Turb_Status],1
1247,2359,[VHP_BFW_A_Motor_Status],1
1248,2360,[VHP_BFW_B_Turb_Status] + [VHP_BFW_C_Turb_Status],1
1249,2361,[CW_Motor_C_Status] + [CW_Motor_D_Status] + [CW_Motor_E_Status] + [CW_Motor_F_Status],1
1250,2362,[CW_Turbine_A_Status] + [CW_Turbine_B_Status] +[CW_Turbine_G_Status],1
1251,2363,[Air_Compressor_Motor_B_Status] + [Air_Compressor_Motor_C_Status],1
1252,2364,[Air_Compressor_Turbine_A_Status] + [Air_Compressor_Turbine_D_Status],1
1253,2365,[DMW_Pump_Motor_B_Status],1
1254,2366,[DMW_Turbine_A_Status] + [DMW_Turbine_C_Status],1
1255,2374,([Total_BFW_Generated]*109)-([Return_Condensate]*75+[DMW_Makeup]*40+([Deaerator_A_LPS]-[Deaerator_A_LPS_Vent]+[Deaerator_B_LPS]-[Deaerator_B_LPS_Vent])*684+[Condensate_From_P_7106_to_Deaerator_Header]*75),1
1256,2391,[FUR_1_PASS_1_ETHANE_FEED]+[FUR_1_PASS_2_ETHANE_FEED]+[FUR_1_PASS_3_ETHANE_FEED]+[FUR_1_PASS_4_ETHANE_FEED]+[FUR_1_PASS_5_ETHANE_FEED]+[FUR_1_PASS_6_ETHANE_FEED]+[FUR_1_PASS_7_ETHANE_FEED]+[FUR_1_PASS_8_ETHANE_FEED],1
1257,2392,[FUR_2_PASS_1_ETHANE_FEED]+[FUR_2_PASS_2_ETHANE_FEED]+[FUR_2_PASS_3_ETHANE_FEED]+[FUR_2_PASS_4_ETHANE_FEED]+[FUR_2_PASS_5_ETHANE_FEED]+[FUR_2_PASS_6_ETHANE_FEED]+[FUR_2_PASS_7_ETHANE_FEED]+[FUR_2_PASS_8_ETHANE_FEED],1
1258,2393,[FUR_3_PASS_1_ETHANE_FEED]+[FUR_3_PASS_2_ETHANE_FEED]+[FUR_3_PASS_3_ETHANE_FEED]+[FUR_3_PASS_4_ETHANE_FEED]+[FUR_3_PASS_5_ETHANE_FEED]+[FUR_3_PASS_6_ETHANE_FEED]+[FUR_3_PASS_7_ETHANE_FEED]+[FUR_3_PASS_8_ETHANE_FEED],1
1259,2394,[FUR_4_PASS_1_ETHANE_FEED]+[FUR_4_PASS_2_ETHANE_FEED]+[FUR_4_PASS_3_ETHANE_FEED]+[FUR_4_PASS_4_ETHANE_FEED]+[FUR_4_PASS_5_ETHANE_FEED]+[FUR_4_PASS_6_ETHANE_FEED]+[FUR_4_PASS_7_ETHANE_FEED]+[FUR_4_PASS_8_ETHANE_FEED],1
1260,2395,[FUR_5_PASS_1_ETHANE_FEED]+[FUR_5_PASS_2_ETHANE_FEED]+[FUR_5_PASS_3_ETHANE_FEED]+[FUR_5_PASS_4_ETHANE_FEED]+[FUR_5_PASS_5_ETHANE_FEED]+[FUR_5_PASS_6_ETHANE_FEED]+[FUR_5_PASS_7_ETHANE_FEED]+[FUR_5_PASS_8_ETHANE_FEED],1
1261,2396,[FUR_6_PASS_1_ETHANE_FEED]+[FUR_6_PASS_2_ETHANE_FEED]+[FUR_6_PASS_3_ETHANE_FEED]+[FUR_6_PASS_4_ETHANE_FEED]+[FUR_6_PASS_5_ETHANE_FEED]+[FUR_6_PASS_6_ETHANE_FEED]+[FUR_6_PASS_7_ETHANE_FEED]+[FUR_6_PASS_8_ETHANE_FEED],1
1262,2397,[FUR_7_PASS_1_ETHANE_FEED]+[FUR_7_PASS_2_ETHANE_FEED]+[FUR_7_PASS_3_ETHANE_FEED]+[FUR_7_PASS_4_ETHANE_FEED]+[FUR_7_PASS_5_ETHANE_FEED]+[FUR_7_PASS_6_ETHANE_FEED]+[FUR_7_PASS_7_ETHANE_FEED]+[FUR_7_PASS_8_ETHANE_FEED],1
1263,2398,[FUR_8_PASS_1_ETHANE_FEED]+[FUR_8_PASS_2_ETHANE_FEED]+[FUR_8_PASS_3_ETHANE_FEED]+[FUR_8_PASS_4_ETHANE_FEED]+[FUR_8_PASS_5ETHANE_FEED]+[FUR_8_PASS_6_ETHANE_FEED]+[FUR_8_PASS_7_ETHANE_FEED]+[FUR_8_PASS_8_ETHANE_FEED],1
1264,2399,[FUR_9_PASS_1_ETHANE_FEED]+[FUR_9_PASS_2_ETHANE_FEED]+[FUR_9_PASS_3_ETHANE_FEED]+[FUR_9_PASS_4_ETHANE_FEED]+[FUR_9_PASS_5ETHANE_FEED]+[FUR_9_PASS_6_ETHANE_FEED]+[FUR_9_PASS_7_ETHANE_FEED]+[FUR_9_PASS_8_ETHANE_FEED],1
1265,2400,[Furnace1_Feed]+[Furnace2_Feed]+[Furnace3_Feed]+[Furnace4_Feed]+[Furnace5_Feed]+[Furnace6_Feed]+[Furnace7_Feed]+[Furnace8_Feed]+[Furnace9_Feed],1
1266,2266,1.2-0.35*[EG1_Fresh_Oxygen]/[EG1_Fresh_Ethylene],1
1267,2267,1.2-0.35*[EG2_Fresh_Oxygen]/[EG2_Fresh_Ethylene],1
1268,2268,1.2-0.35*[EG3_Fresh_Oxygen]/[EG3_Fresh_Ethylene],1
1269,2269,0,1
1270,2270,0,1
1271,2278,"if([Regeneration_Gas_Heater_Level]>5,12.7,0)",1
1272,2271,25.9253761223336+1.00582423206369*[Total_Ethylene_Load],1
1273,2272,-93.6916504433746+0.816515843219808*[Total_Ethylene_Load],1
1274,2273,-4.61058033087926+0.194120218370937*[Total_Ethylene_Load],1
1275,2274,2.34070415630353+0.395756362819567*[Total_Ethylene_Load],1
1276,2275,40.8433599641985+0.218356424433951*[Total_Ethylene_Load],1
1277,2276,-7.18649648930138+0.213158627013171*[Total_Ethylene_Load],1
1278,2277,183.57136197022-0.168458944134503*([ETH_HPS_Demand]+[ETH_LPS_Demand]+[EOEG_1_MPS_Demand]+[EOEG_1_LPS_Demand]+[EOEG_2_MPS_Demand]+[EOEG_2_LPS_Demand]+[EOEG_3_MPS_Demand]+[EOEG_3_LPS_Demand]),1
1279,2401,[Power_Bill_actual]-[Power_Bill_optimum],1
1280,2402,[Fuel_Bill_actual]-[Fuel_Bill_optimum],1
1281,2403,[DMW_Bill_actual]-[DMW_Bill_optimum],1
1282,2404,[Total_Energy_Consumption_optimum]/[Total_Energy_Consumption_actual]*100,1
1283,2405,[Total_Power_Consumption_actual]-[Total_Power_Consumption_optimum],1
1284,2406,[Total_Fuel_Consumption_actual]-[Total_Fuel_Consumption_optimum],1
1285,2407,[Total_BLR_HPS_Generation]/[Total_Boilers_Running],1
1286,2408,[Total_BLR_HPS_Generation]/([Total_Boilers_Running]-1),1
1287,2409,[Total_Ethylene_Production_ETH_Plant]*[ETH_Plant_Status],1
1288,2414,1,1
1289,2415,[Decoke_status],1
1290,2416,[FD_Fan_BLR_1_Steam]+[FD_Fan_BLR_2_Steam]+[FD_Fan_BLR_3_Steam]+[FD_Fan_BLR_4_Steam]+[FD_Fan_BLR_5_Steam]+[BFW_B_Turb_Steam]+[BFW_C_Turb_Steam]+[BFW_E_Turb_Steam]+[VHP_BFW_B_Turb_Steam]+[VHP_BFW_C_Turb_Steam]+[CW_Turbine_A_Steam]+[CW_Turbine_B_Steam]+[CW_Turbine_G_Steam]+[Air_Compressor_Turbine_A_Steam]+[Air_Compressor_Turbine_D_Steam],1
1291,2417,[Total_BLR_HPS_Generation] * [BFW_Cost],0
1292,2418,[Fuel_Cost_in_MMBTU]*[LHV]*[Total_Fuel_for_Boilers_corrected]/1.05506,1
1293,2419,[HPS_to_Turbines]*[HP_Turbine_Efficiency]*([HP_Steam_Enthalpy]*4.184/1000-[LP_Steam_Enthalpy]*4.184/1000),1
1294,2420,[All_HP_turbine_work]*[Power_Rate],1
1295,2421,[HP_Steam_Cost] - ([Value_of_all_HP_Turbine_work] / [HPS_to_Turbines]),0
1296,2422,0.8,1
1297,2423,0.8,1
1298,2424,"min(0.9,max(([Clean_suspect_return_cond]/[Total_BFW_Consumption]),0.6))",1
1299,2425,[HP_to_MP_Letdown_HPS_Flow_In_PV0007A_UO]+[HP_to_MP_Letdown_HPS_Flow_In_PV0007B_UO],1
1300,2426,[BFW_to_HP_to_MP_Letdown_Flow_In_PV0007A_UO]+[BFW_to_HP_to_MP_Letdown_Flow_In_PV0007B_UO],1
1301,2427,[UO_HP_to_MP_Letdown_steam_flow]+[UO_HP_to_MP_Letdown_BFW_flow],1
1302,2428,[EOEG_1_MPS_Demand]+[EOEG_2_MPS_Demand]+[EOEG_3_MPS_Demand],1
1303,2429,[DMW_Turbine_A_Steam]+[DMW_Turbine_C_Steam],1
1304,2430,[MP_to_LP_Letdown_LPS_Flow_Out_PV013A_UO]+[MP_to_LP_Letdown_LPS_Flow_Out_PV013B_UO]+[MP_to_LP_Letdown_LPS_Flow_Out_PV31_UO]+[MP_to_LP_Letdown_LPS_Flow_Out_PV32_UO],1
1305,2431,[DMW_turbine_MP_steam_2]*[MP_Turbine_Efficiency]*([MP_Steam_Enthalpy]*4.184/1000-[LP_Steam_Enthalpy]*4.184/1000),1
1306,2432,[MP_turbine_work]*[Power_Rate],1
1307,2433,[MP_steam_generation_Cost] - ([Value_of_MP_Turbine_work] / [DMW_turbine_MP_steam_2]),0
1308,2434,([HP_Export_to_EG_Ethylene_Plants]*[HP_Steam_Enthalpy]*4.184/1000)+([MP_Export_to_EG_Plants]*[MP_Steam_Enthalpy]*4.184/1000)+([LP_Export_to_EG_Ethylene_Plants]*[LP_Steam_Enthalpy]*4.184/1000),1
1309,2435,(([Percentage_cond_return]*[Total_BLR_HPS_Generation])*[RC_Temperature_to_Deaerator]*4.184/1000),1
1310,2436,([Energy_of_condensate_returned]/[Energy_of_MP_LP_Steam_exported])-1,1
1311,2437,([MP_Export_to_EG_Plants] *[MP_steam_generation_Cost]) + ([LP_Export_to_EG_Ethylene_Plants] * [LP_Steam_Cost]),0
1312,2438,(1+[Energy_utilized_in_exported_steam]) * [Value_of_MP_LP_Steam_exported],0
1313,2439,[value_of_condensate_returned] /([Percentage_cond_return] * [Total_BLR_HPS_Generation]),0
1314,2440,[Percentage_cond_return]*[Total_BLR_HPS_Generation],1
1315,2441,[Returned_condensate_from_plants] * [Returned_condensate_cost],0
1316,2442,(1-[Percentage_cond_return])*[Total_BLR_HPS_Generation],1
1317,2443,1.9818,1
1318,2444,0.1,1
1319,2445,([Makeup_cost_by_SABIC]+[Treatment_cost_by_SABIC])*[makeup_water_for_HPS_Boiler],1
1320,2446,((([Returned_condensate_from_plants]*([BFW_Temp]-[RC_Temperature_to_Deaerator])*4.184/1000)+([makeup_water_for_HPS_Boiler]*([BFW_Temp]-[Makeup_water_Temp])*4.184/1000)))/([LP_Steam_Enthalpy]*4.184/1000),1
1321,2447,[LP_for_heating_only_HPS_Boiler] * [LP_Steam_Cost],0
1322,2448,62,1
1323,2449,[Returned_condensate_cost_per_hr] + [Makeup_cost_per_hour] + [LP_for_heating_only_HPS_Boiler_cost] + [two_BFW_and_one_Motor_running_cost],0
1324,2450,[HPS_to_Turbines],1
1325,2451,[DMW_turbine_MP_steam_2],1
1326,2452,[HP_Steam_Imbalance]+[MP_Steam_Imbalance]+[UO_All_MP_to_LP_letdown]+[ETH_HPS_Demand],1
1327,2453,[ETH_LPS_Demand]+[EOEG_1_LPS_Demand]+[EOEG_2_LPS_Demand]+[EOEG_3_LPS_Demand],1
1328,2454,[Deaerator_A_LPS]+[Deaerator_B_LPS],1
1329,1380,1+1,1
1337,2458,[Total_BFW_cost_per_hour]/[Total_BLR_HPS_Generation],0
1338,2459,[Total_BLR_HPS_Generation] * [BFW_Cost],0
1339,2455,([Costing_total_BFW_Cost] + [Costing_total_Fuel_Cost])/[Total_BLR_HPS_Generation],0
1340,2457,(([UO_HP_to_MP_Letdown_steam_flow] * [HP_Steam_Cost]) + ([UO_HP_to_MP_Letdown_BFW_flow] * [BFW_Cost]))/[UO_HP_to_MP_Generation],0
1341,2460,[HP_Steam_Cost] - ([Value_of_all_HP_Turbine_work] / [HPS_to_Turbines]),0
1342,2461,[MP_steam_generation_Cost] - ([Value_of_MP_Turbine_work] / [DMW_turbine_MP_steam_2]),0
1343,2456,(([LP_Steam_from_HP_stm_turb] * [LP_Steam_cost_from_HP_turbine_drives]) + ([LP_Steam_from_MP_stm_turb] * [LP_Steam_cost_from_MP_turbine]) + ([LP_Steam_from_MP_to_LP_letdown_and_all_imbalances] * [MP_steam_generation_Cost]))/(([LP_Steam_from_HP_stm_turb] + [LP_Steam_from_MP_stm_turb] + [LP_Steam_from_MP_to_LP_letdown_and_all_imbalances])),0
1344,2462,([MP_Export_to_EG_Plants] *[MP_steam_generation_Cost]) + ([LP_Export_to_EG_Ethylene_Plants] * [LP_Steam_Cost]),0
1345,2463,(1+[Energy_utilized_in_exported_steam]) * [Value_of_MP_LP_Steam_exported],0
1346,2464,[value_of_condensate_returned] /([Percentage_cond_return] * [Total_BLR_HPS_Generation]),0
1347,2465,[Returned_condensate_from_plants] * [Returned_condensate_cost],0
1348,2466,[LP_for_heating_only_HPS_Boiler] * [LP_Steam_Cost],0
1349,2467,[Returned_condensate_cost_per_hr] + [Makeup_cost_per_hour] + [LP_for_heating_only_HPS_Boiler_cost] + [two_BFW_and_one_Motor_running_cost],0
1350,2468,224.6,0
1351,2469,[Total_BLR_HPS_Generation]*[BFW_Cost],1
1352,2470,([Costing_total_BFW_Cost] + [Costing_total_Fuel_Cost])/[Total_BLR_HPS_Generation],0
1353,2471,(([UO_HP_to_MP_Letdown_steam_flow] * [HP_Steam_Cost]) + ([UO_HP_to_MP_Letdown_BFW_flow] * [BFW_Cost]))/[UO_HP_to_MP_Generation],0
1354,2472,[HP_Steam_Cost]-([Value_of_all_HP_Turbine_work]/[HPS_to_Turbines]),1
1355,2473,"[MP_steam_generation_Cost]-(if([DMW_turbine_MP_steam_2]==0,0,([Value_of_MP_Turbine_work]/[DMW_turbine_MP_steam_2])))",1
1356,2474,(([LP_Steam_from_HP_stm_turb] * [LP_Steam_cost_from_HP_turbine_drives]) + ([LP_Steam_from_MP_stm_turb] * [LP_Steam_cost_from_MP_turbine]) + ([LP_Steam_from_MP_to_LP_letdown_and_all_imbalances] * [MP_steam_generation_Cost]))/(([LP_Steam_from_HP_stm_turb] + [LP_Steam_from_MP_stm_turb] + [LP_Steam_from_MP_to_LP_letdown_and_all_imbalances])),0
1357,2475,([HP_Export_to_EG_Ethylene_Plants]*[HP_Steam_Cost])+([MP_Export_to_EG_Plants]*[MP_steam_generation_Cost])+([LP_Export_to_EG_Ethylene_Plants]*[LP_Steam_Cost]),1
1358,2476,(1+[Energy_utilized_in_exported_steam])*[Value_of_MP_LP_Steam_exported],1
1359,2477,"if([Percentage_cond_return]==0,0,([value_of_condensate_returned]/([Percentage_cond_return]*[Total_BLR_HPS_Generation])))",1
1360,2478,[Returned_condensate_from_plants]*[Returned_condensate_cost],1
1361,2479,[LP_for_heating_only_HPS_Boiler]*[LP_Steam_Cost],1
1362,2480,[Returned_condensate_cost_per_hr]+[Makeup_cost_per_hour]+[LP_for_heating_only_HPS_Boiler_cost]+[two_BFW_and_one_Motor_running_cost],1
1363,2482,0,1
1364,2481,[Total_DMW_Demand]-[DMW_Makeup],1
1367,2484,[Total_BLR_HPS_Generation]-[Venting_Dumping_ub],1
1368,1233,gfghcgcgcgc,0
1369,1219,277.4,0
1370,2486,2.15,1
1371,2487,75,1
1372,2488,109,1
1373,2489,40,1
1374,2490,"if([ETH_Plant_Status]==0,0,max(ETH_HPS_Demand_old,(if(([Ethylene_HP_Consumption_Calculated]-[Ethylene_HP_Generation_Calculated])<0,0,[Ethylene_HP_Consumption_Calculated]-[Ethylene_HP_Generation_Calculated]))))",1
1375,2491,[EOEG_1_HPS_Demand]+[EOEG_2_HPS_Demand]+[EOEG_3_HPS_Demand]+[ETH_HPS_Demand],1
1376,2492,[HP_Steam_Cost]/([HP_Steam_Enthalpy]*4.184/1000),1
1377,2493,[MP_steam_generation_Cost]/([MP_Steam_Enthalpy]*4.184/1000),1
1378,2494,[LP_Steam_Cost]/([LP_Steam_Enthalpy]*4.184/1000),1
1379,2495,"if((abs(([Steam_Generation_from_Boilers_actual]-[Steam_Generation_from_Boilers_optimum])*[HP_Steam_Enthalpy_actual]*(4.184/1000)*[HP_Steam_enthalpy_Cost_actual]))>0.5,([Steam_Generation_from_Boilers_actual]-[Steam_Generation_from_Boilers_optimum])*[HP_Steam_Enthalpy_actual]*(4.184/1000)*[HP_Steam_enthalpy_Cost_actual],0)",1
1380,2496,"if((abs(([HP_Steam_Consumption_actual]-[HP_Steam_Consumption_optimum])*[HP_Steam_Enthalpy_actual]*(4.184/1000)*[HP_Steam_enthalpy_Cost_actual]))>0.5,([HP_Steam_Consumption_actual]-[HP_Steam_Consumption_optimum])*[HP_Steam_Enthalpy_actual]*(4.184/1000)*[HP_Steam_enthalpy_Cost_actual],0)",1
1381,2497,"if((abs(([MP_Steam_Consumption_actual]-[MP_Steam_Consumption_optimum])*[MP_Steam_Enthalpy_actual]*(4.184/1000)*[MP_steam_enthalpy_Cost_actual]))>0.5,([MP_Steam_Consumption_actual]-[MP_Steam_Consumption_optimum])*[MP_Steam_Enthalpy_actual]*(4.184/1000)*[MP_steam_enthalpy_Cost_actual],0)",1
1382,2498,"if((abs(([LP_Steam_Consumption_actual]-[LP_Steam_Consumption_optimum])*[LP_Steam_Enthalpy_actual]*(4.184/1000)*[LP_Steam_enthalpy_Cost_actual]))>0.5,([LP_Steam_Consumption_actual]-[LP_Steam_Consumption_optimum])*[LP_Steam_Enthalpy_actual]*(4.184/1000)*[LP_Steam_enthalpy_Cost_actual],0)",1
1383,2499,"if((abs(([NATURAL_GAS_Import_CTM_actual]-[NATURAL_GAS_Import_CTM_optimum])*([Fuel_Cost_in_MMBTU_actual]/1.05506)*[LHV_actual]))>0.5,([NATURAL_GAS_Import_CTM_actual]-[NATURAL_GAS_Import_CTM_optimum])*([Fuel_Cost_in_MMBTU_actual]/1.05506)*[LHV_actual],0)",1
1384,2500,"if((abs(([Total_Power_Consumption_actual]-[Total_Power_Consumption_optimum])*3.6*[Power_Rate_actual]))>0.5,([Total_Power_Consumption_actual]-[Total_Power_Consumption_optimum])*3.6*[Power_Rate_actual],0)",1
1385,2501,"if((abs(([DMW_Makeup_actual]-[DMW_Makeup_optimum])*([Makeup_cost_by_SABIC_actual]+[Treatment_cost_by_SABIC_actual])))>0.5,([DMW_Makeup_actual]-[DMW_Makeup_optimum])*([Makeup_cost_by_SABIC_actual]+[Treatment_cost_by_SABIC_actual]),0)",1
1386,2502,"if((abs(([Total_BLR_HPS_Generation_actual]-[Total_BLR_HPS_Generation_optimum])*[HP_Steam_Enthalpy_actual]*(4.184/1000)*[HP_Steam_enthalpy_Cost_actual]))>0.5,([Total_BLR_HPS_Generation_actual]-[Total_BLR_HPS_Generation_optimum])*[HP_Steam_Enthalpy_actual]*(4.184/1000)*[HP_Steam_enthalpy_Cost_actual],0)",1
1387,2503,"if((abs(([BLR_1_HPS_Gen_actual]-[BLR_1_HPS_Gen_optimum])*[HP_Steam_Enthalpy_actual]*(4.184/1000)*[HP_Steam_enthalpy_Cost_actual]))>0.5,([BLR_1_HPS_Gen_actual]-[BLR_1_HPS_Gen_optimum])*[HP_Steam_Enthalpy_actual]*(4.184/1000)*[HP_Steam_enthalpy_Cost_actual],0)",1
1388,2504,"if((abs(([BLR_2_HPS_Gen_actual]-[BLR_2_HPS_Gen_optimum])*[HP_Steam_Enthalpy_actual]*(4.184/1000)*[HP_Steam_enthalpy_Cost_actual]))>0.5,([BLR_2_HPS_Gen_actual]-[BLR_2_HPS_Gen_optimum])*[HP_Steam_Enthalpy_actual]*(4.184/1000)*[HP_Steam_enthalpy_Cost_actual],0)",1
1389,2505,"if((abs(([BLR_3_HPS_Gen_actual]-[BLR_3_HPS_Gen_optimum])*[HP_Steam_Enthalpy_actual]*(4.184/1000)*[HP_Steam_enthalpy_Cost_actual]))>0.5,([BLR_3_HPS_Gen_actual]-[BLR_3_HPS_Gen_optimum])*[HP_Steam_Enthalpy_actual]*(4.184/1000)*[HP_Steam_enthalpy_Cost_actual],0)",1
1390,2506,"if((abs(([BLR_4_HPS_Gen_actual]-[BLR_4_HPS_Gen_optimum])*[HP_Steam_Enthalpy_actual]*(4.184/1000)*[HP_Steam_enthalpy_Cost_actual]))>0.5,([BLR_4_HPS_Gen_actual]-[BLR_4_HPS_Gen_optimum])*[HP_Steam_Enthalpy_actual]*(4.184/1000)*[HP_Steam_enthalpy_Cost_actual],0)",1
1391,2507,"if((abs(([BLR_5_HPS_Gen_actual]-[BLR_5_HPS_Gen_optimum])*[HP_Steam_Enthalpy_actual]*(4.184/1000)*[HP_Steam_enthalpy_Cost_actual]))>0.5,([BLR_5_HPS_Gen_actual]-[BLR_5_HPS_Gen_optimum])*[HP_Steam_Enthalpy_actual]*(4.184/1000)*[HP_Steam_enthalpy_Cost_actual],0)",1
1392,2508,"if((abs(([Total_Fuel_for_Boilers_corrected_actual]-[Total_Fuel_for_Boilers_corrected_optimum])*([Fuel_Cost_in_MMBTU_actual]/1.05506)*[LHV_actual]))>0.5,([Total_Fuel_for_Boilers_corrected_actual]-[Total_Fuel_for_Boilers_corrected_optimum])*([Fuel_Cost_in_MMBTU_actual]/1.05506)*[LHV_actual],0)",1
1393,2509,"if((abs(([BFW_A_Motor_Power_actual]-[BFW_A_Motor_Power_optimum])*3.6*[Power_Rate_actual]))>0.5,([BFW_A_Motor_Power_actual]-[BFW_A_Motor_Power_optimum])*3.6*[Power_Rate_actual],0)",1
1394,2510,"if((abs(([BFW_D_Motor_Power_actual]-[BFW_D_Motor_Power_optimum])*3.6*[Power_Rate_actual]))>0.5,([BFW_D_Motor_Power_actual]-[BFW_D_Motor_Power_optimum])*3.6*[Power_Rate_actual],0)",1
1395,2511,"if((abs(([BFW_F_Motor_Power_actual]-[BFW_F_Motor_Power_optimum])*3.6*[Power_Rate_actual]))>0.5,([BFW_F_Motor_Power_actual]-[BFW_F_Motor_Power_optimum])*3.6*[Power_Rate_actual],0)",1
1396,2512,"if((abs(([BFW_B_Turb_Steam_actual]-[BFW_B_Turb_Steam_optimum])*[HP_Steam_Enthalpy_actual]*(4.184/1000)*[HP_Steam_enthalpy_Cost_actual]))>0.5,([BFW_B_Turb_Steam_actual]-[BFW_B_Turb_Steam_optimum])*[HP_Steam_Enthalpy_actual]*(4.184/1000)*[HP_Steam_enthalpy_Cost_actual],0)",1
1397,2513,"if((abs(([BFW_C_Turb_Steam_actual]-[BFW_C_Turb_Steam_optimum])*[HP_Steam_Enthalpy_actual]*(4.184/1000)*[HP_Steam_enthalpy_Cost_actual]))>0.5,([BFW_C_Turb_Steam_actual]-[BFW_C_Turb_Steam_optimum])*[HP_Steam_Enthalpy_actual]*(4.184/1000)*[HP_Steam_enthalpy_Cost_actual],0)",1
1398,2514,"if((abs(([BFW_E_Turb_Steam_actual]-[BFW_E_Turb_Steam_optimum])*[HP_Steam_Enthalpy_actual]*(4.184/1000)*[HP_Steam_enthalpy_Cost_actual]))>0.5,([BFW_E_Turb_Steam_actual]-[BFW_E_Turb_Steam_optimum])*[HP_Steam_Enthalpy_actual]*(4.184/1000)*[HP_Steam_enthalpy_Cost_actual],0)",1
1399,2515,"if((abs(([VHP_BFW_A_Motor_Power_actual]-[VHP_BFW_A_Motor_Power_optimum])*3.6*[Power_Rate_actual]))>0.5,([VHP_BFW_A_Motor_Power_actual]-[VHP_BFW_A_Motor_Power_optimum])*3.6*[Power_Rate_actual],0)",1
1400,2516,"if((abs(([VHP_BFW_B_Turb_Steam_actual]-[VHP_BFW_B_Turb_Steam_optimum])*[HP_Steam_Enthalpy_actual]*(4.184/1000)*[HP_Steam_enthalpy_Cost_actual]))>0.5,([VHP_BFW_B_Turb_Steam_actual]-[VHP_BFW_B_Turb_Steam_optimum])*[HP_Steam_Enthalpy_actual]*(4.184/1000)*[HP_Steam_enthalpy_Cost_actual],0)",1
1401,2517,"if((abs(([VHP_BFW_C_Turb_Steam_actual]-[VHP_BFW_C_Turb_Steam_optimum])*[HP_Steam_Enthalpy_actual]*(4.184/1000)*[HP_Steam_enthalpy_Cost_actual]))>0.5,([VHP_BFW_C_Turb_Steam_actual]-[VHP_BFW_C_Turb_Steam_optimum])*[HP_Steam_Enthalpy_actual]*(4.184/1000)*[HP_Steam_enthalpy_Cost_actual],0)",1
1402,2518,"if((abs([Air_Compressor_Turbine_A_Steam_actual]*([HP_Steam_Cost_actual]-[LP_Steam_Cost_actual])-[Air_Compressor_Turbine_A_Steam_optimum]*([HP_Steam_Cost_optimum]-[LP_Steam_Cost_optimum])))>0.5,[Air_Compressor_Turbine_A_Steam_actual]*([HP_Steam_Cost_actual]-[LP_Steam_Cost_actual])-[Air_Compressor_Turbine_A_Steam_optimum]*([HP_Steam_Cost_optimum]-[LP_Steam_Cost_optimum]),0)",1
1403,2519,"if((abs([Air_Compressor_Turbine_D_Steam_actual]*([HP_Steam_Cost_actual]-[LP_Steam_Cost_actual])-[Air_Compressor_Turbine_D_Steam_optimum]*([HP_Steam_Cost_optimum]-[LP_Steam_Cost_optimum])))>0.5,[Air_Compressor_Turbine_D_Steam_actual]*([HP_Steam_Cost_actual]-[LP_Steam_Cost_actual])-[Air_Compressor_Turbine_D_Steam_optimum]*([HP_Steam_Cost_optimum]-[LP_Steam_Cost_optimum]),0)",1
1404,2520,"if((abs(([Air_Compressor_Motor_B_Power_actual]-[Air_Compressor_Motor_B_Power_optimum])*3.6*[Power_Rate_actual]))>0.5,([Air_Compressor_Motor_B_Power_actual]-[Air_Compressor_Motor_B_Power_optimum])*3.6*[Power_Rate_actual],0)",1
1405,2521,"if((abs(([Air_Compressor_Motor_C_Power_actual]-[Air_Compressor_Motor_C_Power_optimum])*3.6*[Power_Rate_actual]))>0.5,([Air_Compressor_Motor_C_Power_actual]-[Air_Compressor_Motor_C_Power_optimum])*3.6*[Power_Rate_actual],0)",1
1406,2522,"if((abs(([DMW_Turbine_A_Steam_actual]-[DMW_Turbine_A_Steam_optimum])*[MP_Steam_Enthalpy_actual]*(4.184/1000)*[MP_steam_enthalpy_Cost_actual]))>0.5,([DMW_Turbine_A_Steam_actual]-[DMW_Turbine_A_Steam_optimum])*[MP_Steam_Enthalpy_actual]*(4.184/1000)*[MP_steam_enthalpy_Cost_actual],0)",1
1407,2523,"if((abs(([DMW_Turbine_C_Steam_actual]-[DMW_Turbine_C_Steam_optimum])*[MP_Steam_Enthalpy_actual]*(4.184/1000)*[MP_steam_enthalpy_Cost_actual]))>0.5,([DMW_Turbine_C_Steam_actual]-[DMW_Turbine_C_Steam_optimum])*[MP_Steam_Enthalpy_actual]*(4.184/1000)*[MP_steam_enthalpy_Cost_actual],0)",1
1408,2524,"if((abs(([DMW_Motor_B_Power_actual]-[DMW_Motor_B_Power_optimum])*3.6*[Power_Rate_actual]))>0.5,([DMW_Motor_B_Power_actual]-[DMW_Motor_B_Power_optimum])*3.6*[Power_Rate_actual],0)",1
1409,2525,"if((abs(([CW_Turbine_A_Steam_actual]-[CW_Turbine_A_Steam_optimum])*[HP_Steam_Enthalpy_actual]*(4.184/1000)*[HP_Steam_enthalpy_Cost_actual]))>0.5,([CW_Turbine_A_Steam_actual]-[CW_Turbine_A_Steam_optimum])*[HP_Steam_Enthalpy_actual]*(4.184/1000)*[HP_Steam_enthalpy_Cost_actual],0)",1
1410,2526,"if((abs(([CW_Turbine_B_Steam_actual]-[CW_Turbine_B_Steam_optimum])*[HP_Steam_Enthalpy_actual]*(4.184/1000)*[HP_Steam_enthalpy_Cost_actual]))>0.5,([CW_Turbine_B_Steam_actual]-[CW_Turbine_B_Steam_optimum])*[HP_Steam_Enthalpy_actual]*(4.184/1000)*[HP_Steam_enthalpy_Cost_actual],0)",1
1411,2527,"if((abs(([CW_Turbine_G_Steam_actual]-[CW_Turbine_G_Steam_optimum])*[HP_Steam_Enthalpy_actual]*(4.184/1000)*[HP_Steam_enthalpy_Cost_actual]))>0.5,([CW_Turbine_G_Steam_actual]-[CW_Turbine_G_Steam_optimum])*[HP_Steam_Enthalpy_actual]*(4.184/1000)*[HP_Steam_enthalpy_Cost_actual],0)",1
1412,2528,"if((abs(([CW_Motor_C_Power_actual]-[CW_Motor_C_Power_optimum])*3.6*[Power_Rate_actual]))>0.5,([CW_Motor_C_Power_actual]-[CW_Motor_C_Power_optimum])*3.6*[Power_Rate_actual],0)",1
1413,2529,"if((abs(([CW_Motor_D_Power_actual]-[CW_Motor_D_Power_optimum])*3.6*[Power_Rate_actual]))>0.5,([CW_Motor_D_Power_actual]-[CW_Motor_D_Power_optimum])*3.6*[Power_Rate_actual],0)",1
1414,2530,"if((abs(([CW_Motor_E_Power_actual]-[CW_Motor_E_Power_optimum])*3.6*[Power_Rate_actual]))>0.5,([CW_Motor_E_Power_actual]-[CW_Motor_E_Power_optimum])*3.6*[Power_Rate_actual],0)",1
1415,2531,"if((abs(([CW_Motor_F_Power_actual]-[CW_Motor_F_Power_optimum])*3.6*[Power_Rate_actual]))>0.5,([CW_Motor_F_Power_actual]-[CW_Motor_F_Power_optimum])*3.6*[Power_Rate_actual],0)",1
1416,2532,"if((abs(([FD_Fan_BLR_1_Steam_actual]-[FD_Fan_BLR_1_Steam_optimum])*[HP_Steam_Enthalpy_actual]*(4.184/1000)*[HP_Steam_enthalpy_Cost_actual]))>0.5,([FD_Fan_BLR_1_Steam_actual]-[FD_Fan_BLR_1_Steam_optimum])*[HP_Steam_Enthalpy_actual]*(4.184/1000)*[HP_Steam_enthalpy_Cost_actual],0)",1
1417,2533,"if((abs(([FD_Fan_BLR_2_Steam_actual]-[FD_Fan_BLR_2_Steam_optimum])*[HP_Steam_Enthalpy_actual]*(4.184/1000)*[HP_Steam_enthalpy_Cost_actual]))>0.5,([FD_Fan_BLR_2_Steam_actual]-[FD_Fan_BLR_2_Steam_optimum])*[HP_Steam_Enthalpy_actual]*(4.184/1000)*[HP_Steam_enthalpy_Cost_actual],0)",1
1418,2534,"if((abs(([FD_Fan_BLR_3_Steam_actual]-[FD_Fan_BLR_3_Steam_optimum])*[HP_Steam_Enthalpy_actual]*(4.184/1000)*[HP_Steam_enthalpy_Cost_actual]))>0.5,([FD_Fan_BLR_3_Steam_actual]-[FD_Fan_BLR_3_Steam_optimum])*[HP_Steam_Enthalpy_actual]*(4.184/1000)*[HP_Steam_enthalpy_Cost_actual],0)",1
1419,2535,"if((abs(([FD_Fan_BLR_4_Steam_actual]-[FD_Fan_BLR_4_Steam_optimum])*[HP_Steam_Enthalpy_actual]*(4.184/1000)*[HP_Steam_enthalpy_Cost_actual]))>0.5,([FD_Fan_BLR_4_Steam_actual]-[FD_Fan_BLR_4_Steam_optimum])*[HP_Steam_Enthalpy_actual]*(4.184/1000)*[HP_Steam_enthalpy_Cost_actual],0)",1
1420,2536,"if((abs(([FD_Fan_BLR_5_Steam_actual]-[FD_Fan_BLR_5_Steam_optimum])*[HP_Steam_Enthalpy_actual]*(4.184/1000)*[HP_Steam_enthalpy_Cost_actual]))>0.5,([FD_Fan_BLR_5_Steam_actual]-[FD_Fan_BLR_5_Steam_optimum])*[HP_Steam_Enthalpy_actual]*(4.184/1000)*[HP_Steam_enthalpy_Cost_actual],0)",1
1421,2537,"if((abs(([LP_Steam_Dumping_Valve_PC0024A_Steam_flow_out_UO_actual]-[LP_Steam_Dumping_Valve_PC0024A_Steam_flow_out_UO_optimum])*[LP_Steam_Enthalpy_actual]*(4.184/1000)*[LP_Steam_enthalpy_Cost_actual]))>0.5,([LP_Steam_Dumping_Valve_PC0024A_Steam_flow_out_UO_actual]-[LP_Steam_Dumping_Valve_PC0024A_Steam_flow_out_UO_optimum])*[LP_Steam_Enthalpy_actual]*(4.184/1000)*[LP_Steam_enthalpy_Cost_actual],0)",1
1422,2538,"if((abs(([HP_Steam_Vent_valve_PV0012_Steam_flow_out_UO_actual]-[HP_Steam_Vent_valve_PV0012_Steam_flow_out_UO_optimum])*[HP_Steam_Enthalpy_actual]*(4.184/1000)*[HP_Steam_enthalpy_Cost_actual]))>0.5,([HP_Steam_Vent_valve_PV0012_Steam_flow_out_UO_actual]-[HP_Steam_Vent_valve_PV0012_Steam_flow_out_UO_optimum])*[HP_Steam_Enthalpy_actual]*(4.184/1000)*[HP_Steam_enthalpy_Cost_actual],0)",1
1423,2539,"if((abs(([LP_Steam_Vent_valve_PV0024B_Steam_flow_out_UO_actual]-[LP_Steam_Vent_valve_PV0024B_Steam_flow_out_UO_optimum])*[LP_Steam_Enthalpy_actual]*(4.184/1000)*[LP_Steam_enthalpy_Cost_actual]))>0.5,([LP_Steam_Vent_valve_PV0024B_Steam_flow_out_UO_actual]-[LP_Steam_Vent_valve_PV0024B_Steam_flow_out_UO_optimum])*[LP_Steam_Enthalpy_actual]*(4.184/1000)*[LP_Steam_enthalpy_Cost_actual],0)",1
1424,2540,"if((abs(([HP_Steam_Vent_Valve_PC7032_Steam_Flow_Out_ETH_actual]-[HP_Steam_Vent_Valve_PC7032_Steam_Flow_Out_ETH_optimum])*[HP_Steam_Enthalpy_actual]*(4.184/1000)*[HP_Steam_enthalpy_Cost_actual]))>0.5,([HP_Steam_Vent_Valve_PC7032_Steam_Flow_Out_ETH_actual]-[HP_Steam_Vent_Valve_PC7032_Steam_Flow_Out_ETH_optimum])*[HP_Steam_Enthalpy_actual]*(4.184/1000)*[HP_Steam_enthalpy_Cost_actual],0)",1
1425,2541,"if((abs(([HP_Steam_Vent_Valve_PC7027_Steam_Flow_Out_ETH_actual]-[HP_Steam_Vent_Valve_PC7027_Steam_Flow_Out_ETH_optimum])*[HP_Steam_Enthalpy_actual]*(4.184/1000)*[HP_Steam_enthalpy_Cost_actual]))>0.5,([HP_Steam_Vent_Valve_PC7027_Steam_Flow_Out_ETH_actual]-[HP_Steam_Vent_Valve_PC7027_Steam_Flow_Out_ETH_optimum])*[HP_Steam_Enthalpy_actual]*(4.184/1000)*[HP_Steam_enthalpy_Cost_actual],0)",1
1426,2542,"if((abs(([LP_Steam_Vent_Valve_PC7028_Steam_Flow_Out_ETH_actual]-[LP_Steam_Vent_Valve_PC7028_Steam_Flow_Out_ETH_optimum])*[LP_Steam_Enthalpy_actual]*(4.184/1000)*[LP_Steam_enthalpy_Cost_actual]))>0.5,([LP_Steam_Vent_Valve_PC7028_Steam_Flow_Out_ETH_actual]-[LP_Steam_Vent_Valve_PC7028_Steam_Flow_Out_ETH_optimum])*[LP_Steam_Enthalpy_actual]*(4.184/1000)*[LP_Steam_enthalpy_Cost_actual],0)",1
1427,2543,abs([BFW_A_Motor_Power_Benefit_actual])+abs([BFW_D_Motor_Power_Benefit_actual])+abs([BFW_F_Motor_Power_Benefit_actual])+abs([BFW_B_Turb_Steam_Benefit_actual])+abs([BFW_C_Turb_Steam_Benefit_actual])+abs([BFW_E_Turb_Steam_Benefit_actual])+abs([VHP_BFW_A_Motor_Power_Benefit_actual])+abs([VHP_BFW_B_Turb_Steam_Benefit_actual])+abs([VHP_BFW_C_Turb_Steam_Benefit_actual])+abs([Air_Compressor_Turbine_A_Steam_Benefit_actual])+abs([Air_Compressor_Turbine_D_Steam_Benefit_actual])+abs([Air_Compressor_Motor_B_Power_Benefit_actual])+abs([Air_Compressor_Motor_C_Power_Benefit_actual])+abs([DMW_Turbine_A_Steam_Benefit_actual])+abs([DMW_Turbine_C_Steam_Benefit_actual])+abs([DMW_Motor_B_Power_Benefit_actual])+abs([CW_Turbine_A_Steam_Benefit_actual])+abs([CW_Turbine_B_Steam_Benefit_actual])+abs([CW_Turbine_G_Steam_Benefit_actual])+abs([CW_Motor_C_Power_Benefit_actual])+abs([CW_Motor_D_Power_Benefit_actual])+abs([CW_Motor_E_Power_Benefit_actual])+abs([CW_Motor_F_Power_Benefit_actual])+abs([FD_Fan_BLR_1_Steam_Benefit_actual])+abs([FD_Fan_BLR_2_Steam_Benefit_actual])+abs([FD_Fan_BLR_3_Steam_Benefit_actual])+abs([FD_Fan_BLR_4_Steam_Benefit_actual])+abs([FD_Fan_BLR_5_Steam_Benefit_actual])+abs([LP_Steam_Dumping_Valve_PC0024A_Steam_flow_out_UO_Benefit_actual])+abs([HP_Steam_Vent_valve_PV0012_Steam_flow_out_UO_Benefit_actual])+abs([LP_Steam_Vent_valve_PV0024B_Steam_flow_out_UO_Benefit_actual])+abs([HP_Steam_Vent_Valve_PC7032_Steam_Flow_Out_ETH_Benefit_actual])+abs([HP_Steam_Vent_Valve_PC7027_Steam_Flow_Out_ETH_Benefit_actual])+abs([LP_Steam_Vent_Valve_PC7028_Steam_Flow_Out_ETH_Benefit_actual]),0
1428,2544,[Steam_Generation_from_Boilers_Benefit_actual] / [Absolute_benefit_actual],0
1429,2545,[HP_Steam_Consumption_Benefit_actual] / [Absolute_benefit_actual],0
1430,2546,[MP_Steam_Consumption_Benefit_actual] / [Absolute_benefit_actual],0
1431,2547,[LP_Steam_Consumption_Benefit_actual] / [Absolute_benefit_actual],0
1432,2548,[NATURAL_GAS_Import_CTM_Benefit_actual] / [Absolute_benefit_actual],0
1433,2549,[Total_Power_Consumption_Benefit_actual] / [Absolute_benefit_actual],0
1434,2550,[DM_Water_Makeup_Benefit_actual] / [Absolute_benefit_actual],0
1435,2551,[Total_BLR_HPS_Generation_Benefit_actual] / [Absolute_benefit_actual],0
1436,2552,[BLR_1_HPS_Gen_Benefit_actual] / [Absolute_benefit_actual],0
1437,2553,[BLR_2_HPS_Gen_Benefit_actual] / [Absolute_benefit_actual],0
1438,2554,[BLR_3_HPS_Gen_Benefit_actual] / [Absolute_benefit_actual],0
1439,2555,[BLR_4_HPS_Gen_Benefit_actual] / [Absolute_benefit_actual],0
1440,2556,[BLR_5_HPS_Gen_Benefit_actual] / [Absolute_benefit_actual],0
1441,2557,[Total_Fuel_for_Boilers_Benefit_actual] / [Absolute_benefit_actual],0
1442,2558,[BFW_A_Motor_Power_Benefit_actual] / [Absolute_benefit_actual],0
1443,2559,[BFW_D_Motor_Power_Benefit_actual] / [Absolute_benefit_actual],0
1444,2560,[BFW_F_Motor_Power_Benefit_actual] / [Absolute_benefit_actual],0
1445,2561,[BFW_B_Turb_Steam_Benefit_actual] / [Absolute_benefit_actual],0
1446,2562,[BFW_C_Turb_Steam_Benefit_actual] / [Absolute_benefit_actual],0
1447,2563,[BFW_E_Turb_Steam_Benefit_actual] / [Absolute_benefit_actual],0
1448,2564,[VHP_BFW_A_Motor_Power_Benefit_actual] / [Absolute_benefit_actual],0
1449,2565,[VHP_BFW_B_Turb_Steam_Benefit_actual] / [Absolute_benefit_actual],0
1450,2566,[VHP_BFW_C_Turb_Steam_Benefit_actual] / [Absolute_benefit_actual],0
1451,2567,[Air_Compressor_Turbine_A_Steam_Benefit_actual] / [Absolute_benefit_actual],0
1452,2568,[Air_Compressor_Turbine_D_Steam_Benefit_actual] / [Absolute_benefit_actual],0
1453,2569,[Air_Compressor_Motor_B_Power_Benefit_actual] / [Absolute_benefit_actual],0
1454,2570,[Air_Compressor_Motor_C_Power_Benefit_actual] / [Absolute_benefit_actual],0
1455,2571,[DMW_Turbine_A_Steam_Benefit_actual] / [Absolute_benefit_actual],0
1456,2572,[DMW_Turbine_C_Steam_Benefit_actual] / [Absolute_benefit_actual],0
1457,2573,[DMW_Motor_B_Power_Benefit_actual] / [Absolute_benefit_actual],0
1458,2574,[CW_Turbine_A_Steam_Benefit_actual] / [Absolute_benefit_actual],0
1459,2575,[CW_Turbine_B_Steam_Benefit_actual] / [Absolute_benefit_actual],0
1460,2576,[CW_Turbine_G_Steam_Benefit_actual] / [Absolute_benefit_actual],0
1461,2577,[CW_Motor_C_Power_Benefit_actual] / [Absolute_benefit_actual],0
1462,2578,[CW_Motor_D_Power_Benefit_actual] / [Absolute_benefit_actual],0
1463,2579,[CW_Motor_E_Power_Benefit_actual] / [Absolute_benefit_actual],0
1464,2580,[CW_Motor_F_Power_Benefit_actual] / [Absolute_benefit_actual],0
1465,2581,[FD_Fan_BLR_1_Steam_Benefit_actual] / [Absolute_benefit_actual],0
1466,2582,[FD_Fan_BLR_2_Steam_Benefit_actual] / [Absolute_benefit_actual],0
1467,2583,[FD_Fan_BLR_3_Steam_Benefit_actual] / [Absolute_benefit_actual],0
1468,2584,[FD_Fan_BLR_4_Steam_Benefit_actual] / [Absolute_benefit_actual],0
1469,2585,[FD_Fan_BLR_5_Steam_Benefit_actual] / [Absolute_benefit_actual],0
1470,2586,[LP_Steam_Dumping_Valve_PC0024A_Steam_flow_out_UO_Benefit_actual] / [Absolute_benefit_actual],0
1471,2587,[HP_Steam_Vent_valve_PV0012_Steam_flow_out_UO_Benefit_actual] / [Absolute_benefit_actual],0
1472,2588,[LP_Steam_Vent_valve_PV0024B_Steam_flow_out_UO_Benefit_actual] / [Absolute_benefit_actual],0
1473,2589,[HP_Steam_Vent_Valve_PC7032_Steam_Flow_Out_ETH_Benefit_actual] / [Absolute_benefit_actual],0
1474,2590,[HP_Steam_Vent_Valve_PC7027_Steam_Flow_Out_ETH_Benefit_actual] / [Absolute_benefit_actual],0
1475,2591,[LP_Steam_Vent_Valve_PC7028_Steam_Flow_Out_ETH_Benefit_actual] / [Absolute_benefit_actual],0
1478,1429,hsquqsghdqugh,0
1480,1429,sasd-232,0
1485,1298,0,1
1486,2592,(-0.0041*([VHP_Flow_Demand]/[VHP_BFW_Drives_Running])^2+4.8802*([VHP_Flow_Demand]/[VHP_BFW_Drives_Running])+525.15)/(0.95*1000),1
1487,2593,(-0.0562*([VHP_Flow_Demand]/[VHP_BFW_Drives_Running])^2+67.044*([VHP_Flow_Demand]/[VHP_BFW_Drives_Running])+12589)/(0.85*1000),1
1488,2594,(-0.0562*([VHP_Flow_Demand]/[VHP_BFW_Drives_Running])^2+67.044*([VHP_Flow_Demand]/[VHP_BFW_Drives_Running])+12589)/(0.85*1000),1
1489,2595,([VHP_BFW_A_Motor_Power]-[VHP_BFW_A_Motor_Power_Regression])*[VHP_BFW_A_Motor_Status],1
1490,2596,([VHP_BFW_B_Turb_Steam]-[VHP_BFW_B_Turb_Steam_Regression])*[VHP_BFW_B_Turb_Status],1
1491,2597,([VHP_BFW_C_Turb_Steam]-[VHP_BFW_C_Turb_Steam_Regression])*[VHP_BFW_C_Turb_Status],1
1492,2598,[CW_Turbine_A_Status]*38*0.9,1
1493,2599,[CW_Turbine_B_Status]*38*0.9,1
1494,2600,[CW_Motor_C_Status]*2.55*0.9,1
1495,2601,[CW_Motor_D_Status]*2.55*0.9,1
1496,2602,[CW_Motor_E_Status]*2.55*0.9,1
1497,2603,[CW_Motor_F_Status]*2.55*0.9,1
1498,2604,[CW_Turbine_G_Status]*38*0.9,1
1499,2605,([CW_Turbine_A_Steam]-[CW_Turbine_A_Steam_Regression])*[CW_Turbine_A_Status],1
1500,2606,([CW_Turbine_B_Steam]-[CW_Turbine_B_Steam_Regression])*[CW_Turbine_B_Status],1
1501,2607,([CW_Motor_C_Power]-[CW_Motor_C_Power_Regression])*[CW_Motor_C_Status],1
1502,2608,([CW_Motor_D_Power]-[CW_Motor_D_Power_Regression])*[CW_Motor_D_Status],1
1503,2609,([CW_Motor_E_Power]-[CW_Motor_E_Power_Regression])*[CW_Motor_E_Status],1
1504,2610,([CW_Motor_F_Power]-[CW_Motor_F_Power_Regression])*[CW_Motor_F_Status],1
1505,2611,([CW_Turbine_G_Steam]-[CW_Turbine_G_Steam_Regression])*[CW_Turbine_G_Status],1
1506,2612,((14.691*([Air_compressor_A_Discharge_flow])*89.55+5079)/0.9/1000),1
1507,2613,((13.34*([Air_compressor_D_Discharge_flow])*92.96+4614.5)/0.9/1000),1
1508,2614,(0.0896*([Air_compressor_C_Discharge_flow])/0.9),1
1509,2615,(0.0930*([Air_compressor_B_Discharge_flow])/0.9),1
1510,2616,"if([Air_Compressor_Turbine_A_Status]==0,0,(([Air_Compressor_Turbine_A_Steam]-[Air_Compressor_Turbine_A_Steam_Regression])/[Air_Compressor_Turbine_A_Steam_Regression])*100)",1
1511,2617,"if([Air_Compressor_Turbine_D_Status]==0,0,(([Air_Compressor_Turbine_D_Steam]-[Air_Compressor_Turbine_D_Steam_Regression])/[Air_Compressor_Turbine_D_Steam_Regression])*100)",1
1512,2618,"if([Air_Compressor_Motor_C_Status]==0,0,(([Air_Compressor_Motor_C_Power]-[Air_Compressor_Motor_C_Power_Regression])/[Air_Compressor_Motor_C_Power_Regression])*100)",1
1513,2619,"if([Air_Compressor_Motor_B_Status]==0,0,(([Air_Compressor_Motor_B_Power]-[Air_Compressor_Motor_B_Power_Regression])/[Air_Compressor_Motor_B_Power_Regression])*100)",1
1514,2620,((-0.0023*([Total_DMW_Demand]/[DMW_Drives_Running])^2+5.4956*([Total_DMW_Demand]/[DMW_Drives_Running])+3330.4)/1000)/0.8,1
1515,2621,(-8E-05*([Total_DMW_Demand]/[DMW_Drives_Running])^2+0.1835*([Total_DMW_Demand]/[DMW_Drives_Running])+36.904)/1000,1
1516,2622,((-0.0023*([Total_DMW_Demand]/[DMW_Drives_Running])^2+5.4956*([Total_DMW_Demand]/[DMW_Drives_Running])+3330.4)/1000)/0.8,1
1517,2623,([DMW_Turbine_A_Steam]-[DMW_Turbine_A_Steam_Regression])*[DMW_Turbine_A_Status],1
1518,2624,([DMW_Motor_B_Power]-[DMW_Motor_B_Power_Regression])*[DMW_Pump_Motor_B_Status],1
1519,2625,([DMW_Turbine_C_Steam]-[DMW_Turbine_C_Steam_Regression])*[DMW_Turbine_C_Status],1
1520,2626,((-0.0016*([BFW_Flow_Consumption]/[BFW_Drives_Running])^2+1.8045*([BFW_Flow_Consumption]/[BFW_Drives_Running])+401.61)/1000)/0.95,1
1521,2627,((-0.0233*([BFW_Flow_Consumption]/[BFW_Drives_Running])^2+26.665*([BFW_Flow_Consumption]/[BFW_Drives_Running])+10505)/1000),1
1522,2628,((-0.0233*([BFW_Flow_Consumption]/[BFW_Drives_Running])^2+26.665*([BFW_Flow_Consumption]/[BFW_Drives_Running])+10505)/1000),1
1523,2629,((-0.0016*([BFW_Flow_Consumption]/[BFW_Drives_Running])^2+1.8045*([BFW_Flow_Consumption]/[BFW_Drives_Running])+401.61)/1000)/0.95,1
1524,2630,((-0.0233*([BFW_Flow_Consumption]/[BFW_Drives_Running])^2+26.665*([BFW_Flow_Consumption]/[BFW_Drives_Running])+10505)/1000),1
1525,2631,((-0.0016*([BFW_Flow_Consumption]/[BFW_Drives_Running])^2+1.8045*([BFW_Flow_Consumption]/[BFW_Drives_Running])+401.61)/1000)/0.95,1
1526,2632,[BFW_A_Motor_Power_cons]-[BFW_A_Motor_Power_Regression],1
1527,2633,[BFW_B_Turb_Steam_cons]-[BFW_B_Turb_Steam_Regression],1
1528,2634,[BFW_C_Turb_Steam_cons]-[BFW_C_Turb_Steam_Regression],1
1529,2635,[BFW_D_Motor_Power_cons]-[BFW_D_Motor_Power_Regression],1
1530,2636,[BFW_E_Turb_Steam_cons]-[BFW_E_Turb_Steam_Regression],1
1531,2637,[BFW_F_Motor_Power_cons]-[BFW_F_Motor_Power_Regression],1
1532,2638,"if([LAO_Plant_Status]==0,0,[LAO_LP_Steam_Demand_raw]/1000)",1
1537,2639,sum([gain]),1
1538,2640,sum([baseline]),1
1541,2641,[HP_Steam_from_CGC_Extraction]+[VHP_to_HP_Let_Down_Valve_PX7024A_HP_Steam_flow_out_ETH]+[VHP_to_HP_Let_Down_Valve_PX7024B_HP_Steam_flow_out_ETH],1
1542,2642,[HP_to_LP_Let_Down_Valve_HC7262_HP_Steam_flow_in_ETH]+[Quench_water_pump_turbine_Inlet_steam_flow]+[Eth_HP_to_CGC_lube_oil_pump_turbine_flow]+[Eth_HP_to_E_1103_flow]+[HP_to_LP_Let_Down_Valve_PC7026_LP_Steam_flow_out_ETH]+[Regeneration_Gas_Heater_Steam]+[Eth_HP_to_PT_1650_flow]+[C2R_turbine_Inlet_steam_flow]+[C3R_turbine_Inlet_steam_flow]+[HP_Steam_Vent_Valve_PC7027_Steam_Flow_Out_ETH],1
1543,2643,(8.6278 - sqrt(74.4437 - 0.166 * [MP_Steam_Consumption])) / 0.083,1
1544,2644,"if(abs([UO_HP_MP_Desuperheater1_opening]-[HP_MP_Letdown_Opening_Calculated])>10,[HP_MP_Letdown_Opening_Calculated],[UO_HP_MP_Desuperheater1_opening])",1
1546,2645,[EG1_EO_Reactor_Selectivity]*100*[EOEG1_Plant_Status],1
1547,2646,[EG2_EO_Reactor_Selectivity]*100*[EOEG2_Plant_Status],1
1548,2647,[EG3_EO_Reactor_Selectivity]*100*[EOEG3_Plant_Status],1
1549,2648,"if([Regeneration_Gas_Heater_Level]>5,1,0)",1
1551,1233,q,0
1552,1233,abc,0
1553,1233,abcd,0
1554,1233,abcde,0
1555,1233,abcdE,0
1557,1233,xyz,0
1558,1233,xyzA,0
1559,1233,abcdeFg,0
1560,1233,sdkp,0
1561,2650,1693.85+2.8223*([EG1_LP_desuperheated_temp]+273)-3.6823*([EG1_LP_steam_BL_pressure]+1)-0.000689*([EG1_LP_desuperheated_temp]+273)^2-0.045592*([EG1_LP_steam_BL_pressure]+1)^2,0
1562,2655,[EOEG1_Plant_Status]*1.732*[EG1_Recycle_Compressor_Current]*13800*0.9*0.0036/1000,1
1563,2660,2284.739+2.927*[EG1_MP_desuperheated_temp]-5.6833*[EG1_MP_steam_BL_pressure],0
1564,2666,1693.85+2.8223*([EG2_LP_desuperheated_temp]+273)-3.6823*([EG2_LP_steam_BL_pressure]+1)-0.000689*([EG2_LP_desuperheated_temp]+273)^2-0.045592*([EG2_LP_steam_BL_pressure]+1)^2,0
1565,2671,[EG2_Recycle_Compressor_Power]* 4000 * 0.9 * 0.0036 * 24,0
1566,2679,[EOEG3_Plant_Status]*1.732*[EG3_Recycle_Compressor_Current]*13800*0.9*0.0036/1000,1
1567,2680,20,1
1568,2684,1693.85+2.8223*([EG3_LP_desuperheated_temp]+273)-3.6823*([EG3_LP_steam_BL_pressure]+1)-0.000689*([EG3_LP_desuperheated_temp]+273)^2-0.045592*([EG3_LP_steam_BL_pressure]+1)^2,0
1569,2687,2284.739+2.927*[EG3_MP_desuperheated_temp]-5.6833*[EG3_MP_steam_BL_pressure],0
1570,2710,[FUR_1_PASS_8_ETHANE_FEED]+[FUR_1_PASS_7_ETHANE_FEED]+[FUR_1_PASS_6_ETHANE_FEED]+[FUR_1_PASS_5_ETHANE_FEED]+[FUR_1_PASS_4_ETHANE_FEED]+[FUR_1_PASS_3_ETHANE_FEED]+[FUR_1_PASS_2_ETHANE_FEED]+[FUR_1_PASS_1_ETHANE_FEED],1
1571,2711,[FUR_2_PASS_8_ETHANE_FEED]+[FUR_2_PASS_7_ETHANE_FEED]+[FUR_2_PASS_6_ETHANE_FEED]+[FUR_2_PASS_5_ETHANE_FEED]+[FUR_2_PASS_4_ETHANE_FEED]+[FUR_2_PASS_3_ETHANE_FEED]+[FUR_2_PASS_2_ETHANE_FEED]+[FUR_2_PASS_1_ETHANE_FEED],1
1572,2712,[FUR_3_PASS_8_ETHANE_FEED]+[FUR_3_PASS_7_ETHANE_FEED]+[FUR_3_PASS_6_ETHANE_FEED]+[FUR_3_PASS_5_ETHANE_FEED]+[FUR_3_PASS_4_ETHANE_FEED]+[FUR_3_PASS_3_ETHANE_FEED]+[FUR_3_PASS_2_ETHANE_FEED]+[FUR_3_PASS_1_ETHANE_FEED],1
1573,2713,[FUR_4_PASS_8_ETHANE_FEED]+[FUR_4_PASS_7_ETHANE_FEED]+[FUR_4_PASS_6_ETHANE_FEED]+[FUR_4_PASS_5_ETHANE_FEED]+[FUR_4_PASS_4_ETHANE_FEED]+[FUR_4_PASS_3_ETHANE_FEED]+[FUR_4_PASS_2_ETHANE_FEED]+[FUR_4_PASS_1_ETHANE_FEED],1
1574,2714,[FUR_5_PASS_8_ETHANE_FEED]+[FUR_5_PASS_7_ETHANE_FEED]+[FUR_5_PASS_6_ETHANE_FEED]+[FUR_5_PASS_5_ETHANE_FEED]+[FUR_5_PASS_4_ETHANE_FEED]+[FUR_5_PASS_3_ETHANE_FEED]+[FUR_5_PASS_2_ETHANE_FEED]+[FUR_5_PASS_1_ETHANE_FEED],1
1575,2715,[FUR_6_PASS_8_ETHANE_FEED]+[FUR_6_PASS_7_ETHANE_FEED]+[FUR_6_PASS_6_ETHANE_FEED]+[FUR_6_PASS_5_ETHANE_FEED]+[FUR_6_PASS_4_ETHANE_FEED]+[FUR_6_PASS_3_ETHANE_FEED]+[FUR_6_PASS_2_ETHANE_FEED]+[FUR_6_PASS_1_ETHANE_FEED],1
1576,2716,[FUR_7_PASS_8_ETHANE_FEED]+[FUR_7_PASS_7_ETHANE_FEED]+[FUR_7_PASS_6_ETHANE_FEED]+[FUR_7_PASS_5_ETHANE_FEED]+[FUR_7_PASS_4_ETHANE_FEED]+[FUR_7_PASS_3_ETHANE_FEED]+[FUR_7_PASS_2_ETHANE_FEED]+[FUR_7_PASS_1_ETHANE_FEED],1
1577,2717,[FUR_8_PASS_8_ETHANE_FEED]+[FUR_8_PASS_7_ETHANE_FEED]+[FUR_8_PASS_6_ETHANE_FEED]+[FUR_8_PASS_5ETHANE_FEED]+[FUR_8_PASS_4_ETHANE_FEED]+[FUR_8_PASS_3_ETHANE_FEED]+[FUR_8_PASS_2_ETHANE_FEED]+[FUR_8_PASS_1_ETHANE_FEED],1
1578,2718,[FUR_9_PASS_8_ETHANE_FEED]+[FUR_9_PASS_7_ETHANE_FEED]+[FUR_9_PASS_6_ETHANE_FEED]+[FUR_9_PASS_5ETHANE_FEED]+[FUR_9_PASS_4_ETHANE_FEED]+[FUR_9_PASS_3_ETHANE_FEED]+[FUR_9_PASS_2_ETHANE_FEED]+[FUR_9_PASS_1_ETHANE_FEED],1
1579,2719,[Fuel_BLR_1_corrected]*[LHV],1
1580,2720,[Fuel_BLR_2_corrected]*[LHV],1
1581,2721,[Fuel_BLR_3_corrected]*[LHV],1
1582,2722,[Fuel_BLR_4_corrected]*[LHV],1
1583,2723,[Fuel_BLR_5_corrected]*[LHV],1
1584,2726,"if(min(if([Turbine_exhaust_pressure_a]==MISSING_NUMERIC,10000,[Turbine_exhaust_pressure_a]),if([Turbine_exhaust_pressure_b]==MISSING_NUMERIC,10000,[Turbine_exhaust_pressure_b]),if([Turbine_exhaust_pressure_c]==MISSING_NUMERIC,10000,[Turbine_exhaust_pressure_c]))==10000,(10^-1)*if([Turbine_exhaust_pressure_old]==MISSING_NUMERIC,0.1,[Turbine_exhaust_pressure_old]),min(if([Turbine_exhaust_pressure_a]==MISSING_NUMERIC,10000,[Turbine_exhaust_pressure_a]),if([Turbine_exhaust_pressure_b]==MISSING_NUMERIC,10000,[Turbine_exhaust_pressure_b]),if([Turbine_exhaust_pressure_c]==MISSING_NUMERIC,10000,[Turbine_exhaust_pressure_c]))/1000)",1
1585,2727,3205.8642791052+[VHP_Steam_Pressure]*-19.3506160538991+[VHP_Steam_Temperature]*6.45179484871345+[VHP_Steam_Pressure]^2*0.0506889939419051+[VHP_Steam_Temperature]^2*-0.00227223400379114+[VHP_Steam_Temperature]/[VHP_Steam_Pressure]*-264.547702042717+([VHP_Steam_Temperature]/[VHP_Steam_Pressure]^2)*10.4905143644101,1
1586,2728,2928.30436719347+([CGC_turbine_extraction_steam_pressure]*-26.8079997619385)+([CGC_turbine_extraction_steam_temp]*5.42202989702028)+([CGC_turbine_extraction_steam_pressure]^2*0.157733588035482)+([CGC_turbine_extraction_steam_temp]^2*-0.00224321118640772)+([CGC_turbine_extraction_steam_temp]/[CGC_turbine_extraction_steam_pressure]*-90.4356895454475)+([CGC_turbine_extraction_steam_temp]/([CGC_turbine_extraction_steam_pressure]^2)*2.0018883166554),1
1587,2735,171.811875412007*(([LP_steam_pressure_to_saturator]+1.01325)/10)^3-308.429514612397*(([LP_steam_pressure_to_saturator]+1.01325)/10)^2+253.863004722453*(([LP_steam_pressure_to_saturator]+1.01325)/10)+80.4810894521286,1
1588,2729,75.6044110859198+[Turbine_exhaust_pressure]*1593.63479442125+[Turbine_exhaust_pressure]^2*-5050.08580375634+[Turbine_exhaust_pressure]^3*7388.20780509084,1
1589,2730,2514.95975995361-381.005705885678*(([LP_steam_pressure_to_saturator]+1.01325)/10)+2.71291694128483*[Saturator_Tsat]+261.695577112453*(([LP_steam_pressure_to_saturator]+1.01325)/10)^2-0.000969440849605371*[Saturator_Tsat]^2-0.107907303208722*(([Saturator_Tsat]*10)/([LP_steam_pressure_to_saturator]+1.01325))+0.0000245689370285608*(([Saturator_Tsat]*10)/([LP_steam_pressure_to_saturator]+1.01325))^2,0
1590,2731,(5.7795*[LP_steam_pressure_to_saturator]+129.33)*4.184,0
1591,2740,0,1
1592,2742,(6.6293*(0.1032*(-1017.6*[Cooling_Water_Pump_Header_Pressure]^2+8495.3*[Cooling_Water_Pump_Header_Pressure]-1655)+972.65)+16795)/1000,1
1593,2743,(6.6293*(0.1032*(-1017.6*[Cooling_Water_Pump_Header_Pressure]^2+8495.3*[Cooling_Water_Pump_Header_Pressure]-1655)+972.65)+16795)/1001,1
1594,2744,(6.6293*(0.1032*(-1017.6*[Cooling_Water_Pump_Header_Pressure]^2+8495.3*[Cooling_Water_Pump_Header_Pressure]-1655)+972.65)+16795)/1002,1
1595,2652,(15.57*[EG1_LP_steam_BL_pressure]+57.86)*4.184,0
1596,2661,5.6786*[EG1_MP_steam_BL_pressure]+696.04,0
1597,2667,(15.57*[EG2_LP_steam_BL_pressure]+57.86)*4.184,0
1598,2669,5.6786*[EG2_MP_steam_pressure_act]+696.04,0
1599,2686,(15.57*[EG3_LP_steam_BL_pressure]+57.86)*4.184,0
1600,2688,5.6786*[EG3_MP_steam_BL_pressure]+696.04,0
1601,2704,[Fuel_Gas_CH4_Concentration]+[Fuel_Gas_H2_Concentration]+[Fuel_Gas_C3H8_Concentration]+[Fuel_Gas_C2H6_Concentration]+[Fuel_Gas_C2H4_Concentration],1
1602,2699,[Fuel_Gas_H2_Concentration]/[Sum_of_Off_Gas_Components],1
1603,2700,[Fuel_Gas_CH4_Concentration]/[Sum_of_Off_Gas_Components],1
1604,2701,[Fuel_Gas_C2H4_Concentration]/[Sum_of_Off_Gas_Components],1
1605,2702,[Fuel_Gas_C2H6_Concentration]/[Sum_of_Off_Gas_Components],1
1606,2703,[Fuel_Gas_C3H8_Concentration]/[Sum_of_Off_Gas_Components],1
1607,2698,(2*[Normalised_Fuel_H2]*28689.6+16*[Normalised_Fuel_CH4]*11954+28*[Normalised_Fuel_C2H4]*11281.24+30*[Normalised_Fuel_C2H6]*11353.52+44.094*[Normalised_Fuel_C3H8]*11089.87)/(2*[Normalised_Fuel_H2]+16*[Normalised_Fuel_CH4]+28*[Normalised_Fuel_C2H4]+30*[Normalised_Fuel_C2H6]),1
1608,2689,[Furnace_A_Fuel_gas_flow]*[Eth_LHV]*4.184*10^-3,1
1609,2690,[Furnace_B_Fuel_gas_flow]*[Eth_LHV]*4.184*10^-3,1
1610,2691,[Furnace_C_Fuel_gas_flow]*[Eth_LHV]*4.184*10^-3,1
1611,2692,[Furnace_D_Fuel_gas_flow]*[Eth_LHV]*4.184*10^-3,1
1612,2693,[Furnace_E_Fuel_gas_flow]*[Eth_LHV]*4.184*10^-3,1
1613,2694,[Furnace_F_Fuel_gas_flow]*[Eth_LHV]*4.184*10^-3,1
1614,2695,[Furnace_G_Fuel_gas_flow]*[Eth_LHV]*4.184*10^-3,1
1615,2696,[Furnace_H_Fuel_gas_flow]*[Eth_LHV]*4.184*10^-3,1
1616,2697,[Furnace_J_Fuel_gas_flow]*[Eth_LHV]*4.184*10^-3,1
1617,2668,2284.739+2.927*[EG2_MP_desuperheated_temp]-5.6833*[EG2_MP_steam_pressure_act],0
1618,12,"if([EOEG1_Plant_Status]==0,0,if([EOEG_1_HPS_Demand_raw]<5,0,[EOEG_1_HPS_Demand_raw]))",1
1619,13,"if([EOEG2_Plant_Status]==0,0,if([EOEG_2_HPS_Demand_raw]<5,0,[EOEG_2_HPS_Demand_raw]))",1
1620,14,"if([EOEG3_Plant_Status]==0,0,if([EOEG_3_HPS_Demand_raw]<5,0,[EOEG_3_HPS_Demand_raw]))",1
1621,15,"if([EOEG1_Plant_Status]==0,0,[EOEG_1_MPS_Demand_raw])",1
1622,16,"if([EOEG2_Plant_Status]==0,0,[EOEG_2_MPS_Demand_raw])",1
1623,17,"if([EOEG3_Plant_Status]==0,0,[EOEG_3_MPS_Demand_raw])",1
1624,19,"if([EOEG1_Plant_Status]==0,0,if(abs(([EOEG_1_LPS_Demand_raw]+[EG1_LP_Steam_from_V_2920]+[EG1_LP_Steam_from_V_2112]+[EG1_LP_Steam_from_V_2122])-([EG1_LP_CONSUMPTION]))>30,(max(8,min((575.802*[EG1_EO_Reactor_Selectivity]-1.028*[EG1_EOE]-317.822-[EOEG_1_MPS_Demand]),86))*[EOEG1_Plant_Status]),[EOEG_1_LPS_Demand_raw]))",1
1625,20,"if([EOEG2_Plant_Status]==0,0,[EOEG_2_LPS_Demand_raw])",1
1626,21,"if([EOEG3_Plant_Status]==0,0,[EOEG_3_LPS_Demand_raw])",1
1627,72,"if([EOEG3_Plant_Status]==0,0,[EG3_CLEAN_COND_TO_U_O_raw])",1
1628,76,"if([EOEG3_Plant_Status]==0,0,[EG3_suspect_COND_TO_U_O_raw])",1
1629,122,"if([EOEG3_Plant_Status]==0,0,[HP_to_MP_Let_Down_Valve_Opening_PC9207_EG3_raw])",1
1630,169,"if([EOEG3_Plant_Status]==0,0,[DSP_BFW_TO_EG3_raw])",1
1631,2760,"if(abs(LP_Steam_Dumping_Valve_PC0024A_Steam_flow_out_UO)+abs(LP_Steam_Vent_valve_PV0024B_Steam_flow_out_UO)>20,20,abs(LP_Steam_Dumping_Valve_PC0024A_Steam_flow_out_UO)+abs(LP_Steam_Vent_valve_PV0024B_Steam_flow_out_UO))",1
1632,22,"if([EOEG1_Plant_Status]==0,0,[BFW_to_EOEG_1_raw])",1
1633,23,"if([EOEG2_Plant_Status]==0,0,[BFW_to_EOEG_2_raw])",1
1634,70,"if([EOEG1_Plant_Status]==0,0,[EG1_CLEAN_COND_TO_U_O_raw])",1
1635,71,"if([EOEG2_Plant_Status]==0,0,[EG2_CLEAN_COND_TO_U_O_raw])",1
1636,74,"if([EOEG1_Plant_Status]==0,0,[EG1_suspect_COND_TO_U_O_raw])",1
1637,75,"if([EOEG2_Plant_Status]==0,0,[EG2_suspect_COND_TO_U_O_raw])",1
1638,167,"if([EOEG1_Plant_Status]==0,0,[DSP_BFW_TO_EG1_raw])",1
1639,168,"if([EOEG2_Plant_Status]==0,0,[DSP_BFW_TO_EG2_raw])",1
1640,52,"if([BLR_1_HPS_Gen]==0,0,[Fuel_BLR_1]*[LHV]/[BLR_1_HPS_Gen])",1
1641,53,"if([BLR_2_HPS_Gen]==0,0,[Fuel_BLR_2]*[LHV]/[BLR_2_HPS_Gen])",1
1642,54,"if([BLR_3_HPS_Gen]==0,0,[Fuel_BLR_3]*[LHV]/[BLR_3_HPS_Gen])",1
1643,55,"if([BLR_4_HPS_Gen]==0,0,[Fuel_BLR_4]*[LHV]/[BLR_4_HPS_Gen])",1
1644,56,"if([BLR_5_HPS_Gen]==0,0,[Fuel_BLR_5]*[LHV]/[BLR_5_HPS_Gen])",1
1645,2775,"(if([ETH_Plant_Status]==0&&[EOEG1_Plant_Status]==0&&[EOEG2_Plant_Status]==0,0,if([ETH_Plant_Status]==0&&[EOEG1_Plant_Status]==0&&[EOEG2_Plant_Status]==1,2,if([ETH_Plant_Status]==0&&[EOEG1_Plant_Status]==1&&[EOEG2_Plant_Status]==0,2,if([ETH_Plant_Status]==0&&[EOEG1_Plant_Status]==1&&[EOEG2_Plant_Status]==1,4,if([ETH_Plant_Status]==1&&[EOEG1_Plant_Status]==0&&[EOEG2_Plant_Status]==0,3,if([ETH_Plant_Status]==1&&[EOEG1_Plant_Status]==0&&[EOEG2_Plant_Status]==1,5,if([ETH_Plant_Status]==1&&[EOEG1_Plant_Status]==1&&[EOEG2_Plant_Status]==0,5,6))))))))",1
1646,2777,"if([Decoke_check]>2,1,0)",0
1647,2783,578.37*((11.12^([LP_Steam_Vent_valve_HV9208_Opening_EG3]/100)-1)/(11.12-1))*[plant_status],1
1648,2784,"if([EOEG3_Plant_Status]==0,0,0.529*([MP_to_LP_Letdown_Valve_Opening_PV9206B_EG3])/100)",1
1649,2789,1.2929999999999999,1
1650,2790,"max(0,[Air_compressor_A_Discharge_flow]-[AC_A_Flow_To_Header])",1
1651,2791,"max(0,[Air_compressor_B_Discharge_flow]-[AC_B_Flow_To_Header])",1
1652,2792,"max(0,[Air_compressor_C_Discharge_flow]-[AC_C_Flow_To_Header])",1
1653,2793,"max(0,[Air_compressor_D_Discharge_flow]-[AC_D_Flow_To_Header])",1
1654,2794,[LP_Steam_To_Stripping_Column_Duty]*1.055,1
1655,2795,[LP_Steam_To_Stripping_Column_reboiler_Duty]*1.055,1
1656,2796,[LP_steam_to_E_2523_Duty]*1.055,1
1657,2797,[LP_steam_flow_to_C_2220_Duty]*1.055,1
1658,2798,[LP_steam_to_E_2220_Duty]*1.055,1
1659,2799,[EG1_first_effect_reboiler_Duty]*1.055,1
1660,2800,[EG1_Drying_column_reboiler_Duty]*1.055,1
1661,2801,[EG1_MEG_column_reboiler_Duty]*1.055,1
1662,2802,[EG2_stripping_column_Duty]*1.055,1
1663,2803,[EG2_stripping_column_reboiler_Duty]*1.055,1
1664,2804,[EG2_Third_Stage_reactor_feed_heater_Duty]*1.055,1
1665,2805,[EG2_Regenerator_feed_flash_drum_Duty]*1.055,1
1666,2806,[EG2_Regeneration_reboiler_Duty]*1.055,1
1667,2807,[EG2_first_effect_reboiler_Duty]*1.055,1
1668,2808,[EG2_Drying_column_reboiler_Duty]*1.055,1
1669,2809,[EG2_MEG_column_reboiler_Duty]*1.055,1
1670,2810,[EG3_Regeneration_reboiler_Duty]*1.055,1
1671,2811,[EG3_first_effect_reboiler_Duty]*1.055,1
1672,2812,[EG3_MEG_column_reboiler_Duty]*1.055,1
1673,2813,[Eth_CGC_turbine_Duty]*3.6,1
1674,2814,[Ethane_Feed_Saturator_Duty]*3.6,1
1675,2815,[FUEL_GAS_From_UO_to_LAO]*[LHV]/1000,1
1676,2816,(897.869+([H3831_steam_flow]/1000)*(-0.293)+([LAO_oxygen])*0.406+([H3831_inlet_temp]*2.295)*(-0.842)),1
1677,2754,[EOEG2_Plant_Status]*1.732*[EG2_Recycle_Compressor_Current]*13800*0.9*0.0036/1000,1
1678,2835,20.571+(([H3831_steam_flow]/1000)*(-0.007))+([LAO_oxygen]*-0.00962)+([H3831_inlet_temp]*-0.04403),1
1679,2836,"if([LAO_Plant_Status]==0,0,[FUEL_GAS_From_UO_to_LAO]*([LAO_Indirect_Efficiency]/[LAO_Indirect_Efficiency_Adjusted]))",1
1680,2821,[Furnace_A_Fuel_gas_flow]*[Furnace_1_Status]+[Furnace_B_Fuel_gas_flow]*[Furnace_2_Status]+[Furnace_C_Fuel_gas_flow]*[Furnace_3_Status]+[Furnace_D_Fuel_gas_flow]*[Furnace_4_Status]+[Furnace_E_Fuel_gas_flow]*[Furnace_5_Status]+[Furnace_F_Fuel_gas_flow]*[Furnace_6_Status]+[Furnace_G_Fuel_gas_flow]*[Furnace_7_Status]+[Furnace_H_Fuel_gas_flow]*[Furnace_8_Status]+[Furnace_J_Fuel_gas_flow]*[Furnace_9_Status],1
1681,2822,[Furnace_A_Fuel_gas_flow_Adjusted],1
1682,2823,[Furnace_B_Fuel_gas_flow_Adjusted],1
1683,2824,[Furnace_C_Fuel_gas_flow_Adjusted],1
1684,2825,[Furnace_D_Fuel_gas_flow_Adjusted],1
1685,2826,[Furnace_E_Fuel_gas_flow_Adjusted],1
1686,2827,[Furnace_F_Fuel_gas_flow_Adjusted],1
1687,2828,[Furnace_G_Fuel_gas_flow_Adjusted],1
1688,2829,[Furnace_H_Fuel_gas_flow_Adjusted],1
1689,2830,[Furnace_J_Fuel_gas_flow_Adjusted],1
1690,2831,"min([Furnace_A_Fuel_gas_flow]*[Furnace_1_Status],[Optimized_fuel_H1111])+min([Furnace_B_Fuel_gas_flow]*[Furnace_2_Status],[Optimized_fuel_H1112])+min([Furnace_C_Fuel_gas_flow]*[Furnace_3_Status],[Optimized_fuel_H1113])+min([Furnace_D_Fuel_gas_flow]*[Furnace_4_Status],[Optimized_fuel_H1114])+min([Furnace_E_Fuel_gas_flow]*[Furnace_5_Status],[Optimized_fuel_H1115])+min([Furnace_F_Fuel_gas_flow]*[Furnace_6_Status],[Optimized_fuel_H1116])+min([Furnace_G_Fuel_gas_flow]*[Furnace_7_Status],[Optimized_fuel_H1117])+min([Furnace_H_Fuel_gas_flow]*[Furnace_8_Status],[Optimized_fuel_H1118])+min([Furnace_J_Fuel_gas_flow]*[Furnace_9_Status],[Optimized_fuel_H1119])",1
1691,2832,"if([ETH_Plant_Status]==0,0,round(([FUEL_GAS_From_UO_to_ETH]-[FUEL_GAS_From_UO_to_ETH_delta]*0),3))",1
1692,2837,"if([Decoke_status]==1,1,[Air_Compressor_Turbine_A_Status])",0
1693,2838,"if([Decoke_status]==1,1,[Air_Compressor_Motor_B_Status])",0
1694,2839,"if([Decoke_status]==1,1,[Air_Compressor_Motor_C_Status])",0
1695,2840,"if([Decoke_status]==1,1,[Air_Compressor_Turbine_D_Status])",0
1696,2841,[Air_Compressor_Turbine_A_Steam],1
1697,2842,[Air_Compressor_Turbine_D_Steam],1
1698,2843,[Air_Compressor_Motor_C_Power],1
1699,2844,[Air_Compressor_Motor_B_Power],1
1700,18,"if([ETH_Plant_Status]==0,0,[ETH_LPS_Demand_raw])",1
1701,166,"if([ETH_Plant_Status]==0,0,[DSP_BFW_TO_ETH_raw])",1
1702,374,"if([ETH_Plant_Status]==0,0,round([FUEL_GAS_From_UO_to_ETH_raw],3))",1
1703,69,"if([ETH_Plant_Status]==0,0,[ETH_CLEAN_COND_TO_U_O_raw])",1
1704,73,"if([ETH_Plant_Status]==0,0,[ETH_suspect_COND_TO_U_O_raw])",1
1705,2833,5,0
1706,2834,5,0
1707,2850,"if([Furnace_1_Decoke_Status]+[Furnace_2_Decoke_Status]+[Furnace_3_Decoke_Status]+[Furnace_4_Decoke_Status]+[Furnace_5_Decoke_Status]+[Furnace_6_Decoke_Status]+[Furnace_7_Decoke_Status]+[Furnace_8_Decoke_Status]+[Furnace_9_Decoke_Status]>0,1,0)",1
1708,2851,([AIR_COMPRESSOR_A_Vent_flow]*[Air_Compressor_Turbine_A_Steam])/([Air_compressor_A_Discharge_flow]),1
1709,2852,([AIR_COMPRESSOR_B_Vent_flow]*[Air_Compressor_Motor_B_Power])/([Air_compressor_B_Discharge_flow]),1
1710,2853,([AIR_COMPRESSOR_C_Vent_flow]*[Air_Compressor_Motor_C_Power])/([Air_compressor_C_Discharge_flow]),1
1711,2854,([AIR_COMPRESSOR_D_Vent_flow]*[Air_Compressor_Turbine_D_Steam])/([Air_compressor_D_Discharge_flow]),1
1712,2855,[Air_Compressor_A_Steam_Reduction]*([HP_Steam_Cost]-[LP_Steam_Cost]),1
1713,2856,[Air_Compressor_B_Power_Reduction]*3.6*[Power_Rate],1
1714,2857,[Air_Compressor_C_Power_Reduction]*3.6*[Power_Rate],1
1715,2858,[Air_Compressor_D_Steam_Reduction]*([HP_Steam_Cost]-[LP_Steam_Cost]),1
1716,152,[CW_TO_UTILITIES_raw]/1000,1
1717,154,"if([LAO_Plant_Status]==0,0,[CW_TO_LAO_raw]/1000)",1
1718,2861,"if([Total_Air_Demand]<=(([AC_A_Flow_To_Header]*[Air_Compressor_Turbine_A_Status]+[AC_B_Flow_To_Header]*[Air_Compressor_Motor_B_Status]+[AC_C_Flow_To_Header]*[Air_Compressor_Motor_C_Status]+[AC_D_Flow_To_Header]*[Air_Compressor_Turbine_D_Status])),[Total_Air_Demand],(([AC_A_Flow_To_Header]*[Air_Compressor_Turbine_A_Status]+[AC_B_Flow_To_Header]*[Air_Compressor_Motor_B_Status]+[AC_C_Flow_To_Header]*[Air_Compressor_Motor_C_Status]+[AC_D_Flow_To_Header]*[Air_Compressor_Turbine_D_Status])))",1
1719,2862,[Total_Fuel_Consumption_without_Boilers]+[FUEL_GAS_From_UO_to_ETH_Adjusted]+[FUEL_GAS_From_UO_to_LAO_Adjusted]-[FUEL_GAS_From_UO_to_LAO]-[FUEL_GAS_From_UO_to_ETH],0
1720,2864,"if((abs(([EOEG_1_HPS_Demand_actual]-[EOEG_1_HPS_Demand_optimum])*[HP_Steam_Cost_actual]))>0.5,([EOEG_1_HPS_Demand_actual]-[EOEG_1_HPS_Demand_optimum])*[HP_Steam_Cost_actual],0)",1
1721,2865,"if((abs(([EOEG_2_HPS_Demand_actual]-[EOEG_2_HPS_Demand_optimum])*[HP_Steam_Cost_actual]))>0.5,([EOEG_2_HPS_Demand_actual]-[EOEG_2_HPS_Demand_optimum])*[HP_Steam_Cost_actual],0)",1
1722,2866,"if((abs(([EOEG_3_HPS_Demand_actual]-[EOEG_3_HPS_Demand_optimum])*[HP_Steam_Cost_actual]))>0.5,([EOEG_3_HPS_Demand_actual]-[EOEG_3_HPS_Demand_optimum])*[HP_Steam_Cost_actual],0)",1
1723,2867,"if((abs(([ETH_HPS_Demand_actual]-[ETH_HPS_Demand_optimum])*[HP_Steam_Cost_actual]))>0.5,([ETH_HPS_Demand_actual]-[ETH_HPS_Demand_optimum])*[HP_Steam_Cost_actual],0)",1
1724,2868,"if((abs(([EOEG_1_LPS_Demand_actual]-[EOEG_1_LPS_Demand_optimum])*[LP_Steam_Cost_actual]))>0.5,([EOEG_1_LPS_Demand_actual]-[EOEG_1_LPS_Demand_optimum])*[LP_Steam_Cost_actual],0)",1
1725,2869,"if((abs(([EOEG_2_LPS_Demand_actual]-[EOEG_2_LPS_Demand_optimum])*[LP_Steam_Cost_actual]))>0.5,([EOEG_2_LPS_Demand_actual]-[EOEG_2_LPS_Demand_optimum])*[LP_Steam_Cost_actual],0)",1
1726,2870,"if((abs(([EOEG_3_LPS_Demand_actual]-[EOEG_3_LPS_Demand_optimum])*[LP_Steam_Cost_actual]))>0.5,([EOEG_3_LPS_Demand_actual]-[EOEG_3_LPS_Demand_optimum])*[LP_Steam_Cost_actual],0)",1
1727,2871,"if((abs(([LAO_LP_Steam_Demand_actual]-[LAO_LP_Steam_Demand_optimum])*[LP_Steam_Cost_actual]))>0.5,([LAO_LP_Steam_Demand_actual]-[LAO_LP_Steam_Demand_optimum])*[LP_Steam_Cost_actual],0)",1
1728,2872,"if((abs(([ETH_LPS_Demand_actual]-[ETH_LPS_Demand_optimum])*[LP_Steam_Cost_actual]))>0.5,([ETH_LPS_Demand_actual]-[ETH_LPS_Demand_optimum])*[LP_Steam_Cost_actual],0)",1
1729,2873,"if((abs(([EOEG_1_MPS_Demand_actual]-[EOEG_1_MPS_Demand_optimum])*[MP_steam_generation_Cost_actual]))>0.5,([EOEG_1_MPS_Demand_actual]-[EOEG_1_MPS_Demand_optimum])*[MP_steam_generation_Cost_actual],0)",1
1730,2874,"if((abs(([EOEG_2_MPS_Demand_actual]-[EOEG_2_MPS_Demand_optimum])*[MP_steam_generation_Cost_actual]))>0.5,([EOEG_2_MPS_Demand_actual]-[EOEG_2_MPS_Demand_optimum])*[MP_steam_generation_Cost_actual],0)",1
1731,2875,"if((abs(([EOEG_3_MPS_Demand_actual]-[EOEG_3_MPS_Demand_optimum])*[MP_steam_generation_Cost_actual]))>0.5,([EOEG_3_MPS_Demand_actual]-[EOEG_3_MPS_Demand_optimum])*[MP_steam_generation_Cost_actual],0)",1
1732,2876,"if((abs(([BFW_to_EOEG_1_actual]-[BFW_to_EOEG_1_optimum])*[BFW_Cost_actual]))>0.5,([BFW_to_EOEG_1_actual]-[BFW_to_EOEG_1_optimum])*[BFW_Cost_actual],0)",1
1733,2877,"if((abs(([BFW_to_EOEG_2_actual]-[BFW_to_EOEG_2_optimum])*[BFW_Cost_actual]))>0.5,([BFW_to_EOEG_2_actual]-[BFW_to_EOEG_2_optimum])*[BFW_Cost_actual],0)",1
1734,2878,"if((abs(([BFW_to_EOEG_3_actual]-[BFW_to_EOEG_3_optimum])*[BFW_Cost_actual]))>0.5,([BFW_to_EOEG_3_actual]-[BFW_to_EOEG_3_optimum])*[BFW_Cost_actual],0)",1
1735,2879,"if((abs(([BFW_TO_LAO_actual]-[BFW_TO_LAO_optimum])*[BFW_Cost_actual]))>0.5,([BFW_TO_LAO_actual]-[BFW_TO_LAO_optimum])*[BFW_Cost_actual],0)",1
1736,2880,"if((abs(([VHP_BFW_to_ETH_actual]-[VHP_BFW_to_ETH_optimum])*[BFW_Cost_actual]))>0.5,([VHP_BFW_to_ETH_actual]-[VHP_BFW_to_ETH_optimum])*[BFW_Cost_actual],0)",1
1737,2881,"if((abs(([CW_TO_ETH_actual]-[CW_TO_ETH_optimum])*0))>0.5,([CW_TO_ETH_actual]-[CW_TO_ETH_optimum])*0,0)",1
1738,2882,"if((abs(([CW_TO_EG1_actual]-[CW_TO_EG1_optimum])*0))>0.5,([CW_TO_EG1_actual]-[CW_TO_EG1_optimum])*0,0)",1
1739,2883,"if((abs(([CW_TO_EG2_actual]-[CW_TO_EG2_optimum])*0))>0.5,([CW_TO_EG2_actual]-[CW_TO_EG2_optimum])*0,0)",1
1740,2884,"if((abs(([CW_TO_LAO_actual]-[CW_TO_LAO_optimum])*0))>0.5,([CW_TO_LAO_actual]-[CW_TO_LAO_optimum])*0,0)",1
1741,2885,"if((abs(([CW_TO_UTILITIES_actual]-[CW_TO_UTILITIES_optimum])*0))>0.5,([CW_TO_UTILITIES_actual]-[CW_TO_UTILITIES_optimum])*0,0)",1
1742,2886,"if((abs(([Total_Air_Demand_actual]-[Total_Air_Demand_optimum])*0))>0.5,([Total_Air_Demand_actual]-[Total_Air_Demand_optimum])*0,0)",1
1743,2887,"if(abs(round([FUEL_GAS_From_UO_to_ETH_actual],2)-round([FUEL_GAS_From_UO_to_ETH_optimum],2))>0.5,(round([FUEL_GAS_From_UO_to_ETH_actual],2)-round([FUEL_GAS_From_UO_to_ETH_optimum],2))*[LHV_actual]*[Fuel_Rate_actual],0)",1
1744,2888,"if((abs(([FUEL_GAS_From_UO_to_LAO_actual]-[FUEL_GAS_From_UO_to_LAO_optimum])*[LHV_actual]*[Fuel_Rate_actual]))>0.5,([FUEL_GAS_From_UO_to_LAO_actual]-[FUEL_GAS_From_UO_to_LAO_optimum])*[LHV_actual]*[Fuel_Rate_actual],0)",1
1745,2889,"if((abs(([Total_Fuel_for_Boilers_corrected_actual]-[Total_Fuel_for_Boilers_corrected_optimum])*[LHV_actual]*[Fuel_Rate_actual]))>0.5,([Total_Fuel_for_Boilers_corrected_actual]-[Total_Fuel_for_Boilers_corrected_optimum])*[LHV_actual]*[Fuel_Rate_actual],0)",1
1746,2890,"if((abs(([Total_Fuel_Supply_actual]-[Total_Fuel_Supply_optimum])*[LHV_actual]*[Fuel_Rate_actual]))>0.5,([Total_Fuel_Supply_actual]-[Total_Fuel_Supply_optimum])*[LHV_actual]*[Fuel_Rate_actual],0)",1
1747,2901,[Seawater_Blowdown_CT_7801]+[Cold_Seawater_Blowdown_CT_7801],1
1748,2902,sum([target]),1
1749,2903,sum([enpi]),1
1750,2904,sum([actual]),1
1751,2907,[Cool_Seawater_Blowdown_CT_7802]+[Hot_Seawater_Blowdown_CT_7802]+[New_Cold_Seawater_Blowdown_CT_7802],1
1752,2920,1800,1
1753,2912,"if([Bearing_Temperature_PM_7814A]>50,1,0)",1
1754,2913,"if([Bearing_Temperature_PM_7814B]>50,1,0)",1
1755,2914,"if([Bearing_Temperature_PM_7814C]>50,1,0)",1
1756,2915,[CW_Motor_7814A_Status]+[CW_Motor_7814B_Status]+[CW_Motor_7814C_Status],1
1757,2917,(-1017.6*[CW_Header_2_Pressure]*[CW_Header_2_Pressure]+8495.3*[CW_Header_2_Pressure]-1655)*[Total_CW_Motors_Header_2_Running],1
1758,2918,"if([Seawater_Return_to_CT_1]==0,0,[Seawater_Blowdown_from_CT_7801]/[Seawater_Return_to_CT_1]*100)",1
1759,2919,"if([Seawater_Return_to_CT_7802]==0,0,[Seawater_Blowdown_from_CT_7802]/[Seawater_Return_to_CT_7802]*100)",1
1760,2921,[EOEG_1_HPS_Demand]+[EOEG_2_HPS_Demand]+[EOEG_3_HPS_Demand]+[ETH_HPS_Demand],1
1761,2922,[EOEG_1_MPS_Demand]+[EOEG_2_MPS_Demand]+[EOEG_3_MPS_Demand],1
1762,2923,[EOEG_1_LPS_Demand]+[EOEG_2_LPS_Demand]+[EOEG_3_LPS_Demand]+[ETH_LPS_Demand]+[LAO_LP_Steam_Demand],1
1763,2924,[BFW_to_EOEG_1]+[BFW_to_EOEG_2]+[BFW_to_EOEG_3]+[BFW_TO_LAO],1
1764,2925,2.5,1
1765,1245,gfchpp,1
1766,2926,"if(missing([EG1_MP_to_E_2531_peeo]) || missing([opportunity_energy_eg1_eg])||missing([Process_flow_of_E_2531])|| [opportunity_energy_eg1_eg]==[opportunity_threshold] ||[Process_flow_of_E_2531]==0,[EG1_MP_to_E_2531],if(([EG1_MP_to_E_2531]/[Process_flow_of_E_2531])<([EG1_MP_to_E_2531_peeo]/[Process_flow_of_E_2531_peeo]),[EG1_MP_to_E_2531],max([EG1_MP_to_E_2531]-2,min([EG1_MP_to_E_2531],([Process_flow_of_E_2531]*[EG1_MP_to_E_2531_peeo]/[Process_flow_of_E_2531_peeo])))))",1
1767,2927,"if([Drying_Column_Critical_Tray_EG1]-[Drying_Column_Critical_Tray_EG1_peeo]>2&&[Drying_Column_Critical_Tray_EG1]-[Drying_Column_Critical_Tray_EG1_peeo]<5,[EG1_MP_to_E_2610]-0.5,[EG1_MP_to_E_2610])",1
1768,2928,"if([MEG_Column_Critical_Tray_EG1]-[MEG_Column_Critical_Tray_EG1_peeo]>2&&[MEG_Column_Critical_Tray_EG1]-[MEG_Column_Critical_Tray_EG1_peeo]<5,[EG1_MP_to_E_2620]-0.5,[EG1_MP_to_E_2620])",1
1769,2929,"if(missing(abs(([EG1_MP_to_E_2531_Adjusted]+[EG1_MP_to_E_2610_Adjusted]+[EG1_MP_to_E_2620_Adjusted])-([EG1_MP_to_E_2531]+[EG1_MP_to_E_2610]+[EG1_MP_to_E_2620]))),0,abs(([EG1_MP_to_E_2531_Adjusted]+[EG1_MP_to_E_2610_Adjusted]+[EG1_MP_to_E_2620_Adjusted])-([EG1_MP_to_E_2531]+[EG1_MP_to_E_2610]+[EG1_MP_to_E_2620])))",1
1770,2930,"if([EOEG1_Plant_Status]==0,0,if(([EOEG_1_MPS_Demand]-[EOEG_1_MPS_Demand_delta]*0)<0,0,([EOEG_1_MPS_Demand]-[EOEG_1_MPS_Demand_delta]*0)))",1
1771,2931,"if(missing([EG1_LP_to_E_2220_peeo]) || missing([opportunity_energy_eg1_co2])||missing([Process_flow_of_C_2220_E_2220_peeo])|| [opportunity_energy_eg1_co2]==[opportunity_threshold] || [Process_flow_of_C_2220_E_2220]==0,[EG1_LP_to_E_2220],if(([EG1_LP_to_E_2220]/[Process_flow_of_C_2220_E_2220])<([EG1_LP_to_E_2220_peeo]/[Process_flow_of_C_2220_E_2220_peeo]),[EG1_LP_to_E_2220],max([EG1_LP_to_E_2220]-2,min([EG1_LP_to_E_2220],([Process_flow_of_C_2220_E_2220]*[EG1_LP_to_E_2220_peeo]/[Process_flow_of_C_2220_E_2220_peeo])))))",1
1772,2932,"if(missing([EG1_LP_to_C_2220_peeo]) || missing([opportunity_energy_eg1_co2])||missing([Process_flow_of_C_2220_E_2220_peeo])|| [opportunity_energy_eg1_co2]==[opportunity_threshold] || [Process_flow_of_C_2220_E_2220]==0,[EG1_LP_to_C_2220],if(([EG1_LP_to_C_2220]/[Process_flow_of_C_2220_E_2220])<([EG1_LP_to_C_2220_peeo]/[Process_flow_of_C_2220_E_2220_peeo]),[EG1_LP_to_C_2220],max([EG1_LP_to_C_2220]-2,min([EG1_LP_to_C_2220],([Process_flow_of_C_2220_E_2220]*[EG1_LP_to_C_2220_peeo]/[Process_flow_of_C_2220_E_2220_peeo])))))",1
1773,2933,"if(missing([EG1_LP_to_C_2310_peeo]) || missing([opportunity_energy_eg1_eg])||missing([Process_flow_of_C_2310_E_2310_peeo])|| [opportunity_energy_eg1_eg]==[opportunity_threshold] || [Process_flow_of_C_2310_E_2310]==0,[EG1_LP_to_C_2310],if(([EG1_LP_to_C_2310]/[Process_flow_of_C_2310_E_2310])<([EG1_LP_to_C_2310_peeo]/[Process_flow_of_C_2310_E_2310_peeo]),[EG1_LP_to_C_2310],max([EG1_LP_to_C_2310]-2,min([EG1_LP_to_C_2310],([Process_flow_of_C_2310_E_2310]*[EG1_LP_to_C_2310_peeo]/[Process_flow_of_C_2310_E_2310_peeo])))))",1
1774,2934,"if(missing([EG1_LP_to_E_2310_peeo]) || missing([opportunity_energy_eg1_eg])||missing([Process_flow_of_C_2310_E_2310_peeo])|| [opportunity_energy_eg1_eg]==[opportunity_threshold] || [Process_flow_of_C_2310_E_2310]==0,[EG1_LP_to_E_2310],if(([EG1_LP_to_E_2310]/[Process_flow_of_C_2310_E_2310])<([EG1_LP_to_E_2310_peeo]/[Process_flow_of_C_2310_E_2310_peeo]),[EG1_LP_to_E_2310],max([EG1_LP_to_E_2310]-2,min([EG1_LP_to_E_2310],([Process_flow_of_C_2310_E_2310]*[EG1_LP_to_E_2310_peeo]/[Process_flow_of_C_2310_E_2310_peeo])))))",1
1775,2935,"if(missing([EG1_LP_to_E_2523_peeo]) || missing([opportunity_energy_eg1_eg])||missing([Process_flow_of_E_2523_peeo])|| [opportunity_energy_eg1_eg]==[opportunity_threshold] || [Process_flow_of_E_2523]==0,[EG1_LP_to_E_2523],if(([EG1_LP_to_E_2523]/[Process_flow_of_E_2523])<([EG1_LP_to_E_2523_peeo]/[Process_flow_of_E_2523_peeo]),[EG1_LP_to_E_2523],max([EG1_LP_to_E_2523]-2,min([EG1_LP_to_E_2523],([Process_flow_of_E_2523]*[EG1_LP_to_E_2523_peeo]/[Process_flow_of_E_2523_peeo])))))",1
1776,2936,"if(missing(abs((min([EG1_LP_to_C_2220]+[EG1_LP_to_E_2220],[EG1_LP_to_C_2220_Adjusted]+[EG1_LP_to_E_2220_Adjusted])+min([EG1_LP_to_C_2310]+[EG1_LP_to_E_2310],[EG1_LP_to_C_2310_Adjusted]+[EG1_LP_to_E_2310_Adjusted])+[EG1_LP_to_E_2523_Adjusted])-([EG1_LP_to_E_2220]+[EG1_LP_to_C_2220]+[EG1_LP_to_C_2310]+[EG1_LP_to_E_2310]+[EG1_LP_to_E_2523]))),0,abs((min([EG1_LP_to_C_2220]+[EG1_LP_to_E_2220],[EG1_LP_to_C_2220_Adjusted]+[EG1_LP_to_E_2220_Adjusted])+min([EG1_LP_to_C_2310]+[EG1_LP_to_E_2310],[EG1_LP_to_C_2310_Adjusted]+[EG1_LP_to_E_2310_Adjusted])+[EG1_LP_to_E_2523_Adjusted])-([EG1_LP_to_E_2220]+[EG1_LP_to_C_2220]+[EG1_LP_to_C_2310]+[EG1_LP_to_E_2310]+[EG1_LP_to_E_2523])))",1
1777,2937,"if([EOEG1_Plant_Status]==0,0,if(([EOEG_1_LPS_Demand]-[EOEG_1_LPS_Demand_delta]*0)<0,0,([EOEG_1_LPS_Demand]-[EOEG_1_LPS_Demand_delta]*0)))",1
1778,2938,"if([Drying_Column_Critical_Tray_EG2]-[Drying_Column_Critical_Tray_EG2_peeo]>2&&[Drying_Column_Critical_Tray_EG2]-[Drying_Column_Critical_Tray_EG2_peeo]<5,[EG2_MP_to_E_4610]-0.5,[EG2_MP_to_E_4610])",1
1779,2939,"if([MEG_Column_Critical_Tray_EG2]-[MEG_Column_Critical_Tray_EG2_peeo]>2&&[MEG_Column_Critical_Tray_EG2]-[MEG_Column_Critical_Tray_EG2_peeo]<5,[EG2_MP_to_E_4620]-0.5,[EG2_MP_to_E_4620])",1
1780,2940,"if(missing([EG2_MP_to_E_4531_peeo]) || missing([opportunity_energy_eg2_eg])||missing([Process_flow_of_E_4531_peeo])|| [opportunity_energy_eg2_eg]==[opportunity_threshold] || [Process_flow_of_E_4531]==0,[EG2_MP_to_E_4531],if(([EG2_MP_to_E_4531]/[Process_flow_of_E_4531])<([EG2_MP_to_E_4531_peeo]/[Process_flow_of_E_4531_peeo]),[EG2_MP_to_E_4531],max([EG2_MP_to_E_4531]-2,min([EG2_MP_to_E_4531],([Process_flow_of_E_4531]*[EG2_MP_to_E_4531_peeo]/[Process_flow_of_E_4531_peeo])))))",1
1781,2941,"if(missing(abs(([EG2_MP_to_E_4610_Adjusted]+[EG2_MP_to_E_4620_Adjusted]+[EG2_MP_to_E_4531_Adjusted])-([EG2_MP_to_E_4610]+[EG2_MP_to_E_4620]+[EG2_MP_to_E_4531]))),0,abs(([EG2_MP_to_E_4610_Adjusted]+[EG2_MP_to_E_4620_Adjusted]+[EG2_MP_to_E_4531_Adjusted])-([EG2_MP_to_E_4610]+[EG2_MP_to_E_4620]+[EG2_MP_to_E_4531])))",1
1782,2942,"if([EOEG2_Plant_Status]==0,0,if(([EOEG_2_MPS_Demand]-[EOEG_2_MPS_Demand_delta]*0)<0,0,([EOEG_2_MPS_Demand]-[EOEG_2_MPS_Demand_delta]*0)))",1
1783,2943,"if(missing([EG2_LP_to_E_4220_peeo]) || missing([opportunity_energy_eg2_co2])||missing([Process_flow_of_C_4220_E_4220_peeo])|| [opportunity_energy_eg2_co2]==[opportunity_threshold] || [Process_flow_of_C_4220_E_4220]==0,[EG2_LP_to_E_4220],if(([EG2_LP_to_E_4220]/[Process_flow_of_C_4220_E_4220])<([EG2_LP_to_E_4220_peeo]/[Process_flow_of_C_4220_E_4220_peeo]),[EG2_LP_to_E_4220],max([EG2_LP_to_E_4220]-2,min([EG2_LP_to_E_4220],([Process_flow_of_C_4220_E_4220]*[EG2_LP_to_E_4220_peeo]/[Process_flow_of_C_4220_E_4220_peeo])))))",1
1784,2944,"if(missing([EG2_LP_to_C_4220_peeo]) || missing([opportunity_energy_eg2_co2])||missing([Process_flow_of_C_4220_E_4220_peeo])|| [opportunity_energy_eg2_co2]==[opportunity_threshold] || [Process_flow_of_C_4220_E_4220]==0,[EG2_LP_to_C_4220],if(([EG2_LP_to_C_4220]/[Process_flow_of_C_4220_E_4220])<([EG2_LP_to_C_4220_peeo]/[Process_flow_of_C_4220_E_4220_peeo]),[EG2_LP_to_C_4220],max([EG2_LP_to_C_4220]-2,min([EG2_LP_to_C_4220],([Process_flow_of_C_4220_E_4220]*[EG2_LP_to_C_4220_peeo]/[Process_flow_of_C_4220_E_4220_peeo])))))",1
1785,2945,"if(missing([EG2_LP_to_C_4310_peeo]) || missing([opportunity_energy_eg2_eg])||missing([Process_flow_of_C_4310_E_4310])|| [opportunity_energy_eg2_eg]==[opportunity_threshold] || [Process_flow_of_C_4310_E_4310]==0,[EG2_LP_to_C_4310],if(([EG2_LP_to_C_4310]/[Process_flow_of_C_4310_E_4310])<([EG2_LP_to_C_4310_peeo]/[Process_flow_of_C_4310_E_4310_peeo]),[EG2_LP_to_C_4310],max([EG2_LP_to_C_4310]-2,min([EG2_LP_to_C_4310],([Process_flow_of_C_4310_E_4310]*[EG2_LP_to_C_4310_peeo]/[Process_flow_of_C_4310_E_4310_peeo])))))",1
1786,2946,"if(missing([EG2_LP_to_E_4310_peeo]) || missing([opportunity_energy_eg2_eg])||missing([Process_flow_of_C_4310_E_4310_peeo])|| [opportunity_energy_eg2_eg]==[opportunity_threshold] || [Process_flow_of_C_4310_E_4310]==0,[EG2_LP_to_E_4310],if(([EG2_LP_to_E_4310]/[Process_flow_of_C_4310_E_4310])<([EG2_LP_to_E_4310_peeo]/[Process_flow_of_C_4310_E_4310_peeo]),[EG2_LP_to_E_4310],max([EG2_LP_to_E_4310]-2,min([EG2_LP_to_E_4310],([Process_flow_of_C_4310_E_4310]*[EG2_LP_to_E_4310_peeo]/[Process_flow_of_C_4310_E_4310_peeo])))))",1
1787,2947,"if(missing([EG2_LP_to_E_4523_peeo]) || missing([opportunity_energy_eg2_eg])||missing([Process_flow_of_E_4523_peeo])|| [opportunity_energy_eg2_eg]==[opportunity_threshold] || [Process_flow_of_E_4523]==0,[EG2_LP_to_E_4523],if(([EG2_LP_to_E_4523]/[Process_flow_of_E_4523])<([EG2_LP_to_E_4523_peeo]/[Process_flow_of_E_4523_peeo]),[EG2_LP_to_E_4523],max([EG2_LP_to_E_4523]-2,min([EG2_LP_to_E_4523],([Process_flow_of_E_4523]*[EG2_LP_to_E_4523_peeo]/[Process_flow_of_E_4523_peeo])))))",1
1788,2948,"if(missing(abs((min([EG2_LP_to_C_4220]+[EG2_LP_to_E_4220],[EG2_LP_to_C_4220_Adjusted]+[EG2_LP_to_E_4220_Adjusted])+min([EG2_LP_to_C_4310]+[EG2_LP_to_E_4310],[EG2_LP_to_C_4310_Adjusted]+[EG2_LP_to_E_4310_Adjusted])+[EG2_LP_to_E_4523_Adjusted])-([EG2_LP_to_E_4220]+[EG2_LP_to_C_4220]+[EG2_LP_to_C_4310]+[EG2_LP_to_E_4310]+[EG2_LP_to_E_4523]))),0,abs((min([EG2_LP_to_C_4220]+[EG2_LP_to_E_4220],[EG2_LP_to_C_4220_Adjusted]+[EG2_LP_to_E_4220_Adjusted])+min([EG2_LP_to_C_4310]+[EG2_LP_to_E_4310],[EG2_LP_to_C_4310_Adjusted]+[EG2_LP_to_E_4310_Adjusted])+[EG2_LP_to_E_4523_Adjusted])-([EG2_LP_to_E_4220]+[EG2_LP_to_C_4220]+[EG2_LP_to_C_4310]+[EG2_LP_to_E_4310]+[EG2_LP_to_E_4523])))",1
1789,2949,"if([EOEG2_Plant_Status]==0,0,if(([EOEG_2_LPS_Demand]-[EOEG_2_LPS_Demand_delta]*0)<0,0,([EOEG_2_LPS_Demand]-[EOEG_2_LPS_Demand_delta]*0)))",1
1790,2950,[EG3_MP_to_E_6610],1
1791,2951,"if([MEG_Column_Critical_Tray_EG3]-[MEG_Column_Critical_Tray_EG3_peeo]>2&&[MEG_Column_Critical_Tray_EG3]-[MEG_Column_Critical_Tray_EG3_peeo]<5,[EG3_MP_to_E_6620]-0.5,[EG3_MP_to_E_6620])",1
1792,2952,"if(missing([EG3_MP_to_E_6531_peeo]) || missing([opportunity_energy_eg3_eg])||missing([Process_flow_of_E_6531_peeo])|| [opportunity_energy_eg3_eg]==[opportunity_threshold] || [Process_flow_of_E_4531]==0,[EG3_MP_to_E_6531],if(([EG3_MP_to_E_6531]/[Process_flow_of_E_6531])<([EG3_MP_to_E_6531_peeo]/[Process_flow_of_E_6531_peeo]),[EG3_MP_to_E_6531],max([EG3_MP_to_E_6531]-2,min([EG3_MP_to_E_6531],([Process_flow_of_E_6531]*[EG3_MP_to_E_6531_peeo]/[Process_flow_of_E_6531_peeo])))))",1
1793,2953,"if(missing(abs(([EG3_MP_to_E_6620_Adjusted]+[EG3_MP_to_E_6531_Adjusted])-([EG3_MP_to_E_6620]+[EG3_MP_to_E_6531]))),0,abs(([EG3_MP_to_E_6620_Adjusted]+[EG3_MP_to_E_6531_Adjusted])-([EG3_MP_to_E_6620]+[EG3_MP_to_E_6531])))",1
1794,2954,"if([EOEG3_Plant_Status]==0,0,if(([EOEG_3_MPS_Demand]-[EOEG_3_MPS_Demand_delta]*0)<0,0,([EOEG_3_MPS_Demand]-[EOEG_3_MPS_Demand_delta]*0)))",1
1795,2955,"if(missing([EG3_LP_to_E_6220_peeo]) || missing([opportunity_energy_eg3_co2])||missing([Process_flow_of_E_6220_peeo])|| [opportunity_energy_eg3_co2]==[opportunity_threshold] || [Process_flow_of_E_6220]==0,[EG3_LP_to_E_6220],if(([EG3_LP_to_E_6220]/[Process_flow_of_E_6220])<([EG3_LP_to_E_6220_peeo]/[Process_flow_of_E_6220_peeo]),[EG3_LP_to_E_6220],max([EG3_LP_to_E_6220]-2,min([EG3_LP_to_E_6220],([Process_flow_of_E_6220]*[EG3_LP_to_E_6220_peeo]/[Process_flow_of_E_6220_peeo])))))",1
1796,2956,"if(missing([EG3_LP_to_C_6220_peeo]) || missing([opportunity_energy_eg3_co2])||missing([Process_flow_of_E_6220_peeo])|| [opportunity_energy_eg3_co2]==[opportunity_threshold] || [Process_flow_of_E_6220]==0,[EG3_LP_to_C_6220],if(([EG3_LP_to_C_6220]/[Process_flow_of_E_6220])<([EG3_LP_to_C_6220_peeo]/[Process_flow_of_E_6220_peeo]),[EG3_LP_to_C_6220],max([EG3_LP_to_C_6220]-2,min([EG3_LP_to_C_6220],([Process_flow_of_E_6220]*[EG3_LP_to_C_6220_peeo]/[Process_flow_of_E_6220_peeo])))))",1
1797,2957,"if(missing([EG3_LP_to_C_6310_peeo]) || missing([opportunity_energy_eg3_co2]) || [opportunity_energy_eg3_co2]==[opportunity_threshold],[EG3_LP_to_C_6310],min([EG3_LP_to_C_6310],[EG3_LP_to_C_6310_peeo]))",1
1798,2958,"if(missing([EG3_LP_to_E_6310_peeo]) || missing([opportunity_energy_eg3_co2]) || [opportunity_energy_eg3_co2]==[opportunity_threshold],[EG3_LP_to_E_6310],min([EG3_LP_to_E_6310],[EG3_LP_to_E_6310_peeo]))",1
1799,2959,"if(missing([opportunity_energy_eg3_co2]) || [opportunity_energy_eg3_co2]==[opportunity_threshold],[EG3_LP_to_E_6523],min([EG3_LP_to_E_6523],[EG3_LP_to_E_6523_peeo]))",1
1800,2960,"if(missing(abs((min([EG3_LP_to_E_6220]+[EG3_LP_to_C_6220],[EG3_LP_to_E_6220_Adjusted]+[EG3_LP_to_C_6220_Adjusted])+[EG3_LP_to_E_6523_Adjusted])-([EG3_LP_to_E_6220]+[EG3_LP_to_C_6220]+[EG3_LP_to_E_6523]))),0,abs((min([EG3_LP_to_E_6220]+[EG3_LP_to_C_6220],[EG3_LP_to_E_6220_Adjusted]+[EG3_LP_to_C_6220_Adjusted])+[EG3_LP_to_E_6523_Adjusted])-([EG3_LP_to_E_6220]+[EG3_LP_to_C_6220]+[EG3_LP_to_E_6523])))",1
1801,2961,"if([EOEG3_Plant_Status]==0 || missing([EOEG_3_LPS_Demand_delta]),0,if(([EOEG_3_LPS_Demand]-[EOEG_3_LPS_Demand_delta]*0)<0,0,([EOEG_3_LPS_Demand]-[EOEG_3_LPS_Demand_delta]*0)))",1
1802,2962,"[HP_Steam_from_CGC_Extraction]+min(5,(([Total_specific_Power]-if(missing([Total_specific_Power_peeo]) || [opportunity_energy_olf_cgc]==[opportunity_threshold] || missing([opportunity_energy_olf_cgc]),[Total_specific_Power],min([Total_specific_Power],[Total_specific_Power_peeo])))*[Ethylene_total_flow]/1000)*3.6*1000/([HP_Steam_Enthalpy]*4.184))",1
1803,2963,"if(missing([Ethane_feed_saturator_inlet_steam_flow_peeo]) || missing([opportunity_energy_olf_qt]) || [opportunity_energy_olf_qt]==[opportunity_threshold],[Ethane_feed_saturator_inlet_steam_flow],min([Ethane_feed_saturator_inlet_steam_flow],[Ethane_feed_saturator_inlet_steam_flow_peeo]))",1
1804,2964,0,0
1805,2965,"if([ETH_Plant_Status]==0,0,if(([ETH_HPS_Demand]-([ETH_HPS_Demand_delta])*[SEU_Enable])<0,0,([ETH_HPS_Demand]-([ETH_HPS_Demand_delta])*[SEU_Enable])))",0
1806,2966,"if([Spec_En_Cons_BLR_1]<[Spec_En_Cons_BLR_1_Opt],1,0)",1
1807,2967,"if([Spec_En_Cons_BLR_2]<[Spec_En_Cons_BLR_2_Opt],1,0)",1
1808,2968,"if([Spec_En_Cons_BLR_3]<[Spec_En_Cons_BLR_3_Opt],1,0)",1
1809,2969,"if([Spec_En_Cons_BLR_4]<[Spec_En_Cons_BLR_4_Opt],1,0)",1
1810,2970,"if([Spec_En_Cons_BLR_5]<[Spec_En_Cons_BLR_5_Opt],1,0)",1
1811,2971,(([Air_Compressor_Turbine_A_Steam]+[Air_Compressor_Turbine_D_Steam])*(([HP_Steam_Enthalpy]-[LP_Steam_Enthalpy])*4.184*[HP_Steam_enthalpy_Cost]/1000)+([Air_Compressor_Motor_B_Power]+[Air_Compressor_Motor_C_Power])*3.6*[Power_Rate])/([Air_compressor_B_Discharge_flow]+[Air_compressor_C_Discharge_flow]+[Air_compressor_A_Discharge_flow]+[Air_compressor_D_Discharge_flow]),1
1812,2972,[Total_CW_Demand]+[CW_Demand_Header_2],1
1813,2973,"min([CW_KPI_doller_act],((([CW_Closed_circuit_pumping_cost]+[CW_Closed_circuit_chem_cost])*[Total_CW_Demand_including_EG3])/1000+([Sea_water_cost]+[Sea_water_pump_cost]))*1000/[Total_CW_Demand_including_EG3])",1
1814,2974,(([HP_Steam_to_MP_Steam_Letdown_flow]*41.25)+([UO_All_MP_to_LP_letdown]*56.1)+(([VHP_to_HP_Let_Down_Valve_PX7024A_HP_Steam_flow_out_ETH]+[VHP_to_HP_Let_Down_Valve_PX7024B_HP_Steam_flow_out_ETH])*49.88)+(([HP_to_LP_Let_Down_Valve_PC7026_LP_Steam_flow_out_ETH]+[HP_to_LP_Let_Down_Valve_HC7262_LP_Steam_flow_out_ETH])*99.11)+([HP_to_MP_Let_Down_Valve_PC9209_EG1_HP_Steam_Flow_in]+[HP_to_MP_Let_Down_Valve_PC9209_EG2_HP_Steam_Flow_in]+[HP_to_MP_Let_Down_Valve_PC9207_EG3_HP_Steam_Flow_in])*41.25+[MP_to_LP_Letdown_Valve_Flowout_PV9206B_EG3]*18.38+[LP_to_LLP_Let_Down_Valve_PC7029_LP_Steam_Flow_in_ETH]*36.36+[Purge_Steam_to_Furnace_valve_PDC1154_Steam_Flow_ETH]*18.38+[Purge_Steam_to_Furnace_valve_PDC1155_Steam_Flow_ETH]*18.38)/1000,1
1815,2978,"if((abs(([Plant_HP_Steam_Demand_actual]-[Plant_HP_Steam_Demand_optimum])*[HP_Steam_Cost_actual]))>0.5,([Plant_HP_Steam_Demand_actual]-[Plant_HP_Steam_Demand_optimum])*[HP_Steam_Cost_actual],0)",1
1816,2979,"if((abs(([Plant_MP_Steam_Demand_actual]-[Plant_MP_Steam_Demand_optimum])*[MP_steam_generation_Cost_actual]))>0.5,([Plant_MP_Steam_Demand_actual]-[Plant_MP_Steam_Demand_optimum])*[MP_steam_generation_Cost_actual],0)",1
1817,2980,"if((abs(([Plant_LP_Steam_Demand_actual]-[Plant_LP_Steam_Demand_optimum])*[LP_Steam_Cost_actual]))>0.5,([Plant_LP_Steam_Demand_actual]-[Plant_LP_Steam_Demand_optimum])*[LP_Steam_Cost_actual],0)",1
1818,2981,"if((abs(([Plant_BFW_Demand_actual]-[Plant_BFW_Demand_optimum])*[BFW_Cost_actual]))>0.5,([Plant_BFW_Demand_actual]-[Plant_BFW_Demand_optimum])*[BFW_Cost_actual],0)",1
1819,2982,"if((abs(([VHP_BFW_to_ETH_actual]-[VHP_BFW_to_ETH_optimum])*[BFW_Cost_actual]))>0.5,([VHP_BFW_to_ETH_actual]-[VHP_BFW_to_ETH_optimum])*[BFW_Cost_actual],0)",1
1820,2983,"if((abs(if(([Total_CW_Demand_actual]-[Total_CW_Demand_optimum])>12326,([Total_CW_Demand_actual]-[Total_CW_Demand_optimum])*[CW_KPI_doller_actual]/1000,0)))>0.5,if(([Total_CW_Demand_actual]-[Total_CW_Demand_optimum])>12326,([Total_CW_Demand_actual]-[Total_CW_Demand_optimum])*[CW_KPI_doller_actual]/1000,0),0)",1
1821,2984,"if((abs(if(([CW_Demand_Header_2_actual]-[CW_Demand_Header_2_optimum])>12326,([CW_Demand_Header_2_actual]-[CW_Demand_Header_2_optimum])*[CW_KPI_doller_actual]/1000,0)))>0.5,if(([CW_Demand_Header_2_actual]-[CW_Demand_Header_2_optimum])>12326,([CW_Demand_Header_2_actual]-[CW_Demand_Header_2_optimum])*[CW_KPI_doller_actual]/1000,0),0)",1
1822,2985,"if((abs((([Total_Air_Demand_actual]-[Total_Air_Demand_optimum])*[Air_KPI_doller_actual])))>0.5,(([Total_Air_Demand_actual]-[Total_Air_Demand_optimum])*[Air_KPI_doller_actual]),0)",1
1823,2975,[Total_BFW_Consumption],0
1824,2976,[Return_Condensate],0
1825,2977,[DMW_Makeup],0
1826,2986,"if([Furnace_1_Status_PIAF]==1,1,0)",1
1827,2987,"if([Furnace_2_Status_PIAF]==1,1,0)",1
1828,2988,"if([Furnace_3_Status_PIAF]==1,1,0)",1
1829,2989,"if([Furnace_4_Status_PIAF]==1,1,0)",1
1830,2990,"if([Furnace_5_Status_PIAF]==1,1,0)",1
1831,2991,"if([Furnace_6_Status_PIAF]==1,1,0)",1
1832,2992,"if([Furnace_7_Status_PIAF]==1,1,0)",1
1833,2993,"if([Furnace_8_Status_PIAF]==1,1,0)",1
1834,2994,"if([Furnace_9_Status_PIAF]==1,1,0)",1
1835,2995,([Plant_HP_Steam_Demand]*[HP_Steam_Cost]+[Plant_MP_Steam_Demand]*[MP_steam_generation_Cost]+[Plant_LP_Steam_Demand]*[LP_Steam_Cost]) +[Fuel_Consumption_Plants]*[LHV]*[Fuel_Rate]+[Power_Consumption_Plants]*3.6*[Power_Rate],1
1836,2996,"if([act_running]==1,if([EI_ETH_production_monthly]==0,0,[EI_ETH_Energy_Consumption_monthly]/[EI_ETH_production_monthly]),if([EI_ETH_production_monthly]==0,0,if(([EI_ETH_Energy_Consumption_monthly]-([ECT_Eth_Total_energy_act]-[ECT_Eth_Total_energy])*24*30.5)<0,0,([EI_ETH_Energy_Consumption_monthly]-([ECT_Eth_Total_energy_act]-[ECT_Eth_Total_energy])*24*30.5)/[EI_ETH_production_monthly])))",1
1837,2997,"if([act_running]==1,if([EI_EG1_production_monthly]==0,0,[EI_EG1_Energy_Consumption_monthly]/[EI_EG1_production_monthly]),if([EI_EG1_production_monthly]==0,0,if(([EI_EG1_Energy_Consumption_monthly]-([ECT_EG1_Total_energy_act]-[ECT_EG1_Total_energy])*24*30.5)<0,0,([EI_EG1_Energy_Consumption_monthly]-([ECT_EG1_Total_energy_act]-[ECT_EG1_Total_energy])*24*30.5)/[EI_EG1_production_monthly])))",1
1838,2998,"if([act_running]==1,if([EI_EG2_production_monthly]==0,0,[EI_EG2_Energy_Consumption_monthly]/[EI_EG2_production_monthly]),if([EI_EG2_production_monthly]==0,0,if(([EI_EG2_Energy_Consumption_monthly]-([ECT_EG2_Total_energy_act]-[ECT_EG2_Total_energy])*24*30.5)<0,0,([EI_EG2_Energy_Consumption_monthly]-([ECT_EG2_Total_energy_act]-[ECT_EG2_Total_energy])*24*30.5)/[EI_EG2_production_monthly])))",1
1839,2999,"if([act_running]==1,if([EI_EG3_production_monthly]==0,0,[EI_EG3_Energy_Consumption_monthly]/[EI_EG3_production_monthly]),if([EI_EG3_production_monthly]==0,0,if(([EI_EG3_Energy_Consumption_monthly]-([ECT_EG3_Total_energy_act]-[ECT_EG3_Total_energy])*24*30.5)<0,0,([EI_EG3_Energy_Consumption_monthly]-([ECT_EG3_Total_energy_act]-[ECT_EG3_Total_energy])*24*30.5)/[EI_EG3_production_monthly])))",1
1840,3000,"if([act_running]==1,if([EI_LAO_production_monthly]==0,0,[EI_LAO_Energy_Consumption_monthly]/[EI_LAO_production_monthly]),if([EI_LAO_production_monthly]==0,0,if(([EI_LAO_Energy_Consumption_monthly]-([ECT_LAO_Total_energy_act]-[ECT_LAO_Total_energy])*24*30.5)<0,0,([EI_LAO_Energy_Consumption_monthly]-([ECT_LAO_Total_energy_act]-[ECT_LAO_Total_energy])*24*30.5)/[EI_LAO_production_monthly])))",1
1841,3015,(8E-06*[BLR_1_HPS_Gen]^2-0.0017*[BLR_1_HPS_Gen]+3.0167)*[BLR_1_Status],1
1842,3016,(8E-06*[BLR_2_HPS_Gen]^2-0.0017*[BLR_2_HPS_Gen]+3.0167)*[BLR_2_Status],1
1843,3017,(8E-06*[BLR_3_HPS_Gen]^2-0.0017*[BLR_3_HPS_Gen]+3.0167)*[BLR_3_Status],1
1844,3018,(8E-06*[BLR_4_HPS_Gen]^2-0.0017*[BLR_4_HPS_Gen]+3.0167)*[BLR_4_Status],1
1845,3019,(8E-06*[BLR_5_HPS_Gen]^2-0.0017*[BLR_5_HPS_Gen]+3.0167)*[BLR_5_Status],1
1846,3028,(([EOEG_1_LPS_Demand_raw]+[EG1_LP_Steam_from_V_2920]+[EG1_LP_Steam_from_V_2112]+[EG1_LP_Steam_from_V_2122])-([EG1_LP_CONSUMPTION])),1
1847,3029,[EG1_LP_GENERATION]-[EG1_LP_CONSUMPTION],1
1848,3030,"if(abs([EG1_LP_steam_imbalance])>30,1,0)",1
1849,3032,"if([opportunity_energy_bills_actual]==0,0,100*[opportunity_from_seus_actual]/[opportunity_energy_bills_actual])",1
1850,3039,"if([ETH_Plant_Status]==0&&[EOEG1_Plant_Status]==0&&[EOEG2_Plant_Status]==0,0,if([ETH_Plant_Status]==0&&[EOEG1_Plant_Status]==0&&[EOEG2_Plant_Status]==1,26800,if([ETH_Plant_Status]==0&&[EOEG1_Plant_Status]==1&&[EOEG2_Plant_Status]==0,26800,if([ETH_Plant_Status]==0&&[EOEG1_Plant_Status]==1&&[EOEG2_Plant_Status]==1,46800,if([ETH_Plant_Status]==1&&[EOEG1_Plant_Status]==0&&[EOEG2_Plant_Status]==0,41800,if([ETH_Plant_Status]==1&&[EOEG1_Plant_Status]==0&&[EOEG2_Plant_Status]==1,61800,if([ETH_Plant_Status]==1&&[EOEG1_Plant_Status]==1&&[EOEG2_Plant_Status]==0,61800,81800)))))))",1
1851,3040,"if(([Total_CW_Demand]-[Total_CW_Demand_2])<12326,[Total_CW_Demand],[Total_CW_Demand_2])",1
1852,3041,([Total_Power_Consumption_actual]-[Total_Power_Consumption_optimum])*3.6,1
1853,3043,([Total_Fuel_Consumption_actual]-[Total_Fuel_Consumption_optimum])*[LHV_actual],1
1854,3056,"if([KM_2115_Flow]>700,1,0)",1
1855,3057,"if([KM_4115_Flow]>700,1,0)",1
1856,3058,"if([Process_flow_of_KM_6115]>700,1,0)",1
1857,3059,"if([EG1_EOE]>40,1,0)",1
1858,3060,"if([EG1_EOE]>40,1,0)",1
1859,3061,"if([EG1_EOE]>40,1,0)",1
1860,3062,"if([EG2_EOE]>40,1,0)",1
1861,3063,"if([EG2_EOE]>40,1,0)",1
1862,3064,"if([EG2_EOE]>40,1,0)",1
1863,3065,"if([EG3_EOE]>40,1,0)",1
1864,3066,[EOEG1_Plant_Status],1
1865,3067,[EOEG2_Plant_Status],1
1866,3068,[EOEG3_Plant_Status],1
1867,3069,"if([EG3_EOE]>40,1,0)",1
1868,3070,[EOEG1_Plant_Status],1
1869,3071,[EOEG1_Plant_Status],1
1870,3072,[EOEG2_Plant_Status],1
1871,3073,[EOEG2_Plant_Status],1
1872,3074,"if(([Deaerator_A_LPS])>10,if([Total_Flow_to_Deareator_A]>10000,1,0),0)",1
1873,3075,"if(([Deaerator_B_LPS])>10,if([Total_Flow_to_Deareator_B]>10000,1,0),0)",1
1874,3076,"if([CGC_turbine_Inlet_steam_flow]>100,1,0)",1
1875,3077,"if([Ethane_feed_saturator_inlet_steam_flow]>10,1,0)",1
1876,3049,0,1
1877,3050,0,1
1878,3051,0,1
1879,3052,0,1
1880,3053,0,1
1881,3054,[CBD_energy_saving_BLR1]+[CBD_energy_saving_BLR2]+[CBD_energy_saving_BLR3]+[CBD_energy_saving_BLR4]+[CBD_energy_saving_BLR5],1
1882,3055,[CBD_energy_saving_Total]/[LHV],1
1883,3078,"if([BFW_A_Motor_Status]==1,[BFW_A_Motor_Power],[BFW_A_Motor_Power_Regression])",1
1884,3079,"if([BFW_B_Turb_Status]==1,[BFW_B_Turb_Steam],[BFW_B_Turb_Steam_Regression])",1
1885,3080,"if([BFW_C_Turb_Status]==1,[BFW_C_Turb_Steam],[BFW_C_Turb_Steam_Regression])",1
1886,3081,"if([BFW_D_Motor_Status]==1,[BFW_D_Motor_Power],[BFW_D_Motor_Power_Regression])",1
1887,3082,"if([BFW_E_Turb_Status]==1,[BFW_E_Turb_Steam],[BFW_E_Turb_Steam_Regression])",1
1888,3083,"if([BFW_F_Motor_Status]==1,[BFW_F_Motor_Power],[BFW_F_Motor_Power_Regression])",1
1889,3084,"if([VHP_BFW_A_Motor_Status]==1,[VHP_BFW_A_Motor_Power],[VHP_BFW_A_Motor_Power_Regression])",1
1890,3085,"if([VHP_BFW_B_Turb_Status]==1,[VHP_BFW_B_Turb_Steam],[VHP_BFW_B_Turb_Steam_Regression])",1
1891,3086,"if([VHP_BFW_C_Turb_Status]==1,[VHP_BFW_C_Turb_Steam],[VHP_BFW_C_Turb_Steam_Regression])",1
1892,3089,"if([DMW_Turbine_A_Status]==1,[DMW_Turbine_A_Steam],[DMW_Turbine_A_Steam_Regression])",1
1893,3090,"if([DMW_Turbine_C_Status]==1,[DMW_Turbine_C_Steam],[DMW_Turbine_C_Steam_Regression])",1
1894,3091,"if([DMW_Pump_Motor_B_Status]==1,[DMW_Motor_B_Power],[DMW_Motor_B_Power_Regression])",1
1895,3136,"if([Furnace_1_Status]==0,0,[Furnace1_Feed]/(1+[Overall_SHC_Ratio]))",1
1896,3137,"if([Furnace_2_Status]==0,0,[Furnace2_Feed]/(1+[Overall_SHC_Ratio]))",1
1897,3138,"if([Furnace_3_Status]==0,0,[Furnace3_Feed]/(1+[Overall_SHC_Ratio]))",1
1898,3139,"if([Furnace_4_Status]==0,0,[Furnace4_Feed]/(1+[Overall_SHC_Ratio]))",1
1899,3140,"if([Furnace_5_Status]==0,0,[Furnace5_Feed]/(1+[Overall_SHC_Ratio]))",1
1900,3141,"if([Furnace_6_Status]==0,0,[Furnace6_Feed]/(1+[Overall_SHC_Ratio]))",1
1901,3142,"if([Furnace_7_Status]==0,0,[Furnace7_Feed]/(1+[Overall_SHC_Ratio]))",1
1902,3143,"if([Furnace_8_Status]==0,0,[Furnace8_Feed]/(1+[Overall_SHC_Ratio]))",1
1903,3144,"if([Furnace_9_Status]==0,0,[Furnace9_Feed]/(1+[Overall_SHC_Ratio]))",1
1904,3145,"if((101.6157+0.002369*[Fur_1_HC_Feed]-0.00256*[Furnace_A_COT]-0.039*[FUR_1_STACK_TEMPERATURE]-0.4*[FUR_1_FLUE_GAS_O2])>100,100,(101.6157+0.002369*[Fur_1_HC_Feed]-0.00256*[Furnace_A_COT]-0.039*[FUR_1_STACK_TEMPERATURE]-0.4*[FUR_1_FLUE_GAS_O2]))*[Furnace_1_Status]",1
1905,3146,"if((104.1190836+0.02056157*[Fur_2_HC_Feed]-0.00470304*[Furnace_B_COT]-0.0481841*[FUR_2_STACK_TEMPERATURE]-0.37763244*[FUR_2_FLUE_GAS_O2])>100,100,(104.1190836+0.02056157*[Fur_2_HC_Feed]-0.00470304*[Furnace_B_COT]-0.0481841*[FUR_2_STACK_TEMPERATURE]-0.37763244*[FUR_2_FLUE_GAS_O2]))*[Furnace_2_Status]",1
1906,3147,"if((101.292+0.001*[Fur_3_HC_Feed]-0.002*[Furnace_C_COT]-0.039*[FUR_3_STACK_TEMPERATURE]-0.3709*[FUR_3_FLUE_GAS_O2])>100,100,(101.292+0.001*[Fur_3_HC_Feed]-0.002*[Furnace_C_COT]-0.039*[FUR_3_STACK_TEMPERATURE]-0.3709*[FUR_3_FLUE_GAS_O2]))*[Furnace_3_Status]",1
1907,3148,"if((99.234+0.0201*[Fur_4_HC_Feed]-0.001*[Furnace_D_COT]-0.036*[FUR_4_STACK_TEMPERATURE]-0.356*[FUR_4_FLUE_GAS_O2])>100,100,(99.234+0.0201*[Fur_4_HC_Feed]-0.001*[Furnace_D_COT]-0.036*[FUR_4_STACK_TEMPERATURE]-0.356*[FUR_4_FLUE_GAS_O2]))*[Furnace_4_Status]",1
1908,3149,"if((101.4302+0.0049*[Fur_5_HC_Feed]-0.00526*[Furnace_E_COT]-0.0254*[FUR_5_STACK_TEMPERATURE]-0.26*[FUR_5_FLUE_GAS_O2])>100,100,(101.4302+0.0049*[Fur_5_HC_Feed]-0.00526*[Furnace_E_COT]-0.0254*[FUR_5_STACK_TEMPERATURE]-0.26*[FUR_5_FLUE_GAS_O2]))*[Furnace_5_Status]",1
1909,3150,"if((99.749+0.001059*[Fur_6_HC_Feed]-0.00136*[Furnace_F_COT]-0.03489*[FUR_6_STACK_TEMPERATURE]-0.2991*[FUR_6_FLUE_GAS_O2])>100,100,(99.749+0.001059*[Fur_6_HC_Feed]-0.00136*[Furnace_F_COT]-0.03489*[FUR_6_STACK_TEMPERATURE]-0.2991*[FUR_6_FLUE_GAS_O2]))*[Furnace_6_Status]",1
1910,3151,"if((102.1861+0.01229*[Fur_7_HC_Feed]-0.00198*[Furnace_G_COT]-0.045*[FUR_7_STACK_TEMPERATURE]-0.5129*[FUR_7_FLUE_GAS_O2])>100,100,(102.1861+0.01229*[Fur_7_HC_Feed]-0.00198*[Furnace_G_COT]-0.045*[FUR_7_STACK_TEMPERATURE]-0.5129*[FUR_7_FLUE_GAS_O2]))*[Furnace_7_Status]",1
1911,3152,"if((105.4328+0.0039*[Fur_8_HC_Feed]-0.0038*[Furnace_H_COT]-0.054*[FUR_8_STACK_TEMPERATURE]-0.475*[FUR_8_FLUE_GAS_O2])>100,100,(105.4328+0.0039*[Fur_8_HC_Feed]-0.0038*[Furnace_H_COT]-0.054*[FUR_8_STACK_TEMPERATURE]-0.475*[FUR_8_FLUE_GAS_O2]))*[Furnace_8_Status]",1
1912,3153,"if((99.12391+0.003416*[Fur_9_HC_Feed]-0.00012*[Furnace_J_COT]-0.03907*[FUR_9_STACK_TEMPERATURE]-0.25296*[FUR_9_FLUE_GAS_O2])>100,100,(99.12391+0.003416*[Fur_9_HC_Feed]-0.00012*[Furnace_J_COT]-0.03907*[FUR_9_STACK_TEMPERATURE]-0.25296*[FUR_9_FLUE_GAS_O2]))*[Furnace_9_Status]",1
1913,3154,"max(150,[FUR_1_STACK_TEMPERATURE]-(144.4672+0.0525*[Fur_1_HC_Feed]+0.008392*[Furnace_A_COT]+2.84088*[FUR_1_FLUE_GAS_O2]-(144.4672+0.0525*[Fur_1_HC_Feed]+0.008392*[Furnace_A_COT]+2.84088*[FUR_1_FLUE_GAS_O2_Adjusted])))*[Furnace_1_Status]",1
1914,3155,"max(150,[FUR_2_STACK_TEMPERATURE]-(165.4715-0.09271*[Fur_2_HC_Feed]-0.00632*[Furnace_B_COT]+1.622539*[FUR_2_FLUE_GAS_O2]-(165.4715-0.09271*[Fur_2_HC_Feed]-0.00632*[Furnace_B_COT]+1.622539*[FUR_2_FLUE_GAS_O2_Adjusted])))*[Furnace_2_Status]",1
1915,3156,"max(150,[FUR_3_STACK_TEMPERATURE]-(134.6519+0.026405*[Fur_3_HC_Feed]+0.012979*[Furnace_C_COT]+2.596037*[FUR_3_FLUE_GAS_O2]-(134.6519+0.026405*[Fur_3_HC_Feed]+0.012979*[Furnace_C_COT]+2.596037*[FUR_3_FLUE_GAS_O2_Adjusted])))*[Furnace_3_Status]",1
1916,3157,"max(150,[FUR_4_STACK_TEMPERATURE]-(112.2612+0.009309*[Fur_4_HC_Feed]+0.045304*[Furnace_D_COT]+3.549782*[FUR_4_FLUE_GAS_O2]-(112.2612+0.009309*[Fur_4_HC_Feed]+0.045304*[Furnace_D_COT]+3.549782*[FUR_4_FLUE_GAS_O2_Adjusted])))*[Furnace_4_Status]",1
1917,3158,"max(150,[FUR_5_STACK_TEMPERATURE]-(131.72+0.044*[Fur_5_HC_Feed]+0.0177*[Furnace_E_COT]+2.3949*[FUR_5_FLUE_GAS_O2]-(131.72+0.044*[Fur_5_HC_Feed]+0.0177*[Furnace_E_COT]+2.3949*[FUR_5_FLUE_GAS_O2_Adjusted])))*[Furnace_5_Status]",1
1918,3159,"max(150,[FUR_6_STACK_TEMPERATURE]-(144.48+0.0035*[Fur_6_HC_Feed]+0.00069*[Furnace_F_COT]+1.9567*[FUR_6_FLUE_GAS_O2]-(144.48+0.0035*[Fur_6_HC_Feed]+0.00069*[Furnace_F_COT]+1.9567*[FUR_6_FLUE_GAS_O2_Adjusted])))*[Furnace_6_Status]",1
1919,3160,"max(150,[FUR_7_STACK_TEMPERATURE]-(147.37+0.04478*[Fur_7_HC_Feed]+0.002745*[Furnace_G_COT]+2.467*[FUR_7_FLUE_GAS_O2]-(147.37+0.04478*[Fur_7_HC_Feed]+0.002745*[Furnace_G_COT]+2.467*[FUR_7_FLUE_GAS_O2_Adjusted])))*[Furnace_7_Status]",1
1920,3161,"max(150,[FUR_8_STACK_TEMPERATURE]-(123.8049+0.072179*[Fur_8_HC_Feed]+0.027*[Furnace_H_COT]+3.0799*[FUR_8_FLUE_GAS_O2]-(123.8049+0.072179*[Fur_8_HC_Feed]+0.027*[Furnace_H_COT]+3.0799*[FUR_8_FLUE_GAS_O2_Adjusted])))*[Furnace_8_Status]",1
1921,3162,"max(150,[FUR_9_STACK_TEMPERATURE]-(137.9672+0.00739*[Fur_9_HC_Feed]+0.000607*[Furnace_J_COT]+1.71189*[FUR_9_FLUE_GAS_O2]-(137.9672+0.00739*[Fur_9_HC_Feed]+0.000607*[Furnace_J_COT]+1.71189*[FUR_9_FLUE_GAS_O2_Adjusted])))*[Furnace_9_Status]",1
1922,3163,"if([Furnace_O2_Check]==1&&[FUR_1_FLUE_GAS_O2]-(0.0258*[Fur_1_HC_Feed]^2-2.4007*[Fur_1_HC_Feed]+58.52)*[Furnace_1_Status]>0.2,(0.0258*[Fur_1_HC_Feed]^2-2.4007*[Fur_1_HC_Feed]+58.52)*[Furnace_1_Status],[FUR_1_FLUE_GAS_O2])",1
1923,3164,"if([Furnace_O2_Check]==1&&[FUR_2_FLUE_GAS_O2]-(0.0302*[Fur_2_HC_Feed]^2-2.8183*[Fur_2_HC_Feed]+68.367)*[Furnace_2_Status]>0.2,(0.0302*[Fur_2_HC_Feed]^2-2.8183*[Fur_2_HC_Feed]+68.367)*[Furnace_2_Status],[FUR_2_FLUE_GAS_O2])",1
1924,3165,"if([Furnace_O2_Check]==1&&[FUR_3_FLUE_GAS_O2]-(0.0291*[Fur_3_HC_Feed]^2-2.8908*[Fur_3_HC_Feed]+74.849)*[Furnace_3_Status]>0.2,(0.0291*[Fur_3_HC_Feed]^2-2.8908*[Fur_3_HC_Feed]+74.849)*[Furnace_3_Status],[FUR_3_FLUE_GAS_O2])",1
1925,3166,"if([Furnace_O2_Check]==1&&[FUR_4_FLUE_GAS_O2]-(0.0253*[Fur_4_HC_Feed]^2-2.3958*[Fur_4_HC_Feed]+59.697)*[Furnace_4_Status]>0.2,(0.0253*[Fur_4_HC_Feed]^2-2.3958*[Fur_4_HC_Feed]+59.697)*[Furnace_4_Status],[FUR_4_FLUE_GAS_O2])",1
1926,3167,"if([Furnace_O2_Check]==1&&[FUR_5_FLUE_GAS_O2]-(0.0322*[Fur_5_HC_Feed]^2-3.0343*[Fur_5_HC_Feed]+73.997)*[Furnace_5_Status]>0.2,(0.0322*[Fur_5_HC_Feed]^2-3.0343*[Fur_5_HC_Feed]+73.997)*[Furnace_5_Status],[FUR_5_FLUE_GAS_O2])",1
1927,3168,"if([Furnace_O2_Check]==1&&[FUR_6_FLUE_GAS_O2]-(0.0312*[Fur_6_HC_Feed]^2-2.9678*[Fur_6_HC_Feed]+73.279)*[Furnace_6_Status]>0.2,(0.0312*[Fur_6_HC_Feed]^2-2.9678*[Fur_6_HC_Feed]+73.279)*[Furnace_6_Status],[FUR_6_FLUE_GAS_O2])",1
1928,3169,"if([Furnace_O2_Check]==1&&[FUR_7_FLUE_GAS_O2]-(0.0298*[Fur_7_HC_Feed]^2-2.9399*[Fur_7_HC_Feed]+75.021)*[Furnace_7_Status]>0.2,(0.0298*[Fur_7_HC_Feed]^2-2.9399*[Fur_7_HC_Feed]+75.021)*[Furnace_7_Status],[FUR_7_FLUE_GAS_O2])",1
1929,3170,"if([Furnace_O2_Check]==1&&[FUR_8_FLUE_GAS_O2]-(0.0397*[Fur_8_HC_Feed]^2-3.6171*[Fur_8_HC_Feed]+85.623)*[Furnace_8_Status]>0.2,(0.0397*[Fur_8_HC_Feed]^2-3.6171*[Fur_8_HC_Feed]+85.623)*[Furnace_8_Status],[FUR_8_FLUE_GAS_O2])",1
1930,3171,"if([Furnace_O2_Check]==1&&[FUR_9_FLUE_GAS_O2]-(0.0274*[Fur_9_HC_Feed]^2-2.6445*[Fur_9_HC_Feed]+66.598)*[Furnace_9_Status]>0.2,(0.0274*[Fur_9_HC_Feed]^2-2.6445*[Fur_9_HC_Feed]+66.598)*[Furnace_9_Status],[FUR_9_FLUE_GAS_O2])",1
1931,157,[AC_A_Flow_To_Header_raw]/1000,1
1932,158,[AC_B_Flow_To_Header_raw]/1000,1
1933,159,[AC_C_Flow_To_Header_raw]/1000,1
1934,160,[AC_D_Flow_To_Header_raw]/1000,1
1935,161,([Air_compressor_A_Discharge_flow_raw]*[Air_density]/1000)*[Air_Compressor_Turbine_A_Status],1
1936,162,[Air_Compressor_Motor_B_Status]*[Air_compressor_B_Discharge_flow_raw]*[Air_density]/1000,1
1937,163,[Air_Compressor_Motor_C_Status]*[Air_compressor_C_Discharge_flow_raw]*[Air_density]/1000,1
1938,164,[Air_Compressor_Turbine_D_Status]*[Air_compressor_D_Discharge_flow_raw]*[Air_density]/1000,1
1939,3172,"if((101.6157+0.002369*[Fur_1_HC_Feed]-0.00256*[Furnace_A_COT]-0.039*[FUR_1_STACK_TEMPERATURE_Adjusted]-0.4*[FUR_1_FLUE_GAS_O2_Adjusted])>100,100,(101.6157+0.002369*[Fur_1_HC_Feed]-0.00256*[Furnace_A_COT]-0.039*[FUR_1_STACK_TEMPERATURE_Adjusted]-0.4*[FUR_1_FLUE_GAS_O2_Adjusted]))*[Furnace_1_Status]",1
1940,3173,"if((104.1190836+0.02056157*[Fur_2_HC_Feed]-0.00470304*[Furnace_B_COT]-0.0481841*[FUR_2_STACK_TEMPERATURE_Adjusted]-0.37763244*[FUR_2_FLUE_GAS_O2_Adjusted])>100,100,(104.1190836+0.02056157*[Fur_2_HC_Feed]-0.00470304*[Furnace_B_COT]-0.0481841*[FUR_2_STACK_TEMPERATURE_Adjusted]-0.37763244*[FUR_2_FLUE_GAS_O2_Adjusted]))*[Furnace_2_Status]",1
1941,3174,"if((101.292+0.001*[Fur_3_HC_Feed]-0.002*[Furnace_C_COT]-0.039*[FUR_3_STACK_TEMPERATURE_Adjusted]-0.3709*[FUR_3_FLUE_GAS_O2_Adjusted])>100,100,(101.292+0.001*[Fur_3_HC_Feed]-0.002*[Furnace_C_COT]-0.039*[FUR_3_STACK_TEMPERATURE_Adjusted]-0.3709*[FUR_3_FLUE_GAS_O2_Adjusted]))*[Furnace_3_Status]",1
1942,3175,"if((99.234+0.0201*[Fur_4_HC_Feed]-0.001*[Furnace_D_COT]-0.036*[FUR_4_STACK_TEMPERATURE_Adjusted]-0.356*[FUR_4_FLUE_GAS_O2_Adjusted])>100,100,(99.234+0.0201*[Fur_4_HC_Feed]-0.001*[Furnace_D_COT]-0.036*[FUR_4_STACK_TEMPERATURE_Adjusted]-0.356*[FUR_4_FLUE_GAS_O2_Adjusted]))*[Furnace_4_Status]",1
1943,3176,"if((101.4302+0.0049*[Fur_5_HC_Feed]-0.00526*[Furnace_E_COT]-0.0254*[FUR_5_STACK_TEMPERATURE_Adjusted]-0.26*[FUR_5_FLUE_GAS_O2_Adjusted])>100,100,(101.4302+0.0049*[Fur_5_HC_Feed]-0.00526*[Furnace_E_COT]-0.0254*[FUR_5_STACK_TEMPERATURE_Adjusted]-0.26*[FUR_5_FLUE_GAS_O2_Adjusted]))*[Furnace_5_Status]",1
1944,3177,"if((99.749+0.001059*[Fur_6_HC_Feed]-0.00136*[Furnace_F_COT]-0.03489*[FUR_6_STACK_TEMPERATURE_Adjusted]-0.2991*[FUR_6_FLUE_GAS_O2_Adjusted])>100,100,(99.749+0.001059*[Fur_6_HC_Feed]-0.00136*[Furnace_F_COT]-0.03489*[FUR_6_STACK_TEMPERATURE_Adjusted]-0.2991*[FUR_6_FLUE_GAS_O2_Adjusted]))*[Furnace_6_Status]",1
1945,3178,"if((102.1861+0.01229*[Fur_7_HC_Feed]-0.00198*[Furnace_G_COT]-0.045*[FUR_7_STACK_TEMPERATURE_Adjusted]-0.5129*[FUR_7_FLUE_GAS_O2_Adjusted])>100,100,(102.1861+0.01229*[Fur_7_HC_Feed]-0.00198*[Furnace_G_COT]-0.045*[FUR_7_STACK_TEMPERATURE_Adjusted]-0.5129*[FUR_7_FLUE_GAS_O2_Adjusted]))*[Furnace_7_Status]",1
1946,3179,"if((105.4328+0.0039*[Fur_8_HC_Feed]-0.0038*[Furnace_H_COT]-0.054*[FUR_8_STACK_TEMPERATURE_Adjusted]-0.475*[FUR_8_FLUE_GAS_O2_Adjusted])>100,100,(105.4328+0.0039*[Fur_8_HC_Feed]-0.0038*[Furnace_H_COT]-0.054*[FUR_8_STACK_TEMPERATURE_Adjusted]-0.475*[FUR_8_FLUE_GAS_O2_Adjusted]))*[Furnace_8_Status]",1
1947,3180,"if((99.12391+0.003416*[Fur_9_HC_Feed]-0.00012*[Furnace_J_COT]-0.03907*[FUR_9_STACK_TEMPERATURE_Adjusted]-0.25296*[FUR_9_FLUE_GAS_O2_Adjusted])>100,100,(99.12391+0.003416*[Fur_9_HC_Feed]-0.00012*[Furnace_J_COT]-0.03907*[FUR_9_STACK_TEMPERATURE_Adjusted]-0.25296*[FUR_9_FLUE_GAS_O2_Adjusted]))*[Furnace_9_Status]",1
1948,3181,"if([Furnace_1_Status]==0,0,[Furnace_A_Fuel_gas_flow]*([furn1_net_efficiency]/[furn1_net_efficiency_Adjusted]))",1
1949,3182,"if([Furnace_2_Status]==0,0,[Furnace_B_Fuel_gas_flow]*([furn2_net_efficiency]/[furn2_net_efficiency_Adjusted]))",1
1950,3183,"if([Furnace_3_Status]==0,0,[Furnace_C_Fuel_gas_flow]*([furn3_net_efficiency]/[furn3_net_efficiency_Adjusted]))",1
1951,3184,"if([Furnace_4_Status]==0,0,[Furnace_D_Fuel_gas_flow]*([furn4_net_efficiency]/[furn4_net_efficiency_Adjusted]))",1
1952,3185,"if([Furnace_5_Status]==0,0,[Furnace_E_Fuel_gas_flow]*([furn5_net_efficiency]/[furn5_net_efficiency_Adjusted]))",1
1953,3186,"if([Furnace_6_Status]==0,0,[Furnace_F_Fuel_gas_flow]*([furn6_net_efficiency]/[furn6_net_efficiency_Adjusted]))",1
1954,3187,"if([Furnace_7_Status]==0,0,[Furnace_G_Fuel_gas_flow]*([furn7_net_efficiency]/[furn7_net_efficiency_Adjusted]))",1
1955,3188,"if([Furnace_8_Status]==0,0,[Furnace_H_Fuel_gas_flow]*([furn8_net_efficiency]/[furn8_net_efficiency_Adjusted]))",1
1956,3189,"if([Furnace_9_Status]==0,0,[Furnace_J_Fuel_gas_flow]*([furn9_net_efficiency]/[furn9_net_efficiency_Adjusted]))",1
1957,3190,([Air_compressor_A_Discharge_flow]*[Air_Compressor_Turbine_A_Status]+[Air_compressor_B_Discharge_flow]*[Air_Compressor_Motor_B_Status]+[Air_compressor_C_Discharge_flow]*[Air_Compressor_Motor_C_Status]+[Air_compressor_D_Discharge_flow]*[Air_Compressor_Turbine_D_Status]),1
1958,3191,[AIR_COMPRESSOR_A_Vent_flow]+[AIR_COMPRESSOR_B_Vent_flow]+[AIR_COMPRESSOR_C_Vent_flow]+[AIR_COMPRESSOR_D_Vent_flow],1
1959,3192,"min(1.5*0.024856,(if([KM_2115_Flow]==0,0,([EG1_Recycle_Compressor_Power]*[KM_2115_Status])/[KM_2115_Flow])))",1
1960,3193,"min(1.5*0.686682,(if([Process_flow_of_E_2523]==0,0,([EG1_LP_to_E_2523]*[E_2523_Status]*([LP_steam_saturated_vapor_enthalpy]-[LP_steam_condensate_enthalpy])/1000)/[Process_flow_of_E_2523])))",1
1961,3194,"min(1.5*2.468993,(if([Process_flow_of_E_2523]==0,0,([EG1_MP_to_E_2531]*[E_2531_Status]*([MP_steam_saturated_vapor_enthalpy]-[MP_steam_condensate_enthalpy])/1000)/[Process_flow_of_E_2523])))",1
1962,3195,"min(1.5*0.46238,(if([Process_flow_of_E_2610]==0,0,([EG1_MP_to_E_2610]*[E_2610_Status]*([MP_steam_saturated_vapor_enthalpy]-[MP_steam_condensate_enthalpy])/1000)/[Process_flow_of_E_2610])))",1
1963,3196,"min(1.5*0.124355,(if([Process_flow_of_E_2620]==0,0,([EG1_MP_to_E_2620]*[E_2620_Status]*([MP_steam_saturated_vapor_enthalpy]-[MP_steam_condensate_enthalpy])/1000)/[Process_flow_of_E_2620])))",1
1964,3197,"min(1.5*0.031269,(if([KM_4115_Flow]==0,0,([EG2_Recycle_Compressor_Power]*[KM_4115_Status])/[KM_4115_Flow])))",1
1965,3198,"min(1.5*0.751368,(if([Process_flow_of_E_4523]==0,0,([EG2_LP_to_E_4523]*[E_4523_Status]*([EG2_LP_steam_saturated_vapor_enthalpy]-[EG2_LP_steam_condensate_enthalpy])/1000)/[Process_flow_of_E_4523])))",1
1966,3199,"min(1.5*2.357362,(if([Process_flow_of_E_4523]==0,0,([EG2_MP_to_E_4531]*[E_4531_Status]*([EG2_MP_steam_saturated_vapor_enthalpy]-[EG2_MP_steam_condensate_enthalpy])/1000)/[Process_flow_of_E_4523])))",1
1967,3200,"min(1.5*0.635394,(if([Process_flow_of_E_4610]==0,0,([EG2_MP_to_E_4610]*[E_4610_Status]*([EG2_MP_steam_saturated_vapor_enthalpy]-[EG2_MP_steam_condensate_enthalpy])/1000)/[Process_flow_of_E_4610])))",1
1968,3201,"min(1.5*0.132037,(if([Process_flow_of_E_4620]==0,0,([EG2_MP_to_E_4620]*[E_4620_Status]*([EG2_MP_steam_saturated_vapor_enthalpy]-[EG2_MP_steam_condensate_enthalpy])/1000)/[Process_flow_of_E_4620])))",1
1969,3202,"min(1.5*1.674547,(if([Process_flow_of_E_6531]==0,0,([EG3_MP_to_E_6531]*[E_6531_Status]*([EG3_MP_steam_saturated_vapor_enthalpy]-[EG3_MP_steam_condensate_enthalpy])/1000)/[Process_flow_of_E_6531])))",1
1970,3203,"min(1.5*1.456599,(if([EG3_EOE]==0,0,([EG3_MP_to_E_6620]*[E_6620_Status]*([EG3_MP_steam_saturated_vapor_enthalpy]-[EG3_MP_steam_condensate_enthalpy])/1000)/[EG3_EOE])))",1
1971,3204,"min(1.5*5.656595,(if([Furnace1_Feed]==0,0,([Furnace_H_1111_Duty]*[Furnace_1_Status])/([Furnace1_Feed]))))",1
1972,3205,"min(1.5*5.414625,(if([Furnace2_Feed]==0,0,([Furnace_H_1112_Duty]*[Furnace_2_Status])/([Furnace2_Feed]))))",1
1973,3206,"min(1.5*5.47605,(if([Furnace3_Feed]==0,0,([Furnace_H_1113_Duty]*[Furnace_3_Status])/([Furnace3_Feed]))))",1
1974,3207,"min(1.5*5.227667,(if([Furnace4_Feed]==0,0,([Furnace_H_1114_Duty]*[Furnace_4_Status])/([Furnace4_Feed]))))",1
1975,3208,"min(1.5*5.195077,(if([Furnace5_Feed]==0,0,([Furnace_H_1115_Duty]*[Furnace_5_Status])/([Furnace5_Feed]))))",1
1976,3209,"min(1.5*5.492222,(if([Furnace6_Feed]==0,0,([Furnace_H_1116_Duty]*[Furnace_6_Status])/([Furnace6_Feed]))))",1
1977,3210,"min(1.5*5.350069,(if([Furnace7_Feed]==0,0,([Furnace_H_1117_Duty]*[Furnace_7_Status])/([Furnace7_Feed]))))",1
1978,3211,"min(1.5*5.363277,(if([Furnace8_Feed]==0,0,([Furnace_H_1118_Duty]*[Furnace_8_Status])/([Furnace8_Feed]))))",1
1979,3212,"min(1.5*5.291766,(if([Furnace9_Feed]==0,0,([Furnace_H_1119_Duty]*[Furnace_9_Status])/([Furnace9_Feed]))))",1
1980,3213,"min(1.5*2.864056,(if([BLR_1_HPS_Gen]==0,0,([Boiler_A_Duty])/[BLR_1_HPS_Gen])))",1
1981,3214,"min(1.5*2.81865,(if([BLR_2_HPS_Gen]==0,0,([Boiler_B_Duty])/[BLR_2_HPS_Gen])))",1
1982,3215,"min(1.5*2.807324,(if([BLR_3_HPS_Gen]==0,0,([Boiler_C_Duty])/[BLR_3_HPS_Gen])))",1
1983,3216,"min(1.5*2.79906,(if([BLR_4_HPS_Gen]==0,0,([Boiler_D_Duty])/[BLR_4_HPS_Gen])))",1
1984,3217,"min(1.5*2.846544,(if([BLR_5_HPS_Gen]==0,0,([Boiler_E_Duty])/[BLR_5_HPS_Gen])))",1
1985,3218,"min(1.5*1.417897,(if([Total_Ethylene_Production_ETH_Plant]==0,0,([Eth_CGC_turbine_Duty_GJ]*[KT_1200_Status])/[Total_Ethylene_Production_ETH_Plant])))",1
1986,3219,"min(1.5*0.938061,(if([Process_flow_of_E_1102]==0,0,([Ethane_feed_saturator_inlet_steam_flow]*[E_1102_Status]*([Eth_LP_steam_saturated_vapor_enthalpy]-[Eth_LP_steam_condensate_enthalpy])/1000)/[Process_flow_of_E_1102])))",1
1987,3220,"min(1.5*0.365087,(if([Air_compressor_B_Discharge_flow]==0,0,([Air_Compressor_Motor_B_Status]*([Air_Compressor_Motor_B_Power]*3.6)/[Air_compressor_B_Discharge_flow]))))",1
1988,3221,"min(1.5*0.394864,(if([Air_compressor_C_Discharge_flow]==0,0,([Air_Compressor_Motor_C_Status]*([Air_Compressor_Motor_C_Power]*3.6)/[Air_compressor_C_Discharge_flow]))))",1
1989,3222,"min(1.5*0.405381,(if([Process_flow_of_PK_5020]==0,0,([Actual_Power_Consumption_5021]*[PK_5020_status]*3.6)/([Process_flow_of_PK_5020]/1000))))",1
1990,3223,"min(1.5*0.133119,(if([K_5071_Dis_Flow]==0,0,([K_5071_Actual_Power]*[PK_5070_status]*3.6)/([K_5071_Dis_Flow]/1000))))",1
1991,3224,"min(1.5*0.561534,(if([Air_compressor_A_Discharge_flow]==0,0,([Air_Compressor_Turbine_A_Status]*[Air_Compressor_Turbine_A_Steam]*([HP_Steam_Enthalpy]-[LP_Steam_Enthalpy])*4.184/10^3)/[Air_compressor_A_Discharge_flow])))",1
1992,3225,"min(1.5*0.520177,(if([Air_compressor_D_Discharge_flow]==0,0,([Air_Compressor_Turbine_D_Status]*[Air_Compressor_Turbine_D_Steam]*([HP_Steam_Enthalpy]-[LP_Steam_Enthalpy])*4.184/10^3)/[Air_compressor_D_Discharge_flow])))",1
1993,3226,"min(1.5*0.14067,(if([Total_Flow_to_Deareator_A]==0,0,([Deaerator_A_LPS]*([LP_Steam_Enthalpy]-[BFW_Enthalpy])*4.184*[V_7101A_Status]/1000)/([Total_Flow_to_Deareator_A]/1000))))",1
1994,3227,"min(1.5*0.250449,(if([Total_Flow_to_Deareator_B]==0,0,([Deaerator_B_LPS]*([LP_Steam_Enthalpy]-[BFW_Enthalpy])*4.184*[V_7101B_Status]/1000)/([Total_Flow_to_Deareator_B]/1000))))",1
1995,3228,"min(1.5*0.020733,(if([VHP_BFW_A_Discharge_flow]==0,0,(([VHP_BFW_A_AMPS]*[VHP_BFW_A_Motor_Status]*4000*0.9*1.732)/1000*0.0036)/([VHP_BFW_A_Discharge_flow]/1000))))",1
1996,3229,"min(1.5*0.012157,(if([Process_flow_of_PM_7103A]==0,0,[Energy_GJ_PM_7103A]/[Process_flow_of_PM_7103A])))",1
1997,3230,"min(1.5*0.011288,(if([Process_flow_of_PM_7103D]==0,0,[Energy_GJ_PM_7103D]/[Process_flow_of_PM_7103D])))",1
1998,3231,"min(1.5*0.014128,(if([Process_flow_of_PM_7103F]==0,0,[Energy_GJ_PM_7103F]/[Process_flow_of_PM_7103F])))",1
1999,3232,"min(1.5*0.029998,(if([VHP_BFW_B_Discharge_flow]==0,0,([VHP_BFW_B_Turb_Status]*[VHP_BFW_B_Turb_Steam]*([HP_Steam_Enthalpy]-[LP_Steam_Enthalpy])*4.184/1000)/([VHP_BFW_B_Discharge_flow]/1000))))",1
2000,3233,"min(1.5*0.030859,(if([VHP_BFW_C_Discharge_flow]==0,0,([VHP_BFW_C_Turb_Steam]*[VHP_BFW_C_Turb_Status]*([HP_Steam_Enthalpy]-[LP_Steam_Enthalpy])*4.184/1000)/([VHP_BFW_C_Discharge_flow]/1000))))",1
2001,3234,"min(1.5*0.017282,(if([Process_flow_of_PT_7103B]==0,0,([BFW_B_Turb_Steam]*[BFW_B_Turb_Status]*([HP_Steam_Enthalpy]-[LP_Steam_Enthalpy])*4.184/1000)/[Process_flow_of_PT_7103B])))",1
2002,3235,"min(1.5*0.019551,(if([Process_flow_of_PT_7103C]==0,0,([BFW_C_Turb_Steam]*[BFW_C_Turb_Status]*([HP_Steam_Enthalpy]-[LP_Steam_Enthalpy])*4.184/1000)/[Process_flow_of_PT_7103C])))",1
2003,3236,"min(1.5*0.017687,(if([Process_flow_of_PT_7103E]==0,0,([BFW_E_Turb_Steam]*[BFW_E_Turb_Status]*([HP_Steam_Enthalpy]-[LP_Steam_Enthalpy])*4.184/1000)/[Process_flow_of_PT_7103E])))",1
2004,3237,"min(1.5*0.000742,(if([Process_flow_of_PT_7801A]==0,0,[Energy_GJ_PT_7801A]/[Process_flow_of_PT_7801A])))",1
2005,3238,"min(1.5*0.000789,(if([Process_flow_of_PT_7801B]==0,0,[Energy_GJ_PT_7801B]/[Process_flow_of_PT_7801B])))",1
2006,3239,"min(1.5*0.000797,(if([Process_flow_of_PT_7801G]==0,0,[Energy_GJ_PT_7801G]/[Process_flow_of_PT_7801G])))",1
2007,3240,"min(1.5*0.030871,(if([Process_flow_of_KM_6115]==0,0,([EG3_Recycle_Compressor_Power]*[KM_6115_Status])/[Process_flow_of_KM_6115])))",1
2008,3241,"min(1.5*0.163,(if([H3831_steam_flow]==0,0,([H3831_acual_duty]*[LAO_Plant_Status])/([H3831_steam_flow]/1000))))",1
2009,3242,"min(1.5*1.214955,(if([Process_flow_of_E_2523]==0,0,([EG1_Stripping_status]*([EG1_LP_to_C_2310]+[EG1_LP_to_E_2310])*([LP_steam_saturated_vapor_enthalpy]-[LP_steam_condensate_enthalpy])/1000)/[Process_flow_of_E_2523])))",1
2010,3243,"min(1.5*1.099584,(if([Process_flow_of_E_4523]==0,0,(([EG2_LP_to_C_4310]+[EG2_LP_to_E_4310])*([EG2_LP_steam_saturated_vapor_enthalpy]-[EG2_LP_steam_condensate_enthalpy])*[EG2_Stripping_status]/1000)/[Process_flow_of_E_4523])))",1
2011,3244,"min(1.5*10.820011,(if([Process_flow_of_C_2220_E_2220]==0,0,(([EG1_LP_to_E_2220]+[EG1_LP_to_C_2220])*([LP_steam_saturated_vapor_enthalpy]-[LP_steam_condensate_enthalpy])*[EG1_Regen_status]/1000)/[Process_flow_of_C_2220_E_2220])))",1
2012,3245,"min(1.5*8.721161,(if([Process_flow_of_C_4220_E_4220]==0,0,(([EG2_LP_to_E_4220]+[EG2_LP_to_C_4220])*([EG2_LP_steam_saturated_vapor_enthalpy]-[EG2_LP_steam_condensate_enthalpy])*[EG2_Regen_status]/1000)/[Process_flow_of_C_4220_E_4220])))",1
2013,3246,"min(1.5*3.949321,(if([Process_flow_of_E_6220]==0,0,([EG3_LP_to_E_6220]*([EG3_LP_steam_saturated_vapor_enthalpy]-[EG3_LP_steam_condensate_enthalpy])*[EG3_Regen_status]/1000)/[Process_flow_of_E_6220])))",1
2014,3248,[Process_flow_of_E_2523],1
2015,3252,[Process_flow_of_E_4523],1
2016,3256,[Process_flow_of_E_6531],1
2017,3258,[BFW_A_Motor_Status]*[BFW_Flow_Consumption]/[BFW_Drives_Running],1
2018,3259,[BFW_D_Motor_Status]*[BFW_Flow_Consumption]/[BFW_Drives_Running],1
2019,3260,[BFW_F_Motor_Status]*[BFW_Flow_Consumption]/[BFW_Drives_Running],1
2020,3261,[BFW_B_Turb_Status]*[BFW_Flow_Consumption]/[BFW_Drives_Running],1
2021,3262,[BFW_C_Turb_Status]*[BFW_Flow_Consumption]/[BFW_Drives_Running],1
2022,3263,[BFW_E_Turb_Status]*[BFW_Flow_Consumption]/[BFW_Drives_Running],1
2023,3264,[Total_CW_Demand]/[CW_Drives_Running]*[CW_Turbine_A_Status],1
2024,3265,[Total_CW_Demand]/[CW_Drives_Running]*[CW_Turbine_B_Status],1
2025,3266,[Total_CW_Demand]/[CW_Drives_Running]*[CW_Turbine_G_Status],1
2026,3268,[Process_flow_of_E_2523],1
2027,3269,[Process_flow_of_E_4523],1
2028,3275,([Process_flow_of_E_1102_1]*1.53+[Process_flow_of_E_1102_2]),1
2029,3276,"if((([BOILER_A_CBD]>0.012*[BLR_1_HPS_Gen]*1000) && ([BOILER_A_CONDUCTIVITY]<130) && ([BOILER_A_PH_ANALYZER]>9 && [BOILER_A_PH_ANALYZER]<11)),0.01*[BLR_1_HPS_Gen]*1000,[BOILER_A_CBD])",1
2030,3277,"if((([BOILER_B_CBD]>0.012*[BLR_2_HPS_Gen]*1000) && ([BOILER_B_CONDUCTIVITY]<130) && ([BOILER_B_PH_ANALYZER]>9&&[BOILER_B_PH_ANALYZER]<11)),0.01*[BLR_2_HPS_Gen]*1000,[BOILER_B_CBD])",1
2031,3278,"if((([BOILER_C_CBD]>0.012*[BLR_3_HPS_Gen]*1000) && ([BOILER_C_CONDUCTIVITY]<130) && ([BOILER_C_PH_ANALYZER]>9&&[BOILER_C_PH_ANALYZER]<11)),0.01*[BLR_3_HPS_Gen]*1000,[BOILER_C_CBD])",1
2032,3279,"if((([BOILER_D_CBD]>0.012*[BLR_4_HPS_Gen]*1000)&&([BOILER_D_CONDUCTIVITY]<130) &&([BOILER_D_PH_ANALYZER]>9&&[BOILER_D_PH_ANALYZER]<11)),0.01*[BLR_4_HPS_Gen]*1000,[BOILER_D_CBD])",1
2033,3280,"if((([BOILER_E_CBD]>0.012*[BLR_5_HPS_Gen]*1000)&&([BOILER_E_CONDUCTIVITY]<130) && ([BOILER_E_PH_ANALYZER]>9&&[BOILER_E_PH_ANALYZER]<11)),0.01*[BLR_5_HPS_Gen]*1000,[BOILER_E_CBD])",1
2034,3281,10,1
2035,3282,[CW_Turbine_A_Steam],1
2036,3283,[CW_Turbine_B_Steam],1
2037,3284,[CW_Turbine_G_Steam],1
2038,3292,[CWS_Return_Temperature]-[CW_Circuit_1_return_temp],1
2039,3293,[Total_CW_Demand]*4.184*[CW_Circuit_1_delta_Temp]/(3.6*1000),1
2040,3294,[CW_Circuit_2_return_temp]-[CW_Circuit_2_supply_temp],1
2041,3295,[CW_Demand_Header_2]*4.184*[CW_Circuit_2_delta_Temp]/(3.6*1000),1
2042,3296,[CW_Circuit_1_cooling_duty]+[CW_Circuit_2_cooling_duty],1
2043,3297,[Sea_water_return_temp]-[Sea_water_supply_2_temp],1
2044,3298,[Total_plant_cooling_duty]*(1000*3.6)/([Sea_CW_delta_Temp]*4.184),1
2045,3299,"if((abs(([AIR_COMPRESSOR_A_Vent_flow_actual]-[AIR_COMPRESSOR_A_Vent_flow_optimum])*[Air_KPI_doller_actual]))>0.5,([AIR_COMPRESSOR_A_Vent_flow_actual]-[AIR_COMPRESSOR_A_Vent_flow_optimum])*[Air_KPI_doller_actual],0)",1
2046,3300,"if((abs(([AIR_COMPRESSOR_B_Vent_flow_actual]-[AIR_COMPRESSOR_B_Vent_flow_optimum])*[Air_KPI_doller_actual]))>0.5,([AIR_COMPRESSOR_B_Vent_flow_actual]-[AIR_COMPRESSOR_B_Vent_flow_optimum])*[Air_KPI_doller_actual],0)",1
2047,3301,"if((abs(([AIR_COMPRESSOR_C_Vent_flow_actual]-[AIR_COMPRESSOR_C_Vent_flow_optimum])*[Air_KPI_doller_actual]))>0.5,([AIR_COMPRESSOR_C_Vent_flow_actual]-[AIR_COMPRESSOR_C_Vent_flow_optimum])*[Air_KPI_doller_actual],0)",1
2048,3302,"if((abs(([AIR_COMPRESSOR_D_Vent_flow_actual]-[AIR_COMPRESSOR_D_Vent_flow_optimum])*[Air_KPI_doller_actual]))>0.5,([AIR_COMPRESSOR_D_Vent_flow_actual]-[AIR_COMPRESSOR_D_Vent_flow_optimum])*[Air_KPI_doller_actual],0)",1
2049,3303,"if([BLR_1_Status]==0,0,([Spec_En_Cons_BLR_1_Opt]-[Spec_En_Cons_BLR_1])/[Spec_En_Cons_BLR_1_Opt])",1
2050,3304,"if([BLR_2_Status]==0,0,([Spec_En_Cons_BLR_2_Opt]-[Spec_En_Cons_BLR_2])/[Spec_En_Cons_BLR_2_Opt])",1
2051,3305,"if([BLR_3_Status]==0,0,([Spec_En_Cons_BLR_3_Opt]-[Spec_En_Cons_BLR_3])/[Spec_En_Cons_BLR_3_Opt])",1
2052,3306,"if([BLR_4_Status]==0,0,([Spec_En_Cons_BLR_4_Opt]-[Spec_En_Cons_BLR_4])/[Spec_En_Cons_BLR_4_Opt])",1
2053,3307,"if([BLR_5_Status]==0,0,([Spec_En_Cons_BLR_5_Opt]-[Spec_En_Cons_BLR_5])/[Spec_En_Cons_BLR_5_Opt])",1
2054,3314,0.82657517199999997,1
2055,3315,"if([EOEG1_Plant_Status]==0,0,([KM_2115_Dis_Temp]+273)/([EG1_K_2115_suc_temp]+273))",1
2056,3316,"if([EOEG1_Plant_Status]==0,0,([KM_2115_Dis_Pressure]*100+101.32)/([KM_2115_suc_Pressure]*100+101.32))",1
2057,3317,"if([EOEG1_Plant_Status]==0,0,(([EG1_K_2115_suc_temp]+273+[KM_2115_Dis_Temp]+273)/2))",1
2058,3318,1.2987,1
2059,3319,"if([EOEG1_Plant_Status]==1,((([K_Eq]-1)/[K_Eq])*(ln([EG1_pr_ratio])/ln([EG1_temp_ratio]))*100),0)",1
2060,3320,"if([EOEG2_Plant_Status]==0,0,(([KM_4115_Dis_Temp]+273)/([EG2_K_4115_suc_temp]+273)))",1
2061,3321,"if([EOEG2_Plant_Status]==0,0,(([KM_4115_Dis_Pressure]*100+101.32)/([EG2_K_4115_suc_presssure]*100+101.32)))",1
2062,3322,"if([EOEG2_Plant_Status]==0,0,(([EG2_K_4115_suc_temp]+273+[KM_4115_Dis_Temp]+273)/2))",1
2063,3323,"if([EOEG2_Plant_Status]==1,((([K_Eq]-1)/[K_Eq])*(ln([EG2_pr_ratio])/ln([EG2_temp_ratio]))*100),0)",1
2064,3324,"if([EOEG3_Plant_Status]==0,0,(([EG3_K_6115_Dis_temp]+273)/([EG3_K_6115_suc_temp]+273)))",1
2065,3325,"if([EOEG3_Plant_Status]==0,0,(([EG3_K_6115_Dis_presssure]*100+101.32)/([KM_6115_suc_Pressure]*100+101.32)))",1
2066,3326,"if([EOEG3_Plant_Status]==0,0,(([EG3_K_6115_suc_temp]+273+[EG3_K_6115_Dis_temp]+273)/2))",1
2068,3327,"if([EOEG3_Plant_Status]==1,((([K_Eq]-1)/[K_Eq])*(ln([EG3_pr_ratio])/ln([EG3_temp_ratio]))*100),0)",1
2069,3328,(([CW_Makeup_1]/1000+[CW_Makeup_2])*(0.06300+0.0037747162)*(1/3.75)),1
2070,3329,[Deaerator_A_LPS]+[Deaerator_B_LPS],1
2071,3330,[Deaerator_A_LPS]/[Deaerator_LPS],1
2072,3331,[Deaerator_B_LPS]/[Deaerator_LPS],1
2073,3332,1,1
2074,3333,"if([LAO_Plant_Status]==0,0,if(([FUEL_GAS_From_UO_to_LAO]-[FUEL_GAS_From_UO_to_LAO_Opt]>0.2),[FUEL_GAS_From_UO_to_LAO]-[FUEL_GAS_From_UO_to_LAO_Opt],0))*0",1
2075,3334,"if(missing(if([ETH_Plant_Status]==0,0,(([FUEL_GAS_From_UO_to_ETH]/[Total_Furnace_fuel])*([Total_Furnace_fuel]-[Total_Furnace_fuel_min])))),0,if([ETH_Plant_Status]==0,0,(([FUEL_GAS_From_UO_to_ETH]/[Total_Furnace_fuel])*([Total_Furnace_fuel]-[Total_Furnace_fuel_min]))))",1
2076,3335,"min([MEG_Column_Critical_Tray_EG1],[MEG_Column_Critical_Tray_EG1_peeo])",1
2077,3336,"min([Drying_Column_Critical_Tray_EG1],[Drying_Column_Critical_Tray_EG1_peeo])",1
2078,3337,"min([MEG_Column_Critical_Tray_EG2],[MEG_Column_Critical_Tray_EG2_peeo])",1
2079,3338,"min([Drying_Column_Critical_Tray_EG2],[Drying_Column_Critical_Tray_EG2_peeo])",1
2080,3339,"min([MEG_Column_Critical_Tray_EG3],[MEG_Column_Critical_Tray_EG3_peeo])",1
2081,3340,"if(missing([EOEG_1_MPS_Demand_delta]),0,[EOEG_1_MPS_Demand_delta])",1
2082,3341,"if(missing([EOEG_1_LPS_Demand_delta]),0,[EOEG_1_LPS_Demand_delta])",1
2083,3342,"if(missing([EOEG_2_MPS_Demand_delta]),0,[EOEG_2_MPS_Demand_delta])",1
2084,3343,"if(missing([EOEG_2_LPS_Demand_delta]),0,[EOEG_2_LPS_Demand_delta])",1
2085,3344,"if(missing([EOEG_3_MPS_Demand_delta]),0,[EOEG_3_MPS_Demand_delta])",1
2086,3345,"if(missing([EOEG_3_LPS_Demand_delta]),0,[EOEG_3_LPS_Demand_delta])",1
2087,3346,"if(missing([ETH_HPS_Demand_delta]),0,[ETH_HPS_Demand_delta])",0
2088,3347,[Total_Energy_Bill_actual]-[Total_Energy_Bill_optimum],1
2089,3348,0,1
2090,3356,"if(-0.0016*[CO2_Sale_flow]+61.883<0,0,-0.0016*[CO2_Sale_flow]+61.883)*[PK_5070_status]",1
2091,3357,"if([ASCV_Opening]-[ASCV_Optimum_Opening]>5,[ASCV_Opening]-[ASCV_Optimum_Opening],0)",1
2092,3358,[ASCV_Opening_Margin]*602.57,1
2093,3359,(-0.0000009*[K_5071_Dis_Flow]*[K_5071_Dis_Flow]+0.1129*[K_5071_Dis_Flow]-2016.4)/1000,1
2094,3360,(-0.0000009*([K_5071_Dis_Flow] - [K_5071_Flow_Reduction])^2 + 0.1129*([K_5071_Dis_Flow] - [K_5071_Flow_Reduction]) - 2016.4)/1000,0
2095,3361,"if((abs([Contribution_from_SEUs_actual]-[Contribution_from_SEUs_optimum]))>0.5,([Contribution_from_SEUs_actual]-[Contribution_from_SEUs_optimum]),0)",1
2096,3362,([Seawater_Blowdown_from_CT_7801]+[Seawater_Blowdown_from_CT_7802]),1
2097,3363,(0.06+0.0075)*[Sea_water_makeup_CW]*(1/3.75),1
2098,3364,[ETH_CLEAN_COND_TO_U_O]+[EG1_CLEAN_COND_TO_U_O]+[EG2_CLEAN_COND_TO_U_O]+[EG3_CLEAN_COND_TO_U_O]+[ETH_suspect_COND_TO_U_O]+[EG1_suspect_COND_TO_U_O]+[EG2_suspect_COND_TO_U_O]+[EG3_suspect_COND_TO_U_O],1
2099,3371,"if([BOILER_A_FLUE_GAS_OXGYGEN]-[BOILER_A_FLUE_GAS_OXGYGEN_peeo]>100,[BOILER_A_FLUE_GAS_OXGYGEN_peeo],[BOILER_A_FLUE_GAS_OXGYGEN])",1
2100,3372,"if([BOILER_B_FLUE_GAS_OXGYGEN]-[BOILER_B_FLUE_GAS_OXGYGEN_peeo]>100,[BOILER_B_FLUE_GAS_OXGYGEN_peeo],[BOILER_B_FLUE_GAS_OXGYGEN])",1
2101,3373,"if([BOILER_C_FLUE_GAS_OXGYGEN]-[BOILER_C_FLUE_GAS_OXGYGEN_peeo]>100,[BOILER_C_FLUE_GAS_OXGYGEN_peeo],[BOILER_C_FLUE_GAS_OXGYGEN])",1
2102,3374,"if([BOILER_D_FLUE_GAS_OXGYGEN]-[BOILER_D_FLUE_GAS_OXGYGEN_peeo]>100,[BOILER_D_FLUE_GAS_OXGYGEN_peeo],[BOILER_D_FLUE_GAS_OXGYGEN])",1
2103,3375,[BOILER_E_FLUE_GAS_OXGYGEN_peeo],1
2104,3376,[BOILER_A_STACK_TEMPERATURE_peeo],0
2105,3377,[BOILER_B_STACK_TEMPERATURE_peeo],0
2106,3378,[BOILER_C_STACK_TEMPERATURE_peeo],0
2107,3379,[BOILER_D_STACK_TEMPERATURE_peeo],0
2108,3380,[BOILER_E_STACK_TEMPERATURE_peeo],0
2109,3385,[CO2_Load_raw],1
2110,3386,(-0.0037)*[K_5021_suc_temp]+1.3952,1
2111,3387,[K_5021_Dis_pressure]/[K_5021_suc_pressure],1
2112,3388,([K_5021_Dis_temp]+273)/([K_5021_suc_temp]+273),1
2113,3389,"if([PK_5020_status]==1,ln([Presssure_Ratio_5021])/ln([Temp_Ratio_5021]),0)",1
2114,3390,78*[Short_Eff_5021]/30.92,1
2115,3391,390.255922864159+([Optium_Temp_Ratio_5021]*(-261.249053327171)+0.0149913576886305*[Presssure_Ratio_5021]),1
2116,3392,"if([K_5021_Dis_Flow]>55000,-0.000005*[K_5021_Dis_Flow]*[K_5021_Dis_Flow]+0.5781*[K_5021_Dis_Flow]-13201,-0.000009*[K_5021_Dis_Flow]*[K_5021_Dis_Flow]+0.9659*[K_5021_Dis_Flow]-21778)",1
2117,3393,[Theoritical_Power_Consumption_5021]*(1+0.78-[Optimum_Eff_5021]/100)/1000,1
2118,3394,[Actual_Power_Consumption_5021]*(1-([Optimum_Eff_5021]-[scaled_eff_5021])/100),0
2119,3395,(-0.0000009*([K_5071_Dis_Flow]-[K_5071_Flow_Reduction])^2+0.1129*([K_5071_Dis_Flow]-[K_5071_Flow_Reduction])-2016.4)/1000*[PK_5070_status],1
2120,3396,[Actual_Power_Consumption_5021]*(1-([Optimum_Eff_5021]-[scaled_eff_5021])/100)*[PK_5020_status],1
2121,3397,[Total_Energy_Bill]+[Fuel_Consumption_Plants]*[LHV]*[Fuel_Rate]+[Power_Consumption_Plants]*3.6*[Power_Rate],1
2122,3398,([Total_Power_for_Drives]+[Power_Consumption_Plant_U_O])*3.6*[Power_Rate]+([Total_Fuel_for_Boilers]+[Fuel_Consumption_Plants_U_O])*([LHV])*[Fuel_Rate]+[DMW_Makeup]*[DMW_Rate],1
2123,3399,[Total_BLR_HPS_Generation]*0.01*0.21,1
2124,3400,[Eth_LHV]*4.184/1000,1
2125,3401,[Process_flow_of_E_2523_peeo],1
2126,3402,[Process_flow_of_E_2610_peeo],1
2127,3403,[Process_flow_of_E_2620_peeo],1
2128,3404,[Process_flow_of_E_4523_peeo],1
2129,3405,[Process_flow_of_E_4610_peeo],1
2130,3406,[Process_flow_of_E_4620_peeo],1
2131,3407,[Process_flow_of_E_6531_peeo],1
2132,3408,[Process_flow_of_C_2220_E_2220_peeo],1
2133,3409,[Process_flow_of_C_4220_E_4220_peeo],1
2134,3410,[Process_flow_of_E_6220_peeo],1
2135,4042,1,1
2136,3424,120.004,1
2137,3425,50.026000000000003,1
2138,3426,0,1
2139,3427,47.177999999999997,1
2140,3428,47.497,1
2141,3429,46.362000000000002,1
2142,3430,45.613,1
2143,3431,45.75,1
2144,3432,45.36,1
2145,3433,45.241,1
2146,3434,2.016,1
2147,3435,16.04,1
2148,3436,28.050999999999998,1
2149,3437,30.07,1
2150,3438,44.09,1
2151,3439,58.12,1
2152,3440,72.150000000000006,1
2153,3441,28.015999999999998,1
2154,3442,6.96,1
2155,3443,6.96,1
2156,3444,6.96,1
2157,3445,6.96,1
2158,3446,6.96,1
2159,3447,(8.22+0.00015*([BOILER_B_STACK_TEMPERATURE]+273.15)+0.00000134*(([BOILER_B_STACK_TEMPERATURE]+273.15)^2))/18.015,1
2160,3448,"if(abs([Relative_Humidity])<1&&abs([Relative_Humidity])>0,abs([Relative_Humidity]),0.6)",1
2161,3449,[BLR_1_HPS_Gen],1
2162,3450,[BLR_1_Status],1
2163,3451,"if(missing([Arrazi_Plant_Load]),0,[Arrazi_Plant_Load])",1
2164,3452,"if([Arrazi_Plant_Load_1]<70,0,1)",1
2165,3453,"if([Arrazi_Plant_Status]==1,[BOILER_FG_N2_CONCENTRATION_ARRAZI],10.236)",1
2166,3454,"if([Arrazi_Plant_Status]==1,[BOILER_FG_CH4_CONCENTRATION_ARRAZI],87.548)",1
2167,3455,"if([Arrazi_Plant_Status]==1,[BOILER_FG_ETHANE_CONCENTRATION_ARRAZI],1.569)",1
2168,3456,"if([Arrazi_Plant_Status]==1,[BOILER_FG_PROPANE_CONCENTRATION_ARRAZI],0.343)",1
2169,3457,"if([Arrazi_Plant_Status]==1,[BOILER_FG_NC4_CONCENTRATION_ARRAZI],0.115)",1
2170,3458,"if([Arrazi_Plant_Status]==1,[BOILER_FG_IC4_CONCENTRATION_ARRAZI],0.097)",1
2171,3459,"if([Arrazi_Plant_Status]==1,[BOILER_FG_NC5_CONCENTRATION_ARRAZI],0.001)",1
2172,3460,"if([Arrazi_Plant_Status]==1,[BOILER_FG_IC5_CONCENTRATION_ARRAZI],0.033)",1
2173,3461,"if([Arrazi_Plant_Status]==1,0,0)",1
2174,3462,([Boiler_Fg_Hydrogen_Concentration]+[Boiler_Fg_Ch4_Concentration]+[Boiler_Fg_Ethane_Concentration]+[Boiler_Fg_Ethylene_Concentration]+[Boiler_Fg_Propane_Concentration]+[Boiler_Fg_Nc4_Concentration]+[Boiler_Fg_Ic4_Concentration]+[Boiler_Fg_Nc5_Concentration]+[Boiler_Fg_Ic5_Concentration]+[Boiler_Fg_N2_Concentration]),1
2175,3463,[Boiler_Fg_Ch4_Concentration]/[Boiler_A_Fuel_Composition_Total]*100,1
2176,3464,100*([Boiler_Fg_Ethane_Concentration]/[Boiler_A_Fuel_Composition_Total]),1
2177,3465,([Boiler_Fg_Ethylene_Concentration]/[Boiler_A_Fuel_Composition_Total])*100,1
2178,3466,100*([Boiler_Fg_Propane_Concentration]/[Boiler_A_Fuel_Composition_Total]),1
2179,3467,100*([Boiler_Fg_Ic4_Concentration]/[Boiler_A_Fuel_Composition_Total]),1
2180,3468,100*([Boiler_Fg_Nc4_Concentration]/[Boiler_A_Fuel_Composition_Total]),1
2181,3469,100*([Boiler_Fg_Nc5_Concentration]/[Boiler_A_Fuel_Composition_Total]),1
2182,3470,100*([Boiler_Fg_Ic5_Concentration]/[Boiler_A_Fuel_Composition_Total]),1
2183,3471,[Boiler_Fg_N2_Concentration]/[Boiler_A_Fuel_Composition_Total]*100,1
2184,3472,100*([Boiler_Fg_Hydrogen_Concentration]/[Boiler_A_Fuel_Composition_Total]),1
2185,3473,([Normalized_Boiler_A_Fg_Hydrogen_Concentration]*[Component_Hydrogen_Mw]+[Normalized_Boiler_A_Fg_Ch4_Concentration]*[Component_Methane_Mw]+[Normalized_Boiler_A_Fg_Ethane_Concentration]*[Component_Ethane_Mw]+[Normalized_Boiler_A_Fg_Ethylene_Concentration]*[Component_Ethylene_Mw]+[Normalized_Boiler_A_Fg_Propane_Concentration]*[Component_Propane_Mw]+[Normalized_Boiler_A_Fg_Nc4_Concentration]*[Component_Butane_Mw]+[Normalized_Boiler_A_Fg_Ic4_Concentration]*[Component_Butane_Mw]+[Normalized_Boiler_A_Fg_Nc5_Concentration]*[Component_Pentane_Mw]+[Normalized_Boiler_A_Fg_Ic5_Concentration]*[Component_Pentane_Mw]+[Normalized_Boiler_A_Fg_N2_Concentration]*[Component_Nitrogen_Mw])/100,1
2186,3474,[Normalized_Boiler_A_Fg_Ch4_Concentration]*[Component_Methane_Mw]/[Boiler_A_Fg_Mw],1
2187,3475,[Normalized_Boiler_A_Fg_Ethane_Concentration]*[Component_Ethane_Mw]/[Boiler_A_Fg_Mw],1
2188,3476,[Normalized_Boiler_A_Fg_Ethylene_Concentration]*[Component_Ethylene_Mw]/[Boiler_A_Fg_Mw],1
2189,3477,[Normalized_Boiler_A_Fg_Propane_Concentration]*[Component_Propane_Mw]/[Boiler_A_Fg_Mw],1
2190,3478,[Normalized_Boiler_A_Fg_N2_Concentration]*[Component_Nitrogen_Mw]/[Boiler_A_Fg_Mw],1
2191,3479,[Normalized_Boiler_A_Fg_Hydrogen_Concentration]*[Component_Hydrogen_Mw]/[Boiler_A_Fg_Mw],1
2192,3480,[Normalized_Boiler_A_Fg_Ic4_Concentration]*[Component_Butane_Mw]/[Boiler_A_Fg_Mw],1
2193,3481,[Normalized_Boiler_A_Fg_Nc4_Concentration]*[Component_Butane_Mw]/[Boiler_A_Fg_Mw],1
2194,3482,[Normalized_Boiler_A_Fg_Nc5_Concentration]*[Component_Pentane_Mw]/[Boiler_A_Fg_Mw],1
2195,3483,[Normalized_Boiler_A_Fg_Ic5_Concentration]*[Component_Pentane_Mw]/[Boiler_A_Fg_Mw],1
2196,3484,[Boiler_A_Fg_Hydrogen_Mass_Percentage]+[Boiler_A_Fg_Ch4_Mass_Percentage]+[Boiler_A_Fg_Ethane_Mass_Percentage]+[Boiler_A_Fg_Ethylene_Mass_Percentage]+[Boiler_A_Fg_Propane_Mass_Percentage]+[Boiler_A_Fg_Nc4_Mass_Percentage]+[Boiler_A_Fg_Ic4_Mass_Percentage]+[Boiler_A_Fg_Nc5_Mass_Percentage]+[Boiler_A_Fg_Ic5_Mass_Percentage]+[Boiler_A_Fg_Nitrogen_Mass_Percentage],1
2197,3485,[Boiler_A_Fg_Ch4_Mass_Percentage]/[Total_Fuel_Compostion_Mass],1
2198,3486,[Boiler_A_Fg_Ethane_Mass_Percentage]/[Total_Fuel_Compostion_Mass],1
2199,3487,[Boiler_A_Fg_Ethylene_Mass_Percentage]/[Total_Fuel_Compostion_Mass],1
2200,3488,[Boiler_A_Fg_Propane_Mass_Percentage]/[Total_Fuel_Compostion_Mass],1
2201,3489,[Boiler_A_Fg_Nitrogen_Mass_Percentage]/[Total_Fuel_Compostion_Mass],1
2202,3490,[Boiler_A_Fg_Hydrogen_Mass_Percentage]/[Total_Fuel_Compostion_Mass],1
2203,3491,[Boiler_A_Fg_Ic4_Mass_Percentage]/[Total_Fuel_Compostion_Mass],1
2204,3492,[Boiler_A_Fg_Nc4_Mass_Percentage]/[Total_Fuel_Compostion_Mass],1
2205,3493,[Boiler_A_Fg_Nc5_Mass_Percentage]/[Total_Fuel_Compostion_Mass],1
2206,3494,[Boiler_A_Fg_Ic5_Mass_Percentage]/[Total_Fuel_Compostion_Mass],1
2207,3495,([Boiler_A_Fg_Hydrogen_Mass_Fraction]*[Lhv_H2_Hydrogen]+[Boiler_A_Fg_Ch4_Mass_Fraction]*[Lhv_Ch4_Methane]+[Boiler_A_Fg_Nitrogen_Mass_Fraction]*[Lhv_N2_Nitrogen]+[Boiler_A_Fg_Ethylene_Mass_Fraction]*[Lhv_C2H4_Ethylene]+[Boiler_A_Fg_Ethane_Mass_Fraction]*[Lhv_C2H6_Ethane]+[Boiler_A_Fg_Propane_Mass_Fraction]*[Lhv_C3H8_Propane]+[Boiler_A_Fg_Ic4_Mass_Fraction]*[Lhv_Ic4]+[Boiler_A_Fg_Nc4_Mass_Fraction]*[Lhv_Nc4]+[Boiler_A_Fg_Nc5_Mass_Fraction]*[Lhv_Nc5]+[Boiler_A_Fg_Ic5_Mass_Fraction]*[Lhv_Ic5])*239,1
2208,3496,[Boiler_A_Fg_Hydrogen_Mass_Fraction]*34.344,1
2209,3497,[Boiler_A_Fg_Ch4_Mass_Fraction]*17.265,1
2210,3498,[Boiler_A_Fg_Ethane_Mass_Fraction]*16.119,1
2211,3499,[Boiler_A_Fg_Ethylene_Mass_Fraction]*14.807,1
2212,3500,[Boiler_A_Fg_Propane_Mass_Fraction]*15.703,1
2213,3501,[Boiler_A_Fg_Nc4_Mass_Fraction]*15.487,1
2214,3502,[Boiler_A_Fg_Ic4_Mass_Fraction]*15.487,1
2215,3503,[Boiler_A_Fg_Nc5_Mass_Fraction]*15.353,1
2216,3504,[Boiler_A_Fg_Ic5_Mass_Fraction]*15.353,1
2217,3505,[Boiler_A_Fg_Ch4_Mass_Fraction]*2.744,1
2218,3506,[Boiler_A_Fg_Ethane_Mass_Fraction]*2.927,1
2219,3507,[Boiler_A_Fg_Ethylene_Mass_Fraction]*3.138,1
2220,3508,[Boiler_A_Fg_Propane_Mass_Fraction]*2.994,1
2221,3509,[Boiler_A_Fg_Nc4_Mass_Fraction]*3.029,1
2222,3510,[Boiler_A_Fg_Ic4_Mass_Fraction]*3.029,1
2223,3511,[Boiler_A_Fg_Nc5_Mass_Fraction]*3.05,1
2224,3512,[Boiler_A_Fg_Ic5_Mass_Fraction]*3.05,1
2225,3513,[Boiler_A_Fg_Hydrogen_Mass_Fraction]*26.407,1
2226,3514,[Boiler_A_Fg_Ch4_Mass_Fraction]*13.275,1
2227,3515,[Boiler_A_Fg_Ethane_Mass_Fraction]*12.394,1
2228,3516,[Boiler_A_Fg_Ethylene_Mass_Fraction]*11.385,1
2229,3517,[Boiler_A_Fg_Propane_Mass_Fraction]*12.074,1
2230,3518,[Boiler_A_Fg_Ic4_Mass_Fraction]*11.908,1
2231,3519,[Boiler_A_Fg_Nc4_Mass_Fraction]*11.908,1
2232,3520,[Boiler_A_Fg_Ic5_Mass_Fraction]*11.805,1
2233,3521,[Boiler_A_Fg_Nc5_Mass_Fraction]*11.805,1
2234,3522,[Boiler_A_Fg_Hydrogen_Mass_Fraction]*8.937,1
2235,3523,[Boiler_A_Fg_Ch4_Mass_Fraction]*2.246,1
2236,3524,[Boiler_A_Fg_Ethane_Mass_Fraction]*1.798,1
2237,3525,[Boiler_A_Fg_Ethylene_Mass_Fraction]*1.285,1
2238,3526,[Boiler_A_Fg_Propane_Mass_Fraction]*1.634,1
2239,3527,[Boiler_A_Fg_Nc4_Mass_Fraction]*1.55,1
2240,3528,[Boiler_A_Fg_Ic4_Mass_Fraction]*1.55,1
2241,3529,[Boiler_A_Fg_Ic5_Mass_Fraction]*1.498,1
2242,3530,[Boiler_A_Fg_Nc5_Mass_Fraction]*1.498,1
2243,3531,[Boiler_A_Air_Required_For_H2_Combustion]+[Boiler_A_Air_Required_For_Ch4_Combustion]+[Boiler_A_Air_Required_For_Ethane_Combustion]+[Boiler_A_Air_Required_For_Ethylene_Combustion]+[Boiler_A_Air_Required_For_Propane_Combustion]+[Boiler_A_Air_Required_For_Nc4_Combustion]+[Boiler_A_Air_Required_For_Ic4_Combustion]+[Boiler_A_Air_Required_For_Nc5_Combustion]+[Boiler_A_Air_Required_For_Ic5_Combustion],1
2244,3532,[Boiler_A_Ch4_Co2_Combustion]+[Boiler_A_Ethane_Co2_Combustion]+[Boiler_A_Ethylene_Co2_Combustion]+[Boiler_A_Propane_Co2_Combustion]+[Boiler_A_Nc4_Co2_Combustion]+[Boiler_A_Ic4_Co2_Combustion]+[Boiler_A_Nc5_Co2_Combustion]+[Boiler_A_Ic5_Co2_Combustion],1
2245,3533,[Boiler_A_H2_N2_Combustion]+[Boiler_A_Ch4_N2_Combustion]+[Boiler_A_Ethane_N2_Combustion]+[Boiler_A_Ethylene_N2_Combustion]+[Boiler_A_Propane_N2_Combustion]+[Boiler_A_Ic4_N2_Combustion]+[Boiler_A_Nc4_N2_Combustion]+[Boiler_A_Ic5_N2_Combustion]+[Boiler_A_Nc5_N2_Combustion],1
2246,3534,[Boiler_A_H2_H2O_Combustion]+[Boiler_A_Ch4_H2O_Combustion]+[Boiler_A_Ethane_H2O_Combustion]+[Boiler_A_Ethylene_H2O_Combustion]+[Boiler_A_Propane_H2O_Combustion]+[Boiler_A_Ic4_H2O_Combustion]+[Boiler_A_Nc4_H2O_Combustion]+[Boiler_A_Ic5_H2O_Combustion]+[Boiler_A_Nc5_H2O_Combustion],1
2247,3535,10^(8.07131-(1730.63/(233.426+([Ambient_Temperature_1])))),1
2248,3536,[Boiler_A_Vapour_Pressure_Of_H2O]/(760-[Boiler_A_Vapour_Pressure_Of_H2O]*[Relative_Humidity_Clean])*[Relative_Humidity_Clean]*18.015/28.96,1
2249,3537,[Boiler_A_Air_Required_For_Complete_Combustion]/(1-[Boiler_A_Air_Moisture]),1
2250,3538,[Boiler_A_H2O_Formed]+([Boiler_A_Corrected_Combustion_Air]-[Boiler_A_Air_Required_For_Complete_Combustion]),1
2251,3539,((28.96*[BOILER_A_FLUE_GAS_OXGYGEN])*(([Boiler_A_N2_Formed]/28.01)+([Boiler_A_Corrected_Combution_H2O_Formed]/18.015)+([Boiler_A_Co2_Formed]/44.01))/(20.95-[BOILER_A_FLUE_GAS_OXGYGEN])),1
2252,3540,[Boiler_A_Excess_Air]+[Boiler_A_Corrected_Combustion_Air],1
2253,3541,[Boiler_A_Air_Fuel_Mass_Ratio]*[Boiler_A_Air_Moisture],1
2254,3542,[Boiler_A_Total_Moisture_With_Air]+[Boiler_A_H2O_Formed],1
2255,3543,(((28.98641)+1.85398*(([Boiler_A_Combustion_Air_Temperature]+273.15)/1000)-9.647459*(([Boiler_A_Combustion_Air_Temperature]+273.15)/1000)^2+16.63537*(([Boiler_A_Combustion_Air_Temperature]+273.15)/1000)^3+(0.000117/(([Boiler_A_Combustion_Air_Temperature]+273.15)/1000)^2))*0.239*0.79)+(((31.32234)-20.23531*(([Boiler_A_Combustion_Air_Temperature]+273.15)/1000)+57.86644*(([Boiler_A_Combustion_Air_Temperature]+273.15)/1000)^2-36.50624*(([Boiler_A_Combustion_Air_Temperature]+273.15)/1000)^3+(-0.007374/(([Boiler_A_Combustion_Air_Temperature]+273.15)/1000)^2))*0.239*0.21),1
2256,3544,(([Boiler_A_Air_Cp_Ref_T]+[Boiler_A_Cp_At_Combustion_Temperature])/2)/28.96,1
2257,3545,((33.066178)-11.363417*(([Boiler_A_Main_Fuel_Gas_Temperature]+273.15)/1000)+11.432816*(([Boiler_A_Main_Fuel_Gas_Temperature]+273.15)/1000)^2-2.772874*(([Boiler_A_Main_Fuel_Gas_Temperature]+273.15)/1000)^3+(-0.158558/(([Boiler_A_Main_Fuel_Gas_Temperature]+273.15)/1000)^2))*0.239,1
2258,3546,((-0.703029)+108.4773*(([Boiler_A_Main_Fuel_Gas_Temperature]+273.15)/1000)-42.52157*(([Boiler_A_Main_Fuel_Gas_Temperature]+273.15)/1000)^2+5.862788*(([Boiler_A_Main_Fuel_Gas_Temperature]+273.15)/1000)^3+(0.678565/(([Boiler_A_Main_Fuel_Gas_Temperature]+273.15)/1000)^2))*0.239,1
2259,3547,(6.08160993967773+173.58246031667*(([Boiler_A_Main_Fuel_Gas_Temperature]+273.15)/1000)-66.9190547406319*(([Boiler_A_Main_Fuel_Gas_Temperature]+273.15)/1000)^2+9.08912024736972*(([Boiler_A_Main_Fuel_Gas_Temperature]+273.15)/1000)^3+(0.129136456966982/(([Boiler_A_Main_Fuel_Gas_Temperature]+273.15)/1000)^2))*0.239,1
2260,3548,(12.6608072783283+232.070245794953*(([Boiler_A_Main_Fuel_Gas_Temperature]+273.15)/1000)-70.3446118121155*(([Boiler_A_Main_Fuel_Gas_Temperature]+273.15)/1000)^2+0.60714221002859*(([Boiler_A_Main_Fuel_Gas_Temperature]+273.15)/1000)^3+(0.0269571781100411/(([Boiler_A_Main_Fuel_Gas_Temperature]+273.15)/1000)^2))*0.239,1
2261,3549,(-6.38788+184.4019*(([Boiler_A_Main_Fuel_Gas_Temperature]+273.15)/1000)-112.9718*(([Boiler_A_Main_Fuel_Gas_Temperature]+273.15)/1000)^2+28.49593*(([Boiler_A_Main_Fuel_Gas_Temperature]+273.15)/1000)^3+0.31554/(([Boiler_A_Main_Fuel_Gas_Temperature]+273.15)/1000)^2)*0.239,1
2262,3550,(22.1581076705715+292.589410831127*(([Boiler_A_Main_Fuel_Gas_Temperature]+273.15)/1000)-85.8165101864775*(([Boiler_A_Main_Fuel_Gas_Temperature]+273.15)/1000)^2-1.01394039648879*(([Boiler_A_Main_Fuel_Gas_Temperature]+273.15)/1000)^3+(0.00634969201331822/(([Boiler_A_Main_Fuel_Gas_Temperature]+273.15)/1000)^2))*0.239,1
2263,3551,(8.32665517242186+344.923323425655*(([Boiler_A_Main_Fuel_Gas_Temperature]+273.15)/1000)--141.649866470373*(([Boiler_A_Main_Fuel_Gas_Temperature]+273.15)/1000)^2-17.402696038734*(([Boiler_A_Main_Fuel_Gas_Temperature]+273.15)/1000)^3+(0.0260047492494904/(([Boiler_A_Main_Fuel_Gas_Temperature]+273.15)/1000)^2))*0.239,1
2264,3552,(-36.7350853904756+580.375772029461*(([Boiler_A_Main_Fuel_Gas_Temperature]+273.15)/1000)-341.586537384626*(([Boiler_A_Main_Fuel_Gas_Temperature]+273.15)/1000)^2-78.4996542134237*(([Boiler_A_Main_Fuel_Gas_Temperature]+273.15)/1000)^3+(1.08616950221781/(([Boiler_A_Main_Fuel_Gas_Temperature]+273.15)/1000)^2))*0.239,1
2265,3553,(-16.1426869390769+517.363683637786*(([Boiler_A_Main_Fuel_Gas_Temperature]+273.15)/1000)-271.314078126683*(([Boiler_A_Main_Fuel_Gas_Temperature]+273.15)/1000)^2-56.1566185580689*(([Boiler_A_Main_Fuel_Gas_Temperature]+273.15)/1000)^3+(0.317133464208019/(([Boiler_A_Main_Fuel_Gas_Temperature]+273.15)/1000)^2))*0.239,1
2266,3554,(([Boiler_A_Fg_Hydrogen_Mass_Fraction]/[Component_Hydrogen_Mw])*6.876+[Boiler_A_Fg_Ch4_Mass_Fraction]/[Component_Methane_Mw]*8.45+([Boiler_A_Fg_Ethylene_Mass_Fraction]/[Component_Ethylene_Mw])*10.02+([Boiler_A_Fg_Ethane_Mass_Fraction]/[Component_Ethane_Mw])*12.52+([Boiler_A_Fg_Propane_Mass_Fraction]/[Component_Propane_Mw]*17.72+([Boiler_A_Fg_Nc4_Mass_Fraction]/[Component_Butane_Mw]*23.79)+([Boiler_A_Fg_Nc5_Mass_Fraction]/[Component_Pentane_Mw]*38.26+[Boiler_A_Fg_Ic4_Mass_Fraction]/[Component_Butane_Mw]*23.79+[Boiler_A_Fg_Ic5_Mass_Fraction]/[Component_Pentane_Mw]*38.26)))*[Boiler_A_Fg_Mw],1
2267,3555,(([Boiler_A_Fg_Hydrogen_Mass_Fraction]/[Component_Hydrogen_Mw])*[Boiler_A_Cp_H2_Fuel_Temp]+[Boiler_A_Fg_Ch4_Mass_Fraction]/[Component_Methane_Mw]*[Boiler_A_Cp_Ch4_Fuel_Temp]+([Boiler_A_Fg_Ethylene_Mass_Fraction]/[Component_Ethylene_Mw])*[Boiler_A_Cp_Ethylene_Fuel_Temp]+([Boiler_A_Fg_Ethane_Mass_Fraction]/[Component_Ethane_Mw])*[Boiler_A_Cp_Ethane_Fuel_Temp]+([Boiler_A_Fg_Propane_Mass_Fraction]/[Component_Propane_Mw]*[Boiler_A_Cp_Propane_Fuel_Temp]+([Boiler_A_Fg_Nc4_Mass_Fraction]/[Component_Butane_Mw]*[Boiler_A_Cp_Nc4_Fuel_Temp])+([Boiler_A_Fg_Nc5_Mass_Fraction]/[Component_Pentane_Mw]*[Boiler_A_Cp_Nc5_Fuel_Temp]+[Boiler_A_Fg_Ic4_Mass_Fraction]/[Boiler_A_Cp_Ic4_Fuel_Temp]*[Component_Butane_Mw]+[Boiler_A_Fg_Ic5_Mass_Fraction]/[Component_Pentane_Mw]*[Boiler_A_Cp_Ic5_Fuel_Temp])))*[Boiler_A_Fg_Mw],1
2268,3556,(([Boiler_A_Cp_Total_Fuel_At_Ref_Temp]+[Boiler_A_Cp_Total_Fuel_At_Fuel_Temp])/[Boiler_A_Fg_Mw])/2,1
2269,3557,[Boiler_A_Excess_Air]*(1-[Boiler_A_Air_Moisture])+[Boiler_A_N2_Formed]+[Boiler_A_Co2_Formed],1
2270,3558,[Boiler_A_Dry_Flue_Gas_Per_Fuel_Mass_Ratio]+[Boiler_A_Total_H2O_Per_Kg_Of_Fuel],1
2271,3559,[Boiler_A_Flue_Gas_Per_Fuel_Mass_Ratio]/([Boiler_A_Co2_Formed]/44.01+[Boiler_A_Total_H2O_Per_Kg_Of_Fuel]/18.015+[Boiler_A_N2_Formed]/28.01+[Boiler_A_Excess_Air]/28.96),1
2272,3560,(((28.98641)+1.85398*(([BOILER_A_STACK_TEMPERATURE]+273.15)/1000)-9.647459*(([BOILER_A_STACK_TEMPERATURE]+273.15)/1000)^2+16.63537*(([BOILER_A_STACK_TEMPERATURE]+273.15)/1000)^3+(0.000117/(([BOILER_A_STACK_TEMPERATURE]+273.15)/1000)^2))*0.239*0.79)+(((31.32234)-20.23531*(([BOILER_A_STACK_TEMPERATURE]+273.15)/1000)+57.86644*(([BOILER_A_STACK_TEMPERATURE]+273.15)/1000)^2-36.50624*(([BOILER_A_STACK_TEMPERATURE]+273.15)/1000)^3+(-0.007374/(([BOILER_A_STACK_TEMPERATURE]+273.15)/1000)^2))*0.239*0.21),1
2273,3561,((24.99735)+55.18696*(([BOILER_A_STACK_TEMPERATURE]+273.15)/1000)-33.69137*(([BOILER_A_STACK_TEMPERATURE]+273.15)/1000)^2+7.948387*(([BOILER_A_STACK_TEMPERATURE]+273.15)/1000)^3+(-0.136638/(([BOILER_A_STACK_TEMPERATURE]+273.15)/1000)^2))*0.239,1
2274,3562,((28.98641)+1.85398*(([BOILER_A_STACK_TEMPERATURE]+273.15)/1000)-9.647459*(([BOILER_A_STACK_TEMPERATURE]+273.15)/1000)^2+16.63537*(([BOILER_A_STACK_TEMPERATURE]+273.15)/1000)^3+(0.000117/(([BOILER_A_STACK_TEMPERATURE]+273.15)/1000)^2))*0.239,1
2275,3563,([Boiler_A_Cp_Flue_Gas_Co2_At_Stack_Temp]*[Boiler_A_Co2_Formed]/44.01+[Boiler_A_Cp_Flue_Gas_N2_At_Stack_Temp]*[Boiler_A_N2_Formed]/28.01+[Boiler_A_Excess_Air]/28.85*[Boiler_A_Cp_Of_Air_At_Stack_Temp])/([Boiler_A_Flue_Gas_Per_Fuel_Mass_Ratio]/[Boiler_A_Flue_Gas_Mw])/[Boiler_A_Flue_Gas_Mw],1
2276,3564,(8.22+0.00015*([BOILER_A_STACK_TEMPERATURE]+273.15)+0.00000134*(([BOILER_A_STACK_TEMPERATURE]+273.15)^2))/18.015,1
2277,3565,"if([Boiler_A_Avg_Cp_Of_Fuel_Gas_Sensible_Heat_Corrected]*([Boiler_A_Main_Fuel_Gas_Temperature]-15.6)<0,0,[Boiler_A_Avg_Cp_Of_Fuel_Gas_Sensible_Heat_Corrected]*([Boiler_A_Main_Fuel_Gas_Temperature]-15.6))",1
2278,3566,[Boiler_A_Air_Cp_For_Sensible_Heat_Corrected]*([Boiler_A_Combustion_Air_Temperature]-15.6)*[Boiler_A_Air_Fuel_Mass_Ratio],1
2279,3567,([Boiler_Lhv]),1
2280,3568,"if([Boiler_A_Status]==0,0,[Boiler_A_Sensible_Heat_Correction_For_Fuel]+[Boiler_A_Sensbile_Heat_Correction_For_Air]+[Boiler_A_Mixed_Lhv_Per_Kg])",1
2281,3569,"if([Boiler_A_Status]==0,0,[Boiler_A_Dry_Flue_Gas_Per_Fuel_Mass_Ratio]*([Boiler_A_Avg_Cp_Of_Flue_Gas_At_Stack_Temp]*([BOILER_A_STACK_TEMPERATURE]-15.6)))",1
2282,3570,"if([Boiler_A_Status]==0,0,9*[Boiler_A_Fg_Hydrogen_Mass_Fraction]*(584+[Boiler_A_Cp_Of_H2O_At_Stack_Temp]*([BOILER_A_STACK_TEMPERATURE]-[Ambient_Temperature_1])))",1
2283,3571,"if([Boiler_A_Status]==0,0,[Boiler_A_Total_H2O_Per_Kg_Of_Fuel]*([BOILER_A_STACK_TEMPERATURE]*1.77251246754294+2494.5133413964-2529.43)/4.184)",1
2284,3572,"if([Boiler_A_Status]==0,0,0*10^-6*28*5654*[Boiler_A_Boiler_Load])",1
2285,3573,"if([Boiler_A_Status]==0,0,[Boiler_A_Heat_Loss_Due_To_Incomplete_Combustionl4]+[Boiler_A_Heat_Loss_Due_To_H2O_In_Stack_L3]+[Boiler_A_Heat_Loss_Due_To_Dry_Flue_Gas_L1]+[Boiler_A_Heat_Loss_Due_To_Evaporation_Of_Water_Formed_Due_To_H2_In_Fuel_L2])",1
2286,3574,"if([Boiler_A_Status]==0,0,[Boiler_A_Mixed_Lhv_Per_Kg]*(-0.000004*[Boiler_A_Boiler_Load]^3+0.001*[Boiler_A_Boiler_Load]^2-0.0899*[Boiler_A_Boiler_Load]+3.2426)/100)",1
2287,3575,"if([Boiler_A_Status]==0,0,[Boiler_A_Total_Boiler_Stack_Loss_Per_Kg_Fuel]+[Boiler_A_Radiation_Losses])",1
2288,3576,"if([Boiler_A_Status]==0,0,[Boiler_A_Total_Heat_Input_Per_Kg_Of_Fuel]-[Boiler_A_Total_Heat_Loss_Per_Kg_Of_Fuel])",1
2289,3577,"max(92,if([Boiler_A_Status]==0,0,[Boiler_A_Total_Heat_Absorbed_Per_Kg_Of_Fuel]/[Boiler_A_Total_Heat_Input_Per_Kg_Of_Fuel]*100))",1
2290,3578,[BLR_2_HPS_Gen],1
2291,3579,[BLR_2_Status],1
2292,3580,([Boiler_Fg_Ch4_Concentration]+[Boiler_Fg_Ethane_Concentration]+[Boiler_Fg_Ethylene_Concentration]+[Boiler_Fg_Propane_Concentration]+[Boiler_Fg_Nc5_Concentration]+[Boiler_Fg_Ic5_Concentration]+[Boiler_Fg_Ic4_Concentration]+[Boiler_Fg_Nc4_Concentration]+[Boiler_Fg_Hydrogen_Concentration]+[Boiler_Fg_N2_Concentration]),1
2293,3581,[Boiler_Fg_Ch4_Concentration]/[Boiler_B_Fuel_Composition_Total]*100,1
2294,3582,100*([Boiler_Fg_Ethane_Concentration]/[Boiler_B_Fuel_Composition_Total]),1
2295,3583,([Boiler_Fg_Ethylene_Concentration]/[Boiler_B_Fuel_Composition_Total])*100,1
2296,3584,100*([Boiler_Fg_Propane_Concentration]/[Boiler_B_Fuel_Composition_Total]),1
2297,3585,100*([Boiler_Fg_Ic4_Concentration]/[Boiler_B_Fuel_Composition_Total]),1
2298,3586,100*([Boiler_Fg_Nc4_Concentration]/[Boiler_B_Fuel_Composition_Total]),1
2299,3587,100*([Boiler_Fg_Nc5_Concentration]/[Boiler_B_Fuel_Composition_Total]),1
2300,3588,100*([Boiler_Fg_Ic5_Concentration]/[Boiler_B_Fuel_Composition_Total]),1
2301,3589,[Boiler_Fg_N2_Concentration]/[Boiler_B_Fuel_Composition_Total]*100,1
2302,3590,100*([Boiler_Fg_Hydrogen_Concentration]/[Boiler_B_Fuel_Composition_Total]),1
2303,3591,([Normalized_Boiler_B_Fg_Ch4_Concentration]*[Component_Methane_Mw]+[Normalized_Boiler_B_Fg_Ethane_Concentration]*[Component_Ethane_Mw]+[Normalized_Boiler_B_Fg_Ethylene_Concentration]*[Component_Ethylene_Mw]+[Normalized_Boiler_B_Fg_Propane_Concentration]*[Component_Propane_Mw]+[Normalized_Boiler_B_Fg_Ic4_Concentration]*[Component_Butane_Mw]+[Normalized_Boiler_B_Fg_Nc5_Concentration]*[Component_Pentane_Mw]+[Normalized_Boiler_B_Fg_Hydrogen_Concentration]*[Component_Hydrogen_Mw]+[Normalized_Boiler_B_Fg_N2_Concentration]*[Component_Nitrogen_Mw]+[Normalized_Boiler_B_Fg_Nc4_Concentration]*[Component_Butane_Mw]+[Normalized_Boiler_B_Fg_Ic5_Concentration]*[Component_Pentane_Mw])/100,1
2304,3592,[Normalized_Boiler_B_Fg_Ch4_Concentration]*[Component_Methane_Mw]/[Boiler_B_Fg_Mw],1
2305,3593,[Normalized_Boiler_B_Fg_Ethane_Concentration]*[Component_Ethane_Mw]/[Boiler_B_Fg_Mw],1
2306,3594,[Normalized_Boiler_B_Fg_Ethylene_Concentration]*[Component_Ethylene_Mw]/[Boiler_B_Fg_Mw],1
2307,3595,[Normalized_Boiler_B_Fg_Propane_Concentration]*[Component_Propane_Mw]/[Boiler_B_Fg_Mw],1
2308,3596,[Normalized_Boiler_B_Fg_N2_Concentration]*[Component_Nitrogen_Mw]/[Boiler_B_Fg_Mw],1
2309,3597,[Normalized_Boiler_B_Fg_Hydrogen_Concentration]*[Component_Hydrogen_Mw]/[Boiler_B_Fg_Mw],1
2310,3598,[Normalized_Boiler_B_Fg_Ic4_Concentration]*[Component_Butane_Mw]/[Boiler_B_Fg_Mw],1
2311,3599,[Normalized_Boiler_B_Fg_Nc4_Concentration]*[Component_Butane_Mw]/[Boiler_B_Fg_Mw],1
2312,3600,[Normalized_Boiler_B_Fg_Nc5_Concentration]*[Component_Pentane_Mw]/[Boiler_B_Fg_Mw],1
2313,3601,[Normalized_Boiler_B_Fg_Ic5_Concentration]*[Component_Pentane_Mw]/[Boiler_B_Fg_Mw],1
2314,3602,[Boiler_B_Fg_Ch4_Mass_Percentage]+[Boiler_B_Fg_Ethane_Mass_Percentage]+[Boiler_B_Fg_Ethylene_Mass_Percentage]+[Boiler_B_Fg_Propane_Mass_Percentage]+[Boiler_B_Fg_Hydrogen_Mass_Percentage]+[Boiler_B_Fg_Nitrogen_Mass_Percentage]+[Boiler_B_Fg_Ic4_Mass_Percentage]+[Boiler_B_Fg_Nc4_Mass_Percentage]+[Boiler_B_Fg_Nc5_Mass_Percentage]+[Boiler_B_Fg_Ic5_Mass_Percentage],1
2315,3603,[Boiler_B_Fg_Ch4_Mass_Percentage]/[Boiler_B_Total_Fuel_Compostion_Mass],1
2316,3604,[Boiler_B_Fg_Ethane_Mass_Percentage]/[Boiler_B_Total_Fuel_Compostion_Mass],1
2317,3605,[Boiler_B_Fg_Ethylene_Mass_Percentage]/[Boiler_B_Total_Fuel_Compostion_Mass],1
2318,3606,[Boiler_B_Fg_Propane_Mass_Percentage]/[Boiler_B_Total_Fuel_Compostion_Mass],1
2319,3607,[Boiler_B_Fg_Hydrogen_Mass_Percentage]/[Boiler_B_Total_Fuel_Compostion_Mass],1
2320,3608,[Boiler_B_Fg_Ic4_Mass_Percentage]/[Boiler_B_Total_Fuel_Compostion_Mass],1
2321,3609,[Boiler_B_Fg_Nc4_Mass_Percentage]/[Boiler_B_Total_Fuel_Compostion_Mass],1
2322,3610,[Boiler_B_Fg_Nc5_Mass_Percentage]/[Boiler_B_Total_Fuel_Compostion_Mass],1
2323,3611,[Boiler_B_Fg_Ic5_Mass_Percentage]/[Boiler_B_Total_Fuel_Compostion_Mass],1
2324,3612,[Boiler_B_Fg_Hydrogen_Mass_Fraction]*34.344,1
2325,3613,[Boiler_B_Fg_Ch4_Mass_Fraction]*17.265,1
2326,3614,[Boiler_B_Fg_Ethane_Mass_Fraction]*16.119,1
2327,3615,[Boiler_B_Fg_Ethylene_Mass_Fraction]*14.807,1
2328,3616,[Boiler_B_Fg_Propane_Mass_Fraction]*15.703,1
2329,3617,[Boiler_B_Fg_Nc4_Mass_Fraction]*15.487,1
2330,3618,[Boiler_B_Fg_Ic4_Mass_Fraction]*15.487,1
2331,3619,[Boiler_B_Fg_Nc5_Mass_Fraction]*15.353,1
2332,3620,[Boiler_B_Fg_Ic5_Mass_Fraction]*15.353,1
2333,3621,[Boiler_B_Fg_Ch4_Mass_Fraction]*2.744,1
2334,3622,[Boiler_B_Fg_Ethane_Mass_Fraction]*2.927,1
2335,3623,[Boiler_B_Fg_Ethylene_Mass_Fraction]*3.138,1
2336,3624,[Boiler_B_Fg_Propane_Mass_Fraction]*2.994,1
2337,3625,[Boiler_B_Fg_Nc4_Mass_Fraction]*3.029,1
2338,3626,[Boiler_B_Fg_Ic4_Mass_Fraction]*3.029,1
2339,3627,[Boiler_B_Fg_Nc5_Mass_Fraction]*3.05,1
2340,3628,[Boiler_B_Fg_Ic5_Mass_Fraction]*3.05,1
2341,3629,[Boiler_B_Fg_Hydrogen_Mass_Fraction]*26.407,1
2342,3630,[Boiler_B_Fg_Ch4_Mass_Fraction]*13.275,1
2343,3631,[Boiler_B_Fg_Ethane_Mass_Fraction]*12.394,1
2344,3632,[Boiler_B_Fg_Ethylene_Mass_Fraction]*11.385,1
2345,3633,[Boiler_B_Fg_Propane_Mass_Fraction]*12.074,1
2346,3634,[Boiler_B_Fg_Ic4_Mass_Fraction]*11.908,1
2347,3635,[Boiler_B_Fg_Nc4_Mass_Fraction]*11.908,1
2348,3636,[Boiler_B_Fg_Ic5_Mass_Fraction]*11.805,1
2349,3637,[Boiler_B_Fg_Nc5_Mass_Fraction]*11.805,1
2350,3638,[Boiler_B_Fg_Hydrogen_Mass_Fraction]*8.937,1
2351,3639,[Boiler_B_Fg_Ch4_Mass_Fraction]*2.246,1
2352,3640,[Boiler_B_Fg_Ethane_Mass_Fraction]*1.798,1
2353,3641,[Boiler_B_Fg_Ethylene_Mass_Fraction]*1.285,1
2354,3642,[Boiler_B_Fg_Propane_Mass_Fraction]*1.634,1
2355,3643,[Boiler_B_Fg_Nc4_Mass_Fraction]*1.55,1
2356,3644,[Boiler_B_Fg_Ic4_Mass_Fraction]*1.55,1
2357,3645,[Boiler_B_Fg_Ic5_Mass_Fraction]*1.498,1
2358,3646,[Boiler_B_Fg_Nc5_Mass_Fraction]*1.498,1
2359,3647,[Boiler_B_Air_Required_For_H2_Combustion]+[Boiler_B_Air_Required_For_Ch4_Combustion]+[Boiler_B_Air_Required_For_Ethane_Combustion]+[Boiler_B_Air_Required_For_Ethylene_Combustion]+[Boiler_B_Air_Required_For_Propane_Combustion]+[Boiler_B_Air_Required_For_Nc4_Combustion]+[Boiler_B_Air_Required_For_Ic4_Combustion]+[Boiler_B_Air_Required_For_Nc5_Combustion]+[Boiler_B_Air_Required_For_Ic5_Combustion],1
2360,3648,[Boiler_B_Ch4_Co2_Combustion]+[Boiler_B_Ethane_Co2_Combustion]+[Boiler_B_Ethylene_Co2_Combustion]+[Boiler_B_Propane_Co2_Combustion]+[Boiler_B_Nc4_Co2_Combustion]+[Boiler_B_Ic4_Co2_Combustion]+[Boiler_B_Nc5_Co2_Combustion]+[Boiler_B_Ic5_Co2_Combustion],1
2361,3649,[Boiler_B_H2_N2_Combustion]+[Boiler_B_Ch4_N2_Combustion]+[Boiler_B_Ethane_N2_Combustion]+[Boiler_B_Ethylene_N2_Combustion]+[Boiler_B_Propane_N2_Combustion]+[Boiler_B_Ic4_N2_Combustion]+[Boiler_B_Nc4_N2_Combustion]+[Boiler_B_Ic5_N2_Combustion]+[Boiler_B_Nc5_N2_Combustion],1
2362,3650,[Boiler_B_H2_H2O_Combustion]+[Boiler_B_Ch4_H2O_Combustion]+[Boiler_B_Ethane_H2O_Combustion]+[Boiler_B_Ethylene_H2O_Combustion]+[Boiler_B_Propane_H2O_Combustion]+[Boiler_B_Ic4_H2O_Combustion]+[Boiler_B_Nc4_H2O_Combustion]+[Boiler_B_Ic5_H2O_Combustion]+[Boiler_B_Nc5_H2O_Combustion],1
2363,3651,10^(8.07131-(1730.63/(233.426+([Ambient_Temperature_1])))),1
2364,3652,[Boiler_B_Vapour_Pressure_Of_H2O]/(760-[Boiler_B_Vapour_Pressure_Of_H2O]*[Relative_Humidity_Clean])*[Relative_Humidity_Clean]*18.015/28.96,1
2365,3653,[Boiler_B_Air_Required_For_Complete_Combustion]/(1-[Boiler_B_Air_Moisture]),1
2366,3654,[Boiler_B_H2O_Formed]+([Boiler_B_Corrected_Combustion_Air]-[Boiler_B_Air_Required_For_Complete_Combustion]),1
2367,3655,((28.96*[BOILER_B_FLUE_GAS_OXGYGEN])*(([Boiler_B_N2_Formed]/28.01)+([Boiler_B_Corrected_Combution_H2O_Formed]/18.015)+([Boiler_B_Co2_Formed]/44.01))/(20.95-[BOILER_B_FLUE_GAS_OXGYGEN])),1
2368,3656,[Boiler_B_Excess_Air]+[Boiler_B_Corrected_Combustion_Air],1
2369,3657,[Boiler_B_Air_Fuel_Mass_Ratio]*[Boiler_B_Air_Moisture],1
2370,3658,[Boiler_B_Total_Moisture_With_Air]+[Boiler_B_H2O_Formed],1
2371,3659,(((28.98641)+1.85398*(([Boiler_B_Combustion_Air_Temperature]+273.15)/1000)-9.647459*(([Boiler_B_Combustion_Air_Temperature]+273.15)/1000)^2+16.63537*(([Boiler_B_Combustion_Air_Temperature]+273.15)/1000)^3+(0.000117/(([Boiler_B_Combustion_Air_Temperature]+273.15)/1000)^2))*0.239*0.79)+(((31.32234)-20.23531*(([Boiler_B_Combustion_Air_Temperature]+273.15)/1000)+57.86644*(([Boiler_B_Combustion_Air_Temperature]+273.15)/1000)^2-36.50624*(([Boiler_B_Combustion_Air_Temperature]+273.15)/1000)^3+(-0.007374/(([Boiler_B_Combustion_Air_Temperature]+273.15)/1000)^2))*0.239*0.21),1
2372,3660,(([Boiler_B_Air_Cp_Ref_T]+[Boiler_B_Cp_At_Combustion_Temperature])/2)/28.96,1
2373,3661,((33.066178)-11.363417*(([Boiler_B_Main_Fuel_Gas_Temperature]+273.15)/1000)+11.432816*(([Boiler_B_Main_Fuel_Gas_Temperature]+273.15)/1000)^2-2.772874*(([Boiler_B_Main_Fuel_Gas_Temperature]+273.15)/1000)^3+(-0.158558/(([Boiler_B_Main_Fuel_Gas_Temperature]+273.15)/1000)^2))*0.239,1
2374,3662,((-0.703029)+108.4773*(([Boiler_B_Main_Fuel_Gas_Temperature]+273.15)/1000)-42.52157*(([Boiler_B_Main_Fuel_Gas_Temperature]+273.15)/1000)^2+5.862788*(([Boiler_B_Main_Fuel_Gas_Temperature]+273.15)/1000)^3+(0.678565/(([Boiler_B_Main_Fuel_Gas_Temperature]+273.15)/1000)^2))*0.239,1
2375,3663,(6.08160993967773+173.58246031667*(([Boiler_B_Main_Fuel_Gas_Temperature]+273.15)/1000)-66.9190547406319*(([Boiler_B_Main_Fuel_Gas_Temperature]+273.15)/1000)^2+9.08912024736972*(([Boiler_B_Main_Fuel_Gas_Temperature]+273.15)/1000)^3+(0.129136456966982/(([Boiler_B_Main_Fuel_Gas_Temperature]+273.15)/1000)^2))*0.239,1
2376,3664,(12.6608072783283+232.070245794953*(([Boiler_B_Main_Fuel_Gas_Temperature]+273.15)/1000)-70.3446118121155*(([Boiler_B_Main_Fuel_Gas_Temperature]+273.15)/1000)^2+0.60714221002859*(([Boiler_B_Main_Fuel_Gas_Temperature]+273.15)/1000)^3+(0.0269571781100411/(([Boiler_B_Main_Fuel_Gas_Temperature]+273.15)/1000)^2))*0.239,1
2377,3665,(-6.38788+184.4019*(([Boiler_B_Main_Fuel_Gas_Temperature]+273.15)/1000)-112.9718*(([Boiler_B_Main_Fuel_Gas_Temperature]+273.15)/1000)^2+28.49593*(([Boiler_B_Main_Fuel_Gas_Temperature]+273.15)/1000)^3+0.31554/(([Boiler_B_Main_Fuel_Gas_Temperature]+273.15)/1000)^2)*0.239,1
2378,3666,(22.1581076705715+292.589410831127*(([Boiler_B_Main_Fuel_Gas_Temperature]+273.15)/1000)-85.8165101864775*(([Boiler_B_Main_Fuel_Gas_Temperature]+273.15)/1000)^2-1.01394039648879*(([Boiler_B_Main_Fuel_Gas_Temperature]+273.15)/1000)^3+(0.00634969201331822/(([Boiler_B_Main_Fuel_Gas_Temperature]+273.15)/1000)^2))*0.239,1
2379,3667,(8.32665517242186+344.923323425655*(([Boiler_B_Main_Fuel_Gas_Temperature]+273.15)/1000)--141.649866470373*(([Boiler_B_Main_Fuel_Gas_Temperature]+273.15)/1000)^2-17.402696038734*(([Boiler_B_Main_Fuel_Gas_Temperature]+273.15)/1000)^3+(0.0260047492494904/(([Boiler_B_Main_Fuel_Gas_Temperature]+273.15)/1000)^2))*0.239,1
2380,3668,(-36.7350853904756+580.375772029461*(([Boiler_B_Main_Fuel_Gas_Temperature]+273.15)/1000)-341.586537384626*(([Boiler_B_Main_Fuel_Gas_Temperature]+273.15)/1000)^2-78.4996542134237*(([Boiler_B_Main_Fuel_Gas_Temperature]+273.15)/1000)^3+(1.08616950221781/(([Boiler_B_Main_Fuel_Gas_Temperature]+273.15)/1000)^2))*0.239,1
2381,3669,(-16.1426869390769+517.363683637786*(([Boiler_B_Main_Fuel_Gas_Temperature]+273.15)/1000)-271.314078126683*(([Boiler_B_Main_Fuel_Gas_Temperature]+273.15)/1000)^2-56.1566185580689*(([Boiler_B_Main_Fuel_Gas_Temperature]+273.15)/1000)^3+(0.317133464208019/(([Boiler_B_Main_Fuel_Gas_Temperature]+273.15)/1000)^2))*0.239,1
2382,3670,(([Boiler_B_Fg_Hydrogen_Mass_Fraction]/[Component_Hydrogen_Mw])*6.876+[Boiler_B_Fg_Ch4_Mass_Fraction]/[Component_Methane_Mw]*8.45+([Boiler_B_Fg_Ethylene_Mass_Fraction]/[Component_Ethylene_Mw])*10.02+([Boiler_B_Fg_Ethane_Mass_Fraction]/[Component_Ethane_Mw])*12.52+([Boiler_B_Fg_Propane_Mass_Fraction]/[Component_Propane_Mw]*17.72+([Boiler_B_Fg_Nc4_Mass_Fraction]/[Component_Butane_Mw]*23.79)+([Boiler_B_Fg_Nc5_Mass_Fraction]/[Component_Pentane_Mw]*38.26+[Boiler_B_Fg_Ic4_Mass_Fraction]/[Component_Butane_Mw]*23.79+[Boiler_B_Fg_Ic5_Mass_Fraction]/[Component_Pentane_Mw]*38.26)))*[Boiler_B_Fg_Mw],1
2383,3671,(([Boiler_B_Fg_Hydrogen_Mass_Fraction]/[Component_Hydrogen_Mw])*[Boiler_B_Cp_H2_Fuel_Temp]+[Boiler_B_Fg_Ch4_Mass_Fraction]/[Component_Methane_Mw]*[Boiler_B_Cp_Ch4_Fuel_Temp]+([Boiler_B_Fg_Ethylene_Mass_Fraction]/[Component_Ethylene_Mw])*[Boiler_B_Cp_Ethylene_Fuel_Temp]+([Boiler_B_Fg_Ethane_Mass_Fraction]/[Component_Ethane_Mw])*[Boiler_B_Cp_Ethane_Fuel_Temp]+([Boiler_B_Fg_Propane_Mass_Fraction]/[Component_Propane_Mw]*[Boiler_B_Cp_Propane_Fuel_Temp]+([Boiler_B_Fg_Nc4_Mass_Fraction]/[Component_Butane_Mw]*[Boiler_B_Cp_Nc4_Fuel_Temp])+([Boiler_B_Fg_Nc5_Mass_Fraction]/[Component_Pentane_Mw]*[Boiler_B_Cp_Nc5_Fuel_Temp]+[Boiler_B_Fg_Ic4_Mass_Fraction]/[Boiler_B_Cp_Ic4_Fuel_Temp]*[Component_Butane_Mw]+[Boiler_B_Fg_Ic5_Mass_Fraction]/[Component_Pentane_Mw]*[Boiler_B_Cp_Ic5_Fuel_Temp])))*[Boiler_B_Fg_Mw],1
2384,3672,(([Boiler_B_Cp_Total_Fuel_At_Ref_Temp]+[Boiler_B_Cp_Total_Fuel_At_Fuel_Temp])/[Boiler_B_Fg_Mw])/2,1
2385,3673,[Boiler_B_Excess_Air]*(1-[Boiler_B_Air_Moisture])+[Boiler_B_N2_Formed]+[Boiler_B_Co2_Formed],1
2386,3674,[Boiler_B_Dry_Flue_Gas_Per_Fuel_Mass_Ratio]+[Boiler_B_Total_H2O_Per_Kg_Of_Fuel],1
2387,3675,[Boiler_B_Flue_Gas_Per_Fuel_Mass_Ratio]/([Boiler_B_Co2_Formed]/44.01+[Boiler_B_Total_H2O_Per_Kg_Of_Fuel]/18.015+[Boiler_B_N2_Formed]/28.01+[Boiler_B_Excess_Air]/28.96),1
2388,3676,(((28.98641)+1.85398*(([BOILER_B_STACK_TEMPERATURE]+273.15)/1000)-9.647459*(([BOILER_B_STACK_TEMPERATURE]+273.15)/1000)^2+16.63537*(([BOILER_B_STACK_TEMPERATURE]+273.15)/1000)^3+(0.000117/(([BOILER_B_STACK_TEMPERATURE]+273.15)/1000)^2))*0.239*0.79)+(((31.32234)-20.23531*(([BOILER_B_STACK_TEMPERATURE]+273.15)/1000)+57.86644*(([BOILER_B_STACK_TEMPERATURE]+273.15)/1000)^2-36.50624*(([BOILER_B_STACK_TEMPERATURE]+273.15)/1000)^3+(-0.007374/(([BOILER_B_STACK_TEMPERATURE]+273.15)/1000)^2))*0.239*0.21),1
2389,3677,((24.99735)+55.18696*(([BOILER_B_STACK_TEMPERATURE]+273.15)/1000)-33.69137*(([BOILER_B_STACK_TEMPERATURE]+273.15)/1000)^2+7.948387*(([BOILER_B_STACK_TEMPERATURE]+273.15)/1000)^3+(-0.136638/(([BOILER_B_STACK_TEMPERATURE]+273.15)/1000)^2))*0.239,1
2390,3678,((28.98641)+1.85398*(([BOILER_B_STACK_TEMPERATURE]+273.15)/1000)-9.647459*(([BOILER_B_STACK_TEMPERATURE]+273.15)/1000)^2+16.63537*(([BOILER_B_STACK_TEMPERATURE]+273.15)/1000)^3+(0.000117/(([BOILER_B_STACK_TEMPERATURE]+273.15)/1000)^2))*0.239,1
2391,3679,([Boiler_B_Cp_Flue_Gas_Co2_At_Stack_Temp]*[Boiler_B_Co2_Formed]/44.01+[Boiler_B_Cp_Flue_Gas_N2_At_Stack_Temp]*[Boiler_B_N2_Formed]/28.01+[Boiler_B_Excess_Air]/28.85*[Boiler_B_Cp_Of_Air_At_Stack_Temp])/([Boiler_B_Flue_Gas_Per_Fuel_Mass_Ratio]/[Boiler_B_Flue_Gas_Mw])/[Boiler_B_Flue_Gas_Mw],1
2392,3680,(8.22+0.00015*([BOILER_B_STACK_TEMPERATURE]+273.15)+0.00000134*(([BOILER_B_STACK_TEMPERATURE]+273.15)^2))/18.015,1
2393,3681,"if([Boiler_B_Avg_Cp_Of_Fuel_Gas_Sensible_Heat_Corrected]*([Boiler_B_Main_Fuel_Gas_Temperature]-15.6)<0,0,[Boiler_B_Avg_Cp_Of_Fuel_Gas_Sensible_Heat_Corrected]*([Boiler_B_Main_Fuel_Gas_Temperature]-15.6))",1
2394,3682,[Boiler_B_Air_Cp_For_Sensible_Heat_Corrected]*([Boiler_B_Combustion_Air_Temperature]-15.6)*[Boiler_B_Air_Fuel_Mass_Ratio],1
2395,3683,([Boiler_Lhv]),1
2396,3684,"if([Boiler_B_Status]==0,0,[Boiler_B_Sensible_Heat_Correction_For_Fuel]+[Boiler_B_Sensbile_Heat_Correction_For_Air]+[Boiler_B_Mixed_Lhv_Per_Kg])",1
2397,3685,"if([Boiler_B_Status]==0,0,[Boiler_B_Dry_Flue_Gas_Per_Fuel_Mass_Ratio]*([Boiler_B_Avg_Cp_Of_Flue_Gas_At_Stack_Temp]*([BOILER_B_STACK_TEMPERATURE]-15.6)))",1
2398,3686,"if([Boiler_B_Status]==0,0,9*[Boiler_B_Fg_Hydrogen_Mass_Fraction]*(584+[Boiler_B_Cp_Of_H2O_At_Stack_Temperature]*([BOILER_B_STACK_TEMPERATURE]-[Ambient_Temperature_1])))",1
2399,3687,"if([Boiler_B_Status]==0,0,[Boiler_B_Total_H2O_Per_Kg_Of_Fuel]*([BOILER_B_STACK_TEMPERATURE]*1.77251246754294+2494.5133413964-2529.43)/4.184)",1
2400,3688,"if([Boiler_B_Status]==0,0,0*10^-6*28*5654*[Boiler_B_Boiler_Load])",1
2401,3689,"if([Boiler_B_Status]==0,0,[Boiler_B_Heat_Loss_Due_To_Incomplete_Combustionl4]+[Boiler_B_Heat_Loss_Due_To_H2O_In_Stack_L3]+[Boiler_B_Heat_Loss_Due_To_Dry_Flue_Gas_L1]+[Boiler_B_Heat_Loss_Due_To_Evaporation_Of_Water_Formed_Due_To_H2_In_Fuel_L2])",1
2402,3690,"if([Boiler_B_Status]==0,0,[Boiler_B_Mixed_Lhv_Per_Kg]*(-0.000004*[Boiler_B_Boiler_Load]^3+0.001*[Boiler_B_Boiler_Load]^2-0.0899*[Boiler_B_Boiler_Load]+3.2426)/100)",1
2403,3691,"if([Boiler_B_Status]==0,0,[Boiler_B_Total_Boiler_Stack_Loss_Per_Kg_Fuel]+[Boiler_B_Radiation_Losses])",1
2404,3692,"if([Boiler_B_Status]==0,0,[Boiler_B_Total_Heat_Input_Per_Kg_Of_Fuel]-[Boiler_B_Total_Heat_Loss_Per_Kg_Of_Fuel])",1
2405,3693,"max(92,if([Boiler_B_Status]==0,0,[Boiler_B_Total_Heat_Absorbed_Per_Kg_Of_Fuel]/[Boiler_B_Total_Heat_Input_Per_Kg_Of_Fuel]*100))",1
2406,3694,[BLR_3_HPS_Gen],1
2407,3695,[BLR_3_Status],1
2408,3696,([Boiler_Fg_Ch4_Concentration]+[Boiler_Fg_Ethane_Concentration]+[Boiler_Fg_Ethylene_Concentration]+[Boiler_Fg_Propane_Concentration]+[Boiler_Fg_Nc5_Concentration]+[Boiler_Fg_Ic5_Concentration]+[Boiler_Fg_Ic4_Concentration]+[Boiler_Fg_Nc4_Concentration]+[Boiler_Fg_Hydrogen_Concentration]+[Boiler_Fg_N2_Concentration]),1
2409,3697,[Boiler_Fg_Ch4_Concentration]/[Boiler_C_Fuel_Composition_Total]*100,1
2410,3698,100*([Boiler_Fg_Ethane_Concentration]/[Boiler_C_Fuel_Composition_Total]),1
2411,3699,([Boiler_Fg_Ethylene_Concentration]/[Boiler_C_Fuel_Composition_Total])*100,1
2412,3700,100*([Boiler_Fg_Propane_Concentration]/[Boiler_C_Fuel_Composition_Total]),1
2413,3701,100*([Boiler_Fg_Ic4_Concentration]/[Boiler_C_Fuel_Composition_Total]),1
2414,3702,100*([Boiler_Fg_Nc4_Concentration]/[Boiler_C_Fuel_Composition_Total]),1
2415,3703,100*([Boiler_Fg_Nc5_Concentration]/[Boiler_C_Fuel_Composition_Total]),1
2416,3704,100*([Boiler_Fg_Ic5_Concentration]/[Boiler_C_Fuel_Composition_Total]),1
2417,3705,[Boiler_Fg_N2_Concentration]/[Boiler_C_Fuel_Composition_Total]*100,1
2418,3706,100*([Boiler_Fg_Hydrogen_Concentration]/[Boiler_C_Fuel_Composition_Total]),1
2419,3707,([Normalized_Boiler_C_Fg_Ch4_Concentration]*[Component_Methane_Mw]+[Normalized_Boiler_C_Fg_Ethane_Concentration]*[Component_Ethane_Mw]+[Normalized_Boiler_C_Fg_Ethylene_Concentration]*[Component_Ethylene_Mw]+[Normalized_Boiler_C_Fg_Propane_Concentration]*[Component_Propane_Mw]+[Normalized_Boiler_C_Fg_Ic4_Concentration]*[Component_Butane_Mw]+[Normalized_Boiler_C_Fg_Nc5_Concentration]*[Component_Pentane_Mw]+[Normalized_Boiler_C_Fg_Hydrogen_Concentration]*[Component_Hydrogen_Mw]+[Normalized_Boiler_C_Fg_N2_Concentration]*[Component_Nitrogen_Mw]+[Normalized_Boiler_C_Fg_Nc4_Concentration]*[Component_Butane_Mw]+[Normalized_Boiler_C_Fg_Ic5_Concentration]*[Component_Pentane_Mw])/100,1
2420,3708,[Normalized_Boiler_C_Fg_Ch4_Concentration]*[Component_Methane_Mw]/[Boiler_C_Fg_Mw],1
2421,3709,[Normalized_Boiler_C_Fg_Ethane_Concentration]*[Component_Ethane_Mw]/[Boiler_C_Fg_Mw],1
2422,3710,[Normalized_Boiler_C_Fg_Ethylene_Concentration]*[Component_Ethylene_Mw]/[Boiler_C_Fg_Mw],1
2423,3711,[Normalized_Boiler_C_Fg_Propane_Concentration]*[Component_Propane_Mw]/[Boiler_C_Fg_Mw],1
2424,3712,[Normalized_Boiler_C_Fg_N2_Concentration]*[Component_Nitrogen_Mw]/[Boiler_C_Fg_Mw],1
2425,3713,[Normalized_Boiler_C_Fg_Hydrogen_Concentration]*[Component_Hydrogen_Mw]/[Boiler_C_Fg_Mw],1
2426,3714,[Normalized_Boiler_C_Fg_Ic4_Concentration]*[Component_Butane_Mw]/[Boiler_C_Fg_Mw],1
2427,3715,[Normalized_Boiler_C_Fg_Nc4_Concentration]*[Component_Butane_Mw]/[Boiler_C_Fg_Mw],1
2428,3716,[Normalized_Boiler_C_Fg_Nc5_Concentration]*[Component_Pentane_Mw]/[Boiler_C_Fg_Mw],1
2429,3717,[Normalized_Boiler_C_Fg_Ic5_Concentration]*[Component_Pentane_Mw]/[Boiler_C_Fg_Mw],1
2430,3718,[Boiler_C_Fg_Ch4_Mass_Percentage]+[Boiler_C_Fg_Ethane_Mass_Percentage]+[Boiler_C_Fg_Ethylene_Mass_Percentage]+[Boiler_C_Fg_Propane_Mass_Percentage]+[Boiler_C_Fg_Hydrogen_Mass_Percentage]+[Boiler_C_Fg_Nitrogen_Mass_Percentage]+[Boiler_C_Fg_Ic4_Mass_Percentage]+[Boiler_C_Fg_Nc4_Mass_Percentage]+[Boiler_C_Fg_Nc5_Mass_Percentage]+[Boiler_C_Fg_Ic5_Mass_Percentage],1
2431,3719,[Boiler_C_Fg_Ch4_Mass_Percentage]/[Boiler_C_Total_Fuel_Compostion_Mass],1
2432,3720,[Boiler_C_Fg_Ethane_Mass_Percentage]/[Boiler_C_Total_Fuel_Compostion_Mass],1
2433,3721,[Boiler_C_Fg_Ethylene_Mass_Percentage]/[Boiler_C_Total_Fuel_Compostion_Mass],1
2434,3722,[Boiler_C_Fg_Propane_Mass_Percentage]/[Boiler_C_Total_Fuel_Compostion_Mass],1
2435,3723,[Boiler_C_Fg_Hydrogen_Mass_Percentage]/[Boiler_C_Total_Fuel_Compostion_Mass],1
2436,3724,[Boiler_C_Fg_Ic4_Mass_Percentage]/[Boiler_C_Total_Fuel_Compostion_Mass],1
2437,3725,[Boiler_C_Fg_Nc4_Mass_Percentage]/[Boiler_C_Total_Fuel_Compostion_Mass],1
2438,3726,[Boiler_C_Fg_Nc5_Mass_Percentage]/[Boiler_C_Total_Fuel_Compostion_Mass],1
2439,3727,[Boiler_C_Fg_Ic5_Mass_Percentage]/[Boiler_C_Total_Fuel_Compostion_Mass],1
2440,3728,[Boiler_C_Fg_Hydrogen_Mass_Fraction]*34.344,1
2441,3729,[Boiler_C_Fg_Ch4_Mass_Fraction]*17.265,1
2442,3730,[Boiler_C_Fg_Ethane_Mass_Fraction]*16.119,1
2443,3731,[Boiler_C_Fg_Ethylene_Mass_Fraction]*14.807,1
2444,3732,[Boiler_C_Fg_Propane_Mass_Fraction]*15.703,1
2445,3733,[Boiler_C_Fg_Nc4_Mass_Fraction]*15.487,1
2446,3734,[Boiler_C_Fg_Ic4_Mass_Fraction]*15.487,1
2447,3735,[Boiler_C_Fg_Nc5_Mass_Fraction]*15.353,1
2448,3736,[Boiler_C_Fg_Ic5_Mass_Fraction]*15.353,1
2449,3737,[Boiler_C_Fg_Ch4_Mass_Fraction]*2.744,1
2450,3738,[Boiler_C_Fg_Ethane_Mass_Fraction]*2.927,1
2451,3739,[Boiler_C_Fg_Ethylene_Mass_Fraction]*3.138,1
2452,3740,[Boiler_C_Fg_Propane_Mass_Fraction]*2.994,1
2453,3741,[Boiler_C_Fg_Nc4_Mass_Fraction]*3.029,1
2454,3742,[Boiler_C_Fg_Ic4_Mass_Fraction]*3.029,1
2455,3743,[Boiler_C_Fg_Nc5_Mass_Fraction]*3.05,1
2456,3744,[Boiler_C_Fg_Ic5_Mass_Fraction]*3.05,1
2457,3745,[Boiler_C_Fg_Hydrogen_Mass_Fraction]*26.407,1
2458,3746,[Boiler_C_Fg_Ch4_Mass_Fraction]*13.275,1
2459,3747,[Boiler_C_Fg_Ethane_Mass_Fraction]*12.394,1
2460,3748,[Boiler_C_Fg_Ethylene_Mass_Fraction]*11.385,1
2461,3749,[Boiler_C_Fg_Propane_Mass_Fraction]*12.074,1
2462,3750,[Boiler_C_Fg_Ic4_Mass_Fraction]*11.908,1
2463,3751,[Boiler_C_Fg_Nc4_Mass_Fraction]*11.908,1
2464,3752,[Boiler_C_Fg_Ic5_Mass_Fraction]*11.805,1
2465,3753,[Boiler_C_Fg_Nc5_Mass_Fraction]*11.805,1
2466,3754,[Boiler_C_Fg_Hydrogen_Mass_Fraction]*8.937,1
2467,3755,[Boiler_C_Fg_Ch4_Mass_Fraction]*2.246,1
2468,3756,[Boiler_C_Fg_Ethane_Mass_Fraction]*1.798,1
2469,3757,[Boiler_C_Fg_Ethylene_Mass_Fraction]*1.285,1
2470,3758,[Boiler_C_Fg_Propane_Mass_Fraction]*1.634,1
2471,3759,[Boiler_C_Fg_Nc4_Mass_Fraction]*1.55,1
2472,3760,[Boiler_C_Fg_Ic4_Mass_Fraction]*1.55,1
2473,3761,[Boiler_C_Fg_Ic5_Mass_Fraction]*1.498,1
2474,3762,[Boiler_C_Fg_Nc5_Mass_Fraction]*1.498,1
2475,3763,[Boiler_C_Air_Required_For_H2_Combustion]+[Boiler_C_Air_Required_For_Ch4_Combustion]+[Boiler_C_Air_Required_For_Ethane_Combustion]+[Boiler_C_Air_Required_For_Ethylene_Combustion]+[Boiler_C_Air_Required_For_Propane_Combustion]+[Boiler_C_Air_Required_For_Nc4_Combustion]+[Boiler_C_Air_Required_For_Ic4_Combustion]+[Boiler_C_Air_Required_For_Nc5_Combustion]+[Boiler_C_Air_Required_For_Ic5_Combustion],1
2476,3764,[Boiler_C_Ch4_Co2_Combustion]+[Boiler_C_Ethane_Co2_Combustion]+[Boiler_C_Ethylene_Co2_Combustion]+[Boiler_C_Propane_Co2_Combustion]+[Boiler_C_Nc4_Co2_Combustion]+[Boiler_C_Ic4_Co2_Combustion]+[Boiler_C_Nc5_Co2_Combustion]+[Boiler_C_Ic5_Co2_Combustion],1
2477,3765,[Boiler_C_H2_N2_Combustion]+[Boiler_C_Ch4_N2_Combustion]+[Boiler_C_Ethane_N2_Combustion]+[Boiler_C_Ethylene_N2_Combustion]+[Boiler_C_Propane_N2_Combustion]+[Boiler_C_Ic4_N2_Combustion]+[Boiler_C_Nc4_N2_Combustion]+[Boiler_C_Ic5_N2_Combustion]+[Boiler_C_Nc5_N2_Combustion],1
2478,3766,[Boiler_C_H2_H2O_Combustion]+[Boiler_C_Ch4_H2O_Combustion]+[Boiler_C_Ethane_H2O_Combustion]+[Boiler_C_Ethylene_H2O_Combustion]+[Boiler_C_Propane_H2O_Combustion]+[Boiler_C_Ic4_H2O_Combustion]+[Boiler_C_Nc4_H2O_Combustion]+[Boiler_C_Ic5_H2O_Combustion]+[Boiler_C_Nc5_H2O_Combustion],1
2479,3767,10^(8.07131-(1730.63/(233.426+([Ambient_Temperature_1])))),1
2480,3768,[Boiler_C_Vapour_Pressure_Of_H2O]/(760-[Boiler_C_Vapour_Pressure_Of_H2O]*[Relative_Humidity_Clean])*[Relative_Humidity_Clean]*18.015/28.96,1
2481,3769,[Boiler_C_Air_Required_For_Complete_Combustion]/(1-[Boiler_C_Air_Moisture]),1
2482,3770,[Boiler_C_H2O_Formed]+([Boiler_C_Corrected_Combustion_Air]-[Boiler_C_Air_Required_For_Complete_Combustion]),1
2483,3771,((28.96*[BOILER_C_FLUE_GAS_OXGYGEN])*(([Boiler_C_N2_Formed]/28.01)+([Boiler_C_Corrected_Combution_H2O_Formed]/18.015)+([Boiler_C_Co2_Formed]/44.01))/(20.95-[BOILER_C_FLUE_GAS_OXGYGEN])),1
2484,3772,[Boiler_C_Excess_Air]+[Boiler_C_Corrected_Combustion_Air],1
2485,3773,[Boiler_C_Air_Fuel_Mass_Ratio]*[Boiler_C_Air_Moisture],1
2486,3774,[Boiler_C_Total_Moisture_With_Air]+[Boiler_C_H2O_Formed],1
2487,3775,(((28.98641)+1.85398*(([Boiler_C_Combustion_Air_Temperature]+273.15)/1000)-9.647459*(([Boiler_C_Combustion_Air_Temperature]+273.15)/1000)^2+16.63537*(([Boiler_C_Combustion_Air_Temperature]+273.15)/1000)^3+(0.000117/(([Boiler_C_Combustion_Air_Temperature]+273.15)/1000)^2))*0.239*0.79)+(((31.32234)-20.23531*(([Boiler_C_Combustion_Air_Temperature]+273.15)/1000)+57.86644*(([Boiler_C_Combustion_Air_Temperature]+273.15)/1000)^2-36.50624*(([Boiler_C_Combustion_Air_Temperature]+273.15)/1000)^3+(-0.007374/(([Boiler_C_Combustion_Air_Temperature]+273.15)/1000)^2))*0.239*0.21),1
2488,3776,(([Boiler_C_Air_Cp_Ref_T]+[Boiler_C_Cp_At_Combustion_Temperature])/2)/28.96,1
2489,3777,((33.066178)-11.363417*(([Boiler_C_Main_Fuel_Gas_Temperature]+273.15)/1000)+11.432816*(([Boiler_C_Main_Fuel_Gas_Temperature]+273.15)/1000)^2-2.772874*(([Boiler_C_Main_Fuel_Gas_Temperature]+273.15)/1000)^3+(-0.158558/(([Boiler_C_Main_Fuel_Gas_Temperature]+273.15)/1000)^2))*0.239,1
2490,3778,((-0.703029)+108.4773*(([Boiler_C_Main_Fuel_Gas_Temperature]+273.15)/1000)-42.52157*(([Boiler_C_Main_Fuel_Gas_Temperature]+273.15)/1000)^2+5.862788*(([Boiler_C_Main_Fuel_Gas_Temperature]+273.15)/1000)^3+(0.678565/(([Boiler_C_Main_Fuel_Gas_Temperature]+273.15)/1000)^2))*0.239,1
2491,3779,(6.08160993967773+173.58246031667*(([Boiler_C_Main_Fuel_Gas_Temperature]+273.15)/1000)-66.9190547406319*(([Boiler_C_Main_Fuel_Gas_Temperature]+273.15)/1000)^2+9.08912024736972*(([Boiler_C_Main_Fuel_Gas_Temperature]+273.15)/1000)^3+(0.129136456966982/(([Boiler_C_Main_Fuel_Gas_Temperature]+273.15)/1000)^2))*0.239,1
2492,3780,(12.6608072783283+232.070245794953*(([Boiler_C_Main_Fuel_Gas_Temperature]+273.15)/1000)-70.3446118121155*(([Boiler_C_Main_Fuel_Gas_Temperature]+273.15)/1000)^2+0.60714221002859*(([Boiler_C_Main_Fuel_Gas_Temperature]+273.15)/1000)^3+(0.0269571781100411/(([Boiler_C_Main_Fuel_Gas_Temperature]+273.15)/1000)^2))*0.239,1
2493,3781,(-6.38788+184.4019*(([Boiler_C_Main_Fuel_Gas_Temperature]+273.15)/1000)-112.9718*(([Boiler_C_Main_Fuel_Gas_Temperature]+273.15)/1000)^2+28.49593*(([Boiler_C_Main_Fuel_Gas_Temperature]+273.15)/1000)^3+0.31554/(([Boiler_C_Main_Fuel_Gas_Temperature]+273.15)/1000)^2)*0.239,1
2494,3782,(22.1581076705715+292.589410831127*(([Boiler_C_Main_Fuel_Gas_Temperature]+273.15)/1000)-85.8165101864775*(([Boiler_C_Main_Fuel_Gas_Temperature]+273.15)/1000)^2-1.01394039648879*(([Boiler_C_Main_Fuel_Gas_Temperature]+273.15)/1000)^3+(0.00634969201331822/(([Boiler_C_Main_Fuel_Gas_Temperature]+273.15)/1000)^2))*0.239,1
2495,3783,(8.32665517242186+344.923323425655*(([Boiler_C_Main_Fuel_Gas_Temperature]+273.15)/1000)--141.649866470373*(([Boiler_C_Main_Fuel_Gas_Temperature]+273.15)/1000)^2-17.402696038734*(([Boiler_C_Main_Fuel_Gas_Temperature]+273.15)/1000)^3+(0.0260047492494904/(([Boiler_C_Main_Fuel_Gas_Temperature]+273.15)/1000)^2))*0.239,1
2496,3784,(-36.7350853904756+580.375772029461*(([Boiler_C_Main_Fuel_Gas_Temperature]+273.15)/1000)-341.586537384626*(([Boiler_C_Main_Fuel_Gas_Temperature]+273.15)/1000)^2-78.4996542134237*(([Boiler_C_Main_Fuel_Gas_Temperature]+273.15)/1000)^3+(1.08616950221781/(([Boiler_C_Main_Fuel_Gas_Temperature]+273.15)/1000)^2))*0.239,1
2497,3785,(-16.1426869390769+517.363683637786*(([Boiler_C_Main_Fuel_Gas_Temperature]+273.15)/1000)-271.314078126683*(([Boiler_C_Main_Fuel_Gas_Temperature]+273.15)/1000)^2-56.1566185580689*(([Boiler_C_Main_Fuel_Gas_Temperature]+273.15)/1000)^3+(0.317133464208019/(([Boiler_C_Main_Fuel_Gas_Temperature]+273.15)/1000)^2))*0.239,1
2498,3786,(([Boiler_C_Fg_Hydrogen_Mass_Fraction]/[Component_Hydrogen_Mw])*6.876+[Boiler_C_Fg_Ch4_Mass_Fraction]/[Component_Methane_Mw]*8.45+([Boiler_C_Fg_Ethylene_Mass_Fraction]/[Component_Ethylene_Mw])*10.02+([Boiler_C_Fg_Ethane_Mass_Fraction]/[Component_Ethane_Mw])*12.52+([Boiler_C_Fg_Propane_Mass_Fraction]/[Component_Propane_Mw]*17.72+([Boiler_C_Fg_Nc4_Mass_Fraction]/[Component_Butane_Mw]*23.79)+([Boiler_C_Fg_Nc5_Mass_Fraction]/[Component_Pentane_Mw]*38.26+[Boiler_C_Fg_Ic4_Mass_Fraction]/[Component_Butane_Mw]*23.79+[Boiler_C_Fg_Ic5_Mass_Fraction]/[Component_Pentane_Mw]*38.26)))*[Boiler_C_Fg_Mw],1
2499,3787,(([Boiler_C_Fg_Hydrogen_Mass_Fraction]/[Component_Hydrogen_Mw])*[Boiler_C_Cp_H2_Fuel_Temp]+[Boiler_C_Fg_Ch4_Mass_Fraction]/[Component_Methane_Mw]*[Boiler_C_Cp_Ch4_Fuel_Temp]+([Boiler_C_Fg_Ethylene_Mass_Fraction]/[Component_Ethylene_Mw])*[Boiler_C_Cp_Ethylene_Fuel_Temp]+([Boiler_C_Fg_Ethane_Mass_Fraction]/[Component_Ethane_Mw])*[Boiler_C_Cp_Ethane_Fuel_Temp]+([Boiler_C_Fg_Propane_Mass_Fraction]/[Component_Propane_Mw]*[Boiler_C_Cp_Propane_Fuel_Temp]+([Boiler_C_Fg_Nc4_Mass_Fraction]/[Component_Butane_Mw]*[Boiler_C_Cp_Nc4_Fuel_Temp])+([Boiler_C_Fg_Nc5_Mass_Fraction]/[Component_Pentane_Mw]*[Boiler_C_Cp_Nc5_Fuel_Temp]+[Boiler_C_Fg_Ic4_Mass_Fraction]/[Boiler_C_Cp_Ic4_Fuel_Temp]*[Component_Butane_Mw]+[Boiler_C_Fg_Ic5_Mass_Fraction]/[Component_Pentane_Mw]*[Boiler_C_Cp_Ic5_Fuel_Temp])))*[Boiler_C_Fg_Mw],1
2500,3788,(([Boiler_C_Cp_Total_Fuel_At_Ref_Temp]+[Boiler_C_Cp_Total_Fuel_At_Fuel_Temp])/[Boiler_C_Fg_Mw])/2,1
2501,3789,[Boiler_C_Excess_Air]*(1-[Boiler_C_Air_Moisture])+[Boiler_C_N2_Formed]+[Boiler_C_Co2_Formed],1
2502,3790,[Boiler_C_Dry_Flue_Gas_Per_Fuel_Mass_Ratio]+[Boiler_C_Total_H2O_Per_Kg_Of_Fuel],1
2503,3791,[Boiler_C_Flue_Gas_Per_Fuel_Mass_Ratio]/([Boiler_C_Co2_Formed]/44.01+[Boiler_C_Total_H2O_Per_Kg_Of_Fuel]/18.015+[Boiler_C_N2_Formed]/28.01+[Boiler_C_Excess_Air]/28.96),1
2504,3792,(((28.98641)+1.85398*(([BOILER_C_STACK_TEMPERATURE]+273.15)/1000)-9.647459*(([BOILER_C_STACK_TEMPERATURE]+273.15)/1000)^2+16.63537*(([BOILER_C_STACK_TEMPERATURE]+273.15)/1000)^3+(0.000117/(([BOILER_C_STACK_TEMPERATURE]+273.15)/1000)^2))*0.239*0.79)+(((31.32234)-20.23531*(([BOILER_C_STACK_TEMPERATURE]+273.15)/1000)+57.86644*(([BOILER_C_STACK_TEMPERATURE]+273.15)/1000)^2-36.50624*(([BOILER_C_STACK_TEMPERATURE]+273.15)/1000)^3+(-0.007374/(([BOILER_C_STACK_TEMPERATURE]+273.15)/1000)^2))*0.239*0.21),1
2505,3793,((24.99735)+55.18696*(([BOILER_C_STACK_TEMPERATURE]+273.15)/1000)-33.69137*(([BOILER_C_STACK_TEMPERATURE]+273.15)/1000)^2+7.948387*(([BOILER_C_STACK_TEMPERATURE]+273.15)/1000)^3+(-0.136638/(([BOILER_C_STACK_TEMPERATURE]+273.15)/1000)^2))*0.239,1
2506,3794,((28.98641)+1.85398*(([BOILER_C_STACK_TEMPERATURE]+273.15)/1000)-9.647459*(([BOILER_C_STACK_TEMPERATURE]+273.15)/1000)^2+16.63537*(([BOILER_C_STACK_TEMPERATURE]+273.15)/1000)^3+(0.000117/(([BOILER_C_STACK_TEMPERATURE]+273.15)/1000)^2))*0.239,1
2507,3795,([Boiler_C_Cp_Flue_Gas_Co2_At_Stack_Temp]*[Boiler_C_Co2_Formed]/44.01+[Boiler_C_Cp_Flue_Gas_N2_At_Stack_Temp]*[Boiler_C_N2_Formed]/28.01+[Boiler_C_Excess_Air]/28.85*[Boiler_C_Cp_Of_Air_At_Stack_Temp])/([Boiler_C_Flue_Gas_Per_Fuel_Mass_Ratio]/[Boiler_C_Flue_Gas_Mw])/[Boiler_C_Flue_Gas_Mw],1
2508,3796,(8.22+0.00015*([BOILER_C_STACK_TEMPERATURE]+273.15)+0.00000134*(([BOILER_C_STACK_TEMPERATURE]+273.15)^2))/18.015,1
2509,3797,"if([Boiler_C_Avg_Cp_Of_Fuel_Gas_Sensible_Heat_Corrected]*([Boiler_C_Main_Fuel_Gas_Temperature]-15.6)<0,0,[Boiler_C_Avg_Cp_Of_Fuel_Gas_Sensible_Heat_Corrected]*([Boiler_C_Main_Fuel_Gas_Temperature]-15.6))",1
2510,3798,[Boiler_C_Air_Cp_For_Sensible_Heat_Corrected]*([Boiler_C_Combustion_Air_Temperature]-15.6)*[Boiler_C_Air_Fuel_Mass_Ratio],1
2511,3799,([Boiler_Lhv]),1
2512,3800,"if([Boiler_C_Status]==0,0,[Boiler_C_Sensible_Heat_Correction_For_Fuel]+[Boiler_C_Sensbile_Heat_Correction_For_Air]+[Boiler_C_Mixed_Lhv_Per_Kg])",1
2513,3801,"if([Boiler_C_Status]==0,0,[Boiler_C_Dry_Flue_Gas_Per_Fuel_Mass_Ratio]*([Boiler_C_Avg_Cp_Of_Flue_Gas_At_Stack_Temp]*([BOILER_C_STACK_TEMPERATURE]-15.6)))",1
2514,3802,"if([Boiler_C_Status]==0,0,9*[Boiler_C_Fg_Hydrogen_Mass_Fraction]*(584+([Boiler_C_Cp_Of_H2O_At_Stack_Temp]*([BOILER_C_STACK_TEMPERATURE]-[Ambient_Temperature_1]))))",1
2515,3803,"if([Boiler_C_Status]==0,0,[Boiler_C_Total_H2O_Per_Kg_Of_Fuel]*([BOILER_C_STACK_TEMPERATURE]*1.77251246754294+2494.5133413964-2529.43)/4.184)",1
2516,3804,"if([Boiler_C_Status]==0,0,0*10^-6*28*5654*[Boiler_C_Boiler_Load])",1
2517,3805,"if([Boiler_C_Status]==0,0,[Boiler_C_Heat_Loss_Due_To_Incomplete_Combustionl4]+[Boiler_C_Heat_Loss_Due_To_H2O_In_Stack_L3]+[Boiler_C_Heat_Loss_Due_To_Dry_Flue_Gas_L1]+[Boiler_C_Heat_Loss_Due_To_Evaporation_Of_Water_Formed_Due_To_H2_In_Fuel_L2])",1
2518,3806,"if([Boiler_C_Status]==0,0,[Boiler_C_Mixed_Lhv_Per_Kg]*(-0.000004*[Boiler_C_Boiler_Load]^3+0.001*[Boiler_C_Boiler_Load]^2-0.0899*[Boiler_C_Boiler_Load]+3.2426)/100)",1
2519,3807,"if([Boiler_C_Status]==0,0,[Boiler_C_Total_Boiler_Stack_Loss_Per_Kg_Fuel]+[Boiler_C_Radiation_Losses])",1
2520,3808,"if([Boiler_C_Status]==0,0,[Boiler_C_Total_Heat_Input_Per_Kg_Of_Fuel]-[Boiler_C_Total_Heat_Loss_Per_Kg_Of_Fuel])",1
2521,3809,"max(92,if([Boiler_C_Status]==0,0,[Boiler_C_Total_Heat_Absorbed_Per_Kg_Of_Fuel]/[Boiler_C_Total_Heat_Input_Per_Kg_Of_Fuel]*100))",1
2522,3810,[BLR_4_HPS_Gen],1
2523,3811,[BLR_4_Status],1
2524,3812,([Boiler_Fg_Ch4_Concentration]+[Boiler_Fg_Ethane_Concentration]+[Boiler_Fg_Ethylene_Concentration]+[Boiler_Fg_Propane_Concentration]+[Boiler_Fg_Nc5_Concentration]+[Boiler_Fg_Ic5_Concentration]+[Boiler_Fg_Ic4_Concentration]+[Boiler_Fg_Nc4_Concentration]+[Boiler_Fg_Hydrogen_Concentration]+[Boiler_Fg_N2_Concentration]),1
2525,3813,[Boiler_Fg_Ch4_Concentration]/[Boiler_D_Fuel_Composition_Total]*100,1
2526,3814,100*([Boiler_Fg_Ethane_Concentration]/[Boiler_D_Fuel_Composition_Total]),1
2527,3815,([Boiler_Fg_Ethylene_Concentration]/[Boiler_D_Fuel_Composition_Total])*100,1
2528,3816,100*([Boiler_Fg_Propane_Concentration]/[Boiler_D_Fuel_Composition_Total]),1
2529,3817,100*([Boiler_Fg_Ic4_Concentration]/[Boiler_D_Fuel_Composition_Total]),1
2530,3818,100*([Boiler_Fg_Nc4_Concentration]/[Boiler_D_Fuel_Composition_Total]),1
2531,3819,100*([Boiler_Fg_Nc5_Concentration]/[Boiler_D_Fuel_Composition_Total]),1
2532,3820,100*([Boiler_Fg_Ic5_Concentration]/[Boiler_D_Fuel_Composition_Total]),1
2533,3821,[Boiler_Fg_N2_Concentration]/[Boiler_D_Fuel_Composition_Total]*100,1
2534,3822,100*([Boiler_Fg_Hydrogen_Concentration]/[Boiler_D_Fuel_Composition_Total]),1
2535,3823,([Normalized_Boiler_D_Fg_Ch4_Concentration]*[Component_Methane_Mw]+[Normalized_Boiler_D_Fg_Ethane_Concentration]*[Component_Ethane_Mw]+[Normalized_Boiler_D_Fg_Ethylene_Concentration]*[Component_Ethylene_Mw]+[Normalized_Boiler_D_Fg_Propane_Concentration]*[Component_Propane_Mw]+[Normalized_Boiler_D_Fg_Ic4_Concentration]*[Component_Butane_Mw]+[Normalized_Boiler_D_Fg_Nc5_Concentration]*[Component_Pentane_Mw]+[Normalized_Boiler_D_Fg_Hydrogen_Concentration]*[Component_Hydrogen_Mw]+[Normalized_Boiler_D_Fg_N2_Concentration]*[Component_Nitrogen_Mw]+[Normalized_Boiler_D_Fg_Nc4_Concentration]*[Component_Butane_Mw]+[Normalized_Boiler_D_Fg_Ic5_Concentration]*[Component_Pentane_Mw])/100,1
2536,3824,[Normalized_Boiler_D_Fg_Ch4_Concentration]*[Component_Methane_Mw]/[Boiler_D_Fg_Mw],1
2537,3825,[Normalized_Boiler_D_Fg_Ethane_Concentration]*[Component_Ethane_Mw]/[Boiler_D_Fg_Mw],1
2538,3826,[Normalized_Boiler_D_Fg_Ethylene_Concentration]*[Component_Ethylene_Mw]/[Boiler_D_Fg_Mw],1
2539,3827,[Normalized_Boiler_D_Fg_Propane_Concentration]*[Component_Propane_Mw]/[Boiler_D_Fg_Mw],1
2540,3828,[Normalized_Boiler_D_Fg_N2_Concentration]*[Component_Nitrogen_Mw]/[Boiler_D_Fg_Mw],1
2541,3829,[Normalized_Boiler_D_Fg_Hydrogen_Concentration]*[Component_Hydrogen_Mw]/[Boiler_D_Fg_Mw],1
2542,3830,[Normalized_Boiler_D_Fg_Ic4_Concentration]*[Component_Butane_Mw]/[Boiler_D_Fg_Mw],1
2543,3831,[Normalized_Boiler_D_Fg_Nc4_Concentration]*[Component_Butane_Mw]/[Boiler_D_Fg_Mw],1
2544,3832,[Normalized_Boiler_D_Fg_Nc5_Concentration]*[Component_Pentane_Mw]/[Boiler_D_Fg_Mw],1
2545,3833,[Normalized_Boiler_D_Fg_Ic5_Concentration]*[Component_Pentane_Mw]/[Boiler_D_Fg_Mw],1
2546,3834,[Boiler_D_Fg_Ch4_Mass_Percentage]+[Boiler_D_Fg_Ethane_Mass_Percentage]+[Boiler_D_Fg_Ethylene_Mass_Percentage]+[Boiler_D_Fg_Propane_Mass_Percentage]+[Boiler_D_Fg_Hydrogen_Mass_Percentage]+[Boiler_D_Fg_Nitrogen_Mass_Percentage]+[Boiler_D_Fg_Ic4_Mass_Percentage]+[Boiler_D_Fg_Nc4_Mass_Percentage]+[Boiler_D_Fg_Nc5_Mass_Percentage]+[Boiler_D_Fg_Ic5_Mass_Percentage],1
2547,3835,[Boiler_D_Fg_Ch4_Mass_Percentage]/[Boiler_D_Total_Fuel_Compostion_Mass],1
2548,3836,[Boiler_D_Fg_Ethane_Mass_Percentage]/[Boiler_D_Total_Fuel_Compostion_Mass],1
2549,3837,[Boiler_D_Fg_Ethylene_Mass_Percentage]/[Boiler_D_Total_Fuel_Compostion_Mass],1
2550,3838,[Boiler_D_Fg_Propane_Mass_Percentage]/[Boiler_D_Total_Fuel_Compostion_Mass],1
2551,3839,[Boiler_D_Fg_Hydrogen_Mass_Percentage]/[Boiler_D_Total_Fuel_Compostion_Mass],1
2552,3840,[Boiler_D_Fg_Ic4_Mass_Percentage]/[Boiler_D_Total_Fuel_Compostion_Mass],1
2553,3841,[Boiler_D_Fg_Nc4_Mass_Percentage]/[Boiler_D_Total_Fuel_Compostion_Mass],1
2554,3842,[Boiler_D_Fg_Nc5_Mass_Percentage]/[Boiler_D_Total_Fuel_Compostion_Mass],1
2555,3843,[Boiler_D_Fg_Ic5_Mass_Percentage]/[Boiler_D_Total_Fuel_Compostion_Mass],1
2556,3844,[Boiler_D_Fg_Hydrogen_Mass_Fraction]*34.344,1
2557,3845,[Boiler_D_Fg_Ch4_Mass_Fraction]*17.265,1
2558,3846,[Boiler_D_Fg_Ethane_Mass_Fraction]*16.119,1
2559,3847,[Boiler_D_Fg_Ethylene_Mass_Fraction]*14.807,1
2560,3848,[Boiler_D_Fg_Propane_Mass_Fraction]*15.703,1
2561,3849,[Boiler_D_Fg_Nc4_Mass_Fraction]*15.487,1
2562,3850,[Boiler_D_Fg_Ic4_Mass_Fraction]*15.487,1
2563,3851,[Boiler_D_Fg_Nc5_Mass_Fraction]*15.353,1
2564,3852,[Boiler_D_Fg_Ic5_Mass_Fraction]*15.353,1
2565,3853,[Boiler_D_Fg_Ch4_Mass_Fraction]*2.744,1
2566,3854,[Boiler_D_Fg_Ethane_Mass_Fraction]*2.927,1
2567,3855,[Boiler_D_Fg_Ethylene_Mass_Fraction]*3.138,1
2568,3856,[Boiler_D_Fg_Propane_Mass_Fraction]*2.994,1
2569,3857,[Boiler_D_Fg_Nc4_Mass_Fraction]*3.029,1
2570,3858,[Boiler_D_Fg_Ic4_Mass_Fraction]*3.029,1
2571,3859,[Boiler_D_Fg_Nc5_Mass_Fraction]*3.05,1
2572,3860,[Boiler_D_Fg_Ic5_Mass_Fraction]*3.05,1
2573,3861,[Boiler_D_Fg_Hydrogen_Mass_Fraction]*26.407,1
2574,3862,[Boiler_D_Fg_Ch4_Mass_Fraction]*13.275,1
2575,3863,[Boiler_D_Fg_Ethane_Mass_Fraction]*12.394,1
2576,3864,[Boiler_D_Fg_Ethylene_Mass_Fraction]*11.385,1
2577,3865,[Boiler_D_Fg_Propane_Mass_Fraction]*12.074,1
2578,3866,[Boiler_D_Fg_Ic4_Mass_Fraction]*11.908,1
2579,3867,[Boiler_D_Fg_Nc4_Mass_Fraction]*11.908,1
2580,3868,[Boiler_D_Fg_Ic5_Mass_Fraction]*11.805,1
2581,3869,[Boiler_D_Fg_Nc5_Mass_Fraction]*11.805,1
2582,3870,[Boiler_D_Fg_Hydrogen_Mass_Fraction]*8.937,1
2583,3871,[Boiler_D_Fg_Ch4_Mass_Fraction]*2.246,1
2584,3872,[Boiler_D_Fg_Ethane_Mass_Fraction]*1.798,1
2585,3873,[Boiler_D_Fg_Ethylene_Mass_Fraction]*1.285,1
2586,3874,[Boiler_D_Fg_Propane_Mass_Fraction]*1.634,1
2587,3875,[Boiler_D_Fg_Nc4_Mass_Fraction]*1.55,1
2588,3876,[Boiler_D_Fg_Ic4_Mass_Fraction]*1.55,1
2589,3877,[Boiler_D_Fg_Ic5_Mass_Fraction]*1.498,1
2590,3878,[Boiler_D_Fg_Nc5_Mass_Fraction]*1.498,1
2591,3879,[Boiler_D_Air_Required_For_H2_Combustion]+[Boiler_D_Air_Required_For_Ch4_Combustion]+[Boiler_D_Air_Required_For_Ethane_Combustion]+[Boiler_D_Air_Required_For_Ethylene_Combustion]+[Boiler_D_Air_Required_For_Propane_Combustion]+[Boiler_D_Air_Required_For_Nc4_Combustion]+[Boiler_D_Air_Required_For_Ic4_Combustion]+[Boiler_D_Air_Required_For_Nc5_Combustion]+[Boiler_D_Air_Required_For_Ic5_Combustion],1
2592,3880,[Boiler_D_Ch4_Co2_Combustion]+[Boiler_D_Ethane_Co2_Combustion]+[Boiler_D_Ethylene_Co2_Combustion]+[Boiler_D_Propane_Co2_Combustion]+[Boiler_D_Nc4_Co2_Combustion]+[Boiler_D_Ic4_Co2_Combustion]+[Boiler_D_Nc5_Co2_Combustion]+[Boiler_D_Ic5_Co2_Combustion],1
2593,3881,[Boiler_D_H2_N2_Combustion]+[Boiler_D_Ch4_N2_Combustion]+[Boiler_D_Ethane_N2_Combustion]+[Boiler_D_Ethylene_N2_Combustion]+[Boiler_D_Propane_N2_Combustion]+[Boiler_D_Ic4_N2_Combustion]+[Boiler_D_Nc4_N2_Combustion]+[Boiler_D_Ic5_N2_Combustion]+[Boiler_D_Nc5_N2_Combustion],1
2594,3882,[Boiler_D_H2_H2O_Combustion]+[Boiler_D_Ch4_H2O_Combustion]+[Boiler_D_Ethane_H2O_Combustion]+[Boiler_D_Ethylene_H2O_Combustion]+[Boiler_D_Propane_H2O_Combustion]+[Boiler_D_Ic4_H2O_Combustion]+[Boiler_D_Nc4_H2O_Combustion]+[Boiler_D_Ic5_H2O_Combustion]+[Boiler_D_Nc5_H2O_Combustion],1
2595,3883,10^(8.07131-(1730.63/(233.426+([Ambient_Temperature_1])))),1
2596,3884,[Boiler_D_Vapour_Pressure_Of_H2O]/(760-[Boiler_D_Vapour_Pressure_Of_H2O]*[Relative_Humidity_Clean])*[Relative_Humidity_Clean]*18.015/28.96,1
2597,3885,[Boiler_D_Air_Required_For_Complete_Combustion]/(1-[Boiler_D_Air_Moisture]),1
2598,3886,[Boiler_D_H2O_Formed]+([Boiler_D_Corrected_Combustion_Air]-[Boiler_D_Air_Required_For_Complete_Combustion]),1
2599,3887,((28.96*[BOILER_D_FLUE_GAS_OXGYGEN])*(([Boiler_D_N2_Formed]/28.01)+([Boiler_D_Corrected_Combution_H2O_Formed]/18.015)+([Boiler_D_Co2_Formed]/44.01))/(20.95-[BOILER_D_FLUE_GAS_OXGYGEN])),1
2600,3888,[Boiler_D_Excess_Air]+[Boiler_D_Corrected_Combustion_Air],1
2601,3889,[Boiler_D_Air_Fuel_Mass_Ratio]*[Boiler_D_Air_Moisture],1
2602,3890,[Boiler_D_Total_Moisture_With_Air]+[Boiler_D_H2O_Formed],1
2603,3891,(((28.98641)+1.85398*(([Boiler_D_Combustion_Air_Temperature]+273.15)/1000)-9.647459*(([Boiler_D_Combustion_Air_Temperature]+273.15)/1000)^2+16.63537*(([Boiler_D_Combustion_Air_Temperature]+273.15)/1000)^3+(0.000117/(([Boiler_D_Combustion_Air_Temperature]+273.15)/1000)^2))*0.239*0.79)+(((31.32234)-20.23531*(([Boiler_D_Combustion_Air_Temperature]+273.15)/1000)+57.86644*(([Boiler_D_Combustion_Air_Temperature]+273.15)/1000)^2-36.50624*(([Boiler_D_Combustion_Air_Temperature]+273.15)/1000)^3+(-0.007374/(([Boiler_D_Combustion_Air_Temperature]+273.15)/1000)^2))*0.239*0.21),1
2604,3892,(([Boiler_D_Air_Cp_Ref_T]+[Boiler_D_Cp_At_Combustion_Temperature])/2)/28.96,1
2605,3893,((33.066178)-11.363417*(([Boiler_D_Main_Fuel_Gas_Temperature]+273.15)/1000)+11.432816*(([Boiler_D_Main_Fuel_Gas_Temperature]+273.15)/1000)^2-2.772874*(([Boiler_D_Main_Fuel_Gas_Temperature]+273.15)/1000)^3+(-0.158558/(([Boiler_D_Main_Fuel_Gas_Temperature]+273.15)/1000)^2))*0.239,1
2606,3894,((-0.703029)+108.4773*(([Boiler_D_Main_Fuel_Gas_Temperature]+273.15)/1000)-42.52157*(([Boiler_D_Main_Fuel_Gas_Temperature]+273.15)/1000)^2+5.862788*(([Boiler_D_Main_Fuel_Gas_Temperature]+273.15)/1000)^3+(0.678565/(([Boiler_D_Main_Fuel_Gas_Temperature]+273.15)/1000)^2))*0.239,1
2607,3895,(6.08160993967773+173.58246031667*(([Boiler_D_Main_Fuel_Gas_Temperature]+273.15)/1000)-66.9190547406319*(([Boiler_D_Main_Fuel_Gas_Temperature]+273.15)/1000)^2+9.08912024736972*(([Boiler_D_Main_Fuel_Gas_Temperature]+273.15)/1000)^3+(0.129136456966982/(([Boiler_D_Main_Fuel_Gas_Temperature]+273.15)/1000)^2))*0.239,1
2608,3896,(12.6608072783283+232.070245794953*(([Boiler_D_Main_Fuel_Gas_Temperature]+273.15)/1000)-70.3446118121155*(([Boiler_D_Main_Fuel_Gas_Temperature]+273.15)/1000)^2+0.60714221002859*(([Boiler_D_Main_Fuel_Gas_Temperature]+273.15)/1000)^3+(0.0269571781100411/(([Boiler_D_Main_Fuel_Gas_Temperature]+273.15)/1000)^2))*0.239,1
2609,3897,(-6.38788+184.4019*(([Boiler_D_Main_Fuel_Gas_Temperature]+273.15)/1000)-112.9718*(([Boiler_D_Main_Fuel_Gas_Temperature]+273.15)/1000)^2+28.49593*(([Boiler_D_Main_Fuel_Gas_Temperature]+273.15)/1000)^3+0.31554/(([Boiler_D_Main_Fuel_Gas_Temperature]+273.15)/1000)^2)*0.239,1
2610,3898,(22.1581076705715+292.589410831127*(([Boiler_D_Main_Fuel_Gas_Temperature]+273.15)/1000)-85.8165101864775*(([Boiler_D_Main_Fuel_Gas_Temperature]+273.15)/1000)^2-1.01394039648879*(([Boiler_D_Main_Fuel_Gas_Temperature]+273.15)/1000)^3+(0.00634969201331822/(([Boiler_D_Main_Fuel_Gas_Temperature]+273.15)/1000)^2))*0.239,1
2611,3899,(8.32665517242186+344.923323425655*(([Boiler_D_Main_Fuel_Gas_Temperature]+273.15)/1000)--141.649866470373*(([Boiler_D_Main_Fuel_Gas_Temperature]+273.15)/1000)^2-17.402696038734*(([Boiler_D_Main_Fuel_Gas_Temperature]+273.15)/1000)^3+(0.0260047492494904/(([Boiler_D_Main_Fuel_Gas_Temperature]+273.15)/1000)^2))*0.239,1
2612,3900,(-36.7350853904756+580.375772029461*(([Boiler_D_Main_Fuel_Gas_Temperature]+273.15)/1000)-341.586537384626*(([Boiler_D_Main_Fuel_Gas_Temperature]+273.15)/1000)^2-78.4996542134237*(([Boiler_D_Main_Fuel_Gas_Temperature]+273.15)/1000)^3+(1.08616950221781/(([Boiler_D_Main_Fuel_Gas_Temperature]+273.15)/1000)^2))*0.239,1
2613,3901,(-16.1426869390769+517.363683637786*(([Boiler_D_Main_Fuel_Gas_Temperature]+273.15)/1000)-271.314078126683*(([Boiler_D_Main_Fuel_Gas_Temperature]+273.15)/1000)^2-56.1566185580689*(([Boiler_D_Main_Fuel_Gas_Temperature]+273.15)/1000)^3+(0.317133464208019/(([Boiler_D_Main_Fuel_Gas_Temperature]+273.15)/1000)^2))*0.239,1
2614,3902,(([Boiler_D_Fg_Hydrogen_Mass_Fraction]/[Component_Hydrogen_Mw])*6.876+[Boiler_D_Fg_Ch4_Mass_Fraction]/[Component_Methane_Mw]*8.45+([Boiler_D_Fg_Ethylene_Mass_Fraction]/[Component_Ethylene_Mw])*10.02+([Boiler_D_Fg_Ethane_Mass_Fraction]/[Component_Ethane_Mw])*12.52+([Boiler_D_Fg_Propane_Mass_Fraction]/[Component_Propane_Mw]*17.72+([Boiler_D_Fg_Nc4_Mass_Fraction]/[Component_Butane_Mw]*23.79)+([Boiler_D_Fg_Nc5_Mass_Fraction]/[Component_Pentane_Mw]*38.26+[Boiler_D_Fg_Ic4_Mass_Fraction]/[Component_Butane_Mw]*23.79+[Boiler_D_Fg_Ic5_Mass_Fraction]/[Component_Pentane_Mw]*38.26)))*[Boiler_D_Fg_Mw],1
2615,3903,(([Boiler_D_Fg_Hydrogen_Mass_Fraction]/[Component_Hydrogen_Mw])*[Boiler_D_Cp_H2_Fuel_Temp]+[Boiler_D_Fg_Ch4_Mass_Fraction]/[Component_Methane_Mw]*[Boiler_D_Cp_Ch4_Fuel_Temp]+([Boiler_D_Fg_Ethylene_Mass_Fraction]/[Component_Ethylene_Mw])*[Boiler_D_Cp_Ethylene_Fuel_Temp]+([Boiler_D_Fg_Ethane_Mass_Fraction]/[Component_Ethane_Mw])*[Boiler_D_Cp_Ethane_Fuel_Temp]+([Boiler_D_Fg_Propane_Mass_Fraction]/[Component_Propane_Mw]*[Boiler_D_Cp_Propane_Fuel_Temp]+([Boiler_D_Fg_Nc4_Mass_Fraction]/[Component_Butane_Mw]*[Boiler_D_Cp_Nc4_Fuel_Temp])+([Boiler_D_Fg_Nc5_Mass_Fraction]/[Component_Pentane_Mw]*[Boiler_D_Cp_Nc5_Fuel_Temp]+[Boiler_D_Fg_Ic4_Mass_Fraction]/[Boiler_D_Cp_Ic4_Fuel_Temp]*[Component_Butane_Mw]+[Boiler_D_Fg_Ic5_Mass_Fraction]/[Component_Pentane_Mw]*[Boiler_D_Cp_Ic5_Fuel_Temp])))*[Boiler_D_Fg_Mw],1
2616,3904,(([Boiler_D_Cp_Total_Fuel_At_Ref_Temp]+[Boiler_D_Cp_Total_Fuel_At_Fuel_Temp])/[Boiler_D_Fg_Mw])/2,1
2617,3905,[Boiler_D_Excess_Air]*(1-[Boiler_D_Air_Moisture])+[Boiler_D_N2_Formed]+[Boiler_D_Co2_Formed],1
2618,3906,[Boiler_D_Dry_Flue_Gas_Per_Fuel_Mass_Ratio]+[Boiler_D_Total_H2O_Per_Kg_Of_Fuel],1
2619,3907,[Boiler_D_Flue_Gas_Per_Fuel_Mass_Ratio]/([Boiler_D_Co2_Formed]/44.01+[Boiler_D_Total_H2O_Per_Kg_Of_Fuel]/18.015+[Boiler_D_N2_Formed]/28.01+[Boiler_D_Excess_Air]/28.96),1
2620,3908,(((28.98641)+1.85398*(([BOILER_D_STACK_TEMPERATURE]+273.15)/1000)-9.647459*(([BOILER_D_STACK_TEMPERATURE]+273.15)/1000)^2+16.63537*(([BOILER_D_STACK_TEMPERATURE]+273.15)/1000)^3+(0.000117/(([BOILER_D_STACK_TEMPERATURE]+273.15)/1000)^2))*0.239*0.79)+(((31.32234)-20.23531*(([BOILER_D_STACK_TEMPERATURE]+273.15)/1000)+57.86644*(([BOILER_D_STACK_TEMPERATURE]+273.15)/1000)^2-36.50624*(([BOILER_D_STACK_TEMPERATURE]+273.15)/1000)^3+(-0.007374/(([BOILER_D_STACK_TEMPERATURE]+273.15)/1000)^2))*0.239*0.21),1
2621,3909,((24.99735)+55.18696*(([BOILER_D_STACK_TEMPERATURE]+273.15)/1000)-33.69137*(([BOILER_D_STACK_TEMPERATURE]+273.15)/1000)^2+7.948387*(([BOILER_D_STACK_TEMPERATURE]+273.15)/1000)^3+(-0.136638/(([BOILER_D_STACK_TEMPERATURE]+273.15)/1000)^2))*0.239,1
2622,3910,((28.98641)+1.85398*(([BOILER_D_STACK_TEMPERATURE]+273.15)/1000)-9.647459*(([BOILER_D_STACK_TEMPERATURE]+273.15)/1000)^2+16.63537*(([BOILER_D_STACK_TEMPERATURE]+273.15)/1000)^3+(0.000117/(([BOILER_D_STACK_TEMPERATURE]+273.15)/1000)^2))*0.239,1
2623,3911,([Boiler_D_Cp_Flue_Gas_Co2_At_Stack_Temp]*[Boiler_D_Co2_Formed]/44.01+[Boiler_D_Cp_Flue_Gas_N2_At_Stack_Temp]*[Boiler_D_N2_Formed]/28.01+[Boiler_D_Excess_Air]/28.85*[Boiler_D_Cp_Of_Air_At_Stack_Temp])/([Boiler_D_Flue_Gas_Per_Fuel_Mass_Ratio]/[Boiler_D_Flue_Gas_Mw])/[Boiler_D_Flue_Gas_Mw],1
2624,3912,(8.22+0.00015*([BOILER_D_STACK_TEMPERATURE]+273.15)+0.00000134*(([BOILER_D_STACK_TEMPERATURE]+273.15)^2))/18.015,1
2625,3913,"if([Boiler_D_Avg_Cp_Of_Fuel_Gas_Sensible_Heat_Corrected]*([Boiler_D_Main_Fuel_Gas_Temperature]-15.6)<0,0,[Boiler_D_Avg_Cp_Of_Fuel_Gas_Sensible_Heat_Corrected]*([Boiler_D_Main_Fuel_Gas_Temperature]-15.6))",1
2626,3914,[Boiler_D_Air_Cp_For_Sensible_Heat_Corrected]*([Boiler_D_Combustion_Air_Temperature]-15.6)*[Boiler_D_Air_Fuel_Mass_Ratio],1
2627,3915,([Boiler_Lhv]),1
2628,3916,"if([Boiler_D_Status]==0,0,[Boiler_D_Sensible_Heat_Correction_For_Fuel]+[Boiler_D_Sensbile_Heat_Correction_For_Air]+[Boiler_D_Mixed_Lhv_Per_Kg])",1
2629,3917,"if([Boiler_D_Status]==0,0,[Boiler_D_Dry_Flue_Gas_Per_Fuel_Mass_Ratio]*([Boiler_D_Avg_Cp_Of_Flue_Gas_At_Stack_Temp]*([BOILER_D_STACK_TEMPERATURE]-15.6)))",1
2630,3918,"if([Boiler_D_Status]==0,0,9*([Boiler_D_Fg_Hydrogen_Mass_Fraction])*(584+([Boiler_D_Cp_Of_H2O_At_Stack_Temp]*([BOILER_D_STACK_TEMPERATURE]-[Ambient_Temperature_1]))))",1
2631,3919,"if([Boiler_D_Status]==0,0,[Boiler_D_Total_H2O_Per_Kg_Of_Fuel]*([BOILER_D_STACK_TEMPERATURE]*1.77251246754294+2494.5133413964-2529.43)/4.184)",1
2632,3920,"if([Boiler_D_Status]==0,0,0*10^-6*28*5654*[Boiler_D_Boiler_Load])",1
2633,3921,"if([Boiler_D_Status]==0,0,[Boiler_D_Heat_Loss_Due_To_Incomplete_Combustionl4]+[Boiler_D_Heat_Loss_Due_To_H2O_In_Stack_L3]+[Boiler_D_Heat_Loss_Due_To_Dry_Flue_Gas_L1]+[Boiler_D_Heat_Loss_Due_To_Evaporation_Of_Water_Formed_Due_To_H2_In_Fuel_L2])",1
2634,3922,"if([Boiler_D_Status]==0,0,[Boiler_D_Mixed_Lhv_Per_Kg]*(-0.000004*[Boiler_D_Boiler_Load]^3+0.001*[Boiler_D_Boiler_Load]^2-0.0899*[Boiler_D_Boiler_Load]+3.2426)/100)",1
2635,3923,"if([Boiler_D_Status]==0,0,[Boiler_D_Total_Boiler_Stack_Loss_Per_Kg_Fuel]+[Boiler_D_Radiation_Losses])",1
2636,3924,"if([Boiler_D_Status]==0,0,[Boiler_D_Total_Heat_Input_Per_Kg_Of_Fuel]-[Boiler_D_Total_Heat_Loss_Per_Kg_Of_Fuel])",1
2637,3925,"max(92,if([Boiler_D_Status]==0,0,[Boiler_D_Total_Heat_Absorbed_Per_Kg_Of_Fuel]/[Boiler_D_Total_Heat_Input_Per_Kg_Of_Fuel]*100))",1
2638,3926,[BLR_5_HPS_Gen],1
2639,3927,[BLR_5_Status],1
2640,3928,([Boiler_Fg_Ch4_Concentration]+[Boiler_Fg_Ethane_Concentration]+[Boiler_Fg_Ethylene_Concentration]+[Boiler_Fg_Propane_Concentration]+[Boiler_Fg_Nc5_Concentration]+[Boiler_Fg_Ic5_Concentration]+[Boiler_Fg_Ic4_Concentration]+[Boiler_Fg_Nc4_Concentration]+[Boiler_Fg_Hydrogen_Concentration]+[Boiler_Fg_N2_Concentration]),1
2641,3929,[Boiler_Fg_Ch4_Concentration]/[Boiler_E_Fuel_Composition_Total]*100,1
2642,3930,100*([Boiler_Fg_Ethane_Concentration]/[Boiler_E_Fuel_Composition_Total]),1
2643,3931,([Boiler_Fg_Ethylene_Concentration]/[Boiler_E_Fuel_Composition_Total])*100,1
2644,3932,100*([Boiler_Fg_Propane_Concentration]/[Boiler_E_Fuel_Composition_Total]),1
2645,3933,100*([Boiler_Fg_Ic4_Concentration]/[Boiler_E_Fuel_Composition_Total]),1
2646,3934,100*([Boiler_Fg_Nc4_Concentration]/[Boiler_E_Fuel_Composition_Total]),1
2647,3935,100*([Boiler_Fg_Nc5_Concentration]/[Boiler_E_Fuel_Composition_Total]),1
2648,3936,100*([Boiler_Fg_Ic5_Concentration]/[Boiler_E_Fuel_Composition_Total]),1
2649,3937,[Boiler_Fg_N2_Concentration]/[Boiler_E_Fuel_Composition_Total]*100,1
2650,3938,100*([Boiler_Fg_Hydrogen_Concentration]/[Boiler_E_Fuel_Composition_Total]),1
2651,3939,([Normalized_Boiler_E_Fg_Ch4_Concentration]*[Component_Methane_Mw]+[Normalized_Boiler_E_Fg_Ethane_Concentration]*[Component_Ethane_Mw]+[Normalized_Boiler_E_Fg_Ethylene_Concentration]*[Component_Ethylene_Mw]+[Normalized_Boiler_E_Fg_Propane_Concentration]*[Component_Propane_Mw]+[Normalized_Boiler_E_Fg_Ic4_Concentration]*[Component_Butane_Mw]+[Normalized_Boiler_E_Fg_Nc5_Concentration]*[Component_Pentane_Mw]+[Normalized_Boiler_E_Fg_Hydrogen_Concentration]*[Component_Hydrogen_Mw]+[Normalized_Boiler_E_Fg_N2_Concentration]*[Component_Nitrogen_Mw]+[Normalized_Boiler_E_Fg_Nc4_Concentration]*[Component_Butane_Mw]+[Normalized_Boiler_E_Fg_Ic5_Concentration]*[Component_Pentane_Mw])/100,1
2652,3940,[Normalized_Boiler_E_Fg_Ch4_Concentration]*[Component_Methane_Mw]/[Boiler_E_Fg_Mw],1
2653,3941,[Normalized_Boiler_E_Fg_Ethane_Concentration]*[Component_Ethane_Mw]/[Boiler_E_Fg_Mw],1
2654,3942,[Normalized_Boiler_E_Fg_Ethylene_Concentration]*[Component_Ethylene_Mw]/[Boiler_E_Fg_Mw],1
2655,3943,[Normalized_Boiler_E_Fg_Propane_Concentration]*[Component_Propane_Mw]/[Boiler_E_Fg_Mw],1
2656,3944,[Normalized_Boiler_E_Fg_N2_Concentration]*[Component_Nitrogen_Mw]/[Boiler_E_Fg_Mw],1
2657,3945,[Normalized_Boiler_E_Fg_Hydrogen_Concentration]*[Component_Hydrogen_Mw]/[Boiler_E_Fg_Mw],1
2658,3946,[Normalized_Boiler_E_Fg_Ic4_Concentration]*[Component_Butane_Mw]/[Boiler_E_Fg_Mw],1
2659,3947,[Normalized_Boiler_E_Fg_Nc4_Concentration]*[Component_Butane_Mw]/[Boiler_E_Fg_Mw],1
2660,3948,[Normalized_Boiler_E_Fg_Nc5_Concentration]*[Component_Pentane_Mw]/[Boiler_E_Fg_Mw],1
2661,3949,[Normalized_Boiler_E_Fg_Ic5_Concentration]*[Component_Pentane_Mw]/[Boiler_E_Fg_Mw],1
2662,3950,[Boiler_E_Fg_Ch4_Mass_Percentage]+[Boiler_E_Fg_Ethane_Mass_Percentage]+[Boiler_E_Fg_Ethylene_Mass_Percentage]+[Boiler_E_Fg_Propane_Mass_Percentage]+[Boiler_E_Fg_Hydrogen_Mass_Percentage]+[Boiler_E_Fg_Nitrogen_Mass_Percentage]+[Boiler_E_Fg_Ic4_Mass_Percentage]+[Boiler_E_Fg_Nc4_Mass_Percentage]+[Boiler_E_Fg_Nc5_Mass_Percentage]+[Boiler_E_Fg_Ic5_Mass_Percentage],1
2663,3951,[Boiler_E_Fg_Ch4_Mass_Percentage]/[Boiler_E_Total_Fuel_Compostion_Mass],1
2664,3952,[Boiler_E_Fg_Ethane_Mass_Percentage]/[Boiler_E_Total_Fuel_Compostion_Mass],1
2665,3953,[Boiler_E_Fg_Ethylene_Mass_Percentage]/[Boiler_E_Total_Fuel_Compostion_Mass],1
2666,3954,[Boiler_E_Fg_Propane_Mass_Percentage]/[Boiler_E_Total_Fuel_Compostion_Mass],1
2667,3955,[Boiler_E_Fg_Hydrogen_Mass_Percentage]/[Boiler_E_Total_Fuel_Compostion_Mass],1
2668,3956,[Boiler_E_Fg_Ic4_Mass_Percentage]/[Boiler_E_Total_Fuel_Compostion_Mass],1
2669,3957,[Boiler_E_Fg_Nc4_Mass_Percentage]/[Boiler_E_Total_Fuel_Compostion_Mass],1
2670,3958,[Boiler_E_Fg_Nc5_Mass_Percentage]/[Boiler_E_Total_Fuel_Compostion_Mass],1
2671,3959,[Boiler_E_Fg_Ic5_Mass_Percentage]/[Boiler_E_Total_Fuel_Compostion_Mass],1
2672,3960,[Boiler_E_Fg_Hydrogen_Mass_Fraction]*34.344,1
2673,3961,[Boiler_E_Fg_Ch4_Mass_Fraction]*17.265,1
2674,3962,[Boiler_D_Fg_Ethane_Mass_Fraction]*16.119,1
2675,3963,[Boiler_E_Fg_Ethylene_Mass_Fraction]*14.807,1
2676,3964,[Boiler_E_Fg_Propane_Mass_Fraction]*15.703,1
2677,3965,[Boiler_E_Fg_Nc4_Mass_Fraction]*15.487,1
2678,3966,[Boiler_E_Fg_Ic4_Mass_Fraction]*15.487,1
2679,3967,[Boiler_E_Fg_Nc5_Mass_Fraction]*15.353,1
2680,3968,[Boiler_E_Fg_Ic5_Mass_Fraction]*15.353,1
2681,3969,[Boiler_E_Fg_Ch4_Mass_Fraction]*2.744,1
2682,3970,[Boiler_E_Fg_Ethane_Mass_Fraction]*2.927,1
2683,3971,[Boiler_E_Fg_Ethylene_Mass_Fraction]*3.138,1
2684,3972,[Boiler_E_Fg_Propane_Mass_Fraction]*2.994,1
2685,3973,[Boiler_E_Fg_Nc4_Mass_Fraction]*3.029,1
2686,3974,[Boiler_E_Fg_Ic4_Mass_Fraction]*3.029,1
2687,3975,[Boiler_E_Fg_Nc5_Mass_Fraction]*3.05,1
2688,3976,[Boiler_E_Fg_Ic5_Mass_Fraction]*3.05,1
2689,3977,[Boiler_E_Fg_Hydrogen_Mass_Fraction]*26.407,1
2690,3978,[Boiler_E_Fg_Ch4_Mass_Fraction]*13.275,1
2691,3979,[Boiler_E_Fg_Ethane_Mass_Fraction]*12.394,1
2692,3980,[Boiler_E_Fg_Ethylene_Mass_Fraction]*11.385,1
2693,3981,[Boiler_E_Fg_Propane_Mass_Fraction]*12.074,1
2694,3982,[Boiler_E_Fg_Ic4_Mass_Fraction]*11.908,1
2695,3983,[Boiler_E_Fg_Nc4_Mass_Fraction]*11.908,1
2696,3984,[Boiler_E_Fg_Ic5_Mass_Fraction]*11.805,1
2697,3985,[Boiler_E_Fg_Nc5_Mass_Fraction]*11.805,1
2698,3986,[Boiler_E_Fg_Hydrogen_Mass_Fraction]*8.937,1
2699,3987,[Boiler_E_Fg_Ch4_Mass_Fraction]*2.246,1
2700,3988,[Boiler_E_Fg_Ethane_Mass_Fraction]*1.798,1
2701,3989,[Boiler_E_Fg_Ethylene_Mass_Fraction]*1.285,1
2702,3990,[Boiler_E_Fg_Propane_Mass_Fraction]*1.634,1
2703,3991,[Boiler_E_Fg_Nc4_Mass_Fraction]*1.55,1
2704,3992,[Boiler_E_Fg_Ic4_Mass_Fraction]*1.55,1
2705,3993,[Boiler_E_Fg_Ic5_Mass_Fraction]*1.498,1
2706,3994,[Boiler_E_Fg_Nc5_Mass_Fraction]*1.498,1
2707,3995,[Boiler_E_Air_Required_For_H2_Combustion]+[Boiler_E_Air_Required_For_Ch4_Combustion]+[Boiler_E_Air_Required_For_Ethane_Combustion]+[Boiler_E_Air_Required_For_Ethylene_Combustion]+[Boiler_E_Air_Required_For_Propane_Combustion]+[Boiler_E_Air_Required_For_Nc4_Combustion]+[Boiler_E_Air_Required_For_Ic4_Combustion]+[Boiler_E_Air_Required_For_Nc5_Combustion]+[Boiler_E_Air_Required_For_Ic5_Combustion],1
2708,3996,[Boiler_E_Ch4_Co2_Combustion]+[Boiler_E_Ethane_Co2_Combustion]+[Boiler_E_Ethylene_Co2_Combustion]+[Boiler_E_Propane_Co2_Combustion]+[Boiler_E_Nc4_Co2_Combustion]+[Boiler_E_Ic4_Co2_Combustion]+[Boiler_E_Nc5_Co2_Combustion]+[Boiler_E_Ic5_Co2_Combustion],1
2709,3997,[Boiler_E_H2_N2_Combustion]+[Boiler_E_Ch4_N2_Combustion]+[Boiler_E_Ethane_N2_Combustion]+[Boiler_E_Ethylene_N2_Combustion]+[Boiler_E_Propane_N2_Combustion]+[Boiler_E_Ic4_N2_Combustion]+[Boiler_E_Nc4_N2_Combustion]+[Boiler_E_Ic5_N2_Combustion]+[Boiler_E_Nc5_N2_Combustion],1
2710,3998,[Boiler_E_H2_H2O_Combustion]+[Boiler_E_Ch4_H2O_Combustion]+[Boiler_E_Ethane_H2O_Combustion]+[Boiler_E_Ethylene_H2O_Combustion]+[Boiler_E_Propane_H2O_Combustion]+[Boiler_E_Ic4_H2O_Combustion]+[Boiler_E_Nc4_H2O_Combustion]+[Boiler_E_Ic5_H2O_Combustion]+[Boiler_E_Nc5_H2O_Combustion],1
2711,3999,10^(8.07131-(1730.63/(233.426+([Ambient_Temperature_1])))),1
2712,4000,[Boiler_E_Vapour_Pressure_Of_H2O]/(760-[Boiler_E_Vapour_Pressure_Of_H2O]*[Relative_Humidity_Clean])*[Relative_Humidity_Clean]*18.015/28.96,1
2713,4001,[Boiler_E_Air_Required_For_Complete_Combustion]/(1-[Boiler_E_Air_Moisture]),1
2714,4002,[Boiler_E_H2O_Formed]+([Boiler_E_Corrected_Combustion_Air]-[Boiler_E_Air_Required_For_Complete_Combustion]),1
2715,4003,((28.96*[BOILER_E_FLUE_GAS_OXGYGEN])*(([Boiler_E_N2_Formed]/28.01)+([Boiler_E_Corrected_Combution_H2O_Formed]/18.015)+([Boiler_E_Co2_Formed]/44.01))/(20.95-[BOILER_E_FLUE_GAS_OXGYGEN])),1
2716,4004,[Boiler_E_Excess_Air]+[Boiler_E_Corrected_Combustion_Air],1
2717,4005,[Boiler_E_Air_Fuel_Mass_Ratio]*[Boiler_E_Air_Moisture],1
2718,4006,[Boiler_E_Total_Moisture_With_Air]+[Boiler_E_H2O_Formed],1
2719,4007,(((28.98641)+1.85398*(([Boiler_E_Combustion_Air_Temp]+273.15)/1000)-9.647459*(([Boiler_E_Combustion_Air_Temp]+273.15)/1000)^2+16.63537*(([Boiler_E_Combustion_Air_Temp]+273.15)/1000)^3+(0.000117/(([Boiler_E_Combustion_Air_Temp]+273.15)/1000)^2))*0.239*0.79)+(((31.32234)-20.23531*(([Boiler_E_Combustion_Air_Temp]+273.15)/1000)+57.86644*(([Boiler_E_Combustion_Air_Temp]+273.15)/1000)^2-36.50624*(([Boiler_E_Combustion_Air_Temp]+273.15)/1000)^3+(-0.007374/(([Boiler_E_Combustion_Air_Temp]+273.15)/1000)^2))*0.239*0.21),1
2720,4008,(([Boiler_E_Air_Cp_Ref_T]+[Boiler_E_Cp_At_Combustion_Temperature])/2)/28.96,1
2721,4009,((33.066178)-11.363417*(([Boiler_E_Main_Fuel_Gas_Temperature]+273.15)/1000)+11.432816*(([Boiler_E_Main_Fuel_Gas_Temperature]+273.15)/1000)^2-2.772874*(([Boiler_E_Main_Fuel_Gas_Temperature]+273.15)/1000)^3+(-0.158558/(([Boiler_E_Main_Fuel_Gas_Temperature]+273.15)/1000)^2))*0.239,1
2722,4010,((-0.703029)+108.4773*(([Boiler_E_Main_Fuel_Gas_Temperature]+273.15)/1000)-42.52157*(([Boiler_E_Main_Fuel_Gas_Temperature]+273.15)/1000)^2+5.862788*(([Boiler_E_Main_Fuel_Gas_Temperature]+273.15)/1000)^3+(0.678565/(([Boiler_E_Main_Fuel_Gas_Temperature]+273.15)/1000)^2))*0.239,1
2723,4011,(6.08160993967773+173.58246031667*(([Boiler_E_Main_Fuel_Gas_Temperature]+273.15)/1000)-66.9190547406319*(([Boiler_E_Main_Fuel_Gas_Temperature]+273.15)/1000)^2+9.08912024736972*(([Boiler_E_Main_Fuel_Gas_Temperature]+273.15)/1000)^3+(0.129136456966982/(([Boiler_E_Main_Fuel_Gas_Temperature]+273.15)/1000)^2))*0.239,1
2724,4012,(12.6608072783283+232.070245794953*(([Boiler_E_Main_Fuel_Gas_Temperature]+273.15)/1000)-70.3446118121155*(([Boiler_E_Main_Fuel_Gas_Temperature]+273.15)/1000)^2+0.60714221002859*(([Boiler_E_Main_Fuel_Gas_Temperature]+273.15)/1000)^3+(0.0269571781100411/(([Boiler_E_Main_Fuel_Gas_Temperature]+273.15)/1000)^2))*0.239,1
2725,4013,(-6.38788+184.4019*(([Boiler_E_Main_Fuel_Gas_Temperature]+273.15)/1000)-112.9718*(([Boiler_E_Main_Fuel_Gas_Temperature]+273.15)/1000)^2+28.49593*(([Boiler_E_Main_Fuel_Gas_Temperature]+273.15)/1000)^3+0.31554/(([Boiler_E_Main_Fuel_Gas_Temperature]+273.15)/1000)^2)*0.239,1
2726,4014,(22.1581076705715+292.589410831127*(([Boiler_E_Main_Fuel_Gas_Temperature]+273.15)/1000)-85.8165101864775*(([Boiler_E_Main_Fuel_Gas_Temperature]+273.15)/1000)^2-1.01394039648879*(([Boiler_E_Main_Fuel_Gas_Temperature]+273.15)/1000)^3+(0.00634969201331822/(([Boiler_E_Main_Fuel_Gas_Temperature]+273.15)/1000)^2))*0.239,1
2727,4015,(8.32665517242186+344.923323425655*(([Boiler_E_Main_Fuel_Gas_Temperature]+273.15)/1000)--141.649866470373*(([Boiler_E_Main_Fuel_Gas_Temperature]+273.15)/1000)^2-17.402696038734*(([Boiler_E_Main_Fuel_Gas_Temperature]+273.15)/1000)^3+(0.0260047492494904/(([Boiler_E_Main_Fuel_Gas_Temperature]+273.15)/1000)^2))*0.239,1
2728,4016,(-36.7350853904756+580.375772029461*(([Boiler_E_Main_Fuel_Gas_Temperature]+273.15)/1000)-341.586537384626*(([Boiler_E_Main_Fuel_Gas_Temperature]+273.15)/1000)^2-78.4996542134237*(([Boiler_E_Main_Fuel_Gas_Temperature]+273.15)/1000)^3+(1.08616950221781/(([Boiler_E_Main_Fuel_Gas_Temperature]+273.15)/1000)^2))*0.239,1
2729,4017,(-16.1426869390769+517.363683637786*(([Boiler_E_Main_Fuel_Gas_Temperature]+273.15)/1000)-271.314078126683*(([Boiler_E_Main_Fuel_Gas_Temperature]+273.15)/1000)^2-56.1566185580689*(([Boiler_E_Main_Fuel_Gas_Temperature]+273.15)/1000)^3+(0.317133464208019/(([Boiler_E_Main_Fuel_Gas_Temperature]+273.15)/1000)^2))*0.239,1
2730,4018,(([Boiler_E_Fg_Hydrogen_Mass_Fraction]/[Component_Hydrogen_Mw])*6.876+[Boiler_E_Fg_Ch4_Mass_Fraction]/[Component_Methane_Mw]*8.45+([Boiler_E_Fg_Ethylene_Mass_Fraction]/[Component_Ethylene_Mw])*10.02+([Boiler_E_Fg_Ethane_Mass_Fraction]/[Component_Ethane_Mw])*12.52+([Boiler_E_Fg_Propane_Mass_Fraction]/[Component_Propane_Mw]*17.72+([Boiler_E_Fg_Nc4_Mass_Fraction]/[Component_Butane_Mw]*23.79)+([Boiler_E_Fg_Nc5_Mass_Fraction]/[Component_Pentane_Mw]*38.26+[Boiler_E_Fg_Ic4_Mass_Fraction]/[Component_Butane_Mw]*23.79+[Boiler_E_Fg_Ic5_Mass_Fraction]/[Component_Pentane_Mw]*38.26)))*[Boiler_E_Fg_Mw],1
2731,4019,(([Boiler_E_Fg_Hydrogen_Mass_Fraction]/[Component_Hydrogen_Mw])*[Boiler_E_Cp_H2_Fuel_Temp]+[Boiler_E_Fg_Ch4_Mass_Fraction]/[Component_Methane_Mw]*[Boiler_E_Cp_Ch4_Fuel_Temp]+([Boiler_E_Fg_Ethylene_Mass_Fraction]/[Component_Ethylene_Mw])*[Boiler_E_Cp_Ethylene_Fuel_Temp]+([Boiler_E_Fg_Ethane_Mass_Fraction]/[Component_Ethane_Mw])*[Boiler_E_Cp_Ethane_Fuel_Temp]+([Boiler_E_Fg_Propane_Mass_Fraction]/[Component_Propane_Mw]*[Boiler_E_Cp_Propane_Fuel_Temp]+([Boiler_E_Fg_Nc4_Mass_Fraction]/[Component_Butane_Mw]*[Boiler_E_Cp_Nc4_Fuel_Temp])+([Boiler_E_Fg_Nc5_Mass_Fraction]/[Component_Pentane_Mw]*[Boiler_E_Cp_Nc5_Fuel_Temp]+[Boiler_E_Fg_Ic4_Mass_Fraction]/[Boiler_E_Cp_Ic4_Fuel_Temp]*[Component_Butane_Mw]+[Boiler_E_Fg_Ic5_Mass_Fraction]/[Component_Pentane_Mw]*[Boiler_E_Cp_Ic5_Fuel_Temp])))*[Boiler_E_Fg_Mw],1
2732,4020,(([Boiler_E_Cp_Total_Fuel_At_Ref_Temp]+[Boiler_E_Cp_Total_Fuel_At_Fuel_Temp])/[Boiler_E_Fg_Mw])/2,1
2733,4021,[Boiler_E_Excess_Air]*(1-[Boiler_E_Air_Moisture])+[Boiler_E_N2_Formed]+[Boiler_E_Co2_Formed],1
2734,4022,[Boiler_E_Dry_Flue_Gas_Per_Fuel_Mass_Ratio]+[Boiler_E_Total_H2O_Per_Kg_Of_Fuel],1
2735,4023,[Boiler_E_Flue_Gas_Per_Fuel_Mass_Ratio]/([Boiler_E_Co2_Formed]/44.01+[Boiler_E_Total_H2O_Per_Kg_Of_Fuel]/18.015+[Boiler_E_N2_Formed]/28.01+[Boiler_E_Excess_Air]/28.96),1
2736,4024,(((28.98641)+1.85398*(([BOILER_E_STACK_TEMPERATURE]+273.15)/1000)-9.647459*(([BOILER_E_STACK_TEMPERATURE]+273.15)/1000)^2+16.63537*(([BOILER_E_STACK_TEMPERATURE]+273.15)/1000)^3+(0.000117/(([BOILER_E_STACK_TEMPERATURE]+273.15)/1000)^2))*0.239*0.79)+(((31.32234)-20.23531*(([BOILER_E_STACK_TEMPERATURE]+273.15)/1000)+57.86644*(([BOILER_E_STACK_TEMPERATURE]+273.15)/1000)^2-36.50624*(([BOILER_E_STACK_TEMPERATURE]+273.15)/1000)^3+(-0.007374/(([BOILER_E_STACK_TEMPERATURE]+273.15)/1000)^2))*0.239*0.21),1
2737,4025,((24.99735)+55.18696*(([BOILER_E_STACK_TEMPERATURE]+273.15)/1000)-33.69137*(([BOILER_E_STACK_TEMPERATURE]+273.15)/1000)^2+7.948387*(([BOILER_E_STACK_TEMPERATURE]+273.15)/1000)^3+(-0.136638/(([BOILER_E_STACK_TEMPERATURE]+273.15)/1000)^2))*0.239,1
2738,4026,((28.98641)+1.85398*(([BOILER_E_STACK_TEMPERATURE]+273.15)/1000)-9.647459*(([BOILER_E_STACK_TEMPERATURE]+273.15)/1000)^2+16.63537*(([BOILER_E_STACK_TEMPERATURE]+273.15)/1000)^3+(0.000117/(([BOILER_E_STACK_TEMPERATURE]+273.15)/1000)^2))*0.239,1
2739,4027,([Boiler_E_Cp_Flue_Gas_Co2_At_Stack_Temp]*[Boiler_E_Co2_Formed]/44.01+[Boiler_E_Cp_Flue_Gas_N2_At_Stack_Temp]*[Boiler_E_N2_Formed]/28.01+[Boiler_E_Excess_Air]/28.85*[Boiler_E_Cp_Of_Air_At_Stack_Temp])/([Boiler_E_Flue_Gas_Per_Fuel_Mass_Ratio]/[Boiler_E_Flue_Gas_Mw])/[Boiler_E_Flue_Gas_Mw],1
2740,4028,(8.22+0.00015*([BOILER_E_STACK_TEMPERATURE]+273.15)+0.00000134*(([BOILER_E_STACK_TEMPERATURE]+273.15)^2))/18.015,1
2741,4029,"if([Boiler_E_Avg_Cp_Of_Fuel_Gas_Sensible_Heat_Corrected]*([Boiler_E_Main_Fuel_Gas_Temperature]-15.6)<0,0,[Boiler_E_Avg_Cp_Of_Fuel_Gas_Sensible_Heat_Corrected]*([Boiler_E_Main_Fuel_Gas_Temperature]-15.6))",1
2742,4030,[Boiler_E_Air_Cp_For_Sensible_Heat_Corrected]*([Boiler_E_Combustion_Air_Temp]-15.6)*[Boiler_E_Air_Fuel_Mass_Ratio],1
2743,4031,([Boiler_Lhv]),1
2744,4032,"if([Boiler_E_Status]==0,0,[Boiler_E_Sensible_Heat_Correction_For_Fuel]+[Boiler_E_Sensbile_Heat_Correction_For_Air]+[Boiler_E_Mixed_Lhv_Per_Kg])",1
2745,4033,"if([Boiler_E_Status]==0,0,[Boiler_E_Dry_Flue_Gas_Per_Fuel_Mass_Ratio]*([Boiler_E_Avg_Cp_Of_Flue_Gas_At_Stack_Temp]*([BOILER_E_STACK_TEMPERATURE]-15.6)))",1
2746,4034,"if([Boiler_E_Status]==0,0,9*([Boiler_E_Fg_Hydrogen_Mass_Fraction])*(584+([Boiler_E_Cp_Of_H2O_At_Stack_Temp])*([BOILER_E_STACK_TEMPERATURE]-[Ambient_Temperature_1])))",1
2747,4035,"if([Boiler_E_Status]==0,0,[Boiler_E_Total_H2O_Per_Kg_Of_Fuel]*([BOILER_E_STACK_TEMPERATURE]*1.77251246754294+2494.5133413964-2529.43)/4.184)",1
2748,4036,"if([Boiler_E_Status]==0,0,0*10^-6*28*5654*[Boiler_E_Boiler_Load])",1
2749,4037,"if([Boiler_E_Status]==0,0,[Boiler_E_Heat_Loss_Due_To_Incomplete_Combustionl4]+[Boiler_E_Heat_Loss_Due_To_H2O_In_Stack_L3]+[Boiler_E_Heat_Loss_Due_To_Dry_Flue_Gas_L1]+[Boiler_E_Heat_Loss_Due_To_Evaporation_Of_Water_Formed_Due_To_H2_In_Fuel_L2])",1
2750,4038,"if([Boiler_E_Status]==0,0,[Boiler_E_Mixed_Lhv_Per_Kg]*(-0.000004*[Boiler_E_Boiler_Load]^3+0.001*[Boiler_E_Boiler_Load]^2-0.0899*[Boiler_E_Boiler_Load]+3.2426)/100)",1
2751,4039,"if([Boiler_E_Status]==0,0,[Boiler_E_Total_Boiler_Stack_Loss_Per_Kg_Fuel]+[Boiler_E_Radiation_Losses])",1
2752,4040,"if([Boiler_E_Status]==0,0,[Boiler_E_Total_Heat_Input_Per_Kg_Of_Fuel]-[Boiler_E_Total_Heat_Loss_Per_Kg_Of_Fuel])",1
2753,4041,"max(92,if([Boiler_E_Status]==0,0,[Boiler_E_Total_Heat_Absorbed_Per_Kg_Of_Fuel]/[Boiler_E_Total_Heat_Input_Per_Kg_Of_Fuel]*100))",1
2754,4043,[Boiler_A_Boiler_Indirect_Efficiency],1
2755,4044,[Boiler_B_Boiler_Indirect_Efficiency],1
2756,4045,[Boiler_C_Boiler_Indirect_Efficiency],1
2757,4046,[Boiler_D_Boiler_Indirect_Efficiency],1
2758,4047,[Boiler_E_Boiler_Indirect_Efficiency],1
2759,4048,"if([BLR_1_Status]==0,0,[Fuel_BLR_1]-[Fuel_BLR_1_excess_o2_correction]*[BLR_Fuel_saving_potential_switch])",1
2760,4049,"if([BLR_2_Status]==0,0,[Fuel_BLR_2]-[Fuel_BLR_2_excess_o2_correction]*[BLR_Fuel_saving_potential_switch])",1
2761,4050,"if([BLR_3_Status]==0,0,[Fuel_BLR_3]-[Fuel_BLR_3_excess_o2_correction]*[BLR_Fuel_saving_potential_switch])",1
2762,4051,"if([BLR_4_Status]==0,0,[Fuel_BLR_4]-[Fuel_BLR_4_excess_o2_correction]*[BLR_Fuel_saving_potential_switch])",1
2763,4052,"if([BLR_5_Status]==0,0,[Fuel_BLR_5]-[Fuel_BLR_5_excess_o2_correction]*[BLR_Fuel_saving_potential_switch])",1
2764,4053,"round([Fuel_BLR_1_corrected]+[Fuel_BLR_2_corrected]+[Fuel_BLR_3_corrected]+[Fuel_BLR_4_corrected]+[Fuel_BLR_5_corrected]-([Fuel_wrt_CBD_Saving])-[BLR_Fuel_saving_potential],3)",1
2765,4054,0,1
2766,4059,"if([act_running]==1,[Sea_Water_Conductivity],8)",1
2767,4055,"if([Total_CW_Demand_including_EG3]==0,0,(([CW_Makeup_1]/1000+[CW_Makeup_2])*(0.06300+0.0037747162)*(1/3.75))*1000/[Total_CW_Demand_including_EG3])",1
2768,4056,"if([Total_CW_Demand_including_EG3]==0,0,(([CW_Makeup_1]/1000+[CW_Makeup_2])*(0.06300+0.0037747162)*(1/3.75)))",1
2769,4057,[CW_Closed_circuit_chem_cost_per_hr]+[Sea_water_cost],1
2770,4058,"if([Total_CW_Demand_including_EG3]==0,0,(([CW_Motors_Running]+[CW_Motor_7814A_Status]+[CW_Motor_7814B_Status]+[CW_Motor_7814C_Status])*(2295/1000)*3.6*[Power_Rate]+([CW_Turbine_A_Steam]+[CW_Turbine_B_Steam]+[CW_Turbine_G_Steam])*([HP_Steam_Enthalpy]-[LP_Steam_Enthalpy])*4.184*([HP_Steam_Cost]/([HP_Steam_Enthalpy]*4.184/1000))/1000)*1000/[Total_CW_Demand_including_EG3])",1
2771,4060,"if((abs([CW_Chem_bill_actual]-[CW_Chem_bill_optimum]))>0.5,([CW_Chem_bill_actual]-[CW_Chem_bill_optimum]),0)",1
2772,4061,1,1
2773,4062,1,1
2774,4063,1,1
2775,4064,1,1
2776,4065,1,1
2777,4066,1,1
2778,4067,1,1
2779,4068,0,1
2780,4069,1,1
2781,4070,1,1
2782,4071,0,1
2783,4072,([Plant_HP_Steam_Demand]*[HP_Steam_Enthalpy]*4.184/1000+[Plant_MP_Steam_Demand]*[MP_Steam_Enthalpy]*4.184/1000+[Plant_LP_Steam_Demand]*[LP_Steam_Enthalpy]*4.184/1000)*(1-[Whatif_running]) +[Fuel_Consumption_Plants]*[LHV]+[Power_Consumption_Plants]*3.6,1
2784,4079,[ETH_Power_Consumption]+[EOEG_1_Power_Consumption]+[EOEG_2_Power_Consumption]+[EOEG_3_Power_Consumption]+[LAO_Power_Consumption]+[CO2_Power_Consumption],1
2785,4080,[UO_Power_Consumption_without_Drives],1
2786,4081,[Total_Power_for_Drives]+[Power_Consumption_Plant_U_O]+[CW_Motor_7814A_Power] +[CW_Motor_7814B_Power]+[CW_Motor_7814C_Power]+[Sea_CT_Fans_all]*[Sea_CT_Fan_power]/1000,1
2787,4073,[NG_Fuel_to_EG1]+[NG_Fuel_to_EG2]+[NG_Fuel_to_EG3],1
2788,4074,[FUEL_GAS_From_UO_to_ETH]+[FUEL_GAS_From_UO_to_LAO],1
2789,4075,[Fuel_Consumption_Plants_fixed]+[Fuel_Consumption_Plants_changes],1
2790,4076,[FUEL_GAS_From_UO_to_Flare]+[FUEL_GAS_From_UO_to_Incinerator],1
2791,4077,[TAILGAS_From_EG1_to_UO]+[TAILGAS_From_EG2_to_UO]+[TAILGAS_From_EG3_to_UO]+[ETHANE_Fuel_From_ETH_to_UO],1
2792,4078,[Total_Fuel_for_Boilers_corrected]+[Fuel_Consumption_Plants_U_O],1
2793,4082,[FDF_A_Motor_Power]*3.6*[Power_Rate]/1000,1
2794,4083,[FDF_B_Motor_Power]*3.6*[Power_Rate]/1000,1
2795,4084,[BFW_A_Motor_Power]*3.6*[Power_Rate],1
2796,4085,[BFW_D_Motor_Power]*3.6*[Power_Rate],1
2797,4086,[BFW_F_Motor_Power]*3.6*[Power_Rate],1
2798,4087,[VHP_BFW_A_Motor_Power]*3.6*[Power_Rate],1
2799,4088,[CW_Motor_C_Power]*3.6*[Power_Rate],1
2800,4089,[CW_Motor_D_Power]*3.6*[Power_Rate],1
2801,4090,[CW_Motor_E_Power]*3.6*[Power_Rate],1
2802,4091,[CW_Motor_F_Power]*3.6*[Power_Rate],1
2803,4092,[Air_Compressor_Motor_B_Power]*3.6*[Power_Rate],1
2804,4093,[Air_Compressor_Motor_C_Power]*3.6*[Power_Rate],1
2805,4094,[UO_Power_Consumption_without_Drives]*3.6*[Power_Rate],1
2806,4095,[Fuel_BLR_1_corrected]*[LHV]*[Fuel_Rate],1
2807,4096,[Fuel_BLR_2_corrected]*[LHV]*[Fuel_Rate],1
2808,4097,[Fuel_BLR_3_corrected]*[LHV]*[Fuel_Rate],1
2809,4098,[Fuel_BLR_4_corrected]*[LHV]*[Fuel_Rate],1
2810,4099,[Fuel_BLR_5_corrected]*[LHV]*[Fuel_Rate],1
2811,4100,[FUEL_GAS_From_UO_to_Flare]*[LHV]*[Fuel_Rate],1
2812,4101,[FUEL_GAS_From_UO_to_Incinerator]*[LHV]*[Fuel_Rate],1
2813,4102,[Plant_HP_Steam_Demand]*[HP_Steam_Cost],1
2814,4103,[Plant_MP_Steam_Demand]*[MP_steam_generation_Cost],1
2815,4104,[Plant_LP_Steam_Demand]*[LP_Steam_Cost],1
2816,4105,[NG_Fuel_to_EG1]*[LHV]*[Fuel_Rate],1
2817,4106,[NG_Fuel_to_EG2]*[LHV]*[Fuel_Rate],1
2818,4107,[NG_Fuel_to_EG3]*[LHV]*[Fuel_Rate],1
2819,4108,[FUEL_GAS_From_UO_to_ETH]*[LHV]*[Fuel_Rate],1
2820,4109,[FUEL_GAS_From_UO_to_LAO]*[LHV]*[Fuel_Rate],1
2821,4154,[EG1_LP_to_C_2220]+[EG1_LP_to_E_2220],1
2822,4155,[EG1_LP_to_C_2310]+[EG1_LP_to_E_2310],1
2823,4156,[EG1_MP_to_E_2620]+[EG1_MP_to_E_2624],1
2824,4157,[EG2_LP_to_C_4220]+[EG2_LP_to_E_4220],1
2825,4158,[EG2_LP_to_C_4310]+[EG2_LP_to_E_4310],1
2826,4159,[EG2_MP_to_E_4620]+[EG2_MP_to_E_4624],1
2827,4160,[EG3_LP_to_E_6220]+[EG3_LP_to_C_6220],1
2828,4161,[EG3_MP_to_E_6620]+[EG3_MP_to_E_6624],1
2829,4162,[BOILER_A_STACK_TEMPERATURE]*[BLR_1_Status],1
2830,4163,[BLR_1_HPS_Gen]*[BLR_1_Status],1
2831,4164,[BOILER_A_FLUE_GAS_OXGYGEN],1
2832,4165,[BOILER_A_CONDUCTIVITY]*[BLR_1_Status],1
2833,4166,[BOILER_B_STACK_TEMPERATURE]*[BLR_2_Status],1
2834,4167,[BLR_2_HPS_Gen]*[BLR_2_Status],1
2835,4168,[BOILER_B_FLUE_GAS_OXGYGEN],1
2836,4169,[BOILER_B_CONDUCTIVITY]*[BLR_2_Status],1
2837,4170,[BOILER_C_STACK_TEMPERATURE]*[BLR_3_Status],1
2838,4171,[BLR_3_HPS_Gen]*[BLR_3_Status],1
2839,4172,[BOILER_C_FLUE_GAS_OXGYGEN],1
2840,4173,[BOILER_C_CONDUCTIVITY]*[BLR_3_Status],1
2841,4174,[BOILER_D_STACK_TEMPERATURE]*[BLR_4_Status],1
2842,4175,[BLR_4_HPS_Gen]*[BLR_4_Status],1
2843,4176,[BOILER_D_FLUE_GAS_OXGYGEN],1
2844,4177,[BOILER_D_CONDUCTIVITY]*[BLR_4_Status],1
2845,4178,[BOILER_E_STACK_TEMPERATURE]*[BLR_5_Status],1
2846,4179,[BLR_5_HPS_Gen]*[BLR_5_Status],1
2847,4180,[Boiler_5_O2],1
2848,4181,[BOILER_E_CONDUCTIVITY]*[BLR_5_Status],1
2849,4182,[FUR_1_STACK_TEMPERATURE]*[Furnace_1_Status],1
2850,4183,[FUR_1_FLUE_GAS_O2]*[Furnace_1_Status],1
2851,4184,[Furnace_A_Fuel_gas_flow]*[Furnace_1_Status],1
2852,4185,[Furnace1_Feed]*[Furnace_1_Status],1
2853,4186,[Overall_SHC_Ratio]*[Furnace_1_Status],1
2854,4187,[FUR_2_STACK_TEMPERATURE]*[Furnace_2_Status],1
2855,4188,[FUR_2_FLUE_GAS_O2]*[Furnace_2_Status],1
2856,4189,[Furnace_B_Fuel_gas_flow]*[Furnace_2_Status],1
2857,4190,[Furnace2_Feed]*[Furnace_2_Status],1
2858,4191,[Overall_SHC_Ratio]*[Furnace_2_Status],1
2859,4192,[FUR_3_STACK_TEMPERATURE]*[Furnace_3_Status],1
2860,4193,[FUR_3_FLUE_GAS_O2]*[Furnace_3_Status],1
2861,4194,[Furnace_C_Fuel_gas_flow]*[Furnace_3_Status],1
2862,4195,[Furnace3_Feed]*[Furnace_3_Status],1
2863,4196,[Overall_SHC_Ratio]*[Furnace_3_Status],1
2864,4197,[FUR_4_STACK_TEMPERATURE]*[Furnace_4_Status],1
2865,4198,[FUR_4_FLUE_GAS_O2]*[Furnace_4_Status],1
2866,4199,[Furnace_D_Fuel_gas_flow]*[Furnace_4_Status],1
2867,4200,[Furnace4_Feed]*[Furnace_4_Status],1
2868,4201,[Overall_SHC_Ratio]*[Furnace_4_Status],1
2869,4202,[FUR_5_STACK_TEMPERATURE]*[Furnace_5_Status],1
2870,4203,[FUR_5_FLUE_GAS_O2]*[Furnace_5_Status],1
2871,4204,[Furnace_E_Fuel_gas_flow]*[Furnace_5_Status],1
2872,4205,[Furnace5_Feed]*[Furnace_5_Status],1
2873,4206,[Overall_SHC_Ratio]*[Furnace_5_Status],1
2874,4207,[FUR_6_STACK_TEMPERATURE]*[Furnace_6_Status],1
2875,4208,[FUR_6_FLUE_GAS_O2]*[Furnace_6_Status],1
2876,4209,[Furnace_F_Fuel_gas_flow]*[Furnace_6_Status],1
2877,4210,[Furnace6_Feed]*[Furnace_6_Status],1
2878,4211,[Overall_SHC_Ratio]*[Furnace_6_Status],1
2879,4212,[FUR_7_STACK_TEMPERATURE]*[Furnace_7_Status],1
2880,4213,[FUR_7_FLUE_GAS_O2]*[Furnace_7_Status],1
2881,4214,[Furnace_G_Fuel_gas_flow]*[Furnace_7_Status],1
2882,4215,[Furnace7_Feed]*[Furnace_7_Status],1
2883,4216,[Overall_SHC_Ratio]*[Furnace_7_Status],1
2884,4217,[FUR_8_STACK_TEMPERATURE]*[Furnace_8_Status],1
2885,4218,[FUR_8_FLUE_GAS_O2]*[Furnace_8_Status],1
2886,4219,[Furnace_H_Fuel_gas_flow]*[Furnace_8_Status],1
2887,4220,[Furnace8_Feed]*[Furnace_8_Status],1
2888,4221,[Overall_SHC_Ratio]*[Furnace_8_Status],1
2889,4222,[FUR_9_STACK_TEMPERATURE]*[Furnace_9_Status],1
2890,4223,[FUR_9_FLUE_GAS_O2]*[Furnace_9_Status],1
2891,4224,[Furnace_J_Fuel_gas_flow]*[Furnace_9_Status],1
2892,4225,[Furnace9_Feed]*[Furnace_9_Status],1
2893,4226,[Overall_SHC_Ratio]*[Furnace_9_Status],1
2894,4227,[BFW_B_Turb_Steam]*[BFW_B_Turb_Status],1
2895,4228,[BFW_C_Turb_Steam]*[BFW_C_Turb_Status],1
2896,4229,[BFW_E_Turb_Steam]*[BFW_E_Turb_Status],1
2897,4230,[BFW_A_Motor_Power]*[BFW_A_Motor_Status],1
2898,4231,[BFW_D_Motor_Power]*[BFW_D_Motor_Status],1
2899,4232,[BFW_F_Motor_Power]*[BFW_F_Motor_Status],1
2900,4233,[VHP_BFW_B_Discharge_flow]*[VHP_BFW_B_Turb_Status]/1000,1
2901,4234,[VHP_BFW_B_Turb_Steam]*[VHP_BFW_B_Turb_Status],1
2902,4235,[VHP_BFW_C_Discharge_flow]*[VHP_BFW_C_Turb_Status]/1000,1
2903,4236,[VHP_BFW_C_Turb_Steam]*[VHP_BFW_C_Turb_Status],1
2904,4237,[VHP_BFW_A_Discharge_flow]*[VHP_BFW_A_Motor_Status]/1000,1
2905,4238,[CW_Turbine_A_Steam]*[CW_Turbine_A_Status],1
2906,4239,[CW_Turbine_B_Steam]*[CW_Turbine_B_Status],1
2907,4240,[CW_Turbine_G_Steam]*[CW_Turbine_G_Status],1
2908,4241,[Air_compressor_A_Discharge_flow]*[Air_Compressor_Turbine_A_Status],1
2909,4242,[Air_Compressor_Turbine_A_Steam]*[Air_Compressor_Turbine_A_Status],1
2910,4243,[Air_compressor_D_Discharge_flow]*[Air_Compressor_Turbine_D_Status],1
2911,4244,[Air_Compressor_Turbine_D_Steam]*[Air_Compressor_Turbine_D_Status],1
2912,4245,[Air_compressor_B_Discharge_flow]*[Air_Compressor_Motor_B_Status],1
2913,4246,[Air_compressor_C_Discharge_flow]*[Air_Compressor_Motor_C_Status],1
2914,4247,[Total_Flow_to_Deareator_A]/([Total_Flow_to_Deareator_A]+[Total_Flow_to_Deareator_B])*[Total_BFW_Generated],1
2915,4248,[Total_Flow_to_Deareator_B]/([Total_Flow_to_Deareator_A]+[Total_Flow_to_Deareator_B])*[Total_BFW_Generated],1
2916,4249,[ETH_LPS_Demand]+[EOEG_1_LPS_Demand]+[EOEG_2_LPS_Demand]+[EOEG_3_LPS_Demand]+[ETH_HPS_Demand]+[EOEG_1_MPS_Demand]+[EOEG_2_MPS_Demand]+[EOEG_3_MPS_Demand],1
2917,4250,[Regenerator_C_2220_Bottom_Temp],1
2918,4251,[Total_Steam_To_Regenerator_EG1],1
2919,4252,[Fractional_Conversion_Bicarbonate_C_2220],1
2920,4253,[Stripper_Column_C_2310_Top_Temp],1
2921,4254,[Cycle_Water_Bleed_Eo_EG1],1
2922,4255,[Total_Steam_To_Stripping_Column_EG1],1
2923,4256,[C2310_Bottom_Pressure],1
2924,4257,[Glycol_Reactor_R_2520_Inlet],1
2925,4258,[EG1_LP_to_E_2523],1
2926,4259,[Reactor_Outlet_R_2520_Leg_Temp_Delta],1
2927,4260,[Recycle_Water_Tank_Meg_EG1],1
2928,4261,"if(([Treated_Water_To_1st_Effect_Evaporator_C_2531])>0,[Treated_Water_To_1st_Effect_Evaporator_C_2531],0)",1
2929,4262,"if(([Treated_Water_To_2nd_Effect_Evaporator_C_2532])>0,[Treated_Water_To_2nd_Effect_Evaporator_C_2532],0)",1
2930,4263,"if(([Treated_Water_To_3rd_Effect_Evaporator_C_2533])>0,[Treated_Water_To_3rd_Effect_Evaporator_C_2533],0)",1
2931,4264,"if(([Treated_Water_To_4th_Effect_Evaporator_C_2534])>0,[Treated_Water_To_4th_Effect_Evaporator_C_2534],0)",1
2932,4265,"if(([Treated_Water_To_5th_Effect_Evaporator_C_2535])>0,[Treated_Water_To_5th_Effect_Evaporator_C_2535],0)",1
2933,4266,[5th_Effect_Evaporator_C_2535_Overhead_Pressure],1
2934,4267,[MEG_Column_Critical_Tray_EG1],1
2935,4268,[Total_Reboiler_Steam_flow_C_2620],1
2936,4269,[Chest_Pressure_E_2620],1
2937,4270,[Drying_Column_Critical_Tray_EG1],1
2938,4271,[EG1_MP_to_E_2610],1
2939,4272,[Chest_Pressure_E_2610],1
2940,4273,[Regenerator_C_4220_Bottom_Temp],1
2941,4274,[Total_Steam_To_Regenerator_EG2],1
2942,4275,[Fractional_Conversion_Bicarbonate_C_4220],1
2943,4276,[Stripper_Column_C_4310_Top_Temp],1
2944,4277,[Cycle_Water_Bleed_Eo_EG2],1
2945,4278,[Total_Steam_To_Stripping_Column_EG2],1
2946,4279,[C4310_Bottom_Pressure],1
2947,4280,[Glycol_Reactor_R_4520_Inlet],1
2948,4281,[EG2_LP_to_E_4523],1
2949,4282,[Reactor_Outlet_R_4520_Leg_Temp_Delta],1
2950,4283,[Recycle_Water_Tank_Meg_EG2],1
2951,4284,"if(([Treated_Water_To_1st_Effect_Evaporator_C_4531])>0,[Treated_Water_To_1st_Effect_Evaporator_C_4531],0)",1
2952,4285,"if(([Treated_Water_To_2nd_Effect_Evaporator_C_4532])>0,[Treated_Water_To_2nd_Effect_Evaporator_C_4532],0)",1
2953,4286,"if(([Treated_Water_To_3rd_Effect_Evaporator_C_4533])>0,[Treated_Water_To_3rd_Effect_Evaporator_C_4533],0)",1
2954,4287,"if(([Treated_Water_To_4th_Effect_Evaporator_C_4534])>0,[Treated_Water_To_4th_Effect_Evaporator_C_4534],0)",1
2955,4288,"if(([Treated_Water_To_5th_Effect_Evaporator_C_4535])>0,[Treated_Water_To_5th_Effect_Evaporator_C_4535],0)",1
2956,4289,[5th_Effect_Evaporator_C_4535_Overhead_Pressure],1
2957,4290,[MEG_Column_Critical_Tray_EG2],1
2958,4291,[Total_Reboiler_Steam_flow_C_4620],1
2959,4292,[Chest_Pressure_E_4620],1
2960,4293,[Drying_Column_Critical_Tray_EG2],1
2961,4294,[EG2_MP_to_E_4610],1
2962,4295,[Chest_Pressure_E_4610],1
2963,4296,[Regenerator_C_6220_Bottom_Temp],1
2964,4297,[Total_Steam_To_Regenerator_EG3],1
2965,4298,[Fractional_Conversion_Bicarbonate_C_6220],1
2966,4299,[Recycle_Water_Tank_Meg_EG3],1
2967,4300,"if(([Treated_Water_To_1st_Effect_Evaporator_C_6531])>0,[Treated_Water_To_1st_Effect_Evaporator_C_6531],0)",1
2968,4301,"if(([Treated_Water_To_2nd_Effect_Evaporator_C_6532])>0,[Treated_Water_To_2nd_Effect_Evaporator_C_6532],0)",1
2969,4302,"if(([Treated_Water_To_3rd_Effect_Evaporator_C_6533])>0,[Treated_Water_To_3rd_Effect_Evaporator_C_6533],0)",1
2970,4303,"if(([Treated_Water_To_4th_Effect_Evaporator_C_6534])>0,[Treated_Water_To_4th_Effect_Evaporator_C_6534],0)",1
2971,4304,"if(([Treated_Water_To_5th_Effect_Evaporator_C_6535])>0,[Treated_Water_To_5th_Effect_Evaporator_C_6535],0)",1
2972,4305,"if(([Treated_Water_To_6th_Effect_Evaporator_C_6536])>0,[Treated_Water_To_6th_Effect_Evaporator_C_6536],0)",1
2973,4306,"if(([Treated_Water_To_7th_Effect_Evaporator_C_6537])>0,[Treated_Water_To_7th_Effect_Evaporator_C_6537],0)",1
2974,4307,[7th_Effect_Evaporator_C_6537_Overhead_Pressure],1
2975,4308,[MEG_Column_Critical_Tray_EG3],1
2976,4309,[Total_Reboiler_Steam_flow_C_6620],1
2977,4310,[Chest_Pressure_E_6620],1
2978,4311,"if([opportunity_energy_eg1_co2]==[opportunity_threshold] || missing([opportunity_energy_eg1_co2]),[Regenerator_C_2220_Bottom_Temp]*[EOEG1_Plant_Status],min([Regenerator_C_2220_Bottom_Temp]*[EOEG1_Plant_Status],[Regenerator_C_2220_Bottom_Temp_peeo]*[EOEG1_Plant_Status]))",1
2979,4312,"if([EOEG1_Plant_Status]==0,0,if([opportunity_energy_eg1_co2]==[opportunity_threshold] || missing([opportunity_energy_eg1_co2]),[EG1_LP_to_C_2220]+[EG1_LP_to_E_2220],min([EG1_LP_to_C_2220]+[EG1_LP_to_E_2220],[EG1_LP_to_C_2220_peeo]+[EG1_LP_to_E_2220_peeo])))",1
2980,4313,"if([opportunity_energy_eg1_co2]==[opportunity_threshold] || missing([opportunity_energy_eg1_co2]),[Fractional_Conversion_Bicarbonate_C_2220]*[EOEG1_Plant_Status],min([Fractional_Conversion_Bicarbonate_C_2220]*[EOEG1_Plant_Status],[Fractional_Conversion_Bicarbonate_C_2220_peeo]*[EOEG1_Plant_Status]))",1
2981,4314,"if([opportunity_energy_eg1_eg]==[opportunity_threshold] || missing([opportunity_energy_eg1_eg]),[Stripper_Column_C_2310_Top_Temp]*[EOEG1_Plant_Status],min([Stripper_Column_C_2310_Top_Temp]*[EOEG1_Plant_Status],[Stripper_Column_C_2310_Top_Temp_peeo]*[EOEG1_Plant_Status]))",1
2982,4315,"if([opportunity_energy_eg1_eg]==[opportunity_threshold] || missing([opportunity_energy_eg1_eg]),[Cycle_Water_Bleed_Eo_EG1]*[EOEG1_Plant_Status],min([Cycle_Water_Bleed_Eo_EG1]*[EOEG1_Plant_Status],[Cycle_Water_Bleed_Eo_EG1_peeo]*[EOEG1_Plant_Status]))",1
2983,4316,"if([EOEG1_Plant_Status]==0,0,min([EG1_LP_to_C_2310]+[EG1_LP_to_E_2310],[EG1_LP_to_C_2310_Adjusted]+[EG1_LP_to_E_2310_Adjusted]))",1
2984,4317,"if([opportunity_energy_eg1_eg]==[opportunity_threshold] || missing([opportunity_energy_eg1_eg]),[C2310_Bottom_Pressure]*[EOEG1_Plant_Status],min([C2310_Bottom_Pressure]*[EOEG1_Plant_Status],[C2310_Bottom_Pressure_peeo]*[EOEG1_Plant_Status]))",1
2985,4318,"if([opportunity_energy_eg1_eg]==[opportunity_threshold] || missing([opportunity_energy_eg1_eg]),[Glycol_Reactor_R_2520_Inlet]*[EOEG1_Plant_Status],min([Glycol_Reactor_R_2520_Inlet]*[EOEG1_Plant_Status],[Glycol_Reactor_R_2520_Inlet_peeo]*[EOEG1_Plant_Status]))",1
2986,4319,"if([opportunity_energy_eg1_eg]==[opportunity_threshold] || missing([opportunity_energy_eg1_eg]),[EG1_LP_to_E_2523]*[EOEG1_Plant_Status],min([EG1_LP_to_E_2523]*[EOEG1_Plant_Status],[EG1_LP_to_E_2523_peeo]*[EOEG1_Plant_Status]))",1
2987,4320,"if([opportunity_energy_eg1_eg]==[opportunity_threshold] || missing([opportunity_energy_eg1_eg]),[Reactor_Outlet_R_2520_Leg_Temp_Delta]*[EOEG1_Plant_Status],min([Reactor_Outlet_R_2520_Leg_Temp_Delta]*[EOEG1_Plant_Status],[Reactor_Outlet_R_2520_Leg_Temp_Delta_peeo]*[EOEG1_Plant_Status]))",1
2988,4321,"if([opportunity_energy_eg1_eg]==[opportunity_threshold] || missing([opportunity_energy_eg1_eg]),[Recycle_Water_Tank_Meg_EG1]*[EOEG1_Plant_Status],min([Recycle_Water_Tank_Meg_EG1]*[EOEG1_Plant_Status],[Recycle_Water_Tank_Meg_EG1_peeo]*[EOEG1_Plant_Status]))",1
2989,4322,"if([opportunity_energy_eg1_eg]==[opportunity_threshold] || missing([opportunity_energy_eg1_eg]),[Treated_Water_To_1st_Effect_Evaporator_C_2531]*[EOEG1_Plant_Status],min([Treated_Water_To_1st_Effect_Evaporator_C_2531]*[EOEG1_Plant_Status],[Treated_Water_To_1st_Effect_Evaporator_C_2531_peeo]*[EOEG1_Plant_Status]))",1
2990,4323,"if([opportunity_energy_eg1_eg]==[opportunity_threshold] || missing([opportunity_energy_eg1_eg]),[Treated_Water_To_2nd_Effect_Evaporator_C_2532]*[EOEG1_Plant_Status],min([Treated_Water_To_2nd_Effect_Evaporator_C_2532]*[EOEG1_Plant_Status],[Treated_Water_To_2nd_Effect_Evaporator_C_2532_peeo]*[EOEG1_Plant_Status]))",1
2991,4324,"if([opportunity_energy_eg1_eg]==[opportunity_threshold] || missing([opportunity_energy_eg1_eg]),[Treated_Water_To_3rd_Effect_Evaporator_C_2533]*[EOEG1_Plant_Status],min([Treated_Water_To_3rd_Effect_Evaporator_C_2533]*[EOEG1_Plant_Status],[Treated_Water_To_3rd_Effect_Evaporator_C_2533_peeo]*[EOEG1_Plant_Status]))",1
2992,4325,"if([opportunity_energy_eg1_eg]==[opportunity_threshold] || missing([opportunity_energy_eg1_eg]),[Treated_Water_To_4th_Effect_Evaporator_C_2534]*[EOEG1_Plant_Status],min([Treated_Water_To_4th_Effect_Evaporator_C_2534]*[EOEG1_Plant_Status],[Treated_Water_To_4th_Effect_Evaporator_C_2534_peeo]*[EOEG1_Plant_Status]))",1
2993,4326,"if([opportunity_energy_eg1_eg]==[opportunity_threshold] || missing([opportunity_energy_eg1_eg]),[Treated_Water_To_5th_Effect_Evaporator_C_2535]*[EOEG1_Plant_Status],min([Treated_Water_To_5th_Effect_Evaporator_C_2535]*[EOEG1_Plant_Status],[Treated_Water_To_5th_Effect_Evaporator_C_2535_peeo]*[EOEG1_Plant_Status]))",1
2994,4327,"if([opportunity_energy_eg1_eg]==[opportunity_threshold] || missing([opportunity_energy_eg1_eg]),[5th_Effect_Evaporator_C_2535_Overhead_Pressure]*[EOEG1_Plant_Status],min([5th_Effect_Evaporator_C_2535_Overhead_Pressure]*[EOEG1_Plant_Status],[5th_Effect_Evaporator_C_2535_Overhead_Pressure_peeo]*[EOEG1_Plant_Status]))",1
2995,4328,"min([MEG_Column_Critical_Tray_EG1]*[EOEG1_Plant_Status],[MEG_Column_Critical_Tray_EG1_peeo]*[EOEG1_Plant_Status])",1
2996,4329,"min([Total_Reboiler_Steam_flow_C_2620]*[EOEG1_Plant_Status],[Total_Reboiler_Steam_flow_C_2620]*[EOEG1_Plant_Status])",1
2997,4330,"min([Chest_Pressure_E_2620]*[EOEG1_Plant_Status],[Chest_Pressure_E_2620_peeo]*[EOEG1_Plant_Status])",1
2998,4331,"min([Drying_Column_Critical_Tray_EG1]*[EOEG1_Plant_Status],[Drying_Column_Critical_Tray_EG1_peeo]*[EOEG1_Plant_Status])",1
2999,4332,[EG1_MP_to_E_2610_Adjusted]*[EOEG1_Plant_Status],1
3000,4333,"min([Chest_Pressure_E_2610]*[EOEG1_Plant_Status],[Chest_Pressure_E_2610_peeo]*[EOEG1_Plant_Status])",1
3001,4334,"if([opportunity_energy_eg2_co2]==[opportunity_threshold] || missing([opportunity_energy_eg2_co2]),[Regenerator_C_4220_Bottom_Temp]*[EOEG2_Plant_Status],min([Regenerator_C_4220_Bottom_Temp]*[EOEG2_Plant_Status],[Regenerator_C_4220_Bottom_Temp_peeo]*[EOEG2_Plant_Status]))",1
3002,4335,"if([EOEG2_Plant_Status]==0,0,min([EG2_LP_to_C_4220]+[EG2_LP_to_E_4220],[EG2_LP_to_C_4220_Adjusted]+[EG2_LP_to_E_4220_Adjusted]))",1
3003,4336,"if([opportunity_energy_eg2_co2]==[opportunity_threshold] || missing([opportunity_energy_eg2_co2]),[Fractional_Conversion_Bicarbonate_C_4220]*[EOEG2_Plant_Status],max([Fractional_Conversion_Bicarbonate_C_4220]*[EOEG2_Plant_Status],[Fractional_Conversion_Bicarbonate_C_4220_peeo]*[EOEG2_Plant_Status]))",1
3004,4337,"if([opportunity_energy_eg2_eg]==[opportunity_threshold] || missing([opportunity_energy_eg2_eg]),[Stripper_Column_C_4310_Top_Temp]*[EOEG2_Plant_Status],min([Stripper_Column_C_4310_Top_Temp]*[EOEG2_Plant_Status],[Stripper_Column_C_4310_Top_Temp_peeo]*[EOEG2_Plant_Status]))",1
3005,4338,"if([opportunity_energy_eg2_eg]==[opportunity_threshold] || missing([opportunity_energy_eg2_eg]),[Cycle_Water_Bleed_Eo_EG2]*[EOEG2_Plant_Status],min([Cycle_Water_Bleed_Eo_EG2]*[EOEG2_Plant_Status],[Cycle_Water_Bleed_Eo_EG2_peeo]*[EOEG2_Plant_Status]))",1
3006,4339,"if([EOEG2_Plant_Status]==0,0,min([EG2_LP_to_C_4310]+[EG2_LP_to_E_4310],[EG2_LP_to_C_4310_Adjusted]+[EG2_LP_to_E_4310_Adjusted]))",1
3007,4340,"if([opportunity_energy_eg2_eg]==[opportunity_threshold] || missing([opportunity_energy_eg2_eg]),[C4310_Bottom_Pressure]*[EOEG2_Plant_Status],min([C4310_Bottom_Pressure]*[EOEG2_Plant_Status],[C4310_Bottom_Pressure_peeo]*[EOEG2_Plant_Status]))",1
3008,4341,"if([opportunity_energy_eg2_eg]==[opportunity_threshold] || missing([opportunity_energy_eg2_eg]),[Glycol_Reactor_R_4520_Inlet]*[EOEG2_Plant_Status],min([Glycol_Reactor_R_4520_Inlet]*[EOEG2_Plant_Status],[Glycol_Reactor_R_4520_Inlet_peeo]*[EOEG2_Plant_Status]))",1
3009,4342,"if([opportunity_energy_eg2_eg]==[opportunity_threshold] || missing([opportunity_energy_eg2_eg]),[EG2_LP_to_E_4523]*[EOEG2_Plant_Status],min([EG2_LP_to_E_4523]*[EOEG2_Plant_Status],[EG2_LP_to_E_4523_peeo]*[EOEG2_Plant_Status]))",1
3010,4343,"if([opportunity_energy_eg2_eg]==[opportunity_threshold] || missing([opportunity_energy_eg2_eg]),[Reactor_Outlet_R_4520_Leg_Temp_Delta]*[EOEG2_Plant_Status],min([Reactor_Outlet_R_4520_Leg_Temp_Delta]*[EOEG2_Plant_Status],[Reactor_Outlet_R_4520_Leg_Temp_Delta_peeo]*[EOEG2_Plant_Status]))",1
3011,4344,"if([opportunity_energy_eg2_eg]==[opportunity_threshold] || missing([opportunity_energy_eg2_eg]),[Recycle_Water_Tank_Meg_EG2]*[EOEG2_Plant_Status],min([Recycle_Water_Tank_Meg_EG2]*[EOEG2_Plant_Status],[Recycle_Water_Tank_Meg_EG2_peeo]*[EOEG2_Plant_Status]))",1
3012,4345,"if([opportunity_energy_eg2_eg]==[opportunity_threshold] || missing([opportunity_energy_eg2_eg]),[Treated_Water_To_1st_Effect_Evaporator_C_4531]*[EOEG2_Plant_Status],min([Treated_Water_To_1st_Effect_Evaporator_C_4531]*[EOEG2_Plant_Status],[Treated_Water_To_1st_Effect_Evaporator_C_4531_peeo]*[EOEG2_Plant_Status]))",1
3013,4346,"if([opportunity_energy_eg2_eg]==[opportunity_threshold] || missing([opportunity_energy_eg2_eg]),[Treated_Water_To_2nd_Effect_Evaporator_C_4532]*[EOEG2_Plant_Status],min([Treated_Water_To_2nd_Effect_Evaporator_C_4532]*[EOEG2_Plant_Status],[Treated_Water_To_2nd_Effect_Evaporator_C_4532_peeo]*[EOEG2_Plant_Status]))",1
3014,4347,"if([opportunity_energy_eg2_eg]==[opportunity_threshold] || missing([opportunity_energy_eg2_eg]),[Treated_Water_To_3rd_Effect_Evaporator_C_4533]*[EOEG2_Plant_Status],min([Treated_Water_To_3rd_Effect_Evaporator_C_4533]*[EOEG2_Plant_Status],[Treated_Water_To_3rd_Effect_Evaporator_C_4533_peeo]*[EOEG2_Plant_Status]))",1
3015,4348,"if([opportunity_energy_eg2_eg]==[opportunity_threshold] || missing([opportunity_energy_eg2_eg]),[Treated_Water_To_4th_Effect_Evaporator_C_4534]*[EOEG2_Plant_Status],min([Treated_Water_To_4th_Effect_Evaporator_C_4534]*[EOEG2_Plant_Status],[Treated_Water_To_4th_Effect_Evaporator_C_4534_peeo]*[EOEG2_Plant_Status]))",1
3016,4349,"if([opportunity_energy_eg2_eg]==[opportunity_threshold] || missing([opportunity_energy_eg2_eg]),[Treated_Water_To_5th_Effect_Evaporator_C_4535]*[EOEG2_Plant_Status],min([Treated_Water_To_5th_Effect_Evaporator_C_4535]*[EOEG2_Plant_Status],[Treated_Water_To_5th_Effect_Evaporator_C_4535_peeo]*[EOEG2_Plant_Status]))",1
3017,4350,"if([opportunity_energy_eg2_eg]==[opportunity_threshold] || missing([opportunity_energy_eg2_eg]),[5th_Effect_Evaporator_C_4535_Overhead_Pressure]*[EOEG2_Plant_Status],min([5th_Effect_Evaporator_C_4535_Overhead_Pressure]*[EOEG2_Plant_Status],[5th_Effect_Evaporator_C_4535_Overhead_Pressure_peeo]*[EOEG2_Plant_Status]))",1
3018,4351,"min([MEG_Column_Critical_Tray_EG2]*[EOEG2_Plant_Status],[MEG_Column_Critical_Tray_EG2_peeo]*[EOEG2_Plant_Status])",1
3019,4352,"min([Total_Reboiler_Steam_flow_C_4620]*[EOEG2_Plant_Status],[Total_Reboiler_Steam_flow_C_4620]*[EOEG2_Plant_Status])",1
3020,4353,"min([Chest_Pressure_E_4620]*[EOEG2_Plant_Status],[Chest_Pressure_E_4620_peeo]*[EOEG2_Plant_Status])",1
3021,4354,"min([Drying_Column_Critical_Tray_EG2]*[EOEG2_Plant_Status],[Drying_Column_Critical_Tray_EG2_peeo]*[EOEG2_Plant_Status])",1
3022,4355,"min([EG2_MP_to_E_4610]*[EOEG2_Plant_Status],[EG2_MP_to_E_4610]*[EOEG2_Plant_Status])",1
3023,4356,"min([Chest_Pressure_E_4610]*[EOEG2_Plant_Status],[Chest_Pressure_E_4610_peeo]*[EOEG2_Plant_Status])",1
3024,4357,"if([opportunity_energy_eg3_co2]==[opportunity_threshold] || missing([opportunity_energy_eg3_co2]),[Regenerator_C_6220_Bottom_Temp]*[EOEG3_Plant_Status],min([Regenerator_C_6220_Bottom_Temp]*[EOEG3_Plant_Status],[Regenerator_C_6220_Bottom_Temp_peeo]*[EOEG3_Plant_Status]))",1
3025,4358,"if([EOEG3_Plant_Status]==0,0,min([EG3_LP_to_E_6220]+[EG3_LP_to_C_6220],[EG3_LP_to_E_6220_Adjusted]+[EG3_LP_to_C_6220_Adjusted]))",1
3026,4359,"if(missing([Fractional_Conversion_Bicarbonate_C_6220_peeo]) || [opportunity_energy_eg3_co2]==[opportunity_threshold] || missing([opportunity_energy_eg3_co2]),[Fractional_Conversion_Bicarbonate_C_6220]*[EOEG3_Plant_Status],max([Fractional_Conversion_Bicarbonate_C_6220]*[EOEG3_Plant_Status],[Fractional_Conversion_Bicarbonate_C_6220_peeo]*[EOEG3_Plant_Status]))",1
3027,4360,"if([opportunity_energy_eg3_eg]==[opportunity_threshold] || missing([opportunity_energy_eg3_eg]),[Recycle_Water_Tank_Meg_EG3]*[EOEG3_Plant_Status],min([Recycle_Water_Tank_Meg_EG3]*[EOEG3_Plant_Status],[Recycle_Water_Tank_Meg_EG3_peeo]*[EOEG3_Plant_Status]))",1
3028,4361,"if([opportunity_energy_eg3_eg]==[opportunity_threshold] || missing([opportunity_energy_eg3_eg]),[Treated_Water_To_1st_Effect_Evaporator_C_6531]*[EOEG3_Plant_Status],min([Treated_Water_To_1st_Effect_Evaporator_C_6531]*[EOEG3_Plant_Status],[Treated_Water_To_1st_Effect_Evaporator_C_6531_peeo]*[EOEG3_Plant_Status]))",1
3029,4362,"if([opportunity_energy_eg3_eg]==[opportunity_threshold] || missing([opportunity_energy_eg3_eg]),[Treated_Water_To_2nd_Effect_Evaporator_C_6532]*[EOEG3_Plant_Status],min([Treated_Water_To_2nd_Effect_Evaporator_C_6532]*[EOEG3_Plant_Status],[Treated_Water_To_2nd_Effect_Evaporator_C_6532_peeo]*[EOEG3_Plant_Status]))",1
3030,4363,"if([opportunity_energy_eg3_eg]==[opportunity_threshold] || missing([opportunity_energy_eg3_eg]),[Treated_Water_To_3rd_Effect_Evaporator_C_6533]*[EOEG3_Plant_Status],min([Treated_Water_To_3rd_Effect_Evaporator_C_6533]*[EOEG3_Plant_Status],[Treated_Water_To_3rd_Effect_Evaporator_C_6533_peeo]*[EOEG3_Plant_Status]))",1
3031,4364,"if([opportunity_energy_eg3_eg]==[opportunity_threshold] || missing([opportunity_energy_eg3_eg]),[Treated_Water_To_4th_Effect_Evaporator_C_6534]*[EOEG3_Plant_Status],min([Treated_Water_To_4th_Effect_Evaporator_C_6534]*[EOEG3_Plant_Status],[Treated_Water_To_4th_Effect_Evaporator_C_6534_peeo]*[EOEG3_Plant_Status]))",1
3032,4365,"if([opportunity_energy_eg3_eg]==[opportunity_threshold] || missing([opportunity_energy_eg3_eg]),[Treated_Water_To_5th_Effect_Evaporator_C_6535]*[EOEG3_Plant_Status],min([Treated_Water_To_5th_Effect_Evaporator_C_6535]*[EOEG3_Plant_Status],[Treated_Water_To_5th_Effect_Evaporator_C_6535_peeo]*[EOEG3_Plant_Status]))",1
3033,4366,"if([opportunity_energy_eg3_eg]==[opportunity_threshold] || missing([opportunity_energy_eg3_eg]),[Treated_Water_To_6th_Effect_Evaporator_C_6536]*[EOEG3_Plant_Status],min([Treated_Water_To_6th_Effect_Evaporator_C_6536]*[EOEG3_Plant_Status],[Treated_Water_To_6th_Effect_Evaporator_C_6536_peeo]*[EOEG3_Plant_Status]))",1
3034,4367,"if([opportunity_energy_eg3_eg]==[opportunity_threshold] || missing([opportunity_energy_eg3_eg]),[Treated_Water_To_7th_Effect_Evaporator_C_6537]*[EOEG3_Plant_Status],min([Treated_Water_To_7th_Effect_Evaporator_C_6537]*[EOEG3_Plant_Status],[Treated_Water_To_7th_Effect_Evaporator_C_6537_peeo]*[EOEG3_Plant_Status]))",1
3035,4368,"if([opportunity_energy_eg3_eg]==[opportunity_threshold] || missing([opportunity_energy_eg3_eg]),[7th_Effect_Evaporator_C_6537_Overhead_Pressure],min([7th_Effect_Evaporator_C_6537_Overhead_Pressure],min(1.1,[7th_Effect_Evaporator_C_6537_Overhead_Pressure_peeo]))*[EOEG3_Plant_Status])",1
3036,4369,"min([MEG_Column_Critical_Tray_EG3]*[EOEG3_Plant_Status],[MEG_Column_Critical_Tray_EG3_peeo]*[EOEG3_Plant_Status])",1
3037,4370,"min([Total_Reboiler_Steam_flow_C_6620]*[EOEG3_Plant_Status],[Total_Reboiler_Steam_flow_C_6620]*[EOEG3_Plant_Status])",1
3038,4371,"min([Chest_Pressure_E_6620]*[EOEG3_Plant_Status],[Chest_Pressure_E_6620_peeo]*[EOEG3_Plant_Status])",1
3039,4682,"if([EG1_Comp_eff]>75.8,[EG1_Comp_eff],if((75.8-[EG1_Comp_eff])>5,[EG1_Comp_eff],75.8))*[EOEG1_Plant_Status]",1
3040,4683,"if([EG2_Comp_eff]>73,[EG2_Comp_eff],if((73-[EG2_Comp_eff])>5,[EG2_Comp_eff],73))*[EOEG2_Plant_Status]",1
3041,4684,"if([EG3_Comp_eff]>80.5,[EG3_Comp_eff],if((80.5-[EG3_Comp_eff])>5,[EG3_Comp_eff],80.5))*[EOEG3_Plant_Status]",1
3042,4685,"if([EOEG1_Plant_Status]==0,0,max([EG1_Recycle_Compressor_Power]-1.8,[EG1_Recycle_Compressor_Power]*[EG1_Comp_eff]/[EG1_Comp_eff_Adjusted]))",1
3043,4686,"if([EOEG2_Plant_Status]==0,0,max([EG2_Recycle_Compressor_Power]-1.8,[EG2_Recycle_Compressor_Power]*[EG2_Comp_eff]/[EG2_Comp_eff_Adjusted]))",1
3044,4687,"if([EOEG3_Plant_Status]==0,0,max([EG3_Recycle_Compressor_Power]-1.8,[EG3_Recycle_Compressor_Power]*[EG3_Comp_eff]/[EG3_Comp_eff_Adjusted]))",1
3045,4688,"if([EOEG1_Plant_Status]==0,0,[EOEG_1_Power_Consumption]-([EG1_Recycle_Compressor_Power]-[EG1_Recycle_Compressor_Power_Adjusted])*0.277778)",1
3046,4689,"if([EOEG2_Plant_Status]==0,0,[EOEG_2_Power_Consumption]-([EG2_Recycle_Compressor_Power]-[EG2_Recycle_Compressor_Power_Adjusted])*0.277778)",1
3047,4690,"if([EOEG3_Plant_Status]==0,0,[EOEG_3_Power_Consumption]-([EG3_Recycle_Compressor_Power]-[EG3_Recycle_Compressor_Power_Adjusted])*0.277778)",1
3048,4691,"if(([CO2_Power_Consumption]-([Actual_Power_Consumption_5021]+[K_5071_Actual_Power]-[Actual_Power_Consumption_5021_Adjusted]-[K_5071_Actual_Power_Adjusted]))*[CO2_Plant_Status]>[CO2_Power_Consumption],[CO2_Power_Consumption],([CO2_Power_Consumption]-([Actual_Power_Consumption_5021]+[K_5071_Actual_Power]-[Actual_Power_Consumption_5021_Adjusted]-[K_5071_Actual_Power_Adjusted]))*[CO2_Plant_Status])",1
3049,4372,"if([ETH_Plant_Status]==0,0, (([ETH_LPS_Demand] * [LP_Steam_Enthalpy] * 4.184/1000) + ([ETH_HPS_Demand] * [HP_Steam_Enthalpy] * 4.184/1000) + (([FUEL_GAS_From_UO_to_ETH]-[ETHANE_Fuel_From_ETH_to_UO_raw]/1000) * [LHV]) + ([Power_to_ETH] * 3.6)))",1
3050,4373,"if([EOEG1_Plant_Status]==0,0, (([EOEG_1_LPS_Demand] * [LP_Steam_Enthalpy] * 4.184/1000) + ([EOEG_1_MPS_Demand] * [MP_Steam_Enthalpy] * 4.184/1000) + ([EOEG_1_HPS_Demand] * [HP_Steam_Enthalpy] * 4.184/1000) + (([NG_Fuel_to_EG1_raw]-[TAILGAS_From_EG1_to_UO_raw])/1000 * [LHV]) + ([Power_to_EG_1] * 3.6)))",1
3051,4374,"if([EOEG2_Plant_Status]==0,0, (([EOEG_2_LPS_Demand] * [LP_Steam_Enthalpy] * 4.184/1000) + ([EOEG_2_MPS_Demand] * [MP_Steam_Enthalpy] * 4.184/1000) + ([EOEG_2_HPS_Demand] * [HP_Steam_Enthalpy] * 4.184/1000) + (([NG_Fuel_to_EG2_raw]-[TAILGAS_From_EG2_to_UO_raw]/1000) * [LHV]) + ([Power_to_EG_2] * 3.6)))",1
3052,4375,"if([EOEG3_Plant_Status]==0,0, (([EOEG_3_LPS_Demand] * [LP_Steam_Enthalpy] * 4.184/1000) + ([EOEG_3_MPS_Demand] * [MP_Steam_Enthalpy] * 4.184/1000) + ([EOEG_3_HPS_Demand] * [HP_Steam_Enthalpy] * 4.184/1000) + (([NG_Fuel_to_EG3_raw]-[TAILGAS_From_EG3_to_UO_raw])/1000 * [LHV]) + ([Power_to_EG_3] * 3.6)))",1
3053,4376,"if([LAO_Plant_Status]==0,0, (([LAO_LP_Steam_Demand] * [LP_Steam_Enthalpy] * 4.184/1000) + ([FUEL_GAS_From_UO_to_LAO_raw]/1000 * [LHV]) + ([Power_to_LAO] * 3.6)))",1
3054,4377,[Total_Energy_Consumption] - ([ECT_Eth_Total_energy] + [ECT_EG1_Total_energy] + [ECT_EG2_Total_energy] + [ECT_EG3_Total_energy] + [ECT_LAO_Total_energy]),1
3055,4378,[ECT_Eth_Total_energy] + [ECT_EG1_Total_energy] + [ECT_EG2_Total_energy] + [ECT_EG3_Total_energy] + [ECT_LAO_Total_energy] + [ECT_UO_Total_energy],1
3056,4379,[Eth_CGC_turbine_Duty_GJ] + [Ethane_Feed_Saturator_Duty_GJ] + [Furnace_A_Fuel_gas_flow_Energy] + [Furnace_B_Fuel_gas_flow_Energy] + [Furnace_C_Fuel_gas_flow_Energy] + [Furnace_D_Fuel_gas_flow_Energy] + [Furnace_E_Fuel_gas_flow_Energy] + [Furnace_F_Fuel_gas_flow_Energy] + [Furnace_G_Fuel_gas_flow_Energy] + [Furnace_H_Fuel_gas_flow_Energy] + [Furnace_J_Fuel_gas_flow_Energy],1
3057,4380,[EG1_Recycle_Compressor_Power] + [LP_steam_to_E_2523_Duty_GJ] + [EG1_first_effect_reboiler_Duty_GJ] + [EG1_Drying_column_reboiler_Duty_GJ] + [EG1_MEG_column_reboiler_Duty_GJ] + [LP_Steam_To_Stripping_Column_Duty_GJ]+[LP_Steam_To_Stripping_Column_reboiler_Duty_GJ] + [LP_steam_flow_to_C_2220_Duty_GJ]+[LP_steam_to_E_2220_Duty_GJ],1
3058,4381,[EG2_Recycle_Compressor_Power] + [EG2_Third_Stage_reactor_feed_heater_Duty_GJ] + [EG2_first_effect_reboiler_Duty_GJ] + [EG2_Drying_column_reboiler_Duty_GJ] + [EG2_MEG_column_reboiler_Duty_GJ] + [EG2_stripping_column_Duty_GJ]+[EG2_stripping_column_reboiler_Duty_GJ] + [EG2_Regenerator_feed_flash_drum_Duty_GJ]+[EG2_Regeneration_reboiler_Duty_GJ],1
3059,4382,[EG3_first_effect_reboiler_Duty_GJ] + [EG3_MEG_column_reboiler_Duty_GJ] + EG3_Recycle_Compressor_Power + [EG3_Regeneration_reboiler_Duty_GJ],1
3060,4383,[H3831_acual_duty] * [LHV]/[Eth_LHV],1
3061,4384,[Air_Compressor_Motor_B_Power] * 3.6 + [Air_Compressor_Motor_C_Power] * 3.6 + 14.76 * [PK_5020_status] + 5.76 * [PK_5070_status] + [Air_Compressor_Turbine_A_Steam_Energy] + [Air_Compressor_Turbine_D_Steam_Energy] + [Deaerator_A_LPS_Energy] + [Deaerator_B_LPS_Energy] + [VHP_BFW_A_Motor_Power]*3.6 + [BFW_A_Motor_Power] * 3.6 + [BFW_D_Motor_Power] * 3.6 + [BFW_F_Motor_Power] * 3.6 + [VHP_BFW_B_Turb_Steam_Energy] + [VHP_BFW_C_Turb_Steam_Energy] + [BFW_B_Turb_Steam_Energy] + [BFW_C_Turb_Steam_Energy] + [BFW_E_Turb_Steam_Energy] + [CW_Turbine_A_Steam_Energy] + [CW_Turbine_B_Steam_Energy] + [CW_Turbine_G_Steam_Energy],1
3062,4385,[ECT_Eth_SEU_energy] + [ECT_EG1_SEU_energy] + [ECT_EG2_SEU_energy] + [ECT_EG3_SEU_energy] + [ECT_LAO_SEU_energy] + [ECT_UO_SEU_energy],1
3063,4386,[ECT_Eth_Total_energy] - [ECT_Eth_SEU_energy],1
3064,4387,[ECT_EG1_Total_energy] - [ECT_EG1_SEU_energy],1
3065,4388,[ECT_EG2_Total_energy] - [ECT_EG2_SEU_energy],1
3066,4389,[ECT_EG3_Total_energy] - [ECT_EG3_SEU_energy],1
3067,4390,[ECT_LAO_Total_energy] - [ECT_LAO_SEU_energy],1
3068,4391,[ECT_UO_Total_energy] - [ECT_UO_SEU_energy],1
3069,4392,[ECT_Eth_Non_SEU_energy] + [ECT_EG1_Non_SEU_energy] + [ECT_EG2_Non_SEU_energy] + [ECT_EG3_Non_SEU_energy] + [ECT_LAO_Non_SEU_energy] + [ECT_UO_Non_SEU_energy],1
3070,4393,[ECT_Eth_SEU_energy] * 100 / [ECT_Eth_Total_energy],1
3071,4394,[ECT_EG1_SEU_energy] * 100 / [ECT_EG1_Total_energy],1
3072,4395,[ECT_EG2_SEU_energy] * 100 / [ECT_EG2_Total_energy],1
3073,4396,[ECT_EG3_SEU_energy] * 100 / [ECT_EG3_Total_energy],1
3074,4397,[ECT_LAO_SEU_energy] * 100 / [ECT_LAO_Total_energy],1
3075,4398,[ECT_UO_SEU_energy] * 100 / [ECT_UO_Total_energy],1
3076,4399,[ECT_all_plants_SEU_energy] * 100 / [ECT_all_plants_Total_energy],1
3077,4421,[ETH_Plant_Status] * [Power_to_ETH_Energy],1
3078,4422,[EOEG1_Plant_Status] * [Power_to_EG_1_Energy],1
3079,4423,[EOEG2_Plant_Status] * [Power_to_EG_2_Energy],1
3080,4424,[EOEG3_Plant_Status] * [Power_to_EG_3_Energy],1
3081,4425,[LAO_Plant_Status] * [Power_to_LAO_Energy],1
3082,4426,[Power_to_Utility_Energy],1
3083,4427,[ECT_elect_Eth_Total_energy] + [ECT_elect_EG1_Total_energy] + [ECT_elect_EG2_Total_energy] + [ECT_elect_EG3_Total_energy] + [ECT_elect_LAO_Total_energy] + [ECT_elect_UO_Total_energy],1
3084,4428,0,1
3085,4429,[EG1_Recycle_Compressor_Power],1
3086,4430,[EG2_Recycle_Compressor_Power],1
3087,4431,[EG3_Recycle_Compressor_Power],1
3088,4432,0,1
3089,4433,[Air_Compressor_Motor_B_Power] * 3.6 + [Air_Compressor_Motor_C_Power] * 3.6 + 14.76 * [PK_5020_status] + 5.76 * [PK_5070_status] + [VHP_BFW_A_Motor_Power]*3.6 + [BFW_A_Motor_Power] * 3.6 + [BFW_D_Motor_Power] * 3.6 + [BFW_F_Motor_Power] * 3.6,1
3090,4434,[ECT_elect_Eth_SEU_energy] + [ECT_elect_EG1_SEU_energy] + [ECT_elect_EG2_SEU_energy] + [ECT_elect_EG3_SEU_energy] + [ECT_elect_LAO_SEU_energy] + [ECT_elect_UO_SEU_energy],1
3091,4435,[ECT_elect_Eth_Total_energy] - [ECT_elect_Eth_SEU_energy],1
3092,4436,[ECT_elect_EG1_Total_energy] - [ECT_elect_EG1_SEU_energy],1
3093,4437,[ECT_elect_EG2_Total_energy] - [ECT_elect_EG2_SEU_energy],1
3094,4438,[ECT_elect_EG3_Total_energy] - [ECT_elect_EG3_SEU_energy],1
3095,4439,[ECT_elect_LAO_Total_energy] - [ECT_elect_LAO_SEU_energy],1
3096,4440,[ECT_elect_UO_Total_energy] - [ECT_elect_UO_SEU_energy],1
3097,4441,[ECT_elect_Eth_Non_SEU_energy] + [ECT_elect_EG1_Non_SEU_energy] + [ECT_elect_EG2_Non_SEU_energy] + [ECT_elect_EG3_Non_SEU_energy] + [ECT_elect_LAO_Non_SEU_energy] + [ECT_elect_UO_Non_SEU_energy],1
3098,4442,[ECT_elect_Eth_SEU_energy] * 100 / [ECT_elect_Eth_Total_energy],1
3099,4443,[ECT_elect_EG1_SEU_energy] * 100 / [ECT_elect_EG1_Total_energy],1
3100,4444,[ECT_elect_EG2_SEU_energy] * 100 / [ECT_elect_EG2_Total_energy],1
3101,4445,[ECT_elect_EG3_SEU_energy] * 100 / [ECT_elect_EG3_Total_energy],1
3102,4446,[ECT_elect_LAO_SEU_energy] * 100 / [ECT_elect_LAO_Total_energy],1
3103,4447,[ECT_elect_UO_SEU_energy] * 100 / [ECT_elect_UO_Total_energy],1
3104,4466,[ETH_Plant_Status] * ([FUEL_GAS_From_UO_to_ETH] * [LHV]),1
3105,4467,[EOEG1_Plant_Status] * ([NG_Fuel_to_EG1_raw]/1000 * [LHV]),1
3106,4468,"[EOEG2_Plant_Status] * ([NG_Fuel_to_EG2_raw] * [LHV]) ",1
3107,4469,[EOEG3_Plant_Status] * ([NG_Fuel_to_EG3_raw]/1000 * [LHV]),1
3108,4470,[LAO_Plant_Status] * ([FUEL_GAS_From_UO_to_LAO_raw]/1000 * [LHV]),1
3109,4471,55,1
3110,4472,[ECT_fuel_Eth_Total_energy] + [ECT_fuel_EG1_Total_energy] + [ECT_fuel_EG2_Total_energy] + [ECT_fuel_EG3_Total_energy] + [ECT_fuel_LAO_Total_energy] + [ECT_fuel_UO_Total_energy],1
3111,4473,[Furnace_A_Fuel_gas_flow_Energy] + [Furnace_B_Fuel_gas_flow_Energy] + [Furnace_C_Fuel_gas_flow_Energy] + [Furnace_D_Fuel_gas_flow_Energy] + [Furnace_E_Fuel_gas_flow_Energy] + [Furnace_F_Fuel_gas_flow_Energy] + [Furnace_G_Fuel_gas_flow_Energy] + [Furnace_H_Fuel_gas_flow_Energy] + [Furnace_J_Fuel_gas_flow_Energy],1
3112,4474,0,1
3113,4475,0,1
3114,4476,0,1
3115,4477,[H3831_acual_duty] * [LHV]/[Eth_LHV],1
3116,4478,[Boiler_A_Duty] + [Boiler_B_Duty] + [Boiler_C_Duty] + [Boiler_D_Duty] + [Boiler_E_Duty],1
3117,4479,[ECT_fuel_Eth_SEU_energy] + [ECT_fuel_EG1_SEU_energy] + [ECT_fuel_EG2_SEU_energy] + [ECT_fuel_EG3_SEU_energy] + [ECT_fuel_LAO_SEU_energy] + [ECT_fuel_UO_SEU_energy],1
3118,4480,[ECT_fuel_Eth_Total_energy] - [ECT_fuel_Eth_SEU_energy],1
3119,4481,[ECT_fuel_EG1_Total_energy] - [ECT_fuel_EG1_SEU_energy],1
3120,4482,[ECT_fuel_EG2_Total_energy] - [ECT_fuel_EG2_SEU_energy],1
3121,4483,[ECT_fuel_EG3_Total_energy] - [ECT_fuel_EG3_SEU_energy],1
3122,4484,[ECT_fuel_LAO_Total_energy] - [ECT_fuel_LAO_SEU_energy],1
3123,4485,[ECT_fuel_UO_Total_energy] - [ECT_fuel_UO_SEU_energy],1
3124,4486,[ECT_fuel_Eth_Non_SEU_energy] + [ECT_fuel_EG1_Non_SEU_energy] + [ECT_fuel_EG2_Non_SEU_energy] + [ECT_fuel_EG3_Non_SEU_energy] + [ECT_fuel_LAO_Non_SEU_energy] + [ECT_fuel_UO_Non_SEU_energy],1
3125,4487,[ECT_fuel_Eth_SEU_energy] * 100 / [ECT_fuel_Eth_Total_energy],1
3126,4488,[ECT_fuel_EG1_SEU_energy] * 100 / [ECT_fuel_EG1_Total_energy],1
3127,4489,[ECT_fuel_EG2_SEU_energy] * 100 / [ECT_fuel_EG2_Total_energy],1
3128,4490,[ECT_fuel_EG3_SEU_energy] * 100 / [ECT_fuel_EG3_Total_energy],1
3129,4491,[ECT_fuel_LAO_SEU_energy] * 100 / [ECT_fuel_LAO_Total_energy],1
3130,4492,[ECT_fuel_UO_SEU_energy] * 100 / [ECT_fuel_UO_Total_energy],1
3131,4511,[ETH_LPS_Demand_Energy] * 1,1
3132,4512,[EOEG_1_LPS_Demand_Energy] * 1,1
3133,4513,[EOEG_2_LPS_Demand_Energy] * 1,1
3134,4514,[EOEG_3_LPS_Demand_Energy] * 1,1
3135,4515,[LAO_LP_Steam_Demand_Energy] * 1,1
3136,4516,4.33,1
3137,4517,[ECT_LP_Steam_Eth_Total_energy] + [ECT_LP_Steam_EG1_Total_energy] + [ECT_LP_Steam_EG2_Total_energy] + [ECT_LP_Steam_EG3_Total_energy] + [ECT_LP_Steam_LAO_Total_energy] + [ECT_LP_Steam_UO_Total_energy],1
3138,4518,[Ethane_Feed_Saturator_Duty_GJ],1
3139,4519,[LP_steam_to_E_2523_Duty_GJ] + [LP_Steam_To_Stripping_Column_Duty_GJ]+[LP_Steam_To_Stripping_Column_reboiler_Duty_GJ] + [LP_steam_flow_to_C_2220_Duty_GJ]+[LP_steam_to_E_2220_Duty_GJ],1
3140,4520,[EG2_Third_Stage_reactor_feed_heater_Duty_GJ] + [EG2_stripping_column_Duty_GJ]+[EG2_stripping_column_reboiler_Duty_GJ] + [EG2_Regenerator_feed_flash_drum_Duty_GJ]+[EG2_Regeneration_reboiler_Duty_GJ],1
3141,4521,[EG3_Regeneration_reboiler_Duty_GJ],1
3142,4522,0,1
3143,4523,[Deaerator_A_LPS_Energy] + [Deaerator_B_LPS_Energy],1
3144,4524,[ECT_LP_Steam_Eth_SEU_energy] + [ECT_LP_Steam_EG1_SEU_energy] + [ECT_LP_Steam_EG2_SEU_energy] + [ECT_LP_Steam_EG3_SEU_energy] + [ECT_LP_Steam_LAO_SEU_energy] + [ECT_LP_Steam_UO_SEU_energy],1
3145,4525,[ECT_LP_Steam_Eth_Total_energy] - [ECT_LP_Steam_Eth_SEU_energy],1
3146,4526,[ECT_LP_Steam_EG1_Total_energy] - [ECT_LP_Steam_EG1_SEU_energy],1
3147,4527,[ECT_LP_Steam_EG2_Total_energy] - [ECT_LP_Steam_EG2_SEU_energy],1
3148,4528,[ECT_LP_Steam_EG3_Total_energy] - [ECT_LP_Steam_EG3_SEU_energy],1
3149,4529,[ECT_LP_Steam_LAO_Total_energy] - [ECT_LP_Steam_LAO_SEU_energy],1
3150,4530,[ECT_LP_Steam_UO_Total_energy] - [ECT_LP_Steam_UO_SEU_energy],1
3151,4531,[ECT_LP_Steam_Eth_Non_SEU_energy] + [ECT_LP_Steam_EG1_Non_SEU_energy] + [ECT_LP_Steam_EG2_Non_SEU_energy] + [ECT_LP_Steam_EG3_Non_SEU_energy] + [ECT_LP_Steam_LAO_Non_SEU_energy] + [ECT_LP_Steam_UO_Non_SEU_energy],1
3152,4532,[ECT_LP_Steam_Eth_SEU_energy] * 100 / [ECT_LP_Steam_Eth_Total_energy],1
3153,4533,[ECT_LP_Steam_EG1_SEU_energy] * 100 / [ECT_LP_Steam_EG1_Total_energy],1
3154,4534,[ECT_LP_Steam_EG2_SEU_energy] * 100 / [ECT_LP_Steam_EG2_Total_energy],1
3155,4535,[ECT_LP_Steam_EG3_SEU_energy] * 100 / [ECT_LP_Steam_EG3_Total_energy],1
3156,4536,[ECT_LP_Steam_LAO_SEU_energy] * 100 / [ECT_LP_Steam_LAO_Total_energy],1
3157,4537,[ECT_LP_Steam_UO_SEU_energy] * 100 / [ECT_LP_Steam_UO_Total_energy],1
3158,4556,0,1
3159,4557,[EOEG_1_MPS_Demand_Energy] * 1,1
3160,4558,[EOEG_2_MPS_Demand_Energy] * 1,1
3161,4559,[EOEG_3_MPS_Demand_Energy] * 1,1
3162,4560,44,1
3163,4561,0,1
3164,4562,[ECT_MP_Steam_Eth_Total_energy] + [ECT_MP_Steam_EG1_Total_energy] + [ECT_MP_Steam_EG2_Total_energy] + [ECT_MP_Steam_EG3_Total_energy] + [ECT_MP_Steam_LAO_Total_energy] + [ECT_MP_Steam_UO_Total_energy],1
3165,4563,0,1
3166,4564,[EG1_first_effect_reboiler_Duty_GJ] + [EG1_Drying_column_reboiler_Duty_GJ] + [EG1_MEG_column_reboiler_Duty_GJ],1
3167,4565,[EG2_first_effect_reboiler_Duty_GJ] + [EG2_Drying_column_reboiler_Duty_GJ] + [EG2_MEG_column_reboiler_Duty_GJ],1
3168,4566,[EG3_first_effect_reboiler_Duty_GJ] + [EG3_MEG_column_reboiler_Duty_GJ],1
3169,4567,0,1
3170,4568,0,1
3171,4569,[ECT_MP_Steam_Eth_SEU_energy] + [ECT_MP_Steam_EG1_SEU_energy] + [ECT_MP_Steam_EG2_SEU_energy] + [ECT_MP_Steam_EG3_SEU_energy] + [ECT_MP_Steam_LAO_SEU_energy] + [ECT_MP_Steam_UO_SEU_energy],1
3172,4570,[ECT_MP_Steam_Eth_Total_energy] - [ECT_MP_Steam_Eth_SEU_energy],1
3173,4571,[ECT_MP_Steam_EG1_Total_energy] - [ECT_MP_Steam_EG1_SEU_energy],1
3174,4572,[ECT_MP_Steam_EG2_Total_energy] - [ECT_MP_Steam_EG2_SEU_energy],1
3175,4573,[ECT_MP_Steam_EG3_Total_energy] - [ECT_MP_Steam_EG3_SEU_energy],1
3176,4574,[ECT_MP_Steam_LAO_Total_energy] - [ECT_MP_Steam_LAO_SEU_energy],1
3177,4575,[ECT_MP_Steam_UO_Total_energy] - [ECT_MP_Steam_UO_SEU_energy],1
3178,4576,[ECT_MP_Steam_Eth_Non_SEU_energy] + [ECT_MP_Steam_EG1_Non_SEU_energy] + [ECT_MP_Steam_EG2_Non_SEU_energy] + [ECT_MP_Steam_EG3_Non_SEU_energy] + [ECT_MP_Steam_LAO_Non_SEU_energy] + [ECT_MP_Steam_UO_Non_SEU_energy],1
3179,4577,[ECT_MP_Steam_Eth_SEU_energy] * 100 / [ECT_MP_Steam_Eth_Total_energy],1
3180,4578,"if([ECT_MP_Steam_EG1_Total_energy]==0,0,[ECT_MP_Steam_EG1_SEU_energy] * 100 / [ECT_MP_Steam_EG1_Total_energy])",1
3181,4579,"if([ECT_MP_Steam_EG2_Total_energy]==0,0,[ECT_MP_Steam_EG2_SEU_energy] * 100 / [ECT_MP_Steam_EG2_Total_energy])",1
3182,4580,"if([ECT_MP_Steam_EG3_Total_energy]==0,0,[ECT_MP_Steam_EG3_SEU_energy] * 100 / [ECT_MP_Steam_EG3_Total_energy])",1
3183,4581,"if([ECT_MP_Steam_LAO_Total_energy]==0,0,[ECT_MP_Steam_LAO_SEU_energy] * 100 / [ECT_MP_Steam_LAO_Total_energy])",1
3184,4582,"if([ECT_MP_Steam_UO_Total_energy]==0,0,[ECT_MP_Steam_UO_SEU_energy] * 100 / [ECT_MP_Steam_UO_Total_energy])",1
3185,4601,[ETH_HPS_Demand_Energy] * 1,1
3186,4602,[EOEG_1_HPS_Demand_Energy] * 1,1
3187,4603,[EOEG_2_HPS_Demand_Energy] * 1,1
3188,4604,[EOEG_3_HPS_Demand_Energy] * 1,1
3189,4605,0,1
3190,4606,0,1
3191,4607,[ECT_HP_Steam_Eth_Total_energy] + [ECT_HP_Steam_EG1_Total_energy] + [ECT_HP_Steam_EG2_Total_energy] + [ECT_HP_Steam_EG3_Total_energy] + [ECT_HP_Steam_LAO_Total_energy] + [ECT_HP_Steam_UO_Total_energy],1
3192,4608,0,1
3193,4609,0,1
3194,4610,0,1
3195,4611,0,1
3196,4612,0,1
3197,4613,[HPS_to_Turbines],1
3198,4614,[ECT_HP_Steam_Eth_SEU_energy] + [ECT_HP_Steam_EG1_SEU_energy] + [ECT_HP_Steam_EG2_SEU_energy] + [ECT_HP_Steam_EG3_SEU_energy] + [ECT_HP_Steam_LAO_SEU_energy] + [ECT_HP_Steam_UO_SEU_energy],1
3199,4615,[ECT_HP_Steam_Eth_Total_energy] - [ECT_HP_Steam_Eth_SEU_energy],1
3200,4616,[ECT_HP_Steam_EG1_Total_energy] - [ECT_HP_Steam_EG1_SEU_energy],1
3201,4617,[ECT_HP_Steam_EG2_Total_energy] - [ECT_HP_Steam_EG2_SEU_energy],1
3202,4618,[ECT_HP_Steam_EG3_Total_energy] - [ECT_HP_Steam_EG3_SEU_energy],1
3203,4619,[ECT_HP_Steam_LAO_Total_energy] - [ECT_HP_Steam_LAO_SEU_energy],1
3204,4620,[ECT_HP_Steam_UO_Total_energy] - [ECT_HP_Steam_UO_SEU_energy],1
3205,4621,[ECT_HP_Steam_Eth_Non_SEU_energy] + [ECT_HP_Steam_EG1_Non_SEU_energy] + [ECT_HP_Steam_EG2_Non_SEU_energy] + [ECT_HP_Steam_EG3_Non_SEU_energy] + [ECT_HP_Steam_LAO_Non_SEU_energy] + [ECT_HP_Steam_UO_Non_SEU_energy],1
3206,4622,[ECT_HP_Steam_Eth_SEU_energy] * 100 / [ECT_HP_Steam_Eth_Total_energy],1
3207,4623,[ECT_HP_Steam_EG1_SEU_energy] * 100 / [ECT_HP_Steam_EG1_Total_energy],1
3208,4624,[ECT_HP_Steam_EG2_SEU_energy] * 100 / [ECT_HP_Steam_EG2_Total_energy],1
3209,4625,[ECT_HP_Steam_EG3_SEU_energy] * 100 / [ECT_HP_Steam_EG3_Total_energy],1
3210,4626,[ECT_HP_Steam_LAO_SEU_energy] * 100 / [ECT_HP_Steam_LAO_Total_energy],1
3211,4627,[ECT_HP_Steam_UO_SEU_energy] * 100 / [ECT_HP_Steam_UO_Total_energy],1
3212,4646,[ECT_Eth_Total_energy]*100/[ECT_all_plants_Total_energy],1
3213,4647,[ECT_EG1_Total_energy]*100/[ECT_all_plants_Total_energy],1
3214,4648,[ECT_EG2_Total_energy]*100/[ECT_all_plants_Total_energy],1
3215,4649,[ECT_EG3_Total_energy]*100/[ECT_all_plants_Total_energy],1
3216,4650,[ECT_LAO_Total_energy]*100/[ECT_all_plants_Total_energy],1
3217,4651,[ECT_UO_Total_energy]*100/[ECT_all_plants_Total_energy],1
3218,4652,[ECT_elect_Eth_Total_energy] *100/[ECT_elect_all_plants_Total_energy],1
3219,4653,[ECT_elect_EG1_Total_energy] *100/[ECT_elect_all_plants_Total_energy],1
3220,4654,[ECT_elect_EG2_Total_energy] *100/[ECT_elect_all_plants_Total_energy],1
3221,4655,[ECT_elect_EG3_Total_energy] *100/[ECT_elect_all_plants_Total_energy],1
3222,4656,[ECT_elect_LAO_Total_energy] *100/[ECT_elect_all_plants_Total_energy],1
3223,4657,[ECT_elect_UO_Total_energy] *100/[ECT_elect_all_plants_Total_energy],1
3224,4658,[ECT_fuel_Eth_Total_energy] *100/[ECT_fuel_all_plants_Total_energy],1
3225,4659,[ECT_fuel_EG1_Total_energy] *100/[ECT_fuel_all_plants_Total_energy],1
3226,4660,[ECT_fuel_EG2_Total_energy] *100/[ECT_fuel_all_plants_Total_energy],1
3227,4661,[ECT_fuel_EG3_Total_energy] *100/[ECT_fuel_all_plants_Total_energy],1
3228,4662,[ECT_fuel_LAO_Total_energy] *100/[ECT_fuel_all_plants_Total_energy],1
3229,4663,[ECT_fuel_UO_Total_energy] *100/[ECT_fuel_all_plants_Total_energy],1
3230,4664,[ECT_HP_Steam_Eth_Total_energy] *100/[ECT_HP_Steam_all_plants_Total_energy],1
3231,4665,[ECT_HP_Steam_EG1_Total_energy] *100/[ECT_HP_Steam_all_plants_Total_energy],1
3232,4666,[ECT_HP_Steam_EG2_Total_energy] *100/[ECT_HP_Steam_all_plants_Total_energy],1
3233,4667,[ECT_HP_Steam_EG3_Total_energy] *100/[ECT_HP_Steam_all_plants_Total_energy],1
3234,4668,[ECT_HP_Steam_LAO_Total_energy] *100/[ECT_HP_Steam_all_plants_Total_energy],1
3235,4669,[ECT_HP_Steam_UO_Total_energy] *100/[ECT_HP_Steam_all_plants_Total_energy],1
3236,4670,[ECT_MP_Steam_Eth_Total_energy] *100/[ECT_MP_Steam_all_plants_Total_energy],1
3237,4671,[ECT_MP_Steam_EG1_Total_energy] *100/[ECT_MP_Steam_all_plants_Total_energy],1
3238,4672,[ECT_MP_Steam_EG2_Total_energy] *100/[ECT_MP_Steam_all_plants_Total_energy],1
3239,4673,[ECT_MP_Steam_EG3_Total_energy] *100/[ECT_MP_Steam_all_plants_Total_energy],1
3240,4674,[ECT_MP_Steam_LAO_Total_energy] *100/[ECT_MP_Steam_all_plants_Total_energy],1
3241,4675,[ECT_MP_Steam_UO_Total_energy] *100/[ECT_MP_Steam_all_plants_Total_energy],1
3242,4676,[ECT_LP_Steam_Eth_Total_energy] *100/[ECT_LP_Steam_all_plants_Total_energy],1
3243,4677,[ECT_LP_Steam_EG1_Total_energy] *100/[ECT_LP_Steam_all_plants_Total_energy],1
3244,4678,[ECT_LP_Steam_EG2_Total_energy] *100/[ECT_LP_Steam_all_plants_Total_energy],1
3245,4679,[ECT_LP_Steam_EG3_Total_energy] *100/[ECT_LP_Steam_all_plants_Total_energy],1
3246,4680,[ECT_LP_Steam_LAO_Total_energy] *100/[ECT_LP_Steam_all_plants_Total_energy],1
3247,4681,[ECT_LP_Steam_UO_Total_energy] *100/[ECT_LP_Steam_all_plants_Total_energy],1
3248,4400,[ECT_Eth_SEU_energy_actual] - [ECT_Eth_SEU_energy_optimum],1
3249,4401,[ECT_EG1_SEU_energy_actual] - [ECT_EG1_SEU_energy_optimum],1
3250,4402,[ECT_EG2_SEU_energy_actual] - [ECT_EG2_SEU_energy_optimum],1
3251,4403,[ECT_EG3_SEU_energy_actual] - [ECT_EG3_SEU_energy_optimum],1
3252,4404,[ECT_LAO_SEU_energy_actual] - [ECT_LAO_SEU_energy_optimum],1
3253,4405,[ECT_UO_SEU_energy_actual] - [ECT_UO_SEU_energy_optimum],1
3254,4406,[ECT_all_plants_SEU_energy_actual] - [ECT_all_plants_SEU_energy_optimum],1
3255,4407,[ECT_Eth_Total_energy_actual] - [ECT_Eth_Total_energy_optimum],1
3256,4408,[ECT_EG1_Total_energy_actual] - [ECT_EG1_Total_energy_optimum],1
3257,4409,[ECT_EG2_Total_energy_actual] - [ECT_EG2_Total_energy_optimum],1
3258,4410,[ECT_EG3_Total_energy_actual] - [ECT_EG3_Total_energy_optimum],1
3259,4411,[ECT_LAO_Total_energy_actual] - [ECT_LAO_Total_energy_optimum],1
3260,4412,[ECT_UO_Total_energy_actual] - [ECT_UO_Total_energy_optimum],1
3261,4413,[ECT_all_plants_Total_energy_actual] - [ECT_all_plants_Total_energy_optimum],1
3262,4414,[ECT_Eth_Total_energy_reduction_actual] / [ECT_all_plants_Total_energy_actual],1
3263,4415,[ECT_EG1_Total_energy_reduction_actual] / [ECT_all_plants_Total_energy_actual],1
3264,4416,[ECT_EG2_Total_energy_reduction_actual] / [ECT_all_plants_Total_energy_actual],1
3265,4417,[ECT_EG3_Total_energy_reduction_actual] / [ECT_all_plants_Total_energy_actual],1
3266,4418,[ECT_LAO_Total_energy_reduction_actual] / [ECT_all_plants_Total_energy_actual],1
3267,4419,[ECT_UO_Total_energy_reduction_actual] / [ECT_all_plants_Total_energy_actual],1
3268,4420,[ECT_all_Total_energy_reduction_actual] / [ECT_all_plants_Total_energy_actual],1
3269,4448,[ECT_elect_Eth_SEU_energy_actual] - [ECT_elect_Eth_SEU_energy_optimum],1
3270,4449,[ECT_elect_EG1_SEU_energy_actual] - [ECT_elect_EG1_SEU_energy_optimum],1
3271,4450,[ECT_elect_EG2_SEU_energy_actual] - [ECT_elect_EG2_SEU_energy_optimum],1
3272,4451,[ECT_elect_EG3_SEU_energy_actual] - [ECT_elect_EG3_SEU_energy_optimum],1
3273,4452,[ECT_elect_LAO_SEU_energy_actual] - [ECT_elect_LAO_SEU_energy_optimum],1
3274,4453,[ECT_elect_UO_SEU_energy_actual] - [ECT_elect_UO_SEU_energy_optimum],1
3275,4454,[ECT_elect_Eth_Total_energy_actual] - [ECT_elect_Eth_Total_energy_optimum],1
3276,4455,[ECT_elect_EG1_Total_energy_actual] - [ECT_elect_EG1_Total_energy_optimum],1
3277,4456,[ECT_elect_EG2_Total_energy_actual] - [ECT_elect_EG2_Total_energy_optimum],1
3278,4457,[ECT_elect_EG3_Total_energy_actual] - [ECT_elect_EG3_Total_energy_optimum],1
3279,4458,[ECT_elect_LAO_Total_energy_actual] - [ECT_elect_LAO_Total_energy_optimum],1
3280,4459,[ECT_elect_UO_Total_energy_actual] - [ECT_elect_UO_Total_energy_optimum],1
3281,4460,[ECT_elect_Eth_Total_energy_reduction_actual] / [ECT_elect_all_plants_Total_energy_actual],1
3282,4461,[ECT_elect_EG1_Total_energy_reduction_actual] / [ECT_elect_all_plants_Total_energy_actual],1
3283,4462,[ECT_elect_EG2_Total_energy_reduction_actual] / [ECT_elect_all_plants_Total_energy_actual],1
3284,4463,[ECT_elect_EG3_Total_energy_reduction_actual] / [ECT_elect_all_plants_Total_energy_actual],1
3285,4464,[ECT_elect_LAO_Total_energy_reduction_actual] / [ECT_elect_all_plants_Total_energy_actual],1
3286,4465,[ECT_elect_UO_Total_energy_reduction_actual] / [ECT_elect_all_plants_Total_energy_actual],1
3287,4493,[ECT_fuel_Eth_SEU_energy_actual] - [ECT_fuel_Eth_SEU_energy_optimum],1
3288,4494,[ECT_fuel_EG1_SEU_energy_actual] - [ECT_fuel_EG1_SEU_energy_optimum],1
3289,4495,[ECT_fuel_EG2_SEU_energy_actual] - [ECT_fuel_EG2_SEU_energy_optimum],1
3290,4496,[ECT_fuel_EG3_SEU_energy_actual] - [ECT_fuel_EG3_SEU_energy_optimum],1
3291,4497,[ECT_fuel_LAO_SEU_energy_actual] - [ECT_fuel_LAO_SEU_energy_optimum],1
3292,4498,[ECT_fuel_UO_SEU_energy_actual] - [ECT_fuel_UO_SEU_energy_optimum],1
3293,4499,[ECT_fuel_Eth_Total_energy_actual] - [ECT_fuel_Eth_Total_energy_optimum],1
3294,4500,[ECT_fuel_EG1_Total_energy_actual] - [ECT_fuel_EG1_Total_energy_optimum],1
3295,4501,[ECT_fuel_EG2_Total_energy_actual] - [ECT_fuel_EG2_Total_energy_optimum],1
3296,4502,[ECT_fuel_EG3_Total_energy_actual] - [ECT_fuel_EG3_Total_energy_optimum],1
3297,4503,[ECT_fuel_LAO_Total_energy_actual] - [ECT_fuel_LAO_Total_energy_optimum],1
3298,4504,[ECT_fuel_UO_Total_energy_actual] - [ECT_fuel_UO_Total_energy_optimum],1
3299,4505,[ECT_fuel_Eth_Total_energy_reduction_actual] / [ECT_fuel_all_plants_Total_energy_actual],1
3300,4506,[ECT_fuel_EG1_Total_energy_reduction_actual] / [ECT_fuel_all_plants_Total_energy_actual],1
3301,4507,[ECT_fuel_EG2_Total_energy_reduction_actual] / [ECT_fuel_all_plants_Total_energy_actual],1
3302,4508,[ECT_fuel_EG3_Total_energy_reduction_actual] / [ECT_fuel_all_plants_Total_energy_actual],1
3303,4509,[ECT_fuel_LAO_Total_energy_reduction_actual] / [ECT_fuel_all_plants_Total_energy_actual],1
3304,4510,[ECT_fuel_UO_Total_energy_reduction_actual] / [ECT_fuel_all_plants_Total_energy_actual],1
3305,4538,[ECT_LP_Steam_Eth_SEU_energy_actual] - [ECT_LP_Steam_Eth_SEU_energy_optimum],1
3306,4539,[ECT_LP_Steam_EG1_SEU_energy_actual] - [ECT_LP_Steam_EG1_SEU_energy_optimum],1
3307,4540,[ECT_LP_Steam_EG2_SEU_energy_actual] - [ECT_LP_Steam_EG2_SEU_energy_optimum],1
3308,4541,[ECT_LP_Steam_EG3_SEU_energy_actual] - [ECT_LP_Steam_EG3_SEU_energy_optimum],1
3309,4542,[ECT_LP_Steam_LAO_SEU_energy_actual] - [ECT_LP_Steam_LAO_SEU_energy_optimum],1
3310,4543,[ECT_LP_Steam_UO_SEU_energy_actual] - [ECT_LP_Steam_UO_SEU_energy_optimum],1
3311,4544,[ECT_LP_Steam_Eth_Total_energy_actual] - [ECT_LP_Steam_Eth_Total_energy_optimum],1
3312,4545,[ECT_LP_Steam_EG1_Total_energy_actual] - [ECT_LP_Steam_EG1_Total_energy_optimum],1
3313,4546,[ECT_LP_Steam_EG2_Total_energy_actual] - [ECT_LP_Steam_EG2_Total_energy_optimum],1
3314,4547,[ECT_LP_Steam_EG3_Total_energy_actual] - [ECT_LP_Steam_EG3_Total_energy_optimum],1
3315,4548,[ECT_LP_Steam_LAO_Total_energy_actual] - [ECT_LP_Steam_LAO_Total_energy_optimum],1
3316,4549,[ECT_LP_Steam_UO_Total_energy_actual] - [ECT_LP_Steam_UO_Total_energy_optimum],1
3317,4550,[ECT_LP_Steam_Eth_Total_energy_reduction_actual] / [ECT_LP_Steam_all_plants_Total_energy_actual],1
3318,4551,[ECT_LP_Steam_EG1_Total_energy_reduction_actual] / [ECT_LP_Steam_all_plants_Total_energy_actual],1
3319,4552,[ECT_LP_Steam_EG2_Total_energy_reduction_actual] / [ECT_LP_Steam_all_plants_Total_energy_actual],1
3320,4553,[ECT_LP_Steam_EG3_Total_energy_reduction_actual] / [ECT_LP_Steam_all_plants_Total_energy_actual],1
3321,4554,[ECT_LP_Steam_LAO_Total_energy_reduction_actual] / [ECT_LP_Steam_all_plants_Total_energy_actual],1
3322,4555,[ECT_LP_Steam_UO_Total_energy_reduction_actual] / [ECT_LP_Steam_all_plants_Total_energy_actual],1
3323,4583,[ECT_MP_Steam_Eth_SEU_energy_actual] - [ECT_MP_Steam_Eth_SEU_energy_optimum],1
3324,4584,[ECT_MP_Steam_EG1_SEU_energy_actual] - [ECT_MP_Steam_EG1_SEU_energy_optimum],1
3325,4585,[ECT_MP_Steam_EG2_SEU_energy_actual] - [ECT_MP_Steam_EG2_SEU_energy_optimum],1
3326,4586,[ECT_MP_Steam_EG3_SEU_energy_actual] - [ECT_MP_Steam_EG3_SEU_energy_optimum],1
3327,4587,[ECT_MP_Steam_LAO_SEU_energy_actual] - [ECT_MP_Steam_LAO_SEU_energy_optimum],1
3328,4588,[ECT_MP_Steam_UO_SEU_energy_actual] - [ECT_MP_Steam_UO_SEU_energy_optimum],1
3329,4589,[ECT_MP_Steam_Eth_Total_energy_actual] - [ECT_MP_Steam_Eth_Total_energy_optimum],1
3330,4590,[ECT_MP_Steam_EG1_Total_energy_actual] - [ECT_MP_Steam_EG1_Total_energy_optimum],1
3331,4591,[ECT_MP_Steam_EG2_Total_energy_actual] - [ECT_MP_Steam_EG2_Total_energy_optimum],1
3332,4592,[ECT_MP_Steam_EG3_Total_energy_actual] - [ECT_MP_Steam_EG3_Total_energy_optimum],1
3333,4593,[ECT_MP_Steam_LAO_Total_energy_actual] - [ECT_MP_Steam_LAO_Total_energy_optimum],1
3334,4594,[ECT_MP_Steam_UO_Total_energy_actual] - [ECT_MP_Steam_UO_Total_energy_optimum],1
3335,4595,[ECT_MP_Steam_Eth_Total_energy_reduction_actual] / [ECT_MP_Steam_all_plants_Total_energy_actual],1
3336,4596,[ECT_MP_Steam_EG1_Total_energy_reduction_actual] / [ECT_MP_Steam_all_plants_Total_energy_actual],1
3337,4597,[ECT_MP_Steam_EG2_Total_energy_reduction_actual] / [ECT_MP_Steam_all_plants_Total_energy_actual],1
3338,4598,[ECT_MP_Steam_EG3_Total_energy_reduction_actual] / [ECT_MP_Steam_all_plants_Total_energy_actual],1
3339,4599,[ECT_MP_Steam_LAO_Total_energy_reduction_actual] / [ECT_MP_Steam_all_plants_Total_energy_actual],1
3340,4600,[ECT_MP_Steam_UO_Total_energy_reduction_actual] / [ECT_MP_Steam_all_plants_Total_energy_actual],1
3341,4628,[ECT_HP_Steam_Eth_SEU_energy_actual] - [ECT_HP_Steam_Eth_SEU_energy_optimum],1
3342,4629,[ECT_HP_Steam_EG1_SEU_energy_actual] - [ECT_HP_Steam_EG1_SEU_energy_optimum],1
3343,4630,[ECT_HP_Steam_EG2_SEU_energy_actual] - [ECT_HP_Steam_EG2_SEU_energy_optimum],1
3344,4631,[ECT_HP_Steam_EG3_SEU_energy_actual] - [ECT_HP_Steam_EG3_SEU_energy_optimum],1
3345,4632,[ECT_HP_Steam_LAO_SEU_energy_actual] - [ECT_HP_Steam_LAO_SEU_energy_optimum],1
3346,4633,[ECT_HP_Steam_UO_SEU_energy_actual] - [ECT_HP_Steam_UO_SEU_energy_optimum],1
3347,4634,[ECT_HP_Steam_Eth_Total_energy_actual] - [ECT_HP_Steam_Eth_Total_energy_optimum],1
3348,4635,[ECT_HP_Steam_EG1_Total_energy_actual] - [ECT_HP_Steam_EG1_Total_energy_optimum],1
3349,4636,[ECT_HP_Steam_EG2_Total_energy_actual] - [ECT_HP_Steam_EG2_Total_energy_optimum],1
3350,4637,[ECT_HP_Steam_EG3_Total_energy_actual] - [ECT_HP_Steam_EG3_Total_energy_optimum],1
3351,4638,[ECT_HP_Steam_LAO_Total_energy_actual] - [ECT_HP_Steam_LAO_Total_energy_optimum],1
3352,4639,[ECT_HP_Steam_UO_Total_energy_actual] - [ECT_HP_Steam_UO_Total_energy_optimum],1
3353,4640,[ECT_HP_Steam_Eth_Total_energy_reduction_actual] / [ECT_HP_Steam_all_plants_Total_energy_actual],1
3354,4641,[ECT_HP_Steam_EG1_Total_energy_reduction_actual] / [ECT_HP_Steam_all_plants_Total_energy_actual],1
3355,4642,[ECT_HP_Steam_EG2_Total_energy_reduction_actual] / [ECT_HP_Steam_all_plants_Total_energy_actual],1
3356,4643,[ECT_HP_Steam_EG3_Total_energy_reduction_actual] / [ECT_HP_Steam_all_plants_Total_energy_actual],1
3357,4644,[ECT_HP_Steam_LAO_Total_energy_reduction_actual] / [ECT_HP_Steam_all_plants_Total_energy_actual],1
3358,4645,[ECT_HP_Steam_UO_Total_energy_reduction_actual] / [ECT_HP_Steam_all_plants_Total_energy_actual],1
3359,4699,[CGC_Discharge_Press_5Stage],1
3360,4700,[CGC_Turbine_exhaust_pressure],1
3361,4701,[VHP_Steam_Temperature],1
3362,4702,[CGC_Quench_overhead_temp],1
3363,4703,[CGC_VHP_letdown_controller_opening_new],1
3364,4704,[LP_steam_pressure_to_saturator],1
3365,4705,[K_5021_Dis_Flow],1
3366,4706,([K_5021_Dis_temp] +273)/([K_5021_suc_temp] +273),1
3367,4707,[K_5021_Dis_pressure]/[K_5021_suc_pressure],1
3368,4708,[Interstage_Cooler_1_Outlet_Temperature],1
3369,4709,[Interstage_Cooler_2_Outlet_Temperature],1
3370,4710,[Interstage_Cooler_3_Outlet_Temperature],1
3371,4711,[ASCV_Opening]*[PK_5070_status],1
3372,4712,[K_5071_Dis_Flow],1
3373,4713,[CO2_Sale_flow],1
3374,4714,[Total_Flow_to_Deareator_A],1
3375,4715,[BFW_temp_A],1
3376,4716,[Total_Flow_to_Deareator_B],1
3377,4717,[BFW_Temperature],1
3378,4718,[H3831_steam_flow],1
3379,4719,[H3831_inlet_temp],1
3380,4720,"if([H3831_steam_flow]>200000,[LAO_oxygen],0)",1
3381,4721,[EG1_temp_ratio],1
3382,4722,[EG1_pr_ratio],1
3383,4723,[EG1_Comp_eff],1
3384,4724,[EG2_temp_ratio],1
3385,4725,[EG2_pr_ratio],1
3386,4726,[EG2_Comp_eff],1
3387,4727,[EG3_temp_ratio],1
3388,4728,[EG3_pr_ratio],1
3389,4729,[EG3_Comp_eff],1
3390,4730,"if([KM_2115_Flow]==0,0,([EG1_Recycle_Compressor_Power]*[KM_2115_Status]))",1
3391,4731,"if([Process_flow_of_E_2523]==0,0,([EG1_LP_to_E_2523]*[E_2523_Status]*([LP_steam_saturated_vapor_enthalpy]-[LP_steam_condensate_enthalpy])/1000))",1
3392,4732,"if([Process_flow_of_E_2523]==0,0,([EG1_MP_to_E_2531]*[E_2531_Status]*([MP_steam_saturated_vapor_enthalpy]-[MP_steam_condensate_enthalpy])/1000))",1
3393,4733,"if([Process_flow_of_E_2610]==0,0,([EG1_MP_to_E_2610]*[E_2610_Status]*([MP_steam_saturated_vapor_enthalpy]-[MP_steam_condensate_enthalpy])/1000))",1
3394,4734,"if([Process_flow_of_E_2620]==0,0,([EG1_MP_to_E_2620]*[E_2620_Status]*([MP_steam_saturated_vapor_enthalpy]-[MP_steam_condensate_enthalpy])/1000))",1
3395,4735,"if([KM_4115_Flow]==0,0,([EG2_Recycle_Compressor_Power]*[KM_4115_Status]))",1
3396,4736,"if([Process_flow_of_E_4523]==0,0,([EG2_LP_to_E_4523]*[E_4523_Status]*([EG2_LP_steam_saturated_vapor_enthalpy]-[EG2_LP_steam_condensate_enthalpy])/1000))",1
3397,4737,"if([Process_flow_of_E_4523]==0,0,([EG2_MP_to_E_4531]*[E_4531_Status]*([EG2_MP_steam_saturated_vapor_enthalpy]-[EG2_MP_steam_condensate_enthalpy])/1000))",1
3398,4738,"if([Process_flow_of_E_4610]==0,0,([EG2_MP_to_E_4610]*[E_4610_Status]*([EG2_MP_steam_saturated_vapor_enthalpy]-[EG2_MP_steam_condensate_enthalpy])/1000))",1
3399,4739,"if([Process_flow_of_E_4620]==0,0,([EG2_MP_to_E_4620]*[E_4620_Status]*([EG2_MP_steam_saturated_vapor_enthalpy]-[EG2_MP_steam_condensate_enthalpy])/1000))",1
3400,4740,"if([Process_flow_of_E_6531]==0,0,([EG3_MP_to_E_6531]*[E_6531_Status]*([EG3_MP_steam_saturated_vapor_enthalpy]-[EG3_MP_steam_condensate_enthalpy])/1000))",1
3401,4741,"if([Process_flow_of_E_6531]==0,0,([EG3_MP_to_E_6620]*[E_6620_Status]*([EG3_MP_steam_saturated_vapor_enthalpy]-[EG3_MP_steam_condensate_enthalpy])/1000))",1
3402,4742,"if([Furnace1_Feed]==0,0,([Furnace_H_1111_Duty]*[Furnace_1_Status]))",1
3403,4743,"if([Furnace2_Feed]==0,0,([Furnace_H_1112_Duty]*[Furnace_2_Status]))",1
3404,4744,"if([Furnace3_Feed]==0,0,([Furnace_H_1113_Duty]*[Furnace_3_Status]))",1
3405,4745,"if([Furnace4_Feed]==0,0,([Furnace_H_1114_Duty]*[Furnace_4_Status]))",1
3406,4746,"if([Furnace5_Feed]==0,0,([Furnace_H_1115_Duty]*[Furnace_5_Status]))",1
3407,4747,"if([Furnace6_Feed]==0,0,([Furnace_H_1116_Duty]*[Furnace_6_Status]))",1
3408,4748,"if([Furnace7_Feed]==0,0,([Furnace_H_1117_Duty]*[Furnace_7_Status]))",1
3409,4749,"if([Furnace8_Feed]==0,0,([Furnace_H_1118_Duty]*[Furnace_8_Status]))",1
3410,4750,"if([Furnace9_Feed]==0,0,([Furnace_H_1119_Duty]*[Furnace_9_Status]))",1
3411,4751,"if([BLR_1_HPS_Gen]==0,0,([Boiler_A_Duty]))",1
3412,4752,"if([BLR_2_HPS_Gen]==0,0,([Boiler_B_Duty]))",1
3413,4753,"if([BLR_3_HPS_Gen]==0,0,([Boiler_C_Duty]))",1
3414,4754,"if([BLR_4_HPS_Gen]==0,0,([Boiler_D_Duty]))",1
3415,4755,"if([BLR_5_HPS_Gen]==0,0,([Boiler_E_Duty]))",1
3416,4756,"if([Total_Ethylene_Production_ETH_Plant]==0,0,([Eth_CGC_turbine_Duty_GJ]*[KT_1200_Status]))",1
3417,4757,"if([Process_flow_of_E_1102]==0,0,([Ethane_feed_saturator_inlet_steam_flow]*[E_1102_Status]*([Eth_LP_steam_saturated_vapor_enthalpy]-[Eth_LP_steam_condensate_enthalpy]))/1000)",1
3418,4758,[Air_Compressor_Motor_B_Power]*3.6,1
3419,4759,[Air_Compressor_Motor_C_Power]*3.6,1
3420,4760,[Process_flow_of_PK_5020]*[Sp_En_PK_5020]/1000,1
3421,4761,[K_5071_Dis_Flow]*[Sp_En_PK_5070]/1000,1
3422,4762,[Air_Compressor_Turbine_A_Status]*[Air_Compressor_Turbine_A_Steam]*([HP_Steam_Enthalpy]-[LP_Steam_Enthalpy])*4.184/1000,1
3423,4763,[Air_Compressor_Turbine_D_Status]*[Air_Compressor_Turbine_D_Steam]*([HP_Steam_Enthalpy]-[LP_Steam_Enthalpy])*4.184/1000,1
3424,4764,"if([Total_Flow_to_Deareator_A]==0,0,([Deaerator_A_LPS]*([LP_Steam_Enthalpy]-[BFW_Enthalpy])*4.184*[V_7101A_Status]/1000))",1
3425,4765,"if([Total_Flow_to_Deareator_B]==0,0,([Deaerator_B_LPS]*([LP_Steam_Enthalpy]-[BFW_Enthalpy])*4.184*[V_7101B_Status]/1000))",1
3426,4766,[VHP_BFW_A_Motor_Power]*3.6,1
3427,4767,[BFW_A_Motor_Power]*3.6,1
3428,4768,[BFW_D_Motor_Power]*3.6,1
3429,4769,[BFW_F_Motor_Power]*3.6,1
3430,4770,[VHP_BFW_B_Turb_Status]*[VHP_BFW_B_Turb_Steam]*([HP_Steam_Enthalpy]-[LP_Steam_Enthalpy])*4.184/1000,1
3431,4771,[VHP_BFW_C_Turb_Steam]*[VHP_BFW_C_Turb_Status]*([HP_Steam_Enthalpy]-[LP_Steam_Enthalpy])*4.184/1000,1
3432,4772,[BFW_B_Turb_Steam]*[BFW_B_Turb_Status]*([HP_Steam_Enthalpy]-[LP_Steam_Enthalpy])*4.184/1000,1
3433,4773,[BFW_C_Turb_Steam]*[BFW_C_Turb_Status]*([HP_Steam_Enthalpy]-[LP_Steam_Enthalpy])*4.184/1000,1
3434,4774,[BFW_E_Turb_Steam]*[BFW_E_Turb_Status]*([HP_Steam_Enthalpy]-[LP_Steam_Enthalpy])*4.184/1000,1
3435,4775,[CW_Turbine_A_Steam]*[CW_Turbine_A_Status]*([HP_Steam_Enthalpy]-[LP_Steam_Enthalpy])*4.184/1000,1
3436,4776,[CW_Turbine_B_Steam]*[CW_Turbine_B_Status]*([HP_Steam_Enthalpy]-[LP_Steam_Enthalpy])*4.184/1000,1
3437,4777,[CW_Turbine_G_Steam]*[CW_Turbine_G_Status]*([HP_Steam_Enthalpy]-[LP_Steam_Enthalpy])*4.184/1000,1
3438,4778,"if([Process_flow_of_KM_6115]==0,0,([EG3_Recycle_Compressor_Power]*[KM_6115_Status]))",1
3439,4779,"if([H3831_steam_flow]==0,0,([H3831_acual_duty]*[LAO_Plant_Status]))",1
3440,4780,"if([Process_flow_of_E_2523]==0,0,([EG1_Stripping_status]*([EG1_LP_to_C_2310]+[EG1_LP_to_E_2310])*([LP_steam_saturated_vapor_enthalpy]-[LP_steam_condensate_enthalpy])/1000))",1
3441,4781,"if([Process_flow_of_E_4523]==0,0,(([EG2_LP_to_C_4310]+[EG2_LP_to_E_4310])*([EG2_LP_steam_saturated_vapor_enthalpy]-[EG2_LP_steam_condensate_enthalpy])*[EG2_Stripping_status]/1000))",1
3442,4782,"if([Process_flow_of_C_2220_E_2220]==0,0,(([EG1_LP_to_E_2220]+[EG1_LP_to_C_2220])*([LP_steam_saturated_vapor_enthalpy]-[LP_steam_condensate_enthalpy])*[EG1_Regen_status]/1000))",1
3443,4783,"if([Process_flow_of_C_4220_E_4220]==0,0,(([EG2_LP_to_E_4220]+[EG2_LP_to_C_4220])*([EG2_LP_steam_saturated_vapor_enthalpy]-[EG2_LP_steam_condensate_enthalpy])*[EG2_Regen_status]/1000))",1
3444,4784,"if([Process_flow_of_E_6220]==0,0,([EG3_LP_to_E_6220]*([EG3_LP_steam_saturated_vapor_enthalpy]-[EG3_LP_steam_condensate_enthalpy])*[EG3_Regen_status]/1000))",1
3445,4785,"max([Spec_En_Cons_BLR_1],[Spec_En_Cons_BLR_2],[Spec_En_Cons_BLR_3],[Spec_En_Cons_BLR_4],[Spec_En_Cons_BLR_5])",1
3446,4786,"if([max_spec_en_consumption]==[Spec_En_Cons_BLR_1],1,if([max_spec_en_consumption]==[Spec_En_Cons_BLR_2],2,if([max_spec_en_consumption]==[Spec_En_Cons_BLR_3],3,if([max_spec_en_consumption]==[Spec_En_Cons_BLR_4],4,5))))",1
3447,4787,"if((avg([BLR_1_HPS_Gen],[BLR_2_HPS_Gen],[BLR_3_HPS_Gen],[BLR_4_HPS_Gen],[BLR_5_HPS_Gen]))>112,140,112)",1
3448,4788,"if([Total_Boilers_Running]<5,[Total_Boilers_Running], if(ceil(([Total_BLR_HPS_Generation]+[Buffer_Steam_in_Boilers])/140)>5, 5 ,ceil(([Total_BLR_HPS_Generation]+[Buffer_Steam_in_Boilers])/140)))",1
3449,4789,0.88,1
3450,4790,2928.30436719347 + [CGC_turbine_extraction_steam_pressure]*-26.8079997619385 + [CGC_turbine_extraction_steam_temp]*5.42202989702028 + [CGC_turbine_extraction_steam_pressure]^2*0.157733588035482 + [CGC_turbine_extraction_steam_temp]^2*-0.00224321118640772 + [CGC_turbine_extraction_steam_temp]/[CGC_turbine_extraction_steam_pressure]*-90.4356895454475 + ([CGC_turbine_extraction_steam_temp]/[CGC_turbine_extraction_steam_pressure]^2)*2.0018883166554,1
3451,4791,6.5822153555612 + [CGC_turbine_extraction_steam_pressure]*-0.0617612264322871 + [CGC_turbine_extraction_steam_temp]*0.0105350203003407 + [CGC_turbine_extraction_steam_pressure]^2*0.00035905910715961 + [CGC_turbine_extraction_steam_temp]^2*-6.28141490138635E-06 + [CGC_turbine_extraction_steam_temp]/[CGC_turbine_extraction_steam_pressure]*-0.145249329300334 + ([CGC_turbine_extraction_steam_temp]/[CGC_turbine_extraction_steam_pressure]^2)*0.00327738894939511,1
3452,4792,6.57230984908701 + [CGC_turbine_Inlet_steam_pressure]*-0.0350269110549501 + [VHP_Steam_Temperature]*0.0108345052982823 + [CGC_turbine_Inlet_steam_pressure]^2*0.0000909740083232166 + [VHP_Steam_Temperature]^2*-0.00000529 + [VHP_Steam_Temperature]/[CGC_turbine_Inlet_steam_pressure]*-0.369558315303251 + ([VHP_Steam_Temperature]/[CGC_turbine_Inlet_steam_pressure]^2)*0.0149587717693675,1
3453,4793,3205.8642791052 + [CGC_turbine_Inlet_steam_pressure]*-19.3506160538991 + [VHP_Steam_Temperature]*6.45179484871345 + [CGC_turbine_Inlet_steam_pressure]^2*0.0506889939419051 + [VHP_Steam_Temperature]^2*-0.00227223400379114 + [VHP_Steam_Temperature]/[CGC_turbine_Inlet_steam_pressure]*-264.547702042717 + ([VHP_Steam_Temperature]/[CGC_turbine_Inlet_steam_pressure]^2)*10.4905143644101,1
3454,4794,75.6044110859198 + [Turbine_exhaust_pressure]*1593.63479442125 + [Turbine_exhaust_pressure]^2*-5050.08580375634 + [Turbine_exhaust_pressure]^3*7388.20780509084,1
3455,4795,2534.1245666098 + [Turbine_exhaust_pressure]*686.076300446707 + [Turbine_exhaust_pressure]^2*-2205.84856149559 + [Turbine_exhaust_pressure]^3*3232.05144999819,1
3456,4796,[CGC_turbine_Inlet_steam_flow] * 0.95,1
3457,4797,[Turbine_VHP_steam_Entropy] / [Turbine_EXT_steam_Entropy],1
3458,4798,([Turbine_EXT_steam_Enthaply] - [Exhaust_Vap_Enthalpy]) * 100 / ([Turbine_EXT_steam_Enthaply] - ([Exhaust_Liq_Enthalpy] + ([Exhaust_Vap_Enthalpy] - [Exhaust_Liq_Enthalpy])* [Dryness_fraction])),1
3459,4799,[Turb_VHP_STM_INLET_Flow] - [HP_Steam_from_CGC_Extraction],1
3460,4800,[Turbine_EXT_steam_Enthaply] * [X_fact_isentropic],1
3461,4801,([Turbine_VHP_steam_Enthaply] - [Turbine_EXT_steam_Enthaply]) * 100 / ([Turbine_VHP_steam_Enthaply] - [His_Ext]),1
3462,4802,([Extraction_stage_Efficiency] * ([Turb_VHP_STM_INLET_Flow] - [Turb_Exhaust_STM_INLET_Flow]) + [Turb_Exhaust_STM_INLET_Flow] * [Exhaust_section_Efficiency]) / [Turb_VHP_STM_INLET_Flow],1
3463,4803,[K_5071_Dis_pressure]/[K_5071_suc_pressure],1
3464,4804,([K_5071_Dis_temp]+273)/([K_5071_suc_temp]+273),1
3465,4805,"if([PK_5070_status]==1,ln([Presssure_Ratio_5071])/ln([Temp_Ratio_5071]),0)",1
3466,4806,78*[Short_Eff_5071]/4.046,1
3467,4807,"if([Boiler_opt_running]<[Total_Boilers_Running],1,0)",1
3468,4839,([Instr_air_to_EG1_in_kgph]+[Instr_air_to_EG2_in_kgph]+[Instr_air_to_EG3_in_kgph]+[Instr_air_to_Eth_in_tph]* 1000+[Instr_air_to_LAO_in_kgph]+[Instr_air_to_CW_in_m3ph] * 9.8)/1000,1
3469,4840,([Plant_air_to_EG1_in_kgph]+[Plant_air_to_EG2_in_kgph]+[Plant_air_to_EG3_in_kgph]+[Decoke_check]* 1000+[Plant_air_to_LAO_in_kgph])/1000,1
3470,4842,"if([opportunity_energy_olf_cold]==[opportunity_threshold] || missing([opportunity_energy_olf_cold]),[C2_splitter_top_analyzer_C2H6],min([C2_splitter_top_analyzer_C2H6],[C2_splitter_top_analyzer_C2H6_peeo]))",1
3471,4843,"if([opportunity_energy_olf_cold]==[opportunity_threshold] || missing([opportunity_energy_olf_cold]),[C2_splitter_reflux_controller_opening],min([C2_splitter_reflux_controller_opening],[C2_splitter_reflux_controller_opening_peeo]))",1
3472,4844,"if([opportunity_energy_olf_cold]==[opportunity_threshold] || missing([opportunity_energy_olf_cold]),[C2_splitter_control_tray_temperature_controller_opening],min([C2_splitter_control_tray_temperature_controller_opening],[C2_splitter_control_tray_temperature_controller_opening_peeo]))",1
3473,4845,"if([opportunity_energy_olf_cold]==[opportunity_threshold] || missing([opportunity_energy_olf_cold]),[C2_splitter_control_tray_temperature],min([C2_splitter_control_tray_temperature],[C2_splitter_control_tray_temperature_peeo]))",1
3474,4846,"if([opportunity_energy_olf_cold]==[opportunity_threshold] || missing([opportunity_energy_olf_cold]),[Ethylene_surge_drum_vent_to_CGC_5Th_stage_controller_opening],min([Ethylene_surge_drum_vent_to_CGC_5Th_stage_controller_opening],[Ethylene_surge_drum_vent_to_CGC_5Th_stage_controller_opening_peeo]))",1
3475,4847,"if([opportunity_energy_olf_cold]==[opportunity_threshold] || missing([opportunity_energy_olf_cold]),[C2_compressor_RPM],min([C2_compressor_RPM],[C2_compressor_RPM_peeo]))",1
3476,4848,"if([opportunity_energy_olf_cold]==[opportunity_threshold] || missing([opportunity_energy_olf_cold]),[Fuel_gas_drum_pressure],min([Fuel_gas_drum_pressure],[Fuel_gas_drum_pressure_peeo]))",1
3477,4849,"if([opportunity_energy_olf_cold]==[opportunity_threshold] || missing([opportunity_energy_olf_cold]),[E_1402_level],min([E_1402_level],[E_1402_level_peeo]))",1
3478,4850,"if([opportunity_energy_olf_cold]==[opportunity_threshold] || missing([opportunity_energy_olf_cold]),[C2R_governer_opening],min([C2R_governer_opening],[C2R_governer_opening_peeo]))",1
3479,4851,"if([opportunity_energy_olf_cold]==[opportunity_threshold] || missing([opportunity_energy_olf_cold]),[E_1307_level],min([E_1307_level],[E_1307_level_peeo]))",1
3480,4852,"if([opportunity_energy_olf_cold]==[opportunity_threshold] || missing([opportunity_energy_olf_cold]),[E_1308_level],min([E_1308_level],[E_1308_level_peeo]))",1
3481,4853,"if([opportunity_energy_olf_cold]==[opportunity_threshold] || missing([opportunity_energy_olf_cold]),[E_1309_level],min([E_1309_level],[E_1309_level_peeo]))",1
3482,4854,"if([opportunity_energy_olf_cold]==[opportunity_threshold] || missing([opportunity_energy_olf_cold]),[E_1310_level],min([E_1310_level],[E_1310_level_peeo]))",1
3483,4855,"if([opportunity_energy_olf_cold]==[opportunity_threshold] || missing([opportunity_energy_olf_cold]),[C2_compressor_suction_pressure],min([C2_compressor_suction_pressure],[C2_compressor_suction_pressure_peeo]))",1
3484,4856,"if([opportunity_energy_olf_cold]==[opportunity_threshold] || missing([opportunity_energy_olf_cold]),[Ethylene_in_tail_gas],min([Ethylene_in_tail_gas],[Ethylene_in_tail_gas_peeo]))",1
3485,4857,"if([opportunity_energy_olf_cold]==[opportunity_threshold] || missing([opportunity_energy_olf_cold]),[Ethylene_in_recycle_ethane],min([Ethylene_in_recycle_ethane],[Ethylene_in_recycle_ethane_peeo]))",1
3486,4858,"if(missing([Specific_energy_consumption_in_C2R_peeo]) || [opportunity_energy_olf_cold]==[opportunity_threshold] || missing([opportunity_energy_olf_cold]),[Specific_energy_consumption_in_C2R],min([Specific_energy_consumption_in_C2R],[Specific_energy_consumption_in_C2R_peeo]))",1
3487,4859,"if([opportunity_energy_olf_cold]==[opportunity_threshold] || missing([opportunity_energy_olf_cold]),[C2R_turbine_Inlet_steam_temp],min([C2R_turbine_Inlet_steam_temp],[C2R_turbine_Inlet_steam_temp_peeo]))",1
3488,4860,"if([opportunity_energy_olf_cold]==[opportunity_threshold] || missing([opportunity_energy_olf_cold]),[C2R_turbine_Inlet_steam_pressure],min([C2R_turbine_Inlet_steam_pressure],[C2R_turbine_Inlet_steam_pressure_peeo]))",1
3489,4861,"if([opportunity_energy_olf_cold]==[opportunity_threshold] || missing([opportunity_energy_olf_cold]),[C2R_turbine_Inlet_steam_flow],min([C2R_turbine_Inlet_steam_flow],[C2R_turbine_Inlet_steam_flow_peeo]))",1
3490,4862,(4.047*[C3R_turbine_Inlet_steam_flow] + 2327.4)*[ETH_Plant_Status],1
3491,4863,(0.2981*[C3R_turbine_Inlet_steam_flow] + 22.271)*[ETH_Plant_Status],1
3492,4864,"if([opportunity_energy_olf_cold]==[opportunity_threshold] || missing([opportunity_energy_olf_cold]),[C3_compressor_suction_pressure],min([C3_compressor_suction_pressure],[C3_compressor_suction_pressure_peeo]))",1
3493,4865,"if([opportunity_energy_olf_cold]==[opportunity_threshold] || missing([opportunity_energy_olf_cold]),[C3R_surface_condenser_level_controller_opening],min([C3R_surface_condenser_level_controller_opening],[C3R_surface_condenser_level_controller_opening_peeo]))",1
3494,4866,"if(missing([Specific_energy_consumption_in_C3R_peeo]) || [opportunity_energy_olf_cold]==[opportunity_threshold] || missing([opportunity_energy_olf_cold]),[Specific_energy_consumption_in_C3R],min([Specific_energy_consumption_in_C3R],[Specific_energy_consumption_in_C3R_peeo]))",1
3495,4867,"if([opportunity_energy_olf_cold]==[opportunity_threshold] || missing([opportunity_energy_olf_cold]),[C3R_turbine_Inlet_steam_temp],min([C3R_turbine_Inlet_steam_temp],[C3R_turbine_Inlet_steam_temp_peeo]))",1
3496,4868,"if([opportunity_energy_olf_cold]==[opportunity_threshold] || missing([opportunity_energy_olf_cold]),[C3R_turbine_Inlet_steam_pressure],min([C3R_turbine_Inlet_steam_pressure],[C3R_turbine_Inlet_steam_pressure_peeo]))",1
3497,4869,"if([opportunity_energy_olf_cold]==[opportunity_threshold] || missing([opportunity_energy_olf_cold]),[C3R_turbine_Inlet_steam_flow],min([C3R_turbine_Inlet_steam_flow],[C3R_turbine_Inlet_steam_flow_peeo]))",1
3498,4878,1.321,1
3499,4879,[C2R_N]/(C2R_N-1),1
3500,4880,([C2R_dis_1]+[C2R_dis_2])*1000/3600,1
3501,4881,(([C2R_dis_Pr_1]+1)/([C2_compressor_suction_pressure]+1))^((C2R_N-1)/[C2R_N]),1
3502,4882,([C2R_expo] * 0.2964 * [C2R_m] * [C2R_inlet_T] * [C2R_pr_exp])/1000,1
3503,4883,[C2R_dis_2]*1000/3600,1
3504,4884,(([C2R_dis_Pr_2]+1)/([C2R_dis_Pr_1]+1))^((C2R_N-1)/[C2R_N]),1
3505,4885,([C2R_expo] * 0.2964 * [C2R_m2] * [C2R_outlet1_T] * [C2R_pr_exp2])/1000,1
3506,4886,[C2R_work1_MW]+[C2R_work2_MW],1
3507,4890,"if(missing([C2_power_peeo]) || missing([opportunity_energy_olf_cold]) || [opportunity_energy_olf_cold]==[opportunity_threshold],[C2_power],min([C2_power],[C2_power]-(min(5,(([Specific_energy_consumption_in_C2R]-if(missing([Specific_energy_consumption_in_C2R_peeo]) || [opportunity_energy_olf_cold]==[opportunity_threshold] || missing([opportunity_energy_olf_cold]),[Specific_energy_consumption_in_C2R],min([Specific_energy_consumption_in_C2R],[Specific_energy_consumption_in_C2R_peeo])))*[Ethylene_total_flow])*3.6*1000/([HP_Steam_Enthalpy]*4.184)))))",1
3508,4891,"if(missing([C3_power_peeo]) || missing([opportunity_energy_olf_cold]) || [opportunity_energy_olf_cold]==[opportunity_threshold],[C3_power],min([C3_power],[C3_power]-(min(5,(([Specific_energy_consumption_in_C3R]-if(missing([Specific_energy_consumption_in_C3R_peeo]) || [opportunity_energy_olf_cold]==[opportunity_threshold] || missing([opportunity_energy_olf_cold]),[Specific_energy_consumption_in_C3R],min([Specific_energy_consumption_in_C3R],[Specific_energy_consumption_in_C3R_peeo])))*[Ethylene_total_flow])*3.6*1000/([HP_Steam_Enthalpy]*4.184)))))",1
3509,4892,"if(missing(min(5,([Eth_CGC_turbine_Duty]-if(missing([opportunity_energy_olf_cgc]) || [opportunity_energy_olf_cgc]==0 || missing([Eth_CGC_turbine_Duty_peeo]),[Eth_CGC_turbine_Duty],min([Eth_CGC_turbine_Duty],[Eth_CGC_turbine_Duty_peeo])))*3.6*1000/([HP_Steam_Enthalpy]*4.184)) + min(5,([C2_power]-[C2_power_Adjusted])*3.6*1000/([HP_Steam_Enthalpy]*4.184))),0,min(5,([Eth_CGC_turbine_Duty]-if(missing([opportunity_energy_olf_cgc]) || [opportunity_energy_olf_cgc]==0 || missing([Eth_CGC_turbine_Duty_peeo]),[Eth_CGC_turbine_Duty],min([Eth_CGC_turbine_Duty],[Eth_CGC_turbine_Duty_peeo])))*3.6*1000/([HP_Steam_Enthalpy]*4.184)) + min(5,([C2_power]-[C2_power_Adjusted])*3.6*1000/([HP_Steam_Enthalpy]*4.184)))",0
3510,4893,"if(missing([ETH_HPS_Demand_2_delta]),0,[ETH_HPS_Demand_2_delta])",0
3511,4894,[C2_splitter_top_analyzer_C2H6]*[ETH_Plant_Status],1
3512,4895,[C2_splitter_reflux_controller_opening]*[ETH_Plant_Status],1
3513,4896,[C2_splitter_control_tray_temperature_controller_opening]*[ETH_Plant_Status],1
3514,4897,[Ethylene_surge_drum_vent_to_CGC_5Th_stage_controller_opening]*[ETH_Plant_Status],1
3515,4898,[C2_compressor_RPM]*[ETH_Plant_Status],1
3516,4899,[C2R_governer_opening]*[ETH_Plant_Status],1
3517,4900,[E_1310_level]*[ETH_Plant_Status],1
3518,4901,[C2_compressor_suction_pressure]*[ETH_Plant_Status],1
3519,4902,[Specific_energy_consumption_in_C2R]*[ETH_Plant_Status],1
3520,4903,[C2R_turbine_Inlet_steam_temp]*[ETH_Plant_Status],1
3521,4904,[C2R_turbine_Inlet_steam_pressure]*[ETH_Plant_Status],1
3522,4905,[C2R_turbine_Inlet_steam_flow]*[ETH_Plant_Status],1
3523,4906,[Ethylene_in_tail_gas]*[ETH_Plant_Status],1
3524,4907,[Fuel_gas_drum_pressure]*[ETH_Plant_Status],1
3525,4908,[E_1402_level]*[ETH_Plant_Status],1
3526,4909,[E_1307_level]*[ETH_Plant_Status],1
3527,4910,[C3_compressor_RPM]*[ETH_Plant_Status],1
3528,4911,[C3R_governer_opening]*[ETH_Plant_Status],1
3529,4912,[E_1308_level]*[ETH_Plant_Status],1
3530,4913,[E_1309_level]*[ETH_Plant_Status],1
3531,4914,[C3_compressor_suction_pressure]*[ETH_Plant_Status],1
3532,4915,[Ethylene_in_recycle_ethane]*[ETH_Plant_Status],1
3533,4916,[C2_splitter_control_tray_temperature]*[ETH_Plant_Status],1
3534,4917,[C3R_surface_condenser_level_controller_opening]*[ETH_Plant_Status],1
3535,4918,[Specific_energy_consumption_in_C3R]*[ETH_Plant_Status],1
3536,4919,[C3R_turbine_Inlet_steam_temp]*[ETH_Plant_Status],1
3537,4920,[C3R_turbine_Inlet_steam_pressure]*[ETH_Plant_Status],1
3538,4921,[C3R_turbine_Inlet_steam_flow]*[ETH_Plant_Status],1
3539,4922,[Optimum_Eff_5021],1
3540,4923,[ASCV_Optimum_Opening],1
3541,4926,"if(missing(([Ethane_feed_saturator_inlet_steam_flow]-[Ethane_feed_saturator_inlet_steam_flow_Adjusted])+min(5,(([Specific_energy_consumption_in_C3R]-if(missing([Specific_energy_consumption_in_C3R_Adjusted]) || [opportunity_energy_olf_cold]==[opportunity_threshold] || missing([opportunity_energy_olf_cold]),[Specific_energy_consumption_in_C3R],min([Specific_energy_consumption_in_C3R],[Specific_energy_consumption_in_C3R_Adjusted])))*[Ethylene_total_flow])*3.6*1000/([HP_Steam_Enthalpy]*4.184))),0,min(20,[Ethane_feed_saturator_inlet_steam_flow]-[Ethane_feed_saturator_inlet_steam_flow_Adjusted])+min(5,(([Specific_energy_consumption_in_C3R]-if(missing([Specific_energy_consumption_in_C3R_Adjusted]) || [opportunity_energy_olf_cold]==[opportunity_threshold] || missing([opportunity_energy_olf_cold]),[Specific_energy_consumption_in_C3R],min([Specific_energy_consumption_in_C3R],[Specific_energy_consumption_in_C3R_Adjusted])))*[Ethylene_total_flow])*3.6*1000/([HP_Steam_Enthalpy]*4.184)))",1
3542,4927,"if([ETH_Plant_Status]==0,0,if(([ETH_LPS_Demand]-([ETH_LPS_Demand_delta]*0))<0,0,([ETH_LPS_Demand]-([ETH_LPS_Demand_delta]*0))))",1
3543,4928,[ETH_LPS_Demand_delta],1
3544,4931,0.91,1
3545,4932,"([LP_Steam_Pressure]+1) ",1
3546,4933,"([LP_Steam_Temperature]*1) ",1
3547,4934,"([C3R_turbine_Inlet_steam_pressure] + 1.01325) ",1
3548,4935,"([C3R_turbine_Inlet_steam_flow] * 1000 / 3600) ",1
3549,4936,"([LP_Steam_from_PRC_Extraction] * 1000 / 3600) ",1
3550,4937,"([C3R_InletFlowRateKgs] - [C3R_ExtFlowRateKgs]) ",1
3551,4938,[C2R_InletEnthalpy]*1,1
3552,4939,[C2R_InletEntropy]*1,1
3553,4940,[LP_Steam_Enthalpy]*4.184,1
3554,4941,(.005493 * [C3R_EXT_Temp] - 0.10666 * [C3R_EXT_pressure] + 6.593876),1
3555,4942,[C3R_InletEntropy]/[C3R_ExtEntropyActual],1
3556,4943,[C3R_ExtEnthalpyActual]*[C3R_entropy_fraction],1
3557,4944,"(0.05 * [C3R_EXT_pressure] + 1.4695) ",1
3558,4945,"(5.606 - (0.1 * [C3R_EXT_pressure])) ",1
3559,4946,"(([C3R_InletEntropy] - [C3R_ExtSliqIsentropic]) / [C3R_ExtSfgIsentropic]) ",1
3560,4947,[C3R_ext_enthalpy_isen]*1,1
3561,4948,"(0.972 * [C3R_Exhaust_pressure] + 315.35 ) ",1
3562,4949,"(2322.7 - (.6188 * [C3R_Exhaust_pressure]) ) ",1
3563,4950,"([C3R_ExhaustHliqActual] + ([C3R_Dryness] * [C3R_ExhaustHfgActual])) ",1
3564,4951,"(0.0026 * [C3R_Exhaust_pressure] + 1.032 ) ",1
3565,4952,"(6.611 - (0.0052 * [C3R_Exhaust_pressure]) ) ",1
3566,4953,"(([C3R_ExtEntropyActual] - [C3R_ExhaustSliqIsentropic]) / [C3R_ExhaustSfgIsentropic]) ",1
3567,4954,([C3R_ExtEntropyActual]-[C3R_ExhaustSliqIsentropic])/[C3R_ExhaustSfgIsentropic],1
3568,4955,[C3R_dryness_isentropic]*([C3R_ExhaustHliqActual]+[C3R_ExhaustHfgActual]) + (1-[C3R_dryness_isentropic]) * [C3R_ExhaustHliqActual],1
3569,4956,"([C3R_InletFlowRateKgs] * ([C3R_InletEnthalpy] - [C3R_ExtEnthalpyActual])) ",1
3570,4957,"([C3R_LPSFlowRateKgs] * ([C3R_ExtEnthalpyActual] - [C3R_ExhaustEnthalpyActual])) ",1
3571,4958,"([C3R_WorkHPActual] + [C3R_WorkLPCActual]) ",1
3572,4959,"([C3R_InletFlowRateKgs] * ([C3R_InletEnthalpy] - [C3R_ExtEnthalpyIsentropic])) ",1
3573,4960,"([C3R_LPSFlowRateKgs] * ([C3R_ExtEnthalpyIsentropic] - [C3R_ExhaustEnthalpyIsentropic])) ",1
3574,4961,"([C3R_WorkHPIsentropic] + [C3R_WorkLPCIsentropic]) ",1
3575,4965,"if(([C3R_TotalActualWork] / [C3R_TotalIsentropicWork])*100>95,95,([C3R_TotalActualWork] / [C3R_TotalIsentropicWork])*100)",1
3576,4962,"if(([C3R_TurbineEfficiency] * 100)>95,95,([C3R_TurbineEfficiency] * 100))",1
3577,4963,"([C3R_TotalActualWork]) ",1
3578,4964,"([C3R_ActualPowerOutputkW] / 1000) ",1
3579,4966,0.89500000000000002,1
3580,4967,([C2R_turbine_Inlet_steam_pressure] + 1.01325),1
3581,4968,([C2R_turbine_Inlet_steam_flow] * 1000 / 3600),1
3582,4969,(0.008444 * [KT_1500_temp_out] - .30283),1
3583,4970,(3* [C2R_turbine_Inlet_steam_temp] - 7.857* [C2R_InletPressureAbsolute] + 2344.126),1
3584,4971,(0.006 * [C2R_turbine_Inlet_steam_temp] - .0157 * [C2R_InletPressureAbsolute] + 5.028),1
3585,4972,(4.4868 * [C2R_OutletSatPressure] + 147.87),1
3586,4973,(2418.5 - (2.6195 * [C2R_OutletSatPressure])),1
3587,4974,([C2R_OutletHliqActual] + ([C2R_ActualDrynessFactor] * [C2R_OutletHfgActual])),1
3588,4975,(0.0135 * [C2R_OutletSatPressure] + 0.5168),1
3589,4976,(7.8042 - (0.0309 * [C2R_OutletSatPressure])),1
3590,4977,(([C2R_InletEntropy] - [C2R_OutletSliqIsentropic]) / [C2R_OutletSfgIsentropic]),1
3591,4978,(((1-[C2R_IsentropicDrynessFactor])*[C2R_OutletHliqActual]) + ([C2R_IsentropicDrynessFactor] * ([C2R_OutletHfgActual]+[C2R_OutletHliqActual]))),1
3592,4979,(([C2R_InletEnthalpy] - [C2R_OutletEnthalpyActual]) / ([C2R_InletEnthalpy] - [C2R_OutletEnthalpyIsentropic])),1
3593,4980,([C2R_TurbineEfficiency] * 100),1
3594,4981,([C3R_ExtEntropyActual]-[C3R_ExhaustSliqIsentropic])/[C3R_ExhaustSfgIsentropic],1
3595,4991,[PK_5020_status]*([Interstage_Cooler_1_Outlet_Temperature]-[CWS_Supply_Temperature]),1
3596,4992,[PK_5020_status]*([Interstage_Cooler_2_Outlet_Temperature]-[CWS_Supply_Temperature]),1
3597,4993,[PK_5020_status]*([Interstage_Cooler_3_Outlet_Temperature]-[CWS_Supply_Temperature]),1
3598,4994,[K_5021_Dis_Flow]*0.000205,1
3599,4995,[K_5021_Dis_Flow]*0.000288,1
3600,4996,[K_5021_Dis_Flow]*0.000506,1
3601,5001,(([Sp_En_H_1111_actual]*[Furnace_1_Status_actual]-[Sp_En_H_1111_optimum]*[Furnace_1_Status_optimum])*[Furnace1_Feed_optimum])+(([Sp_En_H_1112_actual]*[Furnace_2_Status_actual]-[Sp_En_H_1112_optimum]*[Furnace_2_Status_optimum])*[Furnace2_Feed_optimum])+(([Sp_En_H_1113_actual]*[Furnace_3_Status_actual]-[Sp_En_H_1113_optimum]*[Furnace_3_Status_optimum])*[Furnace3_Feed_optimum])+(([Sp_En_H_1114_actual]*[Furnace_4_Status_actual]-[Sp_En_H_1114_optimum]*[Furnace_4_Status_optimum])*[Furnace4_Feed_optimum])+(([Sp_En_H_1115_actual]*[Furnace_5_Status_actual]-[Sp_En_H_1115_optimum]*[Furnace_5_Status_optimum])*[Furnace5_Feed_optimum])+(([Sp_En_H_1116_actual]*[Furnace_6_Status_actual]-[Sp_En_H_1116_optimum]*[Furnace_6_Status_optimum])*[Furnace6_Feed_optimum])+(([Sp_En_H_1117_actual]*[Furnace_7_Status_actual]-[Sp_En_H_1117_optimum]*[Furnace_7_Status_optimum])*[Furnace7_Feed_optimum])+(([Sp_En_H_1118_actual]*[Furnace_8_Status_actual]-[Sp_En_H_1118_optimum]*[Furnace_8_Status_optimum])*[Furnace8_Feed_optimum])+(([Sp_En_H_1119_actual]*[Furnace_9_Status_actual]-[Sp_En_H_1119_optimum]*[Furnace_9_Status_optimum])*[Furnace9_Feed_optimum])+(([Sp_En_BO_7104A_actual]-[Sp_En_BO_7104A_optimum])*[BLR_1_HPS_Gen_optimum])+(([Sp_En_BO_7104B_actual]-[Sp_En_BO_7104B_optimum])*[BLR_2_HPS_Gen_optimum])+(([Sp_En_BO_7104C_actual]-[Sp_En_BO_7104C_optimum])*[BLR_3_HPS_Gen_optimum])+(([Sp_En_BO_7104D_actual]-[Sp_En_BO_7104D_optimum])*[BLR_4_HPS_Gen_optimum])+(([Sp_En_BO_7104E_actual]-[Sp_En_BO_7104E_optimum])*[BLR_5_HPS_Gen_optimum])+(([Sp_En_H_3831_actual]*[LAO_Plant_Status_actual]/1000-[Sp_En_H_3831_optimum]*[LAO_Plant_Status_optimum]/1000)*[H3831_steam_flow_optimum]),1
3602,5002,(([Sp_En_E_2523_actual]*[E_2523_Status_actual]-[Sp_En_E_2523_optimum]*[E_2523_Status_optimum])*[Process_flow_of_E_2523_optimum])+(([Sp_En_E_2531_actual]*[E_2531_Status_actual]-[Sp_En_E_2531_optimum]*[E_2531_Status_optimum])*[Process_flow_of_E_2523_optimum])+(([Sp_En_E_2610_actual]*[E_2610_Status_actual]-[Sp_En_E_2610_optimum]*[E_2610_Status_optimum])*[Process_flow_of_E_2610_optimum])+(([Sp_En_E_2620_actual]*[E_2620_Status_actual]-[Sp_En_E_2620_optimum]*[E_2620_Status_optimum])*[Process_flow_of_E_2620_optimum])+(([Sp_En_E_4523_actual]*[E_4523_Status_actual]-[Sp_En_E_4523_optimum]*[E_4523_Status_optimum])*[Process_flow_of_E_4523_optimum])+(([Sp_En_E_4531_actual]*[E_4531_Status_actual]-[Sp_En_E_4531_optimum]*[E_4531_Status_optimum])*[Process_flow_of_E_4523_optimum])+(([Sp_En_E_4610_actual]*[E_4610_Status_actual]-[Sp_En_E_4610_optimum]*[E_4610_Status_optimum])*[Process_flow_of_E_4610_optimum])+(([Sp_En_E_4620_actual]*[E_4620_Status_actual]-[Sp_En_E_4620_optimum]*[E_4620_Status_optimum])*[Process_flow_of_E_4620_optimum])+(([Sp_En_E_6531_actual]*[E_6531_Status_actual]-[Sp_En_E_6531_optimum]*[E_6531_Status_optimum])*[Process_flow_of_E_6531_optimum])+(([Sp_En_E_6620_actual]*[E_6620_Status_actual]-[Sp_En_E_6620_optimum]*[E_6620_Status_optimum])*[Process_flow_of_E_6531_optimum])+(([Sp_En_KT_1200_actual]*[KT_1200_Status_actual]-[Sp_En_KT_1200_optimum]*[KT_1200_Status_optimum])*[Total_Ethylene_Production_ETH_Plant_optimum])+(([Sp_En_E_1102_actual]*[E_1102_Status_actual]-[Sp_En_E_1102_optimum]*[E_1102_Status_optimum])*[Process_flow_of_E_1102_optimum])+(([Sp_En_KT_7202A_actual]-[Sp_En_KT_7202A_optimum])*[Air_compressor_A_Discharge_flow_optimum])+(([Sp_En_KT_7202D_actual]-[Sp_En_KT_7202D_optimum])*[Air_compressor_D_Discharge_flow_optimum])+(([Sp_En_V_7101A_actual]*[V_7101A_Status_actual]/1000-[Sp_En_V_7101A_optimum]*[V_7101A_Status_optimum]/1000)*[Total_Flow_to_Deareator_A_optimum])+(([Sp_En_V_7101B_actual]*[V_7101B_Status_actual]/1000-[Sp_En_V_7101B_optimum]*[V_7101B_Status_optimum]/1000)*[Total_Flow_to_Deareator_B_optimum])+(([Sp_En_PT_7102B_actual]*[VHP_BFW_B_Turb_Status_actual]/1000-[Sp_En_PT_7102B_optimum]*[VHP_BFW_B_Turb_Status_optimum]/1000)*[VHP_BFW_B_Discharge_flow_optimum])+(([Sp_En_PT_7102C_actual]*[VHP_BFW_C_Turb_Status_actual]/1000-[Sp_En_PT_7102C_optimum]*[VHP_BFW_C_Turb_Status_optimum]/1000)*[VHP_BFW_C_Discharge_flow_optimum])+(([Sp_En_PT_7103B_actual]*[BFW_B_Turb_Status_actual]-[Sp_En_PT_7103B_optimum]*[BFW_B_Turb_Status_optimum])*[Process_flow_of_PT_7103B_optimum])+(([Sp_En_PT_7103C_actual]*[BFW_C_Turb_Status_actual]-[Sp_En_PT_7103C_optimum]*[BFW_C_Turb_Status_optimum])*[Process_flow_of_PT_7103C_optimum])+(([Sp_En_PT_7103E_actual]*[BFW_E_Turb_Status_actual]-[Sp_En_PT_7103E_optimum]*[BFW_E_Turb_Status_optimum])*[Process_flow_of_PT_7103E_optimum])+(([Sp_En_PT_7801A_actual]*[CW_Turbine_A_Status_actual]-[Sp_En_PT_7801A_optimum]*[CW_Turbine_A_Status_optimum])*[Process_flow_of_PT_7801A_optimum])+(([Sp_En_PT_7801B_actual]*[CW_Turbine_B_Status_actual]-[Sp_En_PT_7801B_optimum]*[CW_Turbine_B_Status_optimum])*[Process_flow_of_PT_7801A_optimum])+(([Sp_En_PT_7801G_actual]*[CW_Turbine_G_Status_actual]-[Sp_En_PT_7801G_optimum]*[CW_Turbine_G_Status_optimum])*[Process_flow_of_PT_7801A_optimum])+(([Sp_En_C_2310_to_E_2310_actual]*[EG1_Stripping_status_actual]-[Sp_En_C_2310_to_E_2310_optimum]*[EG1_Stripping_status_optimum])*[Process_flow_of_E_2523_optimum])+(([Sp_En_C_4310_to_E_4310_actual]*[EG2_Stripping_status_actual]-[Sp_En_C_4310_to_E_4310_optimum]*[EG2_Stripping_status_optimum])*[Process_flow_of_E_4523_optimum])+(([Sp_En_C_2220_to_E_2220_actual]*[EG1_Regen_status_actual]-[Sp_En_C_2220_to_E_2220_optimum]*[EG1_Regen_status_optimum])*[Process_flow_of_C_2220_E_2220_optimum])+(([Sp_En_C_4220_to_E_4220_actual]*[EG2_Regen_status_actual]-[Sp_En_C_4220_to_E_4220_optimum]*[EG2_Regen_status_optimum])*[Process_flow_of_C_4220_E_4220_optimum])+(([Sp_En_E_6220_actual]*[EG3_Regen_status_actual]-[Sp_En_E_6220_optimum]*[EG3_Regen_status_optimum])*[Process_flow_of_E_6220_optimum])+(([Specific_energy_consumption_in_C2R_actual]*3.6*[ETH_Plant_Status_actual]-[Specific_energy_consumption_in_C2R_optimum]*3.6*[ETH_Plant_Status_optimum])*[Ethylene_total_flow_optimum])+(([Specific_energy_consumption_in_C3R_actual]*3.6*[ETH_Plant_Status_actual]-[Specific_energy_consumption_in_C3R_optimum]*3.6*[ETH_Plant_Status_optimum])*[Ethylene_total_flow_optimum]),1
3603,5003,(([Sp_En_KM_2115_actual]*[KM_2115_Status_actual]-[Sp_En_KM_2115_optimum]*[KM_2115_Status_optimum])*[KM_2115_Flow_optimum])+(([Sp_En_KM_4115_actual]*[KM_4115_Status_actual]-[Sp_En_KM_4115_optimum]*[KM_4115_Status_optimum])*[KM_4115_Flow_optimum])+(([Sp_En_KM_7202B_actual]-[Sp_En_KM_7202B_optimum])*[Air_compressor_B_Discharge_flow_optimum])+(([Sp_En_KM_7202C_actual]-[Sp_En_KM_7202C_optimum])*[Air_compressor_C_Discharge_flow_optimum])+(([Sp_En_PK_5020_actual]*[PK_5020_status_actual]/1000-[Sp_En_PK_5020_optimum]*[PK_5020_status_optimum]/1000)*[Process_flow_of_PK_5020_optimum])+(([Sp_En_PK_5070_actual]*[PK_5070_status_actual]/1000-[Sp_En_PK_5070_optimum]*[PK_5070_status_optimum]/1000)*[K_5071_Dis_Flow_optimum])+(([Sp_En_PM_7102A_actual]*[VHP_BFW_A_Motor_Status_actual]-[Sp_En_PM_7102A_optimum]*[VHP_BFW_A_Motor_Status_optimum])*[VHP_BFW_A_Discharge_flow_optimum])+(([Sp_En_PM_7103A_actual]*[BFW_A_Motor_Status_actual]-[Sp_En_PM_7103A_optimum]*[BFW_A_Motor_Status_optimum])*[Process_flow_of_PM_7103A_optimum])+(([Sp_En_PM_7103D_actual]*[BFW_D_Motor_Status_actual]-[Sp_En_PM_7103D_optimum]*[BFW_D_Motor_Status_optimum])*[Process_flow_of_PM_7103D_optimum])+(([Sp_En_PM_7103F_actual]*[BFW_F_Motor_Status_actual]-[Sp_En_PM_7103F_optimum]*[BFW_F_Motor_Status_optimum])*[Process_flow_of_PM_7103F_optimum])+(([Sp_En_KM_6115_actual]*[KM_6115_Status_actual]-[Sp_En_KM_6115_optimum]*[KM_6115_Status_optimum])*[Process_flow_of_KM_6115_optimum]),1
3604,5004,[Contribution_to_SEEC_Fuel_actual]+[Contribution_to_SEEC_Steam_actual]+[Contribution_to_SEEC_Fuel_actual],1
3605,5005,[Contribution_to_SEEC_Fuel_actual],1
3606,5006,([Contribution_to_SEEC_Steam_actual]/0.9),1
3607,5007,([Contribution_to_SEEC_Elect_actual]/0.375),1
3608,5008,[Contribution_to_SEEC_Equi_Fuel_actual]+[Contribution_to_SEEC_Equi_Steam_actual]+[Contribution_to_SEEC_Equi_Elect_actual],1
3609,5009,0.09*[MP_Steam_Generation],1
3610,5014,[FUEL_GAS_From_UO_to_LAO_A]+[FUEL_GAS_From_UO_to_LAO_B],1
3611,5015,([HP_Steam_to_MP_Steam_Letdown_flow])*41.25,0
3612,5016,([UO_All_MP_to_LP_letdown])*56.1,0
3613,5017,([VHP_to_HP_Let_Down_Valve_PX7024A_HP_Steam_flow_out_ETH]+[VHP_to_HP_Let_Down_Valve_PX7024B_HP_Steam_flow_out_ETH])*49.88,0
3614,5018,([HP_to_LP_Let_Down_Valve_PC7026_LP_Steam_flow_out_ETH]+[HP_to_LP_Let_Down_Valve_HC7262_LP_Steam_flow_out_ETH])*99.11,0
3615,5019,([HP_to_MP_Let_Down_Valve_PC9209_EG1_HP_Steam_Flow_in])*41.25,0
3616,5020,([HP_to_MP_Let_Down_Valve_PC9209_EG2_HP_Steam_Flow_in])*41.25,0
3617,5021,([HP_to_MP_Let_Down_Valve_PC9207_EG3_HP_Steam_Flow_in])*41.25,0
3618,5022,([MP_to_LP_Letdown_Valve_Flowout_PV9206B_EG3])*18.38,0
3619,5023,([LP_to_LLP_Let_Down_Valve_PC7029_LP_Steam_Flow_in_ETH])*36.36,0
3620,5024,([Purge_Steam_to_Furnace_valve_PDC1154_Steam_Flow_ETH]+[Purge_Steam_to_Furnace_valve_PDC1155_Steam_Flow_ETH])*18.38,0
3621,5025,[Furnace_1_Status]+[Furnace_2_Status]+[Furnace_3_Status]+[Furnace_4_Status]+[Furnace_5_Status]+[Furnace_6_Status]+[Furnace_7_Status]+[Furnace_8_Status]+[Furnace_9_Status],1
3622,5026,0,1
3623,5040,[EI_CO2_Energy_Consumption_monthly]+[EI_EG1_Energy_Consumption_monthly]+[EI_EG2_Energy_Consumption_monthly]+[EI_EG3_Energy_Consumption_monthly]+[EI_ETH_Energy_Consumption_monthly]+[EI_LAO_Energy_Consumption_monthly],1
3624,5041,[EI_CO2_production_monthly]+[EI_EG1_production_monthly]+[EI_EG2_production_monthly]+[EI_EG3_production_monthly]+[EI_ETH_production_monthly]+[EI_LAO_production_monthly],1
3625,5042,"if([act_running]==1,([EI_total_energy]/[EI_total_production]),([EI_total_energy_after]/[EI_total_production]))",1
3626,5043,"if((abs(([EI_Energy_GJ]-([Contribution_from_SEUs_GJ_HR]+[Total_Fuel_Consumption_U_O]*[LHV]+[Total_Power_Consumption_U_O]*3.6))*24*30.5))>0.5,([EI_Energy_GJ]-([Contribution_from_SEUs_GJ_HR]+[Total_Fuel_Consumption_U_O]*[LHV]+[Total_Power_Consumption_U_O]*3.6))*24*30.5,0)",1
3627,5044,[EI_total_energy] - [EI_energy_benefit_from_EO],1
3628,5045,[EI_total_energy_after_actual]/[EI_total_production_actual],0
3629,5046,([EI_Original_sp_energy_actual]/[EI_Original_sp_energy_optimum]-1)*100,1
3630,5060,"if([opportunity_energy_olf_cgc]==[opportunity_threshold] || missing([opportunity_energy_olf_cgc]),[ETH_Surface_condenser_controller_level_opening],min([ETH_Surface_condenser_controller_level_opening],[ETH_Surface_condenser_controller_level_opening_peeo]))",1
3631,5061,"if([opportunity_energy_olf_cgc]==[opportunity_threshold] || missing([opportunity_energy_olf_cgc]),[CGC_Interstage_DP_1Stage],min([CGC_Interstage_DP_1Stage],[CGC_Interstage_DP_1Stage_peeo]))",1
3632,5062,"if([opportunity_energy_olf_cgc]==[opportunity_threshold] || missing([opportunity_energy_olf_cgc]),[CGC_Interstage_DP_2Stage],min([CGC_Interstage_DP_2Stage],[CGC_Interstage_DP_2Stage_peeo]))",1
3633,5063,"if([opportunity_energy_olf_cgc]==[opportunity_threshold] || missing([opportunity_energy_olf_cgc]),[CGC_Interstage_DP_3Stage],min([CGC_Interstage_DP_3Stage],[CGC_Interstage_DP_3Stage_peeo]))",1
3634,5064,"if([opportunity_energy_olf_cgc]==[opportunity_threshold] || missing([opportunity_energy_olf_cgc]),[CGC_Interstage_DP_4Stage],min([CGC_Interstage_DP_4Stage],[CGC_Interstage_DP_4Stage_peeo]))",1
3635,5065,"if([opportunity_energy_olf_cgc]==[opportunity_threshold] || missing([opportunity_energy_olf_cgc]),[CGC_Disch_Correc_Temp_1Stage],min([CGC_Disch_Correc_Temp_1Stage],[CGC_Disch_Correc_Temp_1Stage_peeo]))",1
3636,5066,"if([opportunity_energy_olf_cgc]==[opportunity_threshold] || missing([opportunity_energy_olf_cgc]),[CGC_Disch_Correc_Temp_2Stage],min([CGC_Disch_Correc_Temp_2Stage],[CGC_Disch_Correc_Temp_2Stage_peeo]))",1
3637,5067,"if([opportunity_energy_olf_cgc]==[opportunity_threshold] || missing([opportunity_energy_olf_cgc]),[CGC_Disch_Correc_Temp_3Stage],min([CGC_Disch_Correc_Temp_3Stage],[CGC_Disch_Correc_Temp_3Stage_peeo]))",1
3638,5068,"if([opportunity_energy_olf_cgc]==[opportunity_threshold] || missing([opportunity_energy_olf_cgc]),[CGC_Disch_Correc_Temp_4Stage],min([CGC_Disch_Correc_Temp_4Stage],[CGC_Disch_Correc_Temp_4Stage_peeo]))",1
3639,5069,"if([opportunity_energy_eg2_eg]==[opportunity_threshold] || missing([opportunity_energy_eg2_eg]),[EG2_Extraction_steam_from_5th_effect_evaporator_to_6th_effect_reboiler],min([EG2_Extraction_steam_from_5th_effect_evaporator_to_6th_effect_reboiler],[EG2_Extraction_steam_from_5th_effect_evaporator_to_6th_effect_reboiler_peeo]))",1
3640,5070,"if([opportunity_energy_eg1_eg]==[opportunity_threshold] || missing([opportunity_energy_eg1_eg]),[EG1_Extraction_steam_from_5th_effect_evaporator_to_6th_effect_reboiler],min([EG1_Extraction_steam_from_5th_effect_evaporator_to_6th_effect_reboiler],[EG1_Extraction_steam_from_5th_effect_evaporator_to_6th_effect_reboiler_peeo]))",1
3641,5071,"if([opportunity_energy_eg3_eg]==[opportunity_threshold] || missing([opportunity_energy_eg3_eg]),[EG3_8th_effect_reboiler_extraction_steam_inlet],min([EG3_8th_effect_reboiler_extraction_steam_inlet],[EG3_8th_effect_reboiler_extraction_steam_inlet_peeo]))",1
3642,5072,"if([opportunity_energy_olf_cgc]==[opportunity_threshold] || missing([opportunity_energy_olf_cgc]),[CGC_Extraction_Opening],min([CGC_Extraction_Opening],[CGC_Extraction_Opening_peeo]))",1
3643,5073,"min(([BLR_1_HPS_Gen]+(1-[BLR_1_Status])*150),([BLR_2_HPS_Gen]+(1-[BLR_2_Status])*150),([BLR_3_HPS_Gen]+(1-[BLR_3_Status])*150),([BLR_4_HPS_Gen]+(1-[BLR_4_Status])*150),([BLR_5_HPS_Gen]+(1-[BLR_5_Status])*150))",1
3644,5074,"max([BLR_1_HPS_Gen],[BLR_2_HPS_Gen],[BLR_3_HPS_Gen],[BLR_4_HPS_Gen],[BLR_5_HPS_Gen])",1
3645,5075,[min_load],1
3646,5076,[max_load],1
3647,5079,"if([opportunity_energy_olf_qt]==[opportunity_threshold] || missing([opportunity_energy_olf_qt]),[Eth_saturator_Blowdown_flow],min([Eth_saturator_Blowdown_flow],[Eth_saturator_Blowdown_flow_peeo]))",1
3648,5080,"if([opportunity_energy_olf_cold]==[opportunity_threshold] || missing([opportunity_energy_olf_cold]),[Eth_ethylene_flow_C2_splitter_reflux],min([Eth_ethylene_flow_C2_splitter_reflux],[Eth_ethylene_flow_C2_splitter_reflux_peeo]))",1
3649,5081,"if([opportunity_energy_olf_qt]==[opportunity_threshold] || missing([opportunity_energy_olf_qt]),[LP_steam_pressure_to_saturator],min([LP_steam_pressure_to_saturator],[LP_steam_pressure_to_saturator_peeo]))",1
3650,5082,([Contribution_from_SEUs_GJ_HR]+[Total_Fuel_Consumption_U_O]*[LHV]+[Total_Power_Consumption_U_O]*3.6),1
3651,5083,[EOEG3_Plant_Status]*[CW_Demand_Header_2],1
3652,5084,[Total_CW_Demand]+[CW_Demand_Header_2],1
3653,5085,[Calculated_Inst_air]+[Calculated_Plant_air],1
3654,5086,([AC_A_Flow_To_Header]*[Air_Compressor_Turbine_A_Status]+[AC_B_Flow_To_Header]*[Air_Compressor_Motor_B_Status]+[AC_C_Flow_To_Header]*[Air_Compressor_Motor_C_Status]+[AC_D_Flow_To_Header]*[Air_Compressor_Turbine_D_Status]),1
3655,5087,[Total_Air_to_Header]-[Total_Air_Consumption],1
3656,5088,[CW_Motor_7814A_Status]*2.55*0.9,1
3657,5089,[CW_Motor_7814B_Status]*2.55*0.9,1
3658,5090,[CW_Motor_7814C_Status]*2.55*0.9,1
3659,5091,[ETH_Power_Consumption]+[EOEG1_Plant_Status]*[Power_to_EG_1_Adjusted]+[EOEG2_Plant_Status]*[Power_to_EG_2_Adjusted]+[EOEG3_Plant_Status]*[Power_to_EG_3_Adjusted]+[LAO_Power_Consumption]+[CO2_Plant_Status]*[Power_to_CO2_Adjusted],1
3660,5092,"max(259.190-[C3R_turbine_Inlet_steam_flow],0)",1
3661,5093,"if([HP_to_LP_Let_Down_Valve_PC7026_LP_Steam_flow_out_ETH]>7.006 && [C3R_governer_opening]<95,if([HP_to_LP_Let_Down_Valve_PC7026_LP_Steam_flow_out_ETH]-[C3R_Steam_Margin]>7.005,[HP_to_LP_Let_Down_Valve_PC7026_LP_Steam_flow_out_ETH]-[C3R_Steam_Margin],7.006),[HP_to_LP_Let_Down_Valve_PC7026_LP_Steam_flow_out_ETH])",1
3662,5094,"if((abs(([Power_to_EG_1_actual]-[Power_to_EG_1_optimum])*3.6*[Power_Rate_actual]))>0.5,([Power_to_EG_1_actual]-[Power_to_EG_1_optimum])*3.6*[Power_Rate_actual],0)",1
3663,5095,"if((abs(([Power_to_EG_2_actual]-[Power_to_EG_2_optimum])*3.6*[Power_Rate_actual]))>0.5,([Power_to_EG_2_actual]-[Power_to_EG_2_optimum])*3.6*[Power_Rate_actual],0)",1
3664,5096,"if((abs(([Power_to_EG_3_actual]-[Power_to_EG_3_optimum])*3.6*[Power_Rate_actual]))>0.5,([Power_to_EG_3_actual]-[Power_to_EG_3_optimum])*3.6*[Power_Rate_actual],0)",1
3665,5097,"if((abs(([Power_to_CO2_actual]-[Power_to_CO2_optimum])*3.6*[Power_Rate_actual]))>0.5,([Power_to_CO2_actual]-[Power_to_CO2_optimum])*3.6*[Power_Rate_actual],0)",1
3666,5098,[Total_Fuel_Consumption_U_O]*[LHV]+[Total_Power_Consumption_U_O]*3.6,1
3667,5099,[U_O_energy]+[Contribution_from_SEUs_GJ_HR],1
3668,5100,((0.4255*[BLR_1_HPS_Gen]^2 - 32.667*[BLR_1_HPS_Gen] + 4378.1)/1000),1
3669,5101,((0.4601*[BLR_2_HPS_Gen]^2 - 39.276*[BLR_2_HPS_Gen] + 4711.7)/1000),1
3670,5102,((0.4481*[BLR_3_HPS_Gen]^2 - 35.004*[BLR_3_HPS_Gen] + 4701.3)/1000),1
3671,5103,((0.4828*[BLR_4_HPS_Gen]^2 - 46.088*[BLR_4_HPS_Gen] + 5015.5)/1000),1
3672,5104,((0.0843*[BLR_5_HPS_Gen]^2 + 9.2624*[BLR_5_HPS_Gen] + 4772.4)/1000),1
3673,5105,[ECT_Eth_Total_energy],1
3674,5106,[ECT_EG1_Total_energy],1
3675,5107,[ECT_EG2_Total_energy],1
3676,5108,[ECT_EG3_Total_energy],1
3677,5109,[ECT_LAO_Total_energy],1
3678,2817,"if([Process_flow_of_PK_5020]>10000,1,0)",1
3679,2818,"if([K_5071_Dis_Flow]>10000,1,0)",1
3680,5119,[Treated_Water_To_1st_Effect_Evaporator_C_2531]+[Treated_Water_To_2nd_Effect_Evaporator_C_2532]+[Treated_Water_To_3rd_Effect_Evaporator_C_2533]+[Treated_Water_To_4th_Effect_Evaporator_C_2534]+[Treated_Water_To_5th_Effect_Evaporator_C_2535],1
3681,5120,[Treated_Water_To_1st_Effect_Evaporator_C_4531]+[Treated_Water_To_2nd_Effect_Evaporator_C_4532]+[Treated_Water_To_3rd_Effect_Evaporator_C_4533]+[Treated_Water_To_4th_Effect_Evaporator_C_4534]+[Treated_Water_To_5th_Effect_Evaporator_C_4535],1
3682,5121,"if(missing([opportunity_energy_eg1_eg]) || [opportunity_energy_eg1_eg]==[opportunity_threshold],[W_EOE_ratio_EG1],min([W_EOE_ratio_EG1],[W_EOE_ratio_EG1_peeo]))",1
3683,5122,"if(missing([opportunity_energy_eg2_eg]) || [opportunity_energy_eg2_eg]==[opportunity_threshold],[W_EOE_ratio_EG2],min([W_EOE_ratio_EG2],[W_EOE_ratio_EG2_peeo]))",1
3684,5123,"if(missing([opportunity_energy_eg3_eg]) || [opportunity_energy_eg3_eg]==[opportunity_threshold],[W_EOE_ratio_EG3],min([W_EOE_ratio_EG3],[W_EOE_ratio_EG3_peeo]))",1
3685,5129,[CGC_turbine_Inlet_steam_flow]-[HP_Steam_from_CGC_Extraction],1
3686,5130,[C3R_turbine_Inlet_steam_flow]-[LP_Steam_from_PRC_Extraction],1
3687,5131,([BOILER_A_CBD]/[BLR_1_HPS_Gen])/10,1
3688,5132,([BOILER_B_CBD]/[BLR_2_HPS_Gen])/10,1
3689,5133,([BOILER_C_CBD]/[BLR_3_HPS_Gen])/10,1
3690,5134,([BOILER_D_CBD]/[BLR_4_HPS_Gen])/10,1
3691,5135,([BOILER_E_CBD]/[BLR_5_HPS_Gen])/10,1
3692,5136,[MP_Steam_Generation]*41.25,1
3693,5137,[HP_to_MP_Let_Down_Valve_PC9209_EG1_HP_Steam_Flow_in]*41.25,1
3694,5138,[HP_to_MP_Let_Down_Valve_PC9209_EG2_HP_Steam_Flow_in]*41.25,1
3695,5139,[HP_to_MP_Let_Down_Valve_PC9207_EG3_HP_Steam_Flow_in]*41.25,1
3696,5140,[MP_to_LP_Letdown_LPS_Flow_Out_PV013A_UO]*56.1,1
3697,5141,[MP_to_LP_Letdown_LPS_Flow_Out_PV013B_UO]*56.1,1
3698,5142,[MP_to_LP_Letdown_LPS_Flow_Out_PV31_UO]*56.1,1
3699,5143,[MP_to_LP_Letdown_LPS_Flow_Out_PV32_UO]*56.1,1
3700,5144,[VHP_to_HP_Let_Down_Valve_PX7024A_HP_Steam_flow_out_ETH]*49.88,1
3701,5145,[VHP_to_HP_Let_Down_Valve_PX7024B_HP_Steam_flow_out_ETH]*49.88,1
3702,5146,[HP_to_LP_Let_Down_Valve_PC7026_LP_Steam_flow_out_ETH]*99.11,1
3703,5147,[HP_to_LP_Let_Down_Valve_HC7262_LP_Steam_flow_out_ETH]*99.11,1
3704,5148,[MP_to_LP_Letdown_Valve_Flowout_PV9206B_EG3]*18.28,1
3705,5149,[LP_to_LLP_Let_Down_Valve_PC7029_LP_Steam_Flow_in_ETH]*36.36,1
3706,5150,[Purge_Steam_to_Furnace_valve_PDC1154_Steam_Flow_ETH]*18.38,1
3707,5151,[Purge_Steam_to_Furnace_valve_PDC1155_Steam_Flow_ETH]*18.38,1
3708,5152,"if([BOILER_A_PH_ANALYZER]>16,[UNITED_LIMS_CBD_A_PH],0)",1
3709,5153,"if([BOILER_B_PH_ANALYZER]>16,[UNITED_LIMS_CBD_B_PH],0)",1
3710,5154,"if([BOILER_C_PH_ANALYZER]>16,[UNITED_LIMS_CBD_C_PH],0)",1
3711,5155,"if([BOILER_D_PH_ANALYZER]>16,[UNITED_LIMS_CBD_D_PH],0)",1
3712,5156,"if([BOILER_E_PH_ANALYZER]>16,[UNITED_LIMS_CBD_E_PH],0)",1
3713,5157,(([HP_Steam_to_MP_Steam_Letdown_flow]*41.25)+([UO_All_MP_to_LP_letdown]*56.1)+(([VHP_to_HP_Let_Down_Valve_PX7024A_HP_Steam_flow_out_ETH]+[VHP_to_HP_Let_Down_Valve_PX7024B_HP_Steam_flow_out_ETH])*49.88)+(([HP_to_LP_Let_Down_Valve_PC7026_LP_Steam_flow_out_ETH]+[HP_to_LP_Let_Down_Valve_HC7262_LP_Steam_flow_out_ETH])*99.11)+([HP_to_MP_Let_Down_Valve_PC9209_EG1_HP_Steam_Flow_in]+[HP_to_MP_Let_Down_Valve_PC9209_EG2_HP_Steam_Flow_in]+[HP_to_MP_Let_Down_Valve_PC9207_EG3_HP_Steam_Flow_in])*41.25+[MP_to_LP_Letdown_Valve_Flowout_PV9206B_EG3]*18.38+[LP_to_LLP_Let_Down_Valve_PC7029_LP_Steam_Flow_in_ETH]*36.36+[Purge_Steam_to_Furnace_valve_PDC1154_Steam_Flow_ETH]*18.38+[Purge_Steam_to_Furnace_valve_PDC1155_Steam_Flow_ETH]*18.38)/1000,1
3714,5159,(([HP_Steam_to_MP_Steam_Letdown_flow]*41.25)+([UO_All_MP_to_LP_letdown]*56.1)+(([VHP_to_HP_Let_Down_Valve_PX7024A_HP_Steam_flow_out_ETH]+[VHP_to_HP_Let_Down_Valve_PX7024B_HP_Steam_flow_out_ETH])*49.88)+(([HP_to_LP_Let_Down_Valve_PC7026_LP_Steam_flow_out_ETH]+[HP_to_LP_Let_Down_Valve_HC7262_LP_Steam_flow_out_ETH])*99.11)+([HP_to_MP_Let_Down_Valve_PC9209_EG1_HP_Steam_Flow_in]+[HP_to_MP_Let_Down_Valve_PC9209_EG2_HP_Steam_Flow_in]+[HP_to_MP_Let_Down_Valve_PC9207_EG3_HP_Steam_Flow_in])*41.25+[MP_to_LP_Letdown_Valve_Flowout_PV9206B_EG3]*18.38+[LP_to_LLP_Let_Down_Valve_PC7029_LP_Steam_Flow_in_ETH]*36.36+[Purge_Steam_to_Furnace_valve_PDC1154_Steam_Flow_ETH]*18.38+[Purge_Steam_to_Furnace_valve_PDC1155_Steam_Flow_ETH]*18.38)/1000,1
3715,5158,"if([act_running]==1,0,(if([act_shaft_loss]>[du_shaft_loss],0,1))* (if(([Air_Compressor_Turbine_A_Steam_raw]/1000)>[Air_Compressor_Turbine_A_Steam], ([Air_Compressor_Turbine_A_Steam_raw]/1000)-[Air_Compressor_Turbine_A_Steam], 0) + if(([Air_Compressor_Turbine_D_Steam_raw]/1000)>[Air_Compressor_Turbine_D_Steam], ([Air_Compressor_Turbine_D_Steam_raw]/1000)-[Air_Compressor_Turbine_D_Steam],0))*0.9911)*0",1
3716,5160,"if([Furnace_1_Status_PIAF]==2,1,0)",1
3717,5161,"if([Furnace_2_Status_PIAF]==2,1,0)",1
3718,5162,"if([Furnace_3_Status_PIAF]==2,1,0)",1
3719,5163,"if([Furnace_4_Status_PIAF]==2,1,0)",1
3720,5164,"if([Furnace_5_Status_PIAF]==2,1,0)",1
3721,5165,"if([Furnace_6_Status_PIAF]==2,1,0)",1
3722,5166,"if([Furnace_7_Status_PIAF]==2,1,0)",1
3723,5167,"if([Furnace_8_Status_PIAF]==2,1,0)",1
3724,5168,"if([Furnace_9_Status_PIAF]==2,1,0)",1
3725,5169,((([Air_Compressor_Turbine_A_Steam_optimum]+[Air_Compressor_Turbine_D_Steam_optimum])*(([HP_Steam_Enthalpy_optimum]-[LP_Steam_Enthalpy_optimum])*4.184*[HP_Steam_enthalpy_Cost_optimum]/1000)+([Air_Compressor_Motor_B_Power_optimum]+[Air_Compressor_Motor_C_Power_optimum])*3.6*[Power_Rate_optimum])/([Air_compressor_B_Discharge_flow_optimum]+[Air_compressor_C_Discharge_flow_optimum]+[Air_compressor_A_Discharge_flow_optimum]+[Air_compressor_D_Discharge_flow_optimum]))/((([Air_Compressor_Turbine_A_Steam_actual]+[Air_Compressor_Turbine_D_Steam_actual])*(([HP_Steam_Enthalpy_actual]-[LP_Steam_Enthalpy_actual])*4.184*[HP_Steam_enthalpy_Cost_actual]/1000)+([Air_Compressor_Motor_B_Power_actual]+[Air_Compressor_Motor_C_Power_actual])*3.6*[Power_Rate_actual])/([Air_compressor_B_Discharge_flow_actual]+[Air_compressor_C_Discharge_flow_actual]+[Air_compressor_A_Discharge_flow_actual]+[Air_compressor_D_Discharge_flow_actual])),1
3726,5170,[Air_cost_factor_actual]*[Air_KPI_doller_actual],1
3727,5171,"if([ETH_Plant_Status]==0,0,[Total_Ethylene_Load])",1
3728,5172,[EG1_EOE],1
3729,5173,[EG2_EOE],1
3730,5174,[EG3_EOE],1
3731,5175,[EG1_EO_Reactor_Selectivity],1
3732,5176,[EG2_EO_Reactor_Selectivity],1
3733,5177,[EG3_EO_Reactor_Selectivity],1
3734,5178,"if((abs(([CW_Motor_7814A_Power_actual]-[CW_Motor_7814A_Power_optimum])*3.6*[Power_Rate_actual]))>0.5,([CW_Motor_7814A_Power_actual]-[CW_Motor_7814A_Power_optimum])*3.6*[Power_Rate_actual],0)",1
3735,5179,"if((abs(([CW_Motor_7814B_Power_actual]-[CW_Motor_7814B_Power_optimum])*3.6*[Power_Rate_actual]))>0.5,([CW_Motor_7814B_Power_actual]-[CW_Motor_7814B_Power_optimum])*3.6*[Power_Rate_actual],0)",1
3736,5180,"if((abs(([CW_Motor_7814C_Power_actual]-[CW_Motor_7814C_Power_optimum])*3.6*[Power_Rate_actual]))>0.5,([CW_Motor_7814C_Power_actual]-[CW_Motor_7814C_Power_optimum])*3.6*[Power_Rate_actual],0)",1
3737,5181,"max([Spec_En_Cons_BLR_1]*(if([BLR_1_Status]==[max_spec_en_consumption_blr],0,1)),[Spec_En_Cons_BLR_2]*(if([BLR_2_Status]==[max_spec_en_consumption_blr],0,1)), [Spec_En_Cons_BLR_3]* (if([BLR_3_Status]==[max_spec_en_consumption_blr],0,1)) ,[Spec_En_Cons_BLR_4]*(if([BLR_4_Status]==[max_spec_en_consumption_blr],0,1)),[Spec_En_Cons_BLR_5]*(if([BLR_5_Status]==[max_spec_en_consumption_blr],0,1)))",1
3738,5182,"if([max2_spec_en_consumption]==[Spec_En_Cons_BLR_1] && ([max_spec_en_consumption_blr]!=1) ,1,if([max2_spec_en_consumption]==[Spec_En_Cons_BLR_2] && ([max_spec_en_consumption_blr]!=2) ,2,if([max2_spec_en_consumption]==[Spec_En_Cons_BLR_3] && ([max_spec_en_consumption_blr]!=3),3,if([max2_spec_en_consumption]==[Spec_En_Cons_BLR_4] && ([max_spec_en_consumption_blr]!=4),4,5))))",1
3739,5183,[MP_Steam_Consumption],1
3740,5184,[LP_Steam_Consumption],1
3741,5185,[Total_BFW_Consumption],1
3742,5186,[Total_Fuel_Consumption],1
3743,5187,[DMW_Makeup],1
3744,5188,[HP_Steam_Consumption],1
3745,5189,[MP_Steam_Imbalance],1
3746,5190,[LP_Steam_Imbalance],1
3747,5191,[BFW_Imbalance],1
3748,5192,[DMW_Imbalance],1
3749,5193,[HP_Steam_Imbalance],1
3750,5194,([Fuel_generated]+([NATURAL_GAS_Import_CTM_raw]/1000))-[Total_Fuel_Consumption],1
3751,5196,[Total_CW_Demand]+[CW_Demand_Header_2],1
3752,5197,[Sea_water_makeup_CW],1
3753,5198,[Air_KPI_doller]*[Fuel_Bill],0
3754,5199,[Total_BFW_Generated]+[LP_Steam_Generation],0
3755,5200,"if([ETH_Plant_Status]==0,0,[ETH_suspect_COND_TO_U_O]*[Polished_Condenstae_to_Deaerator]/([ETH_suspect_COND_TO_U_O]+[EG1_suspect_COND_TO_U_O]+[EG2_suspect_COND_TO_U_O]+[EG3_suspect_COND_TO_U_O]))",1
3756,5201,"if([EOEG1_Plant_Status]==0,0,[EG1_suspect_COND_TO_U_O]*[Polished_Condenstae_to_Deaerator]/([ETH_suspect_COND_TO_U_O]+[EG1_suspect_COND_TO_U_O]+[EG2_suspect_COND_TO_U_O]+[EG3_suspect_COND_TO_U_O]))",1
3757,5202,"if([EOEG2_Plant_Status]==0,0,[EG2_suspect_COND_TO_U_O]*[Polished_Condenstae_to_Deaerator]/([ETH_suspect_COND_TO_U_O]+[EG1_suspect_COND_TO_U_O]+[EG2_suspect_COND_TO_U_O]+[EG3_suspect_COND_TO_U_O]))",1
3758,5203,"if([EOEG3_Plant_Status]==0,0,[EG3_suspect_COND_TO_U_O]*[Polished_Condenstae_to_Deaerator]/([ETH_suspect_COND_TO_U_O]+[EG1_suspect_COND_TO_U_O]+[EG2_suspect_COND_TO_U_O]+[EG3_suspect_COND_TO_U_O]))",1
3759,5204,"if([ETH_Plant_Status]==0,0,min(0.8,([ETH_CLEAN_COND_TO_U_O]+[ETH_suspect_COND_TO_U_O_corrected])/([ETH_HPS_Demand]+[ETH_LPS_Demand]+[VHP_BFW_to_ETH]+[DSP_BFW_TO_ETH])))",1
3760,5205,"if([EOEG1_Plant_Status]==0,0,([EG1_CLEAN_COND_TO_U_O]+[EG1_suspect_COND_TO_U_O_corrected])/([EOEG_1_MPS_Demand]+[EOEG_1_LPS_Demand]+[BFW_to_EOEG_1]+[DSP_BFW_TO_EG1]))",1
3761,5206,"if([EOEG2_Plant_Status]==0,0,([EG2_CLEAN_COND_TO_U_O]+[EG2_suspect_COND_TO_U_O_corrected])/([EOEG_2_MPS_Demand]+[EOEG_2_LPS_Demand]+[BFW_to_EOEG_2]+[DSP_BFW_TO_EG2]))",1
3762,5207,"if([EOEG3_Plant_Status]==0,0,([EG3_CLEAN_COND_TO_U_O]+[EG3_suspect_COND_TO_U_O_corrected])/([EOEG_3_MPS_Demand]+[EOEG_3_LPS_Demand]+[BFW_to_EOEG_3]+[DSP_BFW_TO_EG3]))",1
3763,5208,[EOEG_1_MPS_Demand],1
3764,5209,[EOEG_1_LPS_Demand],1
3765,5210,[EOEG_2_MPS_Demand],1
3766,5211,[EOEG_2_LPS_Demand],1
3767,5212,[EOEG_3_MPS_Demand],1
3768,5213,[EOEG_3_LPS_Demand],1
3769,5214,[ETH_LPS_Demand],1
3770,5215,[ETH_HPS_Demand],1
3771,5216,"if(([LP_Steam_Dumping_Valve_PC0024A_Steam_flow_out_UO]+[LP_Steam_Vent_valve_PV0024B_Steam_flow_out_UO])<5,0,1)",1
3772,5218,"if([Total_ethylene_product_flow_calculated]==0,0,([ETH_Plant_Status]*[Total_ethylene_product_flow_calculated]*3.6*[Specific_energy_consumption_in_C2R]))",1
3773,5219,"if([Total_ethylene_product_flow_calculated]==0,0,([ETH_Plant_Status]*[Total_ethylene_product_flow_calculated]*3.6*[Specific_energy_consumption_in_C3R]))",1
3774,5227,([EOEG_1_MPS_Demand]*[MP_Steam_Enthalpy]+[EOEG_1_LPS_Demand]*[LP_Steam_Enthalpy])*4.184/1000,1
3775,5228,([EOEG_2_MPS_Demand]*[MP_Steam_Enthalpy]+[EOEG_2_LPS_Demand]*[LP_Steam_Enthalpy])*4.184/1000,1
3776,5229,([EOEG_3_MPS_Demand]*[MP_Steam_Enthalpy]+[EOEG_3_LPS_Demand]*[LP_Steam_Enthalpy])*4.184/1000,1
3777,5230,([ETH_HPS_Demand]*[HP_Steam_Enthalpy]+[ETH_LPS_Demand]*[LP_Steam_Enthalpy]+[FUEL_GAS_From_UO_to_ETH]*[Eth_LHV])*4.184/1000,1
3778,5231,([LAO_LP_Steam_Demand]*[LP_Steam_Enthalpy])*4.184/1000+[FUEL_GAS_From_UO_to_LAO]*[LHV],1
3779,5234,"if(([VHP_to_HP_Let_Down_Valve_Opening_PX7024A_ETH]>0||[VHP_to_HP_Let_Down_Valve_Opening_PX7024B_ETH]>12)&&[Suction_Press_1Stage]<0.55,1,0 )",1
3780,5235,([BOILER_A_CBD]-[BOILER_A_CBD_Adjusted])*0.00122*[BLR_1_Status],1
3781,5236,([BOILER_B_CBD]-[BOILER_B_CBD_Adjusted])*0.00122*[BLR_2_Status],1
3782,5237,([BOILER_C_CBD]-[BOILER_C_CBD_Adjusted])*0.00122*[BLR_3_Status],1
3783,5238,([BOILER_D_CBD]-[BOILER_D_CBD_Adjusted])*0.00122*[BLR_4_Status],1
3784,5239,([BOILER_E_CBD]-[BOILER_E_CBD_Adjusted])*0.00122*[BLR_5_Status],1
3785,5240,[Furnace_1_Decoke_Status]+[Furnace_2_Decoke_Status]+[Furnace_3_Decoke_Status]+[Furnace_4_Decoke_Status]+[Furnace_5_Decoke_Status]+[Furnace_6_Decoke_Status]+[Furnace_7_Decoke_Status]+[Furnace_8_Decoke_Status]+[Furnace_9_Decoke_Status],1
3786,2674,([EG2_LP_to_C_4220])*([LP_steam_saturated_vapor_enthalpy]-[LP_steam_condensate_enthalpy])*[EG2_Regen_status],0
3787,2675,([EG2_LP_to_E_4220])*([LP_steam_saturated_vapor_enthalpy]-[LP_steam_condensate_enthalpy])*[EG2_Regen_status],0
3788,2678,([EG2_MP_to_E_4620]*[E_4620_Status]*([EG2_MP_steam_saturated_vapor_enthalpy]-[EG2_MP_steam_condensate_enthalpy])/1000),0
3789,2673,([EG2_LP_to_E_4523]*[E_4523_Status]*([EG2_LP_steam_saturated_vapor_enthalpy]-[EG2_LP_steam_condensate_enthalpy])/1000),0
3790,2676,([EG2_MP_to_E_4531]*[E_4531_Status]*([EG2_MP_steam_saturated_vapor_enthalpy]-[EG2_MP_steam_condensate_enthalpy])/1000),0
3791,2677,([EG2_MP_to_E_4610]*[E_4610_Status]*([EG2_MP_steam_saturated_vapor_enthalpy]-[EG2_MP_steam_condensate_enthalpy])/1000),0
3792,2657,([EG1_LP_to_C_2220]*([LP_steam_saturated_vapor_enthalpy]-[LP_steam_condensate_enthalpy])*[EG1_Regen_status]/1000),0
3793,2658,([EG1_LP_to_E_2220]*([LP_steam_saturated_vapor_enthalpy]-[LP_steam_condensate_enthalpy])*[EG1_Regen_status]/1000),0
3794,2682,([EG3_MP_to_E_6531]*[E_6531_Status]*([EG3_MP_steam_saturated_vapor_enthalpy]-[EG3_MP_steam_condensate_enthalpy])/1000),0
3795,2683,([EG3_MP_to_E_6620]*[E_6620_Status]*([EG3_MP_steam_saturated_vapor_enthalpy]-[EG3_MP_steam_condensate_enthalpy])/1000),0
3796,5241,[Process_flow_of_PK_5020]/1000,1
3797,5242,[K_5071_Dis_Flow]/1000,1
3798,5243,[Total_Flow_to_Deareator_A]/1000,1
3799,5244,[Total_Flow_to_Deareator_B]/1000,1
3800,5245,[VHP_BFW_A_Discharge_flow]/1000,1
3801,5246,[VHP_BFW_B_Discharge_flow]/1000,1
3802,5247,[VHP_BFW_C_Discharge_flow]/1000,1
3803,5248,[H3831_steam_flow]/1000,1
3804,5249,[Total_CW_Demand]*[CW_Circuit_1_delta_Temp]/([Sea_water_PHE_to_CT_7801_temp]-[Sea_water_pumps_to_PHE_temp]),1
3805,5250,[Sea_CW_Flow_1]*[CW_Demand_Header_2]/[Total_CW_Demand],1
3806,5251,"if((abs([EOEG_1_MPS_Demand_benifit_actual]+[EOEG_1_LPS_Demand_benifit_actual]))>0.5,[EOEG_1_MPS_Demand_benifit_actual]+[EOEG_1_LPS_Demand_benifit_actual],0)",1
3807,5252,"if((abs([EOEG_2_MPS_Demand_benifit_actual]+[EOEG_2_LPS_Demand_benifit_actual]))>0.5,[EOEG_2_MPS_Demand_benifit_actual]+[EOEG_2_LPS_Demand_benifit_actual],0)",1
3808,5253,"if((abs([EOEG_3_MPS_Demand_benifit_actual]+[EOEG_3_LPS_Demand_benifit_actual]))>0.5,[EOEG_3_MPS_Demand_benifit_actual]+[EOEG_3_LPS_Demand_benifit_actual],0)",1
3809,5254,"if((abs([ETH_HPS_Demand_benifit_actual]+[ETH_LPS_Demand_benifit_actual]+[FUEL_GAS_From_UO_to_ETH_benifit_actual]))>0.5,[ETH_HPS_Demand_benifit_actual]+[ETH_LPS_Demand_benifit_actual]+[FUEL_GAS_From_UO_to_ETH_benifit_actual],0)",1
3810,5255,"if((abs([FUEL_GAS_From_UO_to_LAO_benifit_actual]+[LAO_LPS_Demand_benifit_actual]))>0.5,[FUEL_GAS_From_UO_to_LAO_benifit_actual]+[LAO_LPS_Demand_benifit_actual],0)",1
3811,5256,"if((abs(([LAO_LP_Steam_Demand_actual]-[LAO_LP_Steam_Demand_optimum])*[LP_Steam_Cost_actual]))>0.5,([LAO_LP_Steam_Demand_actual]-[LAO_LP_Steam_Demand_optimum])*[LP_Steam_Cost_actual],0)",1
3812,5261,"if([EOEG2_Plant_Status]==0,0,[EG2_RC_TEMP_1])",1
3813,5262,"if([EOEG1_Plant_Status]==0,0,if([opportunity_energy_eg1_co2]==[opportunity_threshold] || missing([opportunity_energy_eg1_co2]),[EG1_LP_to_C_2220]+[EG1_LP_to_E_2220],min([EG1_LP_to_C_2220]+[EG1_LP_to_E_2220],[EG1_LP_to_C_2220_peeo]+[EG1_LP_to_E_2220_peeo])))",1
3814,5263,"if([EOEG1_Plant_Status]==0,0,min([EG1_LP_to_C_2310]+[EG1_LP_to_E_2310],[EG1_LP_to_C_2310_Adjusted]+[EG1_LP_to_E_2310_Adjusted]))",1
3815,5264,"if([EOEG2_Plant_Status]==0,0,min([EG2_LP_to_C_4220]+[EG2_LP_to_E_4220],[EG2_LP_to_C_4220_Adjusted]+[EG2_LP_to_E_4220_Adjusted]))",1
3816,5265,"if([EOEG2_Plant_Status]==0,0,min([EG2_LP_to_C_4310]+[EG2_LP_to_E_4310],[EG2_LP_to_C_4310_Adjusted]+[EG2_LP_to_E_4310_Adjusted]))",1
3817,5266,"if([EOEG3_Plant_Status]==0,0,min([EG3_LP_to_E_6220]+[EG3_LP_to_C_6220],[EG3_LP_to_E_6220_Adjusted]+[EG3_LP_to_C_6220_Adjusted]))",1
3818,5268,"if([EOEG1_Plant_Status]==0,0,[EG1_RC_TEMP_1])",1
3819,5269,(([Air_Compressor_Turbine_A_Steam]+[Air_Compressor_Turbine_D_Steam])*([HP_Steam_Cost]-[LP_Steam_Cost]))/([Air_compressor_A_Discharge_flow]+[Air_compressor_D_Discharge_flow]),1
3820,5270,([Air_Compressor_Motor_B_Power]+[Air_Compressor_Motor_C_Power])*3.6*[Power_Rate]/([Air_compressor_B_Discharge_flow]+[Air_compressor_C_Discharge_flow]),1
3821,5271,([EG1_LP_to_C_2220]+[EG1_LP_to_E_2220])*([LP_Steam_Enthalpy]*4.184/1000),1
3822,5272,([EG1_LP_to_C_2310]+[EG1_LP_to_E_2310])*([LP_Steam_Enthalpy]*4.184/1000),1
3823,5273,([EG1_MP_to_E_2620]+[EG1_MP_to_E_2624])*([MP_Steam_Enthalpy]*4.184/1000),1
3824,5274,([EG2_LP_to_C_4220]+[EG2_LP_to_E_4220])*([LP_Steam_Enthalpy]*4.184/1000),1
3825,5275,([EG2_LP_to_C_4310]+[EG2_LP_to_E_4310])*([LP_Steam_Enthalpy]*4.184/1000),1
3826,5276,([EG2_MP_to_E_4620]+[EG2_MP_to_E_4624])*([MP_Steam_Enthalpy]*4.184/1000),1
3827,5277,([EG3_LP_to_E_6220]+[EG3_LP_to_C_6220])*([LP_Steam_Enthalpy]*4.184/1000),1
3828,5278,([EG3_MP_to_E_6620]+[EG3_MP_to_E_6624])*([MP_Steam_Enthalpy]*4.184/1000),1
3829,5279,0,1
3830,5280,0,1
3831,5281,0,1
3832,5282,0,1
3833,5283,0,1
3834,5284,0,1
3835,5285,0,1
3836,5286,0,1
3837,5287,0,1
3838,5288,0,1
3839,5289,[Decoking_Furnace_Count],1
3840,5290,0,1
3841,5291,[Decoking_Furnace_Count],1
3842,5292,[Air_Compressor_Turbine_A_Status],1
3843,5293,[Air_Compressor_Turbine_D_Status],1
3844,5294,[Air_Compressor_Motor_C_Status],1
3845,5295,[Air_Compressor_Motor_B_Status],1
3846,5299,"if((abs(([BFW_to_Boilers_actual]-[BFW_to_Boilers_optimum])*[BFW_Cost_actual]))>0.5,([BFW_to_Boilers_actual]-[BFW_to_Boilers_optimum])*[BFW_Cost_actual],0)",1
3847,5300,"if(missing([opportunity_energy_olf_cgc]) || [opportunity_energy_olf_cgc]==[opportunity_threshold] || missing([Eth_CGC_turbine_Duty_peeo]),[Eth_CGC_turbine_Duty],min([Eth_CGC_turbine_Duty],[Eth_CGC_turbine_Duty]-(min(5,(([Total_specific_Power]-if(missing([Total_specific_Power_peeo]) || [opportunity_energy_olf_cgc]==[opportunity_threshold] || missing([opportunity_energy_olf_cgc]),[Total_specific_Power],min([Total_specific_Power],[Total_specific_Power_peeo])))*[Ethylene_total_flow]/1000)*3.6*1000/([HP_Steam_Enthalpy]*4.184)))))",1
3848,5301,"[LP_Steam_from_PRC_Extraction]+min(5,(([Specific_energy_consumption_in_C3R]-if(missing([Specific_energy_consumption_in_C3R_Adjusted]) || [opportunity_energy_olf_cold]==[opportunity_threshold] || missing([opportunity_energy_olf_cold]),[Specific_energy_consumption_in_C3R],min([Specific_energy_consumption_in_C3R],[Specific_energy_consumption_in_C3R_Adjusted])))*[Ethylene_total_flow])*3.6*1000/([HP_Steam_Enthalpy]*4.184))",1
3849,5302,(2.55*[Power_Rate]*3.6)*round([total_sea_water]/14022),1
3850,5303,[Sea_CW_Flow_1]+[Sea_CW_Flow_2],1
3851,5304,"if([Boiler_5_O2]-[Boiler_5_O2_peeo]>100,[Boiler_5_O2_peeo],[Boiler_5_O2])",1
3852,5305,[Boiler_A_Boiler_Indirect_Efficiency_peeo],0
3853,5306,[Boiler_B_Boiler_Indirect_Efficiency_peeo],0
3854,5307,[Boiler_C_Boiler_Indirect_Efficiency_peeo],0
3855,5308,[Boiler_D_Boiler_Indirect_Efficiency_peeo],0
3856,5309,[Boiler_E_Boiler_Indirect_Efficiency_peeo],0
3857,5529,"min(5,(([Specific_energy_consumption_in_C2R]-if(missing([Specific_energy_consumption_in_C2R_peeo]) || [opportunity_energy_olf_cold]==[opportunity_threshold] || missing([opportunity_energy_olf_cold]),[Specific_energy_consumption_in_C2R],min([Specific_energy_consumption_in_C2R],[Specific_energy_consumption_in_C2R_peeo])))*[Ethylene_total_flow])*3.6*1000/([HP_Steam_Enthalpy]*4.184))",1
3858,5530,"min(5,(([Specific_energy_consumption_in_C3R]-if(missing([Specific_energy_consumption_in_C3R_peeo]) || [opportunity_energy_olf_cold]==[opportunity_threshold] || missing([opportunity_energy_olf_cold]),[Specific_energy_consumption_in_C3R],min([Specific_energy_consumption_in_C3R],[Specific_energy_consumption_in_C3R_peeo])))*[Ethylene_total_flow])*3.6*1000/([HP_Steam_Enthalpy]*4.184))",1
3859,5531,"min(5,(([Total_specific_Power]-if(missing([Total_specific_Power_peeo]) || [opportunity_energy_olf_cgc]==[opportunity_threshold] || missing([opportunity_energy_olf_cgc]),[Total_specific_Power],min([Total_specific_Power],[Total_specific_Power_peeo])))*[Ethylene_total_flow]/1000)*3.6*1000/([HP_Steam_Enthalpy]*4.184))",1
3860,5489,"min([Pass8_Mixed_Feed_Pressure_Furnace_A],[Pass7_Mixed_Feed_Pressure_Furnace_A],[Pass6_Mixed_Feed_Pressure_Furnace_A],[Pass5_Mixed_Feed_Pressure_Furnace_A],[Pass4_Mixed_Feed_Pressure_Furnace_A],[Pass3_Mixed_Feed_Pressure_Furnace_A],[Pass2_Mixed_Feed_Pressure_Furnace_A],[Pass1_Mixed_Feed_Pressure_Furnace_A])",1
3861,5490,"min([Pass8_Mixed_Feed_Pressure_Furnace_B],[Pass7_Mixed_Feed_Pressure_Furnace_B],[Pass6_Mixed_Feed_Pressure_Furnace_B],[Pass5_Mixed_Feed_Pressure_Furnace_B],[Pass4_Mixed_Feed_Pressure_Furnace_B],[Pass3_Mixed_Feed_Pressure_Furnace_B],[Pass2_Mixed_Feed_Pressure_Furnace_B],[Pass1_Mixed_Feed_Pressure_Furnace_B])  ",1
3862,5491,"min([Pass8_Mixed_Feed_Pressure_Furnace_C],[Pass7_Mixed_Feed_Pressure_Furnace_C],[Pass6_Mixed_Feed_Pressure_Furnace_C],[Pass5_Mixed_Feed_Pressure_Furnace_C],[Pass4_Mixed_Feed_Pressure_Furnace_C],[Pass3_Mixed_Feed_Pressure_Furnace_C],[Pass2_Mixed_Feed_Pressure_Furnace_C],[Pass1_Mixed_Feed_Pressure_Furnace_C])  ",1
3863,5492,"min([Pass8_Mixed_Feed_Pressure_Furnace_D],[Pass7_Mixed_Feed_Pressure_Furnace_D],[Pass6_Mixed_Feed_Pressure_Furnace_D],[Pass5_Mixed_Feed_Pressure_Furnace_D],[Pass4_Mixed_Feed_Pressure_Furnace_D],[Pass3_Mixed_Feed_Pressure_Furnace_D],[Pass2_Mixed_Feed_Pressure_Furnace_D],[Pass1_Mixed_Feed_Pressure_Furnace_D])  ",1
3864,5493,"min([Pass8_Mixed_Feed_Pressure_Furnace_E],[Pass7_Mixed_Feed_Pressure_Furnace_E],[Pass6_Mixed_Feed_Pressure_Furnace_E],[Pass5_Mixed_Feed_Pressure_Furnace_E],[Pass4_Mixed_Feed_Pressure_Furnace_E],[Pass3_Mixed_Feed_Pressure_Furnace_E],[Pass2_Mixed_Feed_Pressure_Furnace_E],[Pass1_Mixed_Feed_Pressure_Furnace_E])  ",1
3865,5494,"min([Pass8_Mixed_Feed_Pressure_Furnace_F],[Pass7_Mixed_Feed_Pressure_Furnace_F],[Pass6_Mixed_Feed_Pressure_Furnace_F],[Pass5_Mixed_Feed_Pressure_Furnace_F],[Pass4_Mixed_Feed_Pressure_Furnace_F],[Pass3_Mixed_Feed_Pressure_Furnace_F],[Pass2_Mixed_Feed_Pressure_Furnace_F],[Pass1_Mixed_Feed_Pressure_Furnace_F])  ",1
3866,5495,"min([Pass8_Mixed_Feed_Pressure_Furnace_G],[Pass7_Mixed_Feed_Pressure_Furnace_G],[Pass6_Mixed_Feed_Pressure_Furnace_G],[Pass5_Mixed_Feed_Pressure_Furnace_G],[Pass4_Mixed_Feed_Pressure_Furnace_G],[Pass3_Mixed_Feed_Pressure_Furnace_G],[Pass2_Mixed_Feed_Pressure_Furnace_G],[Pass1_Mixed_Feed_Pressure_Furnace_G])  ",1
3867,5496,"min([Pass8_Mixed_Feed_Pressure_Furnace_H],[Pass7_Mixed_Feed_Pressure_Furnace_H],[Pass6_Mixed_Feed_Pressure_Furnace_H],[Pass5_Mixed_Feed_Pressure_Furnace_H],[Pass4_Mixed_Feed_Pressure_Furnace_H],[Pass3_Mixed_Feed_Pressure_Furnace_H],[Pass2_Mixed_Feed_Pressure_Furnace_H],[Pass1_Mixed_Feed_Pressure_Furnace_H])  ",1
3868,5497,"min([Pass7_Mixed_Feed_Pressure_Furnace_J],[Pass6_Mixed_Feed_Pressure_Furnace_J],[Pass5_Mixed_Feed_Pressure_Furnace_J],[Pass4_Mixed_Feed_Pressure_Furnace_J],[Pass3_Mixed_Feed_Pressure_Furnace_J],[Pass2_Mixed_Feed_Pressure_Furnace_J],[Pass1_Mixed_Feed_Pressure_Furnace_J])",1
3869,5498,[Pass8_Decoke_Air_Flow_Furnace_A]+[Pass7_Decoke_Air_Flow_Furnace_A]+[Pass6_Decoke_Air_Flow_Furnace_A]+[Pass5_Decoke_Air_Flow_Furnace_A]+[Pass4_Decoke_Air_Flow_Furnace_A]+[Pass3_Decoke_Air_Flow_Furnace_A]+[Pass2_Decoke_Air_Flow_Furnace_A]+[Pass1_Decoke_Air_Flow_Furnace_A],1
3870,5499,[Pass8_Decoke_Air_Flow_Furnace_B]+[Pass7_Decoke_Air_Flow_Furnace_B]+[Pass6_Decoke_Air_Flow_Furnace_B]+[Pass5_Decoke_Air_Flow_Furnace_B]+[Pass4_Decoke_Air_Flow_Furnace_B]+[Pass3_Decoke_Air_Flow_Furnace_B]+[Pass2_Decoke_Air_Flow_Furnace_B]+[Pass1_Decoke_Air_Flow_Furnace_B],1
3871,5500,[Pass8_Decoke_Air_Flow_Furnace_C]+[Pass7_Decoke_Air_Flow_Furnace_C]+[Pass6_Decoke_Air_Flow_Furnace_C]+[Pass5_Decoke_Air_Flow_Furnace_C]+[Pass4_Decoke_Air_Flow_Furnace_C]+[Pass3_Decoke_Air_Flow_Furnace_C]+[Pass2_Decoke_Air_Flow_Furnace_C]+[Pass1_Decoke_Air_Flow_Furnace_C],1
3872,5501,[Pass8_Decoke_Air_Flow_Furnace_D]+[Pass7_Decoke_Air_Flow_Furnace_D]+[Pass6_Decoke_Air_Flow_Furnace_D]+[Pass5_Decoke_Air_Flow_Furnace_D]+[Pass4_Decoke_Air_Flow_Furnace_D]+[Pass3_Decoke_Air_Flow_Furnace_D]+[Pass2_Decoke_Air_Flow_Furnace_D]+[Pass1_Decoke_Air_Flow_Furnace_D],1
3873,5502,[Pass8_Decoke_Air_Flow_Furnace_E]+[Pass7_Decoke_Air_Flow_Furnace_E]+[Pass6_Decoke_Air_Flow_Furnace_E]+[Pass5_Decoke_Air_Flow_Furnace_E]+[Pass4_Decoke_Air_Flow_Furnace_E]+[Pass3_Decoke_Air_Flow_Furnace_E]+[Pass2_Decoke_Air_Flow_Furnace_E]+[Pass1_Decoke_Air_Flow_Furnace_E],1
3874,5503,[Pass8_Decoke_Air_Flow_Furnace_F]+[Pass7_Decoke_Air_Flow_Furnace_F]+[Pass6_Decoke_Air_Flow_Furnace_F]+[Pass5_Decoke_Air_Flow_Furnace_F]+[Pass4_Decoke_Air_Flow_Furnace_F]+[Pass3_Decoke_Air_Flow_Furnace_F]+[Pass2_Decoke_Air_Flow_Furnace_F]+[Pass1_Decoke_Air_Flow_Furnace_F],1
3875,5504,[Pass8_Decoke_Air_Flow_Furnace_G]+[Pass7_Decoke_Air_Flow_Furnace_G]+[Pass6_Decoke_Air_Flow_Furnace_G]+[Pass5_Decoke_Air_Flow_Furnace_G]+[Pass4_Decoke_Air_Flow_Furnace_G]+[Pass3_Decoke_Air_Flow_Furnace_G]+[Pass2_Decoke_Air_Flow_Furnace_G]+[Pass1_Decoke_Air_Flow_Furnace_G],1
3876,5505,[Pass8_Decoke_Air_Flow_Furnace_H]+[Pass7_Decoke_Air_Flow_Furnace_H]+[Pass6_Decoke_Air_Flow_Furnace_H]+[Pass5_Decoke_Air_Flow_Furnace_H]+[Pass4_Decoke_Air_Flow_Furnace_H]+[Pass3_Decoke_Air_Flow_Furnace_H]+[Pass2_Decoke_Air_Flow_Furnace_H]+[Pass1_Decoke_Air_Flow_Furnace_H],1
3877,5506,[Pass8_Decoke_Air_Flow_Furnace_J]+[Pass7_Decoke_Air_Flow_Furnace_J]+[Pass6_Decoke_Air_Flow_Furnace_J]+[Pass5_Decoke_Air_Flow_Furnace_J]+[Pass4_Decoke_Air_Flow_Furnace_J]+[Pass3_Decoke_Air_Flow_Furnace_J]+[Pass2_Decoke_Air_Flow_Furnace_J]+[Pass1_Decoke_Air_Flow_Furnace_J],1
3878,4982,"if([Furnace_A_COT]<500,0,if(([TQE_Outlet_Pressure_Furnace_A]>0.4 && [Mixed_Feed_MOV_Opening_Furnace_A]>5),1,if(([TQE_Outlet_Pressure_Furnace_A]<0.4 && [Decoke_Air_Pressure_Furnace_A]>[min_Convection_Inlet_Pressure_Furnace_A]+0.5 && [Furnace_A_COT]>820 && [Sum_Decoke_Flow_Furnace_A]>=0.5),2,if(([Furnace_A_COT]>860 && [Decoke_Air_Pressure_Furnace_A]>[min_Convection_Inlet_Pressure_Furnace_A]+0.5),2,3))))",1
3879,4983,"if([Furnace_B_COT]<500,0,if(([TQE_Outlet_Pressure_Furnace_B]>0.4 && [Mixed_Feed_MOV_Opening_Furnace_B]>5),1,if(([TQE_Outlet_Pressure_Furnace_B]<0.4 && [Decoke_Air_Pressure_Furnace_B]>[min_Convection_Inlet_Pressure_Furnace_B]+0.5 && [Furnace_B_COT]>820 && [Sum_Decoke_Flow_Furnace_B]>=0.5),2,if(([Furnace_B_COT]>860 && [Decoke_Air_Pressure_Furnace_B]>[min_Convection_Inlet_Pressure_Furnace_B]+0.5),2,3))))",1
3880,4984,"if([Furnace_C_COT]<500,0,if(([TQE_Outlet_Pressure_Furnace_C]>0.4 && [Mixed_Feed_MOV_Opening_Furnace_C]>5),1,if(([TQE_Outlet_Pressure_Furnace_C]<0.4 && [Decoke_Air_Pressure_Furnace_C]>[min_Convection_Inlet_Pressure_Furnace_C]+0.5 && [Furnace_C_COT]>820 && [Sum_Decoke_Flow_Furnace_C]>=0.5),2,if(([Furnace_C_COT]>860 && [Decoke_Air_Pressure_Furnace_C]>[min_Convection_Inlet_Pressure_Furnace_C]+0.5),2,3))))",1
3881,4985,"if([Furnace_D_COT]<500,0,if(([TQE_Outlet_Pressure_Furnace_D]>0.4 && [Mixed_Feed_MOV_Opening_Furnace_D]>5),1,if(([TQE_Outlet_Pressure_Furnace_D]<0.4 && [Decoke_Air_Pressure_Furnace_D]>[min_Convection_Inlet_Pressure_Furnace_D]+0.5 && [Furnace_D_COT]>820 && [Sum_Decoke_Flow_Furnace_D]>=0.5),2,if(([Furnace_D_COT]>860 && [Decoke_Air_Pressure_Furnace_D]>[min_Convection_Inlet_Pressure_Furnace_D]+0.5),2,3))))",1
3882,4986,"if([Furnace_E_COT]<500,0,if(([TQE_Outlet_Pressure_Furnace_E]>0.4 && [Mixed_Feed_MOV_Opening_Furnace_E]>5),1,if(([TQE_Outlet_Pressure_Furnace_E]<0.4 && [Decoke_Air_Pressure_Furnace_E]>[min_Convection_Inlet_Pressure_Furnace_E]+0.5 && [Furnace_E_COT]>820 && [Sum_Decoke_Flow_Furnace_E]>=0.5),2,if(([Furnace_E_COT]>860 && [Decoke_Air_Pressure_Furnace_E]>[min_Convection_Inlet_Pressure_Furnace_E]+0.5),2,3))))",1
3883,4987,"if([Furnace_F_COT]<500,0,if(([TQE_Outlet_Pressure_Furnace_F]>0.4 && [Mixed_Feed_MOV_Opening_Furnace_F]>5),1,if(([TQE_Outlet_Pressure_Furnace_F]<0.4 && [Decoke_Air_Pressure_Furnace_F]>[min_Convection_Inlet_Pressure_Furnace_F]+0.5 && [Furnace_F_COT]>820 && [Sum_Decoke_Flow_Furnace_F]>=0.5),2,if(([Furnace_F_COT]>860 && [Decoke_Air_Pressure_Furnace_F]>[min_Convection_Inlet_Pressure_Furnace_F]+0.5),2,3))))",1
3884,4988,"if([Furnace_G_COT]<500,0,if(([TQE_Outlet_Pressure_Furnace_G]>0.4 && [Mixed_Feed_MOV_Opening_Furnace_G]>5),1,if(([TQE_Outlet_Pressure_Furnace_G]<0.4 && [Decoke_Air_Pressure_Furnace_G]>[min_Convection_Inlet_Pressure_Furnace_G]+0.5 && [Furnace_G_COT]>820 && [Sum_Decoke_Flow_Furnace_G]>=0.5),2,if(([Furnace_G_COT]>860 && [Decoke_Air_Pressure_Furnace_G]>[min_Convection_Inlet_Pressure_Furnace_G]+0.5),2,3))))",1
3885,4989,"if([Furnace_H_COT]<500,0,if(([TQE_Outlet_Pressure_Furnace_H]>0.4 && [Mixed_Feed_MOV_Opening_Furnace_H]>5),1,if(([TQE_Outlet_Pressure_Furnace_H]<0.4 && [Decoke_Air_Pressure_Furnace_H]>[min_Convection_Inlet_Pressure_Furnace_H]+0.5 && [Furnace_H_COT]>820 && [Sum_Decoke_Flow_Furnace_H]>=0.5),2,if(([Furnace_H_COT]>860 && [Decoke_Air_Pressure_Furnace_H]>[min_Convection_Inlet_Pressure_Furnace_H]+0.5),2,3))))",1
3886,4990,"if([Furnace_J_COT]<500,0,if(([TQE_Outlet_Pressure_Furnace_J]>0.4 && [Mixed_Feed_MOV_Opening_Furnace_J]>5),1,if(([TQE_Outlet_Pressure_Furnace_J]<0.4 && [Decoke_Air_Pressure_Furnace_J]>[min_Convection_Inlet_Pressure_Furnace_J]+0.5 && [Furnace_J_COT]>820 && [Sum_Decoke_Flow_Furnace_J]>=0.5),2,if(([Furnace_J_COT]>860 && [Decoke_Air_Pressure_Furnace_J]>[min_Convection_Inlet_Pressure_Furnace_J]+0.5),2,3))))",1
3887,5507,"if((abs(([EG1_MP_to_E_2610_actual]-[EG1_MP_to_E_2610_optimum])*[MP_Steam_Enthalpy_actual]*(4.184/1000)*[MP_steam_enthalpy_Cost_actual]))>0.5,([EG1_MP_to_E_2610_actual]-[EG1_MP_to_E_2610_optimum])*[MP_Steam_Enthalpy_actual]*(4.184/1000)*[MP_steam_enthalpy_Cost_actual],0)",1
3888,5508,"if((abs(([EG1_MP_to_E_2620_actual]-[EG1_MP_to_E_2620_optimum])*[MP_Steam_Enthalpy_actual]*(4.184/1000)*[MP_steam_enthalpy_Cost_actual]))>0.5,([EG1_MP_to_E_2620_actual]-[EG1_MP_to_E_2620_optimum])*[MP_Steam_Enthalpy_actual]*(4.184/1000)*[MP_steam_enthalpy_Cost_actual],0)",1
3889,5509,"if((abs(([EG2_MP_to_E_4610_actual]-[EG2_MP_to_E_4610_optimum])*[MP_Steam_Enthalpy_actual]*(4.184/1000)*[MP_steam_enthalpy_Cost_actual]))>0.5,([EG2_MP_to_E_4610_actual]-[EG2_MP_to_E_4610_optimum])*[MP_Steam_Enthalpy_actual]*(4.184/1000)*[MP_steam_enthalpy_Cost_actual],0)",1
3890,5510,"if((abs(([EG2_MP_to_E_4620_actual]-[EG2_MP_to_E_4620_optimum])*[MP_Steam_Enthalpy_actual]*(4.184/1000)*[MP_steam_enthalpy_Cost_actual]))>0.5,([EG2_MP_to_E_4620_actual]-[EG2_MP_to_E_4620_optimum])*[MP_Steam_Enthalpy_actual]*(4.184/1000)*[MP_steam_enthalpy_Cost_actual],0)",1
3891,5511,"if((abs([Power_to_CO2_benefit_actual]*([K_5021_Interstage_Cooler_1_Approach_Temp_actual]-[K_5021_Interstage_Cooler_1_Approach_Temp_optimum])/([K_5021_Interstage_Cooler_1_Approach_Temp_actual]+[K_5021_Interstage_Cooler_2_Approach_Temp_actual]+[K_5021_Interstage_Cooler_3_Approach_Temp_actual]-[K_5021_Interstage_Cooler_1_Approach_Temp_optimum]-[K_5021_Interstage_Cooler_2_Approach_Temp_optimum]-[K_5021_Interstage_Cooler_3_Approach_Temp_optimum])))>0.5,[Power_to_CO2_benefit_actual]*([K_5021_Interstage_Cooler_1_Approach_Temp_actual]-[K_5021_Interstage_Cooler_1_Approach_Temp_optimum])/([K_5021_Interstage_Cooler_1_Approach_Temp_actual]+[K_5021_Interstage_Cooler_2_Approach_Temp_actual]+[K_5021_Interstage_Cooler_3_Approach_Temp_actual]-[K_5021_Interstage_Cooler_1_Approach_Temp_optimum]-[K_5021_Interstage_Cooler_2_Approach_Temp_optimum]-[K_5021_Interstage_Cooler_3_Approach_Temp_optimum]),0)",1
3892,5512,"if((abs([Power_to_CO2_benefit_actual]*([K_5021_Interstage_Cooler_2_Approach_Temp_actual]-[K_5021_Interstage_Cooler_2_Approach_Temp_optimum])/([K_5021_Interstage_Cooler_1_Approach_Temp_actual]+[K_5021_Interstage_Cooler_2_Approach_Temp_actual]+[K_5021_Interstage_Cooler_3_Approach_Temp_actual]-[K_5021_Interstage_Cooler_1_Approach_Temp_optimum]-[K_5021_Interstage_Cooler_2_Approach_Temp_optimum]-[K_5021_Interstage_Cooler_3_Approach_Temp_optimum])))>0.5,[Power_to_CO2_benefit_actual]*([K_5021_Interstage_Cooler_2_Approach_Temp_actual]-[K_5021_Interstage_Cooler_2_Approach_Temp_optimum])/([K_5021_Interstage_Cooler_1_Approach_Temp_actual]+[K_5021_Interstage_Cooler_2_Approach_Temp_actual]+[K_5021_Interstage_Cooler_3_Approach_Temp_actual]-[K_5021_Interstage_Cooler_1_Approach_Temp_optimum]-[K_5021_Interstage_Cooler_2_Approach_Temp_optimum]-[K_5021_Interstage_Cooler_3_Approach_Temp_optimum]),0)",1
3893,5513,"if((abs([Power_to_CO2_benefit_actual]*([K_5021_Interstage_Cooler_3_Approach_Temp_actual]-[K_5021_Interstage_Cooler_3_Approach_Temp_optimum])/([K_5021_Interstage_Cooler_1_Approach_Temp_actual]+[K_5021_Interstage_Cooler_2_Approach_Temp_actual]+[K_5021_Interstage_Cooler_3_Approach_Temp_actual]-[K_5021_Interstage_Cooler_1_Approach_Temp_optimum]-[K_5021_Interstage_Cooler_2_Approach_Temp_optimum]-[K_5021_Interstage_Cooler_3_Approach_Temp_optimum])))>0.5,[Power_to_CO2_benefit_actual]*([K_5021_Interstage_Cooler_3_Approach_Temp_actual]-[K_5021_Interstage_Cooler_3_Approach_Temp_optimum])/([K_5021_Interstage_Cooler_1_Approach_Temp_actual]+[K_5021_Interstage_Cooler_2_Approach_Temp_actual]+[K_5021_Interstage_Cooler_3_Approach_Temp_actual]-[K_5021_Interstage_Cooler_1_Approach_Temp_optimum]-[K_5021_Interstage_Cooler_2_Approach_Temp_optimum]-[K_5021_Interstage_Cooler_3_Approach_Temp_optimum]),0)",1
3894,5514,"if((abs(([Furnace_A_Fuel_gas_flow_actual]*[Furnace_1_Status_actual]-[Furnace_A_Fuel_gas_flow_optimum])*([Fuel_Cost_in_MMBTU_actual]/1.05506)*[LHV_actual]*([FUEL_GAS_From_UO_to_ETH_actual]/[ETHYLENE_FUEL_CONSUMPTION_actual])))>0.5,([Furnace_A_Fuel_gas_flow_actual]*[Furnace_1_Status_actual]-[Furnace_A_Fuel_gas_flow_optimum])*([Fuel_Cost_in_MMBTU_actual]/1.05506)*[LHV_actual]*([FUEL_GAS_From_UO_to_ETH_actual]/[ETHYLENE_FUEL_CONSUMPTION_actual]),0)",1
3895,5515,"if((abs(([Furnace_B_Fuel_gas_flow_actual]*[Furnace_2_Status_actual]-[Furnace_B_Fuel_gas_flow_optimum])*([Fuel_Cost_in_MMBTU_actual]/1.05506)*[LHV_actual]*([FUEL_GAS_From_UO_to_ETH_actual]/[ETHYLENE_FUEL_CONSUMPTION_actual])))>0.5,([Furnace_B_Fuel_gas_flow_actual]*[Furnace_2_Status_actual]-[Furnace_B_Fuel_gas_flow_optimum])*([Fuel_Cost_in_MMBTU_actual]/1.05506)*[LHV_actual]*([FUEL_GAS_From_UO_to_ETH_actual]/[ETHYLENE_FUEL_CONSUMPTION_actual]),0)",1
3896,5516,"if((abs(([Furnace_C_Fuel_gas_flow_actual]*[Furnace_3_Status_actual]-[Furnace_C_Fuel_gas_flow_optimum])*([Fuel_Cost_in_MMBTU_actual]/1.05506)*[LHV_actual]*([FUEL_GAS_From_UO_to_ETH_actual]/[ETHYLENE_FUEL_CONSUMPTION_actual])))>0.5,([Furnace_C_Fuel_gas_flow_actual]*[Furnace_3_Status_actual]-[Furnace_C_Fuel_gas_flow_optimum])*([Fuel_Cost_in_MMBTU_actual]/1.05506)*[LHV_actual]*([FUEL_GAS_From_UO_to_ETH_actual]/[ETHYLENE_FUEL_CONSUMPTION_actual]),0)",1
3897,5517,"if((abs(([Furnace_D_Fuel_gas_flow_actual]*[Furnace_4_Status_actual]-[Furnace_D_Fuel_gas_flow_optimum])*([Fuel_Cost_in_MMBTU_actual]/1.05506)*[LHV_actual]*([FUEL_GAS_From_UO_to_ETH_actual]/[ETHYLENE_FUEL_CONSUMPTION_actual])))>0.5,([Furnace_D_Fuel_gas_flow_actual]*[Furnace_4_Status_actual]-[Furnace_D_Fuel_gas_flow_optimum])*([Fuel_Cost_in_MMBTU_actual]/1.05506)*[LHV_actual]*([FUEL_GAS_From_UO_to_ETH_actual]/[ETHYLENE_FUEL_CONSUMPTION_actual]),0)",1
3898,5518,"if((abs(([Furnace_E_Fuel_gas_flow_actual]*[Furnace_5_Status_actual]-[Furnace_E_Fuel_gas_flow_optimum])*([Fuel_Cost_in_MMBTU_actual]/1.05506)*[LHV_actual]*([FUEL_GAS_From_UO_to_ETH_actual]/[ETHYLENE_FUEL_CONSUMPTION_actual])))>0.5,([Furnace_E_Fuel_gas_flow_actual]*[Furnace_5_Status_actual]-[Furnace_E_Fuel_gas_flow_optimum])*([Fuel_Cost_in_MMBTU_actual]/1.05506)*[LHV_actual]*([FUEL_GAS_From_UO_to_ETH_actual]/[ETHYLENE_FUEL_CONSUMPTION_actual]),0)",1
3899,5519,"if((abs(([Furnace_F_Fuel_gas_flow_actual]*[Furnace_6_Status_actual]-[Furnace_F_Fuel_gas_flow_optimum])*([Fuel_Cost_in_MMBTU_actual]/1.05506)*[LHV_actual]*([FUEL_GAS_From_UO_to_ETH_actual]/[ETHYLENE_FUEL_CONSUMPTION_actual])))>0.5,([Furnace_F_Fuel_gas_flow_actual]*[Furnace_6_Status_actual]-[Furnace_F_Fuel_gas_flow_optimum])*([Fuel_Cost_in_MMBTU_actual]/1.05506)*[LHV_actual]*([FUEL_GAS_From_UO_to_ETH_actual]/[ETHYLENE_FUEL_CONSUMPTION_actual]),0)",1
3900,5520,"if((abs(([Furnace_G_Fuel_gas_flow_actual]*[Furnace_7_Status_actual]-[Furnace_G_Fuel_gas_flow_optimum])*([Fuel_Cost_in_MMBTU_actual]/1.05506)*[LHV_actual]*([FUEL_GAS_From_UO_to_ETH_actual]/[ETHYLENE_FUEL_CONSUMPTION_actual])))>0.5,([Furnace_G_Fuel_gas_flow_actual]*[Furnace_7_Status_actual]-[Furnace_G_Fuel_gas_flow_optimum])*([Fuel_Cost_in_MMBTU_actual]/1.05506)*[LHV_actual]*([FUEL_GAS_From_UO_to_ETH_actual]/[ETHYLENE_FUEL_CONSUMPTION_actual]),0)",1
3901,5521,"if((abs(([Furnace_H_Fuel_gas_flow_actual]*[Furnace_8_Status_actual]-[Furnace_H_Fuel_gas_flow_optimum])*([Fuel_Cost_in_MMBTU_actual]/1.05506)*[LHV_actual]*([FUEL_GAS_From_UO_to_ETH_actual]/[ETHYLENE_FUEL_CONSUMPTION_actual])))>0.5,([Furnace_H_Fuel_gas_flow_actual]*[Furnace_8_Status_actual]-[Furnace_H_Fuel_gas_flow_optimum])*([Fuel_Cost_in_MMBTU_actual]/1.05506)*[LHV_actual]*([FUEL_GAS_From_UO_to_ETH_actual]/[ETHYLENE_FUEL_CONSUMPTION_actual]),0)",1
3902,5522,"if((abs(([Furnace_J_Fuel_gas_flow_actual]*[Furnace_9_Status_actual]-[Furnace_J_Fuel_gas_flow_optimum])*([Fuel_Cost_in_MMBTU_actual]/1.05506)*[LHV_actual]*([FUEL_GAS_From_UO_to_ETH_actual]/[ETHYLENE_FUEL_CONSUMPTION_actual])))>0.5,([Furnace_J_Fuel_gas_flow_actual]*[Furnace_9_Status_actual]-[Furnace_J_Fuel_gas_flow_optimum])*([Fuel_Cost_in_MMBTU_actual]/1.05506)*[LHV_actual]*([FUEL_GAS_From_UO_to_ETH_actual]/[ETHYLENE_FUEL_CONSUMPTION_actual]),0)",1
3903,5523,"if((abs(([Fuel_BLR_1_optimum]-[Fuel_BLR_1_corrected_optimum])*([Fuel_Cost_in_MMBTU_actual]/1.05506)*[LHV_actual]))>0.5,([Fuel_BLR_1_optimum]-[Fuel_BLR_1_corrected_optimum])*([Fuel_Cost_in_MMBTU_actual]/1.05506)*[LHV_actual],0)",1
3904,5524,"if((abs(([Fuel_BLR_2_optimum]-[Fuel_BLR_2_corrected_optimum])*([Fuel_Cost_in_MMBTU_actual]/1.05506)*[LHV_actual]))>0.5,([Fuel_BLR_2_optimum]-[Fuel_BLR_2_corrected_optimum])*([Fuel_Cost_in_MMBTU_actual]/1.05506)*[LHV_actual],0)",1
3905,5525,"if((abs(([Fuel_BLR_3_optimum]-[Fuel_BLR_3_corrected_optimum])*([Fuel_Cost_in_MMBTU_actual]/1.05506)*[LHV_actual]))>0.5,([Fuel_BLR_3_optimum]-[Fuel_BLR_3_corrected_optimum])*([Fuel_Cost_in_MMBTU_actual]/1.05506)*[LHV_actual],0)",1
3906,5526,"if((abs(([Fuel_BLR_4_optimum]-[Fuel_BLR_4_corrected_optimum])*([Fuel_Cost_in_MMBTU_actual]/1.05506)*[LHV_actual]))>0.5,([Fuel_BLR_4_optimum]-[Fuel_BLR_4_corrected_optimum])*([Fuel_Cost_in_MMBTU_actual]/1.05506)*[LHV_actual],0)",1
3907,5527,"if((abs(([Fuel_BLR_5_optimum]-[Fuel_BLR_5_corrected_optimum])*([Fuel_Cost_in_MMBTU_actual]/1.05506)*[LHV_actual]))>0.5,([Fuel_BLR_5_optimum]-[Fuel_BLR_5_corrected_optimum])*([Fuel_Cost_in_MMBTU_actual]/1.05506)*[LHV_actual],0)",1
3908,5528,0,1
3909,5532,[Total_specific_Power_peeo],1
3910,5533,0,1
3911,5534,0,1
3912,5535,50000,1
3913,5536,"if(missing([C2_power_delta] + [Eth_CGC_turbine_Duty_delta]),0,[C2_power_delta] + [Eth_CGC_turbine_Duty_delta])",1
3914,5538,"if(missing([ETH_HPS_Demand_delta]),0,[ETH_HPS_Demand_delta])",1
3915,5537,"if([ETH_Plant_Status]==0,0,if(([ETH_HPS_Demand]-([ETH_HPS_Demand_delta]*0))<0,0,([ETH_HPS_Demand]-([ETH_HPS_Demand_delta]*0))))",1
3916,5539,"if([BOILER_A_FLUE_GAS_OXGYGEN]-[BOILER_A_FLUE_GAS_OXGYGEN_Adjusted]==0,0,1)",1
3917,5540,"if([BOILER_B_FLUE_GAS_OXGYGEN]-[BOILER_B_FLUE_GAS_OXGYGEN_Adjusted]==0,0,1)",1
3918,5541,"if([BOILER_C_FLUE_GAS_OXGYGEN]-[BOILER_C_FLUE_GAS_OXGYGEN_Adjusted]==0,0,1)",1
3919,5542,"if([BOILER_D_FLUE_GAS_OXGYGEN]-[BOILER_D_FLUE_GAS_OXGYGEN_Adjusted]==0,0,1)",1
3920,5543,"if([Boiler_5_O2]-[Boiler_5_O2_Adjusted]==0,0,1)",1
3921,5544,([EG1_Recycle_Compressor_Power_actual]-[EG1_Recycle_Compressor_Power_optimum])*[Power_Rate_actual]*3.6,1
3922,5545,([EG1_LP_to_E_2523_actual]-[EG1_LP_to_E_2523_optimum])*[LP_Steam_Cost_actual],1
3923,5546,([EG1_MP_to_E_2531_actual]-[EG1_MP_to_E_2531_optimum])*[MP_steam_generation_Cost_actual],1
3924,5547,([EG1_MP_to_E_2610_actual]-[EG1_MP_to_E_2610_optimum])*[MP_steam_generation_Cost_actual],1
3925,5548,([EG1_MP_to_E_2620_actual]-[EG1_MP_to_E_2620_optimum])*[MP_steam_generation_Cost_actual],1
3926,5549,([EG2_Recycle_Compressor_Power_actual]-[EG2_Recycle_Compressor_Power_optimum])*[Power_Rate_actual]*3.6,1
3927,5550,([EG2_LP_to_E_4523_actual]-[EG2_LP_to_E_4523_optimum])*[LP_Steam_Cost_actual],1
3928,5551,([EG2_MP_to_E_4531_actual]-[EG2_MP_to_E_4531_optimum])*[MP_steam_generation_Cost_actual],1
3929,5552,([EG2_MP_to_E_4610_actual]-[EG2_MP_to_E_4610_optimum])*[MP_steam_generation_Cost_actual],1
3930,5553,([EG2_MP_to_E_4620_actual]-[EG2_MP_to_E_4620_optimum])*[MP_steam_generation_Cost_actual],1
3931,5554,([EG3_MP_to_E_6531_actual]-[EG3_MP_to_E_6531_optimum])*[MP_steam_generation_Cost_actual],1
3932,5555,([EG3_MP_to_E_6620_actual]-[EG3_MP_to_E_6620_optimum])*[MP_steam_generation_Cost_actual],1
3933,5556,([Ethane_feed_saturator_inlet_steam_flow_actual]-[Ethane_feed_saturator_inlet_steam_flow_optimum])*[LP_Steam_Cost_actual],1
3934,5557,([Actual_Power_Consumption_5021_actual]-[Actual_Power_Consumption_5021_optimum])*[Power_Rate_actual]*3.6,1
3935,5558,([K_5071_Actual_Power_actual]-[K_5071_Actual_Power_optimum])*[Power_Rate_actual]*3.6,1
3936,5559,([EG3_Recycle_Compressor_Power_actual]-[EG3_Recycle_Compressor_Power_optimum])*[Power_Rate_actual]*3.6,1
3937,5560,([Total_Steam_To_Stripping_Column_EG1_actual]-[Total_Steam_To_Stripping_Column_EG1_optimum])*[LP_Steam_Cost_actual],1
3938,5561,([Total_Steam_To_Stripping_Column_EG2_actual]-[Total_Steam_To_Stripping_Column_EG2_optimum])*[LP_Steam_Cost_actual],1
3939,5562,([Total_Steam_To_Regenerator_EG1_actual]-[Total_Steam_To_Regenerator_EG1_optimum])*[LP_Steam_Cost_actual],1
3940,5563,([Total_Steam_To_Regenerator_EG2_actual]-[Total_Steam_To_Regenerator_EG2_optimum])*[LP_Steam_Cost_actual],1
3941,5564,([EG3_LP_to_E_6220_actual]-[EG3_LP_to_E_6220_optimum])*[LP_Steam_Cost_actual],1
3942,5565,"if([BOILER_A_FLUE_GAS_OXGYGEN]-[BOILER_A_FLUE_GAS_OXGYGEN_Adjusted]==0,0,1)",1
3943,5566,"if([BOILER_B_FLUE_GAS_OXGYGEN]-[BOILER_B_FLUE_GAS_OXGYGEN_Adjusted]==0,0,1)",1
3944,5567,"if([BOILER_C_FLUE_GAS_OXGYGEN]-[BOILER_C_FLUE_GAS_OXGYGEN_Adjusted]==0,0,1)",1
3945,5568,"if([BOILER_D_FLUE_GAS_OXGYGEN]-[BOILER_D_FLUE_GAS_OXGYGEN_Adjusted]==0,0,1)",1
3946,5569,"if([Boiler_5_O2]-[Boiler_5_O2_Adjusted]==0,0,1)",1
3947,5570,[AIR_COMPRESSOR_A_Vent_flow],1
3948,5571,[AIR_COMPRESSOR_B_Vent_flow],1
3949,5572,[AIR_COMPRESSOR_C_Vent_flow],1
3950,5573,[AIR_COMPRESSOR_D_Vent_flow],1
3951,5574,0,1
3952,5575,0,1
3953,5576,0,1
3954,5577,0,1
3955,5578,0,1
3956,5579,"if([BFW_B_Turb_Steam_raw]>100 && [BFW_B_Turb_Steam_raw]<8000 && [BFW_B_Turb_Status]==0,[BFW_B_Turb_Steam_raw]/1000,0)",1
3957,5580,"if([BFW_C_Turb_Steam_raw]>100 && [BFW_C_Turb_Steam_raw]<8000 && [BFW_C_Turb_Status]==0,[BFW_C_Turb_Steam_raw]/1000,0)",1
3958,5581,"if([BFW_E_Turb_Steam_raw]>100 && [BFW_E_Turb_Steam_raw]<8000 && [BFW_E_Turb_Status]==0,[BFW_E_Turb_Steam_raw]/1000,0)",1
3959,5582,"if([DMW_Turbine_A_Steam_raw]>100 && [DMW_Turbine_A_Steam_raw]<2500 && [DMW_Turbine_A_Status]==0,[DMW_Turbine_A_Steam_raw]/1000,0)",1
3960,5583,"if([DMW_Turbine_C_Steam_raw]>100 && [DMW_Turbine_C_Steam_raw]<2500 && [DMW_Turbine_C_Status]==0,[DMW_Turbine_C_Steam_raw]/1000,0)",1
3961,5584,"if([Air_Compressor_Turbine_A_Steam_raw]>100 && [Air_Compressor_Turbine_A_Steam_raw]<12500 && [Air_Compressor_Turbine_A_Status]==0,[Air_Compressor_Turbine_A_Steam_raw]/1000,0)",1
3962,5585,"if([Air_Compressor_Turbine_D_Steam_raw]>100 && [Air_Compressor_Turbine_D_Steam_raw]<12500 && [Air_Compressor_Turbine_D_Status]==0,[Air_Compressor_Turbine_D_Steam_raw]/1000,0)",1
3963,5586,"if([CW_Turbine_A_Steam_raw]>0.1 && [CW_Turbine_A_Steam_raw]<16 && [CW_Turbine_A_Status]==0,[CW_Turbine_A_Steam_raw],0)",1
3964,5587,"if([CW_Turbine_B_Steam_raw]>0.1 && [CW_Turbine_B_Steam_raw]<16 && [CW_Turbine_B_Status]==0,[CW_Turbine_B_Steam_raw],0)",1
3965,5588,"if([CW_Turbine_G_Steam_raw]>0.1 && [CW_Turbine_G_Steam_raw]<16 && [CW_Turbine_G_Status]==0,[CW_Turbine_G_Steam_raw],0)",1
3966,5589,"if([VHP_BFW_B_Turb_Steam_raw]>100 && [VHP_BFW_B_Turb_Steam_raw]<16000 && [VHP_BFW_B_Turb_Status]==0,[VHP_BFW_B_Turb_Steam_raw]/1000,0)",1
3967,5590,"if([VHP_BFW_C_Turb_Steam_raw]>100 && [VHP_BFW_C_Turb_Steam_raw]<16000 && [VHP_BFW_C_Turb_Status]==0,[VHP_BFW_C_Turb_Steam_raw]/1000,0)",1
3968,5591,"if([BLR_1_Status]==0,[FD_Fan_BLR_1_Steam_raw]/1000,0)",1
3969,5592,"if([BLR_2_Status]==0,[FD_Fan_BLR_2_Steam_raw]/1000,0)",1
3970,5593,"if([BLR_3_Status]==0,[FD_Fan_BLR_3_Steam_raw]/1000,0)",1
3971,5594,"if([BLR_4_Status]==0,[FD_Fan_BLR_4_Steam_raw]/1000,0)",1
3972,5595,"if([BLR_5_Status]==0,[FD_Fan_BLR_5_Steam_raw]/1000,0)",1
3973,5596,"if([BLR_1_Status]==0,[BLR_1_HPS_Gen],0)",1
3974,5597,"if([BLR_2_Status]==0,[BLR_2_HPS_Gen],0)",1
3975,5598,"if([BLR_3_Status]==0,[BLR_3_HPS_Gen],0)",1
3976,5599,"if([BLR_4_Status]==0,[BLR_4_HPS_Gen],0)",1
3977,5600,"if([BLR_5_Status]==0,[BLR_5_HPS_Gen],0)",1
3978,5601,[Eth_HP_to_LP_PC7026_Shaft_loss_in_KW]+[Eth_HP_to_LP_HC7262_Shaft_loss_in_KW],1
3979,5602,[Eth_Purge_PDC1154_Shaft_loss_in_KW]+[Eth_Purge_PDC1155_Shaft_loss_in_KW],1
3980,5603,[Eth_VHP_to_HP_PX7024A_Shaft_loss_in_KW]+[Eth_VHP_to_HP_PX7024B_Shaft_loss_in_KW],1
3981,5604,[UO_MP_to_LP_PV013A_Shaft_loss_in_KW]+[UO_MP_to_LP_PV013B_Shaft_loss_in_KW]+[UO_MP_to_LP_PV31_Shaft_loss_in_KW]+[UO_MP_to_LP_PV32_Shaft_loss_in_KW],1
3982,5605,[UO_HP_to_MP_007A_007B_Shaft_loss_in_KW]+[EG1_HP_to_MP_PC9209_Shaft_loss_in_KW]+[EG2_HP_to_MP_PC9209_Shaft_loss_in_KW]+[EG3_HP_to_MP_PC9207_Shaft_loss_in_KW]+[UO_MP_to_LP_PV013A_Shaft_loss_in_KW]+[UO_MP_to_LP_PV013B_Shaft_loss_in_KW]+[UO_MP_to_LP_PV31_Shaft_loss_in_KW]+[UO_MP_to_LP_PV32_Shaft_loss_in_KW]+[Eth_VHP_to_HP_PX7024A_Shaft_loss_in_KW]+[Eth_VHP_to_HP_PX7024B_Shaft_loss_in_KW]+[Eth_HP_to_LP_PC7026_Shaft_loss_in_KW]+[Eth_HP_to_LP_HC7262_Shaft_loss_in_KW]+[EG3_MP_to_LP_PV9206B_Shaft_loss_in_KW]+[Eth_LP_to_LLP_PC7029_Shaft_loss_in_KW]+[Eth_Purge_PDC1154_Shaft_loss_in_KW]+[Eth_Purge_PDC1155_Shaft_loss_in_KW],1
3983,5606,"if([Air_Compressor_Drives_Running]-if(([Total_Air_Demand_Adjusted]+ [Buffer_in_Air_Flow_Margin])>32,3,2)==0,1,0)",1
3984,63,[BLR_1_Status]+[BLR_2_Status]+[BLR_3_Status]+[BLR_4_Status]+[BLR_5_Status],1
3985,58,"if([BLR_1_HPS_Gen]>=50,1,0)",1
3986,59,"if([BLR_2_HPS_Gen]>=50,1,0)",1
3987,60,"if([BLR_3_HPS_Gen]>=50,1,0)",1
3988,61,"if([BLR_4_HPS_Gen]>=50,1,0)",1
3989,62,"if([BLR_5_HPS_Gen]>=50,1,0)",1
3990,5607,[BLR_1_HPS_Gen]*[FD_Fan_BLR_3_Steam_raw],0
3991,5609,([BFW_A_Motor_Power_actual]-[BFW_A_Motor_Power_optimum])*[Power_Emission_Factor_actual],1
3992,5610,([BFW_D_Motor_Power_actual]-[BFW_D_Motor_Power_optimum])*[Power_Emission_Factor_actual],1
3993,5611,([BFW_F_Motor_Power_actual]-[BFW_F_Motor_Power_optimum])*[Power_Emission_Factor_actual],1
3994,5612,([CW_Motor_C_Power_actual]-[CW_Motor_C_Power_optimum])*[Power_Emission_Factor_actual],1
3995,5613,([CW_Motor_D_Power_actual]-[CW_Motor_D_Power_optimum])*[Power_Emission_Factor_actual],1
3996,5614,([CW_Motor_E_Power_actual]-[CW_Motor_E_Power_optimum])*[Power_Emission_Factor_actual],1
3997,5615,([CW_Motor_F_Power_actual]-[CW_Motor_F_Power_optimum])*[Power_Emission_Factor_actual],1
3998,5616,([Air_Compressor_Motor_B_Power_actual]-[Air_Compressor_Motor_B_Power_optimum])*[Power_Emission_Factor_actual],1
3999,5617,([Air_Compressor_Motor_C_Power_actual]-[Air_Compressor_Motor_C_Power_optimum])*[Power_Emission_Factor_actual],1
4000,5618,([DMW_Motor_B_Power_actual]-[DMW_Motor_B_Power_optimum])*[Power_Emission_Factor_actual],1
4001,5619,([VHP_BFW_A_Motor_Power_actual]-[VHP_BFW_A_Motor_Power_optimum])*[Power_Emission_Factor_actual],1
4002,5620,[Boilers_Specific_Energy_Consumption_actual]/[LHV_actual]*([BFW_B_Turb_Steam_actual]-[BFW_B_Turb_Steam_optimum])*[Fuel_Emission_Factor_actual],1
4003,5621,[Boilers_Specific_Energy_Consumption_actual]/[LHV_actual]*([BFW_C_Turb_Steam_actual]-[BFW_C_Turb_Steam_optimum])*[Fuel_Emission_Factor_actual],1
4004,5622,[Boilers_Specific_Energy_Consumption_actual]/[LHV_actual]*([BFW_E_Turb_Steam_actual]-[BFW_E_Turb_Steam_optimum])*[Fuel_Emission_Factor_actual],1
4005,5623,[Boilers_Specific_Energy_Consumption_actual]/[LHV_actual]*([VHP_BFW_B_Turb_Steam_actual]-[VHP_BFW_B_Turb_Steam_optimum])*[Fuel_Emission_Factor_actual],1
4006,5624,[Boilers_Specific_Energy_Consumption_actual]/[LHV_actual]*([VHP_BFW_C_Turb_Steam_actual]-[VHP_BFW_C_Turb_Steam_optimum])*[Fuel_Emission_Factor_actual],1
4007,5625,[Boilers_Specific_Energy_Consumption_actual]/[LHV_actual]*([Air_Compressor_Turbine_A_Steam_actual]-[Air_Compressor_Turbine_A_Steam_optimum])*[Fuel_Emission_Factor_actual],1
4008,5626,[Boilers_Specific_Energy_Consumption_actual]/[LHV_actual]*([Air_Compressor_Turbine_D_Steam_actual]-[Air_Compressor_Turbine_D_Steam_optimum])*[Fuel_Emission_Factor_actual],1
4009,5627,[Boilers_Specific_Energy_Consumption_actual]/[LHV_actual]*([DMW_Turbine_A_Steam_actual]-[DMW_Turbine_A_Steam_optimum])*[Fuel_Emission_Factor_actual],1
4010,5628,[Boilers_Specific_Energy_Consumption_actual]/[LHV_actual]*([DMW_Turbine_C_Steam_actual]-[DMW_Turbine_C_Steam_optimum])*[Fuel_Emission_Factor_actual],1
4011,5629,[Boilers_Specific_Energy_Consumption_actual]/[LHV_actual]*([CW_Turbine_A_Steam_actual]-[CW_Turbine_A_Steam_optimum])*[Fuel_Emission_Factor_actual],1
4012,5630,[Boilers_Specific_Energy_Consumption_actual]/[LHV_actual]*([CW_Turbine_B_Steam_actual]-[CW_Turbine_B_Steam_optimum])*[Fuel_Emission_Factor_actual],1
4013,5631,[Boilers_Specific_Energy_Consumption_actual]/[LHV_actual]*([CW_Turbine_G_Steam_actual]-[CW_Turbine_G_Steam_optimum])*[Fuel_Emission_Factor_actual],1
4014,5632,"max([Air_compressor_A_Discharge_flow],[Air_compressor_B_Discharge_flow],[Air_compressor_D_Discharge_flow],17.309)",1
4015,5633,"max([Air_compressor_C_Discharge_flow],11.89)",1
4016,5634,[EOEG_1_LPS_Demand]*[LP_Steam_Enthalpy]*4.184/1000/[EG1_EOE],1
4017,5635,[EOEG_2_LPS_Demand]*[LP_Steam_Enthalpy]*4.184/1000/[EG2_EOE],1
4018,5636,[EOEG_3_LPS_Demand]*[LP_Steam_Enthalpy]*4.184/1000/[EG3_EOE],1
4019,5637,[ETH_LPS_Demand]*[LP_Steam_Enthalpy]*4.184/1000/[Total_Ethylene_Production_ETH_Plant],1
4020,5638,[EOEG_1_MPS_Demand]*[MP_Steam_Enthalpy]*4.184/1000/[EG1_EOE],1
4021,5639,[EOEG_2_MPS_Demand]*[MP_Steam_Enthalpy]*4.184/1000/[EG2_EOE],1
4022,5640,[EOEG_3_MPS_Demand]*[MP_Steam_Enthalpy]*4.184/1000/[EG3_EOE],1
4023,5641,[ETH_HPS_Demand]*[HP_Steam_Enthalpy]*4.184/1000/[Total_Ethylene_Production_ETH_Plant],1
4024,5642,[EG1_Recycle_Compressor_Power]/[EG1_EOE],1
4025,5643,[EG2_Recycle_Compressor_Power]/[EG2_EOE],1
4026,5644,[EG3_Recycle_Compressor_Power]/[EG3_EOE],1
4027,5645,([FUEL_GAS_From_UO_to_ETH]*[Eth_LHV]*4.184/1000)/[Total_Ethylene_Production_ETH_Plant],1
4028,5646,[Sp_Steam_LP_EG1]+[Sp_Steam_MP_EG1]+[Sp_elect_EG1],1
4029,5647,[Sp_Steam_LP_EG2]+[Sp_Steam_MP_EG2]+[Sp_elect_EG2],1
4030,5648,[Sp_Steam_LP_EG3]+[Sp_Steam_MP_EG3]+[Sp_elect_EG3],1
4031,5649,[Sp_Steam_LP_ETH]+[Sp_Steam_HP_ETH]+[Sp_Fuel_ETH],1
4032,5650,([LAO_LP_Steam_Demand] * [LP_Steam_Enthalpy] * 4.184/1000) + ([FUEL_GAS_From_UO_to_LAO_raw]/1000 * [LHV]) + ([Power_to_LAO] * 3.6)/([H3831_steam_flow]/1000),1
4033,5651,([Actual_Power_Consumption_5021]*[PK_5020_status]*3.6)+([K_5071_Actual_Power]*[PK_5070_status]*3.6)/([CO2_Sale_flow]/1000),1
4034,5653,"max(0,0.0103*[MP_to_Intermediate_Letdown_Valve_Opening_PV9206A_EG3]*[MP_to_Intermediate_Letdown_Valve_Opening_PV9206A_EG3] - 0.1252*[MP_to_Intermediate_Letdown_Valve_Opening_PV9206A_EG3])",1
4035,5654,[MP_to_Intermediate_Letdown_Valve_Flowout_PV9206A_EG3]*18.28,1
4036,1201,0.1,0
4037,5655,"if([Flag_CW_Stop]==1,if([CW_Drives_Running]==7,[CW_TO_UTILITIES_Ratio],[UO_Plant_Status]*[CW_TO_UTILITIES]),[CW_TO_UTILITIES])",1
4038,5656,"if([Flag_CW_Stop]==1,if([CW_Drives_Running]==7,[CW_TO_LAO_Ratio],[CW_TO_LAO]*[LAO_Plant_Status]),[CW_TO_LAO])",1
4039,5657,"if([Flag_CW_Stop]==1,if([CW_Drives_Running]==7,[CW_TO_EG1_Ratio],[CW_TO_EG1]*[EOEG1_Plant_Status]),[CW_TO_EG1])",1
4040,5658,"if([Flag_CW_Stop]==1,if([CW_Drives_Running]==7,[CW_TO_EG2_Ratio],[CW_TO_EG2]*[EOEG2_Plant_Status]),[CW_TO_EG2])",1
4041,5659,"if([Flag_CW_Stop]==1,if([CW_Drives_Running]==7,[CW_TO_ETH_Ratio],[CW_TO_ETH]*[ETH_Plant_Status]),[CW_TO_ETH])",1
4042,5660,"if([Flag_CW_Stop]==1,if([CW_Drives_Running]==7,[CW_TO_CO2_Ratio],[CW_TO_CO2]*[CO2_Plant_Status]),[CW_TO_CO2])",1
4043,5661,([CW_TO_UTILITIES]+[CW_TO_LAO]+[CW_TO_EG1]+[CW_TO_EG2]+[CW_TO_ETH]+[CW_TO_CO2]),1
4044,5662,([CW_TO_UTILITIES_Adjusted]+[CW_TO_LAO_Adjusted]+[CW_TO_EG1_Adjusted]+[CW_TO_EG2_Adjusted]+[CW_TO_ETH_Adjusted]+[CW_TO_CO2_Adjusted]),1
4045,5663,[total_cw_flow],1
4046,5665,[BOILER_A_CONDUCTIVITY]/[BFW_Conductivity],1
4047,5666,[BOILER_B_CONDUCTIVITY]/[BFW_Conductivity],1
4048,5667,[BOILER_C_CONDUCTIVITY]/[BFW_Conductivity],1
4049,5668,[BOILER_D_CONDUCTIVITY]/[BFW_Conductivity],1
4050,5669,[BOILER_E_CONDUCTIVITY]/[BFW_Conductivity],1
4051,5671,[New_CW_Flow]/[Total_CW_Demand]*[CW_TO_UTILITIES],1
4052,5672,[New_CW_Flow]/[Total_CW_Demand]*[CW_TO_LAO],1
4053,5673,[New_CW_Flow]/[Total_CW_Demand]*[CW_TO_EG1],1
4054,5674,[New_CW_Flow]/[Total_CW_Demand]*[CW_TO_EG2],1
4055,5675,[New_CW_Flow]/[Total_CW_Demand]*[CW_TO_ETH],1
4056,5676,[New_CW_Flow]/[Total_CW_Demand]*[CW_TO_CO2],1
4057,5677,"if(row_number()<2,[CW_TO_EG1_totalizer],lag(""CW_TO_EG1_totalizer"",1,REAL))",1
4058,5678,[CW_Circuit_1_cooling_duty]*3.6/4.18/10*1000,1
4059,5679,"if(([ETH_Plant_Status]==0||[EOEG1_Plant_Status]==0||[EOEG2_Plant_Status]==0||[CW_Drives_Running]==7)&&([Total_CW_Demand]-[New_CW_Flow]>12500),1,0)",1
4060,5680,[CW_TO_EG1_totalizer]-[CW_TO_EG1_totalizer_lag],1
4061,5681,([Deaerator_LPS_actual]-[Deaerator_LPS_optimum])*[LP_Steam_Cost_actual],1
4062,5682,"if((abs(([K_5071_Actual_Power_actual]-[K_5071_Actual_Power_optimum])*[Power_Rate_actual]*3.6))>0.5,abs(([K_5071_Actual_Power_actual]-[K_5071_Actual_Power_optimum])*[Power_Rate_actual]*3.6),0)",1
4063,5683,[Fuel_Rate_actual]*([BOILER_A_CBD_actual]-[BOILER_A_CBD_optimum])*0.00122*[BLR_1_Status_actual],1
4064,5684,[Fuel_Rate_actual]*([BOILER_B_CBD_actual]-[BOILER_B_CBD_optimum])*0.00122*[BLR_2_Status_actual],1
4065,5685,[Fuel_Rate_actual]*([BOILER_C_CBD_actual]-[BOILER_C_CBD_optimum])*0.00122*[BLR_3_Status_actual],1
4066,5686,[Fuel_Rate_actual]*([BOILER_D_CBD_actual]-[BOILER_D_CBD_optimum])*0.00122*[BLR_4_Status_actual],1
4067,5687,[Fuel_Rate_actual]*([BOILER_E_CBD_actual]-[BOILER_E_CBD_optimum])*0.00122*[BLR_5_Status_actual],1
4068,5724,"if([Sea_CT_Fan_8028]==1,1,0)",1
4069,5725,"if([Sea_CT_Fan_8029]==1,1,0)",1
4070,5726,"if([Sea_CT_Fan_8030]==1,1,0)",1
4071,5727,"if([Sea_CT_Fan_8031]==1,1,0)",1
4072,5728,"if([Sea_CT_Fan_8032]==1,1,0)",1
4073,5729,"if([Sea_CT_Fan_8033]==1,1,0)",1
4074,5730,"if([Sea_CT_Fan_8034]==1,1,0)",1
4075,5731,"if([Sea_CT_Fan_8035]==1,1,0)",1
4076,5732,"if([Sea_CT_Fan_8036]==1,1,0)",1
4077,5733,"if([Sea_CT_Fan_8037]==1,1,0)",1
4078,5734,"if([Sea_CT_Fan_8038]==1,1,0)",1
4079,5735,"if([Sea_CT_Fan_8039]==1,1,0)",1
4080,5736,"if([Sea_CT_Fan_8409]==1,1,0)",1
4081,5737,"if([Sea_CT_Fan_8410]==1,1,0)",1
4082,5738,"if([Sea_CT_Fan_8411]==1,1,0)",1
4083,5739,"if([Sea_CT_Fan_8412]==1,1,0)",1
4084,5740,"if([Sea_CT_Fan_8413]==1,1,0)",1
4085,5741,"if([Sea_CT_Fan_8414]==1,1,0)",1
4086,5742,"if([Sea_CT_Fan_8040]==1,1,0)",1
4087,5743,"if([Sea_CT_Fan_8041]==1,1,0)",1
4088,5744,"if([Sea_CT_Fan_8602]==1,1,0)",1
4089,5745,"if([Sea_CT_Fan_8604]==1,1,0)",1
4090,5746,"if([Sea_CT_Fan_8606]==1,1,0)",1
4091,5747,"if([Sea_CT_Fan_8608]==1,1,0)",1
4092,5748,"if([Sea_CT_Fan_8610]==1,1,0)",1
4093,5749,"if([Sea_CT_Fan_8612]==1,1,0)",1
4094,5750,"if([Sea_CT_Fan_8626]==1,1,0)",1
4095,5751,"if([Sea_CT_Fan_8627]==1,1,0)",1
4096,5752,"if([Sea_CT_Fan_8628]==1,1,0)",1
4097,5753,"if([Sea_CT_Fan_8629]==1,1,0)",1
4098,5754,"if([Sea_CT_Fan_8630]==1,1,0)",1
4099,5755,"if([Sea_CT_Fan_8631]==1,1,0)",1
4100,5756,"if([Sea_CT_Fan_8632]==1,1,0)",1
4101,5757,"if([Sea_CT_Fan_8633]==1,1,0)",1
4102,5758,"if([Sea_CT_Fan_8634]==1,1,0)",1
4103,5759,"if([Sea_CT_Fan_8635]==1,1,0)",1
4104,5760,[Sea_CT_Fan_8028_status]+[Sea_CT_Fan_8029_status]+[Sea_CT_Fan_8030_status]+[Sea_CT_Fan_8031_status]+[Sea_CT_Fan_8032_status]+[Sea_CT_Fan_8033_status]+[Sea_CT_Fan_8034_status]+[Sea_CT_Fan_8035_status]+[Sea_CT_Fan_8036_status]+[Sea_CT_Fan_8037_status]+[Sea_CT_Fan_8038_status]+[Sea_CT_Fan_8039_status],1
4105,5761,[Sea_CT_Fan_8409_status]+[Sea_CT_Fan_8410_status]+[Sea_CT_Fan_8411_status]+[Sea_CT_Fan_8412_status]+[Sea_CT_Fan_8413_status]+[Sea_CT_Fan_8414_status]+[Sea_CT_Fan_8040_status]+[Sea_CT_Fan_8041_status]+[Sea_CT_Fan_8602_status]+[Sea_CT_Fan_8604_status]+[Sea_CT_Fan_8606_status]+[Sea_CT_Fan_8608_status],1
4106,5762,[Sea_CT_Fan_8610_status]+[Sea_CT_Fan_8612_status]+[Sea_CT_Fan_8626_status]+[Sea_CT_Fan_8627_status]+[Sea_CT_Fan_8628_status]+[Sea_CT_Fan_8629_status]+[Sea_CT_Fan_8630_status]+[Sea_CT_Fan_8631_status]+[Sea_CT_Fan_8632_status]+[Sea_CT_Fan_8633_status]+[Sea_CT_Fan_8634_status]+[Sea_CT_Fan_8635_status],1
4107,5763,[Sea_CT_Fans_1_12]+[Sea_CT_Fans_13_24]+[Sea_CT_Fans_25_36],1
4108,5764,185,1
4109,5765,200,1
4110,5766,0.8,1
4111,5767,[Sea_CT_Fan_power]*1000*[Sea_CT_Fan_efficiency]/[Sea_CT_Fan_dp],1
4112,5768,([Boiler_B_Combustion_Air_Temperature]+[Boiler_C_Combustion_Air_Temperature])/2,1
4113,5769,[Sea_CT_amb_temp]-7,0
4114,5770,1.280222+([Sea_CT_amb_temp]*-0.00307)+([Sea_CT_Wet_bulb_temp]*-0.00219),1
4115,5771,[Sea_CT_Fan_air_flow]*[Sea_CT_air_density],1
4116,5772,1.2,1
4117,5773,[Sea_CT_Fan_air_flow_mass]*[Sea_CT_Fan_L_to_G_ratio],1
4118,5774,[Sea_CT_Fan_water_flow_mass]*3.6,1
4119,5775,[Sea_CT_Wet_bulb_temp]+5+2,1
4120,5776,([Sea_CT_amb_temp]*0.01482)+([Sea_CT_Wet_bulb_temp]*3.09298)-2.47414,1
4121,5777,([Sea_CT_air_out_temp]*0.01482)+([Sea_CT_Wet_bulb_temp]*3.09298)-2.47414,1
4122,5778,[Sea_water_PHE_to_CT_7801_temp]-([Sea_CT_Fan_air_flow_mass]*([Sea_CT_enthalpy_in]-[Sea_CT_enthalpy_out])/([Sea_CT_Fan_water_flow_mass]*4.184)),1
4123,5779,[Sea_CT_Fan_water_flow]*4.18*([Sea_water_PHE_to_CT_7801_temp]-[Sea_CT_water_out_temp]),1
4124,5780,[Total_plant_cooling_duty]*3.6,1
4125,5781,"min((round([Sea_CT_Total_heat_removal_required]/[Sea_CT_Fan_heat_removal],0)), round(0.0116 * [Sea_CT_Total_heat_removal_required] - 22.655,0))",1
4126,5782,"if([Sea_CT_Optimum_fan_required]>[Sea_CT_Fans_all],[Sea_CT_Fans_all],if(([Sea_CT_Fans_all]-[Sea_CT_Optimum_fan_required])>2,([Sea_CT_Fans_all]-2),([Sea_CT_Fans_all]-[Sea_CT_Optimum_fan_required])))",1
4127,5783,"if(([Sea_CT_Fans_all]-[Sea_CT_Optimum_fan_1])==1,[Sea_CT_Optimum_fan_1]-1,if(([Sea_CT_Fans_all]-[Sea_CT_Optimum_fan_1])==3,[Sea_CT_Optimum_fan_1]-1,[Sea_CT_Optimum_fan_1]))",1
4128,5784,([Sea_CT_Fans_all_actual]-[Sea_CT_Fans_all_optimum])*[Sea_CT_Fan_power_actual]*3.6*[Power_Rate_actual]/1000,1
4129,5785,"min([Energy_GJ_E_4523],if([Process_flow_of_E_4523]==0,0,([EG2_LP_to_E_4523_Adjusted]*[E_4523_Status]*([EG2_LP_steam_saturated_vapor_enthalpy]-[EG2_LP_steam_condensate_enthalpy])/1000)))",1
4130,5786,"min([Energy_GJ_E_2523],if([Process_flow_of_E_2523]==0,0,([EG1_LP_to_E_2523_Adjusted]*[E_2523_Status]*([LP_steam_saturated_vapor_enthalpy]-[LP_steam_condensate_enthalpy])/1000)))",1
4131,5787,"min([Energy_GJ_E_2531],if([Process_flow_of_E_2523]==0,0,([EG1_MP_to_E_2531_Adjusted]*[E_2531_Status]*([MP_steam_saturated_vapor_enthalpy]-[MP_steam_condensate_enthalpy])/1000)))",1
4132,5788,"min([Energy_GJ_E_2610],if([Process_flow_of_E_2610]==0,0,([EG1_MP_to_E_2610_Adjusted]*[E_2610_Status]*([MP_steam_saturated_vapor_enthalpy]-[MP_steam_condensate_enthalpy])/1000)))",1
4133,5789,"min([Energy_GJ_E_2620],if([Process_flow_of_E_2620]==0,0,([EG1_MP_to_E_2620_Adjusted]*[E_2620_Status]*([MP_steam_saturated_vapor_enthalpy]-[MP_steam_condensate_enthalpy])/1000)))",1
4134,5790,"min([Energy_GJ_E_4531],if([Process_flow_of_E_4523]==0,0,([EG2_MP_to_E_4531_Adjusted]*[E_4531_Status]*([EG2_MP_steam_saturated_vapor_enthalpy]-[EG2_MP_steam_condensate_enthalpy])/1000)))",1
4135,5791,"min([Energy_GJ_E_4610],if([Process_flow_of_E_4610]==0,0,([EG2_MP_to_E_4610_Adjusted]*[E_4610_Status]*([EG2_MP_steam_saturated_vapor_enthalpy]-[EG2_MP_steam_condensate_enthalpy])/1000)))",1
4136,5792,"min([Energy_GJ_E_4620],if([Process_flow_of_E_4620]==0,0,([EG2_MP_to_E_4620_Adjusted]*[E_4620_Status]*([EG2_MP_steam_saturated_vapor_enthalpy]-[EG2_MP_steam_condensate_enthalpy])/1000)))",1
4137,5793,"min([Energy_GJ_E_6531],if([Process_flow_of_E_6531]==0,0,([EG3_MP_to_E_6531_Adjusted]*[E_6531_Status]*([EG3_MP_steam_saturated_vapor_enthalpy]-[EG3_MP_steam_condensate_enthalpy])/1000)))",1
4138,5794,"min([Energy_GJ_E_6620],if([Process_flow_of_E_6531]==0,0,([EG3_MP_to_E_6620_Adjusted]*[E_6620_Status]*([EG3_MP_steam_saturated_vapor_enthalpy]-[EG3_MP_steam_condensate_enthalpy])/1000)))",1
4139,5795,"min([Energy_GJ_E_1102],if([Process_flow_of_E_1102]==0,0,([Ethane_feed_saturator_inlet_steam_flow_Adjusted]*[E_1102_Status]*([Eth_LP_steam_saturated_vapor_enthalpy]-[Eth_LP_steam_condensate_enthalpy]))/1000))",1
4140,5796,"min([Energy_GJ_C_2310_to_E_2310],if([Process_flow_of_E_2523]==0,0,([EG1_Stripping_status]*([EG1_LP_to_C_2310_Adjusted]+[EG1_LP_to_E_2310_Adjusted])*([LP_steam_saturated_vapor_enthalpy]-[LP_steam_condensate_enthalpy])/1000)))",1
4141,5797,"min([Energy_GJ_C_4310_to_E_4310],if([Process_flow_of_E_4523]==0,0,(([EG2_LP_to_C_4310_Adjusted]+[EG2_LP_to_E_4310_Adjusted])*([EG2_LP_steam_saturated_vapor_enthalpy]-[EG2_LP_steam_condensate_enthalpy])*[EG2_Stripping_status]/1000)))",1
4142,5798,"min([Energy_GJ_C_2220_to_E_2220],if([Process_flow_of_C_2220_E_2220]==0,0,(([EG1_LP_to_E_2220_Adjusted]+[EG1_LP_to_C_2220_Adjusted])*([LP_steam_saturated_vapor_enthalpy]-[LP_steam_condensate_enthalpy])*[EG1_Regen_status]/1000)))",1
4143,5799,"min([Energy_GJ_C_4220_to_E_4220],if([Process_flow_of_C_4220_E_4220]==0,0,(([EG2_LP_to_E_4220_Adjusted]+[EG2_LP_to_C_4220_Adjusted])*([EG2_LP_steam_saturated_vapor_enthalpy]-[EG2_LP_steam_condensate_enthalpy])*[EG2_Regen_status]/1000)))",1
4144,5800,"min([Energy_GJ_E_6220],if([Process_flow_of_E_6220]==0,0,([EG3_LP_to_E_6220_Adjusted]*([EG3_LP_steam_saturated_vapor_enthalpy]-[EG3_LP_steam_condensate_enthalpy])*[EG3_Regen_status]/1000)))",1
4145,5801,"min([Energy_GJ_C2R],if([Total_ethylene_product_flow_calculated]==0,0,([ETH_Plant_Status]*[Total_ethylene_product_flow_calculated]*3.6*[Specific_energy_consumption_in_C2R_Adjusted])))",1
4146,5802,"min([Energy_GJ_C3R],if([Total_ethylene_product_flow_calculated]==0,0,([ETH_Plant_Status]*[Total_ethylene_product_flow_calculated]*3.6*[Specific_energy_consumption_in_C3R_Adjusted])))",1
4147,5803,"min(4,[LAO_oxygen])",1
4148,5805,((28.96*[LAO_oxygen])*(([Boiler_A_N2_Formed]/28.01)+([Boiler_A_Corrected_Combution_H2O_Formed]/18.015)+([Boiler_A_Co2_Formed]/44.01))/(20.95-[LAO_oxygen])),1
4149,5806,[LAO_Excess_Air]+[Boiler_A_Corrected_Combustion_Air],1
4150,5807,[LAO_Air_Fuel_Mass_Ratio]*[Boiler_A_Air_Moisture],1
4151,5808,[LAO_Total_Moisture_With_Air]+[Boiler_A_H2O_Formed],1
4152,5809,[LAO_Excess_Air]*(1-[Boiler_A_Air_Moisture])+[Boiler_A_N2_Formed]+[Boiler_A_Co2_Formed],1
4153,5810,[LAO_Dry_Flue_Gas_Per_Fuel_Mass_Ratio]+[LAO_Total_H2O_Per_Kg_Of_Fuel],1
4154,5811,[LAO_Flue_Gas_Per_Fuel_Mass_Ratio]/([Boiler_A_Co2_Formed]/44.01+[LAO_Total_H2O_Per_Kg_Of_Fuel]/18.015+[Boiler_A_N2_Formed]/28.01+[LAO_Excess_Air]/28.96),1
4155,5812,(((28.98641)+1.85398*(([LAO_STACK_TEMPERATURE]+273.15)/1000)-9.647459*(([LAO_STACK_TEMPERATURE]+273.15)/1000)^2+16.63537*(([LAO_STACK_TEMPERATURE]+273.15)/1000)^3+(0.000117/(([LAO_STACK_TEMPERATURE]+273.15)/1000)^2))*0.239*0.79)+(((31.32234)-20.23531*(([LAO_STACK_TEMPERATURE]+273.15)/1000)+57.86644*(([LAO_STACK_TEMPERATURE]+273.15)/1000)^2-36.50624*(([LAO_STACK_TEMPERATURE]+273.15)/1000)^3+(-0.007374/(([LAO_STACK_TEMPERATURE]+273.15)/1000)^2))*0.239*0.21),1
4156,5813,((24.99735)+55.18696*(([LAO_STACK_TEMPERATURE]+273.15)/1000)-33.69137*(([LAO_STACK_TEMPERATURE]+273.15)/1000)^2+7.948387*(([LAO_STACK_TEMPERATURE]+273.15)/1000)^3+(-0.136638/(([LAO_STACK_TEMPERATURE]+273.15)/1000)^2))*0.239,1
4157,5814,((28.98641)+1.85398*(([LAO_STACK_TEMPERATURE]+273.15)/1000)-9.647459*(([LAO_STACK_TEMPERATURE]+273.15)/1000)^2+16.63537*(([LAO_STACK_TEMPERATURE]+273.15)/1000)^3+(0.000117/(([LAO_STACK_TEMPERATURE]+273.15)/1000)^2))*0.239,1
4158,5815,([LAO_Cp_Flue_Gas_Co2_At_Stack_Temp]*[Boiler_A_Co2_Formed]/44.01+[LAO_Cp_Flue_Gas_N2_At_Stack_Temp]*[Boiler_A_N2_Formed]/28.01+[LAO_Excess_Air]/28.85*[LAO_Cp_Of_Air_At_Stack_Temp])/([LAO_Flue_Gas_Per_Fuel_Mass_Ratio]/[LAO_Flue_Gas_Mw])/[LAO_Flue_Gas_Mw],1
4159,5816,(8.22+0.00015*([LAO_STACK_TEMPERATURE]+273.15)+0.00000134*(([LAO_STACK_TEMPERATURE]+273.15)^2))/18.015,1
4160,5817,[Boiler_A_Air_Cp_For_Sensible_Heat_Corrected]*([Boiler_A_Combustion_Air_Temperature]-15.6)*[LAO_Air_Fuel_Mass_Ratio],1
4161,5818,"if([LAO_Plant_Status]==0,0,[Boiler_A_Sensible_Heat_Correction_For_Fuel]+[LAO_Sensbile_Heat_Correction_For_Air]+[Boiler_A_Mixed_Lhv_Per_Kg])",1
4162,5819,"if([LAO_Plant_Status]==0,0,[LAO_Dry_Flue_Gas_Per_Fuel_Mass_Ratio]*([LAO_Avg_Cp_Of_Flue_Gas_At_Stack_Temp]*([LAO_STACK_TEMPERATURE]-15.6)))",1
4163,5820,"if([LAO_Plant_Status]==0,0,9*[Boiler_A_Fg_Hydrogen_Mass_Fraction]*(584+[LAO_Cp_Of_H2O_At_Stack_Temp]*([LAO_STACK_TEMPERATURE]-[Ambient_Temperature_1])))",1
4164,5821,"if([LAO_Plant_Status]==0,0,[LAO_Total_H2O_Per_Kg_Of_Fuel]*([LAO_STACK_TEMPERATURE]*1.77251246754294+2494.5133413964-2529.43)/4.184)",1
4165,5822,"if([LAO_Plant_Status]==0,0,[Boiler_A_Heat_Loss_Due_To_Incomplete_Combustionl4]+[LAO_Heat_Loss_Due_To_H2O_In_Stack_L3]+[LAO_Heat_Loss_Due_To_Dry_Flue_Gas_L1]+[LAO_Heat_Loss_Due_To_Evaporation_Of_Water_Formed_Due_To_H2_In_Fuel_L2])",1
4166,5823,"if([LAO_Plant_Status]==0,0,[Boiler_A_Mixed_Lhv_Per_Kg]*1.5/100)",1
4167,5824,"if([LAO_Plant_Status]==0,0,[LAO_Total_Boiler_Stack_Loss_Per_Kg_Fuel]+[LAO_Radiation_Losses])",1
4168,5825,"if([LAO_Plant_Status]==0,0,[LAO_Total_Heat_Input_Per_Kg_Of_Fuel]-[LAO_Total_Heat_Loss_Per_Kg_Of_Fuel])",1
4169,5826,"if([LAO_Plant_Status]==0,0,[LAO_Total_Heat_Absorbed_Per_Kg_Of_Fuel]/[LAO_Total_Heat_Input_Per_Kg_Of_Fuel]*100)",1
4170,5828,[Dumping_condensate_temp]*4.184,1
4171,5829,1.002,1
4172,5830,10,1
4173,5831,80,1
4174,5832,[LP_Steam_Dumping_Valve_PC0024A_Steam_flow_out_UO]*([LP_Steam_Enthalpy]*4.184-[Dump_Condensate_Enthalpy])/3600,1
4175,5833,[Heat_Energy_dumping]*1000/([Dump_Air_CP]*[Dump_Air_Delta]*[Air_density]),1
4176,5834,[Dump_Required_Air_Flow]*150/[Dump_cooler_efficiency]/1000/1000,1
4177,5835,[Dump_Cooler_Power]*3.6*13.34*0+470/1000*48,1
4178,5836,[Benefit_Switching_off_all_fans_dump_cooler]/6,1
4179,5838,((([CW_Closed_circuit_pumping_cost]+[CW_Closed_circuit_chem_cost])*[Total_CW_Demand_including_EG3])/1000+([Sea_water_cost]+[Sea_water_pump_cost]))*1000/[Total_CW_Demand_including_EG3],1
4180,5837,1,1
4181,5839,0,1
4182,5840,[Dump_Cooler_Fans_Running]*3.76,1
4183,5843,"if([BLR_1_Status]==0,0,[Fuel_BLR_1]-min([Fuel_BLR_1],[Fuel_BLR_1]*([act_Boiler_A_Boiler_Indirect_Efficiency]/[Boiler_A_Boiler_Indirect_Efficiency])))",1
4184,5844,"if([BLR_2_Status]==0,0,[Fuel_BLR_2]-min([Fuel_BLR_2],[Fuel_BLR_2]*([act_Boiler_B_Boiler_Indirect_Efficiency]/[Boiler_B_Boiler_Indirect_Efficiency])))",1
4185,5845,"if([BLR_3_Status]==0,0,[Fuel_BLR_3]-min([Fuel_BLR_3],[Fuel_BLR_3]*([act_Boiler_C_Boiler_Indirect_Efficiency]/[Boiler_C_Boiler_Indirect_Efficiency])))",1
4186,5846,"if([BLR_4_Status]==0,0,[Fuel_BLR_4]-min([Fuel_BLR_4],[Fuel_BLR_4]*([act_Boiler_D_Boiler_Indirect_Efficiency]/[Boiler_D_Boiler_Indirect_Efficiency])))",1
4187,5847,"if([BLR_5_Status]==0,0,[Fuel_BLR_5]-min([Fuel_BLR_5],[Fuel_BLR_5]*([act_Boiler_E_Boiler_Indirect_Efficiency]/[Boiler_E_Boiler_Indirect_Efficiency])))",1
4188,5841,0,1
4189,5842,([BLR_Fuel_saving_potential_switch])*([Fuel_BLR_1_excess_o2_correction]+[Fuel_BLR_2_excess_o2_correction]+[Fuel_BLR_3_excess_o2_correction]+[Fuel_BLR_4_excess_o2_correction]+[Fuel_BLR_5_excess_o2_correction]+[Fuel_wrt_CBD_Saving]),1
4190,5848,((28.96*[LAO_oxygen_Adjusted])*(([Boiler_A_N2_Formed]/28.01)+([Boiler_A_Corrected_Combution_H2O_Formed]/18.015)+([Boiler_A_Co2_Formed]/44.01))/(20.95-[LAO_oxygen_Adjusted])),1
4191,5849,[LAO_Excess_Air_Adjusted]+[Boiler_A_Corrected_Combustion_Air],1
4192,5850,[LAO_Air_Fuel_Mass_Ratio_Adjusted]*[Boiler_A_Air_Moisture],1
4193,5851,[LAO_Total_Moisture_With_Air_Adjusted]+[Boiler_A_H2O_Formed],1
4194,5852,[LAO_Excess_Air_Adjusted]*(1-[Boiler_A_Air_Moisture])+[Boiler_A_N2_Formed]+[Boiler_A_Co2_Formed],1
4195,5853,[LAO_Dry_Flue_Gas_Per_Fuel_Mass_Ratio_Adjusted]+[LAO_Total_H2O_Per_Kg_Of_Fuel_Adjusted],1
4196,5854,[LAO_Flue_Gas_Per_Fuel_Mass_Ratio_Adjusted]/([Boiler_A_Co2_Formed]/44.01+[LAO_Total_H2O_Per_Kg_Of_Fuel_Adjusted]/18.015+[Boiler_A_N2_Formed]/28.01+[LAO_Excess_Air_Adjusted]/28.96),1
4197,5855,(((28.98641)+1.85398*(([LAO_STACK_TEMPERATURE]+273.15)/1000)-9.647459*(([LAO_STACK_TEMPERATURE]+273.15)/1000)^2+16.63537*(([LAO_STACK_TEMPERATURE]+273.15)/1000)^3+(0.000117/(([LAO_STACK_TEMPERATURE]+273.15)/1000)^2))*0.239*0.79)+(((31.32234)-20.23531*(([LAO_STACK_TEMPERATURE]+273.15)/1000)+57.86644*(([LAO_STACK_TEMPERATURE]+273.15)/1000)^2-36.50624*(([LAO_STACK_TEMPERATURE]+273.15)/1000)^3+(-0.007374/(([LAO_STACK_TEMPERATURE]+273.15)/1000)^2))*0.239*0.21),1
4198,5856,((24.99735)+55.18696*(([LAO_STACK_TEMPERATURE]+273.15)/1000)-33.69137*(([LAO_STACK_TEMPERATURE]+273.15)/1000)^2+7.948387*(([LAO_STACK_TEMPERATURE]+273.15)/1000)^3+(-0.136638/(([LAO_STACK_TEMPERATURE]+273.15)/1000)^2))*0.239,1
4199,5857,((28.98641)+1.85398*(([LAO_STACK_TEMPERATURE]+273.15)/1000)-9.647459*(([LAO_STACK_TEMPERATURE]+273.15)/1000)^2+16.63537*(([LAO_STACK_TEMPERATURE]+273.15)/1000)^3+(0.000117/(([LAO_STACK_TEMPERATURE]+273.15)/1000)^2))*0.239,1
4200,5858,([LAO_Cp_Flue_Gas_Co2_At_Stack_Temp_Adjusted]*[Boiler_A_Co2_Formed]/44.01+[LAO_Cp_Flue_Gas_N2_At_Stack_Temp_Adjusted]*[Boiler_A_N2_Formed]/28.01+[LAO_Excess_Air_Adjusted]/28.85*[LAO_Cp_Of_Air_At_Stack_Temp_Adjusted])/([LAO_Flue_Gas_Per_Fuel_Mass_Ratio_Adjusted]/[LAO_Flue_Gas_Mw_Adjusted])/[LAO_Flue_Gas_Mw_Adjusted],1
4201,5859,(8.22+0.00015*([LAO_STACK_TEMPERATURE]+273.15)+0.00000134*(([LAO_STACK_TEMPERATURE]+273.15)^2))/18.015,1
4202,5860,[Boiler_A_Air_Cp_For_Sensible_Heat_Corrected]*([Boiler_A_Combustion_Air_Temperature]-15.6)*[LAO_Air_Fuel_Mass_Ratio_Adjusted],1
4203,5861,"if([LAO_Plant_Status]==0,0,[Boiler_A_Sensible_Heat_Correction_For_Fuel]+[LAO_Sensbile_Heat_Correction_For_Air_Adjusted]+[Boiler_A_Mixed_Lhv_Per_Kg])",1
4204,5862,"if([LAO_Plant_Status]==0,0,[LAO_Dry_Flue_Gas_Per_Fuel_Mass_Ratio_Adjusted]*([LAO_Avg_Cp_Of_Flue_Gas_At_Stack_Temp_Adjusted]*([LAO_STACK_TEMPERATURE]-15.6)))",1
4205,5863,"if([LAO_Plant_Status]==0,0,9*[Boiler_A_Fg_Hydrogen_Mass_Fraction]*(584+[LAO_Cp_Of_H2O_At_Stack_Temp_Adjusted]*([LAO_STACK_TEMPERATURE]-[Ambient_Temperature_1])))",1
4206,5864,"if([LAO_Plant_Status]==0,0,[LAO_Total_H2O_Per_Kg_Of_Fuel_Adjusted]*([LAO_STACK_TEMPERATURE]*1.77251246754294+2494.5133413964-2529.43)/4.184)",1
4207,5865,"if([LAO_Plant_Status]==0,0,[Boiler_A_Heat_Loss_Due_To_Incomplete_Combustionl4]+[LAO_Heat_Loss_Due_To_H2O_In_Stack_L3_Adjusted]+[LAO_Heat_Loss_Due_To_Dry_Flue_Gas_L1_Adjusted]+[LAO_Heat_Loss_Due_To_Evaporation_Of_Water_Formed_Due_To_H2_In_Fuel_L2_Adjusted])",1
4208,5866,"if([LAO_Plant_Status]==0,0,[Boiler_A_Mixed_Lhv_Per_Kg]*1.5/100)",1
4209,5867,"if([LAO_Plant_Status]==0,0,[LAO_Total_Boiler_Stack_Loss_Per_Kg_Fuel_Adjusted]+[LAO_Radiation_Losses_Adjusted])",1
4210,5868,"if([LAO_Plant_Status]==0,0,[LAO_Total_Heat_Input_Per_Kg_Of_Fuel_Adjusted]-[LAO_Total_Heat_Loss_Per_Kg_Of_Fuel_Adjusted])",1
4211,5869,"if([LAO_Plant_Status]==0,0,[LAO_Total_Heat_Absorbed_Per_Kg_Of_Fuel_Adjusted]/[LAO_Total_Heat_Input_Per_Kg_Of_Fuel_Adjusted]*100)",1
4212,5882,"if([Process_flow_of_E_2523]==0,0,([EG1_Stripping_status]*[EG1_LP_to_E_2310]*([LP_steam_saturated_vapor_enthalpy]-[LP_steam_condensate_enthalpy])/1000))",1
4213,5883,"if([Process_flow_of_E_4523]==0,0,([EG2_LP_to_E_4310]*([EG2_LP_steam_saturated_vapor_enthalpy]-[EG2_LP_steam_condensate_enthalpy])*[EG2_Stripping_status]/1000))",1
4214,5884,"if([Process_flow_of_C_2220_E_2220]==0,0,([EG1_LP_to_E_2220]*([LP_steam_saturated_vapor_enthalpy]-[LP_steam_condensate_enthalpy])*[EG1_Regen_status]/1000))",1
4215,5885,"if([Process_flow_of_C_4220_E_4220]==0,0,([EG2_LP_to_E_4220]*([EG2_LP_steam_saturated_vapor_enthalpy]-[EG2_LP_steam_condensate_enthalpy])*[EG2_Regen_status]/1000))",1
4216,5886,[EG1_LP_desuperheated_temp]-[Glycol_Reactor_R_2520_Inlet],1
4217,5887,[EG2_LP_desuperheated_temp]-[Glycol_Reactor_R_4520_Inlet],1
4218,5888,[EG1_LP_desuperheated_temp]-[E2523_inlet_EG1],1
4219,5889,[EG2_LP_desuperheated_temp]-[E4523_inlet_EG2],1
4220,5890,([E2523_PRO_DELTA_EG1]-[E2523_Steam_DELTA_EG1])/ln([E2523_PRO_DELTA_EG1]/[E2523_Steam_DELTA_EG1]),1
4221,5891,([E4523_PRO_DELTA_EG2]-[E4523_Steam_DELTA_EG2])/ln([E4523_PRO_DELTA_EG2]/[E4523_Steam_DELTA_EG2]),1
4222,5895,[Energy_GJ_E_2523]*(1000*1000/3600)/[E2523_inlet_LMTD],1
4223,5896,[Energy_GJ_E_2531]*(1000*1000/3600)/([EG1_MP_desuperheated_temp]-[E_2531_column_bottom]),1
4224,5897,[Energy_GJ_E_2610]*(1000*1000/3600)/([EG1_MP_desuperheated_temp]-[E_2610_column_bottom]),1
4225,5898,[Energy_GJ_E_2620]*(1000*1000/3600)/([EG1_MP_desuperheated_temp]-[E_2620_column_bottom]),1
4226,5899,[Energy_GJ_E_4523]*(1000*1000/3600)/[E4523_inlet_LMTD],1
4227,5900,[Energy_GJ_E_4531]*(1000*1000/3600)/([EG2_MP_desuperheated_temp]-[E_4531_column_bottom]),1
4228,5901,[Energy_GJ_E_4610]*(1000*1000/3600)/([EG2_MP_desuperheated_temp]-[E_4610_column_bottom]),1
4229,5902,[Energy_GJ_E_4620]*(1000*1000/3600)/([EG2_MP_desuperheated_temp]-[E_4620_column_bottom]),1
4230,5903,[Energy_GJ_E_6531]*(1000*1000/3600)/([EG3_MP_desuperheated_temp]-[E_6531_column_bottom]),1
4231,5904,[Energy_GJ_E_6620]*(1000*1000/3600)/([EG3_MP_desuperheated_temp]-[E_6620_column_bottom]),1
4232,5905,[Energy_E_2310]*(1000*1000/3600)/([EG1_LP_desuperheated_temp]-[E_2310_column_bottom]),1
4233,5906,[Energy_E_4310]*(1000*1000/3600)/([EG2_LP_desuperheated_temp]-[E_4310_column_bottom]),1
4234,5907,[Energy_E_2220]*(1000*1000/3600)/([EG1_LP_desuperheated_temp]-[Regenerator_C_2220_Bottom_Temp]),1
4235,5908,[Energy_E_4220]*(1000*1000/3600)/([EG2_LP_desuperheated_temp]-[Regenerator_C_4220_Bottom_Temp]),1
4236,5909,[Energy_GJ_E_6220]*(1000*1000/3600)/([EG3_LP_desuperheated_temp]-[Regenerator_C_6220_Bottom_Temp]),1
4237,5910,"min(max((36.99/[EG1_LP_to_E_2523])^0.8,0),2)",1
4238,5911,"min(max((113.3/[EG1_MP_to_E_2531])^0.8,0),2)",1
4239,5912,"min(max((41.75/[EG1_MP_to_E_2610])^0.8,0),2)",1
4240,5913,"min(max((54.06/[EG1_MP_to_E_2620])^0.8,0),2)",1
4241,5914,"min(max((36.99/[EG2_LP_to_E_4523])^0.8,0),2)",1
4242,5915,"min(max((113.3/[EG2_MP_to_E_4531])^0.8,0),2)",1
4243,5916,"min(max((41.75/[EG2_MP_to_E_4610])^0.8,0),2)",1
4244,5917,"min(max((54.06/[EG2_MP_to_E_4620])^0.8,0),2)",1
4245,5918,"min(max((102.62/[EG3_MP_to_E_6531])^0.8,0),2)",1
4246,5919,"min(max((55.38/[EG3_MP_to_E_6620])^0.8,0),2)",1
4247,5920,"min(max((22.7/[EG1_LP_to_E_2310])^0.8,0),2)",1
4248,5921,"min(max((22.7/[EG2_LP_to_E_4310])^0.8,0),2)",1
4249,5922,"min(max((54.7/[EG1_LP_to_E_2220])^0.8,0),2)",1
4250,5923,"min(max((54.7/[EG2_LP_to_E_4220])^0.8,0),2)",1
4251,5924,"min(max((22/[EG3_LP_to_E_6220])^0.8,0),2)",1
4252,5925,[UA_E_2523]*[UA_E_2523_factor],1
4253,5926,[UA_E_2531]*[UA_E_2531_factor],1
4254,5927,[UA_E_2610]*[UA_E_2610_factor],1
4255,5928,[UA_E_2620]*[UA_E_2620_factor],1
4256,5929,[UA_E_4523]*[UA_E_4523_factor],1
4257,5930,[UA_E_4531]*[UA_E_4531_factor],1
4258,5931,[UA_E_4610]*[UA_E_4610_factor],1
4259,5932,[UA_E_4620]*[UA_E_4620_factor],1
4260,5933,[UA_E_6531]*[UA_E_6531_factor],1
4261,5934,[UA_E_6620]*[UA_E_6620_factor],1
4262,5935,[UA_E_2310]*[UA_E_2310_factor],1
4263,5936,[UA_E_4310]*[UA_E_4310_factor],1
4264,5937,[UA_E_2220]*[UA_E_2220_factor],1
4265,5938,[UA_E_4220]*[UA_E_4220_factor],1
4266,5939,[UA_E_6220]*[UA_E_6220_factor],1
