what_if_energy_optimization_output_id,scenario_id,model_tag_id,optimum,actual,polarity,data_timestamp
1001,31,22,158.647412582619,149.42922462972,NULL,2025-09-08 01:00:00.000
1002,31,23,136.291118991048,133.069687067456,NULL,2025-09-08 01:00:00.000
1003,31,177,189.990678879592,192.347990811666,NULL,2025-09-08 01:00:00.000
1004,31,199,6,5.25833705088298,0,2025-09-08 01:00:00.000
1005,31,426,200,200,NULL,2025-09-08 01:00:00.000
1006,31,1213,51.23,50.6122505859375,NULL,2025-09-08 01:00:00.000
1007,31,2917,22513.9611609252,22601.5825883911,1,2025-09-08 01:00:00.000
1008,31,2920,1800,1800,NULL,2025-09-08 01:00:00.000
1009,31,155,19484.1542473958,19509.4500421549,NULL,2025-09-08 01:00:00.000
1010,31,156,19484.1542473958,19509.4500421549,0,2025-09-08 01:00:00.000
1011,31,153,34664.4069688585,34867.4703241645,0,2025-09-08 01:00:00.000
1012,31,154,3486.52886197916,3368.99871223958,0,2025-09-08 01:00:00.000
1013,31,152,1658.6729206302,1660.92055486111,NULL,2025-09-08 01:00:00.000
1014,31,2415,0,0,NULL,2025-09-08 01:00:00.000
1015,31,220,1.96,1.95733333333333,NULL,2025-09-08 01:00:00.000
1016,31,2645,83.42,83.4288197716395,NULL,2025-09-08 01:00:00.000
1017,31,221,52.01,51.8669864967929,NULL,2025-09-08 01:00:00.000
1018,31,2646,86.68,87.6946181955446,NULL,2025-09-08 01:00:00.000
1019,31,222,58.15,56.1622193695153,NULL,2025-09-08 01:00:00.000
1020,31,2647,89.41,89.3862860708274,NULL,2025-09-08 01:00:00.000
1021,31,223,74.5,74.3499850535767,NULL,2025-09-08 01:00:00.000
1022,31,12,0,0,0,2025-09-08 01:00:00.000
1023,31,19,56.2705491191211,58.858109223956,1,2025-09-08 01:00:00.000
1024,31,15,49.6659858438757,50.3854414788367,1,2025-09-08 01:00:00.000
1025,31,13,0,0,0,2025-09-08 01:00:00.000
1026,31,20,35.2627476124986,28.6728923972448,0,2025-09-08 01:00:00.000
1027,31,16,58.6993380414302,83.2210490265952,1,2025-09-08 01:00:00.000
1028,31,14,0,0,0,2025-09-08 01:00:00.000
1029,31,21,28.2589086631606,29.8371381666925,1,2025-09-08 01:00:00.000
1030,31,17,22.4644912578006,22.2630099352201,0,2025-09-08 01:00:00.000
1031,31,2490,46.6691045130427,58.8906185950173,NULL,2025-09-08 01:00:00.000
1032,31,18,40.3188297362084,41.4277026557922,1,2025-09-08 01:00:00.000
1033,31,374,12.3106636511505,12.746,1,2025-09-08 01:00:00.000
1034,31,411,3.085,3.099,1,2025-09-08 01:00:00.000
1035,31,219,2.04,2.04,NULL,2025-09-08 01:00:00.000
1036,31,1212,12.96,13.2816888315837,NULL,2025-09-08 01:00:00.000
1037,31,2638,1,0.641156568527222,NULL,2025-09-08 01:00:00.000
1038,31,218,13.33,13.334,NULL,2025-09-08 01:00:00.000
1039,31,353,16.0800744190444,26.1210702388997,1,2025-09-08 01:00:00.000
1040,31,1190,438.82,435.953324247131,NULL,2025-09-08 01:00:00.000
1041,31,335,30.2455603805881,31.4535446166992,1,2025-09-08 01:00:00.000
1042,31,226,484.27948693772,478.404902668397,0,2025-09-08 01:00:00.000
1043,31,4123,1.09987387763129,1.09987387763129,0,2025-09-08 01:00:00.000
1044,31,4266,1.09984199449089,1.09984199449089,0,2025-09-08 01:00:00.000
1045,31,4139,1.39977452137038,1.39977452137038,0,2025-09-08 01:00:00.000
1046,31,4289,1.39821496161156,1.39821496161156,0,2025-09-08 01:00:00.000
1047,31,4152,1.17496631110381,1.17496631110381,0,2025-09-08 01:00:00.000
1048,31,4307,1.17488148275349,1.17488148275349,0,2025-09-08 01:00:00.000
1049,31,157,0,0.01930575583712,1,2025-09-08 01:00:00.000
1050,31,3100,19.30575583712,19.30575583712,NULL,2025-09-08 01:00:00.000
1051,31,2837,0,0,NULL,2025-09-08 01:00:00.000
1052,31,158,8.0400372095222,7.87680474989149,0,2025-09-08 01:00:00.000
1053,31,3101,7876.80474989149,7876.80474989149,NULL,2025-09-08 01:00:00.000
1054,31,2838,1,1,NULL,2025-09-08 01:00:00.000
1055,31,159,0,0.0199061510939447,1,2025-09-08 01:00:00.000
1056,31,3102,19.9061510939447,19.9061510939447,NULL,2025-09-08 01:00:00.000
1057,31,2839,0,0,NULL,2025-09-08 01:00:00.000
1058,31,160,8.0400372095222,7.32183584323459,0,2025-09-08 01:00:00.000
1059,31,3103,7321.83584323459,7321.83584323459,NULL,2025-09-08 01:00:00.000
1060,31,2840,1,1,NULL,2025-09-08 01:00:00.000
1061,31,5191,57.9471808349164,199.013092448597,NULL,2025-09-08 01:00:00.000
1062,31,4043,93.7828124837111,93.7828124837111,NULL,2025-09-08 01:00:00.000
1063,31,4044,93.8124628856221,93.8124628856221,NULL,2025-09-08 01:00:00.000
1064,31,4045,93.7005183391553,93.7005183391553,NULL,2025-09-08 01:00:00.000
1065,31,4046,94.0663260087929,94.0663260087929,NULL,2025-09-08 01:00:00.000
1066,31,4047,93.5930155658571,93.5930155658571,NULL,2025-09-08 01:00:00.000
1067,31,5192,82.0180056910807,83.8796027777778,NULL,2025-09-08 01:00:00.000
1068,31,5187,197.337254011827,179.024328342014,NULL,2025-09-08 01:00:00.000
1069,31,5175,0.834288197716395,0.834288197716395,NULL,2025-09-08 01:00:00.000
1070,31,5172,51.8669864967929,51.8669864967929,NULL,2025-09-08 01:00:00.000
1071,31,5268,267.738581454807,267.738581454807,NULL,2025-09-08 01:00:00.000
1072,31,5176,0.876946181955446,0.876946181955446,NULL,2025-09-08 01:00:00.000
1073,31,5173,56.1622193695153,56.1622193695153,NULL,2025-09-08 01:00:00.000
1074,31,5261,247.640702626546,247.640702626546,NULL,2025-09-08 01:00:00.000
1075,31,5177,0.893862860708274,0.893862860708274,NULL,2025-09-08 01:00:00.000
1076,31,5174,74.3499850535767,74.3499850535767,NULL,2025-09-08 01:00:00.000
1077,31,5209,58.858109223956,58.858109223956,NULL,2025-09-08 01:00:00.000
1078,31,5208,50.3854414788367,50.3854414788367,NULL,2025-09-08 01:00:00.000
1079,31,5211,28.6728923972448,28.6728923972448,NULL,2025-09-08 01:00:00.000
1080,31,5210,83.2210490265952,83.2210490265952,NULL,2025-09-08 01:00:00.000
1081,31,5213,29.8371381666925,29.8371381666925,NULL,2025-09-08 01:00:00.000
1082,31,5212,22.2630099352201,22.2630099352201,NULL,2025-09-08 01:00:00.000
1083,31,5215,58.8906185950173,58.8906185950173,NULL,2025-09-08 01:00:00.000
1084,31,5214,41.4277026557922,41.4277026557922,NULL,2025-09-08 01:00:00.000
1085,31,5188,419.889548269439,444.113031214742,NULL,2025-09-08 01:00:00.000
1086,31,5193,21.9745589127437,13.7114071261872,NULL,2025-09-08 01:00:00.000
1087,31,5184,261.774995327485,265.806726458043,NULL,2025-09-08 01:00:00.000
1088,31,5190,-20.1659733933958,-23.6993727585982,NULL,2025-09-08 01:00:00.000
1089,31,5183,150.328095127858,162.810262544651,NULL,2025-09-08 01:00:00.000
1090,31,5189,3.01228220855057,3.14276201006811,NULL,2025-09-08 01:00:00.000
1091,31,4042,0,1,NULL,2025-09-08 01:00:00.000
1092,31,5197,13406.3876749064,13472.1332750109,NULL,2025-09-08 01:00:00.000
1093,31,5157,8.94093516986563,8.94093516986563,NULL,2025-09-08 01:00:00.000
1094,31,5185,1470.2448300135,1470.27766260006,NULL,2025-09-08 01:00:00.000
1095,31,5196,103091.878407184,103317.872263966,NULL,2025-09-08 01:00:00.000
1096,31,5171,435.953324247131,435.953324247131,NULL,2025-09-08 01:00:00.000
1097,31,5186,48.8189323478931,50.7982941319929,NULL,2025-09-08 01:00:00.000
1098,31,5194,-1.42865025710321,-1.42865025710321,NULL,2025-09-08 01:00:00.000
1099,31,3393,4.06703309081376,4.06703309081376,0,2025-09-08 01:00:00.000
1100,31,3396,3.51094241007565,3.51094241007565,NULL,2025-09-08 01:00:00.000
1101,31,161,0,0.00908222211456299,1,2025-09-08 01:00:00.000
1102,31,4241,0,0,0,2025-09-08 01:00:00.000
1103,31,3104,7.02414703369141,7.02414703369141,0,2025-09-08 01:00:00.000
1104,31,205,15.435,15.435,NULL,2025-09-08 01:00:00.000
1105,31,2790,0,0,0,2025-09-08 01:00:00.000
1106,31,3299,0,0,NULL,2025-09-08 01:00:00.000
1107,31,2785,100,100,0,2025-09-08 01:00:00.000
1108,31,4092,59.9283313554751,59.9283313554751,0,2025-09-08 01:00:00.000
1109,31,162,11.827,12.8303224462077,1,2025-09-08 01:00:00.000
1110,31,4245,12.8303224462077,12.8303224462077,0,2025-09-08 01:00:00.000
1111,31,3105,9922.9098578559,9922.9098578559,0,2025-09-08 01:00:00.000
1112,31,107,7.95050310558743,7.95050310558743,NULL,2025-09-08 01:00:00.000
1113,31,2852,0.365988078126321,0.481998161426102,NULL,2025-09-08 01:00:00.000
1114,31,206,15.435,15.435,NULL,2025-09-08 01:00:00.000
1115,31,2856,17.5630358931259,23.1370685440403,NULL,2025-09-08 01:00:00.000
1116,31,2791,3.787,4.95351769631619,1,2025-09-08 01:00:00.000
1117,31,3300,5.60401258648417,5.60401258648417,NULL,2025-09-08 01:00:00.000
1118,31,2786,20.8343498965906,20.8343498965906,0,2025-09-08 01:00:00.000
1119,31,4093,0,0,0,2025-09-08 01:00:00.000
1120,31,163,0,0.00809835472795395,1,2025-09-08 01:00:00.000
1121,31,4246,0,0,0,2025-09-08 01:00:00.000
1122,31,3106,6.26322871458156,6.26322871458156,0,2025-09-08 01:00:00.000
1123,31,108,0.00263550781646447,0.00263550781646447,NULL,2025-09-08 01:00:00.000
1124,31,207,11.27,11.27,NULL,2025-09-08 01:00:00.000
1125,31,2792,0,0,0,2025-09-08 01:00:00.000
1126,31,3301,0,0,NULL,2025-09-08 01:00:00.000
1127,31,2787,100,100,0,2025-09-08 01:00:00.000
1128,31,164,11.827,13.2907477926921,1,2025-09-08 01:00:00.000
1129,31,4243,13.2907477926921,13.2907477926921,0,2025-09-08 01:00:00.000
1130,31,3107,10279.0006130642,10279.0006130642,0,2025-09-08 01:00:00.000
1131,31,208,11.27,11.27,NULL,2025-09-08 01:00:00.000
1132,31,2854,7.31944136298301,11.3328777328172,NULL,2025-09-08 01:00:00.000
1133,31,2858,19.0250833887923,29.4570218148401,NULL,2025-09-08 01:00:00.000
1134,31,2793,3.787,5.96891194945746,1,2025-09-08 01:00:00.000
1135,31,3302,10.4820201750677,10.4820201750677,NULL,2025-09-08 01:00:00.000
1136,31,2788,56.1697019427043,56.1697019427043,0,2025-09-08 01:00:00.000
1137,31,279,2,2,NULL,2025-09-08 01:00:00.000
1138,31,4067,1,1,NULL,2025-09-08 01:00:00.000
1139,31,112,200.456724633111,200.456724633111,NULL,2025-09-08 01:00:00.000
1140,31,265,1.143,1.24844448101501,1,2025-09-08 01:00:00.000
1141,31,2520,5.06158815547514,5.06158815547514,NULL,2025-09-08 01:00:00.000
1142,31,2619,0.085,-5.83462859433185,NULL,2025-09-08 01:00:00.000
1143,31,2844,1.24844448101501,1.24844448101501,NULL,2025-09-08 01:00:00.000
1144,31,2615,1.32579998610813,1.32579998610813,NULL,2025-09-08 01:00:00.000
1145,31,248,1,1,NULL,2025-09-08 01:00:00.000
1146,31,113,-1.4250795218921,-1.4250795218921,NULL,2025-09-08 01:00:00.000
1147,31,266,0,0,0,2025-09-08 01:00:00.000
1148,31,2521,0,0,NULL,2025-09-08 01:00:00.000
1149,31,2618,0,0,NULL,2025-09-08 01:00:00.000
1150,31,2843,0,0,NULL,2025-09-08 01:00:00.000
1151,31,2614,0,0,NULL,2025-09-08 01:00:00.000
1152,31,249,0,0,NULL,2025-09-08 01:00:00.000
1153,31,1142,1,1,NULL,2025-09-08 01:00:00.000
1154,31,5158,0,0,NULL,2025-09-08 01:00:00.000
1155,31,105,-2.41077207379319,-2.41077207379319,NULL,2025-09-08 01:00:00.000
1156,31,246,0,0,NULL,2025-09-08 01:00:00.000
1157,31,193,0,0.0193833198547363,1,2025-09-08 01:00:00.000
1158,31,2518,0.050382161465626,0.050382161465626,NULL,2025-09-08 01:00:00.000
1159,31,908,0.00595796976514903,0.00595796976514903,NULL,2025-09-08 01:00:00.000
1160,31,2616,0,0,NULL,2025-09-08 01:00:00.000
1161,31,4242,0,0,0,2025-09-08 01:00:00.000
1162,31,2841,0.0193833198547363,0.0193833198547363,NULL,2025-09-08 01:00:00.000
1163,31,46,19.3833198547363,19.3833198547363,NULL,2025-09-08 01:00:00.000
1164,31,2612,0,0,NULL,2025-09-08 01:00:00.000
1165,31,4068,0,0,NULL,2025-09-08 01:00:00.000
1166,31,106,3582.22642768012,3582.22642768012,NULL,2025-09-08 01:00:00.000
1167,31,247,1,1,NULL,2025-09-08 01:00:00.000
1168,31,194,22.859,25.2344851101345,1,2025-09-08 01:00:00.000
1169,31,2519,6.17448792440706,6.17448792440706,NULL,2025-09-08 01:00:00.000
1170,31,909,7.75647827369199,7.75647827369199,NULL,2025-09-08 01:00:00.000
1171,31,2617,0.094,7.65475718183283,NULL,2025-09-08 01:00:00.000
1172,31,4244,25.2344851101345,25.2344851101345,0,2025-09-08 01:00:00.000
1173,31,2842,25.2344851101345,25.2344851101345,NULL,2025-09-08 01:00:00.000
1174,31,47,25234.4851101345,25234.4851101345,NULL,2025-09-08 01:00:00.000
1175,31,2613,23.4401950928305,23.4401950928305,NULL,2025-09-08 01:00:00.000
1176,31,1143,1,1,NULL,2025-09-08 01:00:00.000
1177,31,5169,0.907715293785727,0.907715293785727,NULL,2025-09-08 01:00:00.000
1178,31,5270,4.66788963258688,4.66788963258688,0,2025-09-08 01:00:00.000
1179,31,5269,4.9354920453654,4.9354920453654,0,2025-09-08 01:00:00.000
1180,31,5170,4.36071218412154,4.36071218412154,NULL,2025-09-08 01:00:00.000
1181,31,2789,1.293,1.293,NULL,2025-09-08 01:00:00.000
1182,31,5087,8.85731252271688,8.85731252271688,NULL,2025-09-08 01:00:00.000
1183,31,2971,4.83075247978851,4.8040527839238,0,2025-09-08 01:00:00.000
1184,31,3281,10,10,NULL,2025-09-08 01:00:00.000
1185,31,2419,56.8596652841707,57.5912598756998,NULL,2025-09-08 01:00:00.000
1186,31,2454,81.4888745713976,81.4888745713976,NULL,2025-09-08 01:00:00.000
1187,31,3413,6.41013308233685,6.41013308233685,NULL,2025-09-08 01:00:00.000
1188,31,3451,100.26824230094,100.26824230094,NULL,2025-09-08 01:00:00.000
1189,31,3415,100.26824230094,100.26824230094,NULL,2025-09-08 01:00:00.000
1190,31,3452,1,1,NULL,2025-09-08 01:00:00.000
1191,31,3354,15.4358170155725,15.4358170155725,NULL,2025-09-08 01:00:00.000
1192,31,3357,0,0,NULL,2025-09-08 01:00:00.000
1193,31,3356,18.0193304296875,18.0193304296875,NULL,2025-09-08 01:00:00.000
1194,31,4787,112,112,NULL,2025-09-08 01:00:00.000
1195,31,2909,43.0575033582773,43.0575033582773,NULL,2025-09-08 01:00:00.000
1196,31,2910,79.9729295118012,79.9729295118012,NULL,2025-09-08 01:00:00.000
1197,31,2911,80.1809586146677,80.1809586146677,NULL,2025-09-08 01:00:00.000
1198,31,81,-0.410698188871115,-0.410698188871115,NULL,2025-09-08 01:00:00.000
1199,31,83,41.3982829283301,41.3982829283301,NULL,2025-09-08 01:00:00.000
1200,31,4084,0,0,0,2025-09-08 01:00:00.000
1201,31,257,0.782,0,0,2025-09-08 01:00:00.000
1202,31,2509,-37.5378768,-37.5378768,NULL,2025-09-08 01:00:00.000
1203,31,3078,0.789763420027515,0.789763420027515,NULL,2025-09-08 01:00:00.000
1204,31,2632,0.008,0,NULL,2025-09-08 01:00:00.000
1205,31,4230,0,0,0,2025-09-08 01:00:00.000
1206,31,2626,0.789763420027515,0.789763420027515,NULL,2025-09-08 01:00:00.000
1207,31,230,1,0,NULL,2025-09-08 01:00:00.000
1208,31,82,0.574510916239686,0.574510916239686,NULL,2025-09-08 01:00:00.000
1209,31,231,1,1,NULL,2025-09-08 01:00:00.000
1210,31,183,15.091,15.1993555487739,1,2025-09-08 01:00:00.000
1211,31,2512,0.789858946028215,0.789858946028215,NULL,2025-09-08 01:00:00.000
1212,31,3079,15.1993555487739,15.1993555487739,NULL,2025-09-08 01:00:00.000
1213,31,900,4.67191902563673,4.67191902563673,NULL,2025-09-08 01:00:00.000
1214,31,2633,0.108,-0.478880412447065,NULL,2025-09-08 01:00:00.000
1215,31,4227,15.1993555487739,15.1993555487739,0,2025-09-08 01:00:00.000
1216,31,38,15199.3555487739,15199.3555487739,NULL,2025-09-08 01:00:00.000
1217,31,2627,15.6782359612209,15.6782359612209,NULL,2025-09-08 01:00:00.000
1218,31,232,0,1,NULL,2025-09-08 01:00:00.000
1219,31,184,0,16.4161533474392,1,2025-09-08 01:00:00.000
1220,31,2513,119.665727575296,119.665727575296,NULL,2025-09-08 01:00:00.000
1221,31,3080,16.4161533474392,16.4161533474392,NULL,2025-09-08 01:00:00.000
1222,31,901,5.04593361906442,5.04593361906442,NULL,2025-09-08 01:00:00.000
1223,31,2634,0,0.737917386218298,NULL,2025-09-08 01:00:00.000
1224,31,4228,16.4161533474392,16.4161533474392,0,2025-09-08 01:00:00.000
1225,31,39,16416.1533474392,16416.1533474392,NULL,2025-09-08 01:00:00.000
1226,31,2628,15.6782359612209,15.6782359612209,NULL,2025-09-08 01:00:00.000
1227,31,852,1.42323346210979,1.44130830701693,NULL,2025-09-08 01:00:00.000
1228,31,84,128.851971838209,128.851971838209,NULL,2025-09-08 01:00:00.000
1229,31,86,66.0649520484264,66.0649520484264,NULL,2025-09-08 01:00:00.000
1230,31,4085,38.5214498453951,38.5214498453951,0,2025-09-08 01:00:00.000
1231,31,258,0.795,0.802490080608368,1,2025-09-08 01:00:00.000
1232,31,2510,0.359541845395123,0.359541845395123,NULL,2025-09-08 01:00:00.000
1233,31,3081,0.802490080608368,0.802490080608368,NULL,2025-09-08 01:00:00.000
1234,31,2635,0.008,0.0127266605808535,NULL,2025-09-08 01:00:00.000
1235,31,4231,0.802490080608368,0.802490080608368,0,2025-09-08 01:00:00.000
1236,31,2629,0.789763420027515,0.789763420027515,NULL,2025-09-08 01:00:00.000
1237,31,233,1,1,NULL,2025-09-08 01:00:00.000
1238,31,85,31.1217813889186,31.1217813889186,NULL,2025-09-08 01:00:00.000
1239,31,276,4,4,NULL,2025-09-08 01:00:00.000
1240,31,234,0,1,NULL,2025-09-08 01:00:00.000
1241,31,185,0,16.7942618842231,1,2025-09-08 01:00:00.000
1242,31,2514,122.421953848227,122.421953848227,NULL,2025-09-08 01:00:00.000
1243,31,3082,16.7942618842231,16.7942618842231,NULL,2025-09-08 01:00:00.000
1244,31,902,5.1621551562926,5.1621551562926,NULL,2025-09-08 01:00:00.000
1245,31,2636,0,1.11602592300215,NULL,2025-09-08 01:00:00.000
1246,31,4229,16.7942618842231,16.7942618842231,0,2025-09-08 01:00:00.000
1247,31,40,16794.2618842231,16794.2618842231,NULL,2025-09-08 01:00:00.000
1248,31,2630,15.6782359612209,15.6782359612209,NULL,2025-09-08 01:00:00.000
1249,31,217,110.35844989802,110.35844989802,NULL,2025-09-08 01:00:00.000
1250,31,4086,0,0,0,2025-09-08 01:00:00.000
1251,31,259,0.782,0,0,2025-09-08 01:00:00.000
1252,31,2511,-37.5378768,-37.5378768,NULL,2025-09-08 01:00:00.000
1253,31,3083,0.789763420027515,0.789763420027515,NULL,2025-09-08 01:00:00.000
1254,31,2637,0.008,0,NULL,2025-09-08 01:00:00.000
1255,31,4232,0,0,0,2025-09-08 01:00:00.000
1256,31,2631,0.789763420027515,0.789763420027515,NULL,2025-09-08 01:00:00.000
1257,31,235,1,0,NULL,2025-09-08 01:00:00.000
1258,31,88,-0.0162427023583932,-0.0162427023583932,NULL,2025-09-08 01:00:00.000
1259,31,356,961.926,990.242982440238,1,2025-09-08 01:00:00.000
1260,31,355,56.914,199.013092448597,NULL,2025-09-08 01:00:00.000
1261,31,1153,0,14509.7803537805,NULL,2025-09-08 01:00:00.000
1262,31,1136,3,1,NULL,2025-09-08 01:00:00.000
1263,31,9,77.4231241967943,77.4231241967943,NULL,2025-09-08 01:00:00.000
1264,31,2740,0,0,NULL,2025-09-08 01:00:00.000
1265,31,4061,1,1,NULL,2025-09-08 01:00:00.000
1266,31,203,336,336,NULL,2025-09-08 01:00:00.000
1267,31,4062,1,1,NULL,2025-09-08 01:00:00.000
1268,31,632,0,0,NULL,2025-09-08 01:00:00.000
1269,31,633,2,2,NULL,2025-09-08 01:00:00.000
1270,31,634,0,0,NULL,2025-09-08 01:00:00.000
1271,31,2819,108.835562960307,108.835562960307,NULL,2025-09-08 01:00:00.000
1272,31,2488,109,109,NULL,2025-09-08 01:00:00.000
1273,31,10,108.778923251894,108.778923251894,NULL,2025-09-08 01:00:00.000
1274,31,384,90099.8821940104,90099.8821940104,NULL,2025-09-08 01:00:00.000
1275,31,385,91341.5638780382,91341.5638780382,NULL,2025-09-08 01:00:00.000
1276,31,386,85714.4771158854,85714.4771158854,NULL,2025-09-08 01:00:00.000
1277,31,387,90741.7567491319,90741.7567491319,NULL,2025-09-08 01:00:00.000
1278,31,388,88094.0799696181,88094.0799696181,NULL,2025-09-08 01:00:00.000
1279,31,425,424.484848484848,452.039494425867,NULL,2025-09-08 01:00:00.000
1280,31,657,43550.7419487847,43550.7419487847,NULL,2025-09-08 01:00:00.000
1281,31,856,872061.188975694,872061.188975694,NULL,2025-09-08 01:00:00.000
1282,31,2876,-13.2862508721567,-13.2862508721567,NULL,2025-09-08 01:00:00.000
1283,31,2762,149.42922462972,149.42922462972,NULL,2025-09-08 01:00:00.000
1284,31,2877,-4.64307659196305,-4.64307659196305,NULL,2025-09-08 01:00:00.000
1285,31,2763,133.069687067456,133.069687067456,NULL,2025-09-08 01:00:00.000
1286,31,2878,3.39761326992817,3.39761326992817,NULL,2025-09-08 01:00:00.000
1287,31,24,192.347990811666,192.347990811666,NULL,2025-09-08 01:00:00.000
1288,31,288,25,22.88,0,2025-09-08 01:00:00.000
1289,31,289,25,22.2252374916404,0,2025-09-08 01:00:00.000
1290,31,2879,-1.06896496956904,-1.06896496956904,NULL,2025-09-08 01:00:00.000
1291,31,165,5258.33705088297,5258.33705088297,NULL,2025-09-08 01:00:00.000
1292,31,212,0,0,NULL,2025-09-08 01:00:00.000
1293,31,1137,1,3,NULL,2025-09-08 01:00:00.000
1294,31,5131,1.00244630403552,1.00244630403552,NULL,2025-09-08 01:00:00.000
1295,31,5132,0.984257521953836,0.984257521953836,NULL,2025-09-08 01:00:00.000
1296,31,5133,1.00921843986107,1.00921843986107,NULL,2025-09-08 01:00:00.000
1297,31,5134,0.976399309769298,0.976399309769298,NULL,2025-09-08 01:00:00.000
1298,31,5135,1.01749761519556,1.01749761519556,NULL,2025-09-08 01:00:00.000
1299,31,427,150,150,NULL,2025-09-08 01:00:00.000
1300,31,178,82.048,89.6391213107639,1,2025-09-08 01:00:00.000
1301,31,2503,55.3355609891765,55.3355609891765,1,2025-09-08 01:00:00.000
1302,31,885,285.937612463689,285.937612463689,1,2025-09-08 01:00:00.000
1303,31,4163,89.6391213107639,89.6391213107639,0,2025-09-08 01:00:00.000
1304,31,25,89639.1213107639,89639.1213107639,NULL,2025-09-08 01:00:00.000
1305,31,58,1,1,NULL,2025-09-08 01:00:00.000
1306,31,428,150,150,NULL,2025-09-08 01:00:00.000
1307,31,179,82.048,91.4120012261285,1,2025-09-08 01:00:00.000
1308,31,2504,68.2589883284335,68.2589883284335,1,2025-09-08 01:00:00.000
1309,31,886,291.592878186639,291.592878186639,1,2025-09-08 01:00:00.000
1310,31,4167,91.4120012261285,91.4120012261285,0,2025-09-08 01:00:00.000
1311,31,26,91412.0012261285,91412.0012261285,NULL,2025-09-08 01:00:00.000
1312,31,59,1,1,NULL,2025-09-08 01:00:00.000
1313,31,429,150,150,NULL,2025-09-08 01:00:00.000
1314,31,180,82.048,89.1698071885851,1,2025-09-08 01:00:00.000
1315,31,2505,51.9144906139627,51.9144906139627,1,2025-09-08 01:00:00.000
1316,31,887,284.440558971541,284.440558971541,1,2025-09-08 01:00:00.000
1317,31,4171,89.1698071885851,89.1698071885851,0,2025-09-08 01:00:00.000
1318,31,27,89169.8071885851,89169.8071885851,NULL,2025-09-08 01:00:00.000
1319,31,60,1,1,NULL,2025-09-08 01:00:00.000
1320,31,430,150,150,NULL,2025-09-08 01:00:00.000
1321,31,181,82.05,92.1487649956597,1,2025-09-08 01:00:00.000
1322,31,2506,73.6150567822312,73.6150567822312,1,2025-09-08 01:00:00.000
1323,31,888,293.943062683419,293.943062683419,1,2025-09-08 01:00:00.000
1324,31,4175,92.1487649956597,92.1487649956597,0,2025-09-08 01:00:00.000
1325,31,28,92148.7649956597,92148.7649956597,NULL,2025-09-08 01:00:00.000
1326,31,61,1,1,NULL,2025-09-08 01:00:00.000
1327,31,431,150,150,NULL,2025-09-08 01:00:00.000
1328,31,182,92.048,95.4547436197917,1,2025-09-08 01:00:00.000
1329,31,2507,24.8334945036598,24.8334945036598,1,2025-09-08 01:00:00.000
1330,31,889,304.48872199843,304.48872199843,1,2025-09-08 01:00:00.000
1331,31,4179,95.4547436197917,95.4547436197917,0,2025-09-08 01:00:00.000
1332,31,29,95454.7436197917,95454.7436197917,NULL,2025-09-08 01:00:00.000
1333,31,62,1,1,NULL,2025-09-08 01:00:00.000
1334,31,680,6293.85501573351,6293.85501573351,NULL,2025-09-08 01:00:00.000
1335,31,681,6293.77198757595,6293.77198757595,NULL,2025-09-08 01:00:00.000
1336,31,682,6293.83521287706,6293.83521287706,NULL,2025-09-08 01:00:00.000
1337,31,683,6293.87951976635,6293.87951976635,NULL,2025-09-08 01:00:00.000
1338,31,684,8357.37379557292,8357.37379557292,NULL,2025-09-08 01:00:00.000
1339,31,4095,533.207029014431,533.207029014431,0,2025-09-08 01:00:00.000
1340,31,4096,533.159658760405,533.159658760405,0,2025-09-08 01:00:00.000
1341,31,4097,533.140070183015,533.140070183015,0,2025-09-08 01:00:00.000
1342,31,4098,533.141104717755,533.141104717755,0,2025-09-08 01:00:00.000
1343,31,4099,546.406564186692,546.406564186692,0,2025-09-08 01:00:00.000
1344,31,3005,2.60838783217801,2.60838783217801,NULL,2025-09-08 01:00:00.000
1345,31,4180,2.06191181544484,2.06191181544484,0,2025-09-08 01:00:00.000
1346,31,3544,0.240644690682692,0.240644690682692,NULL,2025-09-08 01:00:00.000
1347,31,3442,6.96,6.96,NULL,2025-09-08 01:00:00.000
1348,31,3540,16.834808401697,16.834808401697,NULL,2025-09-08 01:00:00.000
1349,31,3536,0.00354048666138081,0.00354048666138081,NULL,2025-09-08 01:00:00.000
1350,31,3497,13.7774596585257,13.7774596585257,NULL,2025-09-08 01:00:00.000
1351,31,3531,14.4160905622123,14.4160905622123,NULL,2025-09-08 01:00:00.000
1352,31,3498,0.401106089156562,0.401106089156562,NULL,2025-09-08 01:00:00.000
1353,31,3499,0,0,NULL,2025-09-08 01:00:00.000
1354,31,3496,0,0,NULL,2025-09-08 01:00:00.000
1355,31,3502,0.0338515857725548,0.0338515857725548,NULL,2025-09-08 01:00:00.000
1356,31,3504,0.0301135927937775,0.0301135927937775,NULL,2025-09-08 01:00:00.000
1357,31,3501,0.0443134525496157,0.0443134525496157,NULL,2025-09-08 01:00:00.000
1358,31,3503,0.0202284397119012,0.0202284397119012,NULL,2025-09-08 01:00:00.000
1359,31,3500,0.109017743702162,0.109017743702162,NULL,2025-09-08 01:00:00.000
1360,31,3563,0.219418606033723,0.21971409054574,NULL,2025-09-08 01:00:00.000
1361,31,3556,0.442275456107958,0.442275456107958,NULL,2025-09-08 01:00:00.000
1362,31,3577,94.0285770449793,93.7828124837111,1,2025-09-08 01:00:00.000
1363,31,3449,82.048,89.6391213107639,NULL,2025-09-08 01:00:00.000
1364,31,1146,898.584058549669,898.584058549669,0,2025-09-08 01:00:00.000
1365,31,3276,898.584058549669,898.584058549669,NULL,2025-09-08 01:00:00.000
1366,31,3505,2.18971035638544,2.18971035638544,NULL,2025-09-08 01:00:00.000
1367,31,3523,1.79230665467992,1.79230665467992,NULL,2025-09-08 01:00:00.000
1368,31,3514,10.5934420484755,10.5934420484755,NULL,2025-09-08 01:00:00.000
1369,31,3532,2.30862041101039,2.30862041101039,NULL,2025-09-08 01:00:00.000
1370,31,1176,2.30719277262688,2.30719277262688,NULL,2025-09-08 01:00:00.000
1371,31,679,36.9760499980715,36.9760499980715,NULL,2025-09-08 01:00:00.000
1372,31,3044,75.3106044769287,75.3106044769287,1,2025-09-08 01:00:00.000
1373,31,4165,75.3106044769287,75.3106044769287,0,2025-09-08 01:00:00.000
1374,31,3537,14.4673118869742,14.4673118869742,NULL,2025-09-08 01:00:00.000
1375,31,3538,1.91234848410282,1.91234848410282,NULL,2025-09-08 01:00:00.000
1376,31,3543,6.97814048434153,6.97814048434153,NULL,2025-09-08 01:00:00.000
1377,31,3546,8.57921390586735,8.57921390586735,NULL,2025-09-08 01:00:00.000
1378,31,3547,13.0194734190966,13.0194734190966,NULL,2025-09-08 01:00:00.000
1379,31,3549,10.4131652194999,10.4131652194999,NULL,2025-09-08 01:00:00.000
1380,31,3561,10.0613678759301,10.1176642913025,NULL,2025-09-08 01:00:00.000
1381,31,3562,7.00273996342348,7.00709380994141,NULL,2025-09-08 01:00:00.000
1382,31,3545,6.90283172349026,6.90283172349026,NULL,2025-09-08 01:00:00.000
1383,31,3551,30.2551609022664,30.2551609022664,NULL,2025-09-08 01:00:00.000
1384,31,3553,28.2745715326096,28.2745715326096,NULL,2025-09-08 01:00:00.000
1385,31,3550,24.738998652544,24.738998652544,NULL,2025-09-08 01:00:00.000
1386,31,3552,28.2059314765899,28.2059314765899,NULL,2025-09-08 01:00:00.000
1387,31,3560,7.05283239441207,7.05948583859443,NULL,2025-09-08 01:00:00.000
1388,31,3564,0.473008256220384,0.473497718769132,NULL,2025-09-08 01:00:00.000
1389,31,3548,18.4626041097487,18.4626041097487,NULL,2025-09-08 01:00:00.000
1390,31,3555,7.89485230297353,7.89485230297353,NULL,2025-09-08 01:00:00.000
1391,31,3554,7.72088042380086,7.72088042380086,NULL,2025-09-08 01:00:00.000
1392,31,3557,15.7522229296319,15.7522229296319,NULL,2025-09-08 01:00:00.000
1393,31,440,45.4766393449571,45.4766393449571,NULL,2025-09-08 01:00:00.000
1394,31,439,399.228158357408,399.228158357408,NULL,2025-09-08 01:00:00.000
1395,31,2719,238.82433966559,261.375994614917,NULL,2025-09-08 01:00:00.000
1396,31,3506,0.0728356301855734,0.0728356301855734,NULL,2025-09-08 01:00:00.000
1397,31,3524,0.0447415316274892,0.0447415316274892,NULL,2025-09-08 01:00:00.000
1398,31,3515,0.308412982753672,0.308412982753672,NULL,2025-09-08 01:00:00.000
1399,31,3507,0,0,NULL,2025-09-08 01:00:00.000
1400,31,3525,0,0,NULL,2025-09-08 01:00:00.000
1401,31,3516,0,0,NULL,2025-09-08 01:00:00.000
1402,31,3539,2.36749651472284,2.36749651472284,NULL,2025-09-08 01:00:00.000
1403,31,3485,0.797999401015102,0.797999401015102,NULL,2025-09-08 01:00:00.000
1404,31,3474,79.7999401015103,79.7999401015103,NULL,2025-09-08 01:00:00.000
1405,31,3486,0.024884055410172,0.024884055410172,NULL,2025-09-08 01:00:00.000
1406,31,3475,2.4884055410172,2.4884055410172,NULL,2025-09-08 01:00:00.000
1407,31,3487,0,0,NULL,2025-09-08 01:00:00.000
1408,31,3476,0,0,NULL,2025-09-08 01:00:00.000
1409,31,3490,0,0,NULL,2025-09-08 01:00:00.000
1410,31,3479,0,0,NULL,2025-09-08 01:00:00.000
1411,31,3491,0.00218580653274067,0.00218580653274067,NULL,2025-09-08 01:00:00.000
1412,31,3480,0.218580653274067,0.218580653274067,NULL,2025-09-08 01:00:00.000
1413,31,3494,0.00196141423785433,0.00196141423785433,NULL,2025-09-08 01:00:00.000
1414,31,3483,0.196141423785433,0.196141423785433,NULL,2025-09-08 01:00:00.000
1415,31,3473,17.6538540756856,17.6538540756856,NULL,2025-09-08 01:00:00.000
1416,31,3492,0.00286133224960391,0.00286133224960391,NULL,2025-09-08 01:00:00.000
1417,31,3481,0.286133224960391,0.286133224960391,NULL,2025-09-08 01:00:00.000
1418,31,3493,0.0013175561591807,0.0013175561591807,NULL,2025-09-08 01:00:00.000
1419,31,3482,0.13175561591807,0.13175561591807,NULL,2025-09-08 01:00:00.000
1420,31,3489,0.161847955652293,0.161847955652293,NULL,2025-09-08 01:00:00.000
1421,31,3478,16.1847955652293,16.1847955652293,NULL,2025-09-08 01:00:00.000
1422,31,3488,0.00694247874305305,0.00694247874305305,NULL,2025-09-08 01:00:00.000
1423,31,3477,0.694247874305305,0.694247874305305,NULL,2025-09-08 01:00:00.000
1424,31,3559,27.7632633338785,27.7632633338785,NULL,2025-09-08 01:00:00.000
1425,31,3001,2.69248785641458,2.69248785641458,0,2025-09-08 01:00:00.000
1426,31,4164,2.69248785641458,2.69248785641458,0,2025-09-08 01:00:00.000
1427,31,3558,17.672953503566,17.672953503566,NULL,2025-09-08 01:00:00.000
1428,31,3462,99.9279172843517,99.9279172843517,NULL,2025-09-08 01:00:00.000
1429,31,3522,0,0,NULL,2025-09-08 01:00:00.000
1430,31,3513,0,0,NULL,2025-09-08 01:00:00.000
1431,31,3534,1.86112715934095,1.86112715934095,NULL,2025-09-08 01:00:00.000
1432,31,3569,458.696422655993,482.995466470281,NULL,2025-09-08 01:00:00.000
1433,31,3570,0,0,NULL,2025-09-08 01:00:00.000
1434,31,3571,104.652333631295,110.219964331452,NULL,2025-09-08 01:00:00.000
1435,31,3572,0,0,NULL,2025-09-08 01:00:00.000
1436,31,3510,0.0066208079876715,0.0066208079876715,NULL,2025-09-08 01:00:00.000
1437,31,3527,0.00443506498688606,0.00443506498688606,NULL,2025-09-08 01:00:00.000
1438,31,3518,0.0260285841918759,0.0260285841918759,NULL,2025-09-08 01:00:00.000
1439,31,3512,0.0059823134254557,0.0059823134254557,NULL,2025-09-08 01:00:00.000
1440,31,3529,0.00293819852830578,0.00293819852830578,NULL,2025-09-08 01:00:00.000
1441,31,3520,0.0231544950778703,0.0231544950778703,NULL,2025-09-08 01:00:00.000
1442,31,3412,32.0845296965705,32.0845296965705,NULL,2025-09-08 01:00:00.000
1443,31,3567,9991.06304027993,9991.06304027993,NULL,2025-09-08 01:00:00.000
1444,31,3533,11.0844880937299,11.0844880937299,NULL,2025-09-08 01:00:00.000
1445,31,3509,0.00866697538405023,0.00866697538405023,NULL,2025-09-08 01:00:00.000
1446,31,3528,0.00338800012574805,0.00338800012574805,NULL,2025-09-08 01:00:00.000
1447,31,3519,0.0340727444282833,0.0340727444282833,NULL,2025-09-08 01:00:00.000
1448,31,3511,0.00401854628550112,0.00401854628550112,NULL,2025-09-08 01:00:00.000
1449,31,3530,0.00197369912645268,0.00197369912645268,NULL,2025-09-08 01:00:00.000
1450,31,3521,0.0155537504591281,0.0155537504591281,NULL,2025-09-08 01:00:00.000
1451,31,5110,10.3201899780167,10.3201899780167,NULL,2025-09-08 01:00:00.000
1452,31,5152,0,0,NULL,2025-09-08 01:00:00.000
1453,31,3508,0.0207857813567008,0.0207857813567008,NULL,2025-09-08 01:00:00.000
1454,31,3526,0.0113440102661487,0.0113440102661487,NULL,2025-09-08 01:00:00.000
1455,31,3517,0.0838234883436226,0.0838234883436226,NULL,2025-09-08 01:00:00.000
1456,31,3574,38.8664154131807,33.7849802925697,NULL,2025-09-08 01:00:00.000
1457,31,3566,86.598808953613,86.598808953613,NULL,2025-09-08 01:00:00.000
1458,31,3565,7.2907028902759,7.2907028902759,NULL,2025-09-08 01:00:00.000
1459,31,3366,148.311956573693,155.154323324577,1,2025-09-08 01:00:00.000
1460,31,4162,155.154323324577,155.154323324577,0,2025-09-08 01:00:00.000
1461,31,3450,1,1,NULL,2025-09-08 01:00:00.000
1462,31,3573,563.348756287288,593.215430801733,NULL,2025-09-08 01:00:00.000
1463,31,3542,1.92073057393406,1.92073057393406,NULL,2025-09-08 01:00:00.000
1464,31,3576,9482.73738042335,9457.95214102952,NULL,2025-09-08 01:00:00.000
1465,31,3568,10084.9525521238,10084.9525521238,NULL,2025-09-08 01:00:00.000
1466,31,3575,602.215171700469,627.000411094303,NULL,2025-09-08 01:00:00.000
1467,31,3541,0.0596034145931099,0.0596034145931099,NULL,2025-09-08 01:00:00.000
1468,31,3535,7.16844261669052,7.16844261669052,NULL,2025-09-08 01:00:00.000
1469,31,3660,0.240649647358732,0.240649647358732,NULL,2025-09-08 01:00:00.000
1470,31,3443,6.96,6.96,NULL,2025-09-08 01:00:00.000
1471,31,3656,16.7719127515986,16.7719127515986,NULL,2025-09-08 01:00:00.000
1472,31,3652,0.00354048666138081,0.00354048666138081,NULL,2025-09-08 01:00:00.000
1473,31,3613,13.7774596585257,13.7774596585257,NULL,2025-09-08 01:00:00.000
1474,31,3647,14.4160905622123,14.4160905622123,NULL,2025-09-08 01:00:00.000
1475,31,3614,0.401106089156562,0.401106089156562,NULL,2025-09-08 01:00:00.000
1476,31,3615,0,0,NULL,2025-09-08 01:00:00.000
1477,31,3612,0,0,NULL,2025-09-08 01:00:00.000
1478,31,3618,0.0338515857725548,0.0338515857725548,NULL,2025-09-08 01:00:00.000
1479,31,3620,0.0301135927937775,0.0301135927937775,NULL,2025-09-08 01:00:00.000
1480,31,3617,0.0443134525496157,0.0443134525496157,NULL,2025-09-08 01:00:00.000
1481,31,3619,0.0202284397119012,0.0202284397119012,NULL,2025-09-08 01:00:00.000
1482,31,3616,0.109017743702162,0.109017743702162,NULL,2025-09-08 01:00:00.000
1483,31,3679,0.219301656345681,0.21963038484066,NULL,2025-09-08 01:00:00.000
1484,31,3672,0.442134825263883,0.442134825263883,NULL,2025-09-08 01:00:00.000
1485,31,3693,94.0775845248849,93.8124628856221,1,2025-09-08 01:00:00.000
1486,31,3578,82.048,91.4120012261285,NULL,2025-09-08 01:00:00.000
1487,31,1147,899.729498036702,899.729498036702,0,2025-09-08 01:00:00.000
1488,31,3277,899.729498036702,899.729498036702,NULL,2025-09-08 01:00:00.000
1489,31,3621,2.18971035638544,2.18971035638544,NULL,2025-09-08 01:00:00.000
1490,31,3639,1.79230665467992,1.79230665467992,NULL,2025-09-08 01:00:00.000
1491,31,3630,10.5934420484755,10.5934420484755,NULL,2025-09-08 01:00:00.000
1492,31,3648,2.30862041101039,2.30862041101039,NULL,2025-09-08 01:00:00.000
1493,31,1177,2.30719277262688,2.30719277262688,NULL,2025-09-08 01:00:00.000
1494,31,3417,37.678829253666,37.678829253666,NULL,2025-09-08 01:00:00.000
1495,31,3045,88.7425529585944,88.7425529585944,1,2025-09-08 01:00:00.000
1496,31,4169,88.7425529585944,88.7425529585944,0,2025-09-08 01:00:00.000
1497,31,3653,14.4673118869742,14.4673118869742,NULL,2025-09-08 01:00:00.000
1498,31,3654,1.91234848410282,1.91234848410282,NULL,2025-09-08 01:00:00.000
1499,31,3659,6.97842757501774,6.97842757501774,NULL,2025-09-08 01:00:00.000
1500,31,3662,8.57385759115714,8.57385759115714,NULL,2025-09-08 01:00:00.000
1501,31,3663,13.0008590166698,13.0008590166698,NULL,2025-09-08 01:00:00.000
1502,31,3665,10.3982386452136,10.3982386452136,NULL,2025-09-08 01:00:00.000
1503,31,3677,10.0560483010517,10.1186992590612,NULL,2025-09-08 01:00:00.000
1504,31,3678,7.0023449778816,7.00717689319653,NULL,2025-09-08 01:00:00.000
1505,31,3661,6.90194369567722,6.90194369567722,NULL,2025-09-08 01:00:00.000
1506,31,3667,30.192528544654,30.192528544654,NULL,2025-09-08 01:00:00.000
1507,31,3669,28.2282755203736,28.2282755203736,NULL,2025-09-08 01:00:00.000
1508,31,3666,24.7036684565438,24.7036684565438,NULL,2025-09-08 01:00:00.000
1509,31,3668,28.1655835462308,28.1655835462308,NULL,2025-09-08 01:00:00.000
1510,31,3676,7.05222164759837,7.05961145990184,NULL,2025-09-08 01:00:00.000
1511,31,3680,0.472962725357017,0.47350684887048,NULL,2025-09-08 01:00:00.000
1512,31,3447,0.472962725357017,0.47350684887048,NULL,2025-09-08 01:00:00.000
1513,31,3664,18.434956577805,18.434956577805,NULL,2025-09-08 01:00:00.000
1514,31,3671,7.88988695017386,7.88988695017386,NULL,2025-09-08 01:00:00.000
1515,31,3670,7.72088042380086,7.72088042380086,NULL,2025-09-08 01:00:00.000
1516,31,3673,15.6895499607437,15.6895499607437,NULL,2025-09-08 01:00:00.000
1517,31,442,45.3146706771851,45.3146706771851,NULL,2025-09-08 01:00:00.000
1518,31,441,397.786888122559,397.786888122559,NULL,2025-09-08 01:00:00.000
1519,31,2720,234.153937945874,261.352773902159,NULL,2025-09-08 01:00:00.000
1520,31,3622,0.0728356301855734,0.0728356301855734,NULL,2025-09-08 01:00:00.000
1521,31,3640,0.0447415316274892,0.0447415316274892,NULL,2025-09-08 01:00:00.000
1522,31,3631,0.308412982753672,0.308412982753672,NULL,2025-09-08 01:00:00.000
1523,31,3623,0,0,NULL,2025-09-08 01:00:00.000
1524,31,3641,0,0,NULL,2025-09-08 01:00:00.000
1525,31,3632,0,0,NULL,2025-09-08 01:00:00.000
1526,31,3655,2.30460086462441,2.30460086462441,NULL,2025-09-08 01:00:00.000
1527,31,3603,0.797999401015102,0.797999401015102,NULL,2025-09-08 01:00:00.000
1528,31,3592,79.7999401015103,79.7999401015103,NULL,2025-09-08 01:00:00.000
1529,31,3604,0.024884055410172,0.024884055410172,NULL,2025-09-08 01:00:00.000
1530,31,3593,2.4884055410172,2.4884055410172,NULL,2025-09-08 01:00:00.000
1531,31,3605,0,0,NULL,2025-09-08 01:00:00.000
1532,31,3594,0,0,NULL,2025-09-08 01:00:00.000
1533,31,3607,0,0,NULL,2025-09-08 01:00:00.000
1534,31,3597,0,0,NULL,2025-09-08 01:00:00.000
1535,31,3608,0.00218580653274067,0.00218580653274067,NULL,2025-09-08 01:00:00.000
1536,31,3598,0.218580653274067,0.218580653274067,NULL,2025-09-08 01:00:00.000
1537,31,3611,0.00196141423785433,0.00196141423785433,NULL,2025-09-08 01:00:00.000
1538,31,3601,0.196141423785433,0.196141423785433,NULL,2025-09-08 01:00:00.000
1539,31,3591,17.6538540756856,17.6538540756856,NULL,2025-09-08 01:00:00.000
1540,31,3609,0.00286133224960391,0.00286133224960391,NULL,2025-09-08 01:00:00.000
1541,31,3599,0.286133224960391,0.286133224960391,NULL,2025-09-08 01:00:00.000
1542,31,3610,0.0013175561591807,0.0013175561591807,NULL,2025-09-08 01:00:00.000
1543,31,3600,0.13175561591807,0.13175561591807,NULL,2025-09-08 01:00:00.000
1544,31,3596,16.1847955652293,16.1847955652293,NULL,2025-09-08 01:00:00.000
1545,31,3606,0.00694247874305305,0.00694247874305305,NULL,2025-09-08 01:00:00.000
1546,31,3595,0.694247874305305,0.694247874305305,NULL,2025-09-08 01:00:00.000
1547,31,3675,27.7597072219205,27.7597072219205,NULL,2025-09-08 01:00:00.000
1548,31,3002,2.62993776732021,2.62993776732021,0,2025-09-08 01:00:00.000
1549,31,4168,2.62993776732021,2.62993776732021,0,2025-09-08 01:00:00.000
1550,31,3674,17.6100578534676,17.6100578534676,NULL,2025-09-08 01:00:00.000
1551,31,3580,99.9279172843517,99.9279172843517,NULL,2025-09-08 01:00:00.000
1552,31,3638,0,0,NULL,2025-09-08 01:00:00.000
1553,31,3629,0,0,NULL,2025-09-08 01:00:00.000
1554,31,3650,1.86112715934095,1.86112715934095,NULL,2025-09-08 01:00:00.000
1555,31,3685,454.420726051716,481.327153421721,NULL,2025-09-08 01:00:00.000
1556,31,3686,0,0,NULL,2025-09-08 01:00:00.000
1557,31,3687,104.118286247435,110.310281568242,NULL,2025-09-08 01:00:00.000
1558,31,3688,0,0,NULL,2025-09-08 01:00:00.000
1559,31,3626,0.0066208079876715,0.0066208079876715,NULL,2025-09-08 01:00:00.000
1560,31,3643,0.00443506498688606,0.00443506498688606,NULL,2025-09-08 01:00:00.000
1561,31,3634,0.0260285841918759,0.0260285841918759,NULL,2025-09-08 01:00:00.000
1562,31,3628,0.0059823134254557,0.0059823134254557,NULL,2025-09-08 01:00:00.000
1563,31,3645,0.00293819852830578,0.00293819852830578,NULL,2025-09-08 01:00:00.000
1564,31,3636,0.0231544950778703,0.0231544950778703,NULL,2025-09-08 01:00:00.000
1565,31,3416,31.4673659925108,31.4673659925108,NULL,2025-09-08 01:00:00.000
1566,31,3683,9991.06304027993,9991.06304027993,NULL,2025-09-08 01:00:00.000
1567,31,3649,11.0844880937299,11.0844880937299,NULL,2025-09-08 01:00:00.000
1568,31,3625,0.00866697538405023,0.00866697538405023,NULL,2025-09-08 01:00:00.000
1569,31,3644,0.00338800012574805,0.00338800012574805,NULL,2025-09-08 01:00:00.000
1570,31,3635,0.0340727444282833,0.0340727444282833,NULL,2025-09-08 01:00:00.000
1571,31,3627,0.00401854628550112,0.00401854628550112,NULL,2025-09-08 01:00:00.000
1572,31,3646,0.00197369912645268,0.00197369912645268,NULL,2025-09-08 01:00:00.000
1573,31,3637,0.0155537504591281,0.0155537504591281,NULL,2025-09-08 01:00:00.000
1574,31,5111,9.357884130213,9.357884130213,NULL,2025-09-08 01:00:00.000
1575,31,5153,0,0,NULL,2025-09-08 01:00:00.000
1576,31,3624,0.0207857813567008,0.0207857813567008,NULL,2025-09-08 01:00:00.000
1577,31,3642,0.0113440102661487,0.0113440102661487,NULL,2025-09-08 01:00:00.000
1578,31,3633,0.0838234883436226,0.0838234883436226,NULL,2025-09-08 01:00:00.000
1579,31,3690,38.8664154131807,32.5113218530431,NULL,2025-09-08 01:00:00.000
1580,31,3682,89.1135746400758,89.1135746400758,NULL,2025-09-08 01:00:00.000
1581,31,3681,7.01551509049683,7.01551509049683,NULL,2025-09-08 01:00:00.000
1582,31,3367,147.67047291556,155.281037931089,1,2025-09-08 01:00:00.000
1583,31,4166,155.281037931089,155.281037931089,0,2025-09-08 01:00:00.000
1584,31,3579,1,1,NULL,2025-09-08 01:00:00.000
1585,31,3689,558.539012299151,591.637434989963,NULL,2025-09-08 01:00:00.000
1586,31,3602,100,100,NULL,2025-09-08 01:00:00.000
1587,31,3658,1.92050789272383,1.92050789272383,NULL,2025-09-08 01:00:00.000
1588,31,3692,9489.78670229817,9463.0433731675,NULL,2025-09-08 01:00:00.000
1589,31,3684,10087.1921300105,10087.1921300105,NULL,2025-09-08 01:00:00.000
1590,31,3691,597.405427712332,624.148756843006,NULL,2025-09-08 01:00:00.000
1591,31,3657,0.0593807333828776,0.0593807333828776,NULL,2025-09-08 01:00:00.000
1592,31,3651,7.16844261669052,7.16844261669052,NULL,2025-09-08 01:00:00.000
1593,31,4071,0,0,NULL,2025-09-08 01:00:00.000
1594,31,3776,0.240653282810232,0.240653282810232,NULL,2025-09-08 01:00:00.000
1595,31,3444,6.96,6.96,NULL,2025-09-08 01:00:00.000
1596,31,3772,16.8557888911131,16.8557888911131,NULL,2025-09-08 01:00:00.000
1597,31,3768,0.00354048666138081,0.00354048666138081,NULL,2025-09-08 01:00:00.000
1598,31,3729,13.7774596585257,13.7774596585257,NULL,2025-09-08 01:00:00.000
1599,31,3763,14.4160905622123,14.4160905622123,NULL,2025-09-08 01:00:00.000
1600,31,3730,0.401106089156562,0.401106089156562,NULL,2025-09-08 01:00:00.000
1601,31,3731,0,0,NULL,2025-09-08 01:00:00.000
1602,31,3728,0,0,NULL,2025-09-08 01:00:00.000
1603,31,3734,0.0338515857725548,0.0338515857725548,NULL,2025-09-08 01:00:00.000
1604,31,3736,0.0301135927937775,0.0301135927937775,NULL,2025-09-08 01:00:00.000
1605,31,3733,0.0443134525496157,0.0443134525496157,NULL,2025-09-08 01:00:00.000
1606,31,3735,0.0202284397119012,0.0202284397119012,NULL,2025-09-08 01:00:00.000
1607,31,3732,0.109017743702162,0.109017743702162,NULL,2025-09-08 01:00:00.000
1608,31,3795,0.219463254995067,0.219818931404457,NULL,2025-09-08 01:00:00.000
1609,31,3788,0.442062681624519,0.442062681624519,NULL,2025-09-08 01:00:00.000
1610,31,3809,94.0095316603209,93.7005183391553,1,2025-09-08 01:00:00.000
1611,31,3694,82.048,89.1698071885851,NULL,2025-09-08 01:00:00.000
1612,31,1148,899.918136935764,899.918136935764,0,2025-09-08 01:00:00.000
1613,31,3278,899.918136935764,899.918136935764,NULL,2025-09-08 01:00:00.000
1614,31,3737,2.18971035638544,2.18971035638544,NULL,2025-09-08 01:00:00.000
1615,31,3755,1.79230665467992,1.79230665467992,NULL,2025-09-08 01:00:00.000
1616,31,3746,10.5934420484755,10.5934420484755,NULL,2025-09-08 01:00:00.000
1617,31,3764,2.30862041101039,2.30862041101039,NULL,2025-09-08 01:00:00.000
1618,31,1178,2.30719277262688,2.30719277262688,NULL,2025-09-08 01:00:00.000
1619,31,3419,38.1909427113003,38.1909427113003,NULL,2025-09-08 01:00:00.000
1620,31,3046,102.896140914493,102.896140914493,1,2025-09-08 01:00:00.000
1621,31,4173,102.896140914493,102.896140914493,0,2025-09-08 01:00:00.000
1622,31,3769,14.4673118869742,14.4673118869742,NULL,2025-09-08 01:00:00.000
1623,31,3770,1.91234848410282,1.91234848410282,NULL,2025-09-08 01:00:00.000
1624,31,3775,6.97863814036864,6.97863814036864,NULL,2025-09-08 01:00:00.000
1625,31,3778,8.571110343694,8.571110343694,NULL,2025-09-08 01:00:00.000
1626,31,3779,12.9912615614808,12.9912615614808,NULL,2025-09-08 01:00:00.000
1627,31,3781,10.3905450152787,10.3905450152787,NULL,2025-09-08 01:00:00.000
1628,31,3793,10.0642574567096,10.1317322546624,NULL,2025-09-08 01:00:00.000
1629,31,3794,7.00295568384611,7.00823277185932,NULL,2025-09-08 01:00:00.000
1630,31,3777,6.90148258983274,6.90148258983274,NULL,2025-09-08 01:00:00.000
1631,31,3783,30.1602486006821,30.1602486006821,NULL,2025-09-08 01:00:00.000
1632,31,3785,28.2043929407019,28.2043929407019,NULL,2025-09-08 01:00:00.000
1633,31,3782,24.6854482891071,24.6854482891071,NULL,2025-09-08 01:00:00.000
1634,31,3784,28.1447800272596,28.1447800272596,NULL,2025-09-08 01:00:00.000
1635,31,3792,7.05316543207478,7.06120375759818,NULL,2025-09-08 01:00:00.000
1636,31,3796,0.473033040070547,0.473622233115046,NULL,2025-09-08 01:00:00.000
1637,31,3780,18.4206988524497,18.4206988524497,NULL,2025-09-08 01:00:00.000
1638,31,3787,7.88733972361022,7.88733972361022,NULL,2025-09-08 01:00:00.000
1639,31,3786,7.72088042380086,7.72088042380086,NULL,2025-09-08 01:00:00.000
1640,31,3789,15.7731291379051,15.7731291379051,NULL,2025-09-08 01:00:00.000
1641,31,444,45.379668407087,45.379668407087,NULL,2025-09-08 01:00:00.000
1642,31,443,400.003122880724,400.003122880724,NULL,2025-09-08 01:00:00.000
1643,31,2721,239.869953455703,261.343171658341,NULL,2025-09-08 01:00:00.000
1644,31,3738,0.0728356301855734,0.0728356301855734,NULL,2025-09-08 01:00:00.000
1645,31,3756,0.0447415316274892,0.0447415316274892,NULL,2025-09-08 01:00:00.000
1646,31,3747,0.308412982753672,0.308412982753672,NULL,2025-09-08 01:00:00.000
1647,31,3739,0,0,NULL,2025-09-08 01:00:00.000
1648,31,3757,0,0,NULL,2025-09-08 01:00:00.000
1649,31,3748,0,0,NULL,2025-09-08 01:00:00.000
1650,31,3771,2.38847700413895,2.38847700413895,NULL,2025-09-08 01:00:00.000
1651,31,3719,0.797999401015102,0.797999401015102,NULL,2025-09-08 01:00:00.000
1652,31,3708,79.7999401015103,79.7999401015103,NULL,2025-09-08 01:00:00.000
1653,31,3720,0.024884055410172,0.024884055410172,NULL,2025-09-08 01:00:00.000
1654,31,3709,2.4884055410172,2.4884055410172,NULL,2025-09-08 01:00:00.000
1655,31,3721,0,0,NULL,2025-09-08 01:00:00.000
1656,31,3710,0,0,NULL,2025-09-08 01:00:00.000
1657,31,3723,0,0,NULL,2025-09-08 01:00:00.000
1658,31,3713,0,0,NULL,2025-09-08 01:00:00.000
1659,31,3724,0.00218580653274067,0.00218580653274067,NULL,2025-09-08 01:00:00.000
1660,31,3714,0.218580653274067,0.218580653274067,NULL,2025-09-08 01:00:00.000
1661,31,3727,0.00196141423785433,0.00196141423785433,NULL,2025-09-08 01:00:00.000
1662,31,3717,0.196141423785433,0.196141423785433,NULL,2025-09-08 01:00:00.000
1663,31,3707,17.6538540756856,17.6538540756856,NULL,2025-09-08 01:00:00.000
1664,31,3725,0.00286133224960391,0.00286133224960391,NULL,2025-09-08 01:00:00.000
1665,31,3715,0.286133224960391,0.286133224960391,NULL,2025-09-08 01:00:00.000
1666,31,3726,0.0013175561591807,0.0013175561591807,NULL,2025-09-08 01:00:00.000
1667,31,3716,0.13175561591807,0.13175561591807,NULL,2025-09-08 01:00:00.000
1668,31,3712,16.1847955652293,16.1847955652293,NULL,2025-09-08 01:00:00.000
1669,31,3722,0.00694247874305305,0.00694247874305305,NULL,2025-09-08 01:00:00.000
1670,31,3711,0.694247874305305,0.694247874305305,NULL,2025-09-08 01:00:00.000
1671,31,3791,27.7644441462964,27.7644441462964,NULL,2025-09-08 01:00:00.000
1672,31,3003,2.71325817902883,2.71325817902883,0,2025-09-08 01:00:00.000
1673,31,4172,2.71325817902883,2.71325817902883,0,2025-09-08 01:00:00.000
1674,31,3790,17.6939339929821,17.6939339929821,NULL,2025-09-08 01:00:00.000
1675,31,3696,99.9279172843517,99.9279172843517,NULL,2025-09-08 01:00:00.000
1676,31,3754,0,0,NULL,2025-09-08 01:00:00.000
1677,31,3745,0,0,NULL,2025-09-08 01:00:00.000
1678,31,3766,1.86112715934095,1.86112715934095,NULL,2025-09-08 01:00:00.000
1679,31,3801,460.606137018443,489.849145163101,NULL,2025-09-08 01:00:00.000
1680,31,3802,0,0,NULL,2025-09-08 01:00:00.000
1681,31,3803,104.940224338156,111.628123896185,NULL,2025-09-08 01:00:00.000
1682,31,3804,0,0,NULL,2025-09-08 01:00:00.000
1683,31,3742,0.0066208079876715,0.0066208079876715,NULL,2025-09-08 01:00:00.000
1684,31,3759,0.00443506498688606,0.00443506498688606,NULL,2025-09-08 01:00:00.000
1685,31,3750,0.0260285841918759,0.0260285841918759,NULL,2025-09-08 01:00:00.000
1686,31,3744,0.0059823134254557,0.0059823134254557,NULL,2025-09-08 01:00:00.000
1687,31,3761,0.00293819852830578,0.00293819852830578,NULL,2025-09-08 01:00:00.000
1688,31,3752,0.0231544950778703,0.0231544950778703,NULL,2025-09-08 01:00:00.000
1689,31,3418,31.1491929690043,31.1491929690043,NULL,2025-09-08 01:00:00.000
1690,31,3799,9991.06304027993,9991.06304027993,NULL,2025-09-08 01:00:00.000
1691,31,3765,11.0844880937299,11.0844880937299,NULL,2025-09-08 01:00:00.000
1692,31,3741,0.00866697538405023,0.00866697538405023,NULL,2025-09-08 01:00:00.000
1693,31,3760,0.00338800012574805,0.00338800012574805,NULL,2025-09-08 01:00:00.000
1694,31,3751,0.0340727444282833,0.0340727444282833,NULL,2025-09-08 01:00:00.000
1695,31,3743,0.00401854628550112,0.00401854628550112,NULL,2025-09-08 01:00:00.000
1696,31,3762,0.00197369912645268,0.00197369912645268,NULL,2025-09-08 01:00:00.000
1697,31,3753,0.0155537504591281,0.0155537504591281,NULL,2025-09-08 01:00:00.000
1698,31,5112,11.2515188998646,11.2515188998646,NULL,2025-09-08 01:00:00.000
1699,31,5154,0,0,NULL,2025-09-08 01:00:00.000
1700,31,3740,0.0207857813567008,0.0207857813567008,NULL,2025-09-08 01:00:00.000
1701,31,3758,0.0113440102661487,0.0113440102661487,NULL,2025-09-08 01:00:00.000
1702,31,3749,0.0838234883436226,0.0838234883436226,NULL,2025-09-08 01:00:00.000
1703,31,3806,38.8664154131807,34.1136375183837,NULL,2025-09-08 01:00:00.000
1704,31,3798,91.6379210463454,91.6379210463454,NULL,2025-09-08 01:00:00.000
1705,31,3797,6.87371794097517,6.87371794097517,NULL,2025-09-08 01:00:00.000
1706,31,3368,148.660773865039,156.879582612779,1,2025-09-08 01:00:00.000
1707,31,4170,156.879582612779,156.879582612779,0,2025-09-08 01:00:00.000
1708,31,3695,1,1,NULL,2025-09-08 01:00:00.000
1709,31,3805,565.546361356599,601.477269059286,NULL,2025-09-08 01:00:00.000
1710,31,3718,100,100,NULL,2025-09-08 01:00:00.000
1711,31,3774,1.92080485507699,1.92080485507699,NULL,2025-09-08 01:00:00.000
1712,31,3808,9485.16190249747,9453.98377268958,NULL,2025-09-08 01:00:00.000
1713,31,3800,10089.5746792673,10089.5746792673,NULL,2025-09-08 01:00:00.000
1714,31,3807,604.41277676978,635.59090657767,NULL,2025-09-08 01:00:00.000
1715,31,3773,0.0596776957360369,0.0596776957360369,NULL,2025-09-08 01:00:00.000
1716,31,3767,7.16844261669052,7.16844261669052,NULL,2025-09-08 01:00:00.000
1717,31,1151,5.98281173543688,4.56922133882311,NULL,2025-09-08 01:00:00.000
1718,31,3892,0.240617461701868,0.240617461701868,NULL,2025-09-08 01:00:00.000
1719,31,3445,6.96,6.96,NULL,2025-09-08 01:00:00.000
1720,31,3888,16.7450306322481,16.7450306322481,NULL,2025-09-08 01:00:00.000
1721,31,3884,0.00354048666138081,0.00354048666138081,NULL,2025-09-08 01:00:00.000
1722,31,3845,13.7774596585257,13.7774596585257,NULL,2025-09-08 01:00:00.000
1723,31,3879,14.4160905622123,14.4160905622123,NULL,2025-09-08 01:00:00.000
1724,31,3846,0.401106089156562,0.401106089156562,NULL,2025-09-08 01:00:00.000
1725,31,3847,0,0,NULL,2025-09-08 01:00:00.000
1726,31,3844,0,0,NULL,2025-09-08 01:00:00.000
1727,31,3850,0.0338515857725548,0.0338515857725548,NULL,2025-09-08 01:00:00.000
1728,31,3852,0.0301135927937775,0.0301135927937775,NULL,2025-09-08 01:00:00.000
1729,31,3849,0.0443134525496157,0.0443134525496157,NULL,2025-09-08 01:00:00.000
1730,31,3851,0.0202284397119012,0.0202284397119012,NULL,2025-09-08 01:00:00.000
1731,31,3848,0.109017743702162,0.109017743702162,NULL,2025-09-08 01:00:00.000
1732,31,3911,0.219198111402695,0.21934010746163,NULL,2025-09-08 01:00:00.000
1733,31,3904,0.442099826296212,0.442099826296212,NULL,2025-09-08 01:00:00.000
1734,31,3925,94.1405077245339,94.0663260087929,1,2025-09-08 01:00:00.000
1735,31,3810,82.05,92.1487649956597,NULL,2025-09-08 01:00:00.000
1736,31,1149,899.739905378554,899.739905378554,0,2025-09-08 01:00:00.000
1737,31,3279,899.739905378554,899.739905378554,NULL,2025-09-08 01:00:00.000
1738,31,3853,2.18971035638544,2.18971035638544,NULL,2025-09-08 01:00:00.000
1739,31,3871,1.79230665467992,1.79230665467992,NULL,2025-09-08 01:00:00.000
1740,31,3862,10.5934420484755,10.5934420484755,NULL,2025-09-08 01:00:00.000
1741,31,3880,2.30862041101039,2.30862041101039,NULL,2025-09-08 01:00:00.000
1742,31,1179,2.30719277262688,2.30719277262688,NULL,2025-09-08 01:00:00.000
1743,31,3421,33.0168326894442,33.0168326894442,NULL,2025-09-08 01:00:00.000
1744,31,3047,97.1079284244114,97.1079284244114,1,2025-09-08 01:00:00.000
1745,31,4177,97.1079284244114,97.1079284244114,0,2025-09-08 01:00:00.000
1746,31,3885,14.4673118869742,14.4673118869742,NULL,2025-09-08 01:00:00.000
1747,31,3886,1.91234848410282,1.91234848410282,NULL,2025-09-08 01:00:00.000
1748,31,3891,6.97656338177221,6.97656338177221,NULL,2025-09-08 01:00:00.000
1749,31,3894,8.5725247753764,8.5725247753764,NULL,2025-09-08 01:00:00.000
1750,31,3895,12.9962071495786,12.9962071495786,NULL,2025-09-08 01:00:00.000
1751,31,3897,10.3945093524782,10.3945093524782,NULL,2025-09-08 01:00:00.000
1752,31,3909,10.0433965124767,10.0708839206394,NULL,2025-09-08 01:00:00.000
1753,31,3910,7.00141664939655,7.00345349396171,NULL,2025-09-08 01:00:00.000
1754,31,3893,6.90172047543523,6.90172047543523,NULL,2025-09-08 01:00:00.000
1755,31,3899,30.1768814313718,30.1768814313718,NULL,2025-09-08 01:00:00.000
1756,31,3901,28.2167007593318,28.2167007593318,NULL,2025-09-08 01:00:00.000
1757,31,3898,24.69483753386,24.69483753386,NULL,2025-09-08 01:00:00.000
1758,31,3900,28.1555001513141,28.1555001513141,NULL,2025-09-08 01:00:00.000
1759,31,3908,7.05078129732591,7.05393258233534,NULL,2025-09-08 01:00:00.000
1760,31,3912,0.472854929934879,0.473090012556061,NULL,2025-09-08 01:00:00.000
1761,31,3896,18.4280461306051,18.4280461306051,NULL,2025-09-08 01:00:00.000
1762,31,3903,7.88865121683773,7.88865121683773,NULL,2025-09-08 01:00:00.000
1763,31,3902,7.72088042380086,7.72088042380086,NULL,2025-09-08 01:00:00.000
1764,31,3905,15.6627630171782,15.6627630171782,NULL,2025-09-08 01:00:00.000
1765,31,446,45.3899710655212,45.3899710655212,NULL,2025-09-08 01:00:00.000
1766,31,445,399.334455913968,399.334455913968,NULL,2025-09-08 01:00:00.000
1767,31,2722,232.753264838008,261.343678783213,NULL,2025-09-08 01:00:00.000
1768,31,3854,0.0728356301855734,0.0728356301855734,NULL,2025-09-08 01:00:00.000
1769,31,3872,0.0447415316274892,0.0447415316274892,NULL,2025-09-08 01:00:00.000
1770,31,3863,0.308412982753672,0.308412982753672,NULL,2025-09-08 01:00:00.000
1771,31,3855,0,0,NULL,2025-09-08 01:00:00.000
1772,31,3873,0,0,NULL,2025-09-08 01:00:00.000
1773,31,3864,0,0,NULL,2025-09-08 01:00:00.000
1774,31,3887,2.27771874527389,2.27771874527389,NULL,2025-09-08 01:00:00.000
1775,31,3835,0.797999401015102,0.797999401015102,NULL,2025-09-08 01:00:00.000
1776,31,3824,79.7999401015103,79.7999401015103,NULL,2025-09-08 01:00:00.000
1777,31,3836,0.024884055410172,0.024884055410172,NULL,2025-09-08 01:00:00.000
1778,31,3825,2.4884055410172,2.4884055410172,NULL,2025-09-08 01:00:00.000
1779,31,3837,0,0,NULL,2025-09-08 01:00:00.000
1780,31,3826,0,0,NULL,2025-09-08 01:00:00.000
1781,31,3839,0,0,NULL,2025-09-08 01:00:00.000
1782,31,3829,0,0,NULL,2025-09-08 01:00:00.000
1783,31,3840,0.00218580653274067,0.00218580653274067,NULL,2025-09-08 01:00:00.000
1784,31,3830,0.218580653274067,0.218580653274067,NULL,2025-09-08 01:00:00.000
1785,31,3843,0.00196141423785433,0.00196141423785433,NULL,2025-09-08 01:00:00.000
1786,31,3833,0.196141423785433,0.196141423785433,NULL,2025-09-08 01:00:00.000
1787,31,3823,17.6538540756856,17.6538540756856,NULL,2025-09-08 01:00:00.000
1788,31,3841,0.00286133224960391,0.00286133224960391,NULL,2025-09-08 01:00:00.000
1789,31,3831,0.286133224960391,0.286133224960391,NULL,2025-09-08 01:00:00.000
1790,31,3842,0.0013175561591807,0.0013175561591807,NULL,2025-09-08 01:00:00.000
1791,31,3832,0.13175561591807,0.13175561591807,NULL,2025-09-08 01:00:00.000
1792,31,3828,16.1847955652293,16.1847955652293,NULL,2025-09-08 01:00:00.000
1793,31,3838,0.00694247874305305,0.00694247874305305,NULL,2025-09-08 01:00:00.000
1794,31,3827,0.694247874305305,0.694247874305305,NULL,2025-09-08 01:00:00.000
1795,31,3907,27.7581798295714,27.7581798295714,NULL,2025-09-08 01:00:00.000
1796,31,3004,2.60307241280874,2.60307241280874,0,2025-09-08 01:00:00.000
1797,31,4176,2.60307241280874,2.60307241280874,0,2025-09-08 01:00:00.000
1798,31,3906,17.583175734117,17.583175734117,NULL,2025-09-08 01:00:00.000
1799,31,3812,99.9279172843517,99.9279172843517,NULL,2025-09-08 01:00:00.000
1800,31,3870,0,0,NULL,2025-09-08 01:00:00.000
1801,31,3861,0,0,NULL,2025-09-08 01:00:00.000
1802,31,3882,1.86112715934095,1.86112715934095,NULL,2025-09-08 01:00:00.000
1803,31,3917,448.204676469865,459.878009006936,NULL,2025-09-08 01:00:00.000
1804,31,3918,0,0,NULL,2025-09-08 01:00:00.000
1805,31,3919,102.874734532266,105.570375132185,NULL,2025-09-08 01:00:00.000
1806,31,3920,0,0,NULL,2025-09-08 01:00:00.000
1807,31,3858,0.0066208079876715,0.0066208079876715,NULL,2025-09-08 01:00:00.000
1808,31,3875,0.00443506498688606,0.00443506498688606,NULL,2025-09-08 01:00:00.000
1809,31,3866,0.0260285841918759,0.0260285841918759,NULL,2025-09-08 01:00:00.000
1810,31,3860,0.0059823134254557,0.0059823134254557,NULL,2025-09-08 01:00:00.000
1811,31,3877,0.00293819852830578,0.00293819852830578,NULL,2025-09-08 01:00:00.000
1812,31,3868,0.0231544950778703,0.0231544950778703,NULL,2025-09-08 01:00:00.000
1813,31,3420,31.3131454617889,31.3131454617889,NULL,2025-09-08 01:00:00.000
1814,31,3915,9991.06304027993,9991.06304027993,NULL,2025-09-08 01:00:00.000
1815,31,3881,11.0844880937299,11.0844880937299,NULL,2025-09-08 01:00:00.000
1816,31,3857,0.00866697538405023,0.00866697538405023,NULL,2025-09-08 01:00:00.000
1817,31,3876,0.00338800012574805,0.00338800012574805,NULL,2025-09-08 01:00:00.000
1818,31,3867,0.0340727444282833,0.0340727444282833,NULL,2025-09-08 01:00:00.000
1819,31,3859,0.00401854628550112,0.00401854628550112,NULL,2025-09-08 01:00:00.000
1820,31,3878,0.00197369912645268,0.00197369912645268,NULL,2025-09-08 01:00:00.000
1821,31,3869,0.0155537504591281,0.0155537504591281,NULL,2025-09-08 01:00:00.000
1822,31,5113,9.92745613919364,9.92745613919364,NULL,2025-09-08 01:00:00.000
1823,31,5155,0,0,NULL,2025-09-08 01:00:00.000
1824,31,3856,0.0207857813567008,0.0207857813567008,NULL,2025-09-08 01:00:00.000
1825,31,3874,0.0113440102661487,0.0113440102661487,NULL,2025-09-08 01:00:00.000
1826,31,3865,0.0838234883436226,0.0838234883436226,NULL,2025-09-08 01:00:00.000
1827,31,3922,38.8650992982764,31.9648783856599,NULL,2025-09-08 01:00:00.000
1828,31,3914,70.1749751194688,70.1749751194688,NULL,2025-09-08 01:00:00.000
1829,31,3913,6.94677887922398,6.94677887922398,NULL,2025-09-08 01:00:00.000
1830,31,3369,146.148293329596,149.461662239499,1,2025-09-08 01:00:00.000
1831,31,4174,149.461662239499,149.461662239499,0,2025-09-08 01:00:00.000
1832,31,3811,1,1,NULL,2025-09-08 01:00:00.000
1833,31,3921,551.079411002131,565.448384139121,NULL,2025-09-08 01:00:00.000
1834,31,3834,100,100,NULL,2025-09-08 01:00:00.000
1835,31,3890,1.92041271693884,1.92041271693884,NULL,2025-09-08 01:00:00.000
1836,31,3924,9478.24028397822,9470.77153175384,NULL,2025-09-08 01:00:00.000
1837,31,3916,10068.1847942786,10068.1847942786,NULL,2025-09-08 01:00:00.000
1838,31,3923,589.944510300408,597.413262524781,NULL,2025-09-08 01:00:00.000
1839,31,3889,0.0592855575978874,0.0592855575978874,NULL,2025-09-08 01:00:00.000
1840,31,3883,7.16844261669052,7.16844261669052,NULL,2025-09-08 01:00:00.000
1841,31,4008,0.240782317670012,0.240782317670012,NULL,2025-09-08 01:00:00.000
1842,31,3446,6.96,6.96,NULL,2025-09-08 01:00:00.000
1843,31,4004,16.2198169400518,16.2198169400518,NULL,2025-09-08 01:00:00.000
1844,31,4000,0.00354048666138081,0.00354048666138081,NULL,2025-09-08 01:00:00.000
1845,31,3961,13.7774596585257,13.7774596585257,NULL,2025-09-08 01:00:00.000
1846,31,3995,14.4160905622123,14.4160905622123,NULL,2025-09-08 01:00:00.000
1847,31,3962,0.401106089156562,0.401106089156562,NULL,2025-09-08 01:00:00.000
1848,31,3963,0,0,NULL,2025-09-08 01:00:00.000
1849,31,3960,0,0,NULL,2025-09-08 01:00:00.000
1850,31,3966,0.0338515857725548,0.0338515857725548,NULL,2025-09-08 01:00:00.000
1851,31,3968,0.0301135927937775,0.0301135927937775,NULL,2025-09-08 01:00:00.000
1852,31,3965,0.0443134525496157,0.0443134525496157,NULL,2025-09-08 01:00:00.000
1853,31,3967,0.0202284397119012,0.0202284397119012,NULL,2025-09-08 01:00:00.000
1854,31,3964,0.109017743702162,0.109017743702162,NULL,2025-09-08 01:00:00.000
1855,31,4027,0.219134266772111,0.219327267886751,NULL,2025-09-08 01:00:00.000
1856,31,4020,0.444214611670212,0.444214611670212,NULL,2025-09-08 01:00:00.000
1857,31,4041,93.7461575472106,93.5930155658571,1,2025-09-08 01:00:00.000
1858,31,3926,92.048,95.4547436197917,NULL,2025-09-08 01:00:00.000
1859,31,1150,971.249739922418,971.249739922418,0,2025-09-08 01:00:00.000
1860,31,3280,971.249739922418,971.249739922418,NULL,2025-09-08 01:00:00.000
1861,31,3969,2.18971035638544,2.18971035638544,NULL,2025-09-08 01:00:00.000
1862,31,3987,1.79230665467992,1.79230665467992,NULL,2025-09-08 01:00:00.000
1863,31,3978,10.5934420484755,10.5934420484755,NULL,2025-09-08 01:00:00.000
1864,31,3996,2.30862041101039,2.30862041101039,NULL,2025-09-08 01:00:00.000
1865,31,1180,2.30719277262688,2.30719277262688,NULL,2025-09-08 01:00:00.000
1866,31,3423,54.825955998456,54.825955998456,NULL,2025-09-08 01:00:00.000
1867,31,3048,63.3394926071167,63.3394926071167,1,2025-09-08 01:00:00.000
1868,31,4181,63.3394926071167,63.3394926071167,0,2025-09-08 01:00:00.000
1869,31,4001,14.4673118869742,14.4673118869742,NULL,2025-09-08 01:00:00.000
1870,31,4002,1.91234848410282,1.91234848410282,NULL,2025-09-08 01:00:00.000
1871,31,4007,6.9861118394471,6.9861118394471,NULL,2025-09-08 01:00:00.000
1872,31,4010,8.65319634816626,8.65319634816626,NULL,2025-09-08 01:00:00.000
1873,31,4011,13.2650433489398,13.2650433489398,NULL,2025-09-08 01:00:00.000
1874,31,4013,10.6106164979513,10.6106164979513,NULL,2025-09-08 01:00:00.000
1875,31,4025,10.1765020521571,10.2110128806894,NULL,2025-09-08 01:00:00.000
1876,31,4026,7.01199884044486,7.01505389982286,NULL,2025-09-08 01:00:00.000
1877,31,4009,6.91380488044381,6.91380488044381,NULL,2025-09-08 01:00:00.000
1878,31,4015,31.0846101308287,31.0846101308287,NULL,2025-09-08 01:00:00.000
1879,31,4017,28.8822739020335,28.8822739020335,NULL,2025-09-08 01:00:00.000
1880,31,4014,25.2041423224194,25.2041423224194,NULL,2025-09-08 01:00:00.000
1881,31,4016,28.7379228085987,28.7379228085987,NULL,2025-09-08 01:00:00.000
1882,31,4024,7.0668223977826,7.07131478894808,NULL,2025-09-08 01:00:00.000
1883,31,4028,0.474024466955875,0.474340844929833,NULL,2025-09-08 01:00:00.000
1884,31,4012,18.8266940785171,18.8266940785171,NULL,2025-09-08 01:00:00.000
1885,31,4019,7.9633194416257,7.9633194416257,NULL,2025-09-08 01:00:00.000
1886,31,4018,7.72088042380086,7.72088042380086,NULL,2025-09-08 01:00:00.000
1887,31,4021,15.1394088370535,15.1394088370535,NULL,2025-09-08 01:00:00.000
1888,31,448,45.3570584138234,45.3570584138234,NULL,2025-09-08 01:00:00.000
1889,31,447,399.985917112562,399.985917112562,NULL,2025-09-08 01:00:00.000
1890,31,2723,257.941988773588,267.846354993477,NULL,2025-09-08 01:00:00.000
1891,31,3970,0.0728356301855734,0.0728356301855734,NULL,2025-09-08 01:00:00.000
1892,31,3988,0.0447415316274892,0.0447415316274892,NULL,2025-09-08 01:00:00.000
1893,31,3979,0.308412982753672,0.308412982753672,NULL,2025-09-08 01:00:00.000
1894,31,3971,0,0,NULL,2025-09-08 01:00:00.000
1895,31,3989,0,0,NULL,2025-09-08 01:00:00.000
1896,31,3980,0,0,NULL,2025-09-08 01:00:00.000
1897,31,4003,1.7525050530776,1.7525050530776,NULL,2025-09-08 01:00:00.000
1898,31,3951,0.797999401015102,0.797999401015102,NULL,2025-09-08 01:00:00.000
1899,31,3940,79.7999401015103,79.7999401015103,NULL,2025-09-08 01:00:00.000
1900,31,3952,0.024884055410172,0.024884055410172,NULL,2025-09-08 01:00:00.000
1901,31,3941,2.4884055410172,2.4884055410172,NULL,2025-09-08 01:00:00.000
1902,31,3953,0,0,NULL,2025-09-08 01:00:00.000
1903,31,3942,0,0,NULL,2025-09-08 01:00:00.000
1904,31,3955,0,0,NULL,2025-09-08 01:00:00.000
1905,31,3945,0,0,NULL,2025-09-08 01:00:00.000
1906,31,3956,0.00218580653274067,0.00218580653274067,NULL,2025-09-08 01:00:00.000
1907,31,3946,0.218580653274067,0.218580653274067,NULL,2025-09-08 01:00:00.000
1908,31,3959,0.00196141423785433,0.00196141423785433,NULL,2025-09-08 01:00:00.000
1909,31,3949,0.196141423785433,0.196141423785433,NULL,2025-09-08 01:00:00.000
1910,31,3939,17.6538540756856,17.6538540756856,NULL,2025-09-08 01:00:00.000
1911,31,3957,0.00286133224960391,0.00286133224960391,NULL,2025-09-08 01:00:00.000
1912,31,3947,0.286133224960391,0.286133224960391,NULL,2025-09-08 01:00:00.000
1913,31,3958,0.0013175561591807,0.0013175561591807,NULL,2025-09-08 01:00:00.000
1914,31,3948,0.13175561591807,0.13175561591807,NULL,2025-09-08 01:00:00.000
1915,31,3944,16.1847955652293,16.1847955652293,NULL,2025-09-08 01:00:00.000
1916,31,3954,0.00694247874305305,0.00694247874305305,NULL,2025-09-08 01:00:00.000
1917,31,3943,0.694247874305305,0.694247874305305,NULL,2025-09-08 01:00:00.000
1918,31,4023,27.7274081516255,27.7274081516255,NULL,2025-09-08 01:00:00.000
1919,31,3365,2.06191181544484,2.06191181544484,0,2025-09-08 01:00:00.000
1920,31,4022,17.0579620419207,17.0579620419207,NULL,2025-09-08 01:00:00.000
1921,31,3928,99.9279172843517,99.9279172843517,NULL,2025-09-08 01:00:00.000
1922,31,3986,0,0,NULL,2025-09-08 01:00:00.000
1923,31,3977,0,0,NULL,2025-09-08 01:00:00.000
1924,31,3998,1.86112715934095,1.86112715934095,NULL,2025-09-08 01:00:00.000
1925,31,4033,487.056508389292,501.789458077308,NULL,2025-09-08 01:00:00.000
1926,31,4034,0,0,NULL,2025-09-08 01:00:00.000
1927,31,4035,115.993501784408,119.494781038398,NULL,2025-09-08 01:00:00.000
1928,31,4036,0,0,NULL,2025-09-08 01:00:00.000
1929,31,3974,0.0066208079876715,0.0066208079876715,NULL,2025-09-08 01:00:00.000
1930,31,3991,0.00443506498688606,0.00443506498688606,NULL,2025-09-08 01:00:00.000
1931,31,3982,0.0260285841918759,0.0260285841918759,NULL,2025-09-08 01:00:00.000
1932,31,3976,0.0059823134254557,0.0059823134254557,NULL,2025-09-08 01:00:00.000
1933,31,3993,0.00293819852830578,0.00293819852830578,NULL,2025-09-08 01:00:00.000
1934,31,3984,0.0231544950778703,0.0231544950778703,NULL,2025-09-08 01:00:00.000
1935,31,3422,40.235116813801,40.235116813801,NULL,2025-09-08 01:00:00.000
1936,31,4031,9991.06304027993,9991.06304027993,NULL,2025-09-08 01:00:00.000
1937,31,3997,11.0844880937299,11.0844880937299,NULL,2025-09-08 01:00:00.000
1938,31,3973,0.00866697538405023,0.00866697538405023,NULL,2025-09-08 01:00:00.000
1939,31,3992,0.00338800012574805,0.00338800012574805,NULL,2025-09-08 01:00:00.000
1940,31,3983,0.0340727444282833,0.0340727444282833,NULL,2025-09-08 01:00:00.000
1941,31,3975,0.00401854628550112,0.00401854628550112,NULL,2025-09-08 01:00:00.000
1942,31,3994,0.00197369912645268,0.00197369912645268,NULL,2025-09-08 01:00:00.000
1943,31,3985,0.0155537504591281,0.0155537504591281,NULL,2025-09-08 01:00:00.000
1944,31,5114,335.84910697937,335.84910697937,NULL,2025-09-08 01:00:00.000
1945,31,5156,9.69999980926514,9.69999980926514,NULL,2025-09-08 01:00:00.000
1946,31,3972,0.0207857813567008,0.0207857813567008,NULL,2025-09-08 01:00:00.000
1947,31,3990,0.0113440102661487,0.0113440102661487,NULL,2025-09-08 01:00:00.000
1948,31,3981,0.0838234883436226,0.0838234883436226,NULL,2025-09-08 01:00:00.000
1949,31,4038,32.0402697209584,29.3579170111399,NULL,2025-09-08 01:00:00.000
1950,31,4030,153.194818235728,153.194818235728,NULL,2025-09-08 01:00:00.000
1951,31,4029,10.9432788488929,10.9432788488929,NULL,2025-09-08 01:00:00.000
1952,31,3370,162.411521279717,166.719318783472,1,2025-09-08 01:00:00.000
1953,31,4178,166.719318783472,166.719318783472,0,2025-09-08 01:00:00.000
1954,31,3927,1,1,NULL,2025-09-08 01:00:00.000
1955,31,4037,603.0500101737,621.284239115707,NULL,2025-09-08 01:00:00.000
1956,31,3950,100,100,NULL,2025-09-08 01:00:00.000
1957,31,4006,1.91855320486724,1.91855320486724,NULL,2025-09-08 01:00:00.000
1958,31,4040,9520.11085746989,9504.5589812377,NULL,2025-09-08 01:00:00.000
1959,31,4032,10155.2011373646,10155.2011373646,NULL,2025-09-08 01:00:00.000
1960,31,4039,635.090279894658,650.642156126846,NULL,2025-09-08 01:00:00.000
1961,31,4005,0.0574260455262919,0.0574260455262919,NULL,2025-09-08 01:00:00.000
1962,31,3999,7.16844261669052,7.16844261669052,NULL,2025-09-08 01:00:00.000
1963,31,3454,87.7656492171749,87.7656492171749,NULL,2025-09-08 01:00:00.000
1964,31,637,87.7656492171749,87.7656492171749,NULL,2025-09-08 01:00:00.000
1965,31,638,0.0917645744832917,0.0917645744832917,NULL,2025-09-08 01:00:00.000
1966,31,3455,1.45986971741024,1.45986971741024,NULL,2025-09-08 01:00:00.000
1967,31,639,1.45986971741024,1.45986971741024,NULL,2025-09-08 01:00:00.000
1968,31,4054,0,0,NULL,2025-09-08 01:00:00.000
1969,31,3461,0,0,NULL,2025-09-08 01:00:00.000
1970,31,3458,0.0663456544280052,0.0663456544280052,NULL,2025-09-08 01:00:00.000
1971,31,640,0.0663456544280052,0.0663456544280052,NULL,2025-09-08 01:00:00.000
1972,31,3460,0.0479578115046024,0.0479578115046024,NULL,2025-09-08 01:00:00.000
1973,31,641,0.0479578115046024,0.0479578115046024,NULL,2025-09-08 01:00:00.000
1974,31,3453,10.1912500542938,10.1912500542938,NULL,2025-09-08 01:00:00.000
1975,31,642,10.1912500542938,10.1912500542938,NULL,2025-09-08 01:00:00.000
1976,31,3457,0.0868498459458351,0.0868498459458351,NULL,2025-09-08 01:00:00.000
1977,31,643,0.0868498459458351,0.0868498459458351,NULL,2025-09-08 01:00:00.000
1978,31,3459,0.0322150766060711,0.0322150766060711,NULL,2025-09-08 01:00:00.000
1979,31,644,0.0322150766060711,0.0322150766060711,NULL,2025-09-08 01:00:00.000
1980,31,3456,0.277779906988144,0.277779906988144,NULL,2025-09-08 01:00:00.000
1981,31,645,0.277779906988144,0.277779906988144,NULL,2025-09-08 01:00:00.000
1982,31,3495,9991.06304027993,9991.06304027993,NULL,2025-09-08 01:00:00.000
1983,31,4788,5,5,NULL,2025-09-08 01:00:00.000
1984,31,341,5,5,NULL,2025-09-08 01:00:00.000
1985,31,343,2.8718,2.86957835635386,0,2025-09-08 01:00:00.000
1986,31,434,0,0,NULL,2025-09-08 01:00:00.000
1987,31,432,0,0,NULL,2025-09-08 01:00:00.000
1988,31,435,0,0,NULL,2025-09-08 01:00:00.000
1989,31,2482,0,0,NULL,2025-09-08 01:00:00.000
1990,31,433,0,0,NULL,2025-09-08 01:00:00.000
1991,31,4813,4298.17952833458,4298.17952833458,0,2025-09-08 01:00:00.000
1992,31,4898,4314.41614655671,4314.41614655671,0,2025-09-08 01:00:00.000
1993,31,4821,3.0913874214046,3.0913874214046,0,2025-09-08 01:00:00.000
1994,31,4901,3.09014425841195,3.09014425841195,0,2025-09-08 01:00:00.000
1995,31,4887,17.8312899967035,17.8312899967035,0,2025-09-08 01:00:00.000
1996,31,4811,-57.2485195461843,-57.2485195461843,0,2025-09-08 01:00:00.000
1997,31,4810,70.7035206876978,70.7035206876978,0,2025-09-08 01:00:00.000
1998,31,4896,71.0697865051693,71.0697865051693,0,2025-09-08 01:00:00.000
1999,31,4916,-57.2788847337166,-57.2788847337166,0,2025-09-08 01:00:00.000
2000,31,4809,67.1983157823204,67.1983157823204,0,2025-09-08 01:00:00.000
2001,31,4895,67.4187500448757,67.4187500448757,0,2025-09-08 01:00:00.000
2002,31,4808,44.9912263280514,44.9912263280514,0,2025-09-08 01:00:00.000
2003,31,4894,54.4745180847677,54.4745180847677,0,2025-09-08 01:00:00.000
2004,31,4114,0.447477670424514,0.447477670424514,0,2025-09-08 01:00:00.000
2005,31,4256,0.447587347894631,0.447587347894631,0,2025-09-08 01:00:00.000
2006,31,4966,0.895,0.895,NULL,2025-09-08 01:00:00.000
2007,31,4870,225.83194732666,225.83194732666,NULL,2025-09-08 01:00:00.000
2008,31,4871,376.715123538971,376.715123538971,NULL,2025-09-08 01:00:00.000
2009,31,4873,11.1472226397196,11.1472226397196,NULL,2025-09-08 01:00:00.000
2010,31,4875,16.1954012060165,16.1954012060165,NULL,2025-09-08 01:00:00.000
2011,31,4879,4.11526479750779,4.11526479750779,NULL,2025-09-08 01:00:00.000
2012,31,4816,85.3244232567403,85.3244232567403,0,2025-09-08 01:00:00.000
2013,31,4899,86.0802052116394,86.0802052116394,0,2025-09-08 01:00:00.000
2014,31,4872,-76.5979866471578,-76.5979866471578,NULL,2025-09-08 01:00:00.000
2015,31,4970,3165.94469624852,3165.94469624852,NULL,2025-09-08 01:00:00.000
2016,31,4971,6.67226506307126,6.67226506307126,NULL,2025-09-08 01:00:00.000
2017,31,4968,22.860250018997,22.860250018997,NULL,2025-09-08 01:00:00.000
2018,31,4967,44.8336124449836,44.8336124449836,NULL,2025-09-08 01:00:00.000
2019,31,4977,0.789019822214095,0.789019822214095,NULL,2025-09-08 01:00:00.000
2020,31,4880,167.374186351564,167.374186351564,NULL,2025-09-08 01:00:00.000
2021,31,4883,104.643089871936,104.643089871936,NULL,2025-09-08 01:00:00.000
2022,31,4878,1.321,1.321,NULL,2025-09-08 01:00:00.000
2023,31,4874,-5.04303688383765,-5.04303688383765,NULL,2025-09-08 01:00:00.000
2024,31,4974,2312.86134292568,2312.86134292568,NULL,2025-09-08 01:00:00.000
2025,31,4978,2056.60450227841,2056.60450227841,0,2025-09-08 01:00:00.000
2026,31,4973,2417.96952978272,2417.96952978272,NULL,2025-09-08 01:00:00.000
2027,31,4972,148.778613770148,148.778613770148,NULL,2025-09-08 01:00:00.000
2028,31,4969,0.202508195183121,0.202508195183121,NULL,2025-09-08 01:00:00.000
2029,31,4976,7.79794249676884,7.79794249676884,NULL,2025-09-08 01:00:00.000
2030,31,4975,0.519533860634972,0.519533860634972,NULL,2025-09-08 01:00:00.000
2031,31,4881,1.30278979888061,1.30278979888061,NULL,2025-09-08 01:00:00.000
2032,31,4884,1.08812036974979,1.08812036974979,NULL,2025-09-08 01:00:00.000
2033,31,4886,-21.0734707448427,-21.0734707448427,NULL,2025-09-08 01:00:00.000
2034,31,508,81.2872725244098,81.2872725244098,0,2025-09-08 01:00:00.000
2035,31,1035,262.516842809483,262.516842809483,NULL,2025-09-08 01:00:00.000
2036,31,4905,82.296900068389,82.296900068389,0,2025-09-08 01:00:00.000
2037,31,507,43.8515646726831,43.8515646726831,0,2025-09-08 01:00:00.000
2038,31,4904,43.8203624449836,43.8203624449836,0,2025-09-08 01:00:00.000
2039,31,506,391.443038573671,391.443038573671,0,2025-09-08 01:00:00.000
2040,31,4903,391.358796409584,391.358796409584,0,2025-09-08 01:00:00.000
2041,31,512,5.38079412629207,5.38079412629207,NULL,2025-09-08 01:00:00.000
2042,31,4979,0.769000670812998,0.769000670812998,0,2025-09-08 01:00:00.000
2043,31,4980,76.9000670812998,76.9000670812998,0,2025-09-08 01:00:00.000
2044,31,4882,-20.3730554447895,-20.3730554447895,NULL,2025-09-08 01:00:00.000
2045,31,4885,-0.70041530005321,-0.70041530005321,NULL,2025-09-08 01:00:00.000
2046,31,4825,3172.62771748613,3172.62771748613,0,2025-09-08 01:00:00.000
2047,31,4910,3184.32991135209,3184.32991135209,0,2025-09-08 01:00:00.000
2048,31,4827,0.31198655292708,0.31198655292708,0,2025-09-08 01:00:00.000
2049,31,4914,0.317366085907927,0.317366085907927,0,2025-09-08 01:00:00.000
2050,31,4888,33.0714284777641,33.0714284777641,0,2025-09-08 01:00:00.000
2051,31,4963,27176.882552502,27176.882552502,0,2025-09-08 01:00:00.000
2052,31,4964,27.176882552502,27.176882552502,0,2025-09-08 01:00:00.000
2053,31,5130,110.766190531519,110.766190531519,NULL,2025-09-08 01:00:00.000
2054,31,4931,0.91,0.91,NULL,2025-09-08 01:00:00.000
2055,31,4981,0.994219278068966,0.994219278068966,NULL,2025-09-08 01:00:00.000
2056,31,4942,0.928232894935325,0.928232894935325,NULL,2025-09-08 01:00:00.000
2057,31,4930,162.12315188171,162.12315188171,NULL,2025-09-08 01:00:00.000
2058,31,4929,56.9661424998442,56.9661424998442,NULL,2025-09-08 01:00:00.000
2059,31,4953,0.994219278068966,0.994219278068966,NULL,2025-09-08 01:00:00.000
2060,31,4950,2495.29785981922,2495.29785981922,NULL,2025-09-08 01:00:00.000
2061,31,4955,2682.46494688174,2682.46494688174,NULL,2025-09-08 01:00:00.000
2062,31,4949,2222.3781936156,2222.3781936156,NULL,2025-09-08 01:00:00.000
2063,31,4948,472.933703629022,472.933703629022,NULL,2025-09-08 01:00:00.000
2064,31,4954,0.994219278068966,0.994219278068966,NULL,2025-09-08 01:00:00.000
2065,31,4952,5.76795961021511,5.76795961021511,NULL,2025-09-08 01:00:00.000
2066,31,4951,1.45352019489245,1.45352019489245,NULL,2025-09-08 01:00:00.000
2067,31,4943,2675.63048546194,2675.63048546194,NULL,2025-09-08 01:00:00.000
2068,31,4932,6.05657918519444,6.05657918519444,NULL,2025-09-08 01:00:00.000
2069,31,4933,225.788379826016,225.788379826016,NULL,2025-09-08 01:00:00.000
2070,31,4946,0.979920178253227,0.979920178253227,NULL,2025-09-08 01:00:00.000
2071,31,4940,2882.49910131483,2882.49910131483,NULL,2025-09-08 01:00:00.000
2072,31,4947,2675.63048546194,2675.63048546194,NULL,2025-09-08 01:00:00.000
2073,31,4941,7.18813683449147,7.18813683449147,NULL,2025-09-08 01:00:00.000
2074,31,4936,23.0808372504917,23.0808372504917,NULL,2025-09-08 01:00:00.000
2075,31,4945,5.00034208148056,5.00034208148056,NULL,2025-09-08 01:00:00.000
2076,31,4944,1.77232895925972,1.77232895925972,NULL,2025-09-08 01:00:00.000
2077,31,4826,71.7180821782677,71.7180821782677,0,2025-09-08 01:00:00.000
2078,31,4911,72.3106796794467,72.3106796794467,0,2025-09-08 01:00:00.000
2079,31,4938,3165.94469624852,3165.94469624852,NULL,2025-09-08 01:00:00.000
2080,31,4939,6.67226506307126,6.67226506307126,NULL,2025-09-08 01:00:00.000
2081,31,4935,53.8492235092469,53.8492235092469,NULL,2025-09-08 01:00:00.000
2082,31,4934,45.0702975982295,45.0702975982295,NULL,2025-09-08 01:00:00.000
2083,31,4937,30.7683862587552,30.7683862587552,NULL,2025-09-08 01:00:00.000
2084,31,5195,803.860370748308,803.860370748308,NULL,2025-09-08 01:00:00.000
2085,31,5092,65.3327953667111,65.3327953667111,NULL,2025-09-08 01:00:00.000
2086,31,4828,35.5640209218749,35.5640209218749,0,2025-09-08 01:00:00.000
2087,31,4917,36.2550614669235,36.2550614669235,0,2025-09-08 01:00:00.000
2088,31,4958,27176.882552502,27176.882552502,NULL,2025-09-08 01:00:00.000
2089,31,4961,26192.7541775715,26192.7541775715,NULL,2025-09-08 01:00:00.000
2090,31,511,191.904373712637,191.904373712637,0,2025-09-08 01:00:00.000
2091,31,1036,618.380294688042,618.380294688042,NULL,2025-09-08 01:00:00.000
2092,31,4921,193.857204633289,193.857204633289,0,2025-09-08 01:00:00.000
2093,31,510,44.0798040224424,44.0798040224424,0,2025-09-08 01:00:00.000
2094,31,4920,44.0570475982295,44.0570475982295,0,2025-09-08 01:00:00.000
2095,31,509,391.395276620013,391.395276620013,0,2025-09-08 01:00:00.000
2096,31,4919,391.290746277791,391.290746277791,0,2025-09-08 01:00:00.000
2097,31,513,176.545331905153,176.545331905153,NULL,2025-09-08 01:00:00.000
2098,31,4965,1.03757254270623,1.03757254270623,0,2025-09-08 01:00:00.000
2099,31,4962,103.757254270623,103.757254270623,NULL,2025-09-08 01:00:00.000
2100,31,4956,15263.3251942954,15263.3251942954,NULL,2025-09-08 01:00:00.000
2101,31,4959,26403.0395264063,26403.0395264063,NULL,2025-09-08 01:00:00.000
2102,31,4957,11913.5573582067,11913.5573582067,NULL,2025-09-08 01:00:00.000
2103,31,4960,-210.285348834797,-210.285348834797,NULL,2025-09-08 01:00:00.000
2104,31,4130,0.469530735122161,0.469530735122161,0,2025-09-08 01:00:00.000
2105,31,4279,0.453385770643958,0.453385770643958,0,2025-09-08 01:00:00.000
2106,31,4839,6.04351428544794,6.04351428544794,NULL,2025-09-08 01:00:00.000
2107,31,4840,0.297813784961264,0.297813784961264,NULL,2025-09-08 01:00:00.000
2108,31,3024,72.535472869873,72.535472869873,NULL,2025-09-08 01:00:00.000
2109,31,3025,77.5929679870605,77.5929679870605,NULL,2025-09-08 01:00:00.000
2110,31,3026,95.3903198242188,95.3903198242188,NULL,2025-09-08 01:00:00.000
2111,31,3027,85.1396369934082,85.1396369934082,NULL,2025-09-08 01:00:00.000
2112,31,1197,5.62744726113702,5.62744726113702,NULL,2025-09-08 01:00:00.000
2113,31,3049,0,0,NULL,2025-09-08 01:00:00.000
2114,31,5235,0,0,NULL,2025-09-08 01:00:00.000
2115,31,3050,0,0,NULL,2025-09-08 01:00:00.000
2116,31,5236,0,0,NULL,2025-09-08 01:00:00.000
2117,31,3051,0,0,NULL,2025-09-08 01:00:00.000
2118,31,5237,0,0,NULL,2025-09-08 01:00:00.000
2119,31,3052,0,0,NULL,2025-09-08 01:00:00.000
2120,31,5238,0,0,NULL,2025-09-08 01:00:00.000
2121,31,3053,0,0,NULL,2025-09-08 01:00:00.000
2122,31,5239,0,0,NULL,2025-09-08 01:00:00.000
2123,31,3054,0,0,NULL,2025-09-08 01:00:00.000
2124,31,5129,201.159076778624,201.159076778624,NULL,2025-09-08 01:00:00.000
2125,31,2729,255.679731833152,255.679731833152,NULL,2025-09-08 01:00:00.000
2126,31,5053,89.5372045508889,89.5372045508889,0,2025-09-08 01:00:00.000
2127,31,5054,87.2611083698567,87.2611083698567,0,2025-09-08 01:00:00.000
2128,31,5055,88.1902252259892,88.1902252259892,0,2025-09-08 01:00:00.000
2129,31,5056,89.5,89.5,0,2025-09-08 01:00:00.000
2130,31,4695,30.4225922042794,30.4225922042794,NULL,2025-09-08 01:00:00.000
2131,31,3031,94.2972180445989,94.2972180445989,NULL,2025-09-08 01:00:00.000
2132,31,5049,0.21636426448822,0.21636426448822,0,2025-09-08 01:00:00.000
2133,31,5050,0.271358370780945,0.271358370780945,0,2025-09-08 01:00:00.000
2134,31,5051,0.282257437705994,0.282257437705994,0,2025-09-08 01:00:00.000
2135,31,5052,1.47570276260376,1.47570276260376,0,2025-09-08 01:00:00.000
2136,31,4697,47.4804680294461,47.4804680294461,NULL,2025-09-08 01:00:00.000
2137,31,4924,3634.23942342122,3634.23942342122,NULL,2025-09-08 01:00:00.000
2138,31,4802,48.1447531364588,48.1447531364588,0,2025-09-08 01:00:00.000
2139,31,4696,0.200000002980232,0.200000002980232,NULL,2025-09-08 01:00:00.000
2140,31,2732,45.1578241049382,45.1578241049382,NULL,2025-09-08 01:00:00.000
2141,31,2733,395.507517794518,395.507517794518,NULL,2025-09-08 01:00:00.000
2142,31,504,451.90390604443,451.90390604443,NULL,2025-09-08 01:00:00.000
2143,31,1009,1541.60334655713,1541.60334655713,NULL,2025-09-08 01:00:00.000
2144,31,503,101.467526131413,101.467526131413,NULL,2025-09-08 01:00:00.000
2145,31,4698,10,10,NULL,2025-09-08 01:00:00.000
2146,31,4125,9.2073519113991,9.2073519113991,0,2025-09-08 01:00:00.000
2147,31,4272,9.2073519113991,9.2073519113991,0,2025-09-08 01:00:00.000
2148,31,4124,13.5179782186084,13.5179782186084,0,2025-09-08 01:00:00.000
2149,31,4269,13.5179782186084,13.5179782186084,0,2025-09-08 01:00:00.000
2150,31,4141,9.94803447877654,9.94803447877654,0,2025-09-08 01:00:00.000
2151,31,4295,9.94803447877654,9.94803447877654,0,2025-09-08 01:00:00.000
2152,31,4140,11.8168679893825,11.8168679893825,0,2025-09-08 01:00:00.000
2153,31,4292,11.8168679893825,11.8168679893825,0,2025-09-08 01:00:00.000
2154,31,4153,2.83892736623685,2.83892736623685,0,2025-09-08 01:00:00.000
2155,31,4310,2.83892736623685,2.83892736623685,0,2025-09-08 01:00:00.000
2156,31,3364,1076.40793879588,1076.40793879588,0,2025-09-08 01:00:00.000
2157,31,3328,0.0204280096288814,0.0204280096288814,NULL,2025-09-08 01:00:00.000
2158,31,4707,477.466385816331,477.466385816331,NULL,2025-09-08 01:00:00.000
2159,31,4705,50612.2505859375,50612.2505859375,NULL,2025-09-08 01:00:00.000
2160,31,4708,60.9408494233806,60.9408494233806,NULL,2025-09-08 01:00:00.000
2161,31,4709,68.2268063466475,68.2268063466475,NULL,2025-09-08 01:00:00.000
2162,31,4710,79.8075937896445,79.8075937896445,NULL,2025-09-08 01:00:00.000
2163,31,4706,1.27522269620753,1.27522269620753,0,2025-09-08 01:00:00.000
2164,31,4711,15.4358170155725,15.4358170155725,0,2025-09-08 01:00:00.000
2165,31,4923,18.0193304296875,18.0193304296875,NULL,2025-09-08 01:00:00.000
2166,31,4713,27414.7934814453,27414.7934814453,NULL,2025-09-08 01:00:00.000
2167,31,4712,36246.9780327691,36246.9780327691,NULL,2025-09-08 01:00:00.000
2168,31,1211,50612.2505859375,50612.2505859375,NULL,2025-09-08 01:00:00.000
2169,31,394,1,1,NULL,2025-09-08 01:00:00.000
2170,31,401,7,7,NULL,2025-09-08 01:00:00.000
2171,31,3355,27414.7934814453,27414.7934814453,NULL,2025-09-08 01:00:00.000
2172,31,2896,0,0,NULL,2025-09-08 01:00:00.000
2173,31,3439,58.12,58.12,NULL,2025-09-08 01:00:00.000
2174,31,3437,30.07,30.07,NULL,2025-09-08 01:00:00.000
2175,31,3436,28.051,28.051,NULL,2025-09-08 01:00:00.000
2176,31,3434,2.016,2.016,NULL,2025-09-08 01:00:00.000
2177,31,3435,16.04,16.04,NULL,2025-09-08 01:00:00.000
2178,31,3441,28.016,28.016,NULL,2025-09-08 01:00:00.000
2179,31,3440,72.15,72.15,NULL,2025-09-08 01:00:00.000
2180,31,3438,44.09,44.09,NULL,2025-09-08 01:00:00.000
2181,31,202,16.937,34.2841489778897,NULL,2025-09-08 01:00:00.000
2182,31,1152,0,5,NULL,2025-09-08 01:00:00.000
2183,31,5205,0.738609973907792,0.738609973907792,NULL,2025-09-08 01:00:00.000
2184,31,5206,0.866182182005643,0.866182182005643,NULL,2025-09-08 01:00:00.000
2185,31,5207,0.607758157342877,0.607758157342877,NULL,2025-09-08 01:00:00.000
2186,31,5204,0.8,0.8,NULL,2025-09-08 01:00:00.000
2187,31,2995,6674.62422013602,6990.45880381331,1,2025-09-08 01:00:00.000
2188,31,4072,2171.52683975867,2171.52683975867,0,2025-09-08 01:00:00.000
2189,31,5003,0.945106913320011,0.945106913320011,1,2025-09-08 01:00:00.000
2190,31,5007,2.5202851021867,2.5202851021867,1,2025-09-08 01:00:00.000
2191,31,5005,1.71280553553463,1.71280553553463,1,2025-09-08 01:00:00.000
2192,31,5006,-10.6482729684554,-10.6482729684554,0,2025-09-08 01:00:00.000
2193,31,5008,-6.4151823307341,-6.4151823307341,0,2025-09-08 01:00:00.000
2194,31,5001,1.71280553553463,1.71280553553463,1,2025-09-08 01:00:00.000
2195,31,5002,-9.58344567160988,-9.58344567160988,0,2025-09-08 01:00:00.000
2196,31,5004,-6.15783460054063,-6.15783460054063,0,2025-09-08 01:00:00.000
2197,31,2906,0,0,NULL,2025-09-08 01:00:00.000
2198,31,2742,32.645036698825,32.645036698825,NULL,2025-09-08 01:00:00.000
2199,31,2743,32.6124242745505,32.6124242745505,NULL,2025-09-08 01:00:00.000
2200,31,2744,32.5798769449351,32.5798769449351,NULL,2025-09-08 01:00:00.000
2201,31,2741,5.68822967211405,5.68822967211405,NULL,2025-09-08 01:00:00.000
2202,31,627,2,2,NULL,2025-09-08 01:00:00.000
2203,31,628,2,2,NULL,2025-09-08 01:00:00.000
2204,31,629,2,2,NULL,2025-09-08 01:00:00.000
2205,31,630,2,2,NULL,2025-09-08 01:00:00.000
2206,31,2469,598.099630117016,659.866166136141,NULL,2025-09-08 01:00:00.000
2207,31,2418,2452.60414859686,2676.20241760791,NULL,2025-09-08 01:00:00.000
2208,31,4270,89.3144670346578,89.3144670346578,0,2025-09-08 01:00:00.000
2209,31,4267,141.118947230869,141.118947230869,0,2025-09-08 01:00:00.000
2210,31,4293,57.6141669489808,57.6141669489808,0,2025-09-08 01:00:00.000
2211,31,4290,168.434263467892,168.434263467892,0,2025-09-08 01:00:00.000
2212,31,4308,141.731201027764,141.731201027764,0,2025-09-08 01:00:00.000
2213,31,4088,110.165508,110.165508,0,2025-09-08 01:00:00.000
2214,31,4057,241.540508278316,242.518826959824,1,2025-09-08 01:00:00.000
2215,31,4060,0.978318681508199,0.978318681508199,1,2025-09-08 01:00:00.000
2216,31,3293,842.622750832813,842.622750832813,0,2025-09-08 01:00:00.000
2217,31,3292,8.982201956643,8.982201956643,NULL,2025-09-08 01:00:00.000
2218,31,3285,45.7475904175087,45.7475904175087,NULL,2025-09-08 01:00:00.000
2219,31,3295,150.580147210569,150.580147210569,0,2025-09-08 01:00:00.000
2220,31,3294,5.732442303441,5.732442303441,NULL,2025-09-08 01:00:00.000
2221,31,3287,46.332413513073,46.332413513073,NULL,2025-09-08 01:00:00.000
2222,31,3286,40.599971209632,40.599971209632,NULL,2025-09-08 01:00:00.000
2223,31,4055,0.000198153433078369,0.000197719999272633,NULL,2025-09-08 01:00:00.000
2224,31,4056,0.0204280096288814,0.0204280096288814,NULL,2025-09-08 01:00:00.000
2225,31,4058,12.7756609904844,11.4031964398434,NULL,2025-09-08 01:00:00.000
2226,31,4089,110.165508,110.165508,0,2025-09-08 01:00:00.000
2227,31,5083,22601.5825883911,22601.5825883911,NULL,2025-09-08 01:00:00.000
2228,31,278,6,6,NULL,2025-09-08 01:00:00.000
2229,31,4090,110.165508,110.165508,0,2025-09-08 01:00:00.000
2230,31,4091,110.165508,110.165508,0,2025-09-08 01:00:00.000
2231,31,2916,6.34031036496162,6.34031036496162,NULL,2025-09-08 01:00:00.000
2232,31,2775,6,6,NULL,2025-09-08 01:00:00.000
2233,31,2973,12.7758591439175,11.4203794770678,0,2025-09-08 01:00:00.000
2234,31,3087,-0.827810767246486,-0.827810767246486,NULL,2025-09-08 01:00:00.000
2235,31,3088,1.14804400976781,1.14804400976781,NULL,2025-09-08 01:00:00.000
2236,31,5088,0,0,0,2025-09-08 01:00:00.000
2237,31,5178,0,0,NULL,2025-09-08 01:00:00.000
2238,31,2912,0,0,NULL,2025-09-08 01:00:00.000
2239,31,5089,2.295,2.295,0,2025-09-08 01:00:00.000
2240,31,5179,0,0,NULL,2025-09-08 01:00:00.000
2241,31,2913,1,1,NULL,2025-09-08 01:00:00.000
2242,31,5090,2.295,2.295,0,2025-09-08 01:00:00.000
2243,31,5180,0,0,NULL,2025-09-08 01:00:00.000
2244,31,2914,1,1,NULL,2025-09-08 01:00:00.000
2245,31,261,2.295,2.295,0,2025-09-08 01:00:00.000
2246,31,2528,0,0,NULL,2025-09-08 01:00:00.000
2247,31,2607,0,0,NULL,2025-09-08 01:00:00.000
2248,31,2600,2.295,2.295,NULL,2025-09-08 01:00:00.000
2249,31,241,1,1,NULL,2025-09-08 01:00:00.000
2250,31,97,83.5876284077878,83.5876284077878,NULL,2025-09-08 01:00:00.000
2251,31,262,2.295,2.295,0,2025-09-08 01:00:00.000
2252,31,2529,0,0,NULL,2025-09-08 01:00:00.000
2253,31,2608,0,0,NULL,2025-09-08 01:00:00.000
2254,31,2601,2.295,2.295,NULL,2025-09-08 01:00:00.000
2255,31,242,1,1,NULL,2025-09-08 01:00:00.000
2256,31,99,83.7516679781455,83.7516679781455,NULL,2025-09-08 01:00:00.000
2257,31,263,2.295,2.295,0,2025-09-08 01:00:00.000
2258,31,2530,0,0,NULL,2025-09-08 01:00:00.000
2259,31,2609,0,0,NULL,2025-09-08 01:00:00.000
2260,31,2602,2.295,2.295,NULL,2025-09-08 01:00:00.000
2261,31,243,1,1,NULL,2025-09-08 01:00:00.000
2262,31,101,78.7602414672138,78.7602414672138,NULL,2025-09-08 01:00:00.000
2263,31,264,0,2.295,1,2025-09-08 01:00:00.000
2264,31,2531,110.165508,110.165508,NULL,2025-09-08 01:00:00.000
2265,31,2610,0,0,NULL,2025-09-08 01:00:00.000
2266,31,2603,2.295,2.295,NULL,2025-09-08 01:00:00.000
2267,31,244,0,1,NULL,2025-09-08 01:00:00.000
2268,31,103,85.2892963001942,85.2892963001942,NULL,2025-09-08 01:00:00.000
2269,31,1140,3,4,NULL,2025-09-08 01:00:00.000
2270,31,4063,0,0,NULL,2025-09-08 01:00:00.000
2271,31,209,12326,12326,NULL,2025-09-08 01:00:00.000
2272,31,4064,0,0,NULL,2025-09-08 01:00:00.000
2273,31,2882,0,0,NULL,2025-09-08 01:00:00.000
2274,31,367,301730.263283936,301730.263283936,NULL,2025-09-08 01:00:00.000
2275,31,2883,0,0,NULL,2025-09-08 01:00:00.000
2276,31,2881,0,0,NULL,2025-09-08 01:00:00.000
2277,31,2884,0,0,NULL,2025-09-08 01:00:00.000
2278,31,2860,3368998.71223958,3368998.71223958,NULL,2025-09-08 01:00:00.000
2279,31,2885,0,0,NULL,2025-09-08 01:00:00.000
2280,31,2859,1660920.55486111,1660920.55486111,NULL,2025-09-08 01:00:00.000
2281,31,94,4247.38894404659,4247.38894404659,NULL,2025-09-08 01:00:00.000
2282,31,239,1,1,NULL,2025-09-08 01:00:00.000
2283,31,43,34.649,34.648847632938,0,2025-09-08 01:00:00.000
2284,31,2525,-0.00111068134854623,-0.00111068134854623,NULL,2025-09-08 01:00:00.000
2285,31,905,10.6502285543132,10.6502285543132,NULL,2025-09-08 01:00:00.000
2286,31,2605,0.448847632937955,0.448847632937955,NULL,2025-09-08 01:00:00.000
2287,31,4238,34.648847632938,34.648847632938,0,2025-09-08 01:00:00.000
2288,31,3282,34.648847632938,34.648847632938,NULL,2025-09-08 01:00:00.000
2289,31,2598,34.2,34.2,NULL,2025-09-08 01:00:00.000
2290,31,95,6.17079121480386,6.17079121480386,NULL,2025-09-08 01:00:00.000
2291,31,240,1,0,NULL,2025-09-08 01:00:00.000
2292,31,44,34.2,0.00763122355148444,0,2025-09-08 01:00:00.000
2293,31,2526,-249.245642420538,-249.245642420538,NULL,2025-09-08 01:00:00.000
2294,31,906,0.00234565593157292,0.00234565593157292,NULL,2025-09-08 01:00:00.000
2295,31,2606,0,0,NULL,2025-09-08 01:00:00.000
2296,31,4239,0,0,0,2025-09-08 01:00:00.000
2297,31,3283,0.00763122355148444,0.00763122355148444,NULL,2025-09-08 01:00:00.000
2298,31,2599,0,0,NULL,2025-09-08 01:00:00.000
2299,31,104,4212.96304389106,4212.96304389106,NULL,2025-09-08 01:00:00.000
2300,31,245,1,1,NULL,2025-09-08 01:00:00.000
2301,31,45,36.289,36.2894264856974,1,2025-09-08 01:00:00.000
2302,31,2527,0.00310887210923418,0.00310887210923418,NULL,2025-09-08 01:00:00.000
2303,31,907,11.1545033264027,11.1545033264027,NULL,2025-09-08 01:00:00.000
2304,31,2611,2.08942648569742,2.08942648569742,NULL,2025-09-08 01:00:00.000
2305,31,4240,36.2894264856974,36.2894264856974,0,2025-09-08 01:00:00.000
2306,31,3284,36.2894264856974,36.2894264856974,NULL,2025-09-08 01:00:00.000
2307,31,2604,34.2,34.2,NULL,2025-09-08 01:00:00.000
2308,31,1141,3,2,NULL,2025-09-08 01:00:00.000
2309,31,2893,54.7297923741517,54.7297923741517,NULL,2025-09-08 01:00:00.000
2310,31,2892,45.4737402990681,45.4737402990681,NULL,2025-09-08 01:00:00.000
2311,31,4113,11.1489582558473,11.1489582558473,0,2025-09-08 01:00:00.000
2312,31,4254,12.0802082916101,12.0802082916101,0,2025-09-08 01:00:00.000
2313,31,4129,9.33958331166666,9.33958331166666,0,2025-09-08 01:00:00.000
2314,31,4277,9.19999980926514,9.19999980926514,0,2025-09-08 01:00:00.000
2315,31,4714,916093.449392361,916093.449392361,NULL,2025-09-08 01:00:00.000
2316,31,4715,108.835562960307,108.835562960307,0,2025-09-08 01:00:00.000
2317,31,4716,300795.217317708,300795.217317708,NULL,2025-09-08 01:00:00.000
2318,31,4717,108.778923251894,108.778923251894,0,2025-09-08 01:00:00.000
2319,31,5012,-0.0242419595241598,-0.0242419595241598,0,2025-09-08 01:00:00.000
2320,31,197,46.1905089061792,47.3925686414931,1,2025-09-08 01:00:00.000
2321,31,912,114.726003514462,114.726003514462,NULL,2025-09-08 01:00:00.000
2322,31,3330,0.581583300674615,0.581583300674615,NULL,2025-09-08 01:00:00.000
2323,31,50,47392.5686414931,47392.5686414931,NULL,2025-09-08 01:00:00.000
2324,31,274,0.923810178123585,0.947851372829861,NULL,2025-09-08 01:00:00.000
2325,31,5013,1.08592385169533,1.08592385169533,0,2025-09-08 01:00:00.000
2326,31,198,33.2314910938208,34.0963059299045,1,2025-09-08 01:00:00.000
2327,31,913,82.5389512759938,82.5389512759938,NULL,2025-09-08 01:00:00.000
2328,31,3331,0.418416699325386,0.418416699325386,NULL,2025-09-08 01:00:00.000
2329,31,51,34096.3059299045,34096.3059299045,NULL,2025-09-08 01:00:00.000
2330,31,275,0.664629821876415,0.68192611859809,NULL,2025-09-08 01:00:00.000
2331,31,1053,126.697945457481,120.642519124259,NULL,2025-09-08 01:00:00.000
2332,31,3329,79.422,81.4888745713976,NULL,2025-09-08 01:00:00.000
2333,31,2776,0.0469483107106828,0.0469483107106828,NULL,2025-09-08 01:00:00.000
2334,31,2850,0,0,NULL,2025-09-08 01:00:00.000
2335,31,5240,0,0,NULL,2025-09-08 01:00:00.000
2336,31,520,4.88257438186142,4.88257438186142,NULL,2025-09-08 01:00:00.000
2337,31,1024,14.0740162678184,14.0740162678184,NULL,2025-09-08 01:00:00.000
2338,31,2501,-33.2664804575955,-33.2664804575955,NULL,2025-09-08 01:00:00.000
2339,31,423,382.20784,350.410285341435,0,2025-09-08 01:00:00.000
2340,31,1196,-31.7975546585648,-31.7975546585648,0,2025-09-08 01:00:00.000
2341,31,280,1,1,NULL,2025-09-08 01:00:00.000
2342,31,2481,81.048,83.8796027777778,NULL,2025-09-08 01:00:00.000
2343,31,268,195.004,179.024328342014,0,2025-09-08 01:00:00.000
2344,31,80,101389.977886285,101389.977886285,NULL,2025-09-08 01:00:00.000
2345,31,79,77634.3504557292,77634.3504557292,NULL,2025-09-08 01:00:00.000
2346,31,855,0,0,0,2025-09-08 01:00:00.000
2347,31,267,0.081,0,0,2025-09-08 01:00:00.000
2348,31,2524,-3.8881944,-3.8881944,NULL,2025-09-08 01:00:00.000
2349,31,3091,0.0796173932006226,0.0796173932006226,NULL,2025-09-08 01:00:00.000
2350,31,2621,0.0796173932006226,0.0796173932006226,NULL,2025-09-08 01:00:00.000
2351,31,110,0,0,NULL,2025-09-08 01:00:00.000
2352,31,1144,1,0,NULL,2025-09-08 01:00:00.000
2353,31,4069,1,1,NULL,2025-09-08 01:00:00.000
2354,31,2624,-0.002,0,NULL,2025-09-08 01:00:00.000
2355,31,251,1,0,NULL,2025-09-08 01:00:00.000
2356,31,210,350,350,NULL,2025-09-08 01:00:00.000
2357,31,4070,1,1,NULL,2025-09-08 01:00:00.000
2358,31,109,-15.0287430896901,-15.0287430896901,NULL,2025-09-08 01:00:00.000
2359,31,250,0,0,NULL,2025-09-08 01:00:00.000
2360,31,195,0,0.923840985022651,1,2025-09-08 01:00:00.000
2361,31,2522,6.19918482902214,6.19918482902214,NULL,2025-09-08 01:00:00.000
2362,31,3089,5.77030293345747,5.77030293345747,NULL,2025-09-08 01:00:00.000
2363,31,910,0.19738869510213,0.19738869510213,NULL,2025-09-08 01:00:00.000
2364,31,2623,0,0,NULL,2025-09-08 01:00:00.000
2365,31,48,923.840985022651,923.840985022651,NULL,2025-09-08 01:00:00.000
2366,31,2620,5.77030293345747,5.77030293345747,NULL,2025-09-08 01:00:00.000
2367,31,111,1775.97497855292,1775.97497855292,NULL,2025-09-08 01:00:00.000
2368,31,252,0,1,NULL,2025-09-08 01:00:00.000
2369,31,196,0,5.96363164679633,1,2025-09-08 01:00:00.000
2370,31,2523,40.0173356995952,40.0173356995952,NULL,2025-09-08 01:00:00.000
2371,31,3090,5.96363164679633,5.96363164679633,NULL,2025-09-08 01:00:00.000
2372,31,911,1.27419489708181,1.27419489708181,NULL,2025-09-08 01:00:00.000
2373,31,2625,0,0.193328713338865,NULL,2025-09-08 01:00:00.000
2374,31,49,5963.63164679633,5963.63164679633,NULL,2025-09-08 01:00:00.000
2375,31,2622,5.77030293345747,5.77030293345747,NULL,2025-09-08 01:00:00.000
2376,31,2429,0,6.88747263181898,NULL,2025-09-08 01:00:00.000
2377,31,1145,0,1,NULL,2025-09-08 01:00:00.000
2378,31,3034,89.3144670346578,89.3144670346578,NULL,2025-09-08 01:00:00.000
2379,31,3036,57.6141669489808,57.6141669489808,NULL,2025-09-08 01:00:00.000
2380,31,4789,0.88,0.88,NULL,2025-09-08 01:00:00.000
2381,31,171,1344.37278631528,1344.37278631528,NULL,2025-09-08 01:00:00.000
2382,31,172,1119.80353402032,1119.80353402032,NULL,2025-09-08 01:00:00.000
2383,31,173,2890.68698275619,2890.68698275619,NULL,2025-09-08 01:00:00.000
2384,31,174,844.549278683133,844.549278683133,NULL,2025-09-08 01:00:00.000
2385,31,175,4414.37743665907,4414.37743665907,NULL,2025-09-08 01:00:00.000
2386,31,200,0,0.00970852982670354,1,2025-09-08 01:00:00.000
2387,31,170,9.70852982670354,9.70852982670354,NULL,2025-09-08 01:00:00.000
2388,31,167,7.20708311390238,7.33166071014934,NULL,2025-09-08 01:00:00.000
2389,31,2768,7.33166071014934,7.33166071014934,NULL,2025-09-08 01:00:00.000
2390,31,168,9.12132213891733,10.1722595499092,NULL,2025-09-08 01:00:00.000
2391,31,2769,10.1722595499092,10.1722595499092,NULL,2025-09-08 01:00:00.000
2392,31,169,0,0,NULL,2025-09-08 01:00:00.000
2393,31,2759,0,0,NULL,2025-09-08 01:00:00.000
2394,31,166,30.1835434977466,30.1751864735285,NULL,2025-09-08 01:00:00.000
2395,31,2846,30.1751864735285,30.1751864735285,NULL,2025-09-08 01:00:00.000
2396,31,5159,8.94093516986563,8.94093516986563,NULL,2025-09-08 01:00:00.000
2397,31,1045,10.954,24.7149276390666,NULL,2025-09-08 01:00:00.000
2398,31,4704,3.79822370495233,3.79822370495233,NULL,2025-09-08 01:00:00.000
2399,31,3077,1,1,NULL,2025-09-08 01:00:00.000
2400,31,4817,49.9602040021832,49.9602040021832,0,2025-09-08 01:00:00.000
2401,31,4909,49.9713999909825,49.9713999909825,0,2025-09-08 01:00:00.000
2402,31,4818,50.0073359592844,50.0073359592844,0,2025-09-08 01:00:00.000
2403,31,4912,50.0183724515968,50.0183724515968,0,2025-09-08 01:00:00.000
2404,31,4819,39.9993384944443,39.9993384944443,0,2025-09-08 01:00:00.000
2405,31,4913,39.9943411506547,39.9943411506547,0,2025-09-08 01:00:00.000
2406,31,4820,56.7084986145158,56.7084986145158,0,2025-09-08 01:00:00.000
2407,31,4900,56.6877949776914,56.6877949776914,0,2025-09-08 01:00:00.000
2408,31,4815,51.3402688730668,51.3402688730668,0,2025-09-08 01:00:00.000
2409,31,4908,50.514142760502,50.514142760502,0,2025-09-08 01:00:00.000
2410,31,3059,1,1,NULL,2025-09-08 01:00:00.000
2411,31,3060,1,1,NULL,2025-09-08 01:00:00.000
2412,31,3070,1,1,NULL,2025-09-08 01:00:00.000
2413,31,3071,1,1,NULL,2025-09-08 01:00:00.000
2414,31,3062,1,1,NULL,2025-09-08 01:00:00.000
2415,31,3063,1,1,NULL,2025-09-08 01:00:00.000
2416,31,3072,1,1,NULL,2025-09-08 01:00:00.000
2417,31,3073,1,1,NULL,2025-09-08 01:00:00.000
2418,31,3065,1,1,NULL,2025-09-08 01:00:00.000
2419,31,3069,1,1,NULL,2025-09-08 01:00:00.000
2420,31,4392,-1002.64672311794,-1002.64672311794,NULL,2025-09-08 01:00:00.000
2421,31,4385,3391.41372424836,3391.41372424836,NULL,2025-09-08 01:00:00.000
2422,31,4378,2388.76700113041,2388.76700113041,NULL,2025-09-08 01:00:00.000
2423,31,4406,-3.65116699267264,-3.65116699267264,NULL,2025-09-08 01:00:00.000
2424,31,4399,141.973399776683,141.973399776683,NULL,2025-09-08 01:00:00.000
2425,31,4413,79.8858181042901,79.8858181042901,NULL,2025-09-08 01:00:00.000
2426,31,4420,0.0334422813386515,0.0334422813386515,NULL,2025-09-08 01:00:00.000
2427,31,4387,-45.7247633946562,-45.7247633946562,NULL,2025-09-08 01:00:00.000
2428,31,4380,449.718627903862,449.718627903862,NULL,2025-09-08 01:00:00.000
2429,31,4401,-2.34496301395819,-2.34496301395819,NULL,2025-09-08 01:00:00.000
2430,31,4394,111.318182628888,111.318182628888,NULL,2025-09-08 01:00:00.000
2431,31,5106,403.993864509206,403.993864509206,NULL,2025-09-08 01:00:00.000
2432,31,4373,403.993864509206,403.993864509206,NULL,2025-09-08 01:00:00.000
2433,31,4408,5.6843418860808E-14,5.6843418860808E-14,NULL,2025-09-08 01:00:00.000
2434,31,4415,2.37961336680842E-17,2.37961336680842E-17,NULL,2025-09-08 01:00:00.000
2435,31,4388,-99.191453619813,-99.191453619813,NULL,2025-09-08 01:00:00.000
2436,31,4381,496.617120754645,496.617120754645,NULL,2025-09-08 01:00:00.000
2437,31,4402,-3.12920456640319,-3.12920456640319,NULL,2025-09-08 01:00:00.000
2438,31,4395,124.958492070962,124.958492070962,NULL,2025-09-08 01:00:00.000
2439,31,5107,397.425667134832,397.425667134832,NULL,2025-09-08 01:00:00.000
2440,31,4374,397.425667134832,397.425667134832,NULL,2025-09-08 01:00:00.000
2441,31,4409,0,0,NULL,2025-09-08 01:00:00.000
2442,31,4416,0,0,NULL,2025-09-08 01:00:00.000
2443,31,4389,-48.0650347573987,-48.0650347573987,NULL,2025-09-08 01:00:00.000
2444,31,4382,279.120839785543,279.120839785543,NULL,2025-09-08 01:00:00.000
2445,31,4403,-6.05484396417933,-6.05484396417933,NULL,2025-09-08 01:00:00.000
2446,31,4396,120.802348918065,120.802348918065,NULL,2025-09-08 01:00:00.000
2447,31,5108,231.055805028144,231.055805028144,NULL,2025-09-08 01:00:00.000
2448,31,4375,231.055805028144,231.055805028144,NULL,2025-09-08 01:00:00.000
2449,31,4410,0,0,NULL,2025-09-08 01:00:00.000
2450,31,4417,0,0,NULL,2025-09-08 01:00:00.000
2451,31,4441,252.489171028976,252.489171028976,NULL,2025-09-08 01:00:00.000
2452,31,4434,118.310828971024,118.310828971024,NULL,2025-09-08 01:00:00.000
2453,31,4427,370.8,370.8,NULL,2025-09-08 01:00:00.000
2454,31,4436,14.2184989768918,14.2184989768918,NULL,2025-09-08 01:00:00.000
2455,31,4429,27.1815010231082,27.1815010231082,NULL,2025-09-08 01:00:00.000
2456,31,4449,0,0,NULL,2025-09-08 01:00:00.000
2457,31,4443,65.6557995727251,65.6557995727251,NULL,2025-09-08 01:00:00.000
2458,31,4422,41.4,41.4,NULL,2025-09-08 01:00:00.000
2459,31,4455,0,0,NULL,2025-09-08 01:00:00.000
2460,31,4461,0,0,NULL,2025-09-08 01:00:00.000
2461,31,4437,18.8177456389919,18.8177456389919,NULL,2025-09-08 01:00:00.000
2462,31,4430,27.9822543610081,27.9822543610081,NULL,2025-09-08 01:00:00.000
2463,31,4450,0,0,NULL,2025-09-08 01:00:00.000
2464,31,4444,59.7911417970258,59.7911417970258,NULL,2025-09-08 01:00:00.000
2465,31,4423,46.8,46.8,NULL,2025-09-08 01:00:00.000
2466,31,4456,0,0,NULL,2025-09-08 01:00:00.000
2467,31,4462,0,0,NULL,2025-09-08 01:00:00.000
2468,31,4438,51.1562908349367,51.1562908349367,NULL,2025-09-08 01:00:00.000
2469,31,4431,35.2437091650633,35.2437091650633,NULL,2025-09-08 01:00:00.000
2470,31,4451,0,0,NULL,2025-09-08 01:00:00.000
2471,31,4445,40.7913300521566,40.7913300521566,NULL,2025-09-08 01:00:00.000
2472,31,4424,86.4,86.4,NULL,2025-09-08 01:00:00.000
2473,31,4457,0,0,NULL,2025-09-08 01:00:00.000
2474,31,4463,0,0,NULL,2025-09-08 01:00:00.000
2475,31,4435,12.6,12.6,NULL,2025-09-08 01:00:00.000
2476,31,4428,0,0,NULL,2025-09-08 01:00:00.000
2477,31,4448,0,0,NULL,2025-09-08 01:00:00.000
2478,31,4442,0,0,NULL,2025-09-08 01:00:00.000
2479,31,4421,12.6,12.6,NULL,2025-09-08 01:00:00.000
2480,31,4454,0,0,NULL,2025-09-08 01:00:00.000
2481,31,4460,0,0,NULL,2025-09-08 01:00:00.000
2482,31,4439,21.6,21.6,NULL,2025-09-08 01:00:00.000
2483,31,4432,0,0,NULL,2025-09-08 01:00:00.000
2484,31,4452,0,0,NULL,2025-09-08 01:00:00.000
2485,31,4446,0,0,NULL,2025-09-08 01:00:00.000
2486,31,4425,21.6,21.6,NULL,2025-09-08 01:00:00.000
2487,31,4458,0,0,NULL,2025-09-08 01:00:00.000
2488,31,4464,0,0,NULL,2025-09-08 01:00:00.000
2489,31,4440,134.096635578156,134.096635578156,NULL,2025-09-08 01:00:00.000
2490,31,4433,27.9033644218442,27.9033644218442,NULL,2025-09-08 01:00:00.000
2491,31,4453,-5.22383557815582,-5.22383557815582,NULL,2025-09-08 01:00:00.000
2492,31,4447,17.2242990258297,17.2242990258297,NULL,2025-09-08 01:00:00.000
2493,31,4426,162,162,NULL,2025-09-08 01:00:00.000
2494,31,4459,0,0,NULL,2025-09-08 01:00:00.000
2495,31,4465,0,0,NULL,2025-09-08 01:00:00.000
2496,31,4386,-1023.7269152845,-1023.7269152845,NULL,2025-09-08 01:00:00.000
2497,31,4379,1876.42185967019,1876.42185967019,NULL,2025-09-08 01:00:00.000
2498,31,4400,-6.46806186380809,-6.46806186380809,NULL,2025-09-08 01:00:00.000
2499,31,4393,220.05781458245,220.05781458245,NULL,2025-09-08 01:00:00.000
2500,31,5105,852.694944385691,852.694944385691,NULL,2025-09-08 01:00:00.000
2501,31,4372,852.694944385691,852.694944385691,NULL,2025-09-08 01:00:00.000
2502,31,4407,0,0,NULL,2025-09-08 01:00:00.000
2503,31,4414,0,0,NULL,2025-09-08 01:00:00.000
2504,31,4486,-1817.65694614747,-1817.65694614747,NULL,2025-09-08 01:00:00.000
2505,31,4479,2681.47517535075,2681.47517535075,NULL,2025-09-08 01:00:00.000
2506,31,4472,863.818229203284,863.818229203284,NULL,2025-09-08 01:00:00.000
2507,31,4481,37.6680899856001,37.6680899856001,NULL,2025-09-08 01:00:00.000
2508,31,4474,0,0,NULL,2025-09-08 01:00:00.000
2509,31,4494,0,0,NULL,2025-09-08 01:00:00.000
2510,31,4488,0,0,NULL,2025-09-08 01:00:00.000
2511,31,4467,37.6680899856001,37.6680899856001,NULL,2025-09-08 01:00:00.000
2512,31,4500,0,0,NULL,2025-09-08 01:00:00.000
2513,31,4506,0,0,NULL,2025-09-08 01:00:00.000
2514,31,4482,44.3517652374342,44.3517652374342,NULL,2025-09-08 01:00:00.000
2515,31,4475,0,0,NULL,2025-09-08 01:00:00.000
2516,31,4495,0,0,NULL,2025-09-08 01:00:00.000
2517,31,4489,0,0,NULL,2025-09-08 01:00:00.000
2518,31,4468,44.3517652374342,44.3517652374342,NULL,2025-09-08 01:00:00.000
2519,31,4501,0,0,NULL,2025-09-08 01:00:00.000
2520,31,4507,0,0,NULL,2025-09-08 01:00:00.000
2521,31,4483,63.9120597082013,63.9120597082013,NULL,2025-09-08 01:00:00.000
2522,31,4476,0,0,NULL,2025-09-08 01:00:00.000
2523,31,4496,0,0,NULL,2025-09-08 01:00:00.000
2524,31,4490,0,0,NULL,2025-09-08 01:00:00.000
2525,31,4469,63.9120597082013,63.9120597082013,NULL,2025-09-08 01:00:00.000
2526,31,4502,0,0,NULL,2025-09-08 01:00:00.000
2527,31,4508,0,0,NULL,2025-09-08 01:00:00.000
2528,31,4480,-835.495352191319,-835.495352191319,NULL,2025-09-08 01:00:00.000
2529,31,4473,1367.67184689095,1367.67184689095,NULL,2025-09-08 01:00:00.000
2530,31,4493,0.153251469703719,0.153251469703719,NULL,2025-09-08 01:00:00.000
2531,31,4487,256.995914045937,256.995914045937,NULL,2025-09-08 01:00:00.000
2532,31,4466,532.176494699635,532.176494699635,NULL,2025-09-08 01:00:00.000
2533,31,4499,0,0,NULL,2025-09-08 01:00:00.000
2534,31,4505,0,0,NULL,2025-09-08 01:00:00.000
2535,31,4484,130.168465064724,130.168465064724,NULL,2025-09-08 01:00:00.000
2536,31,4477,0.541354507688973,0.541354507688973,NULL,2025-09-08 01:00:00.000
2537,31,4497,0,0,NULL,2025-09-08 01:00:00.000
2538,31,4491,0.414165140354327,0.414165140354327,NULL,2025-09-08 01:00:00.000
2539,31,4470,130.709819572413,130.709819572413,NULL,2025-09-08 01:00:00.000
2540,31,4503,0,0,NULL,2025-09-08 01:00:00.000
2541,31,4509,0,0,NULL,2025-09-08 01:00:00.000
2542,31,4485,-1258.26197395211,-1258.26197395211,NULL,2025-09-08 01:00:00.000
2543,31,4478,1313.26197395211,1313.26197395211,NULL,2025-09-08 01:00:00.000
2544,31,4498,85.4769080467222,85.4769080467222,NULL,2025-09-08 01:00:00.000
2545,31,4492,2387.74904354929,2387.74904354929,NULL,2025-09-08 01:00:00.000
2546,31,4471,55,55,NULL,2025-09-08 01:00:00.000
2547,31,4504,0,0,NULL,2025-09-08 01:00:00.000
2548,31,4510,0,0,NULL,2025-09-08 01:00:00.000
2549,31,4621,-46.3514348999249,-46.3514348999249,NULL,2025-09-08 01:00:00.000
2550,31,4614,234.20516027493,234.20516027493,NULL,2025-09-08 01:00:00.000
2551,31,4607,187.853725375005,187.853725375005,NULL,2025-09-08 01:00:00.000
2552,31,4616,0,0,NULL,2025-09-08 01:00:00.000
2553,31,4609,0,0,NULL,2025-09-08 01:00:00.000
2554,31,4629,0,0,NULL,2025-09-08 01:00:00.000
2555,31,4602,0,0,NULL,2025-09-08 01:00:00.000
2556,31,4635,0,0,NULL,2025-09-08 01:00:00.000
2557,31,4641,0,0,NULL,2025-09-08 01:00:00.000
2558,31,4617,0,0,NULL,2025-09-08 01:00:00.000
2559,31,4610,0,0,NULL,2025-09-08 01:00:00.000
2560,31,4630,0,0,NULL,2025-09-08 01:00:00.000
2561,31,4603,0,0,NULL,2025-09-08 01:00:00.000
2562,31,4636,0,0,NULL,2025-09-08 01:00:00.000
2563,31,4642,0,0,NULL,2025-09-08 01:00:00.000
2564,31,4618,0,0,NULL,2025-09-08 01:00:00.000
2565,31,4611,0,0,NULL,2025-09-08 01:00:00.000
2566,31,4631,0,0,NULL,2025-09-08 01:00:00.000
2567,31,4604,0,0,NULL,2025-09-08 01:00:00.000
2568,31,4637,0,0,NULL,2025-09-08 01:00:00.000
2569,31,4643,0,0,NULL,2025-09-08 01:00:00.000
2570,31,4615,187.853725375005,187.853725375005,NULL,2025-09-08 01:00:00.000
2571,31,4608,0,0,NULL,2025-09-08 01:00:00.000
2572,31,4628,0,0,NULL,2025-09-08 01:00:00.000
2573,31,4622,0,0,NULL,2025-09-08 01:00:00.000
2574,31,4601,187.853725375005,187.853725375005,NULL,2025-09-08 01:00:00.000
2575,31,4634,0,0,NULL,2025-09-08 01:00:00.000
2576,31,4640,0,0,NULL,2025-09-08 01:00:00.000
2577,31,4619,0,0,NULL,2025-09-08 01:00:00.000
2578,31,4612,0,0,NULL,2025-09-08 01:00:00.000
2579,31,4632,0,0,NULL,2025-09-08 01:00:00.000
2580,31,4605,0,0,NULL,2025-09-08 01:00:00.000
2581,31,4638,0,0,NULL,2025-09-08 01:00:00.000
2582,31,4644,0,0,NULL,2025-09-08 01:00:00.000
2583,31,4620,-234.20516027493,-234.20516027493,NULL,2025-09-08 01:00:00.000
2584,31,4613,234.20516027493,234.20516027493,NULL,2025-09-08 01:00:00.000
2585,31,4633,36.8091602749295,36.8091602749295,NULL,2025-09-08 01:00:00.000
2586,31,4606,0,0,NULL,2025-09-08 01:00:00.000
2587,31,4639,0,0,NULL,2025-09-08 01:00:00.000
2588,31,4645,0,0,NULL,2025-09-08 01:00:00.000
2589,31,4390,153.616598297306,153.616598297306,NULL,2025-09-08 01:00:00.000
2590,31,4383,0.541354507688973,0.541354507688973,NULL,2025-09-08 01:00:00.000
2591,31,4404,0,0,NULL,2025-09-08 01:00:00.000
2592,31,4397,0.351168718732123,0.351168718732123,NULL,2025-09-08 01:00:00.000
2593,31,5109,154.157952804995,154.157952804995,NULL,2025-09-08 01:00:00.000
2594,31,4376,154.157952804995,154.157952804995,NULL,2025-09-08 01:00:00.000
2595,31,4411,0,0,NULL,2025-09-08 01:00:00.000
2596,31,4418,0,0,NULL,2025-09-08 01:00:00.000
2597,31,4531,-445.531415542245,-445.531415542245,NULL,2025-09-08 01:00:00.000
2598,31,4524,909.438421911281,909.438421911281,NULL,2025-09-08 01:00:00.000
2599,31,4517,463.907006369037,463.907006369037,NULL,2025-09-08 01:00:00.000
2600,31,4526,-20.1674002950285,-20.1674002950285,NULL,2025-09-08 01:00:00.000
2601,31,4519,189.825847238172,189.825847238172,NULL,2025-09-08 01:00:00.000
2602,31,4539,-1.56642818791792,-1.56642818791792,NULL,2025-09-08 01:00:00.000
2603,31,4533,111.887059358611,111.887059358611,NULL,2025-09-08 01:00:00.000
2604,31,4512,169.658446943143,169.658446943143,NULL,2025-09-08 01:00:00.000
2605,31,4545,2.8421709430404E-14,2.8421709430404E-14,NULL,2025-09-08 01:00:00.000
2606,31,4551,6.12659628766085E-17,6.12659628766085E-17,NULL,2025-09-08 01:00:00.000
2607,31,4527,-93.4196405309039,-93.4196405309039,NULL,2025-09-08 01:00:00.000
2608,31,4520,176.069227098059,176.069227098059,NULL,2025-09-08 01:00:00.000
2609,31,4540,-3.12920456640325,-3.12920456640325,NULL,2025-09-08 01:00:00.000
2610,31,4534,213.030983470193,213.030983470193,NULL,2025-09-08 01:00:00.000
2611,31,4513,82.6495865671549,82.6495865671549,NULL,2025-09-08 01:00:00.000
2612,31,4546,0,0,NULL,2025-09-08 01:00:00.000
2613,31,4552,0,0,NULL,2025-09-08 01:00:00.000
2614,31,4528,49.8571494009551,49.8571494009551,NULL,2025-09-08 01:00:00.000
2615,31,4521,36.1483745503426,36.1483745503426,NULL,2025-09-08 01:00:00.000
2616,31,4541,-6.05484396417935,-6.05484396417935,NULL,2025-09-08 01:00:00.000
2617,31,4535,42.0302939736898,42.0302939736898,NULL,2025-09-08 01:00:00.000
2618,31,4514,86.0055239512977,86.0055239512977,NULL,2025-09-08 01:00:00.000
2619,31,4547,0,0,NULL,2025-09-08 01:00:00.000
2620,31,4553,0,0,NULL,2025-09-08 01:00:00.000
2621,31,4525,-190.714702559394,-190.714702559394,NULL,2025-09-08 01:00:00.000
2622,31,4518,310.130018234253,310.130018234253,NULL,2025-09-08 01:00:00.000
2623,31,4538,-4.50093140602115,-4.50093140602115,NULL,2025-09-08 01:00:00.000
2624,31,4532,259.707070639638,259.707070639638,NULL,2025-09-08 01:00:00.000
2625,31,4511,119.415315674859,119.415315674859,NULL,2025-09-08 01:00:00.000
2626,31,4544,0,0,NULL,2025-09-08 01:00:00.000
2627,31,4550,0,0,NULL,2025-09-08 01:00:00.000
2628,31,4529,1.84813323258182,1.84813323258182,NULL,2025-09-08 01:00:00.000
2629,31,4522,0,0,NULL,2025-09-08 01:00:00.000
2630,31,4542,0,0,NULL,2025-09-08 01:00:00.000
2631,31,4536,0,0,NULL,2025-09-08 01:00:00.000
2632,31,4515,1.84813323258182,1.84813323258182,NULL,2025-09-08 01:00:00.000
2633,31,4548,0,0,NULL,2025-09-08 01:00:00.000
2634,31,4554,0,0,NULL,2025-09-08 01:00:00.000
2635,31,4530,-192.934954790455,-192.934954790455,NULL,2025-09-08 01:00:00.000
2636,31,4523,197.264954790455,197.264954790455,NULL,2025-09-08 01:00:00.000
2637,31,4543,8.58855053048677,8.58855053048677,NULL,2025-09-08 01:00:00.000
2638,31,4537,4555.77262795509,4555.77262795509,NULL,2025-09-08 01:00:00.000
2639,31,4516,4.33,4.33,NULL,2025-09-08 01:00:00.000
2640,31,4549,0,0,NULL,2025-09-08 01:00:00.000
2641,31,4555,0,0,NULL,2025-09-08 01:00:00.000
2642,31,4576,-206.408762523968,-206.408762523968,NULL,2025-09-08 01:00:00.000
2643,31,4569,733.005675008297,733.005675008297,NULL,2025-09-08 01:00:00.000
2644,31,4562,526.596912484329,526.596912484329,NULL,2025-09-08 01:00:00.000
2645,31,4571,-76.7098911534669,-76.7098911534669,NULL,2025-09-08 01:00:00.000
2646,31,4564,232.711279642582,232.711279642582,NULL,2025-09-08 01:00:00.000
2647,31,4584,-0.778534826040271,-0.778534826040271,NULL,2025-09-08 01:00:00.000
2648,31,4578,149.1725694857,149.1725694857,NULL,2025-09-08 01:00:00.000
2649,31,4557,156.001388489115,156.001388489115,NULL,2025-09-08 01:00:00.000
2650,31,4590,0,0,NULL,2025-09-08 01:00:00.000
2651,31,4596,0,0,NULL,2025-09-08 01:00:00.000
2652,31,4572,-34.8999561413949,-34.8999561413949,NULL,2025-09-08 01:00:00.000
2653,31,4565,292.565639295578,292.565639295578,NULL,2025-09-08 01:00:00.000
2654,31,4585,0,0,NULL,2025-09-08 01:00:00.000
2655,31,4579,113.544665985075,113.544665985075,NULL,2025-09-08 01:00:00.000
2656,31,4558,257.665683154183,257.665683154183,NULL,2025-09-08 01:00:00.000
2657,31,4591,0,0,NULL,2025-09-08 01:00:00.000
2658,31,4597,0,0,NULL,2025-09-08 01:00:00.000
2659,31,4573,-138.798915229106,-138.798915229106,NULL,2025-09-08 01:00:00.000
2660,31,4566,207.728756070137,207.728756070137,NULL,2025-09-08 01:00:00.000
2661,31,4586,0,0,NULL,2025-09-08 01:00:00.000
2662,31,4580,301.362593523479,301.362593523479,NULL,2025-09-08 01:00:00.000
2663,31,4559,68.929840841031,68.929840841031,NULL,2025-09-08 01:00:00.000
2664,31,4592,0,0,NULL,2025-09-08 01:00:00.000
2665,31,4598,0,0,NULL,2025-09-08 01:00:00.000
2666,31,4570,0,0,NULL,2025-09-08 01:00:00.000
2667,31,4563,0,0,NULL,2025-09-08 01:00:00.000
2668,31,4583,0,0,NULL,2025-09-08 01:00:00.000
2669,31,4556,0,0,NULL,2025-09-08 01:00:00.000
2670,31,4589,0,0,NULL,2025-09-08 01:00:00.000
2671,31,4595,0,0,NULL,2025-09-08 01:00:00.000
2672,31,4574,44,44,NULL,2025-09-08 01:00:00.000
2673,31,4567,0,0,NULL,2025-09-08 01:00:00.000
2674,31,4587,0,0,NULL,2025-09-08 01:00:00.000
2675,31,4581,0,0,NULL,2025-09-08 01:00:00.000
2676,31,4560,44,44,NULL,2025-09-08 01:00:00.000
2677,31,4593,0,0,NULL,2025-09-08 01:00:00.000
2678,31,4599,0,0,NULL,2025-09-08 01:00:00.000
2679,31,4575,0,0,NULL,2025-09-08 01:00:00.000
2680,31,4568,0,0,NULL,2025-09-08 01:00:00.000
2681,31,4588,0,0,NULL,2025-09-08 01:00:00.000
2682,31,4561,0,0,NULL,2025-09-08 01:00:00.000
2683,31,4594,0,0,NULL,2025-09-08 01:00:00.000
2684,31,4600,0,0,NULL,2025-09-08 01:00:00.000
2685,31,4653,11.1650485436893,11.1650485436893,NULL,2025-09-08 01:00:00.000
2686,31,4659,4.36065004327845,4.36065004327845,NULL,2025-09-08 01:00:00.000
2687,31,4665,0,0,NULL,2025-09-08 01:00:00.000
2688,31,4677,36.5716500535412,36.5716500535412,NULL,2025-09-08 01:00:00.000
2689,31,4671,29.6244404003712,29.6244404003712,NULL,2025-09-08 01:00:00.000
2690,31,4647,16.9122339817164,16.9122339817164,NULL,2025-09-08 01:00:00.000
2691,31,4654,12.621359223301,12.621359223301,NULL,2025-09-08 01:00:00.000
2692,31,4660,5.13438634865817,5.13438634865817,NULL,2025-09-08 01:00:00.000
2693,31,4666,0,0,NULL,2025-09-08 01:00:00.000
2694,31,4678,17.8159815291531,17.8159815291531,NULL,2025-09-08 01:00:00.000
2695,31,4672,48.9303444523805,48.9303444523805,NULL,2025-09-08 01:00:00.000
2696,31,4648,16.6372721553321,16.6372721553321,NULL,2025-09-08 01:00:00.000
2697,31,4655,23.3009708737864,23.3009708737864,NULL,2025-09-08 01:00:00.000
2698,31,4661,7.39878571064061,7.39878571064061,NULL,2025-09-08 01:00:00.000
2699,31,4667,0,0,NULL,2025-09-08 01:00:00.000
2700,31,4679,18.5393888797792,18.5393888797792,NULL,2025-09-08 01:00:00.000
2701,31,4673,13.0896781213244,13.0896781213244,NULL,2025-09-08 01:00:00.000
2702,31,4649,9.67259698910793,9.67259698910793,NULL,2025-09-08 01:00:00.000
2703,31,4652,3.39805825242718,3.39805825242718,NULL,2025-09-08 01:00:00.000
2704,31,4658,61.6074628559844,61.6074628559844,NULL,2025-09-08 01:00:00.000
2705,31,4664,100,100,NULL,2025-09-08 01:00:00.000
2706,31,4676,25.7412183983841,25.7412183983841,NULL,2025-09-08 01:00:00.000
2707,31,4670,0,0,NULL,2025-09-08 01:00:00.000
2708,31,4646,35.6960282849762,35.6960282849762,NULL,2025-09-08 01:00:00.000
2709,31,4656,5.8252427184466,5.8252427184466,NULL,2025-09-08 01:00:00.000
2710,31,4662,15.1316347760998,15.1316347760998,NULL,2025-09-08 01:00:00.000
2711,31,4668,0,0,NULL,2025-09-08 01:00:00.000
2712,31,4680,0.398384419120334,0.398384419120334,NULL,2025-09-08 01:00:00.000
2713,31,4674,8.35553702592386,8.35553702592386,NULL,2025-09-08 01:00:00.000
2714,31,4650,6.45345287891387,6.45345287891387,NULL,2025-09-08 01:00:00.000
2715,31,4657,43.6893203883495,43.6893203883495,NULL,2025-09-08 01:00:00.000
2716,31,4663,6.36708026533864,6.36708026533864,NULL,2025-09-08 01:00:00.000
2717,31,4669,0,0,NULL,2025-09-08 01:00:00.000
2718,31,4681,0.933376720022093,0.933376720022093,NULL,2025-09-08 01:00:00.000
2719,31,4675,0,0,NULL,2025-09-08 01:00:00.000
2720,31,4651,14.6284157099535,14.6284157099535,NULL,2025-09-08 01:00:00.000
2721,31,4391,60.4448456411165,60.4448456411165,NULL,2025-09-08 01:00:00.000
2722,31,4384,288.993921626429,288.993921626429,NULL,2025-09-08 01:00:00.000
2723,31,4405,14.3459064156761,14.3459064156761,NULL,2025-09-08 01:00:00.000
2724,31,4398,82.7023068694501,82.7023068694501,NULL,2025-09-08 01:00:00.000
2725,31,4377,349.438767267546,349.438767267546,NULL,2025-09-08 01:00:00.000
2726,31,4412,79.8858181042901,79.8858181042901,NULL,2025-09-08 01:00:00.000
2727,31,4419,0.0334422813386515,0.0334422813386515,NULL,2025-09-08 01:00:00.000
2728,31,859,1,1,NULL,2025-09-08 01:00:00.000
2729,31,860,1,1,NULL,2025-09-08 01:00:00.000
2730,31,861,1,1,NULL,2025-09-08 01:00:00.000
2731,31,862,1,1,NULL,2025-09-08 01:00:00.000
2732,31,863,1,1,NULL,2025-09-08 01:00:00.000
2733,31,864,1,1,NULL,2025-09-08 01:00:00.000
2734,31,865,1,1,NULL,2025-09-08 01:00:00.000
2735,31,866,1,1,NULL,2025-09-08 01:00:00.000
2736,31,867,1,1,NULL,2025-09-08 01:00:00.000
2737,31,868,1,1,NULL,2025-09-08 01:00:00.000
2738,31,869,1,1,NULL,2025-09-08 01:00:00.000
2739,31,870,1,1,NULL,2025-09-08 01:00:00.000
2740,31,3094,7.1047414632263,7.1047414632263,NULL,2025-09-08 01:00:00.000
2741,31,3317,325.998970192767,325.998970192767,0,2025-09-08 01:00:00.000
2742,31,5259,48.9961543469959,48.9961543469959,NULL,2025-09-08 01:00:00.000
2743,31,5260,46.1378362662845,46.1378362662845,NULL,2025-09-08 01:00:00.000
2744,31,70,167.031291928609,167.031291928609,NULL,2025-09-08 01:00:00.000
2745,31,2764,167.031291928609,167.031291928609,NULL,2025-09-08 01:00:00.000
2746,31,3319,77.7263873212665,77.7263873212665,0,2025-09-08 01:00:00.000
2747,31,4682,77.7263873212665,77.7263873212665,NULL,2025-09-08 01:00:00.000
2748,31,5224,5.86987262532446,5.86987262532446,NULL,2025-09-08 01:00:00.000
2749,31,139,5.72707861063216,5.72707861063216,NULL,2025-09-08 01:00:00.000
2750,31,2662,29.6695773601532,29.6695773601532,NULL,2025-09-08 01:00:00.000
2751,31,2800,31.7810917305946,31.7810917305946,NULL,2025-09-08 01:00:00.000
2752,31,5227,315.973645996733,325.659835432258,NULL,2025-09-08 01:00:00.000
2753,31,1042,0.834288197716395,0.834288197716395,NULL,2025-09-08 01:00:00.000
2754,31,533,-0.0515508949756622,-0.0515508949756622,NULL,2025-09-08 01:00:00.000
2755,31,534,0.00456750672310591,0.00456750672310591,NULL,2025-09-08 01:00:00.000
2756,31,5058,35.0454141682519,35.0454141682519,0,2025-09-08 01:00:00.000
2757,31,2659,117.611061096191,117.611061096191,NULL,2025-09-08 01:00:00.000
2758,31,2799,122.725209012032,122.725209012032,NULL,2025-09-08 01:00:00.000
2759,31,1169,40.5001953385671,40.5001953385671,NULL,2025-09-08 01:00:00.000
2760,31,1170,42.3182840860155,42.3182840860155,NULL,2025-09-08 01:00:00.000
2761,31,140,10.4470403180122,10.4470403180122,NULL,2025-09-08 01:00:00.000
2762,31,527,257.111763327705,257.111763327705,NULL,2025-09-08 01:00:00.000
2763,31,530,0,0,NULL,2025-09-08 01:00:00.000
2764,31,521,45.4098296160168,45.4098296160168,NULL,2025-09-08 01:00:00.000
2765,31,522,260.202273923428,260.202273923428,NULL,2025-09-08 01:00:00.000
2766,31,5137,0,0,NULL,2025-09-08 01:00:00.000
2767,31,658,20.7816429414928,20.7816429414928,NULL,2025-09-08 01:00:00.000
2768,31,659,57.7078868872325,57.7078868872325,NULL,2025-09-08 01:00:00.000
2769,31,660,1376.277775845,1376.277775845,NULL,2025-09-08 01:00:00.000
2770,31,661,18.497964180308,18.497964180308,NULL,2025-09-08 01:00:00.000
2771,31,662,47.6631354909812,47.6631354909812,NULL,2025-09-08 01:00:00.000
2772,31,1068,98.082011309349,96.0035047821101,NULL,2025-09-08 01:00:00.000
2773,31,1069,276.730016257507,276.730016257507,NULL,2025-09-08 01:00:00.000
2774,31,529,165.962902175479,165.962902175479,NULL,2025-09-08 01:00:00.000
2775,31,532,0.453609400309795,0.453609400309795,NULL,2025-09-08 01:00:00.000
2776,31,1066,103.762598213256,103.762598213256,NULL,2025-09-08 01:00:00.000
2777,31,1067,299.095596099803,299.095596099803,NULL,2025-09-08 01:00:00.000
2778,31,525,5.90067620456219,5.90067620456219,NULL,2025-09-08 01:00:00.000
2779,31,526,208.867499769269,208.867499769269,NULL,2025-09-08 01:00:00.000
2780,31,548,17.0496436082522,17.0496436082522,0,2025-09-08 01:00:00.000
2781,31,936,49.1455823785252,49.1455823785252,NULL,2025-09-08 01:00:00.000
2782,31,549,17.3065596822103,17.3065596822103,0,2025-09-08 01:00:00.000
2783,31,937,49.8861427308227,49.8861427308227,NULL,2025-09-08 01:00:00.000
2784,31,547,10.5482856988377,10.5482856988377,0,2025-09-08 01:00:00.000
2785,31,935,30.4054240473118,30.4054240473118,NULL,2025-09-08 01:00:00.000
2786,31,3028,-33.7906868667235,-33.7906868667235,NULL,2025-09-08 01:00:00.000
2787,31,3029,7.75909343114604,7.75909343114604,NULL,2025-09-08 01:00:00.000
2788,31,761,0,0,NULL,2025-09-08 01:00:00.000
2789,31,551,11.1772388616734,11.1772388616734,0,2025-09-08 01:00:00.000
2790,31,939,29.840713283277,29.840713283277,NULL,2025-09-08 01:00:00.000
2791,31,552,4.03720226768487,4.03720226768487,0,2025-09-08 01:00:00.000
2792,31,940,7.67398876049173,7.67398876049173,NULL,2025-09-08 01:00:00.000
2793,31,554,9.19779930575689,9.19779930575689,0,2025-09-08 01:00:00.000
2794,31,942,26.5126482329184,26.5126482329184,NULL,2025-09-08 01:00:00.000
2795,31,556,400.054303992001,400.054303992001,0,2025-09-08 01:00:00.000
2796,31,944,1.15315617173407,1.15315617173407,NULL,2025-09-08 01:00:00.000
2797,31,550,47.1827033817702,47.1827033817702,0,2025-09-08 01:00:00.000
2798,31,938,136.000650584113,136.000650584113,NULL,2025-09-08 01:00:00.000
2799,31,553,7.99882922550837,7.99882922550837,0,2025-09-08 01:00:00.000
2800,31,941,23.0581443908431,23.0581443908431,NULL,2025-09-08 01:00:00.000
2801,31,555,18.0881839629632,18.0881839629632,0,2025-09-08 01:00:00.000
2802,31,943,52.4907148341296,52.4907148341296,NULL,2025-09-08 01:00:00.000
2803,31,2663,74.0367212295532,74.0367212295532,NULL,2025-09-08 01:00:00.000
2804,31,2801,78.2049788999557,78.2049788999557,NULL,2025-09-08 01:00:00.000
2805,31,141,66.0076880353292,66.0076880353292,NULL,2025-09-08 01:00:00.000
2806,31,1062,139.115019279995,139.115019279995,NULL,2025-09-08 01:00:00.000
2807,31,1063,292.246271351471,292.246271351471,NULL,2025-09-08 01:00:00.000
2808,31,528,229.674739036277,229.674739036277,NULL,2025-09-08 01:00:00.000
2809,31,531,38.6981738344387,38.6981738344387,NULL,2025-09-08 01:00:00.000
2810,31,537,38.2249448283867,38.2249448283867,0,2025-09-08 01:00:00.000
2811,31,932,118.350545179858,118.350545179858,NULL,2025-09-08 01:00:00.000
2812,31,538,40.4489919789632,40.4489919789632,0,2025-09-08 01:00:00.000
2813,31,934,125.236551005587,125.236551005587,NULL,2025-09-08 01:00:00.000
2814,31,1064,129.059378286187,129.059378286187,NULL,2025-09-08 01:00:00.000
2815,31,1065,314.800925647936,314.800925647936,NULL,2025-09-08 01:00:00.000
2816,31,523,21.6917362771547,21.6917362771547,NULL,2025-09-08 01:00:00.000
2817,31,524,271.297842845493,271.297842845493,NULL,2025-09-08 01:00:00.000
2818,31,546,66.6681091356631,66.6681091356631,0,2025-09-08 01:00:00.000
2819,31,930,204.537879135465,204.537879135465,NULL,2025-09-08 01:00:00.000
2820,31,542,16.9918003232744,16.9918003232744,0,2025-09-08 01:00:00.000
2821,31,926,53.1360870354907,53.1360870354907,NULL,2025-09-08 01:00:00.000
2822,31,543,42.0528902924856,42.0528902924856,0,2025-09-08 01:00:00.000
2823,31,927,130.202476807982,130.202476807982,NULL,2025-09-08 01:00:00.000
2824,31,544,4.00014539389478,4.00014539389478,0,2025-09-08 01:00:00.000
2825,31,928,0.0123850901627613,0.0123850901627613,NULL,2025-09-08 01:00:00.000
2826,31,539,6.13377015908559,6.13377015908559,0,2025-09-08 01:00:00.000
2827,31,923,0.0189911338157544,0.0189911338157544,NULL,2025-09-08 01:00:00.000
2828,31,540,6.52114455668132,6.52114455668132,0,2025-09-08 01:00:00.000
2829,31,924,20.1905069306144,20.1905069306144,NULL,2025-09-08 01:00:00.000
2830,31,541,-192.802444458008,-192.802444458008,0,2025-09-08 01:00:00.000
2831,31,925,-0.596947216433105,-0.596947216433105,NULL,2025-09-08 01:00:00.000
2832,31,871,4,4,NULL,2025-09-08 01:00:00.000
2833,31,922,12.38464,12.38464,NULL,2025-09-08 01:00:00.000
2834,31,545,3.49992867838012,3.49992867838012,0,2025-09-08 01:00:00.000
2835,31,929,10.8363391768534,10.8363391768534,NULL,2025-09-08 01:00:00.000
2836,31,4105,76.8429035706242,76.8429035706242,0,2025-09-08 01:00:00.000
2837,31,685,38.9471007635329,38.9471007635329,NULL,2025-09-08 01:00:00.000
2838,31,3316,1.11698840742489,1.11698840742489,0,2025-09-08 01:00:00.000
2839,31,3092,267.738581454807,267.738581454807,NULL,2025-09-08 01:00:00.000
2840,31,3093,266.71803130934,266.71803130934,NULL,2025-09-08 01:00:00.000
2841,31,535,0.0171059191693514,0.0171059191693514,NULL,2025-09-08 01:00:00.000
2842,31,536,-0.228453607329064,-0.228453607329064,NULL,2025-09-08 01:00:00.000
2843,31,4723,77.7263873212665,77.7263873212665,0,2025-09-08 01:00:00.000
2844,31,4722,1.11698840742489,1.11698840742489,0,2025-09-08 01:00:00.000
2845,31,4721,1.03328000079346,1.03328000079346,0,2025-09-08 01:00:00.000
2846,31,2653,350.995421546088,350.995421546088,NULL,2025-09-08 01:00:00.000
2847,31,2655,27.1815010231082,27.1815010231082,NULL,2025-09-08 01:00:00.000
2848,31,4685,27.1815010231082,27.1815010231082,NULL,2025-09-08 01:00:00.000
2849,31,3066,1,1,NULL,2025-09-08 01:00:00.000
2850,31,5220,16.5987474996849,16.5987474996849,NULL,2025-09-08 01:00:00.000
2851,31,646,111.757273214128,111.757273214128,NULL,2025-09-08 01:00:00.000
2852,31,3061,1,1,NULL,2025-09-08 01:00:00.000
2853,31,74,16.6404140629239,16.6404140629239,NULL,2025-09-08 01:00:00.000
2854,31,5201,29.4422376362183,29.4422376362183,NULL,2025-09-08 01:00:00.000
2855,31,2766,16.6404140629239,16.6404140629239,NULL,2025-09-08 01:00:00.000
2856,31,142,271.074929767185,271.074929767185,NULL,2025-09-08 01:00:00.000
2857,31,3315,1.03328000079346,1.03328000079346,0,2025-09-08 01:00:00.000
2858,31,3097,6.24667336235389,6.24667336235389,NULL,2025-09-08 01:00:00.000
2859,31,3322,327.151744751855,327.151744751855,0,2025-09-08 01:00:00.000
2860,31,5257,47.7721249719726,47.7721249719726,NULL,2025-09-08 01:00:00.000
2861,31,5258,51.1154031791687,51.1154031791687,NULL,2025-09-08 01:00:00.000
2862,31,71,195.707414280574,195.707414280574,NULL,2025-09-08 01:00:00.000
2863,31,2765,195.707414280574,195.707414280574,NULL,2025-09-08 01:00:00.000
2864,31,3323,73.9943113410031,73.9943113410031,0,2025-09-08 01:00:00.000
2865,31,4683,73.9943113410031,73.9943113410031,NULL,2025-09-08 01:00:00.000
2866,31,5223,6.44588411062294,6.44588411062294,NULL,2025-09-08 01:00:00.000
2867,31,143,7.35401075609525,7.35401075609525,NULL,2025-09-08 01:00:00.000
2868,31,2677,51.7748737335205,51.7748737335205,NULL,2025-09-08 01:00:00.000
2869,31,2808,54.6224917888641,54.6224917888641,NULL,2025-09-08 01:00:00.000
2870,31,5228,283.387380773274,340.315269721338,NULL,2025-09-08 01:00:00.000
2871,31,1043,0.876946181955446,0.876946181955446,NULL,2025-09-08 01:00:00.000
2872,31,567,0.00324527952355832,0.00324527952355832,NULL,2025-09-08 01:00:00.000
2873,31,568,-0.00075246691062023,-0.00075246691062023,NULL,2025-09-08 01:00:00.000
2874,31,5057,40.0006763872471,40.0006763872471,0,2025-09-08 01:00:00.000
2875,31,2676,150.676580429077,150.676580429077,NULL,2025-09-08 01:00:00.000
2876,31,2807,158.963792352676,158.963792352676,NULL,2025-09-08 01:00:00.000
2877,31,1171,40.2892316581938,40.2892316581938,NULL,2025-09-08 01:00:00.000
2878,31,1172,37.1874003236029,37.1874003236029,NULL,2025-09-08 01:00:00.000
2879,31,144,0.561897502502629,0.561897502502629,NULL,2025-09-08 01:00:00.000
2880,31,561,272.536286809503,272.536286809503,NULL,2025-09-08 01:00:00.000
2881,31,564,0,0,NULL,2025-09-08 01:00:00.000
2882,31,557,44.6623073336813,44.6623073336813,NULL,2025-09-08 01:00:00.000
2883,31,558,263.800655378395,263.800655378395,NULL,2025-09-08 01:00:00.000
2884,31,5138,0,0,NULL,2025-09-08 01:00:00.000
2885,31,663,21.1318239876924,21.1318239876924,NULL,2025-09-08 01:00:00.000
2886,31,664,58.7740097169433,58.7740097169433,NULL,2025-09-08 01:00:00.000
2887,31,665,1441.57827322557,1441.57827322557,NULL,2025-09-08 01:00:00.000
2888,31,666,18.6916206556647,18.6916206556647,NULL,2025-09-08 01:00:00.000
2889,31,667,48.2387188700747,48.2387188700747,NULL,2025-09-08 01:00:00.000
2890,31,1076,94.299887284598,92.2762182452511,NULL,2025-09-08 01:00:00.000
2891,31,1077,265.986116164668,265.986116164668,NULL,2025-09-08 01:00:00.000
2892,31,563,163.51739630466,163.51739630466,NULL,2025-09-08 01:00:00.000
2893,31,566,0.608361990805301,0.608361990805301,NULL,2025-09-08 01:00:00.000
2894,31,1074,67.4227067730162,67.4227067730162,NULL,2025-09-08 01:00:00.000
2895,31,1075,194.345891681433,194.345891681433,NULL,2025-09-08 01:00:00.000
2896,31,3411,5.15128109188212,5.15128109188212,NULL,2025-09-08 01:00:00.000
2897,31,560,202.904386433348,202.904386433348,NULL,2025-09-08 01:00:00.000
2898,31,2667,577.66582857693,577.66582857693,NULL,2025-09-08 01:00:00.000
2899,31,582,12.002134568572,12.002134568572,0,2025-09-08 01:00:00.000
2900,31,959,34.5961421077686,34.5961421077686,NULL,2025-09-08 01:00:00.000
2901,31,583,11.9929851479133,11.9929851479133,0,2025-09-08 01:00:00.000
2902,31,960,34.5697689109422,34.5697689109422,NULL,2025-09-08 01:00:00.000
2903,31,581,14.7546946592861,14.7546946592861,0,2025-09-08 01:00:00.000
2904,31,958,42.5303940955669,42.5303940955669,NULL,2025-09-08 01:00:00.000
2905,31,2666,2770.16987903485,2770.16987903485,NULL,2025-09-08 01:00:00.000
2906,31,762,0,0,NULL,2025-09-08 01:00:00.000
2907,31,585,13.832793382994,13.832793382994,0,2025-09-08 01:00:00.000
2908,31,962,48.6888228503879,48.6888228503879,NULL,2025-09-08 01:00:00.000
2909,31,586,0.0695526350422555,0.0695526350422555,0,2025-09-08 01:00:00.000
2910,31,963,0.230189587713002,0.230189587713002,NULL,2025-09-08 01:00:00.000
2911,31,588,9.01884312788645,9.01884312788645,0,2025-09-08 01:00:00.000
2912,31,965,25.9968072110322,25.9968072110322,NULL,2025-09-08 01:00:00.000
2913,31,590,499.994977154202,499.994977154202,0,2025-09-08 01:00:00.000
2914,31,967,1.44123507230892,1.44123507230892,NULL,2025-09-08 01:00:00.000
2915,31,584,44.6078476102981,44.6078476102981,0,2025-09-08 01:00:00.000
2916,31,961,118.534338864713,118.534338864713,NULL,2025-09-08 01:00:00.000
2917,31,587,9.54243164641438,9.54243164641438,0,2025-09-08 01:00:00.000
2918,31,964,23.3644155611775,23.3644155611775,NULL,2025-09-08 01:00:00.000
2919,31,589,16.7284239048086,16.7284239048086,0,2025-09-08 01:00:00.000
2920,31,966,47.7303070173355,47.7303070173355,NULL,2025-09-08 01:00:00.000
2921,31,2678,74.8619480133057,74.8619480133057,NULL,2025-09-08 01:00:00.000
2922,31,2809,78.9793551540375,78.9793551540375,NULL,2025-09-08 01:00:00.000
2923,31,145,69.926687090132,69.926687090132,NULL,2025-09-08 01:00:00.000
2924,31,1070,160.669317413862,160.669317413862,NULL,2025-09-08 01:00:00.000
2925,31,1071,321.886878341133,321.886878341133,NULL,2025-09-08 01:00:00.000
2926,31,562,215.741262846129,215.741262846129,NULL,2025-09-08 01:00:00.000
2927,31,565,0,0,NULL,2025-09-08 01:00:00.000
2928,31,571,41.6147377457884,41.6147377457884,0,2025-09-08 01:00:00.000
2929,31,955,128.845886419,128.845886419,NULL,2025-09-08 01:00:00.000
2930,31,572,44.5050397984982,44.5050397984982,0,2025-09-08 01:00:00.000
2931,31,957,137.794724022518,137.794724022518,NULL,2025-09-08 01:00:00.000
2932,31,1072,169.340826570882,169.340826570882,NULL,2025-09-08 01:00:00.000
2933,31,1073,431.016609371681,431.016609371681,NULL,2025-09-08 01:00:00.000
2934,31,559,309.773366368991,309.773366368991,NULL,2025-09-08 01:00:00.000
2935,31,2669,814.373180676582,814.24141419042,NULL,2025-09-08 01:00:00.000
2936,31,2670,20.8384426930197,20.8384426930197,NULL,2025-09-08 01:00:00.000
2937,31,2668,2797.78255499338,2797.91443053855,NULL,2025-09-08 01:00:00.000
2938,31,580,86.6097255794207,86.6097255794207,0,2025-09-08 01:00:00.000
2939,31,953,259.329448686661,259.329448686661,NULL,2025-09-08 01:00:00.000
2940,31,576,28.2140918640859,28.2140918640859,0,2025-09-08 01:00:00.000
2941,31,949,90.4612377248056,90.4612377248056,NULL,2025-09-08 01:00:00.000
2942,31,577,41.6944897468885,41.6944897468885,0,2025-09-08 01:00:00.000
2943,31,950,129.092811374726,129.092811374726,NULL,2025-09-08 01:00:00.000
2944,31,578,4.00048426988516,4.00048426988516,0,2025-09-08 01:00:00.000
2945,31,951,0.0123861393770476,0.0123861393770476,NULL,2025-09-08 01:00:00.000
2946,31,573,7.10665695952045,7.10665695952045,0,2025-09-08 01:00:00.000
2947,31,946,0.0220033470117888,0.0220033470117888,NULL,2025-09-08 01:00:00.000
2948,31,574,-2.2722532749176,-2.2722532749176,0,2025-09-08 01:00:00.000
2949,31,947,-7.03525969966888,-7.03525969966888,NULL,2025-09-08 01:00:00.000
2950,31,575,720.353308865865,720.353308865865,0,2025-09-08 01:00:00.000
2951,31,948,2.23032910077814,2.23032910077814,NULL,2025-09-08 01:00:00.000
2952,31,872,4,4,NULL,2025-09-08 01:00:00.000
2953,31,945,12.38464,12.38464,NULL,2025-09-08 01:00:00.000
2954,31,579,3.53997116764386,3.53997116764386,0,2025-09-08 01:00:00.000
2955,31,952,10.9603171304122,10.9603171304122,NULL,2025-09-08 01:00:00.000
2956,31,4106,90.4776010843657,90.4776010843657,0,2025-09-08 01:00:00.000
2957,31,686,38.0059300019476,38.0059300019476,NULL,2025-09-08 01:00:00.000
2958,31,3321,1.12334186705448,1.12334186705448,0,2025-09-08 01:00:00.000
2959,31,3095,247.640702626546,247.640702626546,NULL,2025-09-08 01:00:00.000
2960,31,3096,247.16661757999,247.16661757999,NULL,2025-09-08 01:00:00.000
2961,31,569,-0.0374747887841788,-0.0374747887841788,NULL,2025-09-08 01:00:00.000
2962,31,570,-0.0104363881728211,-0.0104363881728211,NULL,2025-09-08 01:00:00.000
2963,31,4726,73.9943113410031,73.9943113410031,0,2025-09-08 01:00:00.000
2964,31,4725,1.12334186705448,1.12334186705448,0,2025-09-08 01:00:00.000
2965,31,4724,1.03681390526384,1.03681390526384,0,2025-09-08 01:00:00.000
2966,31,2671,361.335569985708,361.335569985708,NULL,2025-09-08 01:00:00.000
2967,31,2754,27.9822543610081,27.9822543610081,NULL,2025-09-08 01:00:00.000
2968,31,4686,27.9822543610081,27.9822543610081,NULL,2025-09-08 01:00:00.000
2969,31,3067,1,1,NULL,2025-09-08 01:00:00.000
2970,31,2675,81.691294670105,81.691294670105,NULL,2025-09-08 01:00:00.000
2971,31,2806,86.1843158769608,86.1843158769608,NULL,2025-09-08 01:00:00.000
2972,31,2674,35.9290895462036,35.9290895462036,NULL,2025-09-08 01:00:00.000
2973,31,2805,37.9051894712448,37.9051894712448,NULL,2025-09-08 01:00:00.000
2974,31,5221,21.9367135694027,21.9367135694027,NULL,2025-09-08 01:00:00.000
2975,31,5222,220.011450639195,220.011450639195,NULL,2025-09-08 01:00:00.000
2976,31,647,112.26393975597,112.26393975597,NULL,2025-09-08 01:00:00.000
2977,31,2664,0.147606075780156,0.147606075780156,NULL,2025-09-08 01:00:00.000
2978,31,2802,0.180826622080058,0.180826622080058,NULL,2025-09-08 01:00:00.000
2979,31,2665,18.6504961401224,18.6504961401224,NULL,2025-09-08 01:00:00.000
2980,31,2803,16.5219666492939,16.5219666492939,NULL,2025-09-08 01:00:00.000
2981,31,3064,1,1,NULL,2025-09-08 01:00:00.000
2982,31,75,14.2917779481742,14.2917779481742,NULL,2025-09-08 01:00:00.000
2983,31,5202,25.2867459309047,25.2867459309047,NULL,2025-09-08 01:00:00.000
2984,31,2767,14.2917779481742,14.2917779481742,NULL,2025-09-08 01:00:00.000
2985,31,146,465.831001403667,465.831001403667,NULL,2025-09-08 01:00:00.000
2986,31,3320,1.03681390526384,1.03681390526384,0,2025-09-08 01:00:00.000
2987,31,2673,33.4378468990326,33.4378468990326,NULL,2025-09-08 01:00:00.000
2988,31,2804,35.2769284784794,35.2769284784794,NULL,2025-09-08 01:00:00.000
2989,31,3099,6.83412707176473,6.83412707176473,NULL,2025-09-08 01:00:00.000
2990,31,5059,16.1679579063047,16.1679579063047,0,2025-09-08 01:00:00.000
2991,31,3326,321.79121035099,321.79121035099,0,2025-09-08 01:00:00.000
2992,31,72,144.949012476603,144.949012476603,NULL,2025-09-08 01:00:00.000
2993,31,2756,144.949012476603,144.949012476603,NULL,2025-09-08 01:00:00.000
2994,31,3327,89.3013312186958,89.3013312186958,0,2025-09-08 01:00:00.000
2995,31,4684,89.3013312186958,89.3013312186958,NULL,2025-09-08 01:00:00.000
2996,31,5225,203.82636042277,203.82636042277,NULL,2025-09-08 01:00:00.000
2997,31,147,11.9365005487866,11.9365005487866,NULL,2025-09-08 01:00:00.000
2998,31,5229,151.00993807845,154.935364792329,NULL,2025-09-08 01:00:00.000
2999,31,1044,0.893862860708274,0.893862860708274,NULL,2025-09-08 01:00:00.000
3000,31,603,3.55066731891991E-08,3.55066731891991E-08,NULL,2025-09-08 01:00:00.000
3001,31,604,-0.182441380906181,-0.182441380906181,NULL,2025-09-08 01:00:00.000
3002,31,2682,103.707460403442,103.707460403442,NULL,2025-09-08 01:00:00.000
3003,31,2811,109.411370725632,109.411370725632,NULL,2025-09-08 01:00:00.000
3004,31,1173,53.231158507665,53.231158507665,NULL,2025-09-08 01:00:00.000
3005,31,1174,46.5600988192028,46.5600988192028,NULL,2025-09-08 01:00:00.000
3006,31,148,271.3125532341,271.3125532341,NULL,2025-09-08 01:00:00.000
3007,31,597,258.289558690389,258.289558690389,NULL,2025-09-08 01:00:00.000
3008,31,600,0,0,NULL,2025-09-08 01:00:00.000
3009,31,591,44.7099039840698,44.7099039840698,NULL,2025-09-08 01:00:00.000
3010,31,592,257.437380506727,257.437380506727,NULL,2025-09-08 01:00:00.000
3011,31,5139,0,0,NULL,2025-09-08 01:00:00.000
3012,31,668,21.0891312763426,21.0891312763426,NULL,2025-09-08 01:00:00.000
3013,31,669,54.6466933674282,54.6466933674282,NULL,2025-09-08 01:00:00.000
3014,31,670,1381.37127083672,1381.37127083672,NULL,2025-09-08 01:00:00.000
3015,31,671,18.175158276293,18.175158276293,NULL,2025-09-08 01:00:00.000
3016,31,672,42.9357273345523,42.9357273345523,NULL,2025-09-08 01:00:00.000
3017,31,1084,55.3989484014949,55.2067802548685,NULL,2025-09-08 01:00:00.000
3018,31,1085,159.133494471144,159.133494471144,NULL,2025-09-08 01:00:00.000
3019,31,599,166.059794037225,166.059794037225,NULL,2025-09-08 01:00:00.000
3020,31,602,30.4965157514148,30.4965157514148,NULL,2025-09-08 01:00:00.000
3021,31,1082,73.4757969489362,73.4757969489362,NULL,2025-09-08 01:00:00.000
3022,31,1083,211.7939186737,211.7939186737,NULL,2025-09-08 01:00:00.000
3023,31,595,5.07245124234094,5.07245124234094,NULL,2025-09-08 01:00:00.000
3024,31,596,212.737564796872,212.737564796872,NULL,2025-09-08 01:00:00.000
3025,31,2686,572.530467488151,572.530467488151,NULL,2025-09-08 01:00:00.000
3026,31,618,15.0760895086659,15.0760895086659,0,2025-09-08 01:00:00.000
3027,31,982,43.4568144600715,43.4568144600715,NULL,2025-09-08 01:00:00.000
3028,31,619,16.1934286485778,16.1934286485778,0,2025-09-08 01:00:00.000
3029,31,983,46.6775435267314,46.6775435267314,NULL,2025-09-08 01:00:00.000
3030,31,617,12.369140625,12.369140625,0,2025-09-08 01:00:00.000
3031,31,981,35.6540367355993,35.6540367355993,NULL,2025-09-08 01:00:00.000
3032,31,2685,4.73734824374385,4.73734824374385,NULL,2025-09-08 01:00:00.000
3033,31,2684,2776.1457364285,2776.08420053785,NULL,2025-09-08 01:00:00.000
3034,31,763,0.461569949090481,0.461569949090481,NULL,2025-09-08 01:00:00.000
3035,31,621,13.7939316257393,13.7939316257393,0,2025-09-08 01:00:00.000
3036,31,985,47.5584202311661,47.5584202311661,NULL,2025-09-08 01:00:00.000
3037,31,622,0.00407764310277402,0.00407764310277402,0,2025-09-08 01:00:00.000
3038,31,986,0.0126711113979538,0.0126711113979538,NULL,2025-09-08 01:00:00.000
3039,31,624,7.49227857735422,7.49227857735422,0,2025-09-08 01:00:00.000
3040,31,988,21.5964862660239,21.5964862660239,NULL,2025-09-08 01:00:00.000
3041,31,626,369.934000985887,369.934000985887,0,2025-09-08 01:00:00.000
3042,31,990,1.06633442538762,1.06633442538762,NULL,2025-09-08 01:00:00.000
3043,31,620,20.9592438844177,20.9592438844177,0,2025-09-08 01:00:00.000
3044,31,984,51.8837000598983,51.8837000598983,NULL,2025-09-08 01:00:00.000
3045,31,623,12.4609368908714,12.4609368908714,0,2025-09-08 01:00:00.000
3046,31,987,36.0318451377961,36.0318451377961,NULL,2025-09-08 01:00:00.000
3047,31,625,0.318545779023526,0.318545779023526,0,2025-09-08 01:00:00.000
3048,31,989,0.98403723947402,0.98403723947402,NULL,2025-09-08 01:00:00.000
3049,31,2683,93.1918344497681,93.1918344497681,NULL,2025-09-08 01:00:00.000
3050,31,2812,98.3173853445053,98.3173853445053,NULL,2025-09-08 01:00:00.000
3051,31,149,89.4762911287944,89.4762911287944,NULL,2025-09-08 01:00:00.000
3052,31,1078,156.324456866768,156.324456866768,NULL,2025-09-08 01:00:00.000
3053,31,1079,361.416448708469,361.416448708469,NULL,2025-09-08 01:00:00.000
3054,31,598,219.302230753622,219.302230753622,NULL,2025-09-08 01:00:00.000
3055,31,601,0,0,NULL,2025-09-08 01:00:00.000
3056,31,607,61.6365577374564,61.6365577374564,0,2025-09-08 01:00:00.000
3057,31,978,190.836644604403,190.836644604403,NULL,2025-09-08 01:00:00.000
3058,31,608,66.4328943199582,66.4328943199582,0,2025-09-08 01:00:00.000
3059,31,980,205.686870077682,205.686870077682,NULL,2025-09-08 01:00:00.000
3060,31,1080,150.332461992635,150.332461992635,NULL,2025-09-08 01:00:00.000
3061,31,1081,326.199379765392,326.199379765392,NULL,2025-09-08 01:00:00.000
3062,31,593,20.8658654250039,20.8658654250039,NULL,2025-09-08 01:00:00.000
3063,31,594,247.265347391764,247.265347391764,NULL,2025-09-08 01:00:00.000
3064,31,2688,814.528903402427,814.528903402427,NULL,2025-09-08 01:00:00.000
3065,31,2687,2808.04965644593,2804.06831605549,NULL,2025-09-08 01:00:00.000
3066,31,616,58.1873949510764,58.1873949510764,0,2025-09-08 01:00:00.000
3067,31,976,181.07177461895,181.07177461895,NULL,2025-09-08 01:00:00.000
3068,31,612,20.4940756301563,20.4940756301563,0,2025-09-08 01:00:00.000
3069,31,972,64.033638292605,64.033638292605,NULL,2025-09-08 01:00:00.000
3070,31,613,52.7176676591237,52.7176676591237,0,2025-09-08 01:00:00.000
3071,31,973,163.222333899473,163.222333899473,NULL,2025-09-08 01:00:00.000
3072,31,614,3.99977736443281,3.99977736443281,0,2025-09-08 01:00:00.000
3073,31,974,0.0123839506846623,0.0123839506846623,NULL,2025-09-08 01:00:00.000
3074,31,609,5358.37019755046,5358.37019755046,0,2025-09-08 01:00:00.000
3075,31,969,16.5903714708478,16.5903714708478,NULL,2025-09-08 01:00:00.000
3076,31,610,10.4756488010618,10.4756488010618,0,2025-09-08 01:00:00.000
3077,31,970,32.4342847918956,32.4342847918956,NULL,2025-09-08 01:00:00.000
3078,31,611,604.831444710626,604.831444710626,0,2025-09-08 01:00:00.000
3079,31,971,1.87265492585525,1.87265492585525,NULL,2025-09-08 01:00:00.000
3080,31,873,4,4,NULL,2025-09-08 01:00:00.000
3081,31,968,12.38464,12.38464,NULL,2025-09-08 01:00:00.000
3082,31,5148,0,0,NULL,2025-09-08 01:00:00.000
3083,31,615,3.99961514337195,3.99961514337195,0,2025-09-08 01:00:00.000
3084,31,975,12.3834484223025,12.3834484223025,NULL,2025-09-08 01:00:00.000
3085,31,4107,130.380601804731,130.380601804731,0,2025-09-08 01:00:00.000
3086,31,687,46.2994438441594,46.2994438441594,NULL,2025-09-08 01:00:00.000
3087,31,3325,1.15179106650207,1.15179106650207,0,2025-09-08 01:00:00.000
3088,31,3098,230.510690928565,230.510690928565,NULL,2025-09-08 01:00:00.000
3089,31,605,-0.0771431689450724,-0.0771431689450724,NULL,2025-09-08 01:00:00.000
3090,31,606,-0.57362286677791,-0.57362286677791,NULL,2025-09-08 01:00:00.000
3091,31,4729,89.3013312186958,89.3013312186958,0,2025-09-08 01:00:00.000
3092,31,4728,1.15179106650207,1.15179106650207,0,2025-09-08 01:00:00.000
3093,31,4727,1.0370675584293,1.0370675584293,0,2025-09-08 01:00:00.000
3094,31,2863,409.59263030582,409.59263030582,NULL,2025-09-08 01:00:00.000
3095,31,2679,35.2437091650633,35.2437091650633,NULL,2025-09-08 01:00:00.000
3096,31,4687,35.2437091650633,35.2437091650633,NULL,2025-09-08 01:00:00.000
3097,31,3068,1,1,NULL,2025-09-08 01:00:00.000
3098,31,2681,40.0030507246653,40.0030507246653,NULL,2025-09-08 01:00:00.000
3099,31,2810,36.1483745503426,36.1483745503426,NULL,2025-09-08 01:00:00.000
3100,31,5226,204.078447846307,204.078447846307,NULL,2025-09-08 01:00:00.000
3101,31,76,2.043912639339,2.043912639339,NULL,2025-09-08 01:00:00.000
3102,31,5203,3.61633799540895,3.61633799540895,NULL,2025-09-08 01:00:00.000
3103,31,2757,2.043912639339,2.043912639339,NULL,2025-09-08 01:00:00.000
3104,31,150,758.668719541762,758.668719541762,NULL,2025-09-08 01:00:00.000
3105,31,3324,1.0370675584293,1.0370675584293,0,2025-09-08 01:00:00.000
3106,31,5027,31707.3359462585,31707.3359462585,NULL,2025-09-08 01:00:00.000
3107,31,5033,29721.546875,29721.546875,NULL,2025-09-08 01:00:00.000
3108,31,5028,310050.51691919,310050.51691919,NULL,2025-09-08 01:00:00.000
3109,31,5034,54086.3671875,54086.3671875,NULL,2025-09-08 01:00:00.000
3110,31,5029,386511.198836531,386511.198836531,NULL,2025-09-08 01:00:00.000
3111,31,5035,66946.5234375,66946.5234375,NULL,2025-09-08 01:00:00.000
3112,31,5030,292557.084511592,292557.084511592,NULL,2025-09-08 01:00:00.000
3113,31,5036,76390.546875,76390.546875,NULL,2025-09-08 01:00:00.000
3114,31,5043,0,0,NULL,2025-09-08 01:00:00.000
3115,31,5082,3703.93531587483,3703.93531587483,NULL,2025-09-08 01:00:00.000
3116,31,5031,2000197.29721282,2000197.29721282,NULL,2025-09-08 01:00:00.000
3117,31,5037,122629.669921875,122629.669921875,NULL,2025-09-08 01:00:00.000
3118,31,5032,134610.94081583,134610.94081583,NULL,2025-09-08 01:00:00.000
3119,31,5038,10721.6640625,10721.6640625,NULL,2025-09-08 01:00:00.000
3120,31,5042,8.75358280662496,8.75358280662496,0,2025-09-08 01:00:00.000
3121,31,5046,1.94601078510881,1.94601078510881,NULL,2025-09-08 01:00:00.000
3122,31,5040,3155634.37424222,3155634.37424222,NULL,2025-09-08 01:00:00.000
3123,31,5044,3155634.37424222,3155634.37424222,NULL,2025-09-08 01:00:00.000
3124,31,5041,360496.318359375,360496.318359375,NULL,2025-09-08 01:00:00.000
3125,31,334,15000,5729.03565914396,0,2025-09-08 01:00:00.000
3126,31,361,3.72371220415046,3.72371220415046,NULL,2025-09-08 01:00:00.000
3127,31,1168,94.372552738863,94.372552738863,NULL,2025-09-08 01:00:00.000
3128,31,4751,261.375994614917,261.375994614917,NULL,2025-09-08 01:00:00.000
3129,31,4752,261.352773902159,261.352773902159,NULL,2025-09-08 01:00:00.000
3130,31,4753,261.343171658341,261.343171658341,NULL,2025-09-08 01:00:00.000
3131,31,4754,261.343678783213,261.343678783213,NULL,2025-09-08 01:00:00.000
3132,31,4755,267.846354993477,267.846354993477,NULL,2025-09-08 01:00:00.000
3133,31,4782,123.462312724778,123.462312724778,NULL,2025-09-08 01:00:00.000
3134,31,4780,22.8788532929794,22.8788532929794,NULL,2025-09-08 01:00:00.000
3135,31,4783,127.194301369773,127.194301369773,NULL,2025-09-08 01:00:00.000
3136,31,4781,17.946672501754,17.946672501754,NULL,2025-09-08 01:00:00.000
3137,31,5218,64.8779718589811,64.8779718589811,NULL,2025-09-08 01:00:00.000
3138,31,5219,120.445138201748,120.445138201748,NULL,2025-09-08 01:00:00.000
3139,31,4757,283.189703297326,283.189703297326,NULL,2025-09-08 01:00:00.000
3140,31,4731,39.0772537011966,39.0772537011966,NULL,2025-09-08 01:00:00.000
3141,31,4732,133.08132373039,133.08132373039,NULL,2025-09-08 01:00:00.000
3142,31,4733,34.5726709909461,34.5726709909461,NULL,2025-09-08 01:00:00.000
3143,31,4734,84.7154475240536,84.7154475240536,NULL,2025-09-08 01:00:00.000
3144,31,4736,36.3049172911704,36.3049172911704,NULL,2025-09-08 01:00:00.000
3145,31,4737,166.149304203971,166.149304203971,NULL,2025-09-08 01:00:00.000
3146,31,4738,57.9574428647585,57.9574428647585,NULL,2025-09-08 01:00:00.000
3147,31,4739,82.7082342413065,82.7082342413065,NULL,2025-09-08 01:00:00.000
3148,31,4784,39.6629858095253,39.6629858095253,NULL,2025-09-08 01:00:00.000
3149,31,4740,116.353622591672,116.353622591672,NULL,2025-09-08 01:00:00.000
3150,31,4741,104.883877550972,104.883877550972,NULL,2025-09-08 01:00:00.000
3151,31,4742,307.613350570135,307.613350570135,NULL,2025-09-08 01:00:00.000
3152,31,4743,290.02071755145,290.02071755145,NULL,2025-09-08 01:00:00.000
3153,31,4744,321.882925557022,321.882925557022,NULL,2025-09-08 01:00:00.000
3154,31,4745,291.447053621136,291.447053621136,NULL,2025-09-08 01:00:00.000
3155,31,4746,290.78796770768,290.78796770768,NULL,2025-09-08 01:00:00.000
3156,31,4747,311.927113277793,311.927113277793,NULL,2025-09-08 01:00:00.000
3157,31,4748,291.788196401525,291.788196401525,NULL,2025-09-08 01:00:00.000
3158,31,4749,281.192284310261,281.192284310261,NULL,2025-09-08 01:00:00.000
3159,31,4750,0,0,NULL,2025-09-08 01:00:00.000
3160,31,4779,225.812159621141,225.812159621141,NULL,2025-09-08 01:00:00.000
3161,31,4730,27.1815010231082,27.1815010231082,NULL,2025-09-08 01:00:00.000
3162,31,4735,27.9822543610081,27.9822543610081,NULL,2025-09-08 01:00:00.000
3163,31,4778,35.2437091650633,35.2437091650633,NULL,2025-09-08 01:00:00.000
3164,31,4758,4.49959596995654,4.49959596995654,NULL,2025-09-08 01:00:00.000
3165,31,4759,0,0,NULL,2025-09-08 01:00:00.000
3166,31,4756,198.619994544983,198.619994544983,NULL,2025-09-08 01:00:00.000
3167,31,4762,0,0,NULL,2025-09-08 01:00:00.000
3168,31,4763,7.75647827369199,7.75647827369199,NULL,2025-09-08 01:00:00.000
3169,31,4760,14.6413191269295,14.6413191269295,NULL,2025-09-08 01:00:00.000
3170,31,4761,3.2163290821526,3.2163290821526,NULL,2025-09-08 01:00:00.000
3171,31,4766,0,0,NULL,2025-09-08 01:00:00.000
3172,31,4767,0,0,NULL,2025-09-08 01:00:00.000
3173,31,4768,2.89230413330017,2.89230413330017,NULL,2025-09-08 01:00:00.000
3174,31,4769,0,0,NULL,2025-09-08 01:00:00.000
3175,31,4770,9.5115759130947,9.5115759130947,NULL,2025-09-08 01:00:00.000
3176,31,4771,9.86450491993653,9.86450491993653,NULL,2025-09-08 01:00:00.000
3177,31,4772,4.67191902563673,4.67191902563673,NULL,2025-09-08 01:00:00.000
3178,31,4773,5.04593361906442,5.04593361906442,NULL,2025-09-08 01:00:00.000
3179,31,4774,5.1621551562926,5.1621551562926,NULL,2025-09-08 01:00:00.000
3180,31,4775,10.6502285543132,10.6502285543132,NULL,2025-09-08 01:00:00.000
3181,31,4776,0,0,NULL,2025-09-08 01:00:00.000
3182,31,4777,11.1545033264027,11.1545033264027,NULL,2025-09-08 01:00:00.000
3183,31,4764,114.726003514462,114.726003514462,NULL,2025-09-08 01:00:00.000
3184,31,4765,82.5389512759938,82.5389512759938,NULL,2025-09-08 01:00:00.000
3185,31,365,93.7141521113038,93.7141521113038,NULL,2025-09-08 01:00:00.000
3186,31,2435,98.2990904903469,105.179098345327,NULL,2025-09-08 01:00:00.000
3187,31,2434,1015.45857569429,1128.17951099579,NULL,2025-09-08 01:00:00.000
3188,31,2436,-0.903197340745153,-0.906770955047313,NULL,2025-09-08 01:00:00.000
3189,31,2864,0,0,NULL,2025-09-08 01:00:00.000
3190,31,882,0,0,NULL,2025-09-08 01:00:00.000
3191,31,2745,0.26210513306144,0.26210513306144,NULL,2025-09-08 01:00:00.000
3192,31,2868,12.1363228104294,12.1363228104294,NULL,2025-09-08 01:00:00.000
3193,31,919,169.658446943143,169.658446943143,NULL,2025-09-08 01:00:00.000
3194,31,2751,17.3083289260864,17.3083289260864,NULL,2025-09-08 01:00:00.000
3195,31,2873,4.82771226835685,4.82771226835685,NULL,2025-09-08 01:00:00.000
3196,31,931,156.001388489115,156.001388489115,NULL,2025-09-08 01:00:00.000
3197,31,2748,50.3854414788367,50.3854414788367,NULL,2025-09-08 01:00:00.000
3198,31,397,11.5,11.5,NULL,2025-09-08 01:00:00.000
3199,31,2865,0,0,NULL,2025-09-08 01:00:00.000
3200,31,883,0,0,NULL,2025-09-08 01:00:00.000
3201,31,2746,0,0,NULL,2025-09-08 01:00:00.000
3202,31,2869,-30.9081168846574,-30.9081168846574,NULL,2025-09-08 01:00:00.000
3203,31,920,82.6495865671549,82.6495865671549,NULL,2025-09-08 01:00:00.000
3204,31,2752,28.6728923972448,28.6728923972448,NULL,2025-09-08 01:00:00.000
3205,31,2874,164.546303081773,164.546303081773,NULL,2025-09-08 01:00:00.000
3206,31,954,257.665683154183,257.665683154183,NULL,2025-09-08 01:00:00.000
3207,31,2749,83.2210490265952,83.2210490265952,NULL,2025-09-08 01:00:00.000
3208,31,398,13,13,NULL,2025-09-08 01:00:00.000
3209,31,2866,0,0,NULL,2025-09-08 01:00:00.000
3210,31,884,0,0,NULL,2025-09-08 01:00:00.000
3211,31,2747,0.312541455808613,0.312541455808613,NULL,2025-09-08 01:00:00.000
3212,31,2870,7.40230253512489,7.40230253512489,NULL,2025-09-08 01:00:00.000
3213,31,921,86.0055239512977,86.0055239512977,NULL,2025-09-08 01:00:00.000
3214,31,2753,29.8371381666925,29.8371381666925,NULL,2025-09-08 01:00:00.000
3215,31,2875,-1.3519858704275,-1.3519858704275,NULL,2025-09-08 01:00:00.000
3216,31,977,68.929840841031,68.929840841031,NULL,2025-09-08 01:00:00.000
3217,31,2750,22.2630099352201,22.2630099352201,NULL,2025-09-08 01:00:00.000
3218,31,399,24,24,NULL,2025-09-08 01:00:00.000
3219,31,5251,16.9640350787863,16.9640350787863,NULL,2025-09-08 01:00:00.000
3220,31,390,1,1,NULL,2025-09-08 01:00:00.000
3221,31,5252,133.638186197115,133.638186197115,NULL,2025-09-08 01:00:00.000
3222,31,391,1,1,NULL,2025-09-08 01:00:00.000
3223,31,5253,6.05031666469738,6.05031666469738,NULL,2025-09-08 01:00:00.000
3224,31,392,1,1,NULL,2025-09-08 01:00:00.000
3225,31,2724,55.7612156867981,55.7612156867981,NULL,2025-09-08 01:00:00.000
3226,31,2813,198.619994544983,198.619994544983,NULL,2025-09-08 01:00:00.000
3227,31,69,376.456734994253,376.456734994253,NULL,2025-09-08 01:00:00.000
3228,31,2848,376.456734994253,376.456734994253,NULL,2025-09-08 01:00:00.000
3229,31,5230,1162.14552703308,1236.04920463219,NULL,2025-09-08 01:00:00.000
3230,31,5078,389.39147151781,389.39147151781,0,2025-09-08 01:00:00.000
3231,31,4108,1085.64004918726,1085.64004918726,0,2025-09-08 01:00:00.000
3232,31,501,1.69012974200191,1.69012974200191,NULL,2025-09-08 01:00:00.000
3233,31,135,10.1157666801082,10.1157666801082,NULL,2025-09-08 01:00:00.000
3234,31,1010,32.2680335377466,32.2680335377466,NULL,2025-09-08 01:00:00.000
3235,31,499,44.7688386014656,44.7688386014656,NULL,2025-09-08 01:00:00.000
3236,31,500,394.129645781403,394.129645781403,NULL,2025-09-08 01:00:00.000
3237,31,497,44.7788372556369,44.7788372556369,NULL,2025-09-08 01:00:00.000
3238,31,498,396.917925821764,396.917925821764,NULL,2025-09-08 01:00:00.000
3239,31,2728,3041.24680749957,3041.0093234073,NULL,2025-09-08 01:00:00.000
3240,31,1025,4,4,NULL,2025-09-08 01:00:00.000
3241,31,1031,12.7595009090904,12.7595009090904,NULL,2025-09-08 01:00:00.000
3242,31,1026,5.9,5.9,NULL,2025-09-08 01:00:00.000
3243,31,1032,18.8202638409083,18.8202638409083,NULL,2025-09-08 01:00:00.000
3244,31,1027,12.7,12.7,NULL,2025-09-08 01:00:00.000
3245,31,1033,40.511415386362,40.511415386362,NULL,2025-09-08 01:00:00.000
3246,31,5147,252.729979391212,252.729979391212,NULL,2025-09-08 01:00:00.000
3247,31,5146,694.26555,694.26555,NULL,2025-09-08 01:00:00.000
3248,31,1028,4,4,NULL,2025-09-08 01:00:00.000
3249,31,1034,12.7595009090904,12.7595009090904,NULL,2025-09-08 01:00:00.000
3250,31,2867,89.0888592314082,89.0888592314082,NULL,2025-09-08 01:00:00.000
3251,31,881,187.853725375005,187.853725375005,NULL,2025-09-08 01:00:00.000
3252,31,11,58.8906185950173,58.8906185950173,NULL,2025-09-08 01:00:00.000
3253,31,2698,17415.9569046805,17415.9569046805,NULL,2025-09-08 01:00:00.000
3254,31,3400,72.8683636891832,72.8683636891832,NULL,2025-09-08 01:00:00.000
3255,31,516,0.0980141014625855,0.0980141014625855,NULL,2025-09-08 01:00:00.000
3256,31,514,5.02161481698354,5.02161481698354,NULL,2025-09-08 01:00:00.000
3257,31,515,260.70388848079,260.70388848079,NULL,2025-09-08 01:00:00.000
3258,31,2731,632.963193049198,632.963193049198,NULL,2025-09-08 01:00:00.000
3259,31,2730,2746.9023390557,2746.9023390557,NULL,2025-09-08 01:00:00.000
3260,31,5149,430.683479318527,430.683479318527,NULL,2025-09-08 01:00:00.000
3261,31,2872,5.20089936564841,5.20089936564841,NULL,2025-09-08 01:00:00.000
3262,31,918,119.415315674859,119.415315674859,NULL,2025-09-08 01:00:00.000
3263,31,2845,41.4277026557922,41.4277026557922,NULL,2025-09-08 01:00:00.000
3264,31,5254,131.766741308683,131.766741308683,NULL,2025-09-08 01:00:00.000
3265,31,389,1,1,NULL,2025-09-08 01:00:00.000
3266,31,396,3.5,3.5,NULL,2025-09-08 01:00:00.000
3267,31,5150,54.293158884387,54.293158884387,NULL,2025-09-08 01:00:00.000
3268,31,5151,0,0,NULL,2025-09-08 01:00:00.000
3269,31,5077,33.3106235264794,33.3106235264794,0,2025-09-08 01:00:00.000
3270,31,5048,100,100,0,2025-09-08 01:00:00.000
3271,31,73,159.287380465402,159.287380465402,NULL,2025-09-08 01:00:00.000
3272,31,5200,281.830541618688,281.830541618688,NULL,2025-09-08 01:00:00.000
3273,31,2849,159.287380465402,159.287380465402,NULL,2025-09-08 01:00:00.000
3274,31,764,1.72635563605362,1.72635563605362,NULL,2025-09-08 01:00:00.000
3275,31,765,0,0,NULL,2025-09-08 01:00:00.000
3276,31,495,262.200519417673,262.200519417673,NULL,2025-09-08 01:00:00.000
3277,31,492,0,0,NULL,2025-09-08 01:00:00.000
3278,31,493,5,5,NULL,2025-09-08 01:00:00.000
3279,31,496,328.728394292196,328.728394292196,NULL,2025-09-08 01:00:00.000
3280,31,494,1.62180318101097,1.62180318101097,NULL,2025-09-08 01:00:00.000
3281,31,2727,3110.46840467061,3110.46840467061,NULL,2025-09-08 01:00:00.000
3282,31,5144,0,0,NULL,2025-09-08 01:00:00.000
3283,31,5145,660.4112,660.4112,NULL,2025-09-08 01:00:00.000
3284,31,2725,87.3974860111872,87.3974860111872,NULL,2025-09-08 01:00:00.000
3285,31,2814,310.130018234253,310.130018234253,NULL,2025-09-08 01:00:00.000
3286,31,518,135.451406956099,135.451406956099,NULL,2025-09-08 01:00:00.000
3287,31,1020,386.148327305561,386.148327305561,NULL,2025-09-08 01:00:00.000
3288,31,502,31.4369751490929,31.4369751490929,NULL,2025-09-08 01:00:00.000
3289,31,412,0,0,NULL,2025-09-08 01:00:00.000
3290,31,376,-15.5537919456251,-15.5537919456251,NULL,2025-09-08 01:00:00.000
3291,31,1086,32.7566992042951,32.7566992042951,NULL,2025-09-08 01:00:00.000
3292,31,1087,1367.67184689095,1367.67184689095,NULL,2025-09-08 01:00:00.000
3293,31,1048,262.27114570875,262.27114570875,NULL,2025-09-08 01:00:00.000
3294,31,1092,328.170728460405,328.170728460405,NULL,2025-09-08 01:00:00.000
3295,31,2642,315.470728460405,315.470728460405,NULL,2025-09-08 01:00:00.000
3296,31,1093,1044.67050726951,1044.67050726951,NULL,2025-09-08 01:00:00.000
3297,31,1049,80.0167741715097,80.0167741715097,NULL,2025-09-08 01:00:00.000
3298,31,1094,332.991214540932,332.991214540932,NULL,2025-09-08 01:00:00.000
3299,31,2641,263.984829265806,263.984829265806,NULL,2025-09-08 01:00:00.000
3300,31,1095,1062.20042616353,1062.20042616353,NULL,2025-09-08 01:00:00.000
3301,31,1050,174.872006119447,174.872006119447,NULL,2025-09-08 01:00:00.000
3302,31,4823,0.274377698264142,0.274377698264142,0,2025-09-08 01:00:00.000
3303,31,4915,0.29254638701634,0.29254638701634,0,2025-09-08 01:00:00.000
3304,31,4822,0.282532952734308,0.282532952734308,0,2025-09-08 01:00:00.000
3305,31,4906,0.313087353625415,0.313087353625415,0,2025-09-08 01:00:00.000
3306,31,1098,165.252072295594,165.252072295594,NULL,2025-09-08 01:00:00.000
3307,31,1099,476.338949882462,476.338949882462,NULL,2025-09-08 01:00:00.000
3308,31,1096,151.385345769127,151.385345769127,NULL,2025-09-08 01:00:00.000
3309,31,1097,442.473113712529,442.473113712529,NULL,2025-09-08 01:00:00.000
3310,31,1052,85.7407155490448,85.7407155490448,NULL,2025-09-08 01:00:00.000
3311,31,1051,136.036569066897,136.036569066897,NULL,2025-09-08 01:00:00.000
3312,31,1209,142.262190214793,142.262190214793,NULL,2025-09-08 01:00:00.000
3313,31,4812,0,0,0,2025-09-08 01:00:00.000
3314,31,4897,0,0,0,2025-09-08 01:00:00.000
3315,31,4889,141.652624413932,141.652624413932,NULL,2025-09-08 01:00:00.000
3316,31,1047,464.417793698817,464.417793698817,NULL,2025-09-08 01:00:00.000
3317,31,1090,451.90390604443,451.90390604443,NULL,2025-09-08 01:00:00.000
3318,31,1091,1541.60334655713,1541.60334655713,NULL,2025-09-08 01:00:00.000
3319,31,1088,415.77979690643,415.77979690643,NULL,2025-09-08 01:00:00.000
3320,31,1089,1418.37129037512,1418.37129037512,NULL,2025-09-08 01:00:00.000
3321,31,2925,2.5,2.5,NULL,2025-09-08 01:00:00.000
3322,31,4794,255.679731833152,255.679731833152,NULL,2025-09-08 01:00:00.000
3323,31,4798,60.3574810916889,60.3574810916889,NULL,2025-09-08 01:00:00.000
3324,31,4795,2610.7293168521,2610.7293168521,NULL,2025-09-08 01:00:00.000
3325,31,4801,39.4476561176026,39.4476561176026,NULL,2025-09-08 01:00:00.000
3326,31,186,4.587,4.89407748074002,1,2025-09-08 01:00:00.000
3327,31,2532,2.23844462079635,2.23844462079635,1,2025-09-08 01:00:00.000
3328,31,895,1.50432257616699,1.50432257616699,1,2025-09-08 01:00:00.000
3329,31,33,4894.07748074002,4894.07748074002,NULL,2025-09-08 01:00:00.000
3330,31,5100,4.86882453965644,4.86882453965644,NULL,2025-09-08 01:00:00.000
3331,31,187,4.646,5.02587991400825,1,2025-09-08 01:00:00.000
3332,31,2533,2.7691387463878,2.7691387463878,1,2025-09-08 01:00:00.000
3333,31,896,1.54483549749679,1.54483549749679,1,2025-09-08 01:00:00.000
3334,31,34,5025.87991400825,5025.87991400825,NULL,2025-09-08 01:00:00.000
3335,31,5101,4.96606868059562,4.96606868059562,NULL,2025-09-08 01:00:00.000
3336,31,188,4.864,5.1608223171658,1,2025-09-08 01:00:00.000
3337,31,2534,2.16368949488226,2.16368949488226,1,2025-09-08 01:00:00.000
3338,31,897,1.58631357060678,1.58631357060678,1,2025-09-08 01:00:00.000
3339,31,35,5160.8223171658,5160.8223171658,NULL,2025-09-08 01:00:00.000
3340,31,5102,5.14295721691632,5.14295721691632,NULL,2025-09-08 01:00:00.000
3341,31,189,4.766,5.15025402730306,1,2025-09-08 01:00:00.000
3342,31,2535,2.80102389261192,2.80102389261192,1,2025-09-08 01:00:00.000
3343,31,898,1.58306513061078,1.58306513061078,1,2025-09-08 01:00:00.000
3344,31,36,5150.25402730306,5150.25402730306,NULL,2025-09-08 01:00:00.000
3345,31,5103,4.86819317188082,4.86819317188082,NULL,2025-09-08 01:00:00.000
3346,31,190,6.242,6.32754300469292,1,2025-09-08 01:00:00.000
3347,31,2536,0.623566658942828,0.623566658942828,1,2025-09-08 01:00:00.000
3348,31,899,1.94493565561365,1.94493565561365,1,2025-09-08 01:00:00.000
3349,31,37,6327.54300469293,6327.54300469293,NULL,2025-09-08 01:00:00.000
3350,31,5104,6.42464857840751,6.42464857840751,NULL,2025-09-08 01:00:00.000
3351,31,5026,0,0,NULL,2025-09-08 01:00:00.000
3352,31,133,-0.547405251424699,-0.547405251424699,NULL,2025-09-08 01:00:00.000
3353,31,4082,0,0,0,2025-09-08 01:00:00.000
3354,31,255,0,0,NULL,2025-09-08 01:00:00.000
3355,31,253,0,0,NULL,2025-09-08 01:00:00.000
3356,31,134,-0.0821770614019913,-0.0821770614019913,NULL,2025-09-08 01:00:00.000
3357,31,4083,0,0,0,2025-09-08 01:00:00.000
3358,31,256,0,0,NULL,2025-09-08 01:00:00.000
3359,31,254,0,0,NULL,2025-09-08 01:00:00.000
3360,31,635,0,0,NULL,2025-09-08 01:00:00.000
3361,31,636,2,2,NULL,2025-09-08 01:00:00.000
3362,31,2710,52.0166108338535,52.0166108338535,NULL,2025-09-08 01:00:00.000
3363,31,2711,55.2955952276621,55.2955952276621,NULL,2025-09-08 01:00:00.000
3364,31,2712,54.1494783978771,54.1494783978771,NULL,2025-09-08 01:00:00.000
3365,31,2713,54.7484325731297,54.7484325731297,NULL,2025-09-08 01:00:00.000
3366,31,2714,54.2676216558284,54.2676216558284,NULL,2025-09-08 01:00:00.000
3367,31,2715,55.2557907247874,55.2557907247874,NULL,2025-09-08 01:00:00.000
3368,31,2716,55.7944350673038,55.7944350673038,NULL,2025-09-08 01:00:00.000
3369,31,2717,54.3974175836146,54.3974175836146,NULL,2025-09-08 01:00:00.000
3370,31,2718,0.0279421830740919,0.0279421830740919,NULL,2025-09-08 01:00:00.000
3371,31,4100,0.0536524287007979,0.0536524287007979,0,2025-09-08 01:00:00.000
3372,31,4111,43.414243221283,43.414243221283,0,2025-09-08 01:00:00.000
3373,31,4252,44.2958817481995,44.2958817481995,0,2025-09-08 01:00:00.000
3374,31,4127,27.1610004901886,27.1610004901886,0,2025-09-08 01:00:00.000
3375,31,4275,25.4695820808411,25.4695820808411,0,2025-09-08 01:00:00.000
3376,31,4143,24.9184100925922,24.9184100925922,0,2025-09-08 01:00:00.000
3377,31,4298,25.6278946399689,25.6278946399689,0,2025-09-08 01:00:00.000
3378,31,767,1.52653336524963,1.52653336524963,NULL,2025-09-08 01:00:00.000
3379,31,422,2455.54319664562,2679.44434785641,1,2025-09-08 01:00:00.000
3380,31,1195,223.901151210787,223.901151210787,1,2025-09-08 01:00:00.000
3381,31,784,5.735,6.26013824462891,1,2025-09-08 01:00:00.000
3382,31,4048,5.72001030428017,6.26013824462891,1,2025-09-08 01:00:00.000
3383,31,875,0.261375994614917,0.261375994614917,1,2025-09-08 01:00:00.000
3384,31,64,6260.13824462891,6260.13824462891,1,2025-09-08 01:00:00.000
3385,31,785,5.624,6.25958209228516,1,2025-09-08 01:00:00.000
3386,31,4049,5.60815091005212,6.25958209228516,1,2025-09-08 01:00:00.000
3387,31,876,0.261352773902159,0.261352773902159,1,2025-09-08 01:00:00.000
3388,31,65,6259.58209228516,6259.58209228516,1,2025-09-08 01:00:00.000
3389,31,786,5.764,6.25935211181641,1,2025-09-08 01:00:00.000
3390,31,4050,5.74505348732473,6.25935211181641,1,2025-09-08 01:00:00.000
3391,31,877,0.261343171658341,0.261343171658341,1,2025-09-08 01:00:00.000
3392,31,66,6259.35211181641,6259.35211181641,1,2025-09-08 01:00:00.000
3393,31,787,5.579,6.2593642578125,1,2025-09-08 01:00:00.000
3394,31,4051,5.57460380752003,6.2593642578125,1,2025-09-08 01:00:00.000
3395,31,878,0.261343678783213,0.261343678783213,1,2025-09-08 01:00:00.000
3396,31,67,6259.3642578125,6259.3642578125,1,2025-09-08 01:00:00.000
3397,31,788,6.188,6.41510791015625,1,2025-09-08 01:00:00.000
3398,31,4052,6.17789139816063,6.41510791015625,1,2025-09-08 01:00:00.000
3399,31,879,0.267846354993477,0.267846354993477,1,2025-09-08 01:00:00.000
3400,31,68,6415.10791015625,6415.10791015625,1,2025-09-08 01:00:00.000
3401,31,1199,3.39936178409976,3.39936178409976,1,2025-09-08 01:00:00.000
3402,31,3043,141.931620781273,141.931620781273,1,2025-09-08 01:00:00.000
3403,31,4075,18.5695301828975,19.3401716324175,1,2025-09-08 01:00:00.000
3404,31,4074,15.396,15.845,1,2025-09-08 01:00:00.000
3405,31,4073,3.17353018289746,3.49517163241747,NULL,2025-09-08 01:00:00.000
3406,31,4076,0.00340216499567031,0.00412249957542096,NULL,2025-09-08 01:00:00.000
3407,31,2486,2.15,2.15,NULL,2025-09-08 01:00:00.000
3408,31,228,1203.55559675284,1313.28098731228,NULL,2025-09-08 01:00:00.000
3409,31,363,93.3081182307678,93.3081182307678,NULL,2025-09-08 01:00:00.000
3410,31,1164,2.30719277262688,2.30719277262688,NULL,2025-09-08 01:00:00.000
3411,31,2707,0.467400186965587,0.467400186965587,NULL,2025-09-08 01:00:00.000
3412,31,2708,0.288835739207397,0.288835739207397,NULL,2025-09-08 01:00:00.000
3413,31,2709,0.0282505536107001,0.0282505536107001,NULL,2025-09-08 01:00:00.000
3414,31,2706,18.8162522337613,18.8162522337613,NULL,2025-09-08 01:00:00.000
3415,31,4814,4.19769914170161,4.19769914170161,0,2025-09-08 01:00:00.000
3416,31,4907,4.19721832242277,4.19721832242277,0,2025-09-08 01:00:00.000
3417,31,2832,12.746,12.746,NULL,2025-09-08 01:00:00.000
3418,31,2887,37.4769827116265,37.4769827116265,NULL,2025-09-08 01:00:00.000
3419,31,3334,0,0,NULL,2025-09-08 01:00:00.000
3420,31,2847,12.7455967227618,12.7455967227618,NULL,2025-09-08 01:00:00.000
3421,31,413,0.00062990846434997,0.00062990846434997,NULL,2025-09-08 01:00:00.000
3422,31,377,0.62990846434997,0.62990846434997,NULL,2025-09-08 01:00:00.000
3423,31,414,0.00349259111107099,0.00349259111107099,NULL,2025-09-08 01:00:00.000
3424,31,378,3.49259111107099,3.49259111107099,NULL,2025-09-08 01:00:00.000
3425,31,2833,3101.97683029175,3101.97683029175,NULL,2025-09-08 01:00:00.000
3426,31,2836,3.099,3.099,NULL,2025-09-08 01:00:00.000
3427,31,2834,-3.07151406517711,-3.07151406517711,NULL,2025-09-08 01:00:00.000
3428,31,2888,1.19244944991541,1.19244944991541,NULL,2025-09-08 01:00:00.000
3429,31,3333,0,0,NULL,2025-09-08 01:00:00.000
3430,31,2835,2.70174292901783,2.70174292901783,NULL,2025-09-08 01:00:00.000
3431,31,375,3130.59178085327,3130.59178085327,NULL,2025-09-08 01:00:00.000
3432,31,415,0.142891144031948,0.142891144031948,NULL,2025-09-08 01:00:00.000
3433,31,379,142.891144031948,142.891144031948,NULL,2025-09-08 01:00:00.000
3434,31,2705,78.2080934390315,78.2080934390315,NULL,2025-09-08 01:00:00.000
3435,31,4077,2.40585985408756,2.60983716916051,NULL,2025-09-08 01:00:00.000
3436,31,5014,3098.90531622657,3098.90531622657,0,2025-09-08 01:00:00.000
3437,31,3055,0,0,NULL,2025-09-08 01:00:00.000
3438,31,3006,3.58485934212804,3.58485934212804,0,2025-09-08 01:00:00.000
3439,31,3163,3.58485934212804,3.58485934212804,NULL,2025-09-08 01:00:00.000
3440,31,4183,3.58485934212804,3.58485934212804,0,2025-09-08 01:00:00.000
3441,31,3136,38.3156819438974,38.3156819438974,NULL,2025-09-08 01:00:00.000
3442,31,3126,52.0183988875813,52.0183988875813,NULL,2025-09-08 01:00:00.000
3443,31,688,5.93041771665215,5.93041771665215,NULL,2025-09-08 01:00:00.000
3444,31,698,6.49660771177875,6.49660771177875,NULL,2025-09-08 01:00:00.000
3445,31,699,6.87866304023398,6.87866304023398,NULL,2025-09-08 01:00:00.000
3446,31,700,6.68223846571313,6.68223846571313,NULL,2025-09-08 01:00:00.000
3447,31,701,6.38261411941714,6.38261411941714,NULL,2025-09-08 01:00:00.000
3448,31,702,6.48315007242892,6.48315007242892,NULL,2025-09-08 01:00:00.000
3449,31,703,6.78184032890532,6.78184032890532,NULL,2025-09-08 01:00:00.000
3450,31,704,6.3810793787241,6.3810793787241,NULL,2025-09-08 01:00:00.000
3451,31,3117,163.81880924708,163.81880924708,0,2025-09-08 01:00:00.000
3452,31,3154,163.81880924708,163.81880924708,NULL,2025-09-08 01:00:00.000
3453,31,4182,163.81880924708,163.81880924708,0,2025-09-08 01:00:00.000
3454,31,3007,5.37165221359995,5.37165221359995,0,2025-09-08 01:00:00.000
3455,31,3164,5.37165221359995,5.37165221359995,NULL,2025-09-08 01:00:00.000
3456,31,4188,5.37165221359995,5.37165221359995,0,2025-09-08 01:00:00.000
3457,31,3137,40.7309973809886,40.7309973809886,NULL,2025-09-08 01:00:00.000
3458,31,3127,55.2947302722931,55.2947302722931,NULL,2025-09-08 01:00:00.000
3459,31,689,6.89587055673202,6.89587055673202,NULL,2025-09-08 01:00:00.000
3460,31,705,7.00129067199098,7.00129067199098,NULL,2025-09-08 01:00:00.000
3461,31,706,6.90095169915093,6.90095169915093,NULL,2025-09-08 01:00:00.000
3462,31,707,6.90076797394289,6.90076797394289,NULL,2025-09-08 01:00:00.000
3463,31,708,6.89637832608488,6.89637832608488,NULL,2025-09-08 01:00:00.000
3464,31,709,6.90039802220133,6.90039802220133,NULL,2025-09-08 01:00:00.000
3465,31,710,6.89788845674859,6.89788845674859,NULL,2025-09-08 01:00:00.000
3466,31,711,6.90204952081045,6.90204952081045,NULL,2025-09-08 01:00:00.000
3467,31,3118,159.43140630362,159.43140630362,0,2025-09-08 01:00:00.000
3468,31,3155,159.43140630362,159.43140630362,NULL,2025-09-08 01:00:00.000
3469,31,4187,159.43140630362,159.43140630362,0,2025-09-08 01:00:00.000
3470,31,3008,4.21111262455583,4.21111262455583,0,2025-09-08 01:00:00.000
3471,31,3165,4.21111262455583,4.21111262455583,NULL,2025-09-08 01:00:00.000
3472,31,4193,4.21111262455583,4.21111262455583,0,2025-09-08 01:00:00.000
3473,31,3138,39.8867622949917,39.8867622949917,NULL,2025-09-08 01:00:00.000
3474,31,3128,54.1480161988735,54.1480161988735,NULL,2025-09-08 01:00:00.000
3475,31,690,6.77902940554751,6.77902940554751,NULL,2025-09-08 01:00:00.000
3476,31,712,6.77889534625742,6.77889534625742,NULL,2025-09-08 01:00:00.000
3477,31,713,6.76914647579193,6.76914647579193,NULL,2025-09-08 01:00:00.000
3478,31,714,6.76301858054267,6.76301858054267,NULL,2025-09-08 01:00:00.000
3479,31,715,6.76549875918362,6.76549875918362,NULL,2025-09-08 01:00:00.000
3480,31,716,6.76453808080267,6.76453808080267,NULL,2025-09-08 01:00:00.000
3481,31,717,6.76583523816533,6.76583523816533,NULL,2025-09-08 01:00:00.000
3482,31,718,6.76351651158598,6.76351651158598,NULL,2025-09-08 01:00:00.000
3483,31,3119,163.711769973633,163.711769973633,0,2025-09-08 01:00:00.000
3484,31,3156,163.711769973633,163.711769973633,NULL,2025-09-08 01:00:00.000
3485,31,4192,163.711769973633,163.711769973633,0,2025-09-08 01:00:00.000
3486,31,3009,3.71667490684324,3.71667490684324,0,2025-09-08 01:00:00.000
3487,31,3166,3.71667490684324,3.71667490684324,NULL,2025-09-08 01:00:00.000
3488,31,4198,3.71667490684324,3.71667490684324,0,2025-09-08 01:00:00.000
3489,31,3139,40.3279547777401,40.3279547777401,NULL,2025-09-08 01:00:00.000
3490,31,3129,54.7496238835653,54.7496238835653,NULL,2025-09-08 01:00:00.000
3491,31,691,7.27859951770968,7.27859951770968,NULL,2025-09-08 01:00:00.000
3492,31,719,6.52640215800868,6.52640215800868,NULL,2025-09-08 01:00:00.000
3493,31,720,6.78327208313677,6.78327208313677,NULL,2025-09-08 01:00:00.000
3494,31,721,7.0863820081287,7.0863820081287,NULL,2025-09-08 01:00:00.000
3495,31,722,7.28612988336219,7.28612988336219,NULL,2025-09-08 01:00:00.000
3496,31,723,7.08670595995254,7.08670595995254,NULL,2025-09-08 01:00:00.000
3497,31,724,6.0179538725151,6.0179538725151,NULL,2025-09-08 01:00:00.000
3498,31,725,6.68298709031608,6.68298709031608,NULL,2025-09-08 01:00:00.000
3499,31,3120,166.633776301604,166.633776301604,0,2025-09-08 01:00:00.000
3500,31,3157,166.633776301604,166.633776301604,NULL,2025-09-08 01:00:00.000
3501,31,4197,166.633776301604,166.633776301604,0,2025-09-08 01:00:00.000
3502,31,3010,4.10889370443644,4.10889370443644,0,2025-09-08 01:00:00.000
3503,31,3167,4.10889370443644,4.10889370443644,NULL,2025-09-08 01:00:00.000
3504,31,4203,4.10889370443644,4.10889370443644,0,2025-09-08 01:00:00.000
3505,31,3140,39.9737871784455,39.9737871784455,NULL,2025-09-08 01:00:00.000
3506,31,3130,54.2661272788048,54.2661272788048,NULL,2025-09-08 01:00:00.000
3507,31,692,6.78672604110506,6.78672604110506,NULL,2025-09-08 01:00:00.000
3508,31,726,6.78041554012232,6.78041554012232,NULL,2025-09-08 01:00:00.000
3509,31,727,6.78259272976054,6.78259272976054,NULL,2025-09-08 01:00:00.000
3510,31,728,6.78398494905896,6.78398494905896,NULL,2025-09-08 01:00:00.000
3511,31,729,6.78113858911726,6.78113858911726,NULL,2025-09-08 01:00:00.000
3512,31,730,6.78718714548482,6.78718714548482,NULL,2025-09-08 01:00:00.000
3513,31,731,6.78407451055116,6.78407451055116,NULL,2025-09-08 01:00:00.000
3514,31,732,6.7815021506283,6.7815021506283,NULL,2025-09-08 01:00:00.000
3515,31,3121,155.15208309018,155.15208309018,0,2025-09-08 01:00:00.000
3516,31,3158,155.15208309018,155.15208309018,NULL,2025-09-08 01:00:00.000
3517,31,4202,155.15208309018,155.15208309018,0,2025-09-08 01:00:00.000
3518,31,3011,5.42926713072591,5.42926713072591,0,2025-09-08 01:00:00.000
3519,31,3168,5.42926713072591,5.42926713072591,NULL,2025-09-08 01:00:00.000
3520,31,4208,5.42926713072591,5.42926713072591,0,2025-09-08 01:00:00.000
3521,31,3141,40.7016771956165,40.7016771956165,NULL,2025-09-08 01:00:00.000
3522,31,3131,55.2539526730114,55.2539526730114,NULL,2025-09-08 01:00:00.000
3523,31,693,7.40399538238843,7.40399538238843,NULL,2025-09-08 01:00:00.000
3524,31,733,7.00077527688609,7.00077527688609,NULL,2025-09-08 01:00:00.000
3525,31,734,7.00170554467373,7.00170554467373,NULL,2025-09-08 01:00:00.000
3526,31,735,6.50122918301158,6.50122918301158,NULL,2025-09-08 01:00:00.000
3527,31,736,6.43729377422068,6.43729377422068,NULL,2025-09-08 01:00:00.000
3528,31,737,6.50469039784537,6.50469039784537,NULL,2025-09-08 01:00:00.000
3529,31,738,7.20288757436805,7.20288757436805,NULL,2025-09-08 01:00:00.000
3530,31,739,7.2032135913935,7.2032135913935,NULL,2025-09-08 01:00:00.000
3531,31,3122,159.532993834866,159.532993834866,0,2025-09-08 01:00:00.000
3532,31,3159,159.532993834866,159.532993834866,NULL,2025-09-08 01:00:00.000
3533,31,4207,159.532993834866,159.532993834866,0,2025-09-08 01:00:00.000
3534,31,3012,4.80208454820845,4.80208454820845,0,2025-09-08 01:00:00.000
3535,31,3169,4.80208454820845,4.80208454820845,NULL,2025-09-08 01:00:00.000
3536,31,4213,4.80208454820845,4.80208454820845,0,2025-09-08 01:00:00.000
3537,31,3142,41.0984451698826,41.0984451698826,NULL,2025-09-08 01:00:00.000
3538,31,3132,55.7964282464098,55.7964282464098,NULL,2025-09-08 01:00:00.000
3539,31,694,7.00100790133079,7.00100790133079,NULL,2025-09-08 01:00:00.000
3540,31,740,7.00196459748679,7.00196459748679,NULL,2025-09-08 01:00:00.000
3541,31,741,6.99625867760844,6.99625867760844,NULL,2025-09-08 01:00:00.000
3542,31,742,6.79863741248846,6.79863741248846,NULL,2025-09-08 01:00:00.000
3543,31,743,6.99948776189928,6.99948776189928,NULL,2025-09-08 01:00:00.000
3544,31,744,6.9999416364895,6.9999416364895,NULL,2025-09-08 01:00:00.000
3545,31,745,7.00052489578724,7.00052489578724,NULL,2025-09-08 01:00:00.000
3546,31,746,6.99661218421327,6.99661218421327,NULL,2025-09-08 01:00:00.000
3547,31,3123,167.180713969148,167.180713969148,0,2025-09-08 01:00:00.000
3548,31,3160,167.180713969148,167.180713969148,NULL,2025-09-08 01:00:00.000
3549,31,4212,167.180713969148,167.180713969148,0,2025-09-08 01:00:00.000
3550,31,3013,5.12347432355086,5.12347432355086,0,2025-09-08 01:00:00.000
3551,31,3170,5.12347432355086,5.12347432355086,NULL,2025-09-08 01:00:00.000
3552,31,4218,5.12347432355086,5.12347432355086,0,2025-09-08 01:00:00.000
3553,31,3143,40.0693954736986,40.0693954736986,NULL,2025-09-08 01:00:00.000
3554,31,3133,54.3983484005928,54.3983484005928,NULL,2025-09-08 01:00:00.000
3555,31,695,6.80480033040047,6.80480033040047,NULL,2025-09-08 01:00:00.000
3556,31,747,6.79539092762603,6.79539092762603,NULL,2025-09-08 01:00:00.000
3557,31,748,6.80141556832525,6.80141556832525,NULL,2025-09-08 01:00:00.000
3558,31,749,6.80414665228791,6.80414665228791,NULL,2025-09-08 01:00:00.000
3559,31,750,6.79715414540635,6.79715414540635,NULL,2025-09-08 01:00:00.000
3560,31,751,6.79775033609735,6.79775033609735,NULL,2025-09-08 01:00:00.000
3561,31,752,6.7984619139466,6.7984619139466,NULL,2025-09-08 01:00:00.000
3562,31,753,6.79829770952463,6.79829770952463,NULL,2025-09-08 01:00:00.000
3563,31,3124,162.399050913576,162.399050913576,0,2025-09-08 01:00:00.000
3564,31,3161,162.399050913576,162.399050913576,NULL,2025-09-08 01:00:00.000
3565,31,4217,162.399050913576,162.399050913576,0,2025-09-08 01:00:00.000
3566,31,3144,0,0,NULL,2025-09-08 01:00:00.000
3567,31,3134,0.0345205149284771,0.0345205149284771,NULL,2025-09-08 01:00:00.000
3568,31,696,0.0282803342285721,0.0282803342285721,NULL,2025-09-08 01:00:00.000
3569,31,754,-0.0040687029122207,-0.0040687029122207,NULL,2025-09-08 01:00:00.000
3570,31,755,-0.00479770846143369,-0.00479770846143369,NULL,2025-09-08 01:00:00.000
3571,31,756,-0.00478849510364752,-0.00478849510364752,NULL,2025-09-08 01:00:00.000
3572,31,757,-0.00438680323020688,-0.00438680323020688,NULL,2025-09-08 01:00:00.000
3573,31,758,0.00664355799428584,0.00664355799428584,NULL,2025-09-08 01:00:00.000
3574,31,759,-0.0050180415366938,-0.0050180415366938,NULL,2025-09-08 01:00:00.000
3575,31,760,0.0160780420954365,0.0160780420954365,NULL,2025-09-08 01:00:00.000
3576,31,3125,44.3940832129798,44.3940832129798,0,2025-09-08 01:00:00.000
3577,31,4222,0,0,0,2025-09-08 01:00:00.000
3578,31,3145,91.721064408575,91.721064408575,0,2025-09-08 01:00:00.000
3579,31,3172,91.721064408575,91.721064408575,NULL,2025-09-08 01:00:00.000
3580,31,3146,91.3065652726001,91.3065652726001,0,2025-09-08 01:00:00.000
3581,31,3173,91.3065652726001,91.3065652726001,NULL,2025-09-08 01:00:00.000
3582,31,3147,91.7230041813767,91.7230041813767,0,2025-09-08 01:00:00.000
3583,31,3174,91.7230041813767,91.7230041813767,NULL,2025-09-08 01:00:00.000
3584,31,3148,91.8843594764817,91.8843594764817,0,2025-09-08 01:00:00.000
3585,31,3175,91.8843594764817,91.8843594764817,NULL,2025-09-08 01:00:00.000
3586,31,3149,92.1989877934608,92.1989877934608,0,2025-09-08 01:00:00.000
3587,31,3176,92.1989877934608,92.1989877934608,NULL,2025-09-08 01:00:00.000
3588,31,3150,91.4532216414697,91.4532216414697,0,2025-09-08 01:00:00.000
3589,31,3177,91.4532216414697,91.4532216414697,NULL,2025-09-08 01:00:00.000
3590,31,3151,91.0442791503604,91.0442791503604,0,2025-09-08 01:00:00.000
3591,31,3178,91.0442791503604,91.0442791503604,NULL,2025-09-08 01:00:00.000
3592,31,3152,91.2182093079685,91.2182093079685,0,2025-09-08 01:00:00.000
3593,31,3179,91.2182093079685,91.2182093079685,NULL,2025-09-08 01:00:00.000
3594,31,5160,0,0,NULL,2025-09-08 01:00:00.000
3595,31,2986,1,1,NULL,2025-09-08 01:00:00.000
3596,31,4982,1,1,NULL,2025-09-08 01:00:00.000
3597,31,5161,0,0,NULL,2025-09-08 01:00:00.000
3598,31,2987,1,1,NULL,2025-09-08 01:00:00.000
3599,31,4983,1,1,NULL,2025-09-08 01:00:00.000
3600,31,5162,0,0,NULL,2025-09-08 01:00:00.000
3601,31,2988,1,1,NULL,2025-09-08 01:00:00.000
3602,31,4984,1,1,NULL,2025-09-08 01:00:00.000
3603,31,5163,0,0,NULL,2025-09-08 01:00:00.000
3604,31,2989,1,1,NULL,2025-09-08 01:00:00.000
3605,31,4985,1,1,NULL,2025-09-08 01:00:00.000
3606,31,5164,0,0,NULL,2025-09-08 01:00:00.000
3607,31,2990,1,1,NULL,2025-09-08 01:00:00.000
3608,31,4986,1,1,NULL,2025-09-08 01:00:00.000
3609,31,5165,0,0,NULL,2025-09-08 01:00:00.000
3610,31,2991,1,1,NULL,2025-09-08 01:00:00.000
3611,31,4987,1,1,NULL,2025-09-08 01:00:00.000
3612,31,5166,0,0,NULL,2025-09-08 01:00:00.000
3613,31,2992,1,1,NULL,2025-09-08 01:00:00.000
3614,31,4988,1,1,NULL,2025-09-08 01:00:00.000
3615,31,5167,0,0,NULL,2025-09-08 01:00:00.000
3616,31,2993,1,1,NULL,2025-09-08 01:00:00.000
3617,31,4989,1,1,NULL,2025-09-08 01:00:00.000
3618,31,5168,0,0,NULL,2025-09-08 01:00:00.000
3619,31,2994,0,0,NULL,2025-09-08 01:00:00.000
3620,31,4990,0,0,NULL,2025-09-08 01:00:00.000
3621,31,3108,844.737556430776,844.737556430776,NULL,2025-09-08 01:00:00.000
3622,31,648,4.22149386916723,4.22149386916723,0,2025-09-08 01:00:00.000
3623,31,3181,4.22149386916723,4.22149386916723,NULL,2025-09-08 01:00:00.000
3624,31,991,176.257634527649,176.257634527649,NULL,2025-09-08 01:00:00.000
3625,31,4184,4.22149386916723,4.22149386916723,0,2025-09-08 01:00:00.000
3626,31,458,51.1722992083761,51.1722992083761,NULL,2025-09-08 01:00:00.000
3627,31,1000,174.566731235334,174.566731235334,NULL,2025-09-08 01:00:00.000
3628,31,457,102.169162827286,102.169162827286,NULL,2025-09-08 01:00:00.000
3629,31,456,494.967759793599,494.967759793599,NULL,2025-09-08 01:00:00.000
3630,31,483,7.54648865289158,7.54648865289158,NULL,2025-09-08 01:00:00.000
3631,31,3109,837.637490748855,837.637490748855,NULL,2025-09-08 01:00:00.000
3632,31,649,3.9800635401739,3.9800635401739,0,2025-09-08 01:00:00.000
3633,31,3182,3.9800635401739,3.9800635401739,NULL,2025-09-08 01:00:00.000
3634,31,992,166.177331201284,166.177331201284,NULL,2025-09-08 01:00:00.000
3635,31,4189,3.9800635401739,3.9800635401739,0,2025-09-08 01:00:00.000
3636,31,461,51.889427725474,51.889427725474,NULL,2025-09-08 01:00:00.000
3637,31,1001,177.013109120284,177.013109120284,NULL,2025-09-08 01:00:00.000
3638,31,460,102.269640439523,102.269640439523,NULL,2025-09-08 01:00:00.000
3639,31,459,495.035866772334,495.035866772334,NULL,2025-09-08 01:00:00.000
3640,31,484,4.24773474762837,4.24773474762837,NULL,2025-09-08 01:00:00.000
3641,31,3110,831.110939749419,831.110939749419,NULL,2025-09-08 01:00:00.000
3642,31,650,4.41732062119577,4.41732062119577,0,2025-09-08 01:00:00.000
3643,31,3183,4.41732062119577,4.41732062119577,NULL,2025-09-08 01:00:00.000
3644,31,993,184.433877620616,184.433877620616,NULL,2025-09-08 01:00:00.000
3645,31,4194,4.41732062119577,4.41732062119577,0,2025-09-08 01:00:00.000
3646,31,464,54.6401840954357,54.6401840954357,NULL,2025-09-08 01:00:00.000
3647,31,1002,186.396907686254,186.396907686254,NULL,2025-09-08 01:00:00.000
3648,31,463,102.175611354952,102.175611354952,NULL,2025-09-08 01:00:00.000
3649,31,462,492.01239010493,492.01239010493,NULL,2025-09-08 01:00:00.000
3650,31,485,7.34713890737957,7.34713890737957,NULL,2025-09-08 01:00:00.000
3651,31,3111,838.280200856963,838.280200856963,NULL,2025-09-08 01:00:00.000
3652,31,651,3.9996376872725,3.9996376872725,0,2025-09-08 01:00:00.000
3653,31,3184,3.9996376872725,3.9996376872725,NULL,2025-09-08 01:00:00.000
3654,31,994,166.99459944149,166.99459944149,NULL,2025-09-08 01:00:00.000
3655,31,4199,3.9996376872725,3.9996376872725,0,2025-09-08 01:00:00.000
3656,31,467,49.8632955654462,49.8632955654462,NULL,2025-09-08 01:00:00.000
3657,31,1003,170.101258886887,170.101258886887,NULL,2025-09-08 01:00:00.000
3658,31,466,102.054261975692,102.054261975692,NULL,2025-09-08 01:00:00.000
3659,31,465,495.039333790673,495.039333790673,NULL,2025-09-08 01:00:00.000
3660,31,486,6.16498944050736,6.16498944050736,NULL,2025-09-08 01:00:00.000
3661,31,3112,839.906557047437,839.906557047437,NULL,2025-09-08 01:00:00.000
3662,31,652,3.99059280304445,3.99059280304445,0,2025-09-08 01:00:00.000
3663,31,3185,3.99059280304445,3.99059280304445,NULL,2025-09-08 01:00:00.000
3664,31,995,166.616953530346,166.616953530346,NULL,2025-09-08 01:00:00.000
3665,31,4204,3.99059280304445,3.99059280304445,0,2025-09-08 01:00:00.000
3666,31,470,51.1903808663951,51.1903808663951,NULL,2025-09-08 01:00:00.000
3667,31,1004,174.628414137695,174.628414137695,NULL,2025-09-08 01:00:00.000
3668,31,469,102.169761907878,102.169761907878,NULL,2025-09-08 01:00:00.000
3669,31,468,493.996005480025,493.996005480025,NULL,2025-09-08 01:00:00.000
3670,31,487,4.13305411699745,4.13305411699745,NULL,2025-09-08 01:00:00.000
3671,31,3113,844.765794839611,844.765794839611,NULL,2025-09-08 01:00:00.000
3672,31,653,4.28069325953722,4.28069325953722,0,2025-09-08 01:00:00.000
3673,31,3186,4.28069325953722,4.28069325953722,NULL,2025-09-08 01:00:00.000
3674,31,996,178.729353031922,178.729353031922,NULL,2025-09-08 01:00:00.000
3675,31,4209,4.28069325953722,4.28069325953722,0,2025-09-08 01:00:00.000
3676,31,473,53.3856895579232,53.3856895579232,NULL,2025-09-08 01:00:00.000
3677,31,1005,182.117385089969,182.117385089969,NULL,2025-09-08 01:00:00.000
3678,31,472,102.214386610025,102.214386610025,NULL,2025-09-08 01:00:00.000
3679,31,471,495.139603544871,495.139603544871,NULL,2025-09-08 01:00:00.000
3680,31,488,6.65844387799501,6.65844387799501,NULL,2025-09-08 01:00:00.000
3681,31,3114,838.787599691762,838.787599691762,NULL,2025-09-08 01:00:00.000
3682,31,654,4.00431931813558,4.00431931813558,0,2025-09-08 01:00:00.000
3683,31,3187,4.00431931813558,4.00431931813558,NULL,2025-09-08 01:00:00.000
3684,31,997,167.190068914438,167.190068914438,NULL,2025-09-08 01:00:00.000
3685,31,4214,4.00431931813558,4.00431931813558,0,2025-09-08 01:00:00.000
3686,31,476,52.749886332353,52.749886332353,NULL,2025-09-08 01:00:00.000
3687,31,1006,179.948436410436,179.948436410436,NULL,2025-09-08 01:00:00.000
3688,31,475,102.26019356556,102.26019356556,NULL,2025-09-08 01:00:00.000
3689,31,474,495.017679361767,495.017679361767,NULL,2025-09-08 01:00:00.000
3690,31,489,4.31357601470417,4.31357601470417,NULL,2025-09-08 01:00:00.000
3691,31,2689,307.613350570135,307.613350570135,NULL,2025-09-08 01:00:00.000
3692,31,2690,290.02071755145,290.02071755145,NULL,2025-09-08 01:00:00.000
3693,31,2691,321.882925557022,321.882925557022,NULL,2025-09-08 01:00:00.000
3694,31,2692,291.447053621136,291.447053621136,NULL,2025-09-08 01:00:00.000
3695,31,2693,290.78796770768,290.78796770768,NULL,2025-09-08 01:00:00.000
3696,31,2694,311.927113277793,311.927113277793,NULL,2025-09-08 01:00:00.000
3697,31,2695,291.788196401525,291.788196401525,NULL,2025-09-08 01:00:00.000
3698,31,2696,281.192284310261,281.192284310261,NULL,2025-09-08 01:00:00.000
3699,31,2697,0.267461878753117,0.267461878753117,NULL,2025-09-08 01:00:00.000
3700,31,3115,833.595337199786,833.595337199786,NULL,2025-09-08 01:00:00.000
3701,31,655,3.85890762566968,3.85890762566968,0,2025-09-08 01:00:00.000
3702,31,3188,3.85890762566968,3.85890762566968,NULL,2025-09-08 01:00:00.000
3703,31,998,161.118777153506,161.118777153506,NULL,2025-09-08 01:00:00.000
3704,31,4219,3.85890762566968,3.85890762566968,0,2025-09-08 01:00:00.000
3705,31,479,50.9048939180374,50.9048939180374,NULL,2025-09-08 01:00:00.000
3706,31,1007,173.654517632045,173.654517632045,NULL,2025-09-08 01:00:00.000
3707,31,478,101.986735801829,101.986735801829,NULL,2025-09-08 01:00:00.000
3708,31,477,495.041479949951,495.041479949951,NULL,2025-09-08 01:00:00.000
3709,31,490,4.42772959123055,4.42772959123055,NULL,2025-09-08 01:00:00.000
3710,31,3116,37.3084443311854,37.3084443311854,NULL,2025-09-08 01:00:00.000
3711,31,656,0.00367048009879794,0.00367048009879794,0,2025-09-08 01:00:00.000
3712,31,3189,0,0,NULL,2025-09-08 01:00:00.000
3713,31,999,0.153251469703676,0.153251469703676,NULL,2025-09-08 01:00:00.000
3714,31,4224,0,0,0,2025-09-08 01:00:00.000
3715,31,482,-0.0162603630107581,-0.0162603630107581,NULL,2025-09-08 01:00:00.000
3716,31,1008,-0.0554698237796467,-0.0554698237796467,NULL,2025-09-08 01:00:00.000
3717,31,481,0.418112979752846,0.418112979752846,NULL,2025-09-08 01:00:00.000
3718,31,480,41.029317718082,41.029317718082,NULL,2025-09-08 01:00:00.000
3719,31,491,1.11449346219086,1.11449346219086,NULL,2025-09-08 01:00:00.000
3720,31,5234,0,0,NULL,2025-09-08 01:00:00.000
3721,31,1181,52.0166108338535,52.0166108338535,NULL,2025-09-08 01:00:00.000
3722,31,4185,52.0166108338535,52.0166108338535,0,2025-09-08 01:00:00.000
3723,31,1182,55.2955952276621,55.2955952276621,NULL,2025-09-08 01:00:00.000
3724,31,4190,55.2955952276621,55.2955952276621,0,2025-09-08 01:00:00.000
3725,31,1183,54.1494783978771,54.1494783978771,NULL,2025-09-08 01:00:00.000
3726,31,4195,54.1494783978771,54.1494783978771,0,2025-09-08 01:00:00.000
3727,31,1184,54.7484325731297,54.7484325731297,NULL,2025-09-08 01:00:00.000
3728,31,4200,54.7484325731297,54.7484325731297,0,2025-09-08 01:00:00.000
3729,31,1185,54.2676216558284,54.2676216558284,NULL,2025-09-08 01:00:00.000
3730,31,4205,54.2676216558284,54.2676216558284,0,2025-09-08 01:00:00.000
3731,31,1186,55.2557907247875,55.2557907247875,NULL,2025-09-08 01:00:00.000
3732,31,4210,55.2557907247875,55.2557907247875,0,2025-09-08 01:00:00.000
3733,31,1187,55.7944350673038,55.7944350673038,NULL,2025-09-08 01:00:00.000
3734,31,4215,55.7944350673038,55.7944350673038,0,2025-09-08 01:00:00.000
3735,31,1188,54.3974175836146,54.3974175836146,NULL,2025-09-08 01:00:00.000
3736,31,4220,54.3974175836146,54.3974175836146,0,2025-09-08 01:00:00.000
3737,31,1189,0.0279421830740919,0.0279421830740919,NULL,2025-09-08 01:00:00.000
3738,31,4225,0,0,0,2025-09-08 01:00:00.000
3739,31,5025,8,8,0,2025-09-08 01:00:00.000
3740,31,4115,141.98437102955,141.98437102955,0,2025-09-08 01:00:00.000
3741,31,4257,142.003703795176,142.003703795176,0,2025-09-08 01:00:00.000
3742,31,4131,142.143190230087,142.143190230087,0,2025-09-08 01:00:00.000
3743,31,4280,142.596524920993,142.596524920993,0,2025-09-08 01:00:00.000
3744,31,2815,225.812159621141,225.812159621141,NULL,2025-09-08 01:00:00.000
3745,31,2780,268.13979553041,268.13979553041,NULL,2025-09-08 01:00:00.000
3746,31,2779,319.992284589344,319.992284589344,NULL,2025-09-08 01:00:00.000
3747,31,2778,859998.581510417,859998.581510417,0,2025-09-08 01:00:00.000
3748,31,5248,859.998581510417,859.998581510417,NULL,2025-09-08 01:00:00.000
3749,31,2816,129.556547411166,129.556547411166,NULL,2025-09-08 01:00:00.000
3750,31,4800,2936.7163557962,2936.7163557962,NULL,2025-09-08 01:00:00.000
3751,31,2898,2618.50850016276,2618.50850016276,NULL,2025-09-08 01:00:00.000
3752,31,2491,46.6691045130427,58.8906185950173,NULL,2025-09-08 01:00:00.000
3753,31,2643,20.9853668370466,20.9853668370466,NULL,2025-09-08 01:00:00.000
3754,31,2644,20.9853668370466,20.9853668370466,NULL,2025-09-08 01:00:00.000
3755,31,326,398.005004513043,444.113031214742,1,2025-09-08 01:00:00.000
3756,31,2496,336.104959885787,336.104959885787,NULL,2025-09-08 01:00:00.000
3757,31,794,7.28951082769722,7.28951082769722,NULL,2025-09-08 01:00:00.000
3758,31,214,762.398476881595,762.398476881595,NULL,2025-09-08 01:00:00.000
3759,31,2492,2.2852024948731,2.2852024948731,NULL,2025-09-08 01:00:00.000
3760,31,137,251.319195867671,251.319195867671,NULL,2025-09-08 01:00:00.000
3761,31,1011,799.844719241692,799.844719241692,NULL,2025-09-08 01:00:00.000
3762,31,325,420.24,457.824438340929,1,2025-09-08 01:00:00.000
3763,31,327,20.899,13.7114071261872,NULL,2025-09-08 01:00:00.000
3764,31,3,44.7457443700896,44.7457443700896,NULL,2025-09-08 01:00:00.000
3765,31,4,400.174212660613,400.174212660613,NULL,2025-09-08 01:00:00.000
3766,31,337,165.95302455472,165.95302455472,0,2025-09-08 01:00:00.000
3767,31,131,0,0,NULL,2025-09-08 01:00:00.000
3768,31,322,0,0,0,2025-09-08 01:00:00.000
3769,31,2541,0,0,NULL,2025-09-08 01:00:00.000
3770,31,1037,0,0,NULL,2025-09-08 01:00:00.000
3771,31,130,0,0,NULL,2025-09-08 01:00:00.000
3772,31,321,0,0,0,2025-09-08 01:00:00.000
3773,31,2540,0,0,NULL,2025-09-08 01:00:00.000
3774,31,30,0,0,NULL,2025-09-08 01:00:00.000
3775,31,319,0,0,0,2025-09-08 01:00:00.000
3776,31,2538,0,0,NULL,2025-09-08 01:00:00.000
3777,31,311,2.54999474716187,2.54999474716187,0,2025-09-08 01:00:00.000
3778,31,1029,8.13416507364688,8.13416507364688,NULL,2025-09-08 01:00:00.000
3779,31,313,2.54999474716187,2.54999474716187,0,2025-09-08 01:00:00.000
3780,31,126,24.9999485015869,24.9999485015869,NULL,2025-09-08 01:00:00.000
3781,31,125,5,5,NULL,2025-09-08 01:00:00.000
3782,31,310,7.005,7.005,0,2025-09-08 01:00:00.000
3783,31,1016,20.1919062047104,20.1919062047104,NULL,2025-09-08 01:00:00.000
3784,31,312,7.005,7.005,0,2025-09-08 01:00:00.000
3785,31,5093,7.005,7.005,NULL,2025-09-08 01:00:00.000
3786,31,122,0,0,NULL,2025-09-08 01:00:00.000
3787,31,2758,0,0,NULL,2025-09-08 01:00:00.000
3788,31,120,0,0,NULL,2025-09-08 01:00:00.000
3789,31,121,0,0,NULL,2025-09-08 01:00:00.000
3790,31,302,0,0,0,2025-09-08 01:00:00.000
3791,31,979,0,0,NULL,2025-09-08 01:00:00.000
3792,31,305,0,0,0,2025-09-08 01:00:00.000
3793,31,300,0,0,0,2025-09-08 01:00:00.000
3794,31,933,0,0,NULL,2025-09-08 01:00:00.000
3795,31,303,0,0,0,2025-09-08 01:00:00.000
3796,31,301,0,0,0,2025-09-08 01:00:00.000
3797,31,956,0,0,NULL,2025-09-08 01:00:00.000
3798,31,304,0,0,0,2025-09-08 01:00:00.000
3799,31,286,29.353,208,1,2025-09-08 01:00:00.000
3800,31,287,54.098,202.047613560367,1,2025-09-08 01:00:00.000
3801,31,290,54.353,230.88,1,2025-09-08 01:00:00.000
3802,31,291,79.098,224.272851052007,1,2025-09-08 01:00:00.000
3803,31,118,10.5675347504138,100,NULL,2025-09-08 01:00:00.000
3804,31,119,20.0067311836516,95.5405607887551,NULL,2025-09-08 01:00:00.000
3805,31,2422,0.8,0.8,NULL,2025-09-08 01:00:00.000
3806,31,2416,231.23,234.20516027493,NULL,2025-09-08 01:00:00.000
3807,31,880,0,0,NULL,2025-09-08 01:00:00.000
3808,31,3353,10.841339394725,10.841339394725,NULL,2025-09-08 01:00:00.000
3809,31,3030,1,1,NULL,2025-09-08 01:00:00.000
3810,31,4101,0.297481310655427,0.297481310655427,0,2025-09-08 01:00:00.000
3811,31,4838,118.75787203047,118.75787203047,NULL,2025-09-08 01:00:00.000
3812,31,4833,1000,1000,NULL,2025-09-08 01:00:00.000
3813,31,4834,590.685296473185,590.685296473185,NULL,2025-09-08 01:00:00.000
3814,31,4835,883.695518247816,883.695518247816,NULL,2025-09-08 01:00:00.000
3815,31,4836,1.57405789724655,1.57405789724655,NULL,2025-09-08 01:00:00.000
3816,31,4837,831.248427581787,831.248427581787,NULL,2025-09-08 01:00:00.000
3817,31,4692,60.9408494233806,60.9408494233806,NULL,2025-09-08 01:00:00.000
3818,31,4693,68.2268063466475,68.2268063466475,NULL,2025-09-08 01:00:00.000
3819,31,4694,79.8075937896445,79.8075937896445,NULL,2025-09-08 01:00:00.000
3820,31,3385,50612.2505859375,50612.2505859375,NULL,2025-09-08 01:00:00.000
3821,31,3384,18.5012432651036,18.5012432651036,NULL,2025-09-08 01:00:00.000
3822,31,3383,134.184111552768,134.184111552768,NULL,2025-09-08 01:00:00.000
3823,31,4991,15.4671091243125,15.4671091243125,0,2025-09-08 01:00:00.000
3824,31,4994,10.3755113701172,10.3755113701172,NULL,2025-09-08 01:00:00.000
3825,31,4992,22.7530660475794,22.7530660475794,0,2025-09-08 01:00:00.000
3826,31,4995,14.57632816875,14.57632816875,NULL,2025-09-08 01:00:00.000
3827,31,4993,34.3338534905764,34.3338534905764,0,2025-09-08 01:00:00.000
3828,31,4996,25.6097987964844,25.6097987964844,NULL,2025-09-08 01:00:00.000
3829,31,3382,0.0387487869611424,0.0387487869611424,NULL,2025-09-08 01:00:00.000
3830,31,3381,46.304316621496,46.304316621496,0,2025-09-08 01:00:00.000
3831,31,3359,0.89342474504239,0.89342474504239,0,2025-09-08 01:00:00.000
3832,31,3395,0.89342474504239,0.89342474504239,NULL,2025-09-08 01:00:00.000
3833,31,3033,36246.9780327691,36246.9780327691,NULL,2025-09-08 01:00:00.000
3834,31,5242,36.2469780327691,36.2469780327691,NULL,2025-09-08 01:00:00.000
3835,31,3352,42.0814731338269,42.0814731338269,NULL,2025-09-08 01:00:00.000
3836,31,3351,134.731827608744,134.731827608744,NULL,2025-09-08 01:00:00.000
3837,31,3358,0,0,NULL,2025-09-08 01:00:00.000
3838,31,3350,13.3552891039186,13.3552891039186,NULL,2025-09-08 01:00:00.000
3839,31,3349,33.5177787939707,33.5177787939707,NULL,2025-09-08 01:00:00.000
3840,31,4997,-0.00225545652210712,-0.00225545652210712,NULL,2025-09-08 01:00:00.000
3841,31,4998,8.0012275841501,8.0012275841501,NULL,2025-09-08 01:00:00.000
3842,31,4999,-0.0016479529440403,-0.0016479529440403,NULL,2025-09-08 01:00:00.000
3843,31,5000,7.99767984880341,7.99767984880341,NULL,2025-09-08 01:00:00.000
3844,31,673,50.6822804027134,50.6822804027134,NULL,2025-09-08 01:00:00.000
3845,31,674,-0.00348230264935558,-0.00348230264935558,NULL,2025-09-08 01:00:00.000
3846,31,675,38.4833039283752,38.4833039283752,NULL,2025-09-08 01:00:00.000
3847,31,676,38.6536024338354,38.6536024338354,NULL,2025-09-08 01:00:00.000
3848,31,677,0.0042261786176291,0.0042261786176291,NULL,2025-09-08 01:00:00.000
3849,31,678,42.0100542545319,42.0100542545319,NULL,2025-09-08 01:00:00.000
3850,31,3318,1.2987,1.2987,0,2025-09-08 01:00:00.000
3851,31,3309,20.8753835610371,20.8753835610371,NULL,2025-09-08 01:00:00.000
3852,31,3310,58.3348048945533,58.3348048945533,NULL,2025-09-08 01:00:00.000
3853,31,2654,1250.89102103,1250.89102103,NULL,2025-09-08 01:00:00.000
3854,31,3056,1,1,NULL,2025-09-08 01:00:00.000
3855,31,3308,18.5828704833984,18.5828704833984,NULL,2025-09-08 01:00:00.000
3856,31,3311,21.1220500253081,21.1220500253081,NULL,2025-09-08 01:00:00.000
3857,31,3312,60.064770633635,60.064770633635,NULL,2025-09-08 01:00:00.000
3858,31,2672,796.262639708625,796.262639708625,NULL,2025-09-08 01:00:00.000
3859,31,3057,1,1,NULL,2025-09-08 01:00:00.000
3860,31,2680,20,20,NULL,2025-09-08 01:00:00.000
3861,31,3058,1,1,NULL,2025-09-08 01:00:00.000
3862,31,3313,18.1763317815463,18.1763317815463,NULL,2025-09-08 01:00:00.000
3863,31,4701,493.6578057809,493.6578057809,0,2025-09-08 01:00:00.000
3864,31,4699,30.4225922042794,30.4225922042794,0,2025-09-08 01:00:00.000
3865,31,4702,47.4804680294461,47.4804680294461,0,2025-09-08 01:00:00.000
3866,31,4700,0.200000002980232,0.200000002980232,0,2025-09-08 01:00:00.000
3867,31,4703,10,10,0,2025-09-08 01:00:00.000
3868,31,3076,1,1,NULL,2025-09-08 01:00:00.000
3869,31,4877,997.04104370653,997.04104370653,NULL,2025-09-08 01:00:00.000
3870,31,4876,59.8458307890953,59.8458307890953,NULL,2025-09-08 01:00:00.000
3871,31,5231,131.688750956671,131.238919132014,NULL,2025-09-08 01:00:00.000
3872,31,4109,263.957203234843,263.957203234843,0,2025-09-08 01:00:00.000
3873,31,4718,859998.581510417,859998.581510417,NULL,2025-09-08 01:00:00.000
3874,31,4719,268.13979553041,268.13979553041,NULL,2025-09-08 01:00:00.000
3875,31,4720,4.4773184205095,4.4773184205095,0,2025-09-08 01:00:00.000
3876,31,1210,13281.6888315837,13281.6888315837,NULL,2025-09-08 01:00:00.000
3877,31,2871,-1.68306804337354,-1.68306804337354,NULL,2025-09-08 01:00:00.000
3878,31,917,1.84813323258182,1.84813323258182,NULL,2025-09-08 01:00:00.000
3879,31,136,641.156568527222,641.156568527222,NULL,2025-09-08 01:00:00.000
3880,31,1135,0.641156568527222,0.641156568527222,NULL,2025-09-08 01:00:00.000
3881,31,5256,-1.68306804337354,-1.68306804337354,NULL,2025-09-08 01:00:00.000
3882,31,2820,4.4773184205095,4.4773184205095,NULL,2025-09-08 01:00:00.000
3883,31,5255,-0.490618593458126,-0.490618593458126,NULL,2025-09-08 01:00:00.000
3884,31,393,1,1,NULL,2025-09-08 01:00:00.000
3885,31,400,6,6,NULL,2025-09-08 01:00:00.000
3886,31,201,41.7524317197266,41.7524317197266,NULL,2025-09-08 01:00:00.000
3887,31,3427,47.178,47.178,NULL,2025-09-08 01:00:00.000
3888,31,3428,47.497,47.497,NULL,2025-09-08 01:00:00.000
3889,31,3429,46.362,46.362,NULL,2025-09-08 01:00:00.000
3890,31,3425,50.026,50.026,NULL,2025-09-08 01:00:00.000
3891,31,3424,120.004,120.004,NULL,2025-09-08 01:00:00.000
3892,31,3430,45.613,45.613,NULL,2025-09-08 01:00:00.000
3893,31,3433,45.241,45.241,NULL,2025-09-08 01:00:00.000
3894,31,3426,0,0,NULL,2025-09-08 01:00:00.000
3895,31,3431,45.75,45.75,NULL,2025-09-08 01:00:00.000
3896,31,3432,45.36,45.36,NULL,2025-09-08 01:00:00.000
3897,31,3020,9979.07067871094,9979.07067871094,NULL,2025-09-08 01:00:00.000
3898,31,3021,9979.07067871094,9979.07067871094,NULL,2025-09-08 01:00:00.000
3899,31,3022,9979.07067871094,9979.07067871094,NULL,2025-09-08 01:00:00.000
3900,31,3023,9979.07067871094,9979.07067871094,NULL,2025-09-08 01:00:00.000
3901,31,57,9979.07067871094,9979.07067871094,NULL,2025-09-08 01:00:00.000
3902,31,1015,11.5299964052593,11.5299964052593,NULL,2025-09-08 01:00:00.000
3903,31,2453,160.111035130989,158.795842443686,NULL,2025-09-08 01:00:00.000
3904,31,2446,26.1747516625727,28.8251624382305,NULL,2025-09-08 01:00:00.000
3905,31,2479,122.76632147259,135.197430104046,NULL,2025-09-08 01:00:00.000
3906,31,1014,45.7211313712248,45.7211313712248,NULL,2025-09-08 01:00:00.000
3907,31,768,54.9544677734375,54.9544677734375,NULL,2025-09-08 01:00:00.000
3908,31,2652,626.485083265059,626.485083265059,NULL,2025-09-08 01:00:00.000
3909,31,332,251.487035130989,265.806726458043,1,2025-09-08 01:00:00.000
3910,31,2498,67.1630375526791,67.1630375526791,NULL,2025-09-08 01:00:00.000
3911,31,805,4.69025735392683,4.69025735392683,NULL,2025-09-08 01:00:00.000
3912,31,2472,4.01165182048364,4.01066821688058,NULL,2025-09-08 01:00:00.000
3913,31,2473,6.7102292813629,4.43106574290848,NULL,2025-09-08 01:00:00.000
3914,31,32,15.1298342541436,34.1366403854511,NULL,2025-09-08 01:00:00.000
3915,31,318,10.954,24.7149276390666,1,2025-09-08 01:00:00.000
3916,31,2537,64.5422920559872,64.5422920559872,NULL,2025-09-08 01:00:00.000
3917,31,915,71.2407567086707,71.2407567086707,NULL,2025-09-08 01:00:00.000
3918,31,216,688.933819625916,688.933819625916,NULL,2025-09-08 01:00:00.000
3919,31,2494,1.62714963268762,1.62714963268762,NULL,2025-09-08 01:00:00.000
3920,31,2657,28.5386803150177,28.5386803150177,NULL,2025-09-08 01:00:00.000
3921,31,2797,30.1083077323437,30.1083077323437,NULL,2025-09-08 01:00:00.000
3922,31,3399,0.961431320515951,0.961431320515951,0,2025-09-08 01:00:00.000
3923,31,2450,231.23,234.20516027493,NULL,2025-09-08 01:00:00.000
3924,31,2451,0,6.88747263181898,NULL,2025-09-08 01:00:00.000
3925,31,2452,70.1901045130427,75.7980772034531,NULL,2025-09-08 01:00:00.000
3926,31,138,83.0910141017702,83.0910141017702,NULL,2025-09-08 01:00:00.000
3927,31,1017,239.509773475691,239.509773475691,NULL,2025-09-08 01:00:00.000
3928,31,331,232.114,242.107353699445,1,2025-09-08 01:00:00.000
3929,31,333,-19.373,-23.6993727585982,NULL,2025-09-08 01:00:00.000
3930,31,7,5.05657918519444,5.05657918519444,NULL,2025-09-08 01:00:00.000
3931,31,2734,3.75635908723009,3.75635908723009,0,2025-09-08 01:00:00.000
3932,31,2650,2772.39125031752,2772.39125031752,NULL,2025-09-08 01:00:00.000
3933,31,8,225.788379826016,225.788379826016,NULL,2025-09-08 01:00:00.000
3934,31,339,24.7149276390666,24.7149276390666,0,2025-09-08 01:00:00.000
3935,31,453,0.353233624291089,0.353233624291089,NULL,2025-09-08 01:00:00.000
3936,31,452,109.361228540209,109.361228540209,NULL,2025-09-08 01:00:00.000
3937,31,455,0.350180147348179,0.350180147348179,NULL,2025-09-08 01:00:00.000
3938,31,454,108.85166517812,108.85166517812,NULL,2025-09-08 01:00:00.000
3939,31,2658,92.5428457260132,92.5428457260132,NULL,2025-09-08 01:00:00.000
3940,31,2798,97.6327022409439,97.6327022409439,NULL,2025-09-08 01:00:00.000
3941,31,2656,36.0180478096008,36.0180478096008,NULL,2025-09-08 01:00:00.000
3942,31,2796,38.3658801627159,38.3658801627159,NULL,2025-09-08 01:00:00.000
3943,31,2649,8.62648409605026,8.62648409605026,NULL,2025-09-08 01:00:00.000
3944,31,2794,7.19165081428364,7.19165081428364,NULL,2025-09-08 01:00:00.000
3945,31,2651,15.6884211301804,15.6884211301804,NULL,2025-09-08 01:00:00.000
3946,31,2795,16.5273062878847,16.5273062878847,NULL,2025-09-08 01:00:00.000
3947,31,340,0,0.165925235366227,1,2025-09-08 01:00:00.000
3948,31,2783,0,0,NULL,2025-09-08 01:00:00.000
3949,31,2781,0,0,NULL,2025-09-08 01:00:00.000
3950,31,132,0,0,NULL,2025-09-08 01:00:00.000
3951,31,323,0,0,0,2025-09-08 01:00:00.000
3952,31,2542,0,0,NULL,2025-09-08 01:00:00.000
3953,31,1023,0,0,NULL,2025-09-08 01:00:00.000
3954,31,31,0,0.137355327289923,NULL,2025-09-08 01:00:00.000
3955,31,320,0,0.165925235366227,1,2025-09-08 01:00:00.000
3956,31,2539,0.778232055378488,0.778232055378488,NULL,2025-09-08 01:00:00.000
3957,31,914,0.478279341828602,0.478279341828602,NULL,2025-09-08 01:00:00.000
3958,31,315,11.8449801792774,11.8449801792774,0,2025-09-08 01:00:00.000
3959,31,314,11.8449801792774,11.8449801792774,0,2025-09-08 01:00:00.000
3960,31,1022,34.1431447218592,34.1431447218592,NULL,2025-09-08 01:00:00.000
3961,31,127,29.9115661092864,29.9115661092864,NULL,2025-09-08 01:00:00.000
3962,31,285,231.231,241.092632906748,NULL,2025-09-08 01:00:00.000
3963,31,2443,1.9818,1.9818,NULL,2025-09-08 01:00:00.000
3964,31,2445,222.72355238622,255.323750233677,NULL,2025-09-08 01:00:00.000
3965,31,2442,106.986046875886,122.645667323315,NULL,2025-09-08 01:00:00.000
3966,31,2489,40,40,NULL,2025-09-08 01:00:00.000
3967,31,5074,120,95.4547436197917,NULL,2025-09-08 01:00:00.000
3968,31,5076,92.048,95.4547436197917,NULL,2025-09-08 01:00:00.000
3969,31,4785,2.933,2.93084823101195,NULL,2025-09-08 01:00:00.000
3970,31,4786,3,3,NULL,2025-09-08 01:00:00.000
3971,31,5181,2.93084823101195,2.93084823101195,NULL,2025-09-08 01:00:00.000
3972,31,5182,5,5,NULL,2025-09-08 01:00:00.000
3973,31,3035,141.118947230869,141.118947230869,NULL,2025-09-08 01:00:00.000
3974,31,3037,168.434263467892,168.434263467892,NULL,2025-09-08 01:00:00.000
3975,31,3038,141.731201027764,141.731201027764,NULL,2025-09-08 01:00:00.000
3976,31,5073,110,89.1698071885851,NULL,2025-09-08 01:00:00.000
3977,31,5075,82.048,89.1698071885851,NULL,2025-09-08 01:00:00.000
3978,31,5216,10,10,NULL,2025-09-08 01:00:00.000
3979,31,5009,14.9357722099248,14.9357722099248,0,2025-09-08 01:00:00.000
3980,31,345,8,6,NULL,2025-09-08 01:00:00.000
3981,31,2428,130.829815143107,155.869500440652,NULL,2025-09-08 01:00:00.000
3982,31,2661,819.218693623451,819.218693623451,NULL,2025-09-08 01:00:00.000
3983,31,329,130.829815143107,162.810262544651,1,2025-09-08 01:00:00.000
3984,31,2497,214.596134584933,214.596134584933,NULL,2025-09-08 01:00:00.000
3985,31,215,740,740,NULL,2025-09-08 01:00:00.000
3986,31,2493,2.16727471492523,2.16727471492523,NULL,2025-09-08 01:00:00.000
3987,31,328,133.451,165.95302455472,1,2025-09-08 01:00:00.000
3988,31,837,6.7102292813629,6.7102292813629,NULL,2025-09-08 01:00:00.000
3989,31,330,2.622,3.14276201006811,NULL,2025-09-08 01:00:00.000
3990,31,5267,21.0015554954892,21.0015554954892,NULL,2025-09-08 01:00:00.000
3991,31,2660,2833.71631637523,2833.71631637523,NULL,2025-09-08 01:00:00.000
3992,31,6,278.778392918905,278.778392918905,NULL,2025-09-08 01:00:00.000
3993,31,338,0.0532894721804767,0.0532894721804767,0,2025-09-08 01:00:00.000
3994,31,296,0,0.0445756539310513,1,2025-09-08 01:00:00.000
3995,31,297,0,0.00871381824942545,1,2025-09-08 01:00:00.000
3996,31,298,0,0,0,2025-09-08 01:00:00.000
3997,31,299,0,0,0,2025-09-08 01:00:00.000
3998,31,292,0,0.0445756539310513,1,2025-09-08 01:00:00.000
3999,31,891,0.128489282396776,0.128489282396776,NULL,2025-09-08 01:00:00.000
4000,31,293,0,0.00871381824942545,1,2025-09-08 01:00:00.000
4001,31,892,0.0251175732729896,0.0251175732729896,NULL,2025-09-08 01:00:00.000
4002,31,294,0,0,0,2025-09-08 01:00:00.000
4003,31,893,0,0,NULL,2025-09-08 01:00:00.000
4004,31,295,0,0,0,2025-09-08 01:00:00.000
4005,31,894,0,0,NULL,2025-09-08 01:00:00.000
4006,31,2784,0,0,NULL,2025-09-08 01:00:00.000
4007,31,114,1.02564102544278E-06,0.883628445439397,NULL,2025-09-08 01:00:00.000
4008,31,115,1.02564102544278E-06,0.182632658849356,NULL,2025-09-08 01:00:00.000
4009,31,116,0,0,NULL,2025-09-08 01:00:00.000
4010,31,117,0,0,NULL,2025-09-08 01:00:00.000
4011,31,2782,0,0,NULL,2025-09-08 01:00:00.000
4012,31,2423,0.8,0.8,NULL,2025-09-08 01:00:00.000
4013,31,2431,0,1.17726687374715,NULL,2025-09-08 01:00:00.000
4014,31,3314,0.826575172,0.826575172,0,2025-09-08 01:00:00.000
4015,31,416,43.6059774954415,46.7598067057292,1,2025-09-08 01:00:00.000
4016,31,2499,268.337424724812,268.337424724812,NULL,2025-09-08 01:00:00.000
4017,31,874,1820.65559795036,1952.33563670857,1,2025-09-08 01:00:00.000
4018,31,380,46759.8067057292,46759.8067057292,NULL,2025-09-08 01:00:00.000
4019,31,2899,0,0,NULL,2025-09-08 01:00:00.000
4020,31,405,0.902177153140598,0.902177153140598,NULL,2025-09-08 01:00:00.000
4021,31,368,902.177153140598,902.177153140598,NULL,2025-09-08 01:00:00.000
4022,31,407,1.062255859375,1.062255859375,NULL,2025-09-08 01:00:00.000
4023,31,370,1.062255859375,1.062255859375,NULL,2025-09-08 01:00:00.000
4024,31,409,1.53073861990187,1.53073861990187,NULL,2025-09-08 01:00:00.000
4025,31,372,1530.73861990187,1530.73861990187,NULL,2025-09-08 01:00:00.000
4026,31,2701,0.00477871145865915,0.00477871145865915,NULL,2025-09-08 01:00:00.000
4027,31,2702,0.00295306398052917,0.00295306398052917,NULL,2025-09-08 01:00:00.000
4028,31,2703,0.000288834382222566,0.000288834382222566,NULL,2025-09-08 01:00:00.000
4029,31,2700,0.192377843796448,0.192377843796448,NULL,2025-09-08 01:00:00.000
4030,31,2699,0.799601546382142,0.799601546382142,NULL,2025-09-08 01:00:00.000
4031,31,3463,87.8289587157429,87.8289587157429,NULL,2025-09-08 01:00:00.000
4032,31,3464,1.46092279023097,1.46092279023097,NULL,2025-09-08 01:00:00.000
4033,31,3465,0,0,NULL,2025-09-08 01:00:00.000
4034,31,3472,0,0,NULL,2025-09-08 01:00:00.000
4035,31,3467,0.0663935126749556,0.0663935126749556,NULL,2025-09-08 01:00:00.000
4036,31,3470,0.0479924057339604,0.0479924057339604,NULL,2025-09-08 01:00:00.000
4037,31,3471,10.1986014832011,10.1986014832011,NULL,2025-09-08 01:00:00.000
4038,31,3468,0.086912494832348,0.086912494832348,NULL,2025-09-08 01:00:00.000
4039,31,3469,0.0322383148589007,0.0322383148589007,NULL,2025-09-08 01:00:00.000
4040,31,3466,0.277980282724899,0.277980282724899,NULL,2025-09-08 01:00:00.000
4041,31,3581,87.8289587157429,87.8289587157429,NULL,2025-09-08 01:00:00.000
4042,31,3582,1.46092279023097,1.46092279023097,NULL,2025-09-08 01:00:00.000
4043,31,3583,0,0,NULL,2025-09-08 01:00:00.000
4044,31,3590,0,0,NULL,2025-09-08 01:00:00.000
4045,31,3585,0.0663935126749556,0.0663935126749556,NULL,2025-09-08 01:00:00.000
4046,31,3588,0.0479924057339604,0.0479924057339604,NULL,2025-09-08 01:00:00.000
4047,31,3589,10.1986014832011,10.1986014832011,NULL,2025-09-08 01:00:00.000
4048,31,3586,0.086912494832348,0.086912494832348,NULL,2025-09-08 01:00:00.000
4049,31,3587,0.0322383148589007,0.0322383148589007,NULL,2025-09-08 01:00:00.000
4050,31,3584,0.277980282724899,0.277980282724899,NULL,2025-09-08 01:00:00.000
4051,31,3697,87.8289587157429,87.8289587157429,NULL,2025-09-08 01:00:00.000
4052,31,3698,1.46092279023097,1.46092279023097,NULL,2025-09-08 01:00:00.000
4053,31,3699,0,0,NULL,2025-09-08 01:00:00.000
4054,31,3706,0,0,NULL,2025-09-08 01:00:00.000
4055,31,3701,0.0663935126749556,0.0663935126749556,NULL,2025-09-08 01:00:00.000
4056,31,3704,0.0479924057339604,0.0479924057339604,NULL,2025-09-08 01:00:00.000
4057,31,3705,10.1986014832011,10.1986014832011,NULL,2025-09-08 01:00:00.000
4058,31,3702,0.086912494832348,0.086912494832348,NULL,2025-09-08 01:00:00.000
4059,31,3703,0.0322383148589007,0.0322383148589007,NULL,2025-09-08 01:00:00.000
4060,31,3700,0.277980282724899,0.277980282724899,NULL,2025-09-08 01:00:00.000
4061,31,3813,87.8289587157429,87.8289587157429,NULL,2025-09-08 01:00:00.000
4062,31,3814,1.46092279023097,1.46092279023097,NULL,2025-09-08 01:00:00.000
4063,31,3815,0,0,NULL,2025-09-08 01:00:00.000
4064,31,3822,0,0,NULL,2025-09-08 01:00:00.000
4065,31,3817,0.0663935126749556,0.0663935126749556,NULL,2025-09-08 01:00:00.000
4066,31,3820,0.0479924057339604,0.0479924057339604,NULL,2025-09-08 01:00:00.000
4067,31,3821,10.1986014832011,10.1986014832011,NULL,2025-09-08 01:00:00.000
4068,31,3818,0.086912494832348,0.086912494832348,NULL,2025-09-08 01:00:00.000
4069,31,3819,0.0322383148589007,0.0322383148589007,NULL,2025-09-08 01:00:00.000
4070,31,3816,0.277980282724899,0.277980282724899,NULL,2025-09-08 01:00:00.000
4071,31,3929,87.8289587157429,87.8289587157429,NULL,2025-09-08 01:00:00.000
4072,31,3930,1.46092279023097,1.46092279023097,NULL,2025-09-08 01:00:00.000
4073,31,3931,0,0,NULL,2025-09-08 01:00:00.000
4074,31,3938,0,0,NULL,2025-09-08 01:00:00.000
4075,31,3933,0.0663935126749556,0.0663935126749556,NULL,2025-09-08 01:00:00.000
4076,31,3936,0.0479924057339604,0.0479924057339604,NULL,2025-09-08 01:00:00.000
4077,31,3937,10.1986014832011,10.1986014832011,NULL,2025-09-08 01:00:00.000
4078,31,3934,0.086912494832348,0.086912494832348,NULL,2025-09-08 01:00:00.000
4079,31,3935,0.0322383148589007,0.0322383148589007,NULL,2025-09-08 01:00:00.000
4080,31,3932,0.277980282724899,0.277980282724899,NULL,2025-09-08 01:00:00.000
4081,31,3398,5504.976,5729.03565914396,NULL,2025-09-08 01:00:00.000
4082,31,360,12635.97906906,13187.2623009543,NULL,2025-09-08 01:00:00.000
4083,31,366,8.27632977082105,8.27632977082105,1,2025-09-08 01:00:00.000
4084,31,362,546.404024111893,546.404024111893,1,2025-09-08 01:00:00.000
4085,31,3361,315.834583677292,315.834583677292,1,2025-09-08 01:00:00.000
4086,31,364,3.39936178409976,3.39936178409976,NULL,2025-09-08 01:00:00.000
4087,31,1166,0.762934561623382,0.762934561623382,NULL,2025-09-08 01:00:00.000
4088,31,1167,134.426603180058,134.426603180058,1,2025-09-08 01:00:00.000
4089,31,4807,0,0,NULL,2025-09-08 01:00:00.000
4090,31,2822,4.22149386916723,4.22149386916723,NULL,2025-09-08 01:00:00.000
4091,31,2823,3.9800635401739,3.9800635401739,NULL,2025-09-08 01:00:00.000
4092,31,2824,4.41732062119577,4.41732062119577,NULL,2025-09-08 01:00:00.000
4093,31,2825,3.9996376872725,3.9996376872725,NULL,2025-09-08 01:00:00.000
4094,31,2826,3.99059280304445,3.99059280304445,NULL,2025-09-08 01:00:00.000
4095,31,2827,4.28069325953722,4.28069325953722,NULL,2025-09-08 01:00:00.000
4096,31,2828,4.00431931813558,4.00431931813558,NULL,2025-09-08 01:00:00.000
4097,31,2829,3.85890762566968,3.85890762566968,NULL,2025-09-08 01:00:00.000
4098,31,2830,0,0,NULL,2025-09-08 01:00:00.000
4099,31,3391,77.6778609007717,77.6778609007717,NULL,2025-09-08 01:00:00.000
4100,31,3386,1.22387402850047,1.22387402850047,NULL,2025-09-08 01:00:00.000
4101,31,1202,91.5648876681858,91.5648876681858,NULL,2025-09-08 01:00:00.000
4102,31,1203,114.456109585232,114.456109585232,NULL,2025-09-08 01:00:00.000
4103,31,3135,0.357580191578406,0.357580191578406,0,2025-09-08 01:00:00.000
4104,31,4186,0.357580191578406,0.357580191578406,0,2025-09-08 01:00:00.000
4105,31,4191,0.357580191578406,0.357580191578406,0,2025-09-08 01:00:00.000
4106,31,4196,0.357580191578406,0.357580191578406,0,2025-09-08 01:00:00.000
4107,31,4201,0.357580191578406,0.357580191578406,0,2025-09-08 01:00:00.000
4108,31,4206,0.357580191578406,0.357580191578406,0,2025-09-08 01:00:00.000
4109,31,4211,0.357580191578406,0.357580191578406,0,2025-09-08 01:00:00.000
4110,31,4216,0.357580191578406,0.357580191578406,0,2025-09-08 01:00:00.000
4111,31,4221,0.357580191578406,0.357580191578406,0,2025-09-08 01:00:00.000
4112,31,4226,0,0,0,2025-09-08 01:00:00.000
4113,31,2918,18.2536235027342,18.2536235027342,NULL,2025-09-08 01:00:00.000
4114,31,2919,10.1315305950859,10.1315305950859,NULL,2025-09-08 01:00:00.000
4115,31,2424,0.745416793080415,0.732112012701288,NULL,2025-09-08 01:00:00.000
4116,31,3032,57.8023897592335,57.8023897592335,NULL,2025-09-08 01:00:00.000
4117,31,2817,1,1,NULL,2025-09-08 01:00:00.000
4118,31,2818,1,1,NULL,2025-09-08 01:00:00.000
4119,31,4829,52.6092113433414,52.6092113433414,NULL,2025-09-08 01:00:00.000
4120,31,4830,36.5877694467439,36.5877694467439,NULL,2025-09-08 01:00:00.000
4121,31,4831,-0.48324537388463,-0.48324537388463,NULL,2025-09-08 01:00:00.000
4122,31,4832,162.151738834381,162.151738834381,NULL,2025-09-08 01:00:00.000
4123,31,2924,490.929210453259,480.105239559725,0,2025-09-08 01:00:00.000
4124,31,2981,-15.6006791637605,-15.6006791637605,0,2025-09-08 01:00:00.000
4125,31,2921,46.6691045130427,58.8906185950173,1,2025-09-08 01:00:00.000
4126,31,2978,89.0888592314082,89.0888592314082,1,2025-09-08 01:00:00.000
4127,31,4102,429.283801898166,429.283801898166,0,2025-09-08 01:00:00.000
4128,31,2923,161.111035130989,159.436999012213,0,2025-09-08 01:00:00.000
4129,31,2980,-7.85166021682814,-7.85166021682814,0,2025-09-08 01:00:00.000
4130,31,4104,747.800557105056,747.800557105056,0,2025-09-08 01:00:00.000
4131,31,2922,130.829815143107,155.869500440652,1,2025-09-08 01:00:00.000
4132,31,2979,168.022029479702,168.022029479702,1,2025-09-08 01:00:00.000
4133,31,4103,1045.92008592827,1045.92008592827,0,2025-09-08 01:00:00.000
4134,31,1232,0,0,NULL,2025-09-08 01:00:00.000
4135,31,87,43.6894247387218,43.6894247387218,NULL,2025-09-08 01:00:00.000
4136,31,96,86.6949581118201,86.6949581118201,NULL,2025-09-08 01:00:00.000
4137,31,98,79.991587986897,79.991587986897,NULL,2025-09-08 01:00:00.000
4138,31,100,67.1049730054891,67.1049730054891,NULL,2025-09-08 01:00:00.000
4139,31,102,66.8124795277913,66.8124795277913,NULL,2025-09-08 01:00:00.000
4140,31,383,340.17586318122,340.17586318122,NULL,2025-09-08 01:00:00.000
4141,31,421,2882.063304,2919.55082920087,1,2025-09-08 01:00:00.000
4142,31,1194,37.4875252008701,37.4875252008701,1,2025-09-08 01:00:00.000
4143,31,1198,0.762934561623382,0.762934561623382,1,2025-09-08 01:00:00.000
4144,31,3041,2.74656442184418,2.74656442184418,1,2025-09-08 01:00:00.000
4145,31,4080,45,45,NULL,2025-09-08 01:00:00.000
4146,31,4079,65,65,NULL,2025-09-08 01:00:00.000
4147,31,5091,64.4439093192619,64.4439093192619,NULL,2025-09-08 01:00:00.000
4148,31,1165,0.568,0.568,NULL,2025-09-08 01:00:00.000
4149,31,211,0.9,0.9,NULL,2025-09-08 01:00:00.000
4150,31,1120,7,7,NULL,2025-09-08 01:00:00.000
4151,31,4691,6.44390931926189,6.44390931926189,NULL,2025-09-08 01:00:00.000
4152,31,5097,26.693687293063,26.693687293063,NULL,2025-09-08 01:00:00.000
4153,31,1134,336.0168,336.0168,NULL,2025-09-08 01:00:00.000
4154,31,1127,25.2,25.2,NULL,2025-09-08 01:00:00.000
4155,31,1116,11.5,11.5,NULL,2025-09-08 01:00:00.000
4156,31,4688,11.5,11.5,NULL,2025-09-08 01:00:00.000
4157,31,5094,0,0,NULL,2025-09-08 01:00:00.000
4158,31,1130,552.0276,552.0276,NULL,2025-09-08 01:00:00.000
4159,31,1123,41.4,41.4,NULL,2025-09-08 01:00:00.000
4160,31,1117,13,13,NULL,2025-09-08 01:00:00.000
4161,31,4689,13,13,NULL,2025-09-08 01:00:00.000
4162,31,5095,0,0,NULL,2025-09-08 01:00:00.000
4163,31,1131,624.0312,624.0312,NULL,2025-09-08 01:00:00.000
4164,31,1124,46.8,46.8,NULL,2025-09-08 01:00:00.000
4165,31,1118,24,24,NULL,2025-09-08 01:00:00.000
4166,31,4690,24,24,NULL,2025-09-08 01:00:00.000
4167,31,5096,0,0,NULL,2025-09-08 01:00:00.000
4168,31,1132,1152.0576,1152.0576,NULL,2025-09-08 01:00:00.000
4169,31,1125,86.4,86.4,NULL,2025-09-08 01:00:00.000
4170,31,1115,3.5,3.5,NULL,2025-09-08 01:00:00.000
4171,31,1129,168.0084,168.0084,NULL,2025-09-08 01:00:00.000
4172,31,1122,12.6,12.6,NULL,2025-09-08 01:00:00.000
4173,31,1119,6,6,NULL,2025-09-08 01:00:00.000
4174,31,1133,288.0144,288.0144,NULL,2025-09-08 01:00:00.000
4175,31,1126,21.6,21.6,NULL,2025-09-08 01:00:00.000
4176,31,1114,45,45,NULL,2025-09-08 01:00:00.000
4177,31,1128,2160.108,2160.108,NULL,2025-09-08 01:00:00.000
4178,31,1121,162,162,NULL,2025-09-08 01:00:00.000
4179,31,3387,477.466385816331,477.466385816331,NULL,2025-09-08 01:00:00.000
4180,31,4803,3.15092191613281,3.15092191613281,NULL,2025-09-08 01:00:00.000
4181,31,519,11.6075570284658,11.6075570284658,NULL,2025-09-08 01:00:00.000
4182,31,1021,33.4587727030133,33.4587727030133,NULL,2025-09-08 01:00:00.000
4183,31,3270,20.7427261571089,20.7427261571089,NULL,2025-09-08 01:00:00.000
4184,31,3268,51.8934631347656,51.8934631347656,NULL,2025-09-08 01:00:00.000
4185,31,3271,17.2666915158431,17.2666915158431,NULL,2025-09-08 01:00:00.000
4186,31,3269,56.998833656311,56.998833656311,NULL,2025-09-08 01:00:00.000
4187,31,3273,117.175480343501,117.175480343501,NULL,2025-09-08 01:00:00.000
4188,31,3274,120.978236707581,120.978236707581,NULL,2025-09-08 01:00:00.000
4189,31,3275,300.256721633138,300.256721633138,NULL,2025-09-08 01:00:00.000
4190,31,3247,52.1576238870621,52.1576238870621,NULL,2025-09-08 01:00:00.000
4191,31,3248,51.8934631347656,51.8934631347656,NULL,2025-09-08 01:00:00.000
4192,31,3249,82.3713727344937,82.3713727344937,NULL,2025-09-08 01:00:00.000
4193,31,3250,665.559728400336,665.559728400336,NULL,2025-09-08 01:00:00.000
4194,31,3251,58.4124891757965,58.4124891757965,NULL,2025-09-08 01:00:00.000
4195,31,3252,56.998833656311,56.998833656311,NULL,2025-09-08 01:00:00.000
4196,31,3253,81.2764607132806,81.2764607132806,NULL,2025-09-08 01:00:00.000
4197,31,3254,609.253737586975,609.253737586975,NULL,2025-09-08 01:00:00.000
4198,31,3272,17.2572419345379,17.2572419345379,NULL,2025-09-08 01:00:00.000
4199,31,3255,74.1138911644618,74.1138911644618,NULL,2025-09-08 01:00:00.000
4200,31,3256,74.285496711731,74.285496711731,NULL,2025-09-08 01:00:00.000
4201,31,3267,1630.45142473009,1630.45142473009,NULL,2025-09-08 01:00:00.000
4202,31,3257,51301.5572699653,51301.5572699653,NULL,2025-09-08 01:00:00.000
4203,31,5241,51.3015572699653,51.3015572699653,NULL,2025-09-08 01:00:00.000
4204,31,3258,0,0,0,2025-09-08 01:00:00.000
4205,31,3259,247.56074561006,247.56074561006,0,2025-09-08 01:00:00.000
4206,31,3260,0,0,0,2025-09-08 01:00:00.000
4207,31,3261,247.56074561006,247.56074561006,0,2025-09-08 01:00:00.000
4208,31,3262,247.56074561006,247.56074561006,0,2025-09-08 01:00:00.000
4209,31,3263,247.56074561006,247.56074561006,0,2025-09-08 01:00:00.000
4210,31,3264,13452.7149459292,13452.7149459292,0,2025-09-08 01:00:00.000
4211,31,3265,0,0,NULL,2025-09-08 01:00:00.000
4212,31,3266,13452.7149459292,13452.7149459292,NULL,2025-09-08 01:00:00.000
4213,31,4249,373.555961479355,373.555961479355,NULL,2025-09-08 01:00:00.000
4214,31,128,76.6628121503724,76.6628121503724,NULL,2025-09-08 01:00:00.000
4215,31,316,2.95392594583172,2.95392594583172,0,2025-09-08 01:00:00.000
4216,31,1018,8.51468888421049,8.51468888421049,NULL,2025-09-08 01:00:00.000
4217,31,129,0,0,NULL,2025-09-08 01:00:00.000
4218,31,317,0,0,0,2025-09-08 01:00:00.000
4219,31,1019,0,0,NULL,2025-09-08 01:00:00.000
4220,31,505,15.8616290115648,15.8616290115648,NULL,2025-09-08 01:00:00.000
4221,31,1030,50.5966174481788,50.5966174481788,NULL,2025-09-08 01:00:00.000
4222,31,2487,75,75,NULL,2025-09-08 01:00:00.000
4223,31,4116,0.395471639931202,0.395471639931202,0,2025-09-08 01:00:00.000
4224,31,4259,0.393368177115917,0.393368177115917,0,2025-09-08 01:00:00.000
4225,31,4132,-0.018423413286655,-0.018423413286655,0,2025-09-08 01:00:00.000
4226,31,4282,-0.0467449063435197,-0.0467449063435197,0,2025-09-08 01:00:00.000
4227,31,4271,17.1619318883684,17.1619318883684,0,2025-09-08 01:00:00.000
4228,31,4294,29.2172361004617,29.2172361004617,0,2025-09-08 01:00:00.000
4229,31,4117,0.230000004172325,0.230000004172325,0,2025-09-08 01:00:00.000
4230,31,4260,0.230000004172325,0.230000004172325,0,2025-09-08 01:00:00.000
4231,31,4133,0.205273440165911,0.205273440165911,0,2025-09-08 01:00:00.000
4232,31,4283,0.200000002980232,0.200000002980232,0,2025-09-08 01:00:00.000
4233,31,4144,0.257382812793367,0.257382812793367,0,2025-09-08 01:00:00.000
4234,31,4299,0.25,0.25,0,2025-09-08 01:00:00.000
4235,31,766,0,0,NULL,2025-09-08 01:00:00.000
4236,31,2648,0,0,NULL,2025-09-08 01:00:00.000
4237,31,1054,0,0,NULL,2025-09-08 01:00:00.000
4238,31,4110,112.222304771779,112.222304771779,0,2025-09-08 01:00:00.000
4239,31,4250,112.317571106487,112.317571106487,0,2025-09-08 01:00:00.000
4240,31,4126,108.863041848446,108.863041848446,0,2025-09-08 01:00:00.000
4241,31,4273,108.610450059836,108.610450059836,0,2025-09-08 01:00:00.000
4242,31,4142,111.25973717248,111.25973717248,0,2025-09-08 01:00:00.000
4243,31,4296,111.686732333501,111.686732333501,0,2025-09-08 01:00:00.000
4244,31,3414,-4.29754243702721,-4.29754243702721,NULL,2025-09-08 01:00:00.000
4245,31,3448,0.6,0.6,NULL,2025-09-08 01:00:00.000
4246,31,225,1209.5865015926,1374.49340315736,NULL,2025-09-08 01:00:00.000
4247,31,2976,1374.49340315736,1374.49340315736,NULL,2025-09-08 01:00:00.000
4248,31,2477,0.608483163124472,0.617486075597105,NULL,2025-09-08 01:00:00.000
4249,31,2478,190.609756258206,206.968223939127,NULL,2025-09-08 01:00:00.000
4250,31,2440,313.253953124114,335.178771017614,NULL,2025-09-08 01:00:00.000
4251,31,2735,150.361915273026,150.361915273026,NULL,2025-09-08 01:00:00.000
4252,31,3390,64.0047319067107,64.0047319067107,NULL,2025-09-08 01:00:00.000
4253,31,4922,77.6778609007717,77.6778609007717,NULL,2025-09-08 01:00:00.000
4254,31,4806,77.5428665850144,77.5428665850144,NULL,2025-09-08 01:00:00.000
4255,31,3297,8.48822034200033,8.48822034200033,NULL,2025-09-08 01:00:00.000
4256,31,5249,85413.6657444567,85413.6657444567,NULL,2025-09-08 01:00:00.000
4257,31,5250,15263.7729623164,15263.7729623164,NULL,2025-09-08 01:00:00.000
4258,31,3298,100677.438706773,100677.438706773,0,2025-09-08 01:00:00.000
4259,31,3291,2546029.51279799,2546029.51279799,NULL,2025-09-08 01:00:00.000
4260,31,5232,64200,64200,NULL,2025-09-08 01:00:00.000
4261,31,2894,5.32590707739194,5.32590707739194,NULL,2025-09-08 01:00:00.000
4262,31,3363,241.520080268687,242.498398950195,NULL,2025-09-08 01:00:00.000
4263,31,3362,13417.7822371493,13472.1332750109,NULL,2025-09-08 01:00:00.000
4264,31,3290,43.7814775678847,43.7814775678847,NULL,2025-09-08 01:00:00.000
4265,31,3288,35.2747053782145,35.2747053782145,NULL,2025-09-08 01:00:00.000
4266,31,3289,35.2932572258843,35.2932572258843,NULL,2025-09-08 01:00:00.000
4267,31,2895,10853.6247748481,10853.6247748481,NULL,2025-09-08 01:00:00.000
4268,31,2901,10853.6247748481,10853.6247748481,NULL,2025-09-08 01:00:00.000
4269,31,2907,2618.50850016276,2618.50850016276,NULL,2025-09-08 01:00:00.000
4270,31,2900,59460.1108827642,59460.1108827642,NULL,2025-09-08 01:00:00.000
4271,31,2908,25845.1423068576,25845.1423068576,NULL,2025-09-08 01:00:00.000
4272,31,2904,92.268751657948,92.268751657948,NULL,2025-09-08 01:00:00.000
4273,31,2640,99.752724,99.752724,NULL,2025-09-08 01:00:00.000
4274,31,2903,132.092228867029,132.092228867029,NULL,2025-09-08 01:00:00.000
4275,31,2639,178.116797297699,178.116797297699,NULL,2025-09-08 01:00:00.000
4276,31,3332,0,0,NULL,2025-09-08 01:00:00.000
4277,31,2974,8.94093516986563,8.94093516986563,0,2025-09-08 01:00:00.000
4278,31,3389,25.3721321866089,25.3721321866089,NULL,2025-09-08 01:00:00.000
4279,31,4805,4.02228766926882,4.02228766926882,NULL,2025-09-08 01:00:00.000
4280,31,3213,2.91586966486173,2.91586966486173,0,2025-09-08 01:00:00.000
4281,31,3214,2.85906413158644,2.85906413158644,0,2025-09-08 01:00:00.000
4282,31,3215,2.93084823101195,2.93084823101195,0,2025-09-08 01:00:00.000
4283,31,3216,2.836106146355,2.836106146355,0,2025-09-08 01:00:00.000
4284,31,3217,2.80600360795418,2.80600360795418,0,2025-09-08 01:00:00.000
4285,31,3244,5.84627670093337,5.84627670093337,0,2025-09-08 01:00:00.000
4286,31,3242,0.440881219154014,0.440881219154014,0,2025-09-08 01:00:00.000
4287,31,3245,8.13307288102269,8.13307288102269,0,2025-09-08 01:00:00.000
4288,31,3243,0.31486034626547,0.31486034626547,0,2025-09-08 01:00:00.000
4289,31,3219,0.943158580287623,0.943158580287623,0,2025-09-08 01:00:00.000
4290,31,3193,0.753028442131801,0.753028442131801,0,2025-09-08 01:00:00.000
4291,31,3194,2.56451035816943,2.56451035816943,0,2025-09-08 01:00:00.000
4292,31,3195,0.423349194556823,0.423349194556823,0,2025-09-08 01:00:00.000
4293,31,3196,0.127284515437354,0.127284515437354,0,2025-09-08 01:00:00.000
4294,31,3198,0.636941406732639,0.636941406732639,0,2025-09-08 01:00:00.000
4295,31,3199,2.91495972015517,2.91495972015517,0,2025-09-08 01:00:00.000
4296,31,3200,0.713090141427483,0.713090141427483,0,2025-09-08 01:00:00.000
4297,31,3201,0.135753347314508,0.135753347314508,0,2025-09-08 01:00:00.000
4298,31,3246,2.26657098785009,2.26657098785009,0,2025-09-08 01:00:00.000
4299,31,3202,1.56630335317254,1.56630335317254,0,2025-09-08 01:00:00.000
4300,31,3203,1.41190248694143,1.41190248694143,0,2025-09-08 01:00:00.000
4301,31,3204,5.91375227333985,5.91375227333985,0,2025-09-08 01:00:00.000
4302,31,3205,5.24491537449559,5.24491537449559,0,2025-09-08 01:00:00.000
4303,31,3206,5.94434027954812,5.94434027954812,0,2025-09-08 01:00:00.000
4304,31,3207,5.32338625826115,5.32338625826115,0,2025-09-08 01:00:00.000
4305,31,3208,5.35840633576852,5.35840633576852,0,2025-09-08 01:00:00.000
4306,31,3209,5.64514794171363,5.64514794171363,0,2025-09-08 01:00:00.000
4307,31,3210,5.22970070490985,5.22970070490985,0,2025-09-08 01:00:00.000
4308,31,3211,5.16922120205501,5.16922120205501,0,2025-09-08 01:00:00.000
4309,31,3212,0,0,0,2025-09-08 01:00:00.000
4310,31,3241,0.262572711718369,0.262572711718369,0,2025-09-08 01:00:00.000
4311,31,3192,0.0217297115145383,0.0217297115145383,0,2025-09-08 01:00:00.000
4312,31,3197,0.0351419908024914,0.0351419908024914,0,2025-09-08 01:00:00.000
4313,31,3240,0.0216159209839065,0.0216159209839065,0,2025-09-08 01:00:00.000
4314,31,3220,0.350295181629086,0.350295181629086,0,2025-09-08 01:00:00.000
4315,31,3221,0,0,0,2025-09-08 01:00:00.000
4316,31,3218,1.39615448240393,1.39615448240393,0,2025-09-08 01:00:00.000
4317,31,3224,0,0,0,2025-09-08 01:00:00.000
4318,31,3225,0.583599839126953,0.583599839126953,0,2025-09-08 01:00:00.000
4319,31,3222,0.285397167378023,0.285397167378023,0,2025-09-08 01:00:00.000
4320,31,3223,0.0887337167596394,0.0887337167596394,0,2025-09-08 01:00:00.000
4321,31,3228,0,0,0,2025-09-08 01:00:00.000
4322,31,3229,0,0,0,2025-09-08 01:00:00.000
4323,31,3230,0.011683209816535,0.011683209816535,0,2025-09-08 01:00:00.000
4324,31,3231,0,0,0,2025-09-08 01:00:00.000
4325,31,3232,0.0337440574592846,0.0337440574592846,0,2025-09-08 01:00:00.000
4326,31,3233,0.0329297170425181,0.0329297170425181,0,2025-09-08 01:00:00.000
4327,31,3234,0.0188718086711357,0.0188718086711357,0,2025-09-08 01:00:00.000
4328,31,3235,0.0203826079398404,0.0203826079398404,0,2025-09-08 01:00:00.000
4329,31,3236,0.0208520746840198,0.0208520746840198,0,2025-09-08 01:00:00.000
4330,31,3237,0.000791678750134821,0.000791678750134821,0,2025-09-08 01:00:00.000
4331,31,3238,0,0,0,2025-09-08 01:00:00.000
4332,31,3239,0.00082916373172525,0.00082916373172525,0,2025-09-08 01:00:00.000
4333,31,3226,0.125233952486571,0.125233952486571,0,2025-09-08 01:00:00.000
4334,31,3227,0.274402472260102,0.274402472260102,0,2025-09-08 01:00:00.000
4335,31,2997,5.73250771020254,5.73250771020254,0,2025-09-08 01:00:00.000
4336,31,2998,5.7734319721228,5.7734319721228,0,2025-09-08 01:00:00.000
4337,31,2999,3.82975507414958,3.82975507414958,0,2025-09-08 01:00:00.000
4338,31,2996,16.3108756509506,16.3108756509506,0,2025-09-08 01:00:00.000
4339,31,3000,12.5550418322324,12.5550418322324,0,2025-09-08 01:00:00.000
4340,31,52,2.918,2.91586966486173,0,2025-09-08 01:00:00.000
4341,31,3303,0.00434515732914488,0.00434515732914488,NULL,2025-09-08 01:00:00.000
4342,31,3015,2.92859487032663,2.92859487032663,NULL,2025-09-08 01:00:00.000
4343,31,2966,1,1,NULL,2025-09-08 01:00:00.000
4344,31,2770,2.90673831105232,2.90673831105232,NULL,2025-09-08 01:00:00.000
4345,31,53,2.862,2.85906413158644,0,2025-09-08 01:00:00.000
4346,31,3304,0.0235933014656473,0.0235933014656473,NULL,2025-09-08 01:00:00.000
4347,31,3016,2.92814882966091,2.92814882966091,NULL,2025-09-08 01:00:00.000
4348,31,2967,1,1,NULL,2025-09-08 01:00:00.000
4349,31,2771,2.8508517742157,2.8508517742157,NULL,2025-09-08 01:00:00.000
4350,31,54,2.933,2.93084823101195,0,2025-09-08 01:00:00.000
4351,31,3305,-0.000726210129227841,-0.000726210129227841,NULL,2025-09-08 01:00:00.000
4352,31,3017,2.9287213638918,2.9287213638918,NULL,2025-09-08 01:00:00.000
4353,31,2968,0,0,NULL,2025-09-08 01:00:00.000
4354,31,2772,2.9224004149437,2.9224004149437,NULL,2025-09-08 01:00:00.000
4355,31,55,2.839,2.836106146355,0,2025-09-08 01:00:00.000
4356,31,3306,0.0313773205123421,0.0313773205123421,NULL,2025-09-08 01:00:00.000
4357,31,3018,2.92797825862918,2.92797825862918,NULL,2025-09-08 01:00:00.000
4358,31,2969,1,1,NULL,2025-09-08 01:00:00.000
4359,31,2773,2.828059643507,2.828059643507,NULL,2025-09-08 01:00:00.000
4360,31,56,2.807,2.80600360795418,0,2025-09-08 01:00:00.000
4361,31,3307,0.0414427533706223,0.0414427533706223,NULL,2025-09-08 01:00:00.000
4362,31,3019,2.92731980048252,2.92731980048252,NULL,2025-09-08 01:00:00.000
4363,31,2970,1,1,NULL,2025-09-08 01:00:00.000
4364,31,2774,2.79770600795746,2.79770600795746,NULL,2025-09-08 01:00:00.000
4365,31,350,6.89564815551131,7.3581716316671,1,2025-09-08 01:00:00.000
4366,31,4841,0.127957833038333,0.127957833038333,0,2025-09-08 01:00:00.000
4367,31,4902,0.125616544857621,0.125616544857621,0,2025-09-08 01:00:00.000
4368,31,4824,0.237343377899379,0.237343377899379,0,2025-09-08 01:00:00.000
4369,31,4918,0.233205534517765,0.233205534517765,0,2025-09-08 01:00:00.000
4370,31,349,18.2347819369717,19.0731208317211,1,2025-09-08 01:00:00.000
4371,31,1059,2.03684935518163,2.10622513628293,NULL,2025-09-08 01:00:00.000
4372,31,1060,1.61585701898416,1.99233475243636,NULL,2025-09-08 01:00:00.000
4373,31,1061,0.680851005650486,0.70074187727636,NULL,2025-09-08 01:00:00.000
4374,31,1058,0.611462076591914,0.705165027329785,NULL,2025-09-08 01:00:00.000
4375,31,4258,18.2101409191026,18.2101409191026,0,2025-09-08 01:00:00.000
4376,31,4281,16.5586546048058,16.5586546048058,0,2025-09-08 01:00:00.000
4377,31,342,420.242,457.824438340929,NULL,2025-09-08 01:00:00.000
4378,31,2495,273.957591217464,273.957591217464,NULL,2025-09-08 01:00:00.000
4379,31,517,2.94950536598872,2.94950536598872,NULL,2025-09-08 01:00:00.000
4380,31,4112,95.5986909830608,95.5986909830608,0,2025-09-08 01:00:00.000
4381,31,4253,95.6320655663102,95.6320655663102,0,2025-09-08 01:00:00.000
4382,31,4128,96.2875205436499,96.2875205436499,0,2025-09-08 01:00:00.000
4383,31,4276,95.2972615824805,95.2972615824805,0,2025-09-08 01:00:00.000
4384,31,5233,0.640935091307318,0.640935091307318,NULL,2025-09-08 01:00:00.000
4385,31,2704,97.8088321525766,97.8088321525766,NULL,2025-09-08 01:00:00.000
4386,31,406,0.0175812731957806,0.0175812731957806,NULL,2025-09-08 01:00:00.000
4387,31,369,17.5812731957806,17.5812731957806,NULL,2025-09-08 01:00:00.000
4388,31,408,0.815314615743849,0.815314615743849,NULL,2025-09-08 01:00:00.000
4389,31,371,815.314615743849,815.314615743849,NULL,2025-09-08 01:00:00.000
4390,31,410,1.77694128022088,1.77694128022088,NULL,2025-09-08 01:00:00.000
4391,31,373,1776.94128022088,1776.94128022088,NULL,2025-09-08 01:00:00.000
4392,31,3388,1.27522269620753,1.27522269620753,NULL,2025-09-08 01:00:00.000
4393,31,4804,1.33020612772614,1.33020612772614,NULL,2025-09-08 01:00:00.000
4394,31,3392,4053.97365659345,4053.97365659345,NULL,2025-09-08 01:00:00.000
4395,31,5085,6.34132807040921,6.34132807040921,NULL,2025-09-08 01:00:00.000
4396,31,2861,15.1986405931261,15.1986405931261,NULL,2025-09-08 01:00:00.000
4397,31,2985,48.2374739217433,48.2374739217433,1,2025-09-08 01:00:00.000
4398,31,2886,0,0,NULL,2025-09-08 01:00:00.000
4399,31,3190,23.654,26.1210702388997,1,2025-09-08 01:00:00.000
4400,31,5086,15.1986405931261,15.1986405931261,NULL,2025-09-08 01:00:00.000
4401,31,3191,7.574,10.9224296457737,1,2025-09-08 01:00:00.000
4402,31,3347,230.5694404346,230.5694404346,1,2025-09-08 01:00:00.000
4403,31,352,1444.035,1470.27766260006,1,2025-09-08 01:00:00.000
4404,31,2975,1470.27766260006,1470.27766260006,NULL,2025-09-08 01:00:00.000
4405,31,2480,598.099630117016,659.48940427685,NULL,2025-09-08 01:00:00.000
4406,31,351,1500.949,1669.29075504866,1,2025-09-08 01:00:00.000
4407,31,4247,1256.66905088833,1256.66905088833,0,2025-09-08 01:00:00.000
4408,31,4248,412.621704160332,412.621704160332,0,2025-09-08 01:00:00.000
4409,31,229,420.24,457.824438340929,1,2025-09-08 01:00:00.000
4410,31,2502,273.972170239119,273.972170239119,1,2025-09-08 01:00:00.000
4411,31,2484,437.824438340929,437.824438340929,NULL,2025-09-08 01:00:00.000
4412,31,63,5,5,NULL,2025-09-08 01:00:00.000
4413,31,3039,81800,81800,NULL,2025-09-08 01:00:00.000
4414,31,354,80577.9172462595,80716.2896755751,1,2025-09-08 01:00:00.000
4415,31,3040,80716.2896755751,80716.2896755751,NULL,2025-09-08 01:00:00.000
4416,31,5084,103317.872263966,103317.872263966,0,2025-09-08 01:00:00.000
4417,31,2972,103091.878407185,103317.872263966,NULL,2025-09-08 01:00:00.000
4418,31,2983,0,0,0,2025-09-08 01:00:00.000
4419,31,2984,0,0,0,2025-09-08 01:00:00.000
4420,31,2915,2,2,NULL,2025-09-08 01:00:00.000
4421,31,782,276.052,262.903931119792,NULL,2025-09-08 01:00:00.000
4422,31,783,262903.931119792,262903.931119792,NULL,2025-09-08 01:00:00.000
4423,31,358,20,20,NULL,2025-09-08 01:00:00.000
4424,31,424,5961.35484892394,6191.92428935854,1,2025-09-08 01:00:00.000
4425,31,348,2254.34039795036,2388.76700113041,1,2025-09-08 01:00:00.000
4426,31,5099,3703.93531587483,3703.93531587483,NULL,2025-09-08 01:00:00.000
4427,31,5217,143.465646743774,143.465646743774,NULL,2025-09-08 01:00:00.000
4428,31,151,142.262190214793,142.262190214793,NULL,2025-09-08 01:00:00.000
4429,31,382,916093.449392361,916093.449392361,0,2025-09-08 01:00:00.000
4430,31,5243,916.093449392361,916.093449392361,NULL,2025-09-08 01:00:00.000
4431,31,381,300795.217317708,300795.217317708,0,2025-09-08 01:00:00.000
4432,31,5244,300.795217317708,300.795217317708,NULL,2025-09-08 01:00:00.000
4433,31,3484,100,100,NULL,2025-09-08 01:00:00.000
4434,31,419,47.3989323478931,50.7982941319929,1,2025-09-08 01:00:00.000
4435,31,4078,28.8294021649957,31.4581224995754,1,2025-09-08 01:00:00.000
4436,31,418,18.5729323478931,19.3442941319929,NULL,2025-09-08 01:00:00.000
4437,31,227,28.89,31.4535446166992,1,2025-09-08 01:00:00.000
4438,31,2508,223.598269011051,223.598269011051,NULL,2025-09-08 01:00:00.000
4439,31,2889,223.83979674126,223.83979674126,NULL,2025-09-08 01:00:00.000
4440,31,4053,28.826,31.454,1,2025-09-08 01:00:00.000
4441,31,420,-1.38709499836405,-1.42865025710321,NULL,2025-09-08 01:00:00.000
4442,31,417,46.0118373495291,49.3696438748897,1,2025-09-08 01:00:00.000
4443,31,2890,286.001038863468,286.001038863468,NULL,2025-09-08 01:00:00.000
4444,31,2821,32.7530287241963,32.7530287241963,NULL,2025-09-08 01:00:00.000
4445,31,2831,32.7530287241963,32.7530287241963,NULL,2025-09-08 01:00:00.000
4446,31,359,8,6,NULL,2025-09-08 01:00:00.000
4447,31,3397,10662.2338526227,10959.3786482404,1,2025-09-08 01:00:00.000
4448,31,3296,993.202898043382,993.202898043382,0,2025-09-08 01:00:00.000
4449,31,404,120.468,121.230934561623,1,2025-09-08 01:00:00.000
4450,31,2500,36.6226900008702,36.6226900008702,NULL,2025-09-08 01:00:00.000
4451,31,1041,433.6848,436.431364421844,1,2025-09-08 01:00:00.000
4452,31,4081,60.058,60.8209345616234,1,2025-09-08 01:00:00.000
4453,31,403,110,110,NULL,2025-09-08 01:00:00.000
4454,31,336,10468,11230.9345616234,1,2025-09-08 01:00:00.000
4455,31,269,10.468,11.2309345616234,NULL,2025-09-08 01:00:00.000
4456,31,224,326.922190214793,324.641381134678,NULL,2025-09-08 01:00:00.000
4457,31,4156,46.0530356863803,46.0530356863803,0,2025-09-08 01:00:00.000
4458,31,5273,142.587566970743,142.587566970743,NULL,2025-09-08 01:00:00.000
4459,31,4268,46.0530356863803,46.0530356863803,0,2025-09-08 01:00:00.000
4460,31,4159,45.6949740167736,45.6949740167736,0,2025-09-08 01:00:00.000
4461,31,5276,141.478950751774,141.478950751774,NULL,2025-09-08 01:00:00.000
4462,31,4291,45.6949740167736,45.6949740167736,0,2025-09-08 01:00:00.000
4463,31,4161,56.7174450235566,56.7174450235566,0,2025-09-08 01:00:00.000
4464,31,5278,175.606284584135,175.606284584135,NULL,2025-09-08 01:00:00.000
4465,31,4309,56.7174450235566,56.7174450235566,0,2025-09-08 01:00:00.000
4466,31,4154,58.3599422434436,58.3599422434436,0,2025-09-08 01:00:00.000
4467,31,5271,165.84136386739,165.84136386739,NULL,2025-09-08 01:00:00.000
4468,31,4251,57.5338822453552,57.5338822453552,0,2025-09-08 01:00:00.000
4469,31,4157,58.4406409932921,58.4406409932921,0,2025-09-08 01:00:00.000
4470,31,5274,167.223161715101,167.223161715101,NULL,2025-09-08 01:00:00.000
4471,31,4274,58.013257190201,58.013257190201,0,2025-09-08 01:00:00.000
4472,31,4160,34.753175510157,34.753175510157,0,2025-09-08 01:00:00.000
4473,31,5277,99.4421202910644,99.4421202910644,NULL,2025-09-08 01:00:00.000
4474,31,4297,34.4985780726539,34.4985780726539,0,2025-09-08 01:00:00.000
4475,31,4155,12.0360314931932,12.0360314931932,0,2025-09-08 01:00:00.000
4476,31,5272,30.7321331513348,30.7321331513348,NULL,2025-09-08 01:00:00.000
4477,31,4255,10.6616280079035,10.6616280079035,0,2025-09-08 01:00:00.000
4478,31,4158,9.61198428145663,9.61198428145663,0,2025-09-08 01:00:00.000
4479,31,5275,23.5946051488905,23.5946051488905,NULL,2025-09-08 01:00:00.000
4480,31,4278,8.18546834520363,8.18546834520363,0,2025-09-08 01:00:00.000
4481,31,281,12,14,NULL,2025-09-08 01:00:00.000
4482,31,347,0.165925235366227,0.165925235366227,0,2025-09-08 01:00:00.000
4483,31,5119,20.3565842057157,20.3565842057157,NULL,2025-09-08 01:00:00.000
4484,31,5120,27.0097236877763,27.0097236877763,NULL,2025-09-08 01:00:00.000
4485,31,5118,10.40200984478,10.40200984478,NULL,2025-09-08 01:00:00.000
4486,31,4118,4.5341641143428,4.5341641143428,0,2025-09-08 01:00:00.000
4487,31,4261,4.46254269581371,4.46254269581371,0,2025-09-08 01:00:00.000
4488,31,4134,6.00151652212496,6.00151652212496,0,2025-09-08 01:00:00.000
4489,31,4284,6.0045238606135,6.0045238606135,0,2025-09-08 01:00:00.000
4490,31,4145,4.00022805394113,4.00022805394113,0,2025-09-08 01:00:00.000
4491,31,4300,3.99725548124976,3.99725548124976,0,2025-09-08 01:00:00.000
4492,31,4119,4.02468173540963,4.02468173540963,0,2025-09-08 01:00:00.000
4493,31,4262,3.97768257989707,3.97768257989707,0,2025-09-08 01:00:00.000
4494,31,4135,5.00057714763173,5.00057714763173,0,2025-09-08 01:00:00.000
4495,31,4285,5.0034436150723,5.0034436150723,0,2025-09-08 01:00:00.000
4496,31,4146,3.49996425825256,3.49996425825256,0,2025-09-08 01:00:00.000
4497,31,4301,3.49693958722883,3.49693958722883,0,2025-09-08 01:00:00.000
4498,31,4120,4.04679412391451,4.04679412391451,0,2025-09-08 01:00:00.000
4499,31,4263,3.96393251366085,3.96393251366085,0,2025-09-08 01:00:00.000
4500,31,4136,5.00043405215497,5.00043405215497,0,2025-09-08 01:00:00.000
4501,31,4286,5.00177455928591,5.00177455928591,0,2025-09-08 01:00:00.000
4502,31,4147,0.144635906216706,0.144635906216706,0,2025-09-08 01:00:00.000
4503,31,4302,0.157668879044553,0.157668879044553,0,2025-09-08 01:00:00.000
4504,31,4121,4.03424205093914,4.03424205093914,0,2025-09-08 01:00:00.000
4505,31,4264,3.97792290952471,3.97792290952471,0,2025-09-08 01:00:00.000
4506,31,4137,5.00044229530129,5.00044229530129,0,2025-09-08 01:00:00.000
4507,31,4287,4.99912408654061,4.99912408654061,0,2025-09-08 01:00:00.000
4508,31,4148,2.7499259476199,2.7499259476199,0,2025-09-08 01:00:00.000
4509,31,4303,2.74896332432826,2.74896332432826,0,2025-09-08 01:00:00.000
4510,31,4122,4.03350133309099,4.03350133309099,0,2025-09-08 01:00:00.000
4511,31,4265,3.97450350681941,3.97450350681941,0,2025-09-08 01:00:00.000
4512,31,4138,6.00007615931001,6.00007615931001,0,2025-09-08 01:00:00.000
4513,31,4288,6.00085756626394,6.00085756626394,0,2025-09-08 01:00:00.000
4514,31,4149,-1.11822842082354,-1.11822842082354,0,2025-09-08 01:00:00.000
4515,31,4304,0,0,0,2025-09-08 01:00:00.000
4516,31,4150,-1.05987321867504,-1.05987321867504,0,2025-09-08 01:00:00.000
4517,31,4305,0,0,0,2025-09-08 01:00:00.000
4518,31,4151,-1.73259645694522,-1.73259645694522,0,2025-09-08 01:00:00.000
4519,31,4306,0,0,0,2025-09-08 01:00:00.000
4520,31,2444,0.1,0.1,NULL,2025-09-08 01:00:00.000
4521,31,4799,178.563881476402,178.563881476402,NULL,2025-09-08 01:00:00.000
4522,31,4796,429.308710742209,429.308710742209,NULL,2025-09-08 01:00:00.000
4523,31,344,12,14,NULL,2025-09-08 01:00:00.000
4524,31,2736,203.073926194566,203.073926194566,NULL,2025-09-08 01:00:00.000
4525,31,2726,0.209330720032345,0.209330720032345,NULL,2025-09-08 01:00:00.000
4526,31,2737,201.950460809792,201.950460809792,NULL,2025-09-08 01:00:00.000
4527,31,2738,213.658696325755,213.658696325755,NULL,2025-09-08 01:00:00.000
4528,31,2739,987.021563917558,987.021563917558,NULL,2025-09-08 01:00:00.000
4529,31,4790,3041.0093234073,3041.0093234073,NULL,2025-09-08 01:00:00.000
4530,31,4791,6.43776457498977,6.43776457498977,NULL,2025-09-08 01:00:00.000
4531,31,4793,3108.95240963691,3108.95240963691,NULL,2025-09-08 01:00:00.000
4532,31,4792,6.21697815150225,6.21697815150225,NULL,2025-09-08 01:00:00.000
4533,31,2448,62,62,NULL,2025-09-08 01:00:00.000
4534,31,5098,1532.40847611616,1532.40847611616,NULL,2025-09-08 01:00:00.000
4535,31,769,0,0,NULL,2025-09-08 01:00:00.000
4536,31,5124,9.80000019073486,9.80000019073486,NULL,2025-09-08 01:00:00.000
4537,31,5125,9.80000019073486,9.80000019073486,NULL,2025-09-08 01:00:00.000
4538,31,5126,9.69999980926514,9.69999980926514,NULL,2025-09-08 01:00:00.000
4539,31,5127,9.60000038146973,9.60000038146973,NULL,2025-09-08 01:00:00.000
4540,31,5128,9.69999980926514,9.69999980926514,NULL,2025-09-08 01:00:00.000
4541,31,2430,0,0.0532894721804767,NULL,2025-09-08 01:00:00.000
4542,31,1100,72.4316874027792,78.2133513224284,NULL,2025-09-08 01:00:00.000
4543,31,1101,1953.64889868252,1953.64889868252,NULL,2025-09-08 01:00:00.000
4544,31,1112,459.048803424666,459.048803424666,NULL,2025-09-08 01:00:00.000
4545,31,1113,259.842800219629,259.842800219629,NULL,2025-09-08 01:00:00.000
4546,31,1110,457.824438340929,457.824438340929,NULL,2025-09-08 01:00:00.000
4547,31,1111,1460.40283430372,1460.40283430372,NULL,2025-09-08 01:00:00.000
4548,31,449,64.5297978786186,64.5297978786186,NULL,2025-09-08 01:00:00.000
4549,31,450,43.7963939025314,43.7963939025314,NULL,2025-09-08 01:00:00.000
4550,31,436,62.0648571326644,62.0648571326644,NULL,2025-09-08 01:00:00.000
4551,31,5136,6845.56226288218,6845.56226288218,NULL,2025-09-08 01:00:00.000
4552,31,2427,133.451,455.152851052007,NULL,2025-09-08 01:00:00.000
4553,31,2426,50,45.1052374916404,NULL,2025-09-08 01:00:00.000
4554,31,2425,83.451,410.047613560367,NULL,2025-09-08 01:00:00.000
4555,31,1102,266.306726458043,266.306726458043,NULL,2025-09-08 01:00:00.000
4556,31,1103,730.002246760649,730.002246760649,NULL,2025-09-08 01:00:00.000
4557,31,1104,241.145922378929,241.145922378929,NULL,2025-09-08 01:00:00.000
4558,31,1105,73.6142652924783,73.6142652924783,NULL,2025-09-08 01:00:00.000
4559,31,1108,162.810262544651,162.810262544651,NULL,2025-09-08 01:00:00.000
4560,31,1109,484.222102932183,484.222102932183,NULL,2025-09-08 01:00:00.000
4561,31,1106,455.152851052007,455.152851052007,NULL,2025-09-08 01:00:00.000
4562,31,1107,1464.30840615347,1464.30840615347,NULL,2025-09-08 01:00:00.000
4563,31,451,9.13797254301442,9.13797254301442,NULL,2025-09-08 01:00:00.000
4564,31,5140,2.50069418553198,2.50069418553198,NULL,2025-09-08 01:00:00.000
4565,31,5141,0.488845203792768,0.488845203792768,NULL,2025-09-08 01:00:00.000
4566,31,5142,0,0,NULL,2025-09-08 01:00:00.000
4567,31,5143,0,0,NULL,2025-09-08 01:00:00.000
4568,31,395,1,1,NULL,2025-09-08 01:00:00.000
4569,31,402,45,45,NULL,2025-09-08 01:00:00.000
4570,31,4094,2160.108,2160.108,0,2025-09-08 01:00:00.000
4571,31,2483,1,1,NULL,2025-09-08 01:00:00.000
4572,31,857,455.152851052007,455.152851052007,NULL,2025-09-08 01:00:00.000
4573,31,890,513.817116505341,513.817116505341,NULL,2025-09-08 01:00:00.000
4574,31,858,0.5,0.5,NULL,2025-09-08 01:00:00.000
4575,31,916,1.44124955065742,1.44124955065742,NULL,2025-09-08 01:00:00.000
4576,31,3074,1,1,NULL,2025-09-08 01:00:00.000
4577,31,3075,1,1,NULL,2025-09-08 01:00:00.000
4578,31,2420,757.939338237996,767.921859182581,NULL,2025-09-08 01:00:00.000
4579,31,2476,190.609756258206,206.968223939127,NULL,2025-09-08 01:00:00.000
4580,31,2475,1969.05495908328,2219.99725562094,NULL,2025-09-08 01:00:00.000
4581,31,2432,0,15.6976764945446,NULL,2025-09-08 01:00:00.000
4582,31,4059,8,5.32590707739194,1,2025-09-08 01:00:00.000
4583,31,1046,0,0.165925235366227,NULL,2025-09-08 01:00:00.000
4584,31,2760,20,20,NULL,2025-09-08 01:00:00.000
4585,31,91,0.0994284834975944,0.0994284834975944,NULL,2025-09-08 01:00:00.000
4586,31,4087,0,0,0,2025-09-08 01:00:00.000
4587,31,92,1933.56295895047,1933.56295895047,0,2025-09-08 01:00:00.000
4588,31,4237,0,0,0,2025-09-08 01:00:00.000
4589,31,5245,1.93356295895047,1.93356295895047,NULL,2025-09-08 01:00:00.000
4590,31,260,0,0,0,2025-09-08 01:00:00.000
4591,31,2515,0,0,NULL,2025-09-08 01:00:00.000
4592,31,3084,1.53464502192797,1.53464502192797,NULL,2025-09-08 01:00:00.000
4593,31,2595,0,0,NULL,2025-09-08 01:00:00.000
4594,31,2592,1.53464502192797,1.53464502192797,NULL,2025-09-08 01:00:00.000
4595,31,238,0,0,NULL,2025-09-08 01:00:00.000
4596,31,93,0.629585425572263,0.629585425572263,NULL,2025-09-08 01:00:00.000
4597,31,89,281874.102560764,281874.102560764,0,2025-09-08 01:00:00.000
4598,31,4233,281.874102560764,281.874102560764,0,2025-09-08 01:00:00.000
4599,31,5246,281.874102560764,281.874102560764,NULL,2025-09-08 01:00:00.000
4600,31,236,1,1,NULL,2025-09-08 01:00:00.000
4601,31,191,30.944,30.944419913737,1,2025-09-08 01:00:00.000
4602,31,2516,0.00306096573241633,0.00306096573241633,NULL,2025-09-08 01:00:00.000
4603,31,3085,30.944419913737,30.944419913737,NULL,2025-09-08 01:00:00.000
4604,31,903,9.5115759130947,9.5115759130947,NULL,2025-09-08 01:00:00.000
4605,31,2596,1.04977512297825,1.04977512297825,NULL,2025-09-08 01:00:00.000
4606,31,4234,30.944419913737,30.944419913737,0,2025-09-08 01:00:00.000
4607,31,41,30944.419913737,30944.419913737,NULL,2025-09-08 01:00:00.000
4608,31,2593,29.8946447907587,29.8946447907587,NULL,2025-09-08 01:00:00.000
4609,31,90,299562.395486111,299562.395486111,0,2025-09-08 01:00:00.000
4610,31,4235,299.562395486111,299.562395486111,0,2025-09-08 01:00:00.000
4611,31,5247,299.562395486111,299.562395486111,NULL,2025-09-08 01:00:00.000
4612,31,237,1,1,NULL,2025-09-08 01:00:00.000
4613,31,192,32.093,32.0926190646701,0,2025-09-08 01:00:00.000
4614,31,2517,-0.00277683221170289,-0.00277683221170289,NULL,2025-09-08 01:00:00.000
4615,31,3086,32.0926190646701,32.0926190646701,NULL,2025-09-08 01:00:00.000
4616,31,904,9.86450491993653,9.86450491993653,NULL,2025-09-08 01:00:00.000
4617,31,2597,2.19797427391141,2.19797427391141,NULL,2025-09-08 01:00:00.000
4618,31,4236,32.0926190646701,32.0926190646701,0,2025-09-08 01:00:00.000
4619,31,42,32092.6190646701,32092.6190646701,NULL,2025-09-08 01:00:00.000
4620,31,2594,29.8946447907587,29.8946447907587,NULL,2025-09-08 01:00:00.000
4621,31,277,2,2,NULL,2025-09-08 01:00:00.000
4622,31,77,440.520538,434.164085111618,NULL,2025-09-08 01:00:00.000
4623,31,1138,0,0,NULL,2025-09-08 01:00:00.000
4624,31,631,0,0,NULL,2025-09-08 01:00:00.000
4625,31,697,1.88168686368474,1.88168686368474,NULL,2025-09-08 01:00:00.000
4626,31,4065,1,1,NULL,2025-09-08 01:00:00.000
4627,31,4066,1,1,NULL,2025-09-08 01:00:00.000
4628,31,2982,-8.46708710764672,-8.46708710764672,0,2025-09-08 01:00:00.000
4629,31,2880,-8.46708710764672,-8.46708710764672,NULL,2025-09-08 01:00:00.000
4630,31,1139,2,2,NULL,2025-09-08 01:00:00.000
4631,31,78,40,44.2408175567786,NULL,2025-09-08 01:00:00.000
4632,31,357,484.27948693772,478.404902668397,0,2025-09-08 01:00:00.000
4633,31,204,326,326,NULL,2025-09-08 01:00:00.000
4634,31,1040,8.3,8.3,NULL,2025-09-08 01:00:00.000
4635,31,213,815.332723944089,815.332723944089,NULL,2025-09-08 01:00:00.000
4636,31,1208,101.891057011101,101.891057011101,NULL,2025-09-08 01:00:00.000
4637,31,2,493.6578057809,493.6578057809,NULL,2025-09-08 01:00:00.000
4638,31,123,0,0,NULL,2025-09-08 01:00:00.000
4639,31,124,10,10,NULL,2025-09-08 01:00:00.000
4640,31,308,0,0,0,2025-09-08 01:00:00.000
4641,31,306,0,0,0,2025-09-08 01:00:00.000
4642,31,1038,3.2,3.2,NULL,2025-09-08 01:00:00.000
4643,31,1012,0,0,NULL,2025-09-08 01:00:00.000
4644,31,309,13.24,13.24,0,2025-09-08 01:00:00.000
4645,31,307,13.24,13.24,0,2025-09-08 01:00:00.000
4646,31,1039,3.2,3.2,NULL,2025-09-08 01:00:00.000
4647,31,1013,42.2339480090892,42.2339480090892,NULL,2025-09-08 01:00:00.000
4648,31,176,4000,4000,NULL,2025-09-08 01:00:00.000
4649,31,5115,23.057032585144,23.057032585144,0,2025-09-08 01:00:00.000
4650,31,5116,22.220550874869,22.220550874869,0,2025-09-08 01:00:00.000
4651,31,5117,17.9912965893745,17.9912965893745,0,2025-09-08 01:00:00.000
4652,31,3348,1,0,NULL,2025-09-08 01:00:00.000
4653,31,4797,0.965704489358736,0.965704489358736,NULL,2025-09-08 01:00:00.000
10315,108,22,0,0,NULL,2026-01-20 00:00:00.000
10316,108,23,90.1664776324072,90.1082491556803,NULL,2026-01-20 00:00:00.000
10317,108,177,179.617434064611,179.59037211948,NULL,2026-01-20 00:00:00.000
10318,108,199,6,5.42504864639706,0,2026-01-20 00:00:00.000
10319,108,426,100,100,NULL,2026-01-20 00:00:00.000
10320,108,1213,44.11,44.1148643174913,NULL,2026-01-20 00:00:00.000
10321,108,2917,19915.0152752772,19915.0152752772,0,2026-01-20 00:00:00.000
10322,108,2920,1800,1800,NULL,2026-01-20 00:00:00.000
10323,108,155,0,14.7021207889915,NULL,2026-01-20 00:00:00.000
10324,108,156,22596.7443227539,22596.7443227539,0,2026-01-20 00:00:00.000
10325,108,153,37582.2971057943,37582.2971057943,0,2026-01-20 00:00:00.000
10326,108,154,3705.34473307292,3705.34473307292,0,2026-01-20 00:00:00.000
10327,108,152,1788.04464424981,1788.04464424981,NULL,2026-01-20 00:00:00.000
10328,108,5289,0,0,NULL,2026-01-20 00:00:00.000
10329,108,220,1.96,1.95733333333333,NULL,2026-01-20 00:00:00.000
10330,108,2645,0,0,NULL,2026-01-20 00:00:00.000
10331,108,221,0.06,0.0579113109171059,NULL,2026-01-20 00:00:00.000
10332,108,2646,88.27,88.2739450501071,NULL,2026-01-20 00:00:00.000
10333,108,222,48.77,48.7661124547323,NULL,2026-01-20 00:00:00.000
10334,108,2647,89.67,89.6736907164256,NULL,2026-01-20 00:00:00.000
10335,108,223,72.76,72.7617147784763,NULL,2026-01-20 00:00:00.000
10336,108,12,0,0,0,2026-01-20 00:00:00.000
10337,108,19,0,0,0,2026-01-20 00:00:00.000
10338,108,15,0,0,0,2026-01-20 00:00:00.000
10339,108,13,0,0,0,2026-01-20 00:00:00.000
10340,108,20,63.9904825262164,63.950085082584,0,2026-01-20 00:00:00.000
10341,108,16,73.0793804364169,104.507072050307,1,2026-01-20 00:00:00.000
10342,108,14,0,0,0,2026-01-20 00:00:00.000
10343,108,21,42.2867036610407,42.2977834002177,1,2026-01-20 00:00:00.000
10344,108,17,55.8495833378283,55.8826910824246,1,2026-01-20 00:00:00.000
10345,108,2490,0.000181249352465329,0,0,2026-01-20 00:00:00.000
10346,108,18,61.1724146403791,61.1724394332038,1,2026-01-20 00:00:00.000
10347,108,374,11.4033688638744,11.4036913071738,1,2026-01-20 00:00:00.000
10348,108,411,3.45113347225719,3.45113347225719,0,2026-01-20 00:00:00.000
10349,108,219,2.04,2.04,NULL,2026-01-20 00:00:00.000
10350,108,5288,0,0,NULL,2026-01-20 00:00:00.000
10351,108,1212,22.43,22.4334005631341,NULL,2026-01-20 00:00:00.000
10352,108,2638,1,0.811506098475721,NULL,2026-01-20 00:00:00.000
10353,108,218,13.33,13.334,NULL,2026-01-20 00:00:00.000
10354,108,353,16.6050827405188,25.7341626285356,1,2026-01-20 00:00:00.000
10355,108,1190,484.18,484.184769871294,NULL,2026-01-20 00:00:00.000
10356,108,226,535.855249194205,535.860046846337,1,2026-01-20 00:00:00.000
10357,108,4266,0.326172141154294,0.326172141154294,0,2026-01-20 00:00:00.000
10358,108,4289,1.20000628302826,1.20000628302826,0,2026-01-20 00:00:00.000
10359,108,4307,1.20021759227682,1.20021759227682,0,2026-01-20 00:00:00.000
10360,108,157,0,0.0138829879698508,1,2026-01-20 00:00:00.000
10361,108,158,0,7.73903286954753,1,2026-01-20 00:00:00.000
10362,108,159,0,0.0154586728377319,1,2026-01-20 00:00:00.000
10363,108,160,16.6050827405188,8.96542253209093,0,2026-01-20 00:00:00.000
10364,108,5175,1,1,NULL,2026-01-20 00:00:00.000
10365,108,5172,0.0579113109171059,0.0579113109171059,NULL,2026-01-20 00:00:00.000
10366,108,5268,0,0,NULL,2026-01-20 00:00:00.000
10367,108,5176,0.882739450501071,0.882739450501071,NULL,2026-01-20 00:00:00.000
10368,108,5173,48.7661124547323,48.7661124547323,NULL,2026-01-20 00:00:00.000
10369,108,5261,247.602163838704,247.602163838704,NULL,2026-01-20 00:00:00.000
10370,108,5177,0.896736907164256,0.896736907164256,NULL,2026-01-20 00:00:00.000
10371,108,5174,72.7617147784763,72.7617147784763,NULL,2026-01-20 00:00:00.000
10372,108,5157,14.7299747320624,14.7299747320624,NULL,2026-01-20 00:00:00.000
10373,108,5171,484.184769871294,484.184769871294,NULL,2026-01-20 00:00:00.000
10374,108,5194,-4.23567343046835,-4.23567343046835,NULL,2026-01-20 00:00:00.000
10375,108,3393,3.78381418228149,3.78381418228149,0,2026-01-20 00:00:00.000
10376,108,161,0,0,0,2026-01-20 00:00:00.000
10377,108,4241,0,0,0,2026-01-20 00:00:00.000
10378,108,3104,3.64541077613831,3.64541077613831,0,2026-01-20 00:00:00.000
10379,108,205,15.435,15.435,NULL,2026-01-20 00:00:00.000
10380,108,2790,0,0,0,2026-01-20 00:00:00.000
10381,108,3299,0,0,NULL,2026-01-20 00:00:00.000
10382,108,162,0,12.5882803176811,1,2026-01-20 00:00:00.000
10383,108,4245,12.5882803176811,12.5882803176811,0,2026-01-20 00:00:00.000
10384,108,3105,9735.7156362576,9735.7156362576,0,2026-01-20 00:00:00.000
10385,108,206,15.435,15.435,NULL,2026-01-20 00:00:00.000
10386,108,2791,0,4.84924744813354,1,2026-01-20 00:00:00.000
10387,108,3300,14.9718540688408,14.9718540688408,NULL,2026-01-20 00:00:00.000
10388,108,163,0,0,0,2026-01-20 00:00:00.000
10389,108,4246,0,0,0,2026-01-20 00:00:00.000
10390,108,3106,2.47859103472646,2.47859103472646,0,2026-01-20 00:00:00.000
10391,108,5633,11.89,11.89,NULL,2026-01-20 00:00:00.000
10392,108,207,11.27,11.27,NULL,2026-01-20 00:00:00.000
10393,108,2792,0,0,0,2026-01-20 00:00:00.000
10394,108,3301,0,0,NULL,2026-01-20 00:00:00.000
10395,108,164,16.605,13.1458823108546,0,2026-01-20 00:00:00.000
10396,108,4243,13.1652632749081,13.1652632749081,0,2026-01-20 00:00:00.000
10397,108,3107,10166.9623440484,10166.9623440484,0,2026-01-20 00:00:00.000
10398,108,208,11.27,11.27,NULL,2026-01-20 00:00:00.000
10399,108,2854,0,8.28653364172188,NULL,2026-01-20 00:00:00.000
10400,108,2858,0,25.3985728870589,NULL,2026-01-20 00:00:00.000
10401,108,2793,0,4.18045977876364,1,2026-01-20 00:00:00.000
10402,108,3302,12.9069993679943,12.9069993679943,NULL,2026-01-20 00:00:00.000
10403,108,279,1,2,NULL,2026-01-20 00:00:00.000
10404,108,5632,17.309,17.309,NULL,2026-01-20 00:00:00.000
10405,108,265,0,1.28490695196638,1,2026-01-20 00:00:00.000
10406,108,2520,61.6786174710712,61.6786174710712,NULL,2026-01-20 00:00:00.000
10407,108,5616,0.0470911487169067,0.0470911487169067,NULL,2026-01-20 00:00:00.000
10408,108,2844,1.28490695196638,1.28490695196638,NULL,2026-01-20 00:00:00.000
10409,108,248,0,1,NULL,2026-01-20 00:00:00.000
10410,108,266,0,0,0,2026-01-20 00:00:00.000
10411,108,2521,0,0,NULL,2026-01-20 00:00:00.000
10412,108,5617,0,0,NULL,2026-01-20 00:00:00.000
10413,108,2843,0,0,NULL,2026-01-20 00:00:00.000
10414,108,249,0,0,NULL,2026-01-20 00:00:00.000
10415,108,1142,0,1,NULL,2026-01-20 00:00:00.000
10416,108,246,0,0,NULL,2026-01-20 00:00:00.000
10417,108,193,0,0,0,2026-01-20 00:00:00.000
10418,108,2518,0,0,NULL,2026-01-20 00:00:00.000
10419,108,5625,0,0,NULL,2026-01-20 00:00:00.000
10420,108,908,0,0,NULL,2026-01-20 00:00:00.000
10421,108,4242,0,0,0,2026-01-20 00:00:00.000
10422,108,2841,0,0,NULL,2026-01-20 00:00:00.000
10423,108,46,19.5690307617188,19.5690307617188,NULL,2026-01-20 00:00:00.000
10424,108,247,1,1,NULL,2026-01-20 00:00:00.000
10425,108,194,30.492,26.057850519789,0,2026-01-20 00:00:00.000
10426,108,2519,-13.5908539848579,-13.5908539848579,NULL,2026-01-20 00:00:00.000
10427,108,5626,0.35087498203216,0.35087498203216,NULL,2026-01-20 00:00:00.000
10428,108,909,7.7755380005695,7.7755380005695,NULL,2026-01-20 00:00:00.000
10429,108,4244,26.057850519789,26.057850519789,0,2026-01-20 00:00:00.000
10430,108,2842,26.057850519789,26.057850519789,NULL,2026-01-20 00:00:00.000
10431,108,47,26057.850519789,26057.850519789,NULL,2026-01-20 00:00:00.000
10432,108,1143,1,1,NULL,2026-01-20 00:00:00.000
10433,108,5169,1.01279763473293,1.01279763473293,NULL,2026-01-20 00:00:00.000
10434,108,5170,3.12697146323702,3.12697146323702,NULL,2026-01-20 00:00:00.000
10435,108,5087,10.2750827405188,10.2750827405188,NULL,2026-01-20 00:00:00.000
10436,108,2971,1.25258540977622,3.08745928702884,1,2026-01-20 00:00:00.000
10437,108,2419,55.6382950168651,65.4089223641139,NULL,2026-01-20 00:00:00.000
10438,108,2454,86.4345013035668,86.4345013035668,NULL,2026-01-20 00:00:00.000
10439,108,3413,23.1888187422724,23.1888187422724,NULL,2026-01-20 00:00:00.000
10440,108,3415,100.21507198143,100.21507198143,NULL,2026-01-20 00:00:00.000
10441,108,4787,112,112,NULL,2026-01-20 00:00:00.000
10442,108,257,0,0,0,2026-01-20 00:00:00.000
10443,108,2509,0,0,NULL,2026-01-20 00:00:00.000
10444,108,5609,0,0,NULL,2026-01-20 00:00:00.000
10445,108,4230,0,0,0,2026-01-20 00:00:00.000
10446,108,230,0,0,NULL,2026-01-20 00:00:00.000
10447,108,231,1,1,NULL,2026-01-20 00:00:00.000
10448,108,183,14.962,15.2713667198893,1,2026-01-20 00:00:00.000
10449,108,2512,2.25523223361867,2.25523223361867,NULL,2026-01-20 00:00:00.000
10450,108,5620,0.00116914177854447,0.00116914177854447,NULL,2026-01-20 00:00:00.000
10451,108,900,4.55690280980603,4.55690280980603,NULL,2026-01-20 00:00:00.000
10452,108,4227,15.2757965791225,15.2757965791225,0,2026-01-20 00:00:00.000
10453,108,38,15271.3667198893,15271.3667198893,NULL,2026-01-20 00:00:00.000
10454,108,232,1,1,NULL,2026-01-20 00:00:00.000
10455,108,184,17.54,17.8497225363498,1,2026-01-20 00:00:00.000
10456,108,2513,2.25782607678082,2.25782607678082,NULL,2026-01-20 00:00:00.000
10457,108,5621,0.00154302370807871,0.00154302370807871,NULL,2026-01-20 00:00:00.000
10458,108,901,5.32627185713605,5.32627185713605,NULL,2026-01-20 00:00:00.000
10459,108,4228,17.8514282083511,17.8514282083511,0,2026-01-20 00:00:00.000
10460,108,39,17849.7225363498,17849.7225363498,NULL,2026-01-20 00:00:00.000
10461,108,5664,6.52148754087201,6.52148754087201,NULL,2026-01-20 00:00:00.000
10462,108,852,1.35352508959387,1.39781372406713,NULL,2026-01-20 00:00:00.000
10463,108,258,0,0,0,2026-01-20 00:00:00.000
10464,108,2510,0,0,NULL,2026-01-20 00:00:00.000
10465,108,5610,0,0,NULL,2026-01-20 00:00:00.000
10466,108,4231,0,0,0,2026-01-20 00:00:00.000
10467,108,233,0,0,NULL,2026-01-20 00:00:00.000
10468,108,276,3,3,NULL,2026-01-20 00:00:00.000
10469,108,234,1,1,NULL,2026-01-20 00:00:00.000
10470,108,185,14.751,15.0607805308024,1,2026-01-20 00:00:00.000
10471,108,2514,2.25824884675066,2.25824884675066,NULL,2026-01-20 00:00:00.000
10472,108,5622,0.00091740424025839,0.00091740424025839,NULL,2026-01-20 00:00:00.000
10473,108,902,4.49406489789166,4.49406489789166,NULL,2026-01-20 00:00:00.000
10474,108,4229,15.0671850347519,15.0671850347519,0,2026-01-20 00:00:00.000
10475,108,40,15060.7805308024,15060.7805308024,NULL,2026-01-20 00:00:00.000
10476,108,217,110.521221039078,110.521221039078,NULL,2026-01-20 00:00:00.000
10477,108,259,0,0,0,2026-01-20 00:00:00.000
10478,108,2511,0,0,NULL,2026-01-20 00:00:00.000
10479,108,5611,0,0,NULL,2026-01-20 00:00:00.000
10480,108,4232,0,0,0,2026-01-20 00:00:00.000
10481,108,235,0,0,NULL,2026-01-20 00:00:00.000
10482,108,356,689.545,749.531574579109,1,2026-01-20 00:00:00.000
10483,108,355,-97.3,-102.08792310954,NULL,2026-01-20 00:00:00.000
10484,108,1153,0,-5069.20267216764,NULL,2026-01-20 00:00:00.000
10485,108,1136,0,0,NULL,2026-01-20 00:00:00.000
10486,108,2819,108.948531065835,108.948531065835,NULL,2026-01-20 00:00:00.000
10487,108,2488,109,109,NULL,2026-01-20 00:00:00.000
10488,108,425,383.59696969697,442.563786095513,1,2026-01-20 00:00:00.000
10489,108,5299,4.55086953229096,4.55086953229096,NULL,2026-01-20 00:00:00.000
10490,108,2876,0,0,NULL,2026-01-20 00:00:00.000
10491,108,2877,0,0,NULL,2026-01-20 00:00:00.000
10492,108,2878,0,0,NULL,2026-01-20 00:00:00.000
10493,108,288,24.865,22.5762802969952,0,2026-01-20 00:00:00.000
10494,108,289,24.865,22.8747813415609,0,2026-01-20 00:00:00.000
10495,108,2879,0,0,NULL,2026-01-20 00:00:00.000
10496,108,212,0,0,NULL,2026-01-20 00:00:00.000
10497,108,1137,3,3,NULL,2026-01-20 00:00:00.000
10498,108,5131,1.40139134612864,1.40139134612864,NULL,2026-01-20 00:00:00.000
10499,108,5132,1.36996641526326,1.36996641526326,NULL,2026-01-20 00:00:00.000
10500,108,5133,1.39918837721068,1.39918837721068,NULL,2026-01-20 00:00:00.000
10501,108,5134,1.35999174415873,1.35999174415873,NULL,2026-01-20 00:00:00.000
10502,108,5135,1.3327907824626,1.3327907824626,NULL,2026-01-20 00:00:00.000
10503,108,178,89.94,85.6213411786024,0,2026-01-20 00:00:00.000
10504,108,2503,-31.4823087095529,-31.4823087095529,0,2026-01-20 00:00:00.000
10505,108,885,274.731831245422,274.731831245422,0,2026-01-20 00:00:00.000
10506,108,4163,85.6213411786024,85.6213411786024,0,2026-01-20 00:00:00.000
10507,108,25,85621.3411786024,85621.3411786024,NULL,2026-01-20 00:00:00.000
10508,108,58,1,1,NULL,2026-01-20 00:00:00.000
10509,108,179,99.94,87.5917023648003,0,2026-01-20 00:00:00.000
10510,108,2504,-90.0170479461473,-90.0170479461473,0,2026-01-20 00:00:00.000
10511,108,886,281.092797609965,281.092797609965,0,2026-01-20 00:00:00.000
10512,108,4167,87.5917023648003,87.5917023648003,0,2026-01-20 00:00:00.000
10513,108,26,87591.7023648003,87591.7023648003,NULL,2026-01-20 00:00:00.000
10514,108,59,1,1,NULL,2026-01-20 00:00:00.000
10515,108,180,89.94,85.7698479394531,0,2026-01-20 00:00:00.000
10516,108,2505,-30.3997189788261,-30.3997189788261,0,2026-01-20 00:00:00.000
10517,108,887,275.205586628384,275.205586628384,0,2026-01-20 00:00:00.000
10518,108,4171,85.7698479394531,85.7698479394531,0,2026-01-20 00:00:00.000
10519,108,27,85769.8479394531,85769.8479394531,NULL,2026-01-20 00:00:00.000
10520,108,60,1,1,NULL,2026-01-20 00:00:00.000
10521,108,181,99.94,88.2466409278429,0,2026-01-20 00:00:00.000
10522,108,2506,-85.2426541169019,-85.2426541169019,0,2026-01-20 00:00:00.000
10523,108,888,283.191796726651,283.191796726651,0,2026-01-20 00:00:00.000
10524,108,4175,88.2466409278429,88.2466409278429,0,2026-01-20 00:00:00.000
10525,108,28,88246.6409278429,88246.6409278429,NULL,2026-01-20 00:00:00.000
10526,108,61,1,1,NULL,2026-01-20 00:00:00.000
10527,108,182,0,90.0215161901042,1,2026-01-20 00:00:00.000
10528,108,2507,656.241967797244,656.241967797244,1,2026-01-20 00:00:00.000
10529,108,889,288.965965554979,288.965965554979,1,2026-01-20 00:00:00.000
10530,108,4179,90.0215161901042,90.0215161901042,0,2026-01-20 00:00:00.000
10531,108,29,90021.5161901042,90021.5161901042,NULL,2026-01-20 00:00:00.000
10532,108,62,0,1,NULL,2026-01-20 00:00:00.000
10533,108,3005,2.78377102229661,2.78377102229661,0,2026-01-20 00:00:00.000
10534,108,4180,2.78377102229661,2.78377102229661,0,2026-01-20 00:00:00.000
10535,108,3577,93.7944447085487,93.7928944444739,1,2026-01-20 00:00:00.000
10536,108,1146,1199.89006571621,1199.89006571621,0,2026-01-20 00:00:00.000
10537,108,1176,2.33576190471649,2.33576190471649,NULL,2026-01-20 00:00:00.000
10538,108,5665,12.2909890081092,12.2909890081092,NULL,2026-01-20 00:00:00.000
10539,108,679,14.198310460304,14.198310460304,NULL,2026-01-20 00:00:00.000
10540,108,3044,80.1555316813787,80.1555316813787,1,2026-01-20 00:00:00.000
10541,108,4165,80.1530845419566,80.1530845419566,0,2026-01-20 00:00:00.000
10542,108,3001,2.8530821402967,2.8530821402967,0,2026-01-20 00:00:00.000
10543,108,4164,2.8530821402967,2.8530821402967,0,2026-01-20 00:00:00.000
10544,108,3412,8.40414136709107,8.40414136709107,NULL,2026-01-20 00:00:00.000
10545,108,5110,10.5217444310321,10.5217444310321,NULL,2026-01-20 00:00:00.000
10546,108,5152,0,0,NULL,2026-01-20 00:00:00.000
10547,108,3366,151.279800664737,152.446378642026,1,2026-01-20 00:00:00.000
10548,108,4162,152.446378642026,152.446378642026,0,2026-01-20 00:00:00.000
10549,108,3693,93.8907476342146,93.873582046392,1,2026-01-20 00:00:00.000
10550,108,1147,1199.97690495512,1199.97690495512,0,2026-01-20 00:00:00.000
10551,108,1177,2.33576190471649,2.33576190471649,NULL,2026-01-20 00:00:00.000
10552,108,5666,13.2791219899334,13.2791219899334,NULL,2026-01-20 00:00:00.000
10553,108,3417,14.0983495309618,14.0983495309618,NULL,2026-01-20 00:00:00.000
10554,108,3045,86.5996286110702,86.5996286110702,1,2026-01-20 00:00:00.000
10555,108,4169,86.5925550312466,86.5925550312466,0,2026-01-20 00:00:00.000
10556,108,3002,2.7835121252752,2.7835121252752,0,2026-01-20 00:00:00.000
10557,108,4168,2.7835121252752,2.7835121252752,0,2026-01-20 00:00:00.000
10558,108,3416,7.97155532847746,7.97155532847746,NULL,2026-01-20 00:00:00.000
10559,108,5111,10.731399143815,10.731399143815,NULL,2026-01-20 00:00:00.000
10560,108,5153,0,0,NULL,2026-01-20 00:00:00.000
10561,108,3367,151.509073934275,151.509073934275,0,2026-01-20 00:00:00.000
10562,108,4166,151.509073934275,151.509073934275,0,2026-01-20 00:00:00.000
10563,108,3809,93.9517948307755,94.0015167300832,0,2026-01-20 00:00:00.000
10564,108,1148,1200.0817435201,1200.0817435201,0,2026-01-20 00:00:00.000
10565,108,1178,2.33576190471649,2.33576190471649,NULL,2026-01-20 00:00:00.000
10566,108,5667,9.501031510218,9.501031510218,NULL,2026-01-20 00:00:00.000
10567,108,3419,14.1904773133315,14.1904773133315,NULL,2026-01-20 00:00:00.000
10568,108,3046,61.9608586193191,61.9608586193191,1,2026-01-20 00:00:00.000
10569,108,4173,61.9574688318041,61.9574688318041,0,2026-01-20 00:00:00.000
10570,108,3003,2.85138445358475,2.85138445358475,0,2026-01-20 00:00:00.000
10571,108,4172,2.85138445358475,2.85138445358475,0,2026-01-20 00:00:00.000
10572,108,3418,7.58718112236356,7.58718112236356,NULL,2026-01-20 00:00:00.000
10573,108,5112,11.0033732882341,11.0033732882341,NULL,2026-01-20 00:00:00.000
10574,108,5154,0,0,NULL,2026-01-20 00:00:00.000
10575,108,3368,147.749704771815,147.749704771815,0,2026-01-20 00:00:00.000
10576,108,4170,147.749704771815,147.749704771815,0,2026-01-20 00:00:00.000
10577,108,1151,5.99149622124479,6.0004413678911,NULL,2026-01-20 00:00:00.000
10578,108,3925,94.0783821339844,94.2133501238226,0,2026-01-20 00:00:00.000
10579,108,1149,1200.14703111606,1200.14703111606,0,2026-01-20 00:00:00.000
10580,108,1179,2.33576190471649,2.33576190471649,NULL,2026-01-20 00:00:00.000
10581,108,5668,13.1378155621053,13.1378155621053,NULL,2026-01-20 00:00:00.000
10582,108,3421,10.5307135206246,10.5307135206246,NULL,2026-01-20 00:00:00.000
10583,108,3047,85.678100502544,85.678100502544,1,2026-01-20 00:00:00.000
10584,108,4177,85.6605131393009,85.6605131393009,0,2026-01-20 00:00:00.000
10585,108,3004,2.75780433411731,2.75780433411731,0,2026-01-20 00:00:00.000
10586,108,4176,2.75780433411731,2.75780433411731,0,2026-01-20 00:00:00.000
10587,108,3420,7.71525372718771,7.71525372718771,NULL,2026-01-20 00:00:00.000
10588,108,5113,10.0487778304418,10.0487778304418,NULL,2026-01-20 00:00:00.000
10589,108,5155,0,0,NULL,2026-01-20 00:00:00.000
10590,108,3369,147.263841976047,147.263841976047,0,2026-01-20 00:00:00.000
10591,108,4174,147.263841976047,147.263841976047,0,2026-01-20 00:00:00.000
10592,108,4041,92,94.0695324057189,0,2026-01-20 00:00:00.000
10593,108,1150,1199.79847001478,1199.79847001478,0,2026-01-20 00:00:00.000
10594,108,1180,2.33576190471649,2.33576190471649,NULL,2026-01-20 00:00:00.000
10595,108,5669,9.84003746867013,9.84003746867013,NULL,2026-01-20 00:00:00.000
10596,108,3423,34.8995826555667,34.8995826555667,NULL,2026-01-20 00:00:00.000
10597,108,3048,64.171681753646,64.171681753646,1,2026-01-20 00:00:00.000
10598,108,4181,64.1668376509349,64.1668376509349,0,2026-01-20 00:00:00.000
10599,108,3365,0.498416062547929,0.498416062547929,0,2026-01-20 00:00:00.000
10600,108,3422,21.7599804620271,21.7599804620271,NULL,2026-01-20 00:00:00.000
10601,108,5114,333.465216452705,333.465216452705,NULL,2026-01-20 00:00:00.000
10602,108,5156,10.2291669249535,10.2291669249535,NULL,2026-01-20 00:00:00.000
10603,108,3370,0,164.342061014347,1,2026-01-20 00:00:00.000
10604,108,4178,164.342061014347,164.342061014347,0,2026-01-20 00:00:00.000
10605,108,637,88.4143803516388,88.4143803516388,NULL,2026-01-20 00:00:00.000
10606,108,638,0.322012941345048,0.322012941345048,NULL,2026-01-20 00:00:00.000
10607,108,639,1.37723184248876,1.37723184248876,NULL,2026-01-20 00:00:00.000
10608,108,640,0.0558072403073311,0.0558072403073311,NULL,2026-01-20 00:00:00.000
10609,108,641,0.0389012572503858,0.0389012572503858,NULL,2026-01-20 00:00:00.000
10610,108,642,9.45696919257373,9.45696919257373,NULL,2026-01-20 00:00:00.000
10611,108,643,0.0781777128577232,0.0781777128577232,NULL,2026-01-20 00:00:00.000
10612,108,644,0.0254025067725322,0.0254025067725322,NULL,2026-01-20 00:00:00.000
10613,108,645,0.247582834191724,0.247582834191724,NULL,2026-01-20 00:00:00.000
10614,108,341,4,5,NULL,2026-01-20 00:00:00.000
10615,108,343,2.89675,2.87441807736953,0,2026-01-20 00:00:00.000
10616,108,4898,4475.03753420229,4475.03753420229,0,2026-01-20 00:00:00.000
10617,108,4901,3.10583090923727,3.10583090923727,0,2026-01-20 00:00:00.000
10618,108,4887,20.9477828390206,20.9477828390206,0,2026-01-20 00:00:00.000
10619,108,4896,74.8537901734246,74.8537901734246,0,2026-01-20 00:00:00.000
10620,108,4916,-58.4616361339092,-58.4616361339092,0,2026-01-20 00:00:00.000
10621,108,4895,69.0384429668144,69.0384429668144,0,2026-01-20 00:00:00.000
10622,108,4894,49.2545920734634,49.2545920734634,0,2026-01-20 00:00:00.000
10623,108,4256,-0.00364374930024501,-0.00364374930024501,0,2026-01-20 00:00:00.000
10624,108,4870,247.102967323727,247.102967323727,NULL,2026-01-20 00:00:00.000
10625,108,4871,429.606290239122,429.606290239122,NULL,2026-01-20 00:00:00.000
10626,108,4899,96.5314098213337,96.5314098213337,0,2026-01-20 00:00:00.000
10627,108,508,95.2444643617957,95.2444643617957,0,2026-01-20 00:00:00.000
10628,108,1035,302.17891134548,302.17891134548,NULL,2026-01-20 00:00:00.000
10629,108,4905,94.7577920065986,94.7577920065986,0,2026-01-20 00:00:00.000
10630,108,4904,43.5881521773338,43.5881521773338,0,2026-01-20 00:00:00.000
10631,108,4903,388.85051434237,388.85051434237,0,2026-01-20 00:00:00.000
10632,108,4979,0.765257991637855,0.765257991637855,0,2026-01-20 00:00:00.000
10633,108,4980,76.5257991637855,76.5257991637855,0,2026-01-20 00:00:00.000
10634,108,4910,3169.11334844519,3169.11334844519,0,2026-01-20 00:00:00.000
10635,108,4914,0.302686888430475,0.302686888430475,0,2026-01-20 00:00:00.000
10636,108,4888,31.9571406354341,31.9571406354341,0,2026-01-20 00:00:00.000
10637,108,5130,101.149935103099,101.149935103099,NULL,2026-01-20 00:00:00.000
10638,108,4929,49.183904831579,49.183904831579,NULL,2026-01-20 00:00:00.000
10639,108,4911,66.8561741163701,66.8561741163701,0,2026-01-20 00:00:00.000
10640,108,5195,912.484959636688,912.484959636688,NULL,2026-01-20 00:00:00.000
10641,108,4917,32.9924187383299,32.9924187383299,0,2026-01-20 00:00:00.000
10642,108,511,183.746221214577,183.746221214577,0,2026-01-20 00:00:00.000
10643,108,1036,575.602573537479,575.602573537479,NULL,2026-01-20 00:00:00.000
10644,108,4921,180.498462645425,180.498462645425,0,2026-01-20 00:00:00.000
10645,108,510,44.1791969093658,44.1791969093658,0,2026-01-20 00:00:00.000
10646,108,4920,44.2241279503769,44.2241279503769,0,2026-01-20 00:00:00.000
10647,108,4919,389.147164289472,389.147164289472,0,2026-01-20 00:00:00.000
10648,108,4965,95,95,0,2026-01-20 00:00:00.000
10649,108,4279,0.46861736968822,0.46861736968822,0,2026-01-20 00:00:00.000
10650,108,4839,6.22172741465903,6.22172741465903,NULL,2026-01-20 00:00:00.000
10651,108,4840,0.145526106283786,0.145526106283786,NULL,2026-01-20 00:00:00.000
10652,108,3024,0.0822405368089676,0.0822405368089676,NULL,2026-01-20 00:00:00.000
10653,108,3025,65.1410903930664,65.1410903930664,NULL,2026-01-20 00:00:00.000
10654,108,3026,94.7422561645508,94.7422561645508,NULL,2026-01-20 00:00:00.000
10655,108,3027,96.3224296569824,96.3224296569824,NULL,2026-01-20 00:00:00.000
10656,108,1197,8.38721828103919,8.38721828103919,NULL,2026-01-20 00:00:00.000
10657,108,3049,0,0,NULL,2026-01-20 00:00:00.000
10658,108,3050,0,0,NULL,2026-01-20 00:00:00.000
10659,108,3051,0,0,NULL,2026-01-20 00:00:00.000
10660,108,3052,0,0,NULL,2026-01-20 00:00:00.000
10661,108,3053,0,0,NULL,2026-01-20 00:00:00.000
10662,108,3054,0,0,NULL,2026-01-20 00:00:00.000
10663,108,5129,195.49052731959,195.49052731959,NULL,2026-01-20 00:00:00.000
10664,108,5053,89.5274609075065,89.5274609075065,0,2026-01-20 00:00:00.000
10665,108,5054,83.2408920371827,83.2408920371827,0,2026-01-20 00:00:00.000
10666,108,5055,85.105364072976,85.105364072976,0,2026-01-20 00:00:00.000
10667,108,5056,89.5,89.5,0,2026-01-20 00:00:00.000
10668,108,3031,94.1318172693253,94.1318172693253,NULL,2026-01-20 00:00:00.000
10669,108,5052,1.6358019622167,1.6358019622167,0,2026-01-20 00:00:00.000
10670,108,4924,3668.65848761664,3668.65848761664,NULL,2026-01-20 00:00:00.000
10671,108,4802,52.2295544142022,52.2295544142022,0,2026-01-20 00:00:00.000
10672,108,504,507.446742306603,507.446742306603,NULL,2026-01-20 00:00:00.000
10673,108,1009,1738.7061069774,1738.7061069774,NULL,2026-01-20 00:00:00.000
10674,108,4272,0.682198107242584,0.682198107242584,0,2026-01-20 00:00:00.000
10675,108,4269,-0.0197067474810844,-0.0197067474810844,0,2026-01-20 00:00:00.000
10676,108,4295,9.76993590368165,9.76993590368165,0,2026-01-20 00:00:00.000
10677,108,4292,11.1371206875642,11.1371206875642,0,2026-01-20 00:00:00.000
10678,108,4310,1.44258771989081,1.44258771989081,0,2026-01-20 00:00:00.000
10679,108,3364,927.486484058965,927.92418897857,1,2026-01-20 00:00:00.000
10680,108,3328,0.0737645214108353,0.0737645214108353,NULL,2026-01-20 00:00:00.000
10681,108,4707,478.825882301331,478.825882301331,NULL,2026-01-20 00:00:00.000
10682,108,4705,44114.8643174913,44114.8643174913,NULL,2026-01-20 00:00:00.000
10683,108,4706,1.3002283911407,1.3002283911407,0,2026-01-20 00:00:00.000
10684,108,4711,36.793238444099,36.793238444099,0,2026-01-20 00:00:00.000
10685,108,4713,19433.6839486491,19433.6839486491,NULL,2026-01-20 00:00:00.000
10686,108,4712,45540.8211767578,45540.8211767578,NULL,2026-01-20 00:00:00.000
10687,108,1211,44114.8643174913,44114.8643174913,NULL,2026-01-20 00:00:00.000
10688,108,394,1,1,NULL,2026-01-20 00:00:00.000
10689,108,401,7,7,NULL,2026-01-20 00:00:00.000
10690,108,5558,0.0963414259667653,0.0963414259667653,NULL,2026-01-20 00:00:00.000
10691,108,5557,7.81598291122127,7.81598291122127,NULL,2026-01-20 00:00:00.000
10692,108,2896,0,0,NULL,2026-01-20 00:00:00.000
10693,108,202,5.991,15.729624618466,NULL,2026-01-20 00:00:00.000
10694,108,1152,0,5,NULL,2026-01-20 00:00:00.000
10695,108,5205,0,0,NULL,2026-01-20 00:00:00.000
10696,108,5206,0.7107081078346,0.7107081078346,NULL,2026-01-20 00:00:00.000
10697,108,5207,0.714224951529728,0.714224951529728,NULL,2026-01-20 00:00:00.000
10698,108,5204,0.8,0.8,NULL,2026-01-20 00:00:00.000
10699,108,2995,5556.10204590503,5766.99645544037,1,2026-01-20 00:00:00.000
10700,108,4072,1867.90852437695,1867.90852437695,0,2026-01-20 00:00:00.000
10701,108,5003,0.647325506453821,0.647325506453821,1,2026-01-20 00:00:00.000
10702,108,5007,1.72620135054352,1.72620135054352,1,2026-01-20 00:00:00.000
10703,108,5005,2.57083956646761,2.57083956646761,1,2026-01-20 00:00:00.000
10704,108,5006,-19.161274015981,-19.161274015981,0,2026-01-20 00:00:00.000
10705,108,5008,-14.8642330989699,-14.8642330989699,0,2026-01-20 00:00:00.000
10706,108,5001,2.57083956646761,2.57083956646761,1,2026-01-20 00:00:00.000
10707,108,5002,-17.2451466143829,-17.2451466143829,0,2026-01-20 00:00:00.000
10708,108,5004,-12.1034674814477,-12.1034674814477,0,2026-01-20 00:00:00.000
10709,108,2906,0,0,NULL,2026-01-20 00:00:00.000
10710,108,2469,514.016041549258,611.195516596946,NULL,2026-01-20 00:00:00.000
10711,108,2418,2240.07430687159,2576.29235631737,NULL,2026-01-20 00:00:00.000
10712,108,4270,16.7378311782806,16.7378311782806,0,2026-01-20 00:00:00.000
10713,108,4267,0,0,0,2026-01-20 00:00:00.000
10714,108,4293,60.1028708563911,60.1028708563911,0,2026-01-20 00:00:00.000
10715,108,4290,168.030634201898,168.030634201898,0,2026-01-20 00:00:00.000
10716,108,4308,141.482501458062,141.482501458062,0,2026-01-20 00:00:00.000
10717,108,4057,245.472846398718,245.514135971199,1,2026-01-20 00:00:00.000
10718,108,4060,0,0,1,2026-01-20 00:00:00.000
10719,108,3293,1084.9319901999,1084.9319901999,0,2026-01-20 00:00:00.000
10720,108,3292,13.8322350918622,13.8322350918622,NULL,2026-01-20 00:00:00.000
10721,108,3285,29.13932423023,29.13932423023,NULL,2026-01-20 00:00:00.000
10722,108,3295,146.986146590012,146.986146590012,0,2026-01-20 00:00:00.000
10723,108,3294,6.35048048198223,6.35048048198223,NULL,2026-01-20 00:00:00.000
10724,108,3287,31.3416343365139,31.3416343365139,NULL,2026-01-20 00:00:00.000
10725,108,3286,24.9931644931913,24.9931644931913,NULL,2026-01-20 00:00:00.000
10726,108,4055,0.000844108904868755,0.000843966915325778,NULL,2026-01-20 00:00:00.000
10727,108,4056,0.0737645214108353,0.0737645214108353,NULL,2026-01-20 00:00:00.000
10728,108,4058,8.36702540354846,15.4331806707187,NULL,2026-01-20 00:00:00.000
10729,108,278,2,6,NULL,2026-01-20 00:00:00.000
10730,108,2916,6.62615349313286,6.62615349313286,NULL,2026-01-20 00:00:00.000
10731,108,2973,20.978203505439,28.0456581053729,1,2026-01-20 00:00:00.000
10732,108,3087,2785.0485323349,2785.0485323349,NULL,2026-01-20 00:00:00.000
10733,108,3088,1.35749180377262,1.35749180377262,NULL,2026-01-20 00:00:00.000
10734,108,5088,2.295,2.29500007629395,0,2026-01-20 00:00:00.000
10735,108,5178,0,0,NULL,2026-01-20 00:00:00.000
10736,108,2912,1,1,NULL,2026-01-20 00:00:00.000
10737,108,5089,0,0,0,2026-01-20 00:00:00.000
10738,108,5179,0,0,NULL,2026-01-20 00:00:00.000
10739,108,2913,0,0,NULL,2026-01-20 00:00:00.000
10740,108,5090,2.295,2.29500007629395,0,2026-01-20 00:00:00.000
10741,108,5180,0,0,NULL,2026-01-20 00:00:00.000
10742,108,2914,1,1,NULL,2026-01-20 00:00:00.000
10743,108,261,0,0,0,2026-01-20 00:00:00.000
10744,108,2528,0,0,NULL,2026-01-20 00:00:00.000
10745,108,5612,0,0,NULL,2026-01-20 00:00:00.000
10746,108,241,0,0,NULL,2026-01-20 00:00:00.000
10747,108,262,0,2.295,1,2026-01-20 00:00:00.000
10748,108,2529,110.165508,110.165508,NULL,2026-01-20 00:00:00.000
10749,108,5613,0,0,NULL,2026-01-20 00:00:00.000
10750,108,242,0,1,NULL,2026-01-20 00:00:00.000
10751,108,263,0,2.295,1,2026-01-20 00:00:00.000
10752,108,2530,110.165508,110.165508,NULL,2026-01-20 00:00:00.000
10753,108,5614,0,0,NULL,2026-01-20 00:00:00.000
10754,108,243,0,1,NULL,2026-01-20 00:00:00.000
10755,108,264,0,2.295,1,2026-01-20 00:00:00.000
10756,108,2531,110.165508,110.165508,NULL,2026-01-20 00:00:00.000
10757,108,5615,0,0,NULL,2026-01-20 00:00:00.000
10758,108,244,0,1,NULL,2026-01-20 00:00:00.000
10759,108,1140,0,3,NULL,2026-01-20 00:00:00.000
10760,108,2882,0,0,NULL,2026-01-20 00:00:00.000
10761,108,367,263.270935187871,263.270935187871,NULL,2026-01-20 00:00:00.000
10762,108,5670,67867883.4191458,67867883.4191458,NULL,2026-01-20 00:00:00.000
10763,108,5680,8.4885223954916,8.4885223954916,NULL,2026-01-20 00:00:00.000
10764,108,5677,67867874.9306234,67867874.9306234,NULL,2026-01-20 00:00:00.000
10765,108,2883,0,0,NULL,2026-01-20 00:00:00.000
10766,108,2881,0,0,NULL,2026-01-20 00:00:00.000
10767,108,2884,0,0,NULL,2026-01-20 00:00:00.000
10768,108,2860,3700577.57756482,3700577.57756482,NULL,2026-01-20 00:00:00.000
10769,108,2885,0,0,NULL,2026-01-20 00:00:00.000
10770,108,2859,1788490.79471875,1788490.79471875,NULL,2026-01-20 00:00:00.000
10771,108,239,1,1,NULL,2026-01-20 00:00:00.000
10772,108,43,35.027,35.0269586899016,0,2026-01-20 00:00:00.000
10773,108,2525,0,0,NULL,2026-01-20 00:00:00.000
10774,108,5629,-6.55615561420865E-06,-6.55615561420865E-06,NULL,2026-01-20 00:00:00.000
10775,108,905,10.451876993111,10.451876993111,NULL,2026-01-20 00:00:00.000
10776,108,4238,35.0315983867645,35.0315983867645,0,2026-01-20 00:00:00.000
10777,108,3282,35.0269586899016,35.0269586899016,NULL,2026-01-20 00:00:00.000
10778,108,240,1,1,NULL,2026-01-20 00:00:00.000
10779,108,44,35.058,35.0583485049672,0,2026-01-20 00:00:00.000
10780,108,2526,0,0,NULL,2026-01-20 00:00:00.000
10781,108,5630,5.53097882442651E-05,5.53097882442651E-05,NULL,2026-01-20 00:00:00.000
10782,108,906,10.4612435638375,10.4612435638375,NULL,2026-01-20 00:00:00.000
10783,108,4239,35.0602192211151,35.0602192211151,0,2026-01-20 00:00:00.000
10784,108,3283,35.0583485049672,35.0583485049672,NULL,2026-01-20 00:00:00.000
10785,108,245,0,1,NULL,2026-01-20 00:00:00.000
10786,108,45,0,39.3911957347658,1,2026-01-20 00:00:00.000
10787,108,2527,287.15530349744,287.15530349744,NULL,2026-01-20 00:00:00.000
10788,108,5631,3.10642586720099E-05,3.10642586720099E-05,NULL,2026-01-20 00:00:00.000
10789,108,907,11.7541444598794,11.7541444598794,NULL,2026-01-20 00:00:00.000
10790,108,4240,39.4071708202362,39.4071708202362,0,2026-01-20 00:00:00.000
10791,108,3284,39.3911957347658,39.3911957347658,NULL,2026-01-20 00:00:00.000
10792,108,1141,2,3,NULL,2026-01-20 00:00:00.000
10793,108,2893,42.9715593220923,42.9715593220923,NULL,2026-01-20 00:00:00.000
10794,108,2892,32.6320058941841,32.6320058941841,NULL,2026-01-20 00:00:00.000
10795,108,4254,0,0,0,2026-01-20 00:00:00.000
10796,108,4277,14.8599996566772,14.8599996566772,0,2026-01-20 00:00:00.000
10797,108,4714,684362.935104167,684362.935104167,NULL,2026-01-20 00:00:00.000
10798,108,4715,108.942546709908,108.942546709908,0,2026-01-20 00:00:00.000
10799,108,4716,348742.506621528,348742.506621528,NULL,2026-01-20 00:00:00.000
10800,108,4717,108.978198963559,108.978198963559,0,2026-01-20 00:00:00.000
10801,108,5012,-0.0265477044937822,-0.0265477044937822,0,2026-01-20 00:00:00.000
10802,108,197,31.4570365180982,40.3740395225152,1,2026-01-20 00:00:00.000
10803,108,912,99.0874713251326,99.0874713251326,NULL,2026-01-20 00:00:00.000
10804,108,3330,0.466230477065676,0.466230477065676,NULL,2026-01-20 00:00:00.000
10805,108,274,0.629140730361964,0.808139787953761,NULL,2026-01-20 00:00:00.000
10806,108,5013,6.6761582750943,6.6761582750943,0,2026-01-20 00:00:00.000
10807,108,198,35.8859189005685,45.9720695408529,1,2026-01-20 00:00:00.000
10808,108,913,111.626854430079,111.626854430079,NULL,2026-01-20 00:00:00.000
10809,108,3331,0.531871750834707,0.531871750834707,NULL,2026-01-20 00:00:00.000
10810,108,275,0.717718378011371,0.919441390817057,NULL,2026-01-20 00:00:00.000
10811,108,1053,133.643711380213,128.348823524693,NULL,2026-01-20 00:00:00.000
10812,108,3329,67.471,86.4345013035668,NULL,2026-01-20 00:00:00.000
10813,108,2776,0.0518664760712224,0.0518664760712224,NULL,2026-01-20 00:00:00.000
10814,108,2850,0,0,NULL,2026-01-20 00:00:00.000
10815,108,2415,0,0,NULL,2026-01-20 00:00:00.000
10816,108,5291,0,0,NULL,2026-01-20 00:00:00.000
10817,108,5240,0,0,NULL,2026-01-20 00:00:00.000
10818,108,520,4.83769560735093,4.83769560735093,NULL,2026-01-20 00:00:00.000
10819,108,1024,13.9836778018645,13.9836778018645,NULL,2026-01-20 00:00:00.000
10820,108,2501,-72.2742242340113,-72.2742242340113,NULL,2026-01-20 00:00:00.000
10821,108,423,406.4452,337.93912070482,0,2026-01-20 00:00:00.000
10822,108,1196,-68.5060792951796,-68.5060792951796,0,2026-01-20 00:00:00.000
10823,108,280,2,1,NULL,2026-01-20 00:00:00.000
10824,108,2481,63.416,52.7990636030833,NULL,2026-01-20 00:00:00.000
10825,108,268,207.37,172.65282052358,0,2026-01-20 00:00:00.000
10826,108,80,158150.147280382,158150.147280382,NULL,2026-01-20 00:00:00.000
10827,108,79,3884.73288256739,3884.73288256739,NULL,2026-01-20 00:00:00.000
10828,108,267,0,0,0,2026-01-20 00:00:00.000
10829,108,2524,0,0,NULL,2026-01-20 00:00:00.000
10830,108,5618,0,0,NULL,2026-01-20 00:00:00.000
10831,108,1144,0,0,NULL,2026-01-20 00:00:00.000
10832,108,251,0,0,NULL,2026-01-20 00:00:00.000
10833,108,250,1,0,NULL,2026-01-20 00:00:00.000
10834,108,195,5.04,0.691048865954081,0,2026-01-20 00:00:00.000
10835,108,2522,-29.1638083081932,-29.1638083081932,NULL,2026-01-20 00:00:00.000
10836,108,5627,7.75531434928754E-06,7.75531434928754E-06,NULL,2026-01-20 00:00:00.000
10837,108,910,0.142075591839354,0.142075591839354,NULL,2026-01-20 00:00:00.000
10838,108,48,691.048865954081,691.048865954081,NULL,2026-01-20 00:00:00.000
10839,108,252,1,1,NULL,2026-01-20 00:00:00.000
10840,108,196,5.237,5.77366602088081,1,2026-01-20 00:00:00.000
10841,108,2523,3.59885049890822,3.59885049890822,NULL,2026-01-20 00:00:00.000
10842,108,5628,0.00201017201714553,0.00201017201714553,NULL,2026-01-20 00:00:00.000
10843,108,911,1.18703185463865,1.18703185463865,NULL,2026-01-20 00:00:00.000
10844,108,49,5773.66602088081,5773.66602088081,NULL,2026-01-20 00:00:00.000
10845,108,2429,10.277,6.5148095091184,NULL,2026-01-20 00:00:00.000
10846,108,1145,2,1,NULL,2026-01-20 00:00:00.000
10847,108,3034,16.7378311782806,16.7378311782806,NULL,2026-01-20 00:00:00.000
10848,108,3036,60.1078075372731,60.1078075372731,NULL,2026-01-20 00:00:00.000
10849,108,200,0,0,0,2026-01-20 00:00:00.000
10850,108,167,0,0,NULL,2026-01-20 00:00:00.000
10851,108,168,11.2437393183402,13.818415807618,NULL,2026-01-20 00:00:00.000
10852,108,169,4.37773465313152,4.37970580044985,NULL,2026-01-20 00:00:00.000
10853,108,166,14.5420943833035,14.5420571900871,NULL,2026-01-20 00:00:00.000
10854,108,1045,0,4.72918325057494,NULL,2026-01-20 00:00:00.000
10855,108,4704,3.69099180005656,3.69099180005656,NULL,2026-01-20 00:00:00.000
10856,108,3077,1,1,NULL,2026-01-20 00:00:00.000
10857,108,4909,50.0049829942032,50.0049829942032,NULL,2026-01-20 00:00:00.000
10858,108,4912,50.0628028776381,50.0628028776381,NULL,2026-01-20 00:00:00.000
10859,108,4913,50.007118636979,50.007118636979,NULL,2026-01-20 00:00:00.000
10860,108,4900,61.0065381157067,61.0065381157067,0,2026-01-20 00:00:00.000
10861,108,4908,52.3007985139555,52.3007985139555,NULL,2026-01-20 00:00:00.000
10862,108,3059,0,0,NULL,2026-01-20 00:00:00.000
10863,108,3060,0,0,NULL,2026-01-20 00:00:00.000
10864,108,3070,0,0,NULL,2026-01-20 00:00:00.000
10865,108,3071,0,0,NULL,2026-01-20 00:00:00.000
10866,108,3062,1,1,NULL,2026-01-20 00:00:00.000
10867,108,3063,1,1,NULL,2026-01-20 00:00:00.000
10868,108,3072,1,1,NULL,2026-01-20 00:00:00.000
10869,108,3073,1,1,NULL,2026-01-20 00:00:00.000
10870,108,3065,1,1,NULL,2026-01-20 00:00:00.000
10871,108,3069,1,1,NULL,2026-01-20 00:00:00.000
10872,108,4373,0,0,NULL,2026-01-20 00:00:00.000
10873,108,4374,584.151566174688,584.151566174688,NULL,2026-01-20 00:00:00.000
10874,108,4375,381.775370424563,381.775370424563,NULL,2026-01-20 00:00:00.000
10875,108,4372,672.420162378811,672.420162378811,NULL,2026-01-20 00:00:00.000
10876,108,4376,162.929047117921,162.929047117921,NULL,2026-01-20 00:00:00.000
10877,108,3094,0.000179380382178351,0.000179380382178351,NULL,2026-01-20 00:00:00.000
10878,108,5259,-0.01492673977418,-0.01492673977418,NULL,2026-01-20 00:00:00.000
10879,108,5260,0.632056495051575,0.632056495051575,NULL,2026-01-20 00:00:00.000
10880,108,70,0,0,NULL,2026-01-20 00:00:00.000
10881,108,2764,0.0779708218870708,0.0779708218870708,NULL,2026-01-20 00:00:00.000
10882,108,3319,0,0,NULL,2026-01-20 00:00:00.000
10883,108,5224,0.0690127089619637,0.0690127089619637,NULL,2026-01-20 00:00:00.000
10884,108,5507,0,0,NULL,2026-01-20 00:00:00.000
10885,108,139,0.0697726637555493,0.0697726637555493,NULL,2026-01-20 00:00:00.000
10886,108,5547,0,0,NULL,2026-01-20 00:00:00.000
10887,108,5227,0,0,0,2026-01-20 00:00:00.000
10888,108,5546,0,0,NULL,2026-01-20 00:00:00.000
10889,108,1169,0.0135382134467363,0.0135382134467363,NULL,2026-01-20 00:00:00.000
10890,108,1170,-0.0032729038503021,-0.0032729038503021,NULL,2026-01-20 00:00:00.000
10891,108,140,-0.108513925750664,-0.108513925750664,NULL,2026-01-20 00:00:00.000
10892,108,5137,0,0,NULL,2026-01-20 00:00:00.000
10893,108,1068,14.259003424236,14.2584348710378,NULL,2026-01-20 00:00:00.000
10894,108,1069,41.216588608266,41.216588608266,NULL,2026-01-20 00:00:00.000
10895,108,529,17.9301338111136,17.9301338111136,NULL,2026-01-20 00:00:00.000
10896,108,1066,5.21390619268308,5.21390619268308,NULL,2026-01-20 00:00:00.000
10897,108,1067,15.0711392789657,15.0711392789657,NULL,2026-01-20 00:00:00.000
10898,108,548,5.35910298728943,5.35910298728943,0,2026-01-20 00:00:00.000
10899,108,936,15.4908401775822,15.4908401775822,NULL,2026-01-20 00:00:00.000
10900,108,549,0.00567925374363558,0.00567925374363558,0,2026-01-20 00:00:00.000
10901,108,937,0.0164162570264566,0.0164162570264566,NULL,2026-01-20 00:00:00.000
10902,108,547,-0.150876048349986,-0.150876048349986,0,2026-01-20 00:00:00.000
10903,108,935,-0.436117155643044,-0.436117155643044,NULL,2026-01-20 00:00:00.000
10904,108,3028,-9.04452867835472,-9.04452867835472,NULL,2026-01-20 00:00:00.000
10905,108,551,-0.0315358282711305,-0.0315358282711305,0,2026-01-20 00:00:00.000
10906,108,939,-0.091156388816265,-0.091156388816265,NULL,2026-01-20 00:00:00.000
10907,108,552,-0.0351976481693558,-0.0351976481693558,0,2026-01-20 00:00:00.000
10908,108,940,-0.101741120428446,-0.101741120428446,NULL,2026-01-20 00:00:00.000
10909,108,554,5.5798885868907,5.5798885868907,0,2026-01-20 00:00:00.000
10910,108,942,16.129035495912,16.129035495912,NULL,2026-01-20 00:00:00.000
10911,108,556,-0.158979058265686,-0.158979058265686,0,2026-01-20 00:00:00.000
10912,108,944,-0.000459539439532565,-0.000459539439532565,NULL,2026-01-20 00:00:00.000
10913,108,550,4.4822888983959,4.4822888983959,0,2026-01-20 00:00:00.000
10914,108,938,12.9563512997389,12.9563512997389,NULL,2026-01-20 00:00:00.000
10915,108,553,-0.960996097770733,-0.960996097770733,0,2026-01-20 00:00:00.000
10916,108,941,-2.77782251939445,-2.77782251939445,NULL,2026-01-20 00:00:00.000
10917,108,555,5.22471449221889,5.22471449221889,0,2026-01-20 00:00:00.000
10918,108,943,15.1023813806938,15.1023813806938,NULL,2026-01-20 00:00:00.000
10919,108,5508,0,0,NULL,2026-01-20 00:00:00.000
10920,108,5548,0,0,NULL,2026-01-20 00:00:00.000
10921,108,141,-6.09384092467008,-6.09384092467008,NULL,2026-01-20 00:00:00.000
10922,108,1062,0.873443603515625,0.873443603515625,NULL,2026-01-20 00:00:00.000
10923,108,1063,2.94250955225239,2.94250955225239,NULL,2026-01-20 00:00:00.000
10924,108,537,1.37824123358958,1.37824123358958,0,2026-01-20 00:00:00.000
10925,108,932,4.26725537779071,4.26725537779071,NULL,2026-01-20 00:00:00.000
10926,108,538,-0.662231174958412,-0.662231174958412,0,2026-01-20 00:00:00.000
10927,108,934,-2.05037367465924,-2.05037367465924,NULL,2026-01-20 00:00:00.000
10928,108,1064,0.720468237300714,0.720468237300714,NULL,2026-01-20 00:00:00.000
10929,108,1065,3.6050242028323,3.6050242028323,NULL,2026-01-20 00:00:00.000
10930,108,523,0.872966777631878,0.872966777631878,NULL,2026-01-20 00:00:00.000
10931,108,524,16.8445583512177,16.8445583512177,NULL,2026-01-20 00:00:00.000
10932,108,546,-0.0902453391700302,-0.0902453391700302,0,2026-01-20 00:00:00.000
10933,108,930,-0.279414009324681,-0.279414009324681,NULL,2026-01-20 00:00:00.000
10934,108,542,-2.50029404061179,-2.50029404061179,0,2026-01-20 00:00:00.000
10935,108,926,-7.74131039678061,-7.74131039678061,NULL,2026-01-20 00:00:00.000
10936,108,543,-0.32783509967363,-0.32783509967363,0,2026-01-20 00:00:00.000
10937,108,927,-1.01502992220551,-1.01502992220551,NULL,2026-01-20 00:00:00.000
10938,108,544,0.00205860081220563,0.00205860081220563,0,2026-01-20 00:00:00.000
10939,108,928,6.37375749071857E-06,6.37375749071857E-06,NULL,2026-01-20 00:00:00.000
10940,108,539,-0.003094516581108,-0.003094516581108,0,2026-01-20 00:00:00.000
10941,108,923,-9.58111845776335E-06,-9.58111845776335E-06,NULL,2026-01-20 00:00:00.000
10942,108,540,0.00141806073952466,0.00141806073952466,0,2026-01-20 00:00:00.000
10943,108,924,0.00439054293928668,0.00439054293928668,NULL,2026-01-20 00:00:00.000
10944,108,541,-192.795043945313,-192.795043945313,0,2026-01-20 00:00:00.000
10945,108,925,-0.596924303261719,-0.596924303261719,NULL,2026-01-20 00:00:00.000
10946,108,871,4,4,NULL,2026-01-20 00:00:00.000
10947,108,922,12.38464,12.38464,NULL,2026-01-20 00:00:00.000
10948,108,545,-0.000971468499064303,-0.000971468499064303,0,2026-01-20 00:00:00.000
10949,108,929,-0.00300782190806293,-0.00300782190806293,NULL,2026-01-20 00:00:00.000
10950,108,4723,0,0,0,2026-01-20 00:00:00.000
10951,108,4722,0,0,0,2026-01-20 00:00:00.000
10952,108,4721,0,0,0,2026-01-20 00:00:00.000
10953,108,3066,0,0,NULL,2026-01-20 00:00:00.000
10954,108,5562,18.8035092569664,18.8035092569664,NULL,2026-01-20 00:00:00.000
10955,108,5220,0.527695050903167,0.527695050903167,NULL,2026-01-20 00:00:00.000
10956,108,3061,0,0,NULL,2026-01-20 00:00:00.000
10957,108,5560,-4.20871210520591,-4.20871210520591,NULL,2026-01-20 00:00:00.000
10958,108,74,0,0,NULL,2026-01-20 00:00:00.000
10959,108,5201,0,0,NULL,2026-01-20 00:00:00.000
10960,108,2766,-0.0120531643203196,-0.0120531643203196,NULL,2026-01-20 00:00:00.000
10961,108,142,-0.0815066993236542,-0.0815066993236542,NULL,2026-01-20 00:00:00.000
10962,108,5545,0,0,NULL,2026-01-20 00:00:00.000
10963,108,3097,7.3427974632846,7.3427974632846,NULL,2026-01-20 00:00:00.000
10964,108,5257,25.7737868368096,25.7737868368096,NULL,2026-01-20 00:00:00.000
10965,108,5258,28.9981040978167,28.9981040978167,NULL,2026-01-20 00:00:00.000
10966,108,71,164.954897997326,166.745085432265,NULL,2026-01-20 00:00:00.000
10967,108,2765,164.954897997326,164.954897997326,NULL,2026-01-20 00:00:00.000
10968,108,3323,78.0157192634437,78.0157192634437,NULL,2026-01-20 00:00:00.000
10969,108,5223,6.09799940079451,6.09799940079451,NULL,2026-01-20 00:00:00.000
10970,108,5509,0,0,NULL,2026-01-20 00:00:00.000
10971,108,143,5.54203000040187,5.54203000040187,NULL,2026-01-20 00:00:00.000
10972,108,5552,0,0,NULL,2026-01-20 00:00:00.000
10973,108,5228,411.234159192301,508.422549387848,1,2026-01-20 00:00:00.000
10974,108,5551,0,0,NULL,2026-01-20 00:00:00.000
10975,108,1171,34.9814924260245,34.9814924260245,NULL,2026-01-20 00:00:00.000
10976,108,1172,31.713110716131,31.713110716131,NULL,2026-01-20 00:00:00.000
10977,108,144,49.9840069479942,49.9840069479942,NULL,2026-01-20 00:00:00.000
10978,108,5138,0,0,NULL,2026-01-20 00:00:00.000
10979,108,1076,135.099324870395,134.888412560357,NULL,2026-01-20 00:00:00.000
10980,108,1077,390.513497245752,390.513497245752,NULL,2026-01-20 00:00:00.000
10981,108,563,162.015891274558,162.015891274558,NULL,2026-01-20 00:00:00.000
10982,108,1074,112.056888338725,112.056888338725,NULL,2026-01-20 00:00:00.000
10983,108,1075,319.688146921794,319.688146921794,NULL,2026-01-20 00:00:00.000
10984,108,3411,5.09983411423365,5.09983411423365,NULL,2026-01-20 00:00:00.000
10985,108,560,218.257131013376,218.257131013376,NULL,2026-01-20 00:00:00.000
10986,108,2667,643.531909111871,643.531909111871,NULL,2026-01-20 00:00:00.000
10987,108,582,17.4300787209935,17.4300787209935,0,2026-01-20 00:00:00.000
10988,108,959,50.3827906255918,50.3827906255918,NULL,2026-01-20 00:00:00.000
10989,108,583,17.4747180175516,17.4747180175516,0,2026-01-20 00:00:00.000
10990,108,960,50.5118234525896,50.5118234525896,NULL,2026-01-20 00:00:00.000
10991,108,581,13.2121622288492,13.2121622288492,0,2026-01-20 00:00:00.000
10992,108,958,38.1906251797766,38.1906251797766,NULL,2026-01-20 00:00:00.000
10993,108,2666,2771.25412000868,2771.25412000868,NULL,2026-01-20 00:00:00.000
10994,108,585,18.8683038992418,18.8683038992418,0,2026-01-20 00:00:00.000
10995,108,962,54.5400752361808,54.5400752361808,NULL,2026-01-20 00:00:00.000
10996,108,586,21.9529287253221,21.9529287253221,0,2026-01-20 00:00:00.000
10997,108,963,63.4563864737039,63.4563864737039,NULL,2026-01-20 00:00:00.000
10998,108,588,12.2778361990717,12.2778361990717,0,2026-01-20 00:00:00.000
10999,108,965,35.4898942486177,35.4898942486177,NULL,2026-01-20 00:00:00.000
11000,108,590,399.995323486328,399.995323486328,0,2026-01-20 00:00:00.000
11001,108,967,1.1562128293864,1.1562128293864,NULL,2026-01-20 00:00:00.000
11002,108,584,46.5384761581951,46.5384761581951,0,2026-01-20 00:00:00.000
11003,108,961,134.522530726631,134.522530726631,NULL,2026-01-20 00:00:00.000
11004,108,587,14.4981738032235,14.4981738032235,0,2026-01-20 00:00:00.000
11005,108,964,41.9079263423783,41.9079263423783,NULL,2026-01-20 00:00:00.000
11006,108,589,20.5636107618544,20.5636107618544,0,2026-01-20 00:00:00.000
11007,108,966,59.4404713888535,59.4404713888535,NULL,2026-01-20 00:00:00.000
11008,108,5510,0,0,NULL,2026-01-20 00:00:00.000
11009,108,5553,0,0,NULL,2026-01-20 00:00:00.000
11010,108,145,61.6611752223968,61.6611752223968,NULL,2026-01-20 00:00:00.000
11011,108,1070,139.51666686164,139.51666686164,NULL,2026-01-20 00:00:00.000
11012,108,1071,290.411931151078,290.411931151078,NULL,2026-01-20 00:00:00.000
11013,108,562,215.341844960962,215.341844960962,NULL,2026-01-20 00:00:00.000
11014,108,571,22.4977058601379,22.4977058601379,0,2026-01-20 00:00:00.000
11015,108,955,69.6564969759247,69.6564969759247,NULL,2026-01-20 00:00:00.000
11016,108,572,24.9714847601785,24.9714847601785,0,2026-01-20 00:00:00.000
11017,108,957,77.3157122550741,77.3157122550741,NULL,2026-01-20 00:00:00.000
11018,108,1072,151.976262670623,151.976262670623,NULL,2026-01-20 00:00:00.000
11019,108,1073,418.19859793538,418.19859793538,NULL,2026-01-20 00:00:00.000
11020,108,559,304.455704047309,304.455704047309,NULL,2026-01-20 00:00:00.000
11021,108,2669,918.081131354438,918.081131354438,NULL,2026-01-20 00:00:00.000
11022,108,2668,2802.06726019965,2802.06726019965,NULL,2026-01-20 00:00:00.000
11023,108,580,67.5085063129001,67.5085063129001,0,2026-01-20 00:00:00.000
11024,108,953,209.017136905749,209.017136905749,NULL,2026-01-20 00:00:00.000
11025,108,576,24.2505977622933,24.2505977622933,0,2026-01-20 00:00:00.000
11026,108,949,75.083730767702,75.083730767702,NULL,2026-01-20 00:00:00.000
11027,108,577,41.4446691008144,41.4446691008144,0,2026-01-20 00:00:00.000
11028,108,950,128.319326683178,128.319326683178,NULL,2026-01-20 00:00:00.000
11029,108,578,4.00131982380152,4.00131982380152,0,2026-01-20 00:00:00.000
11030,108,951,0.0123887263856613,0.0123887263856613,NULL,2026-01-20 00:00:00.000
11031,108,573,7.10015049310856,7.10015049310856,0,2026-01-20 00:00:00.000
11032,108,946,0.021983201950743,0.021983201950743,NULL,2026-01-20 00:00:00.000
11033,108,574,-2.27265357971191,-2.27265357971191,0,2026-01-20 00:00:00.000
11034,108,947,-7.03649910736084,-7.03649910736084,NULL,2026-01-20 00:00:00.000
11035,108,575,560.030893933614,560.030893933614,0,2026-01-20 00:00:00.000
11036,108,948,1.7339452525615,1.7339452525615,NULL,2026-01-20 00:00:00.000
11037,108,872,4,4,NULL,2026-01-20 00:00:00.000
11038,108,945,12.38464,12.38464,NULL,2026-01-20 00:00:00.000
11039,108,579,3.99976400242911,3.99976400242911,0,2026-01-20 00:00:00.000
11040,108,952,12.3839093137609,12.3839093137609,NULL,2026-01-20 00:00:00.000
11041,108,3095,247.602163838704,247.602163838704,NULL,2026-01-20 00:00:00.000
11042,108,3096,246.63737819714,246.63737819714,NULL,2026-01-20 00:00:00.000
11043,108,4726,78.0157192634437,78.0157192634437,0,2026-01-20 00:00:00.000
11044,108,4725,1.13477025787036,1.13477025787036,0,2026-01-20 00:00:00.000
11045,108,4724,1.03797642013522,1.03797642013522,0,2026-01-20 00:00:00.000
11046,108,2754,28.8174612251009,28.8174612251009,NULL,2026-01-20 00:00:00.000
11047,108,5549,0,0,NULL,2026-01-20 00:00:00.000
11048,108,3067,1,1,NULL,2026-01-20 00:00:00.000
11049,108,5563,0,0,NULL,2026-01-20 00:00:00.000
11050,108,5221,18.8318672103882,18.8318672103882,NULL,2026-01-20 00:00:00.000
11051,108,5222,212.080571508977,212.080571508977,NULL,2026-01-20 00:00:00.000
11052,108,3064,1,1,NULL,2026-01-20 00:00:00.000
11053,108,5561,0,0,NULL,2026-01-20 00:00:00.000
11054,108,75,17.4755681445599,17.4920758756002,NULL,2026-01-20 00:00:00.000
11055,108,5202,26.840305374474,26.840305374474,NULL,2026-01-20 00:00:00.000
11056,108,2767,17.4755681445599,17.4755681445599,NULL,2026-01-20 00:00:00.000
11057,108,146,300.017751328362,300.017751328362,NULL,2026-01-20 00:00:00.000
11058,108,5550,0,0,NULL,2026-01-20 00:00:00.000
11059,108,3099,7.07083909041352,7.07083909041352,NULL,2026-01-20 00:00:00.000
11060,108,72,174.790723263341,173.587860870361,NULL,2026-01-20 00:00:00.000
11061,108,2756,174.790723263341,174.790723263341,NULL,2026-01-20 00:00:00.000
11062,108,3327,93.6891415193319,93.6891415193319,NULL,2026-01-20 00:00:00.000
11063,108,5225,197.552695320977,197.552695320977,NULL,2026-01-20 00:00:00.000
11064,108,147,10.0747424475046,10.0747424475046,NULL,2026-01-20 00:00:00.000
11065,108,5229,295.151748215561,295.28628180596,1,2026-01-20 00:00:00.000
11066,108,5554,0,0,NULL,2026-01-20 00:00:00.000
11067,108,1173,53.0728389490975,53.0728389490975,NULL,2026-01-20 00:00:00.000
11068,108,1174,45.9904722510444,45.9904722510444,NULL,2026-01-20 00:00:00.000
11069,108,148,-0.21980517834218,-0.21980517834218,NULL,2026-01-20 00:00:00.000
11070,108,5139,0,0,NULL,2026-01-20 00:00:00.000
11071,108,1084,64.3530298677763,83.8400001695421,NULL,2026-01-20 00:00:00.000
11072,108,1085,242.354631911167,242.354631911167,NULL,2026-01-20 00:00:00.000
11073,108,599,164.636313259417,164.636313259417,NULL,2026-01-20 00:00:00.000
11074,108,1082,98.9749297968547,98.9749297968547,NULL,2026-01-20 00:00:00.000
11075,108,1083,280.732860446506,280.732860446506,NULL,2026-01-20 00:00:00.000
11076,108,595,5.03627856995618,5.03627856995618,NULL,2026-01-20 00:00:00.000
11077,108,2686,641.46870578342,641.46870578342,NULL,2026-01-20 00:00:00.000
11078,108,618,22.3067831161287,22.3067831161287,0,2026-01-20 00:00:00.000
11079,108,982,64.4792258979736,64.4792258979736,NULL,2026-01-20 00:00:00.000
11080,108,619,22.0021442214648,22.0021442214648,0,2026-01-20 00:00:00.000
11081,108,983,63.5986471070254,63.5986471070254,NULL,2026-01-20 00:00:00.000
11082,108,617,12.36933370147,12.36933370147,0,2026-01-20 00:00:00.000
11083,108,981,35.7543738060477,35.7543738060477,NULL,2026-01-20 00:00:00.000
11084,108,2685,4.12076879508336,4.12076879508336,NULL,2026-01-20 00:00:00.000
11085,108,2684,2778.90367567274,2778.90367567274,NULL,2026-01-20 00:00:00.000
11086,108,621,16.4995911001718,16.4995911001718,0,2026-01-20 00:00:00.000
11087,108,985,47.6937433859516,47.6937433859516,NULL,2026-01-20 00:00:00.000
11088,108,622,0.0112301442405591,0.0112301442405591,0,2026-01-20 00:00:00.000
11089,108,986,0.0324614716332753,0.0324614716332753,NULL,2026-01-20 00:00:00.000
11090,108,624,6.92542791751715,6.92542791751715,0,2026-01-20 00:00:00.000
11091,108,988,20.0184055589284,20.0184055589284,NULL,2026-01-20 00:00:00.000
11092,108,626,413.878460063771,413.878460063771,0,2026-01-20 00:00:00.000
11093,108,990,1.19634295011645,1.19634295011645,NULL,2026-01-20 00:00:00.000
11094,108,620,28.043694140602,28.043694140602,0,2026-01-20 00:00:00.000
11095,108,984,81.192091783934,81.192091783934,NULL,2026-01-20 00:00:00.000
11096,108,623,12.459208105181,12.459208105181,0,2026-01-20 00:00:00.000
11097,108,987,36.0141616898121,36.0141616898121,NULL,2026-01-20 00:00:00.000
11098,108,625,19.445128614821,19.445128614821,0,2026-01-20 00:00:00.000
11099,108,989,56.2074250707911,56.2074250707911,NULL,2026-01-20 00:00:00.000
11100,108,5555,0,0,NULL,2026-01-20 00:00:00.000
11101,108,149,90.2259630656446,90.2259630656446,NULL,2026-01-20 00:00:00.000
11102,108,1078,173.025586802165,173.025586802165,NULL,2026-01-20 00:00:00.000
11103,108,1079,374.559715812743,374.559715812743,NULL,2026-01-20 00:00:00.000
11104,108,598,219.751566314259,219.751566314259,NULL,2026-01-20 00:00:00.000
11105,108,607,54.8438180552589,54.8438180552589,0,2026-01-20 00:00:00.000
11106,108,978,169.80523570997,169.80523570997,NULL,2026-01-20 00:00:00.000
11107,108,608,58.8222121286392,58.8222121286392,0,2026-01-20 00:00:00.000
11108,108,980,182.122980304208,182.122980304208,NULL,2026-01-20 00:00:00.000
11109,108,1080,169.60529929267,169.60529929267,NULL,2026-01-20 00:00:00.000
11110,108,1081,401.649200660369,401.649200660369,NULL,2026-01-20 00:00:00.000
11111,108,593,20.7653342421761,20.7653342421761,NULL,2026-01-20 00:00:00.000
11112,108,2688,917.344334174262,917.344334174262,NULL,2026-01-20 00:00:00.000
11113,108,2687,2815.94134684245,2815.94134684245,NULL,2026-01-20 00:00:00.000
11114,108,616,76.9516728576432,76.9516728576432,0,2026-01-20 00:00:00.000
11115,108,976,238.254691434921,238.254691434921,NULL,2026-01-20 00:00:00.000
11116,108,612,21.9762976924782,21.9762976924782,0,2026-01-20 00:00:00.000
11117,108,972,68.0421338635434,68.0421338635434,NULL,2026-01-20 00:00:00.000
11118,108,613,51.9428005886485,51.9428005886485,0,2026-01-20 00:00:00.000
11119,108,973,160.82322147055,160.82322147055,NULL,2026-01-20 00:00:00.000
11120,108,614,3.9996369019864,3.9996369019864,0,2026-01-20 00:00:00.000
11121,108,974,0.0123835157904542,0.0123835157904542,NULL,2026-01-20 00:00:00.000
11122,108,609,6892.45669954218,6892.45669954218,0,2026-01-20 00:00:00.000
11123,108,969,21.3401487348545,21.3401487348545,NULL,2026-01-20 00:00:00.000
11124,108,610,6.70747421516312,6.70747421516312,0,2026-01-20 00:00:00.000
11125,108,970,20.7674133660195,20.7674133660195,NULL,2026-01-20 00:00:00.000
11126,108,611,599.901877753755,599.901877753755,0,2026-01-20 00:00:00.000
11127,108,971,1.85739219782607,1.85739219782607,NULL,2026-01-20 00:00:00.000
11128,108,873,4,4,NULL,2026-01-20 00:00:00.000
11129,108,968,12.38464,12.38464,NULL,2026-01-20 00:00:00.000
11130,108,5654,133.655537408977,133.655537408977,NULL,2026-01-20 00:00:00.000
11131,108,5148,0,0,NULL,2026-01-20 00:00:00.000
11132,108,615,3.99873062326103,3.99873062326103,0,2026-01-20 00:00:00.000
11133,108,975,12.3807098065159,12.3807098065159,NULL,2026-01-20 00:00:00.000
11134,108,3098,234.166998731825,234.166998731825,NULL,2026-01-20 00:00:00.000
11135,108,4729,93.6891415193319,93.6891415193319,0,2026-01-20 00:00:00.000
11136,108,4728,1.1636877169874,1.1636877169874,0,2026-01-20 00:00:00.000
11137,108,4727,1.03791625507736,1.03791625507736,0,2026-01-20 00:00:00.000
11138,108,2863,408.601202197605,408.601202197605,NULL,2026-01-20 00:00:00.000
11139,108,2679,31.6425608820059,31.6425608820059,NULL,2026-01-20 00:00:00.000
11140,108,5559,0,0,NULL,2026-01-20 00:00:00.000
11141,108,3068,1,1,NULL,2026-01-20 00:00:00.000
11142,108,5564,0,0,NULL,2026-01-20 00:00:00.000
11143,108,5226,197.665741623773,197.665741623773,NULL,2026-01-20 00:00:00.000
11144,108,76,18.2029592865349,18.2029592865349,NULL,2026-01-20 00:00:00.000
11145,108,5203,27.9311037434515,27.9311037434515,NULL,2026-01-20 00:00:00.000
11146,108,2757,18.2029592865349,18.2029592865349,NULL,2026-01-20 00:00:00.000
11147,108,150,338.649557522179,338.649557522179,NULL,2026-01-20 00:00:00.000
11148,108,5027,36402.3065595888,36402.3065595888,NULL,2026-01-20 00:00:00.000
11149,108,5033,15557.6923828125,15557.6923828125,NULL,2026-01-20 00:00:00.000
11150,108,5028,84984.5272234486,84984.5272234486,NULL,2026-01-20 00:00:00.000
11151,108,5034,0,0,NULL,2026-01-20 00:00:00.000
11152,108,5029,400170.214358513,400170.214358513,NULL,2026-01-20 00:00:00.000
11153,108,5035,38190.48046875,38190.48046875,NULL,2026-01-20 00:00:00.000
11154,108,5030,402632.605213018,402632.605213018,NULL,2026-01-20 00:00:00.000
11155,108,5036,74241.6171875,74241.6171875,NULL,2026-01-20 00:00:00.000
11156,108,5043,0,0,NULL,2026-01-20 00:00:00.000
11157,108,5082,3352.79777138514,3352.79777138514,NULL,2026-01-20 00:00:00.000
11158,108,5031,1949053.1356109,1949053.1356109,NULL,2026-01-20 00:00:00.000
11159,108,5037,114074.650390625,114074.650390625,NULL,2026-01-20 00:00:00.000
11160,108,5032,139483.38331557,139483.38331557,NULL,2026-01-20 00:00:00.000
11161,108,5038,11434.1669921875,11434.1669921875,NULL,2026-01-20 00:00:00.000
11162,108,5042,11.8845866765147,11.8845866765147,0,2026-01-20 00:00:00.000
11163,108,5046,0.22551897372971,0.22551897372971,NULL,2026-01-20 00:00:00.000
11164,108,5040,3012726.17228104,3012726.17228104,NULL,2026-01-20 00:00:00.000
11165,108,5044,3012726.17228104,3012726.17228104,NULL,2026-01-20 00:00:00.000
11166,108,5041,253498.607421875,253498.607421875,NULL,2026-01-20 00:00:00.000
11167,108,334,15000,5495.19043888686,0,2026-01-20 00:00:00.000
11168,108,361,11.0887407438064,11.0887407438064,NULL,2026-01-20 00:00:00.000
11169,108,1168,91.6127817189608,91.6127817189608,NULL,2026-01-20 00:00:00.000
11170,108,4751,250.500636571248,250.500636571248,NULL,2026-01-20 00:00:00.000
11171,108,4752,250.529017136892,250.529017136892,NULL,2026-01-20 00:00:00.000
11172,108,4753,250.496536131965,250.496536131965,NULL,2026-01-20 00:00:00.000
11173,108,4754,250.539729845259,250.539729845259,NULL,2026-01-20 00:00:00.000
11174,108,4755,256.853618878259,256.853618878259,NULL,2026-01-20 00:00:00.000
11175,108,4782,0,0,NULL,2026-01-20 00:00:00.000
11176,108,4780,0,0,NULL,2026-01-20 00:00:00.000
11177,108,4783,139.167458671451,139.167458671451,NULL,2026-01-20 00:00:00.000
11178,108,4781,77.5578204616633,77.5578204616633,NULL,2026-01-20 00:00:00.000
11179,108,5218,75.4459946309247,75.4459946309247,NULL,2026-01-20 00:00:00.000
11180,108,5219,112.177758511872,112.177758511872,NULL,2026-01-20 00:00:00.000
11181,108,4757,319.863550374294,319.863550374294,NULL,2026-01-20 00:00:00.000
11182,108,4731,0,0,NULL,2026-01-20 00:00:00.000
11183,108,4732,0,0,NULL,2026-01-20 00:00:00.000
11184,108,4733,0,0,NULL,2026-01-20 00:00:00.000
11185,108,4734,0,0,NULL,2026-01-20 00:00:00.000
11186,108,4736,43.7536513542342,43.7536513542342,NULL,2026-01-20 00:00:00.000
11187,108,4737,127.185089472563,127.185089472563,NULL,2026-01-20 00:00:00.000
11188,108,4738,45.6877898003654,45.6877898003654,NULL,2026-01-20 00:00:00.000
11189,108,4739,78.0811817005142,78.0811817005142,NULL,2026-01-20 00:00:00.000
11190,108,4784,60.0376618934975,60.0376618934975,NULL,2026-01-20 00:00:00.000
11191,108,4740,146.100216207341,146.100216207341,NULL,2026-01-20 00:00:00.000
11192,108,4741,98.6184460272274,98.6184460272274,NULL,2026-01-20 00:00:00.000
11193,108,4742,0,0,NULL,2026-01-20 00:00:00.000
11194,108,4743,343.798982573237,343.798982573237,NULL,2026-01-20 00:00:00.000
11195,108,4744,0,0,NULL,2026-01-20 00:00:00.000
11196,108,4745,0,0,NULL,2026-01-20 00:00:00.000
11197,108,4746,359.605377961399,359.605377961399,NULL,2026-01-20 00:00:00.000
11198,108,4747,318.44526474264,318.44526474264,NULL,2026-01-20 00:00:00.000
11199,108,4748,0,0,NULL,2026-01-20 00:00:00.000
11200,108,4749,0,0,NULL,2026-01-20 00:00:00.000
11201,108,4750,336.866043612367,336.866043612367,NULL,2026-01-20 00:00:00.000
11202,108,4779,145.604750237172,145.604750237172,NULL,2026-01-20 00:00:00.000
11203,108,4730,0,0,NULL,2026-01-20 00:00:00.000
11204,108,4735,28.8488850831985,28.8488850831985,NULL,2026-01-20 00:00:00.000
11205,108,4778,31.6425608820059,31.6425608820059,NULL,2026-01-20 00:00:00.000
11206,108,4758,4.62566502707899,4.62566502707899,NULL,2026-01-20 00:00:00.000
11207,108,4759,0,0,NULL,2026-01-20 00:00:00.000
11208,108,4756,242.730660956383,242.730660956383,NULL,2026-01-20 00:00:00.000
11209,108,4762,0,0,NULL,2026-01-20 00:00:00.000
11210,108,4763,7.55669746696949,7.55669746696949,NULL,2026-01-20 00:00:00.000
11211,108,4760,13.6217309641838,13.6217309641838,NULL,2026-01-20 00:00:00.000
11212,108,4761,4.53087296903133,4.53087296903133,NULL,2026-01-20 00:00:00.000
11213,108,4766,0,0,NULL,2026-01-20 00:00:00.000
11214,108,4767,0,0,NULL,2026-01-20 00:00:00.000
11215,108,4768,0,0,NULL,2026-01-20 00:00:00.000
11216,108,4769,0,0,NULL,2026-01-20 00:00:00.000
11217,108,4770,9.41545094847679,9.41545094847679,NULL,2026-01-20 00:00:00.000
11218,108,4771,9.2003256380558,9.2003256380558,NULL,2026-01-20 00:00:00.000
11219,108,4772,4.55690280980603,4.55690280980603,NULL,2026-01-20 00:00:00.000
11220,108,4773,5.32627185713605,5.32627185713605,NULL,2026-01-20 00:00:00.000
11221,108,4774,4.49406489789166,4.49406489789166,NULL,2026-01-20 00:00:00.000
11222,108,4775,10.451876993111,10.451876993111,NULL,2026-01-20 00:00:00.000
11223,108,4776,10.4612435638375,10.4612435638375,NULL,2026-01-20 00:00:00.000
11224,108,4777,11.7541444598794,11.7541444598794,NULL,2026-01-20 00:00:00.000
11225,108,4764,98.0340253885912,98.0340253885912,NULL,2026-01-20 00:00:00.000
11226,108,4765,111.626854430079,111.626854430079,NULL,2026-01-20 00:00:00.000
11227,108,365,91.6114628322491,91.6114628322491,NULL,2026-01-20 00:00:00.000
11228,108,2435,90.0979323320142,98.9185007250953,NULL,2026-01-20 00:00:00.000
11229,108,2434,883.209379221072,980.531796675179,NULL,2026-01-20 00:00:00.000
11230,108,2436,-0.897988025884107,-0.899117498218302,NULL,2026-01-20 00:00:00.000
11231,108,2864,0,0,NULL,2026-01-20 00:00:00.000
11232,108,882,0,0,NULL,2026-01-20 00:00:00.000
11233,108,2868,0,0,NULL,2026-01-20 00:00:00.000
11234,108,919,0,0,NULL,2026-01-20 00:00:00.000
11235,108,2873,0,0,NULL,2026-01-20 00:00:00.000
11236,108,931,0,0,NULL,2026-01-20 00:00:00.000
11237,108,397,0,0,NULL,2026-01-20 00:00:00.000
11238,108,2865,0,0,NULL,2026-01-20 00:00:00.000
11239,108,883,0,0,NULL,2026-01-20 00:00:00.000
11240,108,2869,0,0,NULL,2026-01-20 00:00:00.000
11241,108,920,186.347795664469,186.347795664469,NULL,2026-01-20 00:00:00.000
11242,108,2874,210.752235549679,210.752235549679,NULL,2026-01-20 00:00:00.000
11243,108,954,323.570616199277,323.570616199277,NULL,2026-01-20 00:00:00.000
11244,108,398,13,13,NULL,2026-01-20 00:00:00.000
11245,108,2866,0,0,NULL,2026-01-20 00:00:00.000
11246,108,884,0,0,NULL,2026-01-20 00:00:00.000
11247,108,2870,0,0,NULL,2026-01-20 00:00:00.000
11248,108,921,123.254408306546,123.254408306546,NULL,2026-01-20 00:00:00.000
11249,108,2875,0,0,NULL,2026-01-20 00:00:00.000
11250,108,977,173.02175282176,173.02175282176,NULL,2026-01-20 00:00:00.000
11251,108,399,24,24,NULL,2026-01-20 00:00:00.000
11252,108,5251,0,0,NULL,2026-01-20 00:00:00.000
11253,108,390,0,0,NULL,2026-01-20 00:00:00.000
11254,108,5252,210.752235549679,210.752235549679,NULL,2026-01-20 00:00:00.000
11255,108,391,1,1,NULL,2026-01-20 00:00:00.000
11256,108,5253,0,0,NULL,2026-01-20 00:00:00.000
11257,108,392,1,1,NULL,2026-01-20 00:00:00.000
11258,108,2724,67.4251835989952,67.4251835989952,NULL,2026-01-20 00:00:00.000
11259,108,69,379.558666611777,379.558666611777,NULL,2026-01-20 00:00:00.000
11260,108,2848,379.558666611777,379.558666611777,NULL,2026-01-20 00:00:00.000
11261,108,5230,1033.66775210922,1033.69147402959,1,2026-01-20 00:00:00.000
11262,108,5556,0,0,NULL,2026-01-20 00:00:00.000
11263,108,5533,0,0,NULL,2026-01-20 00:00:00.000
11264,108,5534,0,0,NULL,2026-01-20 00:00:00.000
11265,108,135,12.9672393108871,12.9672393108871,NULL,2026-01-20 00:00:00.000
11266,108,1010,41.3520215609005,41.3520215609005,NULL,2026-01-20 00:00:00.000
11267,108,1025,4,4,NULL,2026-01-20 00:00:00.000
11268,108,1031,12.8152827322483,12.8152827322483,NULL,2026-01-20 00:00:00.000
11269,108,1026,5.9,5.9,NULL,2026-01-20 00:00:00.000
11270,108,1032,18.9025686971347,18.9025686971347,NULL,2026-01-20 00:00:00.000
11271,108,1027,12.7,12.7,NULL,2026-01-20 00:00:00.000
11272,108,1033,40.6885785775714,40.6885785775714,NULL,2026-01-20 00:00:00.000
11273,108,5147,229.658764257512,229.658764257512,NULL,2026-01-20 00:00:00.000
11274,108,5146,697.588411578117,697.588411578117,NULL,2026-01-20 00:00:00.000
11275,108,1028,4,4,NULL,2026-01-20 00:00:00.000
11276,108,1034,12.8152827322483,12.8152827322483,NULL,2026-01-20 00:00:00.000
11277,108,2867,0,0,NULL,2026-01-20 00:00:00.000
11278,108,881,0,0,NULL,2026-01-20 00:00:00.000
11279,108,11,0,0,NULL,2026-01-20 00:00:00.000
11280,108,2698,17958.7892325635,17958.7892325635,NULL,2026-01-20 00:00:00.000
11281,108,2731,630.092276984321,630.092276984321,NULL,2026-01-20 00:00:00.000
11282,108,2730,2743.28821234809,2743.28821234809,NULL,2026-01-20 00:00:00.000
11283,108,5149,473.331554180292,473.331554180292,NULL,2026-01-20 00:00:00.000
11284,108,2872,0,0,NULL,2026-01-20 00:00:00.000
11285,108,918,176.822965481371,176.822965481371,NULL,2026-01-20 00:00:00.000
11286,108,5254,0,0,NULL,2026-01-20 00:00:00.000
11287,108,389,1,1,NULL,2026-01-20 00:00:00.000
11288,108,396,3.5,3.5,NULL,2026-01-20 00:00:00.000
11289,108,5150,56.259334917394,56.259334917394,NULL,2026-01-20 00:00:00.000
11290,108,5151,0,0,NULL,2026-01-20 00:00:00.000
11291,108,5048,82.0600480304132,82.0600480304132,0,2026-01-20 00:00:00.000
11292,108,73,172.503668755425,172.337540902032,NULL,2026-01-20 00:00:00.000
11293,108,5200,264.439295724112,264.439295724112,NULL,2026-01-20 00:00:00.000
11294,108,2849,172.503668755425,172.503668755425,NULL,2026-01-20 00:00:00.000
11295,108,5144,4292.40274483179,4292.40274483179,NULL,2026-01-20 00:00:00.000
11296,108,5145,1763.5292566097,1763.5292566097,NULL,2026-01-20 00:00:00.000
11297,108,518,151.364833246867,151.364833246867,NULL,2026-01-20 00:00:00.000
11298,108,1020,437.530020582709,437.530020582709,NULL,2026-01-20 00:00:00.000
11299,108,412,0,0,NULL,2026-01-20 00:00:00.000
11300,108,376,-13.2428075324324,-13.2428075324324,NULL,2026-01-20 00:00:00.000
11301,108,1086,37.0431551120683,37.0431551120683,NULL,2026-01-20 00:00:00.000
11302,108,1087,2783.40690025786,2783.40690025786,NULL,2026-01-20 00:00:00.000
11303,108,1092,326.645806001666,326.645806001666,NULL,2026-01-20 00:00:00.000
11304,108,1093,1040.18407040787,1040.18407040787,NULL,2026-01-20 00:00:00.000
11305,108,1094,446.333478384538,446.333478384538,NULL,2026-01-20 00:00:00.000
11306,108,1095,1423.34009414117,1423.34009414117,NULL,2026-01-20 00:00:00.000
11307,108,4915,0.631507005258615,0.631507005258615,0,2026-01-20 00:00:00.000
11308,108,4906,0.161204700941841,0.161204700941841,0,2026-01-20 00:00:00.000
11309,108,1098,189.186038848083,189.186038848083,NULL,2026-01-20 00:00:00.000
11310,108,1099,546.854706576147,546.854706576147,NULL,2026-01-20 00:00:00.000
11311,108,1096,166.993307506309,166.993307506309,NULL,2026-01-20 00:00:00.000
11312,108,1097,488.791771250324,488.791771250324,NULL,2026-01-20 00:00:00.000
11313,108,4897,0,0,0,2026-01-20 00:00:00.000
11314,108,4889,166.262129570882,166.262129570882,NULL,2026-01-20 00:00:00.000
11315,108,1090,507.446742306603,507.446742306603,NULL,2026-01-20 00:00:00.000
11316,108,1091,1738.7061069774,1738.7061069774,NULL,2026-01-20 00:00:00.000
11317,108,1088,468.993282491543,468.993282491543,NULL,2026-01-20 00:00:00.000
11318,108,1089,1606.94988540636,1606.94988540636,NULL,2026-01-20 00:00:00.000
11319,108,2925,2.5,2.5,NULL,2026-01-20 00:00:00.000
11320,108,5523,0,0,NULL,2026-01-20 00:00:00.000
11321,108,5524,0,0,NULL,2026-01-20 00:00:00.000
11322,108,5525,0,0,NULL,2026-01-20 00:00:00.000
11323,108,5526,0,0,NULL,2026-01-20 00:00:00.000
11324,108,5527,0,0,NULL,2026-01-20 00:00:00.000
11325,108,186,4.947,4.76524876426188,0,2026-01-20 00:00:00.000
11326,108,2532,-1.32493645561898,-1.32493645561898,0,2026-01-20 00:00:00.000
11327,108,895,1.42192744641568,1.42192744641568,0,2026-01-20 00:00:00.000
11328,108,33,4765.24876426188,4765.24876426188,NULL,2026-01-20 00:00:00.000
11329,108,187,5.406,4.82515674486626,0,2026-01-20 00:00:00.000
11330,108,2533,-4.23425128638991,-4.23425128638991,0,2026-01-20 00:00:00.000
11331,108,896,1.4398037013805,1.4398037013805,0,2026-01-20 00:00:00.000
11332,108,34,4825.15674486626,4825.15674486626,NULL,2026-01-20 00:00:00.000
11333,108,188,5.134,4.9517726862793,0,2026-01-20 00:00:00.000
11334,108,2534,-1.32840698539163,-1.32840698539163,0,2026-01-20 00:00:00.000
11335,108,897,1.47758529288925,1.47758529288925,0,2026-01-20 00:00:00.000
11336,108,35,4951.7726862793,4951.7726862793,NULL,2026-01-20 00:00:00.000
11337,108,189,5.558,5.03407363596598,0,2026-01-20 00:00:00.000
11338,108,2535,-3.81933656158897,-3.81933656158897,0,2026-01-20 00:00:00.000
11339,108,898,1.50214350275717,1.50214350275717,0,2026-01-20 00:00:00.000
11340,108,36,5034.07363596598,5034.07363596598,NULL,2026-01-20 00:00:00.000
11341,108,190,0,6.35683117585585,1,2026-01-20 00:00:00.000
11342,108,2536,46.3402481578852,46.3402481578852,1,2026-01-20 00:00:00.000
11343,108,899,1.89684802794979,1.89684802794979,1,2026-01-20 00:00:00.000
11344,108,37,6356.83117585585,6356.83117585585,NULL,2026-01-20 00:00:00.000
11345,108,255,0,0,NULL,2026-01-20 00:00:00.000
11346,108,253,0,0,NULL,2026-01-20 00:00:00.000
11347,108,256,0,0,NULL,2026-01-20 00:00:00.000
11348,108,254,0,0,NULL,2026-01-20 00:00:00.000
11349,108,4252,99.7414816212654,99.7414816212654,0,2026-01-20 00:00:00.000
11350,108,4275,24.3659371882677,24.3659371882677,0,2026-01-20 00:00:00.000
11351,108,4298,29.5205403573259,29.5205403573259,0,2026-01-20 00:00:00.000
11352,108,422,2268.40407862948,2604.98530612086,1,2026-01-20 00:00:00.000
11353,108,1195,336.581227491379,336.581227491379,1,2026-01-20 00:00:00.000
11354,108,784,6.244,5.94696106991238,0,2026-01-20 00:00:00.000
11355,108,4048,6.24389679720464,5.94696106991238,0,2026-01-20 00:00:00.000
11356,108,875,251.58816701289,251.58816701289,0,2026-01-20 00:00:00.000
11357,108,785,6.779,5.94629747774929,0,2026-01-20 00:00:00.000
11358,108,4049,6.77776062846679,5.94629747774929,0,2026-01-20 00:00:00.000
11359,108,876,251.560093525609,251.560093525609,0,2026-01-20 00:00:00.000
11360,108,786,6.233,5.94662481098768,0,2026-01-20 00:00:00.000
11361,108,4050,6.233,5.94662481098768,0,2026-01-20 00:00:00.000
11362,108,877,251.573941467185,251.573941467185,0,2026-01-20 00:00:00.000
11363,108,787,6.729,5.94629057226562,0,2026-01-20 00:00:00.000
11364,108,4051,6.729,5.94629057226562,0,2026-01-20 00:00:00.000
11365,108,878,251.559801386825,251.559801386825,0,2026-01-20 00:00:00.000
11366,108,788,0,6.09762758891704,1,2026-01-20 00:00:00.000
11367,108,4052,0,6.09762758891704,1,2026-01-20 00:00:00.000
11368,108,879,257.962164236173,257.962164236173,1,2026-01-20 00:00:00.000
11369,108,1199,3.90082477943102,3.90082477943102,1,2026-01-20 00:00:00.000
11370,108,3043,165.02569035818,165.02569035818,1,2026-01-20 00:00:00.000
11371,108,4075,16.3666393341704,16.3674641136015,1,2026-01-20 00:00:00.000
11372,108,4074,14.854,14.854824779431,1,2026-01-20 00:00:00.000
11373,108,4073,1.51263933417043,1.51263933417043,NULL,2026-01-20 00:00:00.000
11374,108,4076,0.30022260086261,0.30022260086261,NULL,2026-01-20 00:00:00.000
11375,108,2486,2.15,2.15,NULL,2026-01-20 00:00:00.000
11376,108,228,1099.26176660834,1255.85384156969,NULL,2026-01-20 00:00:00.000
11377,108,363,91.6204437373931,91.6204437373931,NULL,2026-01-20 00:00:00.000
11378,108,1164,2.33581371095445,2.33581371095445,NULL,2026-01-20 00:00:00.000
11379,108,2707,0.27281966255574,0.27281966255574,NULL,2026-01-20 00:00:00.000
11380,108,2708,0.19068041693461,0.19068041693461,NULL,2026-01-20 00:00:00.000
11381,108,2709,0.018451966460569,0.018451966460569,NULL,2026-01-20 00:00:00.000
11382,108,2706,17.4952622123677,17.4952622123677,NULL,2026-01-20 00:00:00.000
11383,108,4907,4.19933576981227,4.19933576981227,0,2026-01-20 00:00:00.000
11384,108,2887,0,0,NULL,2026-01-20 00:00:00.000
11385,108,413,0.000306438760411825,0.000246615323703736,NULL,2026-01-20 00:00:00.000
11386,108,377,0.306438760411824,0.306438760411824,NULL,2026-01-20 00:00:00.000
11387,108,414,0.299975985538907,0.299975985538907,NULL,2026-01-20 00:00:00.000
11388,108,378,299.975985538907,299.975985538907,NULL,2026-01-20 00:00:00.000
11389,108,2833,3443.7698982657,3443.7698982657,NULL,2026-01-20 00:00:00.000
11390,108,2834,-2.01112425144232,-2.01112425144232,NULL,2026-01-20 00:00:00.000
11391,108,2888,0,0,NULL,2026-01-20 00:00:00.000
11392,108,2835,3.1101913787259,3.1101913787259,NULL,2026-01-20 00:00:00.000
11393,108,375,3285.24387350238,3285.24387350238,NULL,2026-01-20 00:00:00.000
11394,108,415,0.149270406216515,0.149230329009394,NULL,2026-01-20 00:00:00.000
11395,108,379,149.270406216515,149.270406216515,NULL,2026-01-20 00:00:00.000
11396,108,2705,82.0374720292258,82.0374720292258,NULL,2026-01-20 00:00:00.000
11397,108,4077,0.82671858830346,0.82671858830346,NULL,2026-01-20 00:00:00.000
11398,108,5014,3451.13348483615,3451.13348483615,0,2026-01-20 00:00:00.000
11399,108,3055,0,0,NULL,2026-01-20 00:00:00.000
11400,108,3006,3.1315890937282,3.1315890937282,0,2026-01-20 00:00:00.000
11401,108,4183,0,0,0,2026-01-20 00:00:00.000
11402,108,3136,0,0,NULL,2026-01-20 00:00:00.000
11403,108,3117,162.502866220116,162.502866220116,0,2026-01-20 00:00:00.000
11404,108,4182,0,0,0,2026-01-20 00:00:00.000
11405,108,3007,2.12080279204912,2.12080279204912,0,2026-01-20 00:00:00.000
11406,108,4188,2.12080279204912,2.12080279204912,0,2026-01-20 00:00:00.000
11407,108,3137,46.8996951794386,46.8996951794386,NULL,2026-01-20 00:00:00.000
11408,108,3118,155.719447511907,155.719447511907,0,2026-01-20 00:00:00.000
11409,108,4187,155.719447511907,155.719447511907,0,2026-01-20 00:00:00.000
11410,108,3008,3.41350694029861,3.41350694029861,0,2026-01-20 00:00:00.000
11411,108,4193,0,0,0,2026-01-20 00:00:00.000
11412,108,3138,0,0,NULL,2026-01-20 00:00:00.000
11413,108,3119,159.699043792703,159.699043792703,0,2026-01-20 00:00:00.000
11414,108,4192,0,0,0,2026-01-20 00:00:00.000
11415,108,3139,0,0,NULL,2026-01-20 00:00:00.000
11416,108,3120,20.9164469244266,20.9164469244266,0,2026-01-20 00:00:00.000
11417,108,4197,0,0,0,2026-01-20 00:00:00.000
11418,108,3010,2.91156329654488,2.91156329654488,0,2026-01-20 00:00:00.000
11419,108,4203,2.91156329654488,2.91156329654488,0,2026-01-20 00:00:00.000
11420,108,3140,48.3507860347806,48.3507860347806,NULL,2026-01-20 00:00:00.000
11421,108,3121,155.841456103855,155.841456103855,0,2026-01-20 00:00:00.000
11422,108,4202,155.841456103855,155.841456103855,0,2026-01-20 00:00:00.000
11423,108,3011,4.0911351443496,4.0911351443496,0,2026-01-20 00:00:00.000
11424,108,4208,4.0911351443496,4.0911351443496,0,2026-01-20 00:00:00.000
11425,108,3141,40.0631172348742,40.0631172348742,NULL,2026-01-20 00:00:00.000
11426,108,3122,154.961114064047,154.961114064047,0,2026-01-20 00:00:00.000
11427,108,4207,154.961114064047,154.961114064047,0,2026-01-20 00:00:00.000
11428,108,3012,2.79720973737041,2.79720973737041,0,2026-01-20 00:00:00.000
11429,108,4213,0,0,0,2026-01-20 00:00:00.000
11430,108,3142,0,0,NULL,2026-01-20 00:00:00.000
11431,108,3123,165.828273254485,165.828273254485,0,2026-01-20 00:00:00.000
11432,108,4212,0,0,0,2026-01-20 00:00:00.000
11433,108,3013,2.90345272438063,2.90345272438063,0,2026-01-20 00:00:00.000
11434,108,4218,0,0,0,2026-01-20 00:00:00.000
11435,108,3143,0,0,NULL,2026-01-20 00:00:00.000
11436,108,3124,163.503394559041,163.503394559041,0,2026-01-20 00:00:00.000
11437,108,4217,0,0,0,2026-01-20 00:00:00.000
11438,108,3014,5.05512322020531,5.05512322020531,0,2026-01-20 00:00:00.000
11439,108,4223,5.05512322020531,5.05512322020531,0,2026-01-20 00:00:00.000
11440,108,3144,46.9359793386545,46.9359793386545,NULL,2026-01-20 00:00:00.000
11441,108,3125,151.287224911937,151.287224911937,0,2026-01-20 00:00:00.000
11442,108,4222,151.287224911937,151.287224911937,0,2026-01-20 00:00:00.000
11443,108,3145,0,0,0,2026-01-20 00:00:00.000
11444,108,3146,92.7381371355743,92.7381371355743,0,2026-01-20 00:00:00.000
11445,108,3147,0,0,0,2026-01-20 00:00:00.000
11446,108,3149,92.4072587932261,92.4072587932261,0,2026-01-20 00:00:00.000
11447,108,3150,91.9914101324591,91.9914101324591,0,2026-01-20 00:00:00.000
11448,108,3151,0,0,0,2026-01-20 00:00:00.000
11449,108,3152,0,0,0,2026-01-20 00:00:00.000
11450,108,3153,91.9911394600721,91.9911394600721,0,2026-01-20 00:00:00.000
11451,108,5160,0,0,NULL,2026-01-20 00:00:00.000
11452,108,2986,0,0,NULL,2026-01-20 00:00:00.000
11453,108,5161,0,0,NULL,2026-01-20 00:00:00.000
11454,108,2987,1,1,NULL,2026-01-20 00:00:00.000
11455,108,5162,0,0,NULL,2026-01-20 00:00:00.000
11456,108,2988,0,0,NULL,2026-01-20 00:00:00.000
11457,108,5163,0,0,NULL,2026-01-20 00:00:00.000
11458,108,2989,0,0,NULL,2026-01-20 00:00:00.000
11459,108,5164,0,0,NULL,2026-01-20 00:00:00.000
11460,108,2990,1,1,NULL,2026-01-20 00:00:00.000
11461,108,5165,0,0,NULL,2026-01-20 00:00:00.000
11462,108,2991,1,1,NULL,2026-01-20 00:00:00.000
11463,108,5166,0,0,NULL,2026-01-20 00:00:00.000
11464,108,2992,0,0,NULL,2026-01-20 00:00:00.000
11465,108,5167,0,0,NULL,2026-01-20 00:00:00.000
11466,108,2993,0,0,NULL,2026-01-20 00:00:00.000
11467,108,5168,0,0,NULL,2026-01-20 00:00:00.000
11468,108,2994,1,1,NULL,2026-01-20 00:00:00.000
11469,108,5514,0,0,NULL,2026-01-20 00:00:00.000
11470,108,648,4.38563148503171,4.38563148503171,0,2026-01-20 00:00:00.000
11471,108,991,329.53448215993,329.53448215993,NULL,2026-01-20 00:00:00.000
11472,108,4184,0,0,0,2026-01-20 00:00:00.000
11473,108,458,53.6062847010824,53.6062847010824,NULL,2026-01-20 00:00:00.000
11474,108,1000,183.675579743551,183.675579743551,NULL,2026-01-20 00:00:00.000
11475,108,5515,0,0,NULL,2026-01-20 00:00:00.000
11476,108,649,4.57547153369917,4.57547153369917,0,2026-01-20 00:00:00.000
11477,108,992,343.798982573237,343.798982573237,NULL,2026-01-20 00:00:00.000
11478,108,4189,4.57547153369917,4.57547153369917,0,2026-01-20 00:00:00.000
11479,108,461,59.2153380579419,59.2153380579419,NULL,2026-01-20 00:00:00.000
11480,108,1001,202.894336142702,202.894336142702,NULL,2026-01-20 00:00:00.000
11481,108,5516,0,0,NULL,2026-01-20 00:00:00.000
11482,108,650,5.01622019771073,5.01622019771073,0,2026-01-20 00:00:00.000
11483,108,993,376.916649493826,376.916649493826,NULL,2026-01-20 00:00:00.000
11484,108,4194,0,0,0,2026-01-20 00:00:00.000
11485,108,464,62.8566658524937,62.8566658524937,NULL,2026-01-20 00:00:00.000
11486,108,1002,215.37091416765,215.37091416765,NULL,2026-01-20 00:00:00.000
11487,108,5517,0,0,NULL,2026-01-20 00:00:00.000
11488,108,651,0.00367157721231885,0.00367157721231885,0,2026-01-20 00:00:00.000
11489,108,994,0.275880748188979,0.275880748188979,NULL,2026-01-20 00:00:00.000
11490,108,4199,0,0,0,2026-01-20 00:00:00.000
11491,108,467,-4.20578131885841,-4.20578131885841,NULL,2026-01-20 00:00:00.000
11492,108,1003,-14.4106111125495,-14.4106111125495,NULL,2026-01-20 00:00:00.000
11493,108,5518,0,0,NULL,2026-01-20 00:00:00.000
11494,108,652,4.78583199377855,4.78583199377855,0,2026-01-20 00:00:00.000
11495,108,995,359.605377961399,359.605377961399,NULL,2026-01-20 00:00:00.000
11496,108,4204,4.78583199377855,4.78583199377855,0,2026-01-20 00:00:00.000
11497,108,470,61.634208491087,61.634208491087,NULL,2026-01-20 00:00:00.000
11498,108,1004,211.182308935629,211.182308935629,NULL,2026-01-20 00:00:00.000
11499,108,5519,0,0,NULL,2026-01-20 00:00:00.000
11500,108,653,4.23804990045561,4.23804990045561,0,2026-01-20 00:00:00.000
11501,108,996,318.44526474264,318.44526474264,NULL,2026-01-20 00:00:00.000
11502,108,4209,4.23804990045561,4.23804990045561,0,2026-01-20 00:00:00.000
11503,108,473,52.512444746044,52.512444746044,NULL,2026-01-20 00:00:00.000
11504,108,1005,179.927666807434,179.927666807434,NULL,2026-01-20 00:00:00.000
11505,108,5520,0,0,NULL,2026-01-20 00:00:00.000
11506,108,654,4.73223664264878,4.73223664264878,0,2026-01-20 00:00:00.000
11507,108,997,355.578246101139,355.578246101139,NULL,2026-01-20 00:00:00.000
11508,108,4214,0,0,0,2026-01-20 00:00:00.000
11509,108,476,60.9982924285995,60.9982924285995,NULL,2026-01-20 00:00:00.000
11510,108,1006,209.003417932513,209.003417932513,NULL,2026-01-20 00:00:00.000
11511,108,5521,0,0,NULL,2026-01-20 00:00:00.000
11512,108,655,4.8228377252486,4.8228377252486,0,2026-01-20 00:00:00.000
11513,108,998,362.385972865132,362.385972865132,NULL,2026-01-20 00:00:00.000
11514,108,4219,0,0,0,2026-01-20 00:00:00.000
11515,108,479,61.7403630756802,61.7403630756802,NULL,2026-01-20 00:00:00.000
11516,108,1007,211.546035035587,211.546035035587,NULL,2026-01-20 00:00:00.000
11517,108,5522,0.78535394189061,0.78535394189061,NULL,2026-01-20 00:00:00.000
11518,108,656,4.48320405628284,4.48320405628284,0,2026-01-20 00:00:00.000
11519,108,999,336.866043612367,336.866043612367,NULL,2026-01-20 00:00:00.000
11520,108,4224,4.48320405628284,4.48320405628284,0,2026-01-20 00:00:00.000
11521,108,482,60.6354664574729,60.6354664574729,NULL,2026-01-20 00:00:00.000
11522,108,1008,207.76023775384,207.76023775384,NULL,2026-01-20 00:00:00.000
11523,108,1181,52.8430787654585,52.8430787654585,NULL,2026-01-20 00:00:00.000
11524,108,4185,0,0,0,2026-01-20 00:00:00.000
11525,108,1182,62.9087463605669,62.9087463605669,NULL,2026-01-20 00:00:00.000
11526,108,4190,62.9087463605669,62.9087463605669,0,2026-01-20 00:00:00.000
11527,108,1183,63.6716537498169,63.6716537498169,NULL,2026-01-20 00:00:00.000
11528,108,4195,0,0,0,2026-01-20 00:00:00.000
11529,108,1184,-0.0450120646273351,-0.0450120646273351,NULL,2026-01-20 00:00:00.000
11530,108,4200,0,0,0,2026-01-20 00:00:00.000
11531,108,1185,64.8551621360977,64.8551621360977,NULL,2026-01-20 00:00:00.000
11532,108,4205,64.8551621360977,64.8551621360977,0,2026-01-20 00:00:00.000
11533,108,1186,53.7385258240932,53.7385258240932,NULL,2026-01-20 00:00:00.000
11534,108,4210,53.7385258240932,53.7385258240932,0,2026-01-20 00:00:00.000
11535,108,1187,62.1966398437056,62.1966398437056,NULL,2026-01-20 00:00:00.000
11536,108,4215,0,0,0,2026-01-20 00:00:00.000
11537,108,1188,61.0585592622569,61.0585592622569,NULL,2026-01-20 00:00:00.000
11538,108,4220,0,0,0,2026-01-20 00:00:00.000
11539,108,1189,62.9574159939256,62.9574159939256,NULL,2026-01-20 00:00:00.000
11540,108,4225,62.9574159939256,62.9574159939256,0,2026-01-20 00:00:00.000
11541,108,5025,4,4,0,2026-01-20 00:00:00.000
11542,108,4257,17.6501141647763,17.6501141647763,0,2026-01-20 00:00:00.000
11543,108,4280,143.008837835524,143.008837835524,0,2026-01-20 00:00:00.000
11544,108,2778,859735.29020081,859735.29020081,0,2026-01-20 00:00:00.000
11545,108,5248,859.73529020081,859.73529020081,NULL,2026-01-20 00:00:00.000
11546,108,2898,2679.58966612752,2679.58966612752,NULL,2026-01-20 00:00:00.000
11547,108,2491,0.000181249352465329,0,NULL,2026-01-20 00:00:00.000
11548,108,326,376.128821249352,433.068594717844,1,2026-01-20 00:00:00.000
11549,108,2496,415.081533485654,415.081533485654,NULL,2026-01-20 00:00:00.000
11550,108,794,7.28983464810142,7.28983464810142,NULL,2026-01-20 00:00:00.000
11551,108,214,762.179991977611,762.179991977611,NULL,2026-01-20 00:00:00.000
11552,108,2492,2.28595911035478,2.28595911035478,NULL,2026-01-20 00:00:00.000
11553,108,137,303.91321923399,303.91321923399,NULL,2026-01-20 00:00:00.000
11554,108,1011,994.816230264925,994.816230264925,NULL,2026-01-20 00:00:00.000
11555,108,325,379.761,437.251048600803,1,2026-01-20 00:00:00.000
11556,108,327,3.633,4.18245388295918,NULL,2026-01-20 00:00:00.000
11557,108,3,44.7555605015225,44.7555605015225,NULL,2026-01-20 00:00:00.000
11558,108,4,399.835753500197,399.835753500197,NULL,2026-01-20 00:00:00.000
11559,108,337,174.94618422962,174.94618422962,0,2026-01-20 00:00:00.000
11560,108,131,0,0,NULL,2026-01-20 00:00:00.000
11561,108,322,0,0,0,2026-01-20 00:00:00.000
11562,108,2541,0,0,NULL,2026-01-20 00:00:00.000
11563,108,1037,0,0,NULL,2026-01-20 00:00:00.000
11564,108,130,0,0,NULL,2026-01-20 00:00:00.000
11565,108,321,0,0,0,2026-01-20 00:00:00.000
11566,108,2540,0,0,NULL,2026-01-20 00:00:00.000
11567,108,30,0,0,NULL,2026-01-20 00:00:00.000
11568,108,319,0,0,0,2026-01-20 00:00:00.000
11569,108,2538,0,0,NULL,2026-01-20 00:00:00.000
11570,108,311,2.317210818863,2.317210818863,0,2026-01-20 00:00:00.000
11571,108,1029,7.38949513041873,7.38949513041873,NULL,2026-01-20 00:00:00.000
11572,108,313,2.317210818863,2.317210818863,0,2026-01-20 00:00:00.000
11573,108,126,22.7177531261079,22.7177531261079,NULL,2026-01-20 00:00:00.000
11574,108,125,5.02393076811975,5.02393076811975,NULL,2026-01-20 00:00:00.000
11575,108,310,7.03852700613578,7.03852700613578,0,2026-01-20 00:00:00.000
11576,108,1016,20.3453259241792,20.3453259241792,NULL,2026-01-20 00:00:00.000
11577,108,312,7.03852700613578,7.03852700613578,0,2026-01-20 00:00:00.000
11578,108,122,0,0,NULL,2026-01-20 00:00:00.000
11579,108,120,0,0,NULL,2026-01-20 00:00:00.000
11580,108,121,0,0,NULL,2026-01-20 00:00:00.000
11581,108,302,0,0,0,2026-01-20 00:00:00.000
11582,108,979,0,0,NULL,2026-01-20 00:00:00.000
11583,108,305,0,0,0,2026-01-20 00:00:00.000
11584,108,300,0,0,0,2026-01-20 00:00:00.000
11585,108,933,0,0,NULL,2026-01-20 00:00:00.000
11586,108,303,0,0,0,2026-01-20 00:00:00.000
11587,108,301,0,0,0,2026-01-20 00:00:00.000
11588,108,956,0,0,NULL,2026-01-20 00:00:00.000
11589,108,304,0,0,0,2026-01-20 00:00:00.000
11590,108,286,54.625,205.238911790865,1,2026-01-20 00:00:00.000
11591,108,287,52.848,207.952557650553,1,2026-01-20 00:00:00.000
11592,108,290,79.49,227.81519208786,1,2026-01-20 00:00:00.000
11593,108,291,77.714,230.827338992114,1,2026-01-20 00:00:00.000
11594,108,118,20.213700151987,97.9024834471109,NULL,2026-01-20 00:00:00.000
11595,108,119,19.5168637504641,99.963513872466,NULL,2026-01-20 00:00:00.000
11596,108,2422,0.8,0.8,NULL,2026-01-20 00:00:00.000
11597,108,2416,233.073,274.002892388238,NULL,2026-01-20 00:00:00.000
11598,108,880,0,0,NULL,2026-01-20 00:00:00.000
11599,108,3030,0,0,NULL,2026-01-20 00:00:00.000
11600,108,4838,108.881241677072,108.881241677072,NULL,2026-01-20 00:00:00.000
11601,108,4833,1000,1000,NULL,2026-01-20 00:00:00.000
11602,108,4834,630.031231591966,630.031231591966,NULL,2026-01-20 00:00:00.000
11603,108,4835,792.675541687464,792.675541687464,NULL,2026-01-20 00:00:00.000
11604,108,4836,2.00278695302705,2.00278695302705,NULL,2026-01-20 00:00:00.000
11605,108,4837,729.197519917241,729.197519917241,NULL,2026-01-20 00:00:00.000
11606,108,4991,14.4246313265743,14.4246313265743,0,2026-01-20 00:00:00.000
11607,108,4992,22.7474259673493,22.7474259673493,0,2026-01-20 00:00:00.000
11608,108,4993,34.3081029946987,34.3081029946987,0,2026-01-20 00:00:00.000
11609,108,3381,31.6510414057836,31.6510414057836,0,2026-01-20 00:00:00.000
11610,108,3359,1.26058281751994,1.26058281751994,0,2026-01-20 00:00:00.000
11611,108,3033,45605.4134943305,45605.4134943305,NULL,2026-01-20 00:00:00.000
11612,108,5242,45.6054134943305,45.6054134943305,NULL,2026-01-20 00:00:00.000
11613,108,2654,1.04695811457007,1.04695811457007,NULL,2026-01-20 00:00:00.000
11614,108,3056,0,0,NULL,2026-01-20 00:00:00.000
11615,108,2672,796.889172704061,796.889172704061,NULL,2026-01-20 00:00:00.000
11616,108,3057,1,1,NULL,2026-01-20 00:00:00.000
11617,108,3058,1,1,NULL,2026-01-20 00:00:00.000
11618,108,4701,499.680398607453,499.680398607453,0,2026-01-20 00:00:00.000
11619,108,4699,31.3610392272633,31.3610392272633,0,2026-01-20 00:00:00.000
11620,108,4702,35.709116082025,35.709116082025,0,2026-01-20 00:00:00.000
11621,108,4700,0.158369684843346,0.158369684843346,0,2026-01-20 00:00:00.000
11622,108,4703,10,10,0,2026-01-20 00:00:00.000
11623,108,3076,1,1,NULL,2026-01-20 00:00:00.000
11624,108,4876,54.2576885559824,54.2576885559824,NULL,2026-01-20 00:00:00.000
11625,108,5231,148.891915833819,148.347061795767,0,2026-01-20 00:00:00.000
11626,108,4718,859862.021189236,859862.021189236,NULL,2026-01-20 00:00:00.000
11627,108,4719,259.194888246324,259.194888246324,NULL,2026-01-20 00:00:00.000
11628,108,4720,3.11155845161941,3.11155845161941,0,2026-01-20 00:00:00.000
11629,108,2871,0,0,NULL,2026-01-20 00:00:00.000
11630,108,917,2.41051486134529,2.41051486134529,NULL,2026-01-20 00:00:00.000
11631,108,136,804.719103402032,804.719103402032,NULL,2026-01-20 00:00:00.000
11632,108,1135,0.811506098475721,0.811506098475721,NULL,2026-01-20 00:00:00.000
11633,108,5256,-0.796347666641979,-0.796347666641979,NULL,2026-01-20 00:00:00.000
11634,108,2820,3.12476908095567,3.12476908095567,NULL,2026-01-20 00:00:00.000
11635,108,5255,-0.796347666641979,-0.796347666641979,NULL,2026-01-20 00:00:00.000
11636,108,393,1,1,NULL,2026-01-20 00:00:00.000
11637,108,400,6,6,NULL,2026-01-20 00:00:00.000
11638,108,201,42.3053327666389,42.3053327666389,NULL,2026-01-20 00:00:00.000
11639,108,1015,11.562263471572,11.562263471572,NULL,2026-01-20 00:00:00.000
11640,108,2453,167.449600827636,167.420307916005,NULL,2026-01-20 00:00:00.000
11641,108,2446,23.3828886765095,27.292655799124,NULL,2026-01-20 00:00:00.000
11642,108,2479,98.7878583142862,115.305814067919,NULL,2026-01-20 00:00:00.000
11643,108,1014,44.6124545857601,44.6124545857601,NULL,2026-01-20 00:00:00.000
11644,108,2652,401.968678538005,401.968678538005,NULL,2026-01-20 00:00:00.000
11645,108,332,235.920600827636,260.317424350484,1,2026-01-20 00:00:00.000
11646,108,2498,103.071522891651,103.071522891651,NULL,2026-01-20 00:00:00.000
11647,108,805,4.22479273972376,4.22479273972376,NULL,2026-01-20 00:00:00.000
11648,108,2472,4.10774803757677,4.10679317287744,NULL,2026-01-20 00:00:00.000
11649,108,2473,4.51348485131638,4.51282695009364,NULL,2026-01-20 00:00:00.000
11650,108,32,0,6.53202106433003,NULL,2026-01-20 00:00:00.000
11651,108,318,0,4.72918325057494,1,2026-01-20 00:00:00.000
11652,108,2537,19.9798190618522,19.9798190618522,NULL,2026-01-20 00:00:00.000
11653,108,915,13.6700156871232,13.6700156871232,NULL,2026-01-20 00:00:00.000
11654,108,216,690.861823110182,690.861823110182,NULL,2026-01-20 00:00:00.000
11655,108,2494,1.46157981959543,1.46157981959543,NULL,2026-01-20 00:00:00.000
11656,108,3399,0.92020252160728,0.92020252160728,0,2026-01-20 00:00:00.000
11657,108,2450,233.073,274.002892388238,NULL,2026-01-20 00:00:00.000
11658,108,2451,10.277,6.5148095091184,NULL,2026-01-20 00:00:00.000
11659,108,2452,21.6301812493525,12.2741600930131,NULL,2026-01-20 00:00:00.000
11660,108,138,79.2516949266769,79.2516949266769,NULL,2026-01-20 00:00:00.000
11661,108,1017,229.362145381416,229.362145381416,NULL,2026-01-20 00:00:00.000
11662,108,331,254.885,281.242964480248,1,2026-01-20 00:00:00.000
11663,108,333,18.964,20.9255401297631,NULL,2026-01-20 00:00:00.000
11664,108,7,5.06870539144013,5.06870539144013,NULL,2026-01-20 00:00:00.000
11665,108,2734,3.69099180005656,3.69099180005656,0,2026-01-20 00:00:00.000
11666,108,2650,75.5590267732408,75.5590267732408,NULL,2026-01-20 00:00:00.000
11667,108,8,229.245655958255,229.245655958255,NULL,2026-01-20 00:00:00.000
11668,108,339,4.72918325057494,4.72918325057494,0,2026-01-20 00:00:00.000
11669,108,2649,-0.0790363329214354,-0.0790363329214354,NULL,2026-01-20 00:00:00.000
11670,108,340,5.68097611760351,6.69129413966377,1,2026-01-20 00:00:00.000
11671,108,2783,0,0,NULL,2026-01-20 00:00:00.000
11672,108,132,15.9130983686373,15.9130983686373,NULL,2026-01-20 00:00:00.000
11673,108,323,5.68097611760351,5.68097611760351,0,2026-01-20 00:00:00.000
11674,108,2542,0,0,NULL,2026-01-20 00:00:00.000
11675,108,1023,16.42123566186,16.42123566186,NULL,2026-01-20 00:00:00.000
11676,108,31,0,0.836355978526705,NULL,2026-01-20 00:00:00.000
11677,108,320,0,1.01031802206026,1,2026-01-20 00:00:00.000
11678,108,2539,4.26838424441226,4.26838424441226,NULL,2026-01-20 00:00:00.000
11679,108,914,2.92039079028456,2.92039079028456,NULL,2026-01-20 00:00:00.000
11680,108,315,13.0179195319112,13.0179195319112,0,2026-01-20 00:00:00.000
11681,108,314,13.0179195319112,13.0179195319112,0,2026-01-20 00:00:00.000
11682,108,1022,37.6291538699202,37.6291538699202,NULL,2026-01-20 00:00:00.000
11683,108,127,32.873534171493,32.873534171493,NULL,2026-01-20 00:00:00.000
11684,108,285,243.351,280.312712924963,NULL,2026-01-20 00:00:00.000
11685,108,2443,1.9818,1.9818,NULL,2026-01-20 00:00:00.000
11686,108,2445,192.862181065815,254.027885591863,NULL,2026-01-20 00:00:00.000
11687,108,2442,92.6420314467361,122.023194154993,NULL,2026-01-20 00:00:00.000
11688,108,2489,40,40,NULL,2026-01-20 00:00:00.000
11689,108,4785,2.92080324143171,2.92080324143171,NULL,2026-01-20 00:00:00.000
11690,108,4786,5,5,NULL,2026-01-20 00:00:00.000
11691,108,5181,2.93838152439224,2.93838152439224,NULL,2026-01-20 00:00:00.000
11692,108,5182,1,1,NULL,2026-01-20 00:00:00.000
11693,108,3035,17.02997383562,17.02997383562,NULL,2026-01-20 00:00:00.000
11694,108,3037,168.028964696745,168.028964696745,NULL,2026-01-20 00:00:00.000
11695,108,3038,141.482501458062,141.482501458062,NULL,2026-01-20 00:00:00.000
11696,108,5216,10,10,NULL,2026-01-20 00:00:00.000
11697,108,5290,0,0,NULL,2026-01-20 00:00:00.000
11698,108,5009,15.7451565806658,15.7451565806658,0,2026-01-20 00:00:00.000
11699,108,345,0,4,NULL,2026-01-20 00:00:00.000
11700,108,2428,128.928963774245,160.389763132731,NULL,2026-01-20 00:00:00.000
11701,108,2661,401.353887142605,401.353887142605,NULL,2026-01-20 00:00:00.000
11702,108,329,149.943963774245,166.866502372789,1,2026-01-20 00:00:00.000
11703,108,2497,113.481539930939,113.481539930939,NULL,2026-01-20 00:00:00.000
11704,108,215,740,740,NULL,2026-01-20 00:00:00.000
11705,108,2493,2.16588957809202,2.16588957809202,NULL,2026-01-20 00:00:00.000
11706,108,328,157.204,174.94618422962,1,2026-01-20 00:00:00.000
11707,108,837,6.7059406761054,6.7059406761054,NULL,2026-01-20 00:00:00.000
11708,108,330,7.26,8.07968185683086,NULL,2026-01-20 00:00:00.000
11709,108,5267,20.999742727836,20.999742727836,NULL,2026-01-20 00:00:00.000
11710,108,2660,72.6711599519518,72.6711599519518,NULL,2026-01-20 00:00:00.000
11711,108,6,279.909576247321,279.909576247321,NULL,2026-01-20 00:00:00.000
11712,108,338,0.0120243532230342,0.0120243532230342,0,2026-01-20 00:00:00.000
11713,108,5653,7.3115720683248,7.3115720683248,NULL,2026-01-20 00:00:00.000
11714,108,5652,33.4053012914093,33.4053012914093,NULL,2026-01-20 00:00:00.000
11715,108,296,4.39,0.00300158886722819,0,2026-01-20 00:00:00.000
11716,108,297,4.424,0.00902276435580598,0,2026-01-20 00:00:00.000
11717,108,298,0.962,0,0,2026-01-20 00:00:00.000
11718,108,299,0.962,0,0,2026-01-20 00:00:00.000
11719,108,292,4.39,0.00300158886722819,0,2026-01-20 00:00:00.000
11720,108,891,0.00867629032905743,0.00867629032905743,NULL,2026-01-20 00:00:00.000
11721,108,293,4.424,0.00902276435580598,0,2026-01-20 00:00:00.000
11722,108,892,0.0260808946809344,0.0260808946809344,NULL,2026-01-20 00:00:00.000
11723,108,294,0.962,0,0,2026-01-20 00:00:00.000
11724,108,893,0,0,NULL,2026-01-20 00:00:00.000
11725,108,295,0.962,0,0,2026-01-20 00:00:00.000
11726,108,894,0,0,NULL,2026-01-20 00:00:00.000
11727,108,2784,0,0,NULL,2026-01-20 00:00:00.000
11728,108,114,28.0617385353306,0.0635286994505967,NULL,2026-01-20 00:00:00.000
11729,108,115,28.1893760620869,0.189009333943958,NULL,2026-01-20 00:00:00.000
11730,108,116,1.42097488921713,0,NULL,2026-01-20 00:00:00.000
11731,108,117,1.42097488921713,0,NULL,2026-01-20 00:00:00.000
11732,108,2423,0.8,0.8,NULL,2026-01-20 00:00:00.000
11733,108,2431,1.69031271653089,1.07152528549569,NULL,2026-01-20 00:00:00.000
11734,108,416,37.9434005544676,41.4892946956923,1,2026-01-20 00:00:00.000
11735,108,2499,305.690669667634,305.690669667634,NULL,2026-01-20 00:00:00.000
11736,108,874,1605.20818675462,1755.21841835441,1,2026-01-20 00:00:00.000
11737,108,380,41489.2946956923,41489.2946956923,NULL,2026-01-20 00:00:00.000
11738,108,2899,0,0,NULL,2026-01-20 00:00:00.000
11739,108,5678,93439.1187731974,93439.1187731974,NULL,2026-01-20 00:00:00.000
11740,108,405,0,0,NULL,2026-01-20 00:00:00.000
11741,108,368,2.01811623573303,2.01811623573303,NULL,2026-01-20 00:00:00.000
11742,108,407,1.51053348574006,1.51053348574006,NULL,2026-01-20 00:00:00.000
11743,108,370,1.51053348574006,1.51053348574006,NULL,2026-01-20 00:00:00.000
11744,108,409,0.00210584843037602,0.00210584843037602,NULL,2026-01-20 00:00:00.000
11745,108,372,2.10584843037602,2.10584843037602,NULL,2026-01-20 00:00:00.000
11746,108,3398,4834.451,5495.19043888686,NULL,2026-01-20 00:00:00.000
11747,108,360,10856.1490909332,11728.0512434979,NULL,2026-01-20 00:00:00.000
11748,108,366,13.7521071525428,13.7521071525428,1,2026-01-20 00:00:00.000
11749,108,362,871.900092099672,871.900092099672,1,2026-01-20 00:00:00.000
11750,108,3361,210.894409535336,210.894409535336,1,2026-01-20 00:00:00.000
11751,108,364,3.90082477943102,3.90082477943102,NULL,2026-01-20 00:00:00.000
11752,108,1166,8.16990695196638,8.16990695196638,NULL,2026-01-20 00:00:00.000
11753,108,1167,179.421896626862,179.421896626862,1,2026-01-20 00:00:00.000
11754,108,3391,63.5970418548584,63.5970418548584,NULL,2026-01-20 00:00:00.000
11755,108,5605,14729.9747320624,14729.9747320624,NULL,2026-01-20 00:00:00.000
11756,108,5601,927.247175835629,927.247175835629,NULL,2026-01-20 00:00:00.000
11757,108,5602,56.259334917394,56.259334917394,NULL,2026-01-20 00:00:00.000
11758,108,5603,6055.93200144148,6055.93200144148,NULL,2026-01-20 00:00:00.000
11759,108,3135,0.34134659340274,0.34134659340274,0,2026-01-20 00:00:00.000
11760,108,4186,0,0,0,2026-01-20 00:00:00.000
11761,108,4191,0.34134659340274,0.34134659340274,0,2026-01-20 00:00:00.000
11762,108,4196,0,0,0,2026-01-20 00:00:00.000
11763,108,4201,0,0,0,2026-01-20 00:00:00.000
11764,108,4206,0.34134659340274,0.34134659340274,0,2026-01-20 00:00:00.000
11765,108,4211,0.34134659340274,0.34134659340274,0,2026-01-20 00:00:00.000
11766,108,4216,0,0,0,2026-01-20 00:00:00.000
11767,108,4221,0,0,0,2026-01-20 00:00:00.000
11768,108,4226,0.34134659340274,0.34134659340274,0,2026-01-20 00:00:00.000
11769,108,5604,0.674566215812217,0.674566215812217,NULL,2026-01-20 00:00:00.000
11770,108,2918,23.1108720302582,23.1108720302582,NULL,2026-01-20 00:00:00.000
11771,108,2919,10.8263971640004,10.8263971640004,NULL,2026-01-20 00:00:00.000
11772,108,2424,0.756051749793328,0.720931042828908,NULL,2026-01-20 00:00:00.000
11773,108,3032,24.18790999637,24.18790999637,NULL,2026-01-20 00:00:00.000
11774,108,2817,1,1,NULL,2026-01-20 00:00:00.000
11775,108,2818,1,1,NULL,2026-01-20 00:00:00.000
11776,108,4829,22.4532612828921,22.4532612828921,NULL,2026-01-20 00:00:00.000
11777,108,4830,71.3631576559279,71.3631576559279,NULL,2026-01-20 00:00:00.000
11778,108,4831,-0.541531790270049,-0.541531790270049,NULL,2026-01-20 00:00:00.000
11779,108,4832,0.384743064013562,0.384743064013562,NULL,2026-01-20 00:00:00.000
11780,108,2924,275.783911697018,275.123669921557,0,2026-01-20 00:00:00.000
11781,108,2981,-0.92289501494156,-0.92289501494156,0,2026-01-20 00:00:00.000
11782,108,2921,0.000181249352465329,0,0,2026-01-20 00:00:00.000
11783,108,2978,0,0,0,2026-01-20 00:00:00.000
11784,108,4102,0,0,NULL,2026-01-20 00:00:00.000
11785,108,2923,168.449600827636,168.231814014481,0,2026-01-20 00:00:00.000
11786,108,2980,-0.920104147024766,-0.920104147024766,0,2026-01-20 00:00:00.000
11787,108,4104,710.744546438939,710.744546438939,NULL,2026-01-20 00:00:00.000
11788,108,2922,128.928963774245,160.389763132731,1,2026-01-20 00:00:00.000
11789,108,2979,210.974254120861,210.974254120861,1,2026-01-20 00:00:00.000
11790,108,4103,1075.56423662269,1075.56423662269,NULL,2026-01-20 00:00:00.000
11791,108,1232,0,0,NULL,2026-01-20 00:00:00.000
11792,108,383,319.210704842038,319.210704842038,NULL,2026-01-20 00:00:00.000
11793,108,421,2379.72492,2772.61416479566,1,2026-01-20 00:00:00.000
11794,108,1194,392.889244795655,392.889244795655,1,2026-01-20 00:00:00.000
11795,108,1198,8.16990695196638,8.16990695196638,1,2026-01-20 00:00:00.000
11796,108,3041,29.411665027079,29.411665027079,1,2026-01-20 00:00:00.000
11797,108,4080,45,45,NULL,2026-01-20 00:00:00.000
11798,108,4079,53.5,53.5,NULL,2026-01-20 00:00:00.000
11799,108,1165,0.568,0.568,NULL,2026-01-20 00:00:00.000
11800,108,1120,7,7,0,2026-01-20 00:00:00.000
11801,108,5511,0,0,NULL,2026-01-20 00:00:00.000
11802,108,5512,0.815259394375362,0.815259394375362,NULL,2026-01-20 00:00:00.000
11803,108,5513,0.97304803791188,0.97304803791188,NULL,2026-01-20 00:00:00.000
11804,108,5097,0,0,NULL,2026-01-20 00:00:00.000
11805,108,1134,336.016815185547,336.016815185547,NULL,2026-01-20 00:00:00.000
11806,108,1127,25.2000007629395,25.2000007629395,NULL,2026-01-20 00:00:00.000
11807,108,1116,0,0,0,2026-01-20 00:00:00.000
11808,108,5094,0,0,NULL,2026-01-20 00:00:00.000
11809,108,1130,0,0,NULL,2026-01-20 00:00:00.000
11810,108,1123,0,0,NULL,2026-01-20 00:00:00.000
11811,108,1117,13,13,0,2026-01-20 00:00:00.000
11812,108,5095,0,0,NULL,2026-01-20 00:00:00.000
11813,108,1131,624.031188964844,624.031188964844,NULL,2026-01-20 00:00:00.000
11814,108,1124,46.8,46.8,NULL,2026-01-20 00:00:00.000
11815,108,1118,24,24,0,2026-01-20 00:00:00.000
11816,108,5096,0,0,NULL,2026-01-20 00:00:00.000
11817,108,1132,1152.0576171875,1152.0576171875,NULL,2026-01-20 00:00:00.000
11818,108,1125,86.4,86.4,NULL,2026-01-20 00:00:00.000
11819,108,1115,3.5,3.5,0,2026-01-20 00:00:00.000
11820,108,1129,168.0084,168.0084,NULL,2026-01-20 00:00:00.000
11821,108,1122,12.6,12.6,NULL,2026-01-20 00:00:00.000
11822,108,1119,6,6,0,2026-01-20 00:00:00.000
11823,108,1133,280.014007568359,280.014007568359,NULL,2026-01-20 00:00:00.000
11824,108,1126,21,21,NULL,2026-01-20 00:00:00.000
11825,108,1114,45,45,NULL,2026-01-20 00:00:00.000
11826,108,1128,2159.4599609375,2159.4599609375,NULL,2026-01-20 00:00:00.000
11827,108,1121,162,162,NULL,2026-01-20 00:00:00.000
11828,108,519,11.2237147296932,11.2237147296932,NULL,2026-01-20 00:00:00.000
11829,108,1021,32.4428867086191,32.4428867086191,NULL,2026-01-20 00:00:00.000
11830,108,3270,-0.0102187348529696,-0.0102187348529696,NULL,2026-01-20 00:00:00.000
11831,108,3271,13.0080833435059,13.0080833435059,NULL,2026-01-20 00:00:00.000
11832,108,3275,343.244478240244,343.244478240244,NULL,2026-01-20 00:00:00.000
11833,108,3247,0.0581249060436514,0.0581249060436514,NULL,2026-01-20 00:00:00.000
11834,108,3249,-0.00907500274479389,-0.00907500274479389,NULL,2026-01-20 00:00:00.000
11835,108,3250,0.307722674411642,0.307722674411642,NULL,2026-01-20 00:00:00.000
11836,108,3251,48.846443912718,48.846443912718,NULL,2026-01-20 00:00:00.000
11837,108,3253,71.7147429105971,71.7147429105971,NULL,2026-01-20 00:00:00.000
11838,108,3254,626.329002118429,626.329002118429,NULL,2026-01-20 00:00:00.000
11839,108,3272,17.1890923976898,17.1890923976898,NULL,2026-01-20 00:00:00.000
11840,108,3255,73.0661325811346,73.0661325811346,NULL,2026-01-20 00:00:00.000
11841,108,3267,1523.93725387573,1523.93725387573,NULL,2026-01-20 00:00:00.000
11842,108,3257,30005.5533958876,30005.5533958876,NULL,2026-01-20 00:00:00.000
11843,108,5241,30.0055533958876,30.0055533958876,NULL,2026-01-20 00:00:00.000
11844,108,3258,0,0,0,2026-01-20 00:00:00.000
11845,108,3259,0,0,0,2026-01-20 00:00:00.000
11846,108,3260,0,0,0,2026-01-20 00:00:00.000
11847,108,3261,249.843858193036,249.843858193036,0,2026-01-20 00:00:00.000
11848,108,3262,249.843858193036,249.843858193036,0,2026-01-20 00:00:00.000
11849,108,3263,249.843858193036,249.843858193036,0,2026-01-20 00:00:00.000
11850,108,3264,11247.8554877766,11247.8554877766,0,2026-01-20 00:00:00.000
11851,108,3265,11247.8554877766,11247.8554877766,NULL,2026-01-20 00:00:00.000
11852,108,3266,11247.8554877766,11247.8554877766,NULL,2026-01-20 00:00:00.000
11853,108,4249,327.810071048737,327.810071048737,NULL,2026-01-20 00:00:00.000
11854,108,128,78.0421831834581,78.0421831834581,NULL,2026-01-20 00:00:00.000
11855,108,316,3.06089961465691,3.06089961465691,0,2026-01-20 00:00:00.000
11856,108,1018,8.8477319511741,8.8477319511741,NULL,2026-01-20 00:00:00.000
11857,108,129,0,0,NULL,2026-01-20 00:00:00.000
11858,108,317,0,0,0,2026-01-20 00:00:00.000
11859,108,1019,0,0,NULL,2026-01-20 00:00:00.000
11860,108,505,15.4338135246436,15.4338135246436,NULL,2026-01-20 00:00:00.000
11861,108,1030,49.4460517311096,49.4460517311096,NULL,2026-01-20 00:00:00.000
11862,108,2487,75,75,NULL,2026-01-20 00:00:00.000
11863,108,4259,-0.0834664029904848,-0.0834664029904848,0,2026-01-20 00:00:00.000
11864,108,4282,-0.109495996185061,-0.109495996185061,0,2026-01-20 00:00:00.000
11865,108,4271,-2.50029404061179,-2.50029404061179,0,2026-01-20 00:00:00.000
11866,108,4294,24.255808148649,24.255808148649,0,2026-01-20 00:00:00.000
11867,108,4260,0.0299999993294477,0.0299999993294477,0,2026-01-20 00:00:00.000
11868,108,4283,0.155000001192093,0.155000001192093,0,2026-01-20 00:00:00.000
11869,108,4299,0.168937496957369,0.168937496957369,0,2026-01-20 00:00:00.000
11870,108,766,0,0,NULL,2026-01-20 00:00:00.000
11871,108,2648,0,0,NULL,2026-01-20 00:00:00.000
11872,108,1054,0,0,NULL,2026-01-20 00:00:00.000
11873,108,4250,17.9255015032985,17.9255015032985,0,2026-01-20 00:00:00.000
11874,108,4273,106.533854066425,106.533854066425,0,2026-01-20 00:00:00.000
11875,108,4296,112.288130191768,112.288130191768,0,2026-01-20 00:00:00.000
11876,108,3414,7.11241024642979,7.11241024642979,NULL,2026-01-20 00:00:00.000
11877,108,225,848.617327702841,910.302725289263,NULL,2026-01-20 00:00:00.000
11878,108,2477,0.558535031583632,0.570575938442659,NULL,2026-01-20 00:00:00.000
11879,108,2478,160.366002169157,179.861428873684,NULL,2026-01-20 00:00:00.000
11880,108,2440,287.118968553264,315.22785444581,NULL,2026-01-20 00:00:00.000
11881,108,3390,59.2937222337723,59.2937222337723,NULL,2026-01-20 00:00:00.000
11882,108,4806,75.0159749126434,75.0159749126434,NULL,2026-01-20 00:00:00.000
11883,108,3297,10.9298628701104,10.9298628701104,NULL,2026-01-20 00:00:00.000
11884,108,5249,73161.3815371316,73177.3232700083,NULL,2026-01-20 00:00:00.000
11885,108,5250,21594.1535449406,21594.1535449406,NULL,2026-01-20 00:00:00.000
11886,108,3298,96979.0579001688,96979.0579001688,0,2026-01-20 00:00:00.000
11887,108,3291,44996422.1880061,44996422.1880061,NULL,2026-01-20 00:00:00.000
11888,108,5232,64200,64200,NULL,2026-01-20 00:00:00.000
11889,108,3363,245.399081877307,245.440371449788,NULL,2026-01-20 00:00:00.000
11890,108,5298,21.3126921985149,21.3126921985149,NULL,2026-01-20 00:00:00.000
11891,108,3362,13633.2823265171,13635.5759988064,1,2026-01-20 00:00:00.000
11892,108,5297,33.7553938731326,33.7553938731326,NULL,2026-01-20 00:00:00.000
11893,108,5302,856.5858,856.84284,NULL,2026-01-20 00:00:00.000
11894,108,5296,20.9987385788017,20.9987385788017,NULL,2026-01-20 00:00:00.000
11895,108,3290,28.1760991795858,28.1760991795858,NULL,2026-01-20 00:00:00.000
11896,108,3288,17.2797235255705,17.2797235255705,NULL,2026-01-20 00:00:00.000
11897,108,3289,17.2773340875043,17.2773340875043,NULL,2026-01-20 00:00:00.000
11898,108,2895,10947.6238260905,10947.6238260905,NULL,2026-01-20 00:00:00.000
11899,108,2901,10947.6238260905,10959.1780224609,NULL,2026-01-20 00:00:00.000
11900,108,2907,2679.58966612752,2676.39803629557,NULL,2026-01-20 00:00:00.000
11901,108,2900,47452.9753217231,47452.9753217231,NULL,2026-01-20 00:00:00.000
11902,108,2908,24721.2265625,24721.2265625,NULL,2026-01-20 00:00:00.000
11903,108,2974,14.7299747320624,14.7299747320624,0,2026-01-20 00:00:00.000
11904,108,4805,3.89121334701777,3.89121334701777,NULL,2026-01-20 00:00:00.000
11905,108,5643,0.590932099659391,0.590932099659391,NULL,2026-01-20 00:00:00.000
11906,108,5644,0.434879262787332,0.434879262787332,NULL,2026-01-20 00:00:00.000
11907,108,3213,2.93838152439224,2.93838152439224,0,2026-01-20 00:00:00.000
11908,108,3214,2.87196260300909,2.87196260300909,0,2026-01-20 00:00:00.000
11909,108,3215,2.93312798741088,2.93312798741088,0,2026-01-20 00:00:00.000
11910,108,3216,2.85064449753412,2.85064449753412,0,2026-01-20 00:00:00.000
11911,108,3217,2.86556120307303,2.86556120307303,0,2026-01-20 00:00:00.000
11912,108,3244,0,0,0,2026-01-20 00:00:00.000
11913,108,3242,0,0,0,2026-01-20 00:00:00.000
11914,108,3245,10.6985368248681,10.6985368248681,0,2026-01-20 00:00:00.000
11915,108,3243,1.58778847033877,1.58778847033877,0,2026-01-20 00:00:00.000
11916,108,3219,0.931882581226593,0.931882581226593,0,2026-01-20 00:00:00.000
11917,108,3193,0,0,0,2026-01-20 00:00:00.000
11918,108,3194,0,0,0,2026-01-20 00:00:00.000
11919,108,3195,0,0,0,2026-01-20 00:00:00.000
11920,108,3196,0,0,0,2026-01-20 00:00:00.000
11921,108,3198,0.895738724244002,0.895738724244002,0,2026-01-20 00:00:00.000
11922,108,3199,2.60377377112295,2.60377377112295,0,2026-01-20 00:00:00.000
11923,108,3200,0.637076672746661,0.637076672746661,0,2026-01-20 00:00:00.000
11924,108,3201,0.124664803061044,0.124664803061044,0,2026-01-20 00:00:00.000
11925,108,3246,3.52567226281711,3.52567226281711,0,2026-01-20 00:00:00.000
11926,108,3202,2.00438023812004,2.00438023812004,0,2026-01-20 00:00:00.000
11927,108,3203,1.35536176308478,1.35536176308478,0,2026-01-20 00:00:00.000
11928,108,3204,0,0,0,2026-01-20 00:00:00.000
11929,108,3205,5.46504266040724,5.46504266040724,0,2026-01-20 00:00:00.000
11930,108,3206,0,0,0,2026-01-20 00:00:00.000
11931,108,3207,0,0,0,2026-01-20 00:00:00.000
11932,108,3208,5.544745647336,5.544745647336,0,2026-01-20 00:00:00.000
11933,108,3209,5.92582806951262,5.92582806951262,0,2026-01-20 00:00:00.000
11934,108,3210,0,0,0,2026-01-20 00:00:00.000
11935,108,3211,0,0,0,2026-01-20 00:00:00.000
11936,108,3212,5.35069678915776,5.35069678915776,0,2026-01-20 00:00:00.000
11937,108,3241,0.169359978468678,0.169359978468678,0,2026-01-20 00:00:00.000
11938,108,3192,0,0,0,2026-01-20 00:00:00.000
11939,108,3197,0.036205856660381,0.036205856660381,0,2026-01-20 00:00:00.000
11940,108,3240,0.0207636901070116,0.0207636901070116,0,2026-01-20 00:00:00.000
11941,108,3220,0.367458057045483,0.367458057045483,0,2026-01-20 00:00:00.000
11942,108,3221,0,0,0,2026-01-20 00:00:00.000
11943,108,3218,1.39164362014084,1.39164362014084,0,2026-01-20 00:00:00.000
11944,108,3224,0,0,0,2026-01-20 00:00:00.000
11945,108,3225,0.574076844453812,0.574076844453812,0,2026-01-20 00:00:00.000
11946,108,3222,0.454020757079124,0.454020757079124,0,2026-01-20 00:00:00.000
11947,108,3223,0.0994902853947133,0.0994902853947133,0,2026-01-20 00:00:00.000
11948,108,3228,0,0,0,2026-01-20 00:00:00.000
11949,108,3229,0,0,0,2026-01-20 00:00:00.000
11950,108,3230,0,0,0,2026-01-20 00:00:00.000
11951,108,3231,0,0,0,2026-01-20 00:00:00.000
11952,108,3232,0.0295657725608908,0.0295657725608908,0,2026-01-20 00:00:00.000
11953,108,3233,0.0296827472373843,0.0296827472373843,0,2026-01-20 00:00:00.000
11954,108,3234,0.0182390027225934,0.0182390027225934,0,2026-01-20 00:00:00.000
11955,108,3235,0.021318402203911,0.021318402203911,0,2026-01-20 00:00:00.000
11956,108,3236,0.0179874939908245,0.0179874939908245,0,2026-01-20 00:00:00.000
11957,108,3237,0.000929232866164518,0.000929232866164518,0,2026-01-20 00:00:00.000
11958,108,3238,0.000903370527885272,0.000903370527885272,0,2026-01-20 00:00:00.000
11959,108,3239,0.00104501204453177,0.00104501204453177,0,2026-01-20 00:00:00.000
11960,108,3226,0.144760298544748,0.144760298544748,0,2026-01-20 00:00:00.000
11961,108,3227,0.320083879397075,0.320083879397075,0,2026-01-20 00:00:00.000
11962,108,2997,0,0,0,2026-01-20 00:00:00.000
11963,108,2998,10.4782712719721,10.4782712719721,0,2026-01-20 00:00:00.000
11964,108,2999,5.42327363635081,5.42327363635081,0,2026-01-20 00:00:00.000
11965,108,2996,17.0857690901245,17.0857690901245,0,2026-01-20 00:00:00.000
11966,108,3000,12.198823352053,12.198823352053,0,2026-01-20 00:00:00.000
11967,108,5645,4.91266982309665,4.91266982309665,NULL,2026-01-20 00:00:00.000
11968,108,5641,0,0,NULL,2026-01-20 00:00:00.000
11969,108,5634,0,0,NULL,2026-01-20 00:00:00.000
11970,108,5635,3.79058169461758,3.79058169461758,NULL,2026-01-20 00:00:00.000
11971,108,5636,1.6803415004228,1.6803415004228,NULL,2026-01-20 00:00:00.000
11972,108,5637,1.01377613704415,1.01377613704415,NULL,2026-01-20 00:00:00.000
11973,108,5638,0,0,NULL,2026-01-20 00:00:00.000
11974,108,5639,6.63515297635495,6.63515297635495,NULL,2026-01-20 00:00:00.000
11975,108,5640,2.37792296881026,2.37792296881026,NULL,2026-01-20 00:00:00.000
11976,108,5651,13.8552481883775,13.8552481883775,NULL,2026-01-20 00:00:00.000
11977,108,5647,11.0166667706319,11.0166667706319,NULL,2026-01-20 00:00:00.000
11978,108,5648,4.49314373202039,4.49314373202039,NULL,2026-01-20 00:00:00.000
11979,108,5649,5.92644596014079,5.92644596014079,NULL,2026-01-20 00:00:00.000
11980,108,5650,141.354171130214,141.354171130214,NULL,2026-01-20 00:00:00.000
11981,108,52,2.937,2.93838152439224,0,2026-01-20 00:00:00.000
11982,108,3303,-0.00294553436387316,-0.00294553436387316,NULL,2026-01-20 00:00:00.000
11983,108,53,2.87,2.87196260300909,0,2026-01-20 00:00:00.000
11984,108,3304,0.019517524144486,0.019517524144486,NULL,2026-01-20 00:00:00.000
11985,108,54,2.932,2.93312798741088,0,2026-01-20 00:00:00.000
11986,108,3305,-0.00116902132371269,-0.00116902132371269,NULL,2026-01-20 00:00:00.000
11987,108,55,2.848,2.85064449753412,0,2026-01-20 00:00:00.000
11988,108,3306,0.0267321788709419,0.0267321788709419,NULL,2026-01-20 00:00:00.000
11989,108,56,0,2.86556120307303,1,2026-01-20 00:00:00.000
11990,108,3307,0.0214759461136955,0.0214759461136955,NULL,2026-01-20 00:00:00.000
11991,108,350,6.62074702518355,7.22698537988295,1,2026-01-20 00:00:00.000
11992,108,4841,0.132271714941426,0.132271714941426,0,2026-01-20 00:00:00.000
11993,108,4902,0.132066777027212,0.132066777027212,0,2026-01-20 00:00:00.000
11994,108,4824,0.201798392135706,0.201798392135706,0,2026-01-20 00:00:00.000
11995,108,4918,0.196365030287868,0.196365030287868,0,2026-01-20 00:00:00.000
11996,108,349,17.9049515885591,20.1382923911229,1,2026-01-20 00:00:00.000
11997,108,4258,5.22471449221889,5.22471449221889,0,2026-01-20 00:00:00.000
11998,108,4281,20.5636107618544,20.5636107618544,0,2026-01-20 00:00:00.000
11999,108,342,379.76,438.138143530952,NULL,2026-01-20 00:00:00.000
12000,108,2495,425.567013403769,425.567013403769,NULL,2026-01-20 00:00:00.000
12001,108,4253,14.9223440361755,14.9223440361755,0,2026-01-20 00:00:00.000
12002,108,4276,97.361114271058,97.361114271058,0,2026-01-20 00:00:00.000
12003,108,406,0,0,NULL,2026-01-20 00:00:00.000
12004,108,369,0.128163736006911,0.128163736006911,NULL,2026-01-20 00:00:00.000
12005,108,408,0.82671858830346,0.82671858830346,NULL,2026-01-20 00:00:00.000
12006,108,371,826.71858830346,826.71858830346,NULL,2026-01-20 00:00:00.000
12007,108,410,0,0,NULL,2026-01-20 00:00:00.000
12008,108,373,0,0,NULL,2026-01-20 00:00:00.000
12009,108,5085,6.33544437256124,6.33544437256124,NULL,2026-01-20 00:00:00.000
12010,108,2985,28.1856624822858,28.1856624822858,1,2026-01-20 00:00:00.000
12011,108,3190,16.605,25.7341626285356,1,2026-01-20 00:00:00.000
12012,108,3191,0,9.02970722689719,1,2026-01-20 00:00:00.000
12013,108,3347,661.005682564336,661.005682564336,1,2026-01-20 00:00:00.000
12014,108,352,1226.75,1287.11920260422,1,2026-01-20 00:00:00.000
12015,108,2480,514.016041549258,611.195128533466,NULL,2026-01-20 00:00:00.000
12016,108,351,1129.45,1185.03127949468,1,2026-01-20 00:00:00.000
12017,108,229,379.761,437.251048600803,1,2026-01-20 00:00:00.000
12018,108,2502,419.092948211167,419.092948211167,1,2026-01-20 00:00:00.000
12019,108,63,4,5,NULL,2026-01-20 00:00:00.000
12020,108,3039,61800,61800,NULL,2026-01-20 00:00:00.000
12021,108,354,67472.4308058709,67487.1329266599,1,2026-01-20 00:00:00.000
12022,108,5084,87402.1482019371,87402.1482019371,0,2026-01-20 00:00:00.000
12023,108,2972,87387.4460811481,87402.1482019371,NULL,2026-01-20 00:00:00.000
12024,108,2983,0,0,0,2026-01-20 00:00:00.000
12025,108,2984,0,0,0,2026-01-20 00:00:00.000
12026,108,5661,67487.1329266599,67487.1329266599,NULL,2026-01-20 00:00:00.000
12027,108,2915,2,2,NULL,2026-01-20 00:00:00.000
12028,108,782,270.786,227.503068765004,NULL,2026-01-20 00:00:00.000
12029,108,358,14,19,NULL,2026-01-20 00:00:00.000
12030,108,424,5300.0470450282,5961.05272759254,1,2026-01-20 00:00:00.000
12031,108,348,1959.80818675462,2139.23008338148,1,2026-01-20 00:00:00.000
12032,108,5099,3352.79777138514,3352.79777138514,NULL,2026-01-20 00:00:00.000
12033,108,5217,158.686546325684,158.686546325684,NULL,2026-01-20 00:00:00.000
12034,108,151,174.420129869037,174.420129869037,NULL,2026-01-20 00:00:00.000
12035,108,382,683527.325815972,683527.325815972,0,2026-01-20 00:00:00.000
12036,108,5243,683.527325815972,683.527325815972,NULL,2026-01-20 00:00:00.000
12037,108,381,348742.506621528,348742.506621528,0,2026-01-20 00:00:00.000
12038,108,5244,348.742506621528,348.742506621528,NULL,2026-01-20 00:00:00.000
12039,108,419,42.650861935033,46.5516867144641,1,2026-01-20 00:00:00.000
12040,108,4078,26.2842226008626,30.1842226008626,1,2026-01-20 00:00:00.000
12041,108,418,16.666861935033,16.6676867144641,NULL,2026-01-20 00:00:00.000
12042,108,335,25.9836574256714,29.685431043307,1,2026-01-20 00:00:00.000
12043,108,227,25.986,29.883801519832,1,2026-01-20 00:00:00.000
12044,108,2508,336.218049445782,336.218049445782,NULL,2026-01-20 00:00:00.000
12045,108,2889,336.581227491379,336.581227491379,NULL,2026-01-20 00:00:00.000
12046,108,4053,25.984,29.884,1,2026-01-20 00:00:00.000
12047,108,420,-3.88074279226196,-4.23567343046835,NULL,2026-01-20 00:00:00.000
12048,108,417,38.7701191427711,42.3160132839957,1,2026-01-20 00:00:00.000
12049,108,2890,17.072847971566,17.072847971566,NULL,2026-01-20 00:00:00.000
12050,108,2821,18.0825574842162,18.0825574842162,NULL,2026-01-20 00:00:00.000
12051,108,2831,18.0471862777063,18.0471862777063,NULL,2026-01-20 00:00:00.000
12052,108,359,0,4,NULL,2026-01-20 00:00:00.000
12053,108,3397,9279.89313656763,9941.74039997127,1,2026-01-20 00:00:00.000
12054,108,3296,1231.91813678992,1231.91813678992,0,2026-01-20 00:00:00.000
12055,108,404,98.5,106.669906951966,1,2026-01-20 00:00:00.000
12056,108,2500,392.175141471071,392.175141471071,NULL,2026-01-20 00:00:00.000
12057,108,1041,354.6,384.011665027079,1,2026-01-20 00:00:00.000
12058,108,4081,49.59,57.7599071045543,1,2026-01-20 00:00:00.000
12059,108,403,98.5,98.5,NULL,2026-01-20 00:00:00.000
12060,108,336,0,8169.90695196638,1,2026-01-20 00:00:00.000
12061,108,269,0,8.16990695196638,NULL,2026-01-20 00:00:00.000
12062,108,224,296.010129869037,296.005868413163,NULL,2026-01-20 00:00:00.000
12063,108,5273,-1.00865616471479,-1.00865616471479,NULL,2026-01-20 00:00:00.000
12064,108,4268,-0.325776498861425,-0.325776498861425,0,2026-01-20 00:00:00.000
12065,108,5276,140.708053068839,140.708053068839,NULL,2026-01-20 00:00:00.000
12066,108,4291,45.4459889246159,45.4459889246159,0,2026-01-20 00:00:00.000
12067,108,5278,173.206737261004,173.206737261004,NULL,2026-01-20 00:00:00.000
12068,108,4309,55.9424374906349,55.9424374906349,0,2026-01-20 00:00:00.000
12069,108,5303,94755.5350820722,94771.4768149489,NULL,2026-01-20 00:00:00.000
12070,108,5528,366.743813523797,366.743813523797,NULL,2026-01-20 00:00:00.000
12071,108,4154,4.45075307012477,4.45075307012477,0,2026-01-20 00:00:00.000
12072,108,5271,12.8651949109227,12.8651949109227,NULL,2026-01-20 00:00:00.000
12073,108,4251,4.44973147604201,4.44973147604201,0,2026-01-20 00:00:00.000
12074,108,4157,65.4067800574369,65.4067800574369,0,2026-01-20 00:00:00.000
12075,108,5274,189.062605962812,189.062605962812,NULL,2026-01-20 00:00:00.000
12076,108,4274,65.196104604933,65.196104604933,0,2026-01-20 00:00:00.000
12077,108,4160,44.5432852407738,44.5432852407738,0,2026-01-20 00:00:00.000
12078,108,5277,128.885835169886,128.885835169886,NULL,2026-01-20 00:00:00.000
12079,108,4297,44.5822640821669,44.5822640821669,0,2026-01-20 00:00:00.000
12080,108,4155,-0.996193745940089,-0.996193745940089,0,2026-01-20 00:00:00.000
12081,108,5272,-2.87956363982289,-2.87956363982289,NULL,2026-01-20 00:00:00.000
12082,108,4255,0,0,0,2026-01-20 00:00:00.000
12083,108,4158,36.4511025285456,36.4511025285456,0,2026-01-20 00:00:00.000
12084,108,5275,105.364312816082,105.364312816082,NULL,2026-01-20 00:00:00.000
12085,108,4278,36.4372259076436,36.4372259076436,0,2026-01-20 00:00:00.000
12086,108,281,14,15,NULL,2026-01-20 00:00:00.000
12087,108,347,6.69129413966377,6.69129413966377,0,2026-01-20 00:00:00.000
12088,108,4261,0.00142752006649971,0.00142752006649971,0,2026-01-20 00:00:00.000
12089,108,4284,5.99575664507018,5.99575664507018,0,2026-01-20 00:00:00.000
12090,108,4300,3.5006165181164,3.5006165181164,0,2026-01-20 00:00:00.000
12091,108,4262,0.00160364620387554,0.00160364620387554,0,2026-01-20 00:00:00.000
12092,108,4285,4.99518229717016,4.99518229717016,0,2026-01-20 00:00:00.000
12093,108,4301,3.50048580508202,3.50048580508202,0,2026-01-20 00:00:00.000
12094,108,4263,0,0,0,2026-01-20 00:00:00.000
12095,108,4286,4.994528523816,4.994528523816,0,2026-01-20 00:00:00.000
12096,108,4302,2.99933880164073,2.99933880164073,0,2026-01-20 00:00:00.000
12097,108,4264,0,0,0,2026-01-20 00:00:00.000
12098,108,4287,4.99358436140749,4.99358436140749,0,2026-01-20 00:00:00.000
12099,108,4303,2.99031831086191,2.99031831086191,0,2026-01-20 00:00:00.000
12100,108,4265,0.0166074112057686,0.0166074112057686,0,2026-01-20 00:00:00.000
12101,108,4288,4.99702808585432,4.99702808585432,0,2026-01-20 00:00:00.000
12102,108,4304,2.29975247926182,2.29975247926182,0,2026-01-20 00:00:00.000
12103,108,4305,2.29537883647741,2.29537883647741,0,2026-01-20 00:00:00.000
12104,108,4306,3.29784019832173,3.29784019832173,0,2026-01-20 00:00:00.000
12105,108,2444,0.1,0.1,NULL,2026-01-20 00:00:00.000
12106,108,344,14,15,NULL,2026-01-20 00:00:00.000
12107,108,2736,154.417114870843,154.417114870843,NULL,2026-01-20 00:00:00.000
12108,108,2726,0.154156120382945,0.154156120382945,NULL,2026-01-20 00:00:00.000
12109,108,2737,154.380920673123,154.380920673123,NULL,2026-01-20 00:00:00.000
12110,108,2738,165.148455339529,165.148455339529,NULL,2026-01-20 00:00:00.000
12111,108,2739,1001.19569363551,1001.19569363551,NULL,2026-01-20 00:00:00.000
12112,108,2448,62,62,NULL,2026-01-20 00:00:00.000
12113,108,2430,10.737,0.0120243532230342,NULL,2026-01-20 00:00:00.000
12114,108,1100,63.9270579801391,71.2284658749898,NULL,2026-01-20 00:00:00.000
12115,108,1101,3019.46258598309,3019.46258598309,NULL,2026-01-20 00:00:00.000
12116,108,1112,448.794182267748,448.794182267748,NULL,2026-01-20 00:00:00.000
12117,108,1113,81.7149332216904,81.7149332216904,NULL,2026-01-20 00:00:00.000
12118,108,1110,438.191664483812,438.191664483812,NULL,2026-01-20 00:00:00.000
12119,108,1111,1403.8851407369,1403.8851407369,NULL,2026-01-20 00:00:00.000
12120,108,449,66.2628808678521,66.2628808678521,NULL,2026-01-20 00:00:00.000
12121,108,5136,7216.53009947182,7216.53009947182,NULL,2026-01-20 00:00:00.000
12122,108,2427,157.203,458.642531079974,NULL,2026-01-20 00:00:00.000
12123,108,2426,49.73,45.451061638556,NULL,2026-01-20 00:00:00.000
12124,108,2425,107.473,413.191469441418,NULL,2026-01-20 00:00:00.000
12125,108,1102,260.817424350484,260.817424350484,NULL,2026-01-20 00:00:00.000
12126,108,1103,717.585699480297,717.585699480297,NULL,2026-01-20 00:00:00.000
12127,108,1104,280.519052187602,280.519052187602,NULL,2026-01-20 00:00:00.000
12128,108,1105,83.0787978531784,83.0787978531784,NULL,2026-01-20 00:00:00.000
12129,108,1108,166.866502372789,166.866502372789,NULL,2026-01-20 00:00:00.000
12130,108,1109,497.956233652525,497.956233652525,NULL,2026-01-20 00:00:00.000
12131,108,1106,458.642531079974,458.642531079974,NULL,2026-01-20 00:00:00.000
12132,108,1107,541.66137776438,541.66137776438,NULL,2026-01-20 00:00:00.000
12133,108,5140,0.168389135451502,0.168389135451502,NULL,2026-01-20 00:00:00.000
12134,108,5141,0.506177080360716,0.506177080360716,NULL,2026-01-20 00:00:00.000
12135,108,5142,0,0,NULL,2026-01-20 00:00:00.000
12136,108,5143,0,0,NULL,2026-01-20 00:00:00.000
12137,108,395,1,1,NULL,2026-01-20 00:00:00.000
12138,108,402,45,45,NULL,2026-01-20 00:00:00.000
12139,108,2483,1,1,NULL,2026-01-20 00:00:00.000
12140,108,890,541.66137776438,541.66137776438,NULL,2026-01-20 00:00:00.000
12141,108,916,1.4452829339465,1.4452829339465,NULL,2026-01-20 00:00:00.000
12142,108,3074,1,1,NULL,2026-01-20 00:00:00.000
12143,108,3075,1,1,NULL,2026-01-20 00:00:00.000
12144,108,2420,741.658472574812,872.162570803095,NULL,2026-01-20 00:00:00.000
12145,108,2476,160.366002169157,179.861428873684,NULL,2026-01-20 00:00:00.000
12146,108,2475,1572.03116162588,1782.88033798855,NULL,2026-01-20 00:00:00.000
12147,108,2432,22.5318685113568,14.2877181567995,NULL,2026-01-20 00:00:00.000
12148,108,92,4295.74273949856,4295.74273949856,0,2026-01-20 00:00:00.000
12149,108,4237,0,0,NULL,2026-01-20 00:00:00.000
12150,108,5245,4.29574273949856,4.29574273949856,NULL,2026-01-20 00:00:00.000
12151,108,260,0,0,0,2026-01-20 00:00:00.000
12152,108,2515,0,0,NULL,2026-01-20 00:00:00.000
12153,108,5619,0,0,NULL,2026-01-20 00:00:00.000
12154,108,2592,1.61964976764,1.61964976764,NULL,2026-01-20 00:00:00.000
12155,108,238,0,0,NULL,2026-01-20 00:00:00.000
12156,108,89,318380.845871528,318380.845871528,0,2026-01-20 00:00:00.000
12157,108,4233,318.458606414795,318.458606414795,NULL,2026-01-20 00:00:00.000
12158,108,5246,318.380845871528,318.380845871528,NULL,2026-01-20 00:00:00.000
12159,108,236,1,1,NULL,2026-01-20 00:00:00.000
12160,108,191,32.472,32.4724004367133,0,2026-01-20 00:00:00.000
12161,108,2516,0,0,NULL,2026-01-20 00:00:00.000
12162,108,5623,-0.00136480127746774,-0.00136480127746774,NULL,2026-01-20 00:00:00.000
12163,108,903,9.68960902487436,9.68960902487436,NULL,2026-01-20 00:00:00.000
12164,108,4234,32.4805019760132,32.4805019760132,0,2026-01-20 00:00:00.000
12165,108,41,32472.4004367133,32472.4004367133,NULL,2026-01-20 00:00:00.000
12166,108,2593,31.2019860280749,31.2019860280749,NULL,2026-01-20 00:00:00.000
12167,108,90,309834.614143663,309834.614143663,0,2026-01-20 00:00:00.000
12168,108,4235,309.95671421051,309.95671421051,NULL,2026-01-20 00:00:00.000
12169,108,5247,309.834614143663,309.834614143663,NULL,2026-01-20 00:00:00.000
12170,108,237,1,1,NULL,2026-01-20 00:00:00.000
12171,108,192,31.726,31.7262913577203,0,2026-01-20 00:00:00.000
12172,108,2517,0,0,NULL,2026-01-20 00:00:00.000
12173,108,5624,-0.00185823040171624,-0.00185823040171624,NULL,2026-01-20 00:00:00.000
12174,108,904,9.46697364319256,9.46697364319256,NULL,2026-01-20 00:00:00.000
12175,108,4236,31.7383966398239,31.7383966398239,0,2026-01-20 00:00:00.000
12176,108,42,31726.2913577203,31726.2913577203,NULL,2026-01-20 00:00:00.000
12177,108,2594,31.2019860280749,31.2019860280749,NULL,2026-01-20 00:00:00.000
12178,108,277,2,2,NULL,2026-01-20 00:00:00.000
12179,108,77,492.986829258669,494.118973300934,NULL,2026-01-20 00:00:00.000
12180,108,1138,0,0,NULL,2026-01-20 00:00:00.000
12181,108,2982,0,0,0,2026-01-20 00:00:00.000
12182,108,1139,2,2,NULL,2026-01-20 00:00:00.000
12183,108,78,42.8684199355364,41.741073545403,NULL,2026-01-20 00:00:00.000
12184,108,357,535.855249194205,536.076109144423,1,2026-01-20 00:00:00.000
12185,108,1040,8.3,8.3,NULL,2026-01-20 00:00:00.000
12186,108,213,818.924821817276,818.924821817276,NULL,2026-01-20 00:00:00.000
12187,108,1208,103.983945401461,103.983945401461,NULL,2026-01-20 00:00:00.000
12188,108,1201,499.680398607453,499.680398607453,NULL,2026-01-20 00:00:00.000
12189,108,123,16.1453256853288,16.1453256853288,NULL,2026-01-20 00:00:00.000
12190,108,124,26.7035031599963,26.7035031599963,NULL,2026-01-20 00:00:00.000
12191,108,308,86.0545859028024,86.0545859028024,0,2026-01-20 00:00:00.000
12192,108,306,86.0545859028024,86.0545859028024,0,2026-01-20 00:00:00.000
12193,108,1038,3.2,3.2,NULL,2026-01-20 00:00:00.000
12194,108,1012,274.424725753257,274.424725753257,NULL,2026-01-20 00:00:00.000
12195,108,309,35.3554381838351,35.3554381838351,0,2026-01-20 00:00:00.000
12196,108,307,35.3554381838351,35.3554381838351,0,2026-01-20 00:00:00.000
12197,108,1039,3.2,3.2,NULL,2026-01-20 00:00:00.000
12198,108,1013,112.747116562084,112.747116562084,NULL,2026-01-20 00:00:00.000
12199,108,5115,-1.49584144498325,-1.49584144498325,0,2026-01-20 00:00:00.000
12200,108,5116,22.7642346739769,22.7642346739769,0,2026-01-20 00:00:00.000
12201,108,5117,23.574898130099,23.574898130099,0,2026-01-20 00:00:00.000
12202,110,22,0,0,NULL,2026-01-27 16:00:00.000
12203,110,23,92.3678715328723,92.3348142242432,NULL,2026-01-27 16:00:00.000
12204,110,177,183.018194968394,183.013870552911,NULL,2026-01-27 16:00:00.000
12205,110,199,6,5.56415010664198,0,2026-01-27 16:00:00.000
12206,110,426,100,100,NULL,2026-01-27 16:00:00.000
12207,110,1213,43.92,43.9245900834961,NULL,2026-01-27 16:00:00.000
12208,110,2917,20035.1260778328,20035.1260778328,0,2026-01-27 16:00:00.000
12209,110,2920,1800,1800,NULL,2026-01-27 16:00:00.000
12210,110,155,0,994.048684446394,NULL,2026-01-27 16:00:00.000
12211,110,156,22185.1506381565,22185.1506381565,0,2026-01-27 16:00:00.000
12212,110,153,37155.8884958767,37155.8884958767,0,2026-01-27 16:00:00.000
12213,110,154,3578.98996880425,3578.98996880425,0,2026-01-27 16:00:00.000
12214,110,152,1749.375831604,1749.375831604,NULL,2026-01-27 16:00:00.000
12215,110,5289,0,0,NULL,2026-01-27 16:00:00.000
12216,110,220,1.96,1.95733333333333,NULL,2026-01-27 16:00:00.000
12217,110,2645,0,0,NULL,2026-01-27 16:00:00.000
12218,110,221,0.05,0.0546369993909806,NULL,2026-01-27 16:00:00.000
12219,110,2646,88.24,88.2429618007607,NULL,2026-01-27 16:00:00.000
12220,110,222,48.2,48.2006425221761,NULL,2026-01-27 16:00:00.000
12221,110,2647,89.36,89.3610434995757,NULL,2026-01-27 16:00:00.000
12222,110,223,73.15,73.1514463848538,NULL,2026-01-27 16:00:00.000
12223,110,12,0,0,0,2026-01-27 16:00:00.000
12224,110,19,0,0,0,2026-01-27 16:00:00.000
12225,110,15,0,0,0,2026-01-27 16:00:00.000
12226,110,13,0,0,0,2026-01-27 16:00:00.000
12227,110,20,42.6327177405174,42.598276386261,0,2026-01-27 16:00:00.000
12228,110,16,73.0793804364169,103.29583322737,1,2026-01-27 16:00:00.000
12229,110,14,0,0,0,2026-01-27 16:00:00.000
12230,110,21,39.3441282257041,39.3470798428853,1,2026-01-27 16:00:00.000
12231,110,17,52.1230844344097,52.1315536138746,1,2026-01-27 16:00:00.000
12232,110,2490,89.8423794588045,89.8419587478638,0,2026-01-27 16:00:00.000
12233,110,18,53.4852898839593,53.485302511851,1,2026-01-27 16:00:00.000
12234,110,374,9.01591624852471,9.01608048068153,0,2026-01-27 16:00:00.000
12235,110,411,3.33595689442423,3.33595689442423,0,2026-01-27 16:00:00.000
12236,110,219,2.04,2.04,NULL,2026-01-27 16:00:00.000
12237,110,5288,0,0,NULL,2026-01-27 16:00:00.000
12238,110,1212,18.66,18.6562582026588,NULL,2026-01-27 16:00:00.000
12239,110,2638,1,0.987011699974537,NULL,2026-01-27 16:00:00.000
12240,110,218,13.33,13.334,NULL,2026-01-27 16:00:00.000
12241,110,353,15.366174684763,25.6879369390728,1,2026-01-27 16:00:00.000
12242,110,1190,374.14,374.142429469775,NULL,2026-01-27 16:00:00.000
12243,110,226,392.389206656154,392.391650275725,1,2026-01-27 16:00:00.000
12244,110,4266,0.325604039820864,0.325604039820864,0,2026-01-27 16:00:00.000
12245,110,4289,1.14990509098603,1.14990509098603,0,2026-01-27 16:00:00.000
12246,110,4307,1.19949265394873,1.19949265394873,0,2026-01-27 16:00:00.000
12247,110,157,0,0.0166702486951074,1,2026-01-27 16:00:00.000
12248,110,158,0,6.94484707143148,1,2026-01-27 16:00:00.000
12249,110,159,0,0.0183455238342285,1,2026-01-27 16:00:00.000
12250,110,160,15.366174684763,8.44423709938558,0,2026-01-27 16:00:00.000
12251,110,5175,0,0,NULL,2026-01-27 16:00:00.000
12252,110,5172,0.0546369993909806,0.0546369993909806,NULL,2026-01-27 16:00:00.000
12253,110,5268,0,0,NULL,2026-01-27 16:00:00.000
12254,110,5176,0.882429618007607,0.882429618007607,NULL,2026-01-27 16:00:00.000
12255,110,5173,48.2006425221761,48.2006425221761,NULL,2026-01-27 16:00:00.000
12256,110,5261,247.956343075964,247.956343075964,NULL,2026-01-27 16:00:00.000
12257,110,5177,0.893610434995757,0.893610434995757,NULL,2026-01-27 16:00:00.000
12258,110,5174,73.1514463848538,73.1514463848538,NULL,2026-01-27 16:00:00.000
12259,110,5157,9.22192757049157,9.22192757049157,NULL,2026-01-27 16:00:00.000
12260,110,5171,374.142429469775,374.142429469775,NULL,2026-01-27 16:00:00.000
12261,110,5194,-3.27484284935532,-3.27484284935532,NULL,2026-01-27 16:00:00.000
12262,110,3393,3.71452753663063,3.71452753663063,0,2026-01-27 16:00:00.000
12263,110,161,0,0,0,2026-01-27 16:00:00.000
12264,110,4241,0,0,0,2026-01-27 16:00:00.000
12265,110,3104,3.59816122055054,3.59816122055054,0,2026-01-27 16:00:00.000
12266,110,205,15.435,15.435,NULL,2026-01-27 16:00:00.000
12267,110,2790,0,0,0,2026-01-27 16:00:00.000
12268,110,3299,0,0,NULL,2026-01-27 16:00:00.000
12269,110,162,0,12.7282102740452,1,2026-01-27 16:00:00.000
12270,110,4245,12.7282102740452,12.7282102740452,0,2026-01-27 16:00:00.000
12271,110,3105,9843.93679353841,9843.93679353841,0,2026-01-27 16:00:00.000
12272,110,206,15.435,15.435,NULL,2026-01-27 16:00:00.000
12273,110,2791,0,5.78336320261369,1,2026-01-27 16:00:00.000
12274,110,3300,17.8951718901825,17.8951718901825,NULL,2026-01-27 16:00:00.000
12275,110,163,0,0,0,2026-01-27 16:00:00.000
12276,110,4246,0,0,0,2026-01-27 16:00:00.000
12277,110,3106,0.445208847522736,0.445208847522736,0,2026-01-27 16:00:00.000
12278,110,5633,11.89,11.89,NULL,2026-01-27 16:00:00.000
12279,110,207,11.27,11.27,NULL,2026-01-27 16:00:00.000
12280,110,2792,0,0,0,2026-01-27 16:00:00.000
12281,110,3301,0,0,NULL,2026-01-27 16:00:00.000
12282,110,164,15.366,12.9597266650276,0,2026-01-27 16:00:00.000
12283,110,4243,12.9625923407078,12.9625923407078,0,2026-01-27 16:00:00.000
12284,110,3107,10022.9904601915,10022.9904601915,0,2026-01-27 16:00:00.000
12285,110,208,11.27,11.27,NULL,2026-01-27 16:00:00.000
12286,110,2854,0,9.04602979176209,NULL,2026-01-27 16:00:00.000
12287,110,2858,0,21.6072798980186,NULL,2026-01-27 16:00:00.000
12288,110,2793,0,4.51548956564205,1,2026-01-27 16:00:00.000
12289,110,3302,13.9720538231061,13.9720538231061,NULL,2026-01-27 16:00:00.000
12290,110,279,1,2,NULL,2026-01-27 16:00:00.000
12291,110,5632,17.309,17.309,NULL,2026-01-27 16:00:00.000
12292,110,265,0,1.29756287416285,1,2026-01-27 16:00:00.000
12293,110,2520,62.2861321107146,62.2861321107146,NULL,2026-01-27 16:00:00.000
12294,110,5616,0.0559837125244964,0.0559837125244964,NULL,2026-01-27 16:00:00.000
12295,110,2844,1.29756287416285,1.29756287416285,NULL,2026-01-27 16:00:00.000
12296,110,248,0,1,NULL,2026-01-27 16:00:00.000
12297,110,266,0,0,0,2026-01-27 16:00:00.000
12298,110,2521,0,0,NULL,2026-01-27 16:00:00.000
12299,110,5617,0,0,NULL,2026-01-27 16:00:00.000
12300,110,2843,0,0,NULL,2026-01-27 16:00:00.000
12301,110,249,0,0,NULL,2026-01-27 16:00:00.000
12302,110,1142,0,1,NULL,2026-01-27 16:00:00.000
12303,110,246,0,0,NULL,2026-01-27 16:00:00.000
12304,110,193,0,0,0,2026-01-27 16:00:00.000
12305,110,2518,0,0,NULL,2026-01-27 16:00:00.000
12306,110,5625,0,0,NULL,2026-01-27 16:00:00.000
12307,110,908,0,0,NULL,2026-01-27 16:00:00.000
12308,110,4242,0,0,0,2026-01-27 16:00:00.000
12309,110,2841,0,0,NULL,2026-01-27 16:00:00.000
12310,110,46,19.5673446655273,19.5673446655273,NULL,2026-01-27 16:00:00.000
12311,110,247,1,1,NULL,2026-01-27 16:00:00.000
12312,110,194,29.236,25.9626496309408,0,2026-01-27 16:00:00.000
12313,110,2519,-7.81870049697991,-7.81870049697991,NULL,2026-01-27 16:00:00.000
12314,110,5626,0.298632288847659,0.298632288847659,NULL,2026-01-27 16:00:00.000
12315,110,909,7.41545501058771,7.41545501058771,NULL,2026-01-27 16:00:00.000
12316,110,4244,25.9626496309408,25.9626496309408,0,2026-01-27 16:00:00.000
12317,110,2842,25.9626496309408,25.9626496309408,NULL,2026-01-27 16:00:00.000
12318,110,47,25962.6496309408,25962.6496309408,NULL,2026-01-27 16:00:00.000
12319,110,1143,1,1,NULL,2026-01-27 16:00:00.000
12320,110,5169,1.00422379530115,1.00422379530115,NULL,2026-01-27 16:00:00.000
12321,110,5170,3.10731953078857,3.10731953078857,NULL,2026-01-27 16:00:00.000
12322,110,5087,9.03617468476295,9.03617468476295,NULL,2026-01-27 16:00:00.000
12323,110,2971,1.26039146178458,3.09425005195853,1,2026-01-27 16:00:00.000
12324,110,2419,45.3354528495364,62.8048481781672,NULL,2026-01-27 16:00:00.000
12325,110,2454,83.9976216952006,83.9976216952006,NULL,2026-01-27 16:00:00.000
12326,110,3413,23.1214495411381,23.1214495411381,NULL,2026-01-27 16:00:00.000
12327,110,3415,100.278927269159,100.278927269159,NULL,2026-01-27 16:00:00.000
12328,110,4787,112,112,NULL,2026-01-27 16:00:00.000
12329,110,257,0,0,0,2026-01-27 16:00:00.000
12330,110,2509,0,0,NULL,2026-01-27 16:00:00.000
12331,110,5609,0,0,NULL,2026-01-27 16:00:00.000
12332,110,4230,0,0,0,2026-01-27 16:00:00.000
12333,110,230,0,0,NULL,2026-01-27 16:00:00.000
12334,110,231,1,1,NULL,2026-01-27 16:00:00.000
12335,110,183,15.865,16.3886102597114,1,2026-01-27 16:00:00.000
12336,110,2512,3.87633263241665,3.87633263241665,NULL,2026-01-27 16:00:00.000
12337,110,5620,0.0319858205303772,0.0319858205303772,NULL,2026-01-27 16:00:00.000
12338,110,900,4.68091677061014,4.68091677061014,NULL,2026-01-27 16:00:00.000
12339,110,4227,16.3869381642342,16.3869381642342,0,2026-01-27 16:00:00.000
12340,110,38,16388.6102597114,16388.6102597114,NULL,2026-01-27 16:00:00.000
12341,110,232,1,1,NULL,2026-01-27 16:00:00.000
12342,110,184,16.888,17.4124306180556,1,2026-01-27 16:00:00.000
12343,110,2513,3.8824058171201,3.8824058171201,NULL,2026-01-27 16:00:00.000
12344,110,5621,0.032273198155682,0.032273198155682,NULL,2026-01-27 16:00:00.000
12345,110,901,4.9733404605704,4.9733404605704,NULL,2026-01-27 16:00:00.000
12346,110,4228,17.4088664960861,17.4088664960861,0,2026-01-27 16:00:00.000
12347,110,39,17412.4306180556,17412.4306180556,NULL,2026-01-27 16:00:00.000
12348,110,5664,6.52075182827314,6.52075182827314,NULL,2026-01-27 16:00:00.000
12349,110,852,1.43059234836146,1.51384465232452,NULL,2026-01-27 16:00:00.000
12350,110,258,0,0,0,2026-01-27 16:00:00.000
12351,110,2510,0,0,NULL,2026-01-27 16:00:00.000
12352,110,5610,0,0,NULL,2026-01-27 16:00:00.000
12353,110,4231,0,0,0,2026-01-27 16:00:00.000
12354,110,233,0,0,NULL,2026-01-27 16:00:00.000
12355,110,276,3,3,NULL,2026-01-27 16:00:00.000
12356,110,234,1,1,NULL,2026-01-27 16:00:00.000
12357,110,185,15.039,15.5634347520345,1,2026-01-27 16:00:00.000
12358,110,2514,3.88243642132846,3.88243642132846,NULL,2026-01-27 16:00:00.000
12359,110,5622,0.0318002446486922,0.0318002446486922,NULL,2026-01-27 16:00:00.000
12360,110,902,4.44523004602698,4.44523004602698,NULL,2026-01-27 16:00:00.000
12361,110,4229,15.5620613956451,15.5620613956451,0,2026-01-27 16:00:00.000
12362,110,40,15563.4347520345,15563.4347520345,NULL,2026-01-27 16:00:00.000
12363,110,217,110.656694951653,110.656694951653,NULL,2026-01-27 16:00:00.000
12364,110,259,0,0,0,2026-01-27 16:00:00.000
12365,110,2511,0,0,NULL,2026-01-27 16:00:00.000
12366,110,5611,0,0,NULL,2026-01-27 16:00:00.000
12367,110,4232,0,0,0,2026-01-27 16:00:00.000
12368,110,235,0,0,NULL,2026-01-27 16:00:00.000
12369,110,356,727.749,836.030543876606,1,2026-01-27 16:00:00.000
12370,110,355,-112.378,-123.274974608377,NULL,2026-01-27 16:00:00.000
12371,110,1153,0,-8160.01614062194,NULL,2026-01-27 16:00:00.000
12372,110,1136,0,0,NULL,2026-01-27 16:00:00.000
12373,110,2819,108.835313334253,108.835313334253,NULL,2026-01-27 16:00:00.000
12374,110,2488,109,109,NULL,2026-01-27 16:00:00.000
12375,110,425,421.966666666667,527.908783671061,1,2026-01-27 16:00:00.000
12376,110,5299,64.9557035621731,64.9557035621731,NULL,2026-01-27 16:00:00.000
12377,110,2876,0,0,NULL,2026-01-27 16:00:00.000
12378,110,2877,0,0,NULL,2026-01-27 16:00:00.000
12379,110,2878,0,0,NULL,2026-01-27 16:00:00.000
12380,110,288,23.367,22.88,0,2026-01-27 16:00:00.000
12381,110,289,23.367,22.8723855991129,0,2026-01-27 16:00:00.000
12382,110,2879,0,0,NULL,2026-01-27 16:00:00.000
12383,110,212,0,0,NULL,2026-01-27 16:00:00.000
12384,110,1137,3,3,NULL,2026-01-27 16:00:00.000
12385,110,5131,1.17271473065484,1.17271473065484,NULL,2026-01-27 16:00:00.000
12386,110,5132,1.14654371615659,1.14654371615659,NULL,2026-01-27 16:00:00.000
12387,110,5133,1.16516464452401,1.16516464452401,NULL,2026-01-27 16:00:00.000
12388,110,5134,1.13882411959076,1.13882411959076,NULL,2026-01-27 16:00:00.000
12389,110,5135,1.12013245638249,1.12013245638249,NULL,2026-01-27 16:00:00.000
12390,110,178,77.549,102.520688225911,1,2026-01-27 16:00:00.000
12391,110,2503,184.867596005459,184.867596005459,1,2026-01-27 16:00:00.000
12392,110,885,328.823904448615,328.823904448615,1,2026-01-27 16:00:00.000
12393,110,4163,102.520688225911,102.520688225911,0,2026-01-27 16:00:00.000
12394,110,25,102520.688225911,102520.688225911,NULL,2026-01-27 16:00:00.000
12395,110,58,1,1,NULL,2026-01-27 16:00:00.000
12396,110,179,87.549,104.679169728082,1,2026-01-27 16:00:00.000
12397,110,2504,126.816147476563,126.816147476563,1,2026-01-27 16:00:00.000
12398,110,886,335.607371669345,335.607371669345,1,2026-01-27 16:00:00.000
12399,110,4167,104.679169728082,104.679169728082,0,2026-01-27 16:00:00.000
12400,110,26,104679.169728082,104679.169728082,NULL,2026-01-27 16:00:00.000
12401,110,59,1,1,NULL,2026-01-27 16:00:00.000
12402,110,180,77.549,102.969829081706,1,2026-01-27 16:00:00.000
12403,110,2505,188.19262511552,188.19262511552,1,2026-01-27 16:00:00.000
12404,110,887,330.176322792901,330.176322792901,1,2026-01-27 16:00:00.000
12405,110,4171,102.969829081706,102.969829081706,0,2026-01-27 16:00:00.000
12406,110,27,102969.829081706,102969.829081706,NULL,2026-01-27 16:00:00.000
12407,110,60,1,1,NULL,2026-01-27 16:00:00.000
12408,110,181,87.549,105.393490191406,1,2026-01-27 16:00:00.000
12409,110,2506,132.104324456736,132.104324456736,1,2026-01-27 16:00:00.000
12410,110,888,337.889161732992,337.889161732992,1,2026-01-27 16:00:00.000
12411,110,4175,105.393490191406,105.393490191406,0,2026-01-27 16:00:00.000
12412,110,28,105393.490191406,105393.490191406,NULL,2026-01-27 16:00:00.000
12413,110,61,1,1,NULL,2026-01-27 16:00:00.000
12414,110,182,87.549,107.091566751953,1,2026-01-27 16:00:00.000
12415,110,2507,144.675334023314,144.675334023314,1,2026-01-27 16:00:00.000
12416,110,889,343.335364947849,343.335364947849,1,2026-01-27 16:00:00.000
12417,110,4179,107.091566751953,107.091566751953,0,2026-01-27 16:00:00.000
12418,110,29,107091.566751953,107091.566751953,NULL,2026-01-27 16:00:00.000
12419,110,62,1,1,NULL,2026-01-27 16:00:00.000
12420,110,3005,2.27681393119031,2.27681393119031,0,2026-01-27 16:00:00.000
12421,110,4180,2.27681393119031,2.27681393119031,0,2026-01-27 16:00:00.000
12422,110,3577,94.1376185416146,93.7856326724586,1,2026-01-27 16:00:00.000
12423,110,1146,1202.27521279399,1202.27521279399,0,2026-01-27 16:00:00.000
12424,110,1176,2.36155998706818,2.36155998706818,NULL,2026-01-27 16:00:00.000
12425,110,5665,8.35647514110765,8.35647514110765,NULL,2026-01-27 16:00:00.000
12426,110,679,19.1917860251224,19.1917860251224,NULL,2026-01-27 16:00:00.000
12427,110,3044,54.4905005542967,54.4905005542967,1,2026-01-27 16:00:00.000
12428,110,4165,54.4876691908307,54.4876691908307,0,2026-01-27 16:00:00.000
12429,110,3001,2.22165026432938,2.22165026432938,0,2026-01-27 16:00:00.000
12430,110,4164,2.22165026432938,2.22165026432938,0,2026-01-27 16:00:00.000
12431,110,3412,16.8788784866863,16.8788784866863,NULL,2026-01-27 16:00:00.000
12432,110,5110,10.6935656380256,10.6935656380256,NULL,2026-01-27 16:00:00.000
12433,110,5152,0,0,NULL,2026-01-27 16:00:00.000
12434,110,3366,146.484769696659,159.337033677089,1,2026-01-27 16:00:00.000
12435,110,4162,159.337033677089,159.337033677089,0,2026-01-27 16:00:00.000
12436,110,3693,94.0776879015826,93.818854511796,1,2026-01-27 16:00:00.000
12437,110,1147,1200.19244264221,1200.19244264221,0,2026-01-27 16:00:00.000
12438,110,1177,2.36155998706818,2.36155998706818,NULL,2026-01-27 16:00:00.000
12439,110,5666,8.26182912167624,8.26182912167624,NULL,2026-01-27 16:00:00.000
12440,110,3417,19.2023473785559,19.2023473785559,NULL,2026-01-27 16:00:00.000
12441,110,3045,53.8733373500506,53.8733373500506,1,2026-01-27 16:00:00.000
12442,110,4169,53.8526882245806,53.8526882245806,0,2026-01-27 16:00:00.000
12443,110,3002,2.14933700366815,2.14933700366815,0,2026-01-27 16:00:00.000
12444,110,4168,2.14933700366815,2.14933700366815,0,2026-01-27 16:00:00.000
12445,110,3416,16.3271795573367,16.3271795573367,NULL,2026-01-27 16:00:00.000
12446,110,5111,10.6922812626494,10.6922812626494,NULL,2026-01-27 16:00:00.000
12447,110,5153,0,0,NULL,2026-01-27 16:00:00.000
12448,110,3367,149.97642013389,159.707763266175,1,2026-01-27 16:00:00.000
12449,110,4166,159.707763266175,159.707763266175,0,2026-01-27 16:00:00.000
12450,110,3809,93.9904958330764,93.8659082656104,1,2026-01-27 16:00:00.000
12451,110,1148,1199.76804298683,1199.76804298683,0,2026-01-27 16:00:00.000
12452,110,1178,2.36155998706818,2.36155998706818,NULL,2026-01-27 16:00:00.000
12453,110,5667,9.08704563179636,9.08704563179636,NULL,2026-01-27 16:00:00.000
12454,110,3419,19.2060875050454,19.2060875050454,NULL,2026-01-27 16:00:00.000
12455,110,3046,59.2543694171376,59.2543694171376,1,2026-01-27 16:00:00.000
12456,110,4173,59.2648018323051,59.2648018323051,0,2026-01-27 16:00:00.000
12457,110,3003,2.63332694680492,2.63332694680492,0,2026-01-27 16:00:00.000
12458,110,4172,2.63332694680492,2.63332694680492,0,2026-01-27 16:00:00.000
12459,110,3418,15.8947367916769,15.8947367916769,NULL,2026-01-27 16:00:00.000
12460,110,5112,10.9538110113409,10.9538110113409,NULL,2026-01-27 16:00:00.000
12461,110,5154,0,0,NULL,2026-01-27 16:00:00.000
12462,110,3368,146.879516445864,154.22971277833,1,2026-01-27 16:00:00.000
12463,110,4170,154.22971277833,154.22971277833,0,2026-01-27 16:00:00.000
12464,110,1151,5.80822566217223,6.00278725465139,NULL,2026-01-27 16:00:00.000
12465,110,3925,94.1374727705774,94.1103445026156,1,2026-01-27 16:00:00.000
12466,110,1149,1200.24648677826,1200.24648677826,0,2026-01-27 16:00:00.000
12467,110,1179,2.36155998706818,2.36155998706818,NULL,2026-01-27 16:00:00.000
12468,110,5668,13.0817553299596,13.0817553299596,NULL,2026-01-27 16:00:00.000
12469,110,3421,15.731422613437,15.731422613437,NULL,2026-01-27 16:00:00.000
12470,110,3047,85.3028799848557,85.3028799848557,1,2026-01-27 16:00:00.000
12471,110,4177,85.3035848119524,85.3035848119524,0,2026-01-27 16:00:00.000
12472,110,3004,2.12292718988988,2.12292718988988,0,2026-01-27 16:00:00.000
12473,110,4176,2.12292718988988,2.12292718988988,0,2026-01-27 16:00:00.000
12474,110,3420,16.0407788568728,16.0407788568728,NULL,2026-01-27 16:00:00.000
12475,110,5113,9.98855027177599,9.98855027177599,NULL,2026-01-27 16:00:00.000
12476,110,5155,0,0,NULL,2026-01-27 16:00:00.000
12477,110,3369,148.57464312947,153.054717793041,1,2026-01-27 16:00:00.000
12478,110,4174,153.054717793041,153.054717793041,0,2026-01-27 16:00:00.000
12479,110,4041,94.1743394321069,93.9621530596042,1,2026-01-27 16:00:00.000
12480,110,1150,1199.56739723714,1199.56739723714,0,2026-01-27 16:00:00.000
12481,110,1180,2.36155998706818,2.36155998706818,NULL,2026-01-27 16:00:00.000
12482,110,5669,9.45538813594552,9.45538813594552,NULL,2026-01-27 16:00:00.000
12483,110,3423,39.3652186574618,39.3652186574618,NULL,2026-01-27 16:00:00.000
12484,110,3048,61.6562394744989,61.6562394744989,1,2026-01-27 16:00:00.000
12485,110,4181,61.6753201267454,61.6753201267454,0,2026-01-27 16:00:00.000
12486,110,3365,0.567608094846209,0.567608094846209,0,2026-01-27 16:00:00.000
12487,110,3422,20.3376195554368,20.3376195554368,NULL,2026-01-27 16:00:00.000
12488,110,5114,335.129898882442,335.129898882442,NULL,2026-01-27 16:00:00.000
12489,110,5156,10.5,10.5,NULL,2026-01-27 16:00:00.000
12490,110,3370,160.2907893538,170.430274005281,1,2026-01-27 16:00:00.000
12491,110,4178,170.430274005281,170.430274005281,0,2026-01-27 16:00:00.000
12492,110,637,89.5948104858398,89.5948104858398,NULL,2026-01-27 16:00:00.000
12493,110,638,0.286412150051307,0.286412150051307,NULL,2026-01-27 16:00:00.000
12494,110,639,1.08170473575592,1.08170473575592,NULL,2026-01-27 16:00:00.000
12495,110,640,0.0414552427828312,0.0414552427828312,NULL,2026-01-27 16:00:00.000
12496,110,641,0.0269057593297509,0.0269057593297509,NULL,2026-01-27 16:00:00.000
12497,110,642,8.74188613891602,8.74188613891602,NULL,2026-01-27 16:00:00.000
12498,110,643,0.058544747531414,0.058544747531414,NULL,2026-01-27 16:00:00.000
12499,110,644,0.0180406272411346,0.0180406272411346,NULL,2026-01-27 16:00:00.000
12500,110,645,0.192318722605705,0.192318722605705,NULL,2026-01-27 16:00:00.000
12501,110,341,5,5,NULL,2026-01-27 16:00:00.000
12502,110,343,2.8946,2.86313343544801,0,2026-01-27 16:00:00.000
12503,110,4898,4282.01810184539,4282.01810184539,0,2026-01-27 16:00:00.000
12504,110,4901,3.0907817346851,3.0907817346851,0,2026-01-27 16:00:00.000
12505,110,4887,17.008821933137,17.008821933137,0,2026-01-27 16:00:00.000
12506,110,4896,67.0293284749985,67.0293284749985,0,2026-01-27 16:00:00.000
12507,110,4916,-56.4979943152241,-56.4979943152241,0,2026-01-27 16:00:00.000
12508,110,4895,69.6798974051476,69.6798974051476,0,2026-01-27 16:00:00.000
12509,110,4894,63.5692922124026,63.5692922124026,0,2026-01-27 16:00:00.000
12510,110,4256,-0.00256609146782593,-0.00256609146782593,0,2026-01-27 16:00:00.000
12511,110,4870,200.16551038954,200.16551038954,NULL,2026-01-27 16:00:00.000
12512,110,4871,356.899264344957,356.899264344957,NULL,2026-01-27 16:00:00.000
12513,110,4899,81.5923598916795,81.5923598916795,0,2026-01-27 16:00:00.000
12514,110,508,75.7987550684611,75.7987550684611,0,2026-01-27 16:00:00.000
12515,110,1035,241.944317384056,241.944317384056,NULL,2026-01-27 16:00:00.000
12516,110,4905,75.7987550684611,75.7987550684611,0,2026-01-27 16:00:00.000
12517,110,4904,43.9561372265286,43.9561372265286,0,2026-01-27 16:00:00.000
12518,110,4903,394.80285142886,394.80285142886,0,2026-01-27 16:00:00.000
12519,110,4979,0.774797900055504,0.774797900055504,0,2026-01-27 16:00:00.000
12520,110,4980,77.4797900055504,77.4797900055504,0,2026-01-27 16:00:00.000
12521,110,4910,3088.58324950429,3088.58324950429,0,2026-01-27 16:00:00.000
12522,110,4914,0.308098742300362,0.308098742300362,0,2026-01-27 16:00:00.000
12523,110,4888,28.7325084110763,28.7325084110763,0,2026-01-27 16:00:00.000
12524,110,5130,97.5136432467567,97.5136432467567,NULL,2026-01-27 16:00:00.000
12525,110,4929,48.976592062976,48.976592062976,NULL,2026-01-27 16:00:00.000
12526,110,4911,60.6353459829754,60.6353459829754,0,2026-01-27 16:00:00.000
12527,110,5195,791.886126586914,791.886126586914,NULL,2026-01-27 16:00:00.000
12528,110,4917,31.3647991045713,31.3647991045713,0,2026-01-27 16:00:00.000
12529,110,511,158.562697360569,158.562697360569,0,2026-01-27 16:00:00.000
12530,110,1036,506.121024558093,506.121024558093,NULL,2026-01-27 16:00:00.000
12531,110,4921,158.562697360569,158.562697360569,0,2026-01-27 16:00:00.000
12532,110,510,44.2458362979889,44.2458362979889,0,2026-01-27 16:00:00.000
12533,110,4920,44.2458362979889,44.2458362979889,0,2026-01-27 16:00:00.000
12534,110,4919,394.786714433057,394.786714433057,0,2026-01-27 16:00:00.000
12535,110,4965,95,95,0,2026-01-27 16:00:00.000
12536,110,4279,0.457929203079806,0.457929203079806,0,2026-01-27 16:00:00.000
12537,110,4839,5.96906812377051,5.96906812377051,NULL,2026-01-27 16:00:00.000
12538,110,4840,0.425776156986369,0.425776156986369,NULL,2026-01-27 16:00:00.000
12539,110,3024,0.0729549713432789,0.0729549713432789,NULL,2026-01-27 16:00:00.000
12540,110,3025,64.7552719116211,64.7552719116211,NULL,2026-01-27 16:00:00.000
12541,110,3026,93.2744407653809,93.2744407653809,NULL,2026-01-27 16:00:00.000
12542,110,3027,73.5013160705566,73.5013160705566,NULL,2026-01-27 16:00:00.000
12543,110,1197,13.5583558888109,13.5583558888109,NULL,2026-01-27 16:00:00.000
12544,110,5683,0,0,NULL,2026-01-27 16:00:00.000
12545,110,5684,0,0,NULL,2026-01-27 16:00:00.000
12546,110,5685,0,0,NULL,2026-01-27 16:00:00.000
12547,110,5686,0,0,NULL,2026-01-27 16:00:00.000
12548,110,5687,0,0,NULL,2026-01-27 16:00:00.000
12549,110,3049,0,0,NULL,2026-01-27 16:00:00.000
12550,110,3050,0,0,NULL,2026-01-27 16:00:00.000
12551,110,3051,0,0,NULL,2026-01-27 16:00:00.000
12552,110,3052,0,0,NULL,2026-01-27 16:00:00.000
12553,110,3053,0,0,NULL,2026-01-27 16:00:00.000
12554,110,3054,0,0,NULL,2026-01-27 16:00:00.000
12555,110,5129,201.860455769009,201.860455769009,NULL,2026-01-27 16:00:00.000
12556,110,5053,83.1968053364754,83.1968053364754,0,2026-01-27 16:00:00.000
12557,110,5054,87.2774882592095,87.2774882592095,0,2026-01-27 16:00:00.000
12558,110,5055,85.0669485240512,85.0669485240512,0,2026-01-27 16:00:00.000
12559,110,5056,86.0501519762145,86.0501519762145,0,2026-01-27 16:00:00.000
12560,110,3031,89.0606644821167,89.0606644821167,NULL,2026-01-27 16:00:00.000
12561,110,5052,1.4095519929462,1.4095519929462,0,2026-01-27 16:00:00.000
12562,110,4924,3590.5444035961,3590.5444035961,NULL,2026-01-27 16:00:00.000
12563,110,4802,51.1947747000623,51.1947747000623,0,2026-01-27 16:00:00.000
12564,110,504,372.383685094198,372.383685094198,NULL,2026-01-27 16:00:00.000
12565,110,1009,1275.92530835322,1275.92530835322,NULL,2026-01-27 16:00:00.000
12566,110,4272,0.682242512702942,0.682242512702942,0,2026-01-27 16:00:00.000
12567,110,4269,0.0136558979649858,0.0136558979649858,0,2026-01-27 16:00:00.000
12568,110,4295,9.85067537122303,9.85067537122303,0,2026-01-27 16:00:00.000
12569,110,4292,12.2248994223277,12.2248994223277,0,2026-01-27 16:00:00.000
12570,110,4310,1.65039854968919,1.65039854968919,0,2026-01-27 16:00:00.000
12571,110,3364,861.773956405939,861.994934049047,1,2026-01-27 16:00:00.000
12572,110,3328,0.022709850398176,0.022709850398176,NULL,2026-01-27 16:00:00.000
12573,110,4707,463.418774833679,463.418774833679,NULL,2026-01-27 16:00:00.000
12574,110,4705,43924.5900834961,43924.5900834961,NULL,2026-01-27 16:00:00.000
12575,110,4706,1.28899060800672,1.28899060800672,0,2026-01-27 16:00:00.000
12576,110,4711,0,0,0,2026-01-27 16:00:00.000
12577,110,4713,0,0,NULL,2026-01-27 16:00:00.000
12578,110,4712,0.123590007424355,0.123590007424355,NULL,2026-01-27 16:00:00.000
12579,110,1211,43924.5900834961,43924.5900834961,NULL,2026-01-27 16:00:00.000
12580,110,394,1,1,NULL,2026-01-27 16:00:00.000
12581,110,401,7,7,NULL,2026-01-27 16:00:00.000
12582,110,5558,-96.7913695682037,-96.7913695682037,NULL,2026-01-27 16:00:00.000
12583,110,5557,6.73489319774079,6.73489319774079,NULL,2026-01-27 16:00:00.000
12584,110,2896,0,0,NULL,2026-01-27 16:00:00.000
12585,110,202,5.808,19.800449535272,NULL,2026-01-27 16:00:00.000
12586,110,1152,0,5,NULL,2026-01-27 16:00:00.000
12587,110,5205,0,0,NULL,2026-01-27 16:00:00.000
12588,110,5206,0.834579321423866,0.834579321423866,NULL,2026-01-27 16:00:00.000
12589,110,5207,0.617207326602481,0.617207326602481,NULL,2026-01-27 16:00:00.000
12590,110,5204,0.8,0.8,NULL,2026-01-27 16:00:00.000
12591,110,2995,5976.28705891613,6182.95255490966,1,2026-01-27 16:00:00.000
12592,110,4072,1948.10769766631,1948.10769766631,0,2026-01-27 16:00:00.000
12593,110,5003,0.641683927051976,0.641683927051976,1,2026-01-27 16:00:00.000
12594,110,5007,1.71115713880527,1.71115713880527,1,2026-01-27 16:00:00.000
12595,110,5005,-0.361611308882923,-0.361611308882923,0,2026-01-27 16:00:00.000
12596,110,5006,29.2362036057746,29.2362036057746,1,2026-01-27 16:00:00.000
12597,110,5008,30.5857494356969,30.5857494356969,1,2026-01-27 16:00:00.000
12598,110,5001,-0.361611308882923,-0.361611308882923,0,2026-01-27 16:00:00.000
12599,110,5002,26.3125832451971,26.3125832451971,1,2026-01-27 16:00:00.000
12600,110,5004,25.5893606274313,25.5893606274313,1,2026-01-27 16:00:00.000
12601,110,2906,0,0,NULL,2026-01-27 16:00:00.000
12602,110,2469,597.625661750955,791.218089184738,NULL,2026-01-27 16:00:00.000
12603,110,2418,2457.57999471803,3078.04082938138,NULL,2026-01-27 16:00:00.000
12604,110,4270,16.5967137953981,16.5967137953981,0,2026-01-27 16:00:00.000
12605,110,4267,0,0,0,2026-01-27 16:00:00.000
12606,110,4293,59.9697174708049,59.9697174708049,0,2026-01-27 16:00:00.000
12607,110,4290,168.020834992727,168.020834992727,0,2026-01-27 16:00:00.000
12608,110,4308,141.532559133572,141.532559133572,0,2026-01-27 16:00:00.000
12609,110,4057,243.064317181496,245.857182845732,1,2026-01-27 16:00:00.000
12610,110,4060,2.79286566423627,2.79286566423627,1,2026-01-27 16:00:00.000
12611,110,3293,736.073170474043,736.073170474043,0,2026-01-27 16:00:00.000
12612,110,3292,9.38778734090619,9.38778734090619,NULL,2026-01-27 16:00:00.000
12613,110,3285,31.4000582165504,31.4000582165504,NULL,2026-01-27 16:00:00.000
12614,110,3295,143.110013780004,143.110013780004,0,2026-01-27 16:00:00.000
12615,110,3294,6.14594640500016,6.14594640500016,NULL,2026-01-27 16:00:00.000
12616,110,3287,30.9692341158688,30.9692341158688,NULL,2026-01-27 16:00:00.000
12617,110,3286,24.8360481084983,24.8360481084983,NULL,2026-01-27 16:00:00.000
12618,110,4055,0.00026252787145859,0.000259545360357742,NULL,2026-01-27 16:00:00.000
12619,110,4056,0.022709850398176,0.022709850398176,NULL,2026-01-27 16:00:00.000
12620,110,4058,5.5657276196407,15.5195809645659,NULL,2026-01-27 16:00:00.000
12621,110,278,1,6,NULL,2026-01-27 16:00:00.000
12622,110,2916,6.61408926034305,6.61408926034305,NULL,2026-01-27 16:00:00.000
12623,110,2973,15.4485777683825,25.3241694447954,1,2026-01-27 16:00:00.000
12624,110,3087,-138.893218994141,-138.893218994141,NULL,2026-01-27 16:00:00.000
12625,110,3088,1.41425526977527,1.41425526977527,NULL,2026-01-27 16:00:00.000
12626,110,5088,2.295,2.29500007629395,0,2026-01-27 16:00:00.000
12627,110,5178,0,0,NULL,2026-01-27 16:00:00.000
12628,110,2912,1,1,NULL,2026-01-27 16:00:00.000
12629,110,5089,0,0,0,2026-01-27 16:00:00.000
12630,110,5179,0,0,NULL,2026-01-27 16:00:00.000
12631,110,2913,0,0,NULL,2026-01-27 16:00:00.000
12632,110,5090,2.295,2.29500007629395,0,2026-01-27 16:00:00.000
12633,110,5180,0,0,NULL,2026-01-27 16:00:00.000
12634,110,2914,1,1,NULL,2026-01-27 16:00:00.000
12635,110,261,0,0,0,2026-01-27 16:00:00.000
12636,110,2528,0,0,NULL,2026-01-27 16:00:00.000
12637,110,5612,-1.30356,-1.30356,NULL,2026-01-27 16:00:00.000
12638,110,241,0,0,NULL,2026-01-27 16:00:00.000
12639,110,262,0,2.295,1,2026-01-27 16:00:00.000
12640,110,2529,110.165508,110.165508,NULL,2026-01-27 16:00:00.000
12641,110,5613,0,0,NULL,2026-01-27 16:00:00.000
12642,110,242,0,1,NULL,2026-01-27 16:00:00.000
12643,110,263,0,2.295,1,2026-01-27 16:00:00.000
12644,110,2530,110.165508,110.165508,NULL,2026-01-27 16:00:00.000
12645,110,5614,0,0,NULL,2026-01-27 16:00:00.000
12646,110,243,0,1,NULL,2026-01-27 16:00:00.000
12647,110,264,0,2.295,1,2026-01-27 16:00:00.000
12648,110,2531,110.165508,110.165508,NULL,2026-01-27 16:00:00.000
12649,110,5615,0,0,NULL,2026-01-27 16:00:00.000
12650,110,244,0,1,NULL,2026-01-27 16:00:00.000
12651,110,1140,0,3,NULL,2026-01-27 16:00:00.000
12652,110,2882,0,0,NULL,2026-01-27 16:00:00.000
12653,110,367,10441.6044921875,10441.6044921875,NULL,2026-01-27 16:00:00.000
12654,110,5670,67888458.0377778,67888458.0377778,NULL,2026-01-27 16:00:00.000
12655,110,5680,573.931111112237,573.931111112237,NULL,2026-01-27 16:00:00.000
12656,110,5677,67887884.1066667,67887884.1066667,NULL,2026-01-27 16:00:00.000
12657,110,2883,0,0,NULL,2026-01-27 16:00:00.000
12658,110,2881,0,0,NULL,2026-01-27 16:00:00.000
12659,110,2884,0,0,NULL,2026-01-27 16:00:00.000
12660,110,2860,3578794.30396875,3578794.30396875,NULL,2026-01-27 16:00:00.000
12661,110,2885,0,0,NULL,2026-01-27 16:00:00.000
12662,110,2859,1748992.18665451,1748992.18665451,NULL,2026-01-27 16:00:00.000
12663,110,239,0,1,NULL,2026-01-27 16:00:00.000
12664,110,43,0,35.9827810192108,1,2026-01-27 16:00:00.000
12665,110,2525,266.383680768126,266.383680768126,NULL,2026-01-27 16:00:00.000
12666,110,5629,-3.45702149152297E-05,-3.45702149152297E-05,NULL,2026-01-27 16:00:00.000
12667,110,905,10.2774061044138,10.2774061044138,NULL,2026-01-27 16:00:00.000
12668,110,4238,35.9792936229706,35.9792936229706,0,2026-01-27 16:00:00.000
12669,110,3282,35.9827810192108,35.9827810192108,NULL,2026-01-27 16:00:00.000
12670,110,240,1,1,NULL,2026-01-27 16:00:00.000
12671,110,44,35.282,35.2822752036518,0,2026-01-27 16:00:00.000
12672,110,2526,0,0,NULL,2026-01-27 16:00:00.000
12673,110,5630,4.34460457728699E-05,4.34460457728699E-05,NULL,2026-01-27 16:00:00.000
12674,110,906,10.0773275518094,10.0773275518094,NULL,2026-01-27 16:00:00.000
12675,110,4239,35.2746878623962,35.2746878623962,0,2026-01-27 16:00:00.000
12676,110,3283,35.2822752036518,35.2822752036518,NULL,2026-01-27 16:00:00.000
12677,110,245,0,1,NULL,2026-01-27 16:00:00.000
12678,110,45,0,37.7588798832364,1,2026-01-27 16:00:00.000
12679,110,2527,279.532296283826,279.532296283826,NULL,2026-01-27 16:00:00.000
12680,110,5631,5.96094569492075,5.96094569492075,NULL,2026-01-27 16:00:00.000
12681,110,907,10.7846956687594,10.7846956687594,NULL,2026-01-27 16:00:00.000
12682,110,4240,37.7457627773285,37.7457627773285,0,2026-01-27 16:00:00.000
12683,110,3284,37.7588798832364,37.7588798832364,NULL,2026-01-27 16:00:00.000
12684,110,1141,1,3,NULL,2026-01-27 16:00:00.000
12685,110,2893,40.7878455574565,40.7878455574565,NULL,2026-01-27 16:00:00.000
12686,110,2892,31.630251663367,31.630251663367,NULL,2026-01-27 16:00:00.000
12687,110,4254,0,0,0,2026-01-27 16:00:00.000
12688,110,4277,10.3299999237061,10.3299999237061,0,2026-01-27 16:00:00.000
12689,110,4714,746598.991041667,746598.991041667,NULL,2026-01-27 16:00:00.000
12690,110,4715,108.826185581419,108.826185581419,0,2026-01-27 16:00:00.000
12691,110,4716,82828.4809926181,82828.4809926181,NULL,2026-01-27 16:00:00.000
12692,110,4717,109.141490895983,109.141490895983,0,2026-01-27 16:00:00.000
12693,110,5012,9.39041268652015,9.39041268652015,0,2026-01-27 16:00:00.000
12694,110,197,38.4921822707163,52.1161079578993,1,2026-01-27 16:00:00.000
12695,110,912,129.132098873986,129.132098873986,NULL,2026-01-27 16:00:00.000
12696,110,3330,0.62411321071287,0.62411321071287,NULL,2026-01-27 16:00:00.000
12697,110,274,0.769843645414325,1.04760912615392,NULL,2026-01-27 16:00:00.000
12698,110,5013,1.66782596261634,1.66782596261634,0,2026-01-27 16:00:00.000
12699,110,198,23.2990168556833,31.7318525125868,1,2026-01-27 16:00:00.000
12700,110,913,77.5311407658606,77.5311407658606,NULL,2026-01-27 16:00:00.000
12701,110,3331,0.377770844842859,0.377770844842859,NULL,2026-01-27 16:00:00.000
12702,110,275,0.465980337113667,0.634637050251736,NULL,2026-01-27 16:00:00.000
12703,110,5681,32.8480598250193,32.8480598250193,NULL,2026-01-27 16:00:00.000
12704,110,1053,124.525326177356,119.43904120877,NULL,2026-01-27 16:00:00.000
12705,110,3329,61.675,83.9976216952006,NULL,2026-01-27 16:00:00.000
12706,110,2776,0.0422489349876013,0.0422489349876013,NULL,2026-01-27 16:00:00.000
12707,110,2850,0,0,NULL,2026-01-27 16:00:00.000
12708,110,2415,0,0,NULL,2026-01-27 16:00:00.000
12709,110,5291,0,0,NULL,2026-01-27 16:00:00.000
12710,110,5240,0,0,NULL,2026-01-27 16:00:00.000
12711,110,520,3.64767015218735,3.64767015218735,NULL,2026-01-27 16:00:00.000
12712,110,1024,10.6012596766096,10.6012596766096,NULL,2026-01-27 16:00:00.000
12713,110,2501,-85.038343849685,-85.038343849685,NULL,2026-01-27 16:00:00.000
12714,110,423,310.81288,230.435934323414,0,2026-01-27 16:00:00.000
12715,110,1196,-80.376945676586,-80.376945676586,0,2026-01-27 16:00:00.000
12716,110,280,1,1,NULL,2026-01-27 16:00:00.000
12717,110,2481,189.806,140.913295666377,NULL,2026-01-27 16:00:00.000
12718,110,268,158.578,117.729530478583,0,2026-01-27 16:00:00.000
12719,110,80,32847.7294902886,32847.7294902886,NULL,2026-01-27 16:00:00.000
12720,110,79,83958.8327683377,83958.8327683377,NULL,2026-01-27 16:00:00.000
12721,110,267,0,0,0,2026-01-27 16:00:00.000
12722,110,2524,0,0,NULL,2026-01-27 16:00:00.000
12723,110,5618,0,0,NULL,2026-01-27 16:00:00.000
12724,110,1144,0,0,NULL,2026-01-27 16:00:00.000
12725,110,251,0,0,NULL,2026-01-27 16:00:00.000
12726,110,250,1,0,NULL,2026-01-27 16:00:00.000
12727,110,195,6.207,0.75681052059767,0,2026-01-27 16:00:00.000
12728,110,2522,-37.1673978680967,-37.1673978680967,NULL,2026-01-27 16:00:00.000
12729,110,5627,-2.99128690016635E-05,-2.99128690016635E-05,NULL,2026-01-27 16:00:00.000
12730,110,910,0.143680594227208,0.143680594227208,NULL,2026-01-27 16:00:00.000
12731,110,48,756.81052059767,756.81052059767,NULL,2026-01-27 16:00:00.000
12732,110,252,0,1,NULL,2026-01-27 16:00:00.000
12733,110,196,0,6.00328826660156,1,2026-01-27 16:00:00.000
12734,110,2523,40.9392378677677,40.9392378677677,NULL,2026-01-27 16:00:00.000
12735,110,5628,0.0319349878931897,0.0319349878931897,NULL,2026-01-27 16:00:00.000
12736,110,911,1.13972520464086,1.13972520464086,NULL,2026-01-27 16:00:00.000
12737,110,49,6003.28826660156,6003.28826660156,NULL,2026-01-27 16:00:00.000
12738,110,2429,6.207,6.74993855588966,NULL,2026-01-27 16:00:00.000
12739,110,1145,1,1,NULL,2026-01-27 16:00:00.000
12740,110,3034,16.5967137953981,16.5967137953981,NULL,2026-01-27 16:00:00.000
12741,110,3036,59.9939146445857,59.9939146445857,NULL,2026-01-27 16:00:00.000
12742,110,200,0,0,0,2026-01-27 16:00:00.000
12743,110,167,0,0,NULL,2026-01-27 16:00:00.000
12744,110,168,10.6841258580104,13.470942568779,NULL,2026-01-27 16:00:00.000
12745,110,169,3.83543850532364,3.83591740658174,NULL,2026-01-27 16:00:00.000
12746,110,166,9.87679231135566,9.87676419011752,NULL,2026-01-27 16:00:00.000
12747,110,1045,0,8.79766228062058,NULL,2026-01-27 16:00:00.000
12748,110,4704,3.88564244478279,3.88564244478279,NULL,2026-01-27 16:00:00.000
12749,110,3077,1,1,NULL,2026-01-27 16:00:00.000
12750,110,4909,49.9623547357983,49.9623547357983,NULL,2026-01-27 16:00:00.000
12751,110,4912,50.0077947701348,50.0077947701348,NULL,2026-01-27 16:00:00.000
12752,110,4913,45.0482777370877,45.0482777370877,NULL,2026-01-27 16:00:00.000
12753,110,4900,54.8881326541124,54.8881326541124,0,2026-01-27 16:00:00.000
12754,110,4908,50.5080309830418,50.5080309830418,NULL,2026-01-27 16:00:00.000
12755,110,3059,0,0,NULL,2026-01-27 16:00:00.000
12756,110,3060,0,0,NULL,2026-01-27 16:00:00.000
12757,110,3070,0,0,NULL,2026-01-27 16:00:00.000
12758,110,3071,0,0,NULL,2026-01-27 16:00:00.000
12759,110,3062,1,1,NULL,2026-01-27 16:00:00.000
12760,110,3063,1,1,NULL,2026-01-27 16:00:00.000
12761,110,3072,1,1,NULL,2026-01-27 16:00:00.000
12762,110,3073,1,1,NULL,2026-01-27 16:00:00.000
12763,110,3065,1,1,NULL,2026-01-27 16:00:00.000
12764,110,3069,1,1,NULL,2026-01-27 16:00:00.000
12765,110,4373,0,0,NULL,2026-01-27 16:00:00.000
12766,110,4374,516.1958290663,516.1958290663,NULL,2026-01-27 16:00:00.000
12767,110,4375,362.158564182131,362.158564182131,NULL,2026-01-27 16:00:00.000
12768,110,4372,841.684741116881,841.684741116881,NULL,2026-01-27 16:00:00.000
12769,110,4376,164.304168793394,164.304168793394,NULL,2026-01-27 16:00:00.000
12770,110,3094,0.000179380382178351,0.000179380382178351,NULL,2026-01-27 16:00:00.000
12771,110,5259,-0.0264809988439083,-0.0264809988439083,NULL,2026-01-27 16:00:00.000
12772,110,5260,0.64140522480011,0.64140522480011,NULL,2026-01-27 16:00:00.000
12773,110,70,0,0,NULL,2026-01-27 16:00:00.000
12774,110,2764,0.0910735726356506,0.0910735726356506,NULL,2026-01-27 16:00:00.000
12775,110,3319,0,0,NULL,2026-01-27 16:00:00.000
12776,110,5224,0.0694636244442522,0.0694636244442522,NULL,2026-01-27 16:00:00.000
12777,110,5507,0,0,NULL,2026-01-27 16:00:00.000
12778,110,139,0.0574616498971683,0.0574616498971683,NULL,2026-01-27 16:00:00.000
12779,110,5547,0,0,NULL,2026-01-27 16:00:00.000
12780,110,5227,0,0,0,2026-01-27 16:00:00.000
12781,110,5546,0,0,NULL,2026-01-27 16:00:00.000
12782,110,1169,-0.00271975435316563,-0.00271975435316563,NULL,2026-01-27 16:00:00.000
12783,110,1170,-0.00575502682477236,-0.00575502682477236,NULL,2026-01-27 16:00:00.000
12784,110,140,7.63058239157238,7.63058239157238,NULL,2026-01-27 16:00:00.000
12785,110,5137,0,0,NULL,2026-01-27 16:00:00.000
12786,110,1068,14.5547989964596,14.5571663146549,NULL,2026-01-27 16:00:00.000
12787,110,1069,42.3007556233664,42.3007556233664,NULL,2026-01-27 16:00:00.000
12788,110,529,17.5251556773422,17.5251556773422,NULL,2026-01-27 16:00:00.000
12789,110,1066,-0.175354891583775,-0.175354891583775,NULL,2026-01-27 16:00:00.000
12790,110,1067,-0.509635647874731,-0.509635647874731,NULL,2026-01-27 16:00:00.000
12791,110,548,-0.0279983761252346,-0.0279983761252346,0,2026-01-27 16:00:00.000
12792,110,936,-0.0813719561920943,-0.0813719561920943,NULL,2026-01-27 16:00:00.000
12793,110,549,0.00261222786573974,0.00261222786573974,0,2026-01-27 16:00:00.000
12794,110,937,0.00759194356501134,0.00759194356501134,NULL,2026-01-27 16:00:00.000
12795,110,547,-0.14996874332428,-0.14996874332428,0,2026-01-27 16:00:00.000
12796,110,935,-0.435855635247648,-0.435855635247648,NULL,2026-01-27 16:00:00.000
12797,110,3028,-14.7325212062387,-14.7325212062387,NULL,2026-01-27 16:00:00.000
12798,110,551,-0.0274408169614236,-0.0274408169614236,0,2026-01-27 16:00:00.000
12799,110,939,-0.0797515165048355,-0.0797515165048355,NULL,2026-01-27 16:00:00.000
12800,110,552,-0.0439983056347692,-0.0439983056347692,0,2026-01-27 16:00:00.000
12801,110,940,-0.127872708853711,-0.127872708853711,NULL,2026-01-27 16:00:00.000
12802,110,554,5.33789633684688,5.33789633684688,0,2026-01-27 16:00:00.000
12803,110,942,15.5135806782868,15.5135806782868,NULL,2026-01-27 16:00:00.000
12804,110,556,-0.18310546875,-0.18310546875,0,2026-01-27 16:00:00.000
12805,110,944,-0.000532161226601603,-0.000532161226601603,NULL,2026-01-27 16:00:00.000
12806,110,550,4.8753427552205,4.8753427552205,0,2026-01-27 16:00:00.000
12807,110,938,14.169256649913,14.169256649913,NULL,2026-01-27 16:00:00.000
12808,110,553,-0.985990303784609,-0.985990303784609,0,2026-01-27 16:00:00.000
12809,110,941,-2.86559332750298,-2.86559332750298,NULL,2026-01-27 16:00:00.000
12810,110,555,5.39917243624175,5.39917243624175,0,2026-01-27 16:00:00.000
12811,110,943,15.6916680092548,15.6916680092548,NULL,2026-01-27 16:00:00.000
12812,110,5508,0,0,NULL,2026-01-27 16:00:00.000
12813,110,5548,0,0,NULL,2026-01-27 16:00:00.000
12814,110,141,-19.5613117218018,-19.5613117218018,NULL,2026-01-27 16:00:00.000
12815,110,1062,15.2065382342868,15.2065382342868,NULL,2026-01-27 16:00:00.000
12816,110,1063,44.780301160648,44.780301160648,NULL,2026-01-27 16:00:00.000
12817,110,537,1.44468569755554,1.44468569755554,0,2026-01-27 16:00:00.000
12818,110,932,4.47297806934357,4.47297806934357,NULL,2026-01-27 16:00:00.000
12819,110,538,-0.745271980762482,-0.745271980762482,0,2026-01-27 16:00:00.000
12820,110,934,-2.30748129595757,-2.30748129595757,NULL,2026-01-27 16:00:00.000
12821,110,1064,0.699429294930564,0.699429294930564,NULL,2026-01-27 16:00:00.000
12822,110,1065,3.72770608858109,3.72770608858109,NULL,2026-01-27 16:00:00.000
12823,110,523,0.867910385131836,0.867910385131836,NULL,2026-01-27 16:00:00.000
12824,110,524,20.3402284223625,20.3402284223625,NULL,2026-01-27 16:00:00.000
12825,110,546,-0.102720141410828,-0.102720141410828,0,2026-01-27 16:00:00.000
12826,110,930,-0.318037993030548,-0.318037993030548,NULL,2026-01-27 16:00:00.000
12827,110,542,10.7962086333169,10.7962086333169,0,2026-01-27 16:00:00.000
12828,110,926,33.4267893221304,33.4267893221304,NULL,2026-01-27 16:00:00.000
12829,110,543,-0.107192769519174,-0.107192769519174,0,2026-01-27 16:00:00.000
12830,110,927,-0.331885965274487,-0.331885965274487,NULL,2026-01-27 16:00:00.000
12831,110,544,0.00241772830486298,0.00241772830486298,0,2026-01-27 16:00:00.000
12832,110,928,7.48567366838455E-06,7.48567366838455E-06,NULL,2026-01-27 16:00:00.000
12833,110,539,-0.00244307541288435,-0.00244307541288435,0,2026-01-27 16:00:00.000
12834,110,923,-7.56415237035602E-06,-7.56415237035602E-06,NULL,2026-01-27 16:00:00.000
12835,110,540,0.00080108642578125,0.00080108642578125,0,2026-01-27 16:00:00.000
12836,110,924,0.00248029174804687,0.00248029174804687,NULL,2026-01-27 16:00:00.000
12837,110,541,-192.855834960938,-192.855834960938,0,2026-01-27 16:00:00.000
12838,110,925,-0.597112521972656,-0.597112521972656,NULL,2026-01-27 16:00:00.000
12839,110,871,4,4,NULL,2026-01-27 16:00:00.000
12840,110,922,12.38464,12.38464,NULL,2026-01-27 16:00:00.000
12841,110,545,-0.0006103515625,-0.0006103515625,0,2026-01-27 16:00:00.000
12842,110,929,-0.00188974609375,-0.00188974609375,NULL,2026-01-27 16:00:00.000
12843,110,4723,0,0,0,2026-01-27 16:00:00.000
12844,110,4722,0,0,0,2026-01-27 16:00:00.000
12845,110,4721,0,0,0,2026-01-27 16:00:00.000
12846,110,3066,0,0,NULL,2026-01-27 16:00:00.000
12847,110,5562,24.3097800946792,24.3097800946792,NULL,2026-01-27 16:00:00.000
12848,110,5220,0.523183345794678,0.523183345794678,NULL,2026-01-27 16:00:00.000
12849,110,3061,0,0,NULL,2026-01-27 16:00:00.000
12850,110,5560,-5.16487274575548,-5.16487274575548,NULL,2026-01-27 16:00:00.000
12851,110,74,0,0,NULL,2026-01-27 16:00:00.000
12852,110,5201,0,0,NULL,2026-01-27 16:00:00.000
12853,110,2766,-0.0090574556755023,-0.0090574556755023,NULL,2026-01-27 16:00:00.000
12854,110,142,-0.0675548911094666,-0.0675548911094666,NULL,2026-01-27 16:00:00.000
12855,110,5545,0,0,NULL,2026-01-27 16:00:00.000
12856,110,3097,7.26642188938955,7.26642188938955,NULL,2026-01-27 16:00:00.000
12857,110,5257,26.5386599143346,26.5386599143346,NULL,2026-01-27 16:00:00.000
12858,110,5258,30.0137710157368,30.0137710157368,NULL,2026-01-27 16:00:00.000
12859,110,71,177.518452533086,177.348383466933,NULL,2026-01-27 16:00:00.000
12860,110,2765,177.518452533086,177.518452533086,NULL,2026-01-27 16:00:00.000
12861,110,3323,77.0016118207536,77.0016118207536,NULL,2026-01-27 16:00:00.000
12862,110,5223,6.08535622722573,6.08535622722573,NULL,2026-01-27 16:00:00.000
12863,110,5509,0,0,NULL,2026-01-27 16:00:00.000
12864,110,143,5.91633067395952,5.91633067395952,NULL,2026-01-27 16:00:00.000
12865,110,5552,0,0,NULL,2026-01-27 16:00:00.000
12866,110,5228,350.169341843704,443.62421706997,1,2026-01-27 16:00:00.000
12867,110,5551,0,0,NULL,2026-01-27 16:00:00.000
12868,110,1171,35.004610894786,35.004610894786,NULL,2026-01-27 16:00:00.000
12869,110,1172,31.7627365867297,31.7627365867297,NULL,2026-01-27 16:00:00.000
12870,110,144,81.3008503675461,81.3008503675461,NULL,2026-01-27 16:00:00.000
12871,110,5138,0,0,NULL,2026-01-27 16:00:00.000
12872,110,1076,111.806294831383,111.610843073527,NULL,2026-01-27 16:00:00.000
12873,110,1077,324.943735462567,324.943735462567,NULL,2026-01-27 16:00:00.000
12874,110,563,162.454518455929,162.454518455929,NULL,2026-01-27 16:00:00.000
12875,110,1074,90.5777484851413,90.5777484851413,NULL,2026-01-27 16:00:00.000
12876,110,1075,257.734117465549,257.734117465549,NULL,2026-01-27 16:00:00.000
12877,110,3411,5.20690758890576,5.20690758890576,NULL,2026-01-27 16:00:00.000
12878,110,560,218.010058318244,218.010058318244,NULL,2026-01-27 16:00:00.000
12879,110,2667,646.678498263889,646.678498263889,NULL,2026-01-27 16:00:00.000
12880,110,582,17.6841092387835,17.6841092387835,0,2026-01-27 16:00:00.000
12881,110,959,51.3955007904032,51.3955007904032,NULL,2026-01-27 16:00:00.000
12882,110,583,17.7172450747755,17.7172450747755,0,2026-01-27 16:00:00.000
12883,110,960,51.4918037967871,51.4918037967871,NULL,2026-01-27 16:00:00.000
12884,110,581,12.5598633090655,12.5598633090655,0,2026-01-27 16:00:00.000
12885,110,958,36.5028543938602,36.5028543938602,NULL,2026-01-27 16:00:00.000
12886,110,2666,2771.60218438043,2771.60218438043,NULL,2026-01-27 16:00:00.000
12887,110,585,20.2827297482226,20.2827297482226,0,2026-01-27 16:00:00.000
12888,110,962,58.947897161826,58.947897161826,NULL,2026-01-27 16:00:00.000
12889,110,586,5.69080279353592,5.69080279353592,0,2026-01-27 16:00:00.000
12890,110,963,16.5392361879192,16.5392361879192,NULL,2026-01-27 16:00:00.000
12891,110,588,10.952240799533,10.952240799533,0,2026-01-27 16:00:00.000
12892,110,965,31.8306052664831,31.8306052664831,NULL,2026-01-27 16:00:00.000
12893,110,590,449.985784869724,449.985784869724,0,2026-01-27 16:00:00.000
12894,110,967,1.30779811692302,1.30779811692302,NULL,2026-01-27 16:00:00.000
12895,110,584,42.3068012714386,42.3068012714386,0,2026-01-27 16:00:00.000
12896,110,961,122.956673068778,122.956673068778,NULL,2026-01-27 16:00:00.000
12897,110,587,12.5044728649987,12.5044728649987,0,2026-01-27 16:00:00.000
12898,110,964,36.3418726009197,36.3418726009197,NULL,2026-01-27 16:00:00.000
12899,110,589,19.6192615687847,19.6192615687847,0,2026-01-27 16:00:00.000
12900,110,966,57.0196530597187,57.0196530597187,NULL,2026-01-27 16:00:00.000
12901,110,5510,0,0,NULL,2026-01-27 16:00:00.000
12902,110,5553,0,0,NULL,2026-01-27 16:00:00.000
12903,110,145,60.3393985748291,60.3393985748291,NULL,2026-01-27 16:00:00.000
12904,110,1070,138.881007385254,138.881007385254,NULL,2026-01-27 16:00:00.000
12905,110,1071,290.389752162924,290.389752162924,NULL,2026-01-27 16:00:00.000
12906,110,562,215.381074914667,215.381074914667,NULL,2026-01-27 16:00:00.000
12907,110,571,23.01792644461,23.01792644461,0,2026-01-27 16:00:00.000
12908,110,955,71.2671831407436,71.2671831407436,NULL,2026-01-27 16:00:00.000
12909,110,572,25.4898054314984,25.4898054314984,0,2026-01-27 16:00:00.000
12910,110,957,78.9205159847882,78.9205159847882,NULL,2026-01-27 16:00:00.000
12911,110,1072,151.803565103478,151.803565103478,NULL,2026-01-27 16:00:00.000
12912,110,1073,416.577415577494,416.577415577494,NULL,2026-01-27 16:00:00.000
12913,110,559,306.977042907129,306.977042907129,NULL,2026-01-27 16:00:00.000
12914,110,2669,918.133625623915,918.133625623915,NULL,2026-01-27 16:00:00.000
12915,110,2668,2802.16608981662,2802.16608981662,NULL,2026-01-27 16:00:00.000
12916,110,580,66.591376124488,66.591376124488,0,2026-01-27 16:00:00.000
12917,110,953,206.177555101595,206.177555101595,NULL,2026-01-27 16:00:00.000
12918,110,576,24.1803088665009,24.1803088665009,0,2026-01-27 16:00:00.000
12919,110,949,74.8661051001053,74.8661051001053,NULL,2026-01-27 16:00:00.000
12920,110,577,42.7434229334195,42.7434229334195,0,2026-01-27 16:00:00.000
12921,110,950,132.340476349536,132.340476349536,NULL,2026-01-27 16:00:00.000
12922,110,578,3.8480307797177,3.8480307797177,0,2026-01-27 16:00:00.000
12923,110,951,0.0119141189789307,0.0119141189789307,NULL,2026-01-27 16:00:00.000
12924,110,573,7.19973929358853,7.19973929358853,0,2026-01-27 16:00:00.000
12925,110,946,0.0222915448112371,0.0222915448112371,NULL,2026-01-27 16:00:00.000
12926,110,574,-2.27254986763,-2.27254986763,0,2026-01-27 16:00:00.000
12927,110,947,-7.03617799816132,-7.03617799816132,NULL,2026-01-27 16:00:00.000
12928,110,575,620.072614500258,620.072614500258,0,2026-01-27 16:00:00.000
12929,110,948,1.91984402611112,1.91984402611112,NULL,2026-01-27 16:00:00.000
12930,110,872,4,4,NULL,2026-01-27 16:00:00.000
12931,110,945,12.38464,12.38464,NULL,2026-01-27 16:00:00.000
12932,110,579,3.00025932027234,3.00025932027234,0,2026-01-27 16:00:00.000
12933,110,952,9.28928289705441,9.28928289705441,NULL,2026-01-27 16:00:00.000
12934,110,3095,247.956343075964,247.956343075964,NULL,2026-01-27 16:00:00.000
12935,110,3096,247.540451918708,247.540451918708,NULL,2026-01-27 16:00:00.000
12936,110,4726,77.0016118207536,77.0016118207536,0,2026-01-27 16:00:00.000
12937,110,4725,1.13341542568472,1.13341542568472,0,2026-01-27 16:00:00.000
12938,110,4724,1.03811557300555,1.03811557300555,0,2026-01-27 16:00:00.000
12939,110,2754,28.5121026885556,28.5121026885556,NULL,2026-01-27 16:00:00.000
12940,110,5549,1.70538783095253E-13,1.70538783095253E-13,NULL,2026-01-27 16:00:00.000
12941,110,3067,1,1,NULL,2026-01-27 16:00:00.000
12942,110,5563,0,0,NULL,2026-01-27 16:00:00.000
12943,110,5221,18.6994113124079,18.6994113124079,NULL,2026-01-27 16:00:00.000
12944,110,5222,211.895003056337,211.895003056337,NULL,2026-01-27 16:00:00.000
12945,110,3064,1,1,NULL,2026-01-27 16:00:00.000
12946,110,5561,0,0,NULL,2026-01-27 16:00:00.000
12947,110,75,17.1201094057825,17.1212270821465,NULL,2026-01-27 16:00:00.000
12948,110,5202,32.7151202412095,32.7151202412095,NULL,2026-01-27 16:00:00.000
12949,110,2767,17.1201094057825,17.1201094057825,NULL,2026-01-27 16:00:00.000
12950,110,146,394.070562209023,394.070562209023,NULL,2026-01-27 16:00:00.000
12951,110,5550,0,0,NULL,2026-01-27 16:00:00.000
12952,110,3099,6.9044275439595,6.9044275439595,NULL,2026-01-27 16:00:00.000
12953,110,72,169.144744928318,170.22996705797,NULL,2026-01-27 16:00:00.000
12954,110,2756,169.144744928318,169.144744928318,NULL,2026-01-27 16:00:00.000
12955,110,3327,88.5702403131637,88.5702403131637,NULL,2026-01-27 16:00:00.000
12956,110,5225,197.430253174315,197.430253174315,NULL,2026-01-27 16:00:00.000
12957,110,147,10.0220890278127,10.0220890278127,NULL,2026-01-27 16:00:00.000
12958,110,5229,275.727636329265,275.762436578031,1,2026-01-27 16:00:00.000
12959,110,5554,0,0,NULL,2026-01-27 16:00:00.000
12960,110,1173,52.6981317164574,52.6981317164574,NULL,2026-01-27 16:00:00.000
12961,110,1174,46.141423298459,46.141423298459,NULL,2026-01-27 16:00:00.000
12962,110,148,162.94747340605,162.94747340605,NULL,2026-01-27 16:00:00.000
12963,110,5139,0,0,NULL,2026-01-27 16:00:00.000
12964,110,1084,70.3333751859162,70.6690966584947,NULL,2026-01-27 16:00:00.000
12965,110,1085,205.014403317064,205.014403317064,NULL,2026-01-27 16:00:00.000
12966,110,599,164.665813998623,164.665813998623,NULL,2026-01-27 16:00:00.000
12967,110,1082,96.0280271148682,96.0280271148682,NULL,2026-01-27 16:00:00.000
12968,110,1083,272.644836442735,272.644836442735,NULL,2026-01-27 16:00:00.000
12969,110,595,5.09855469582161,5.09855469582161,NULL,2026-01-27 16:00:00.000
12970,110,2686,643.203613450792,643.203613450792,NULL,2026-01-27 16:00:00.000
12971,110,618,22.2972650508724,22.2972650508724,0,2026-01-27 16:00:00.000
12972,110,982,64.8027609461189,64.8027609461189,NULL,2026-01-27 16:00:00.000
12973,110,619,22.0162467778072,22.0162467778072,0,2026-01-27 16:00:00.000
12974,110,983,63.9860347723312,63.9860347723312,NULL,2026-01-27 16:00:00.000
12975,110,617,12.3692235399617,12.3692235399617,0,2026-01-27 16:00:00.000
12976,110,981,35.948796155961,35.948796155961,NULL,2026-01-27 16:00:00.000
12977,110,2685,4.41572533568034,4.41572533568034,NULL,2026-01-27 16:00:00.000
12978,110,2684,2777.41347303602,2777.41347303602,NULL,2026-01-27 16:00:00.000
12979,110,621,16.4995711451892,16.4995711451892,0,2026-01-27 16:00:00.000
12980,110,985,47.9528660665646,47.9528660665646,NULL,2026-01-27 16:00:00.000
12981,110,622,0.00790152381818172,0.00790152381818172,0,2026-01-27 16:00:00.000
12982,110,986,0.0229642764676048,0.0229642764676048,NULL,2026-01-27 16:00:00.000
12983,110,624,7.41171532136599,7.41171532136599,0,2026-01-27 16:00:00.000
12984,110,988,21.5407412108767,21.5407412108767,NULL,2026-01-27 16:00:00.000
12985,110,626,400.039931501431,400.039931501431,0,2026-01-27 16:00:00.000
12986,110,990,1.16263999153451,1.16263999153451,NULL,2026-01-27 16:00:00.000
12987,110,620,28.0222828502714,28.0222828502714,0,2026-01-27 16:00:00.000
12988,110,984,81.4414365424434,81.4414365424434,NULL,2026-01-27 16:00:00.000
12989,110,623,17.99186441377,17.99186441377,0,2026-01-27 16:00:00.000
12990,110,987,52.2899326854846,52.2899326854846,NULL,2026-01-27 16:00:00.000
12991,110,625,0.207762618503223,0.207762618503223,0,2026-01-27 16:00:00.000
12992,110,989,0.603822543692519,0.603822543692519,NULL,2026-01-27 16:00:00.000
12993,110,5555,0,0,NULL,2026-01-27 16:00:00.000
12994,110,149,89.7737643690321,89.7737643690321,NULL,2026-01-27 16:00:00.000
12995,110,1078,180.390548850165,180.390548850165,NULL,2026-01-27 16:00:00.000
12996,110,1079,380.010257303207,380.010257303207,NULL,2026-01-27 16:00:00.000
12997,110,598,219.682041481589,219.682041481589,NULL,2026-01-27 16:00:00.000
12998,110,607,55.939489743582,55.939489743582,0,2026-01-27 16:00:00.000
12999,110,978,173.197610564489,173.197610564489,NULL,2026-01-27 16:00:00.000
13000,110,608,59.9618475394779,59.9618475394779,0,2026-01-27 16:00:00.000
13001,110,980,185.65147387783,185.65147387783,NULL,2026-01-27 16:00:00.000
13002,110,1080,168.011912918091,168.011912918091,NULL,2026-01-27 16:00:00.000
13003,110,1081,394.567089141101,394.567089141101,NULL,2026-01-27 16:00:00.000
13004,110,593,20.789169910242,20.789169910242,NULL,2026-01-27 16:00:00.000
13005,110,2688,917.619525146484,917.619525146484,NULL,2026-01-27 16:00:00.000
13006,110,2687,2816.379816352,2816.379816352,NULL,2026-01-27 16:00:00.000
13007,110,616,85.0105574565887,85.0105574565887,0,2026-01-27 16:00:00.000
13008,110,976,263.206287574792,263.206287574792,NULL,2026-01-27 16:00:00.000
13009,110,612,20.1220905376964,20.1220905376964,0,2026-01-27 16:00:00.000
13010,110,972,62.3012118391941,62.3012118391941,NULL,2026-01-27 16:00:00.000
13011,110,613,51.5694356513765,51.5694356513765,0,2026-01-27 16:00:00.000
13012,110,973,159.667223886366,159.667223886366,NULL,2026-01-27 16:00:00.000
13013,110,614,4.00059747785065,4.00059747785065,0,2026-01-27 16:00:00.000
13014,110,974,0.0123864898870221,0.0123864898870221,NULL,2026-01-27 16:00:00.000
13015,110,609,6720.90450530599,6720.90450530599,0,2026-01-27 16:00:00.000
13016,110,969,20.8089956931482,20.8089956931482,NULL,2026-01-27 16:00:00.000
13017,110,610,8.23339996623463,8.23339996623463,0,2026-01-27 16:00:00.000
13018,110,970,25.491923639457,25.491923639457,NULL,2026-01-27 16:00:00.000
13019,110,611,630.434104643419,630.434104643419,0,2026-01-27 16:00:00.000
13020,110,971,1.95192485743277,1.95192485743277,NULL,2026-01-27 16:00:00.000
13021,110,873,4,4,NULL,2026-01-27 16:00:00.000
13022,110,968,12.38464,12.38464,NULL,2026-01-27 16:00:00.000
13023,110,5654,0,0,NULL,2026-01-27 16:00:00.000
13024,110,5148,2.42938764674348,2.42938764674348,NULL,2026-01-27 16:00:00.000
13025,110,615,3.9989514240649,3.9989514240649,0,2026-01-27 16:00:00.000
13026,110,975,12.3813934411328,12.3813934411328,NULL,2026-01-27 16:00:00.000
13027,110,3098,234.188246228881,234.188246228881,NULL,2026-01-27 16:00:00.000
13028,110,4729,88.5702403131637,88.5702403131637,0,2026-01-27 16:00:00.000
13029,110,4728,1.16429108613067,1.16429108613067,0,2026-01-27 16:00:00.000
13030,110,4727,1.04029107219927,1.04029107219927,0,2026-01-27 16:00:00.000
13031,110,2863,418.300728412204,418.300728412204,NULL,2026-01-27 16:00:00.000
13032,110,2679,32.3937036763035,32.3937036763035,NULL,2026-01-27 16:00:00.000
13033,110,5559,0,0,NULL,2026-01-27 16:00:00.000
13034,110,3068,1,1,NULL,2026-01-27 16:00:00.000
13035,110,5564,0,0,NULL,2026-01-27 16:00:00.000
13036,110,5226,197.591233963123,197.591233963123,NULL,2026-01-27 16:00:00.000
13037,110,76,0.814517256071706,0.814517256071706,NULL,2026-01-27 16:00:00.000
13038,110,5203,1.55637384184411,1.55637384184411,NULL,2026-01-27 16:00:00.000
13039,110,2757,0.814517256071706,0.814517256071706,NULL,2026-01-27 16:00:00.000
13040,110,150,964.063816597494,964.063816597494,NULL,2026-01-27 16:00:00.000
13041,110,5027,36402.3065595888,36402.3065595888,NULL,2026-01-27 16:00:00.000
13042,110,5033,15557.6923828125,15557.6923828125,NULL,2026-01-27 16:00:00.000
13043,110,5028,85032.8101520932,85032.8101520932,NULL,2026-01-27 16:00:00.000
13044,110,5034,0,0,NULL,2026-01-27 16:00:00.000
13045,110,5029,400165.67903606,400165.67903606,NULL,2026-01-27 16:00:00.000
13046,110,5035,38190.48046875,38190.48046875,NULL,2026-01-27 16:00:00.000
13047,110,5030,400654.727760222,400654.727760222,NULL,2026-01-27 16:00:00.000
13048,110,5036,74241.6171875,74241.6171875,NULL,2026-01-27 16:00:00.000
13049,110,5043,0,0,NULL,2026-01-27 16:00:00.000
13050,110,5082,3670.85884208759,3670.85884208759,NULL,2026-01-27 16:00:00.000
13051,110,5031,1951585.50088845,1951585.50088845,NULL,2026-01-27 16:00:00.000
13052,110,5037,114074.650390625,114074.650390625,NULL,2026-01-27 16:00:00.000
13053,110,5032,139427.58577908,139427.58577908,NULL,2026-01-27 16:00:00.000
13054,110,5038,11434.1669921875,11434.1669921875,NULL,2026-01-27 16:00:00.000
13055,110,5042,11.8867264827249,11.8867264827249,0,2026-01-27 16:00:00.000
13056,110,5046,2.68891654402617,2.68891654402617,NULL,2026-01-27 16:00:00.000
13057,110,5040,3013268.61017549,3013268.61017549,NULL,2026-01-27 16:00:00.000
13058,110,5044,3013268.61017549,3013268.61017549,NULL,2026-01-27 16:00:00.000
13059,110,5041,253498.607421875,253498.607421875,NULL,2026-01-27 16:00:00.000
13060,110,334,15000,5873.48719606331,0,2026-01-27 16:00:00.000
13061,110,361,14.7806961416356,14.7806961416356,NULL,2026-01-27 16:00:00.000
13062,110,1168,86.4416441111891,86.4416441111891,NULL,2026-01-27 16:00:00.000
13063,110,4751,297.730895190769,297.730895190769,NULL,2026-01-27 16:00:00.000
13064,110,4752,297.818202523126,297.818202523126,NULL,2026-01-27 16:00:00.000
13065,110,4753,297.819361576504,297.819361576504,NULL,2026-01-27 16:00:00.000
13066,110,4754,297.694709659153,297.694709659153,NULL,2026-01-27 16:00:00.000
13067,110,4755,305.213180029127,305.213180029127,NULL,2026-01-27 16:00:00.000
13068,110,4782,0,0,NULL,2026-01-27 16:00:00.000
13069,110,4780,0,0,NULL,2026-01-27 16:00:00.000
13070,110,4783,132.997976966604,132.997976966604,NULL,2026-01-27 16:00:00.000
13071,110,4781,38.6635722222399,38.6635722222399,NULL,2026-01-27 16:00:00.000
13072,110,5218,61.290065510442,61.290065510442,NULL,2026-01-27 16:00:00.000
13073,110,5219,103.575893106675,103.575893106675,NULL,2026-01-27 16:00:00.000
13074,110,4757,267.257558802227,267.257558802227,NULL,2026-01-27 16:00:00.000
13075,110,4731,0,0,NULL,2026-01-27 16:00:00.000
13076,110,4732,0,0,NULL,2026-01-27 16:00:00.000
13077,110,4733,0,0,NULL,2026-01-27 16:00:00.000
13078,110,4734,0,0,NULL,2026-01-27 16:00:00.000
13079,110,4736,41.6894336116265,41.6894336116265,NULL,2026-01-27 16:00:00.000
13080,110,4737,125.460314453803,125.460314453803,NULL,2026-01-27 16:00:00.000
13081,110,4738,45.5564868986944,45.5564868986944,NULL,2026-01-27 16:00:00.000
13082,110,4739,80.5299964372815,80.5299964372815,NULL,2026-01-27 16:00:00.000
13083,110,4784,59.8054323471354,59.8054323471354,NULL,2026-01-27 16:00:00.000
13084,110,4740,161.414670831815,161.414670831815,NULL,2026-01-27 16:00:00.000
13085,110,4741,97.9179966547116,97.9179966547116,NULL,2026-01-27 16:00:00.000
13086,110,4742,0,0,NULL,2026-01-27 16:00:00.000
13087,110,4743,333.8539083845,333.8539083845,NULL,2026-01-27 16:00:00.000
13088,110,4744,338.611877498047,338.611877498047,NULL,2026-01-27 16:00:00.000
13089,110,4745,302.107023617171,302.107023617171,NULL,2026-01-27 16:00:00.000
13090,110,4746,331.352258185142,331.352258185142,NULL,2026-01-27 16:00:00.000
13091,110,4747,283.186998690817,283.186998690817,NULL,2026-01-27 16:00:00.000
13092,110,4748,0,0,NULL,2026-01-27 16:00:00.000
13093,110,4749,339.800604827188,339.800604827188,NULL,2026-01-27 16:00:00.000
13094,110,4750,0,0,NULL,2026-01-27 16:00:00.000
13095,110,4779,142.638858702709,142.638858702709,NULL,2026-01-27 16:00:00.000
13096,110,4730,0,0,NULL,2026-01-27 16:00:00.000
13097,110,4735,28.5437840795517,28.5437840795517,NULL,2026-01-27 16:00:00.000
13098,110,4778,32.3937036763035,32.3937036763035,NULL,2026-01-27 16:00:00.000
13099,110,4758,4.67122634698624,4.67122634698624,NULL,2026-01-27 16:00:00.000
13100,110,4759,0,0,NULL,2026-01-27 16:00:00.000
13101,110,4756,194.684442403793,194.684442403793,NULL,2026-01-27 16:00:00.000
13102,110,4762,0,0,NULL,2026-01-27 16:00:00.000
13103,110,4763,7.23670972406864,7.23670972406864,NULL,2026-01-27 16:00:00.000
13104,110,4760,13.3722991895676,13.3722991895676,NULL,2026-01-27 16:00:00.000
13105,110,4761,0,0,NULL,2026-01-27 16:00:00.000
13106,110,4766,0,0,NULL,2026-01-27 16:00:00.000
13107,110,4767,0,0,NULL,2026-01-27 16:00:00.000
13108,110,4768,0,0,NULL,2026-01-27 16:00:00.000
13109,110,4769,0,0,NULL,2026-01-27 16:00:00.000
13110,110,4770,8.54236504912376,8.54236504912376,NULL,2026-01-27 16:00:00.000
13111,110,4771,8.44472165822983,8.44472165822983,NULL,2026-01-27 16:00:00.000
13112,110,4772,4.68091677061014,4.68091677061014,NULL,2026-01-27 16:00:00.000
13113,110,4773,4.9733404605704,4.9733404605704,NULL,2026-01-27 16:00:00.000
13114,110,4774,4.44523004602698,4.44523004602698,NULL,2026-01-27 16:00:00.000
13115,110,4775,10.2774061044138,10.2774061044138,NULL,2026-01-27 16:00:00.000
13116,110,4776,10.0773275518094,10.0773275518094,NULL,2026-01-27 16:00:00.000
13117,110,4777,10.7846956687594,10.7846956687594,NULL,2026-01-27 16:00:00.000
13118,110,4764,127.336445316261,127.336445316261,NULL,2026-01-27 16:00:00.000
13119,110,4765,77.5311407658606,77.5311407658606,NULL,2026-01-27 16:00:00.000
13120,110,365,86.4440639432937,86.4440639432937,NULL,2026-01-27 16:00:00.000
13121,110,2435,100.74194319503,114.929247524571,NULL,2026-01-27 16:00:00.000
13122,110,2434,1068.11238560508,1161.60075490082,NULL,2026-01-27 16:00:00.000
13123,110,2436,-0.905682262884762,-0.901059596389137,NULL,2026-01-27 16:00:00.000
13124,110,2864,0,0,NULL,2026-01-27 16:00:00.000
13125,110,882,0,0,NULL,2026-01-27 16:00:00.000
13126,110,2868,0,0,NULL,2026-01-27 16:00:00.000
13127,110,919,0,0,NULL,2026-01-27 16:00:00.000
13128,110,2873,0,0,NULL,2026-01-27 16:00:00.000
13129,110,931,0,0,NULL,2026-01-27 16:00:00.000
13130,110,397,0,0,NULL,2026-01-27 16:00:00.000
13131,110,2865,0,0,NULL,2026-01-27 16:00:00.000
13132,110,883,0,0,NULL,2026-01-27 16:00:00.000
13133,110,2869,0,0,NULL,2026-01-27 16:00:00.000
13134,110,920,124.717723058065,124.717723058065,NULL,2026-01-27 16:00:00.000
13135,110,2874,206.060161263797,206.060161263797,NULL,2026-01-27 16:00:00.000
13136,110,954,319.820427005252,319.820427005252,NULL,2026-01-27 16:00:00.000
13137,110,398,13,13,NULL,2026-01-27 16:00:00.000
13138,110,2866,0,0,NULL,2026-01-27 16:00:00.000
13139,110,884,0,0,NULL,2026-01-27 16:00:00.000
13140,110,2870,0,0,NULL,2026-01-27 16:00:00.000
13141,110,921,115.199491500854,115.199491500854,NULL,2026-01-27 16:00:00.000
13142,110,2875,0,0,NULL,2026-01-27 16:00:00.000
13143,110,977,161.407631037134,161.407631037134,NULL,2026-01-27 16:00:00.000
13144,110,399,24,24,NULL,2026-01-27 16:00:00.000
13145,110,5251,0,0,NULL,2026-01-27 16:00:00.000
13146,110,390,0,0,NULL,2026-01-27 16:00:00.000
13147,110,5252,206.060161263797,206.060161263797,NULL,2026-01-27 16:00:00.000
13148,110,391,1,1,NULL,2026-01-27 16:00:00.000
13149,110,5253,0,0,NULL,2026-01-27 16:00:00.000
13150,110,392,1,1,NULL,2026-01-27 16:00:00.000
13151,110,2724,54.0790117788315,54.0790117788315,NULL,2026-01-27 16:00:00.000
13152,110,69,350.430894931369,350.430894931369,NULL,2026-01-27 16:00:00.000
13153,110,2848,350.430894931369,350.430894931369,NULL,2026-01-27 16:00:00.000
13154,110,5230,1107.20174338152,1107.21255046252,1,2026-01-27 16:00:00.000
13155,110,5556,0,0,NULL,2026-01-27 16:00:00.000
13156,110,5533,0,0,NULL,2026-01-27 16:00:00.000
13157,110,5534,0,0,NULL,2026-01-27 16:00:00.000
13158,110,135,12.6128167495728,12.6128167495728,NULL,2026-01-27 16:00:00.000
13159,110,1010,40.2592276879664,40.2592276879664,NULL,2026-01-27 16:00:00.000
13160,110,1025,4,4,NULL,2026-01-27 16:00:00.000
13161,110,1031,12.8259421896935,12.8259421896935,NULL,2026-01-27 16:00:00.000
13162,110,1026,5.9,5.9,NULL,2026-01-27 16:00:00.000
13163,110,1032,18.9185239428944,18.9185239428944,NULL,2026-01-27 16:00:00.000
13164,110,1027,12.7,12.7,NULL,2026-01-27 16:00:00.000
13165,110,1033,40.7229242902332,40.7229242902332,NULL,2026-01-27 16:00:00.000
13166,110,5147,252.730152927475,252.730152927475,NULL,2026-01-27 16:00:00.000
13167,110,5146,694.26555,694.26555,NULL,2026-01-27 16:00:00.000
13168,110,1028,4,4,NULL,2026-01-27 16:00:00.000
13169,110,1034,12.8259421896935,12.8259421896935,NULL,2026-01-27 16:00:00.000
13170,110,2867,0,0,NULL,2026-01-27 16:00:00.000
13171,110,881,286.769239970576,286.769239970576,NULL,2026-01-27 16:00:00.000
13172,110,11,85.8188428399828,85.8188428399828,NULL,2026-01-27 16:00:00.000
13173,110,2698,17628.3302067148,17628.3302067148,NULL,2026-01-27 16:00:00.000
13174,110,2731,634.836261189779,634.836261189779,NULL,2026-01-27 16:00:00.000
13175,110,2730,2745.4222918023,2745.4222918023,NULL,2026-01-27 16:00:00.000
13176,110,5149,458.531757584992,458.531757584992,NULL,2026-01-27 16:00:00.000
13177,110,2872,0,0,NULL,2026-01-27 16:00:00.000
13178,110,918,155.444861282246,155.444861282246,NULL,2026-01-27 16:00:00.000
13179,110,5254,0,0,NULL,2026-01-27 16:00:00.000
13180,110,389,1,1,NULL,2026-01-27 16:00:00.000
13181,110,396,3.5,3.5,NULL,2026-01-27 16:00:00.000
13182,110,5150,47.788849947758,47.788849947758,NULL,2026-01-27 16:00:00.000
13183,110,5151,0,0,NULL,2026-01-27 16:00:00.000
13184,110,5048,73.8657567256292,73.8657567256292,0,2026-01-27 16:00:00.000
13185,110,73,146.745237351312,146.049944254557,NULL,2026-01-27 16:00:00.000
13186,110,5200,279.071205853707,279.071205853707,NULL,2026-01-27 16:00:00.000
13187,110,2849,146.745237351312,146.745237351312,NULL,2026-01-27 16:00:00.000
13188,110,5144,0,0,NULL,2026-01-27 16:00:00.000
13189,110,5145,660.4112,660.4112,NULL,2026-01-27 16:00:00.000
13190,110,518,126.627180757311,126.627180757311,NULL,2026-01-27 16:00:00.000
13191,110,1020,368.017822148817,368.017822148817,NULL,2026-01-27 16:00:00.000
13192,110,412,0,0,NULL,2026-01-27 16:00:00.000
13193,110,376,-16.6949901580811,-16.6949901580811,NULL,2026-01-27 16:00:00.000
13194,110,1086,26.1414344677418,26.1414344677418,NULL,2026-01-27 16:00:00.000
13195,110,1087,1928.11204585111,1928.11204585111,NULL,2026-01-27 16:00:00.000
13196,110,1092,285.020654469543,285.020654469543,NULL,2026-01-27 16:00:00.000
13197,110,1093,908.362501300039,908.362501300039,NULL,2026-01-27 16:00:00.000
13198,110,1094,286.218004822625,286.218004822625,NULL,2026-01-27 16:00:00.000
13199,110,1095,913.587825252425,913.587825252425,NULL,2026-01-27 16:00:00.000
13200,110,4915,0.0752331909122892,0.0752331909122892,0,2026-01-27 16:00:00.000
13201,110,4906,1.33227632595433,1.33227632595433,0,2026-01-27 16:00:00.000
13202,110,1098,153.968845835909,153.968845835909,NULL,2026-01-27 16:00:00.000
13203,110,1099,447.481172560392,447.481172560392,NULL,2026-01-27 16:00:00.000
13204,110,1096,140.043562168068,140.043562168068,NULL,2026-01-27 16:00:00.000
13205,110,1097,412.562687024347,412.562687024347,NULL,2026-01-27 16:00:00.000
13206,110,4897,0,0,0,2026-01-27 16:00:00.000
13207,110,4889,118.810751192305,118.810751192305,NULL,2026-01-27 16:00:00.000
13208,110,1090,372.383685094198,372.383685094198,NULL,2026-01-27 16:00:00.000
13209,110,1091,1275.92530835322,1275.92530835322,NULL,2026-01-27 16:00:00.000
13210,110,1088,451.023375956872,451.023375956872,NULL,2026-01-27 16:00:00.000
13211,110,1089,1545.3742016026,1545.3742016026,NULL,2026-01-27 16:00:00.000
13212,110,2925,2.5,2.5,NULL,2026-01-27 16:00:00.000
13213,110,5523,0,0,NULL,2026-01-27 16:00:00.000
13214,110,5524,0,0,NULL,2026-01-27 16:00:00.000
13215,110,5525,0,0,NULL,2026-01-27 16:00:00.000
13216,110,5526,0,0,NULL,2026-01-27 16:00:00.000
13217,110,5527,0,0,NULL,2026-01-27 16:00:00.000
13218,110,186,4.539,5.63612013701714,1,2026-01-27 16:00:00.000
13219,110,2532,8.12207650618851,8.12207650618851,1,2026-01-27 16:00:00.000
13220,110,895,1.60978928978458,1.60978928978458,1,2026-01-27 16:00:00.000
13221,110,33,5636.12013701714,5636.12013701714,NULL,2026-01-27 16:00:00.000
13222,110,187,4.903,5.74532076115587,1,2026-01-27 16:00:00.000
13223,110,2533,6.23577440065892,6.23577440065892,1,2026-01-27 16:00:00.000
13224,110,896,1.64097918476602,1.64097918476602,1,2026-01-27 16:00:00.000
13225,110,34,5745.32076115587,5745.32076115587,NULL,2026-01-27 16:00:00.000
13226,110,188,4.614,5.78046020067003,1,2026-01-27 16:00:00.000
13227,110,2534,8.63540707312525,8.63540707312525,1,2026-01-27 16:00:00.000
13228,110,897,1.65101571557156,1.65101571557156,1,2026-01-27 16:00:00.000
13229,110,35,5780.46020067003,5780.46020067003,NULL,2026-01-27 16:00:00.000
13230,110,189,4.843,5.68285582259793,1,2026-01-27 16:00:00.000
13231,110,2535,6.21752624453165,6.21752624453165,1,2026-01-27 16:00:00.000
13232,110,898,1.6231379417419,1.6231379417419,1,2026-01-27 16:00:00.000
13233,110,36,5682.85582259793,5682.85582259793,NULL,2026-01-27 16:00:00.000
13234,110,190,6.264,6.7660771096327,1,2026-01-27 16:00:00.000
13235,110,2536,3.71692083560681,3.71692083560681,1,2026-01-27 16:00:00.000
13236,110,899,1.9325277318712,1.9325277318712,1,2026-01-27 16:00:00.000
13237,110,37,6766.0771096327,6766.0771096327,NULL,2026-01-27 16:00:00.000
13238,110,255,0,0,NULL,2026-01-27 16:00:00.000
13239,110,253,0,0,NULL,2026-01-27 16:00:00.000
13240,110,256,0,0,NULL,2026-01-27 16:00:00.000
13241,110,254,0,0,NULL,2026-01-27 16:00:00.000
13242,110,4252,24.5670771563053,24.5670771563053,0,2026-01-27 16:00:00.000
13243,110,4275,24.1220252464215,24.1220252464215,0,2026-01-27 16:00:00.000
13244,110,4298,30.0285210228629,30.0285210228629,0,2026-01-27 16:00:00.000
13245,110,422,2468.9995839516,3090.13063175096,1,2026-01-27 16:00:00.000
13246,110,1195,621.131047799357,621.131047799357,1,2026-01-27 16:00:00.000
13247,110,784,5.32,7.01783125734456,1,2026-01-27 16:00:00.000
13248,110,4048,5.30010821972215,7.01783125734456,1,2026-01-27 16:00:00.000
13249,110,875,300.571278202548,300.571278202548,1,2026-01-27 16:00:00.000
13250,110,785,5.875,7.01801328387451,1,2026-01-27 16:00:00.000
13251,110,4049,5.8588362719268,7.01801328387451,1,2026-01-27 16:00:00.000
13252,110,876,300.579074335679,300.579074335679,1,2026-01-27 16:00:00.000
13253,110,786,5.298,7.01861295768229,1,2026-01-27 16:00:00.000
13254,110,4050,5.29097732258369,7.01861295768229,1,2026-01-27 16:00:00.000
13255,110,877,300.604758156834,300.604758156834,1,2026-01-27 16:00:00.000
13256,110,787,5.835,7.01780134038628,1,2026-01-27 16:00:00.000
13257,110,4051,5.83331848637001,7.01780134038628,1,2026-01-27 16:00:00.000
13258,110,878,300.569996869604,300.569996869604,1,2026-01-27 16:00:00.000
13259,110,788,5.888,7.19508421923598,1,2026-01-27 16:00:00.000
13260,110,4052,5.87473361163105,7.19508421923598,1,2026-01-27 16:00:00.000
13261,110,879,308.162961069692,308.162961069692,1,2026-01-27 16:00:00.000
13262,110,1199,7.10903737510576,7.10903737510576,1,2026-01-27 16:00:00.000
13263,110,3043,304.477604586028,304.477604586028,1,2026-01-27 16:00:00.000
13264,110,4075,13.7997097227698,13.7997470978756,1,2026-01-27 16:00:00.000
13265,110,4074,12.352,12.3520373751058,1,2026-01-27 16:00:00.000
13266,110,4073,1.44770972276982,1.44770972276982,NULL,2026-01-27 16:00:00.000
13267,110,4076,0.100316992039641,0.100316992039641,NULL,2026-01-27 16:00:00.000
13268,110,2486,2.15,2.15,NULL,2026-01-27 16:00:00.000
13269,110,228,1205.99737173359,1496.68878131443,NULL,2026-01-27 16:00:00.000
13270,110,363,85.5410578062888,85.5410578062888,NULL,2026-01-27 16:00:00.000
13271,110,1164,2.3615602546268,2.3615602546268,NULL,2026-01-27 16:00:00.000
13272,110,2707,1.3722875467961,1.3722875467961,NULL,2026-01-27 16:00:00.000
13273,110,2708,0.431677888324511,0.431677888324511,NULL,2026-01-27 16:00:00.000
13274,110,2709,0.0145218024416654,0.0145218024416654,NULL,2026-01-27 16:00:00.000
13275,110,2706,16.407402612997,16.407402612997,NULL,2026-01-27 16:00:00.000
13276,110,4907,4.20441793971592,4.20441793971592,0,2026-01-27 16:00:00.000
13277,110,2887,0,0,NULL,2026-01-27 16:00:00.000
13278,110,413,0.000244172841310501,0.000244172842940316,NULL,2026-01-27 16:00:00.000
13279,110,377,0.244172841310501,0.244172841310501,NULL,2026-01-27 16:00:00.000
13280,110,414,0.100072819196701,0.100072819196701,NULL,2026-01-27 16:00:00.000
13281,110,378,100.072819196701,100.072819196701,NULL,2026-01-27 16:00:00.000
13282,110,2833,3332.4679757487,3332.4679757487,NULL,2026-01-27 16:00:00.000
13283,110,2834,-2.09174318908657,-2.09174318908657,NULL,2026-01-27 16:00:00.000
13284,110,2888,0,0,NULL,2026-01-27 16:00:00.000
13285,110,2835,3.008006338146,3.008006338146,NULL,2026-01-27 16:00:00.000
13286,110,375,3264.92504329427,3264.92504329427,NULL,2026-01-27 16:00:00.000
13287,110,415,0.148819192594104,0.148845600895584,NULL,2026-01-27 16:00:00.000
13288,110,379,148.819192594104,148.819192594104,NULL,2026-01-27 16:00:00.000
13289,110,2705,81.711099559134,81.711099559134,NULL,2026-01-27 16:00:00.000
13290,110,4077,0.846076561143663,0.846076561143663,NULL,2026-01-27 16:00:00.000
13291,110,5014,3335.95688612196,3335.95688612196,0,2026-01-27 16:00:00.000
13292,110,3055,0,0,NULL,2026-01-27 16:00:00.000
13293,110,3136,0,0,NULL,2026-01-27 16:00:00.000
13294,110,3117,20.1690151190017,20.1690151190017,0,2026-01-27 16:00:00.000
13295,110,4182,0,0,0,2026-01-27 16:00:00.000
13296,110,3007,2.70488198508157,2.70488198508157,0,2026-01-27 16:00:00.000
13297,110,4188,2.70488198508157,2.70488198508157,0,2026-01-27 16:00:00.000
13298,110,3137,47.6396567760329,47.6396567760329,NULL,2026-01-27 16:00:00.000
13299,110,3118,156.937107200501,156.937107200501,0,2026-01-27 16:00:00.000
13300,110,4187,156.937107200501,156.937107200501,0,2026-01-27 16:00:00.000
13301,110,3008,3.76898534508546,3.76898534508546,0,2026-01-27 16:00:00.000
13302,110,4193,3.76898534508546,3.76898534508546,0,2026-01-27 16:00:00.000
13303,110,3138,46.9804782217708,46.9804782217708,NULL,2026-01-27 16:00:00.000
13304,110,3119,156.989423691337,156.989423691337,0,2026-01-27 16:00:00.000
13305,110,4192,156.989423691337,156.989423691337,0,2026-01-27 16:00:00.000
13306,110,3009,2.85904780754778,2.85904780754778,0,2026-01-27 16:00:00.000
13307,110,4198,2.85904780754778,2.85904780754778,0,2026-01-27 16:00:00.000
13308,110,3139,42.2452650365028,42.2452650365028,NULL,2026-01-27 16:00:00.000
13309,110,3120,159.075361178457,159.075361178457,0,2026-01-27 16:00:00.000
13310,110,4197,159.075361178457,159.075361178457,0,2026-01-27 16:00:00.000
13311,110,3010,2.6792971801228,2.6792971801228,0,2026-01-27 16:00:00.000
13312,110,4203,2.6792971801228,2.6792971801228,0,2026-01-27 16:00:00.000
13313,110,3140,46.2312010989041,46.2312010989041,NULL,2026-01-27 16:00:00.000
13314,110,3121,155.557988311937,155.557988311937,0,2026-01-27 16:00:00.000
13315,110,4202,155.557988311937,155.557988311937,0,2026-01-27 16:00:00.000
13316,110,3011,4.44896271120177,4.44896271120177,0,2026-01-27 16:00:00.000
13317,110,4208,4.44896271120177,4.44896271120177,0,2026-01-27 16:00:00.000
13318,110,3141,40.2940471099896,40.2940471099896,NULL,2026-01-27 16:00:00.000
13319,110,3122,156.692937006766,156.692937006766,0,2026-01-27 16:00:00.000
13320,110,4207,156.692937006766,156.692937006766,0,2026-01-27 16:00:00.000
13321,110,3142,0,0,NULL,2026-01-27 16:00:00.000
13322,110,3123,41.0833358586629,41.0833358586629,0,2026-01-27 16:00:00.000
13323,110,4212,0,0,0,2026-01-27 16:00:00.000
13324,110,3013,2.43461201357841,2.43461201357841,0,2026-01-27 16:00:00.000
13325,110,4218,2.43461201357841,2.43461201357841,0,2026-01-27 16:00:00.000
13326,110,3143,49.1187007872187,49.1187007872187,NULL,2026-01-27 16:00:00.000
13327,110,3124,157.104768542468,157.104768542468,0,2026-01-27 16:00:00.000
13328,110,4217,157.104768542468,157.104768542468,0,2026-01-27 16:00:00.000
13329,110,3144,0,0,NULL,2026-01-27 16:00:00.000
13330,110,3125,18.6807803958551,18.6807803958551,0,2026-01-27 16:00:00.000
13331,110,4222,0,0,0,2026-01-27 16:00:00.000
13332,110,3146,92.498114891551,92.498114891551,0,2026-01-27 16:00:00.000
13333,110,3147,92.1705505243504,92.1705505243504,0,2026-01-27 16:00:00.000
13334,110,3148,92.4761048463901,92.4761048463901,0,2026-01-27 16:00:00.000
13335,110,3149,92.5256976039822,92.5256976039822,0,2026-01-27 16:00:00.000
13336,110,3150,91.86515603488,91.86515603488,0,2026-01-27 16:00:00.000
13337,110,3152,92.7325791735926,92.7325791735926,0,2026-01-27 16:00:00.000
13338,110,5160,0,0,NULL,2026-01-27 16:00:00.000
13339,110,2986,0,0,NULL,2026-01-27 16:00:00.000
13340,110,5161,0,0,NULL,2026-01-27 16:00:00.000
13341,110,2987,1,1,NULL,2026-01-27 16:00:00.000
13342,110,5162,0,0,NULL,2026-01-27 16:00:00.000
13343,110,2988,1,1,NULL,2026-01-27 16:00:00.000
13344,110,5163,0,0,NULL,2026-01-27 16:00:00.000
13345,110,2989,1,1,NULL,2026-01-27 16:00:00.000
13346,110,5164,0,0,NULL,2026-01-27 16:00:00.000
13347,110,2990,1,1,NULL,2026-01-27 16:00:00.000
13348,110,5165,0,0,NULL,2026-01-27 16:00:00.000
13349,110,2991,1,1,NULL,2026-01-27 16:00:00.000
13350,110,5166,0,0,NULL,2026-01-27 16:00:00.000
13351,110,2992,0,0,NULL,2026-01-27 16:00:00.000
13352,110,5167,0,0,NULL,2026-01-27 16:00:00.000
13353,110,2993,1,1,NULL,2026-01-27 16:00:00.000
13354,110,5168,0,0,NULL,2026-01-27 16:00:00.000
13355,110,2994,0,0,NULL,2026-01-27 16:00:00.000
13356,110,5514,0,0,NULL,2026-01-27 16:00:00.000
13357,110,648,0.000440402618070268,0.000440402618070268,0,2026-01-27 16:00:00.000
13358,110,991,0.0324827466516226,0.0324827466516226,NULL,2026-01-27 16:00:00.000
13359,110,4184,0,0,0,2026-01-27 16:00:00.000
13360,110,458,98.9441528320313,98.9441528320313,NULL,2026-01-27 16:00:00.000
13361,110,1000,339.019548292033,339.019548292033,NULL,2026-01-27 16:00:00.000
13362,110,5515,0,0,NULL,2026-01-27 16:00:00.000
13363,110,649,4.52640710720751,4.52640710720751,0,2026-01-27 16:00:00.000
13364,110,992,333.8539083845,333.8539083845,NULL,2026-01-27 16:00:00.000
13365,110,4189,4.52640710720751,4.52640710720751,0,2026-01-27 16:00:00.000
13366,110,461,64.5358433977763,64.5358433977763,NULL,2026-01-27 16:00:00.000
13367,110,1001,221.12385473148,221.12385473148,NULL,2026-01-27 16:00:00.000
13368,110,5516,0,0,NULL,2026-01-27 16:00:00.000
13369,110,650,4.59091587787204,4.59091587787204,0,2026-01-27 16:00:00.000
13370,110,993,338.611877498047,338.611877498047,NULL,2026-01-27 16:00:00.000
13371,110,4194,4.59091587787204,4.59091587787204,0,2026-01-27 16:00:00.000
13372,110,464,61.1432075419956,61.1432075419956,NULL,2026-01-27 16:00:00.000
13373,110,1002,209.499419710053,209.499419710053,NULL,2026-01-27 16:00:00.000
13374,110,5517,0,0,NULL,2026-01-27 16:00:00.000
13375,110,651,4.09598133942816,4.09598133942816,0,2026-01-27 16:00:00.000
13376,110,994,302.107023617171,302.107023617171,NULL,2026-01-27 16:00:00.000
13377,110,4199,4.09598133942816,4.09598133942816,0,2026-01-27 16:00:00.000
13378,110,467,54.9308184812334,54.9308184812334,NULL,2026-01-27 16:00:00.000
13379,110,1003,188.21345916654,188.21345916654,NULL,2026-01-27 16:00:00.000
13380,110,5518,0,0,NULL,2026-01-27 16:00:00.000
13381,110,652,4.49248961528142,4.49248961528142,0,2026-01-27 16:00:00.000
13382,110,995,331.352258185142,331.352258185142,NULL,2026-01-27 16:00:00.000
13383,110,4204,4.49248961528142,4.49248961528142,0,2026-01-27 16:00:00.000
13384,110,470,60.6442827445136,60.6442827445136,NULL,2026-01-27 16:00:00.000
13385,110,1004,207.789917383411,207.789917383411,NULL,2026-01-27 16:00:00.000
13386,110,5519,0,0,NULL,2026-01-27 16:00:00.000
13387,110,653,3.8394627450837,3.8394627450837,0,2026-01-27 16:00:00.000
13388,110,996,283.186998690817,283.186998690817,NULL,2026-01-27 16:00:00.000
13389,110,4209,3.8394627450837,3.8394627450837,0,2026-01-27 16:00:00.000
13390,110,473,52.2554278736115,52.2554278736115,NULL,2026-01-27 16:00:00.000
13391,110,1005,179.046573713081,179.046573713081,NULL,2026-01-27 16:00:00.000
13392,110,5520,0,0,NULL,2026-01-27 16:00:00.000
13393,110,654,-0.0148658752441406,-0.0148658752441406,0,2026-01-27 16:00:00.000
13394,110,997,-1.09646137306341,-1.09646137306341,NULL,2026-01-27 16:00:00.000
13395,110,4214,0,0,0,2026-01-27 16:00:00.000
13396,110,476,-4.46025466918945,-4.46025466918945,NULL,2026-01-27 16:00:00.000
13397,110,1006,-15.2824950230563,-15.2824950230563,NULL,2026-01-27 16:00:00.000
13398,110,5521,0,0,NULL,2026-01-27 16:00:00.000
13399,110,655,4.60703269932005,4.60703269932005,0,2026-01-27 16:00:00.000
13400,110,998,339.800604827188,339.800604827188,NULL,2026-01-27 16:00:00.000
13401,110,4219,4.60703269932005,4.60703269932005,0,2026-01-27 16:00:00.000
13402,110,479,63.0546020003425,63.0546020003425,NULL,2026-01-27 16:00:00.000
13403,110,1007,216.048569582271,216.048569582271,NULL,2026-01-27 16:00:00.000
13404,110,5522,0,0,NULL,2026-01-27 16:00:00.000
13405,110,656,0.00357055617496371,0.00357055617496371,0,2026-01-27 16:00:00.000
13406,110,999,0.263353274657935,0.263353274657935,NULL,2026-01-27 16:00:00.000
13407,110,4224,0,0,0,2026-01-27 16:00:00.000
13408,110,482,-0.0247042454427729,-0.0247042454427729,NULL,2026-01-27 16:00:00.000
13409,110,1008,-0.084645953208799,-0.084645953208799,NULL,2026-01-27 16:00:00.000
13410,110,1181,-0.0562322594249854,-0.0562322594249854,NULL,2026-01-27 16:00:00.000
13411,110,4185,0,0,0,2026-01-27 16:00:00.000
13412,110,1182,65.417935543153,65.417935543153,NULL,2026-01-27 16:00:00.000
13413,110,4190,65.417935543153,65.417935543153,0,2026-01-27 16:00:00.000
13414,110,1183,64.5127631911172,64.5127631911172,NULL,2026-01-27 16:00:00.000
13415,110,4195,64.5127631911172,64.5127631911172,0,2026-01-27 16:00:00.000
13416,110,1184,58.0104520516131,58.0104520516131,NULL,2026-01-27 16:00:00.000
13417,110,4200,58.0104520516131,58.0104520516131,0,2026-01-27 16:00:00.000
13418,110,1185,63.4838690754837,63.4838690754837,NULL,2026-01-27 16:00:00.000
13419,110,4205,63.4838690754837,63.4838690754837,0,2026-01-27 16:00:00.000
13420,110,1186,55.3310740462807,55.3310740462807,NULL,2026-01-27 16:00:00.000
13421,110,4210,55.3310740462807,55.3310740462807,0,2026-01-27 16:00:00.000
13422,110,1187,-0.00202859370731774,-0.00202859370731774,NULL,2026-01-27 16:00:00.000
13423,110,4215,0,0,0,2026-01-27 16:00:00.000
13424,110,1188,67.4489326648182,67.4489326648182,NULL,2026-01-27 16:00:00.000
13425,110,4220,67.4489326648182,67.4489326648182,0,2026-01-27 16:00:00.000
13426,110,1189,-0.00433624955823714,-0.00433624955823714,NULL,2026-01-27 16:00:00.000
13427,110,4225,0,0,0,2026-01-27 16:00:00.000
13428,110,5025,6,6,0,2026-01-27 16:00:00.000
13429,110,4257,18.8569254181235,18.8569254181235,0,2026-01-27 16:00:00.000
13430,110,4280,142.967070749071,142.967070749071,0,2026-01-27 16:00:00.000
13431,110,2778,859603.061747396,859603.061747396,0,2026-01-27 16:00:00.000
13432,110,5248,859.603061747396,859.603061747396,NULL,2026-01-27 16:00:00.000
13433,110,2898,2671.71095885552,2671.71095885552,NULL,2026-01-27 16:00:00.000
13434,110,2491,89.8423794588045,89.8419587478638,NULL,2026-01-27 16:00:00.000
13435,110,326,416.805169458805,521.476972165625,1,2026-01-27 16:00:00.000
13436,110,2496,774.894526990329,774.894526990329,NULL,2026-01-27 16:00:00.000
13437,110,794,7.40308762199084,7.40308762199084,NULL,2026-01-27 16:00:00.000
13438,110,214,762.889570263701,762.889570263701,NULL,2026-01-27 16:00:00.000
13439,110,2492,2.31931392924138,2.31931392924138,NULL,2026-01-27 16:00:00.000
13440,110,137,170.523229325189,170.523229325189,NULL,2026-01-27 16:00:00.000
13441,110,1011,544.298204897223,544.298204897223,NULL,2026-01-27 16:00:00.000
13442,110,325,417.747,522.654743979058,1,2026-01-27 16:00:00.000
13443,110,327,0.941,1.17777181343308,NULL,2026-01-27 16:00:00.000
13444,110,3,44.7463636302065,44.7463636302065,NULL,2026-01-27 16:00:00.000
13445,110,4,400.946285932117,400.946285932117,NULL,2026-01-27 16:00:00.000
13446,110,337,172.218544697211,172.218544697211,0,2026-01-27 16:00:00.000
13447,110,131,0,0,NULL,2026-01-27 16:00:00.000
13448,110,322,0,0,0,2026-01-27 16:00:00.000
13449,110,2541,0,0,NULL,2026-01-27 16:00:00.000
13450,110,1037,0,0,NULL,2026-01-27 16:00:00.000
13451,110,130,0,0,NULL,2026-01-27 16:00:00.000
13452,110,321,0,0,0,2026-01-27 16:00:00.000
13453,110,2540,0,0,NULL,2026-01-27 16:00:00.000
13454,110,30,0,0,NULL,2026-01-27 16:00:00.000
13455,110,319,0,0,0,2026-01-27 16:00:00.000
13456,110,2538,0,0,NULL,2026-01-27 16:00:00.000
13457,110,311,2.54999649810791,2.54999649810791,0,2026-01-27 16:00:00.000
13458,110,1029,8.13941022526319,8.13941022526319,NULL,2026-01-27 16:00:00.000
13459,110,313,2.54999649810791,2.54999649810791,0,2026-01-27 16:00:00.000
13460,110,126,24.9999656677246,24.9999656677246,NULL,2026-01-27 16:00:00.000
13461,110,125,5,5,NULL,2026-01-27 16:00:00.000
13462,110,310,7.005,7.005,0,2026-01-27 16:00:00.000
13463,110,1016,20.358700468056,20.358700468056,NULL,2026-01-27 16:00:00.000
13464,110,312,7.005,7.005,0,2026-01-27 16:00:00.000
13465,110,122,0,0,NULL,2026-01-27 16:00:00.000
13466,110,120,0,0,NULL,2026-01-27 16:00:00.000
13467,110,121,0,0,NULL,2026-01-27 16:00:00.000
13468,110,302,0,0,0,2026-01-27 16:00:00.000
13469,110,979,0,0,NULL,2026-01-27 16:00:00.000
13470,110,305,0,0,0,2026-01-27 16:00:00.000
13471,110,300,0,0,0,2026-01-27 16:00:00.000
13472,110,933,0,0,NULL,2026-01-27 16:00:00.000
13473,110,303,0,0,0,2026-01-27 16:00:00.000
13474,110,301,0,0,0,2026-01-27 16:00:00.000
13475,110,956,0,0,NULL,2026-01-27 16:00:00.000
13476,110,304,0,0,0,2026-01-27 16:00:00.000
13477,110,286,46.694,208,1,2026-01-27 16:00:00.000
13478,110,287,47.841,207.930778173754,1,2026-01-27 16:00:00.000
13479,110,290,70.061,230.88,1,2026-01-27 16:00:00.000
13480,110,291,71.208,230.803163772867,1,2026-01-27 16:00:00.000
13481,110,118,17.126198530563,100,NULL,2026-01-27 16:00:00.000
13482,110,119,17.5691632543166,99.9467694423029,NULL,2026-01-27 16:00:00.000
13483,110,2422,0.8,0.8,NULL,2026-01-27 16:00:00.000
13484,110,2416,198.408,274.861803160773,NULL,2026-01-27 16:00:00.000
13485,110,880,0,0,NULL,2026-01-27 16:00:00.000
13486,110,3030,0,0,NULL,2026-01-27 16:00:00.000
13487,110,4838,92.0478162850274,92.0478162850274,NULL,2026-01-27 16:00:00.000
13488,110,4833,1000,1000,NULL,2026-01-27 16:00:00.000
13489,110,4834,639.513955900404,639.513955900404,NULL,2026-01-27 16:00:00.000
13490,110,4835,790.173078332431,790.173078332431,NULL,2026-01-27 16:00:00.000
13491,110,4836,1.89115803524521,1.89115803524521,NULL,2026-01-27 16:00:00.000
13492,110,4837,746.154454699198,746.154454699198,NULL,2026-01-27 16:00:00.000
13493,110,4991,14.6187389105613,14.6187389105613,0,2026-01-27 16:00:00.000
13494,110,4992,22.6096755427172,22.6096755427172,0,2026-01-27 16:00:00.000
13495,110,4993,34.074338990547,34.074338990547,0,2026-01-27 16:00:00.000
13496,110,3381,33.1349339312655,33.1349339312655,0,2026-01-27 16:00:00.000
13497,110,3359,-2.01638604670191,-2.01638604670191,0,2026-01-27 16:00:00.000
13498,110,3033,0.123590007424355,0.123590007424355,NULL,2026-01-27 16:00:00.000
13499,110,5242,0.000123590007424355,0.000123590007424355,NULL,2026-01-27 16:00:00.000
13500,110,2654,0.261634961460722,0.261634961460722,NULL,2026-01-27 16:00:00.000
13501,110,3056,0,0,NULL,2026-01-27 16:00:00.000
13502,110,2672,772.15926077101,772.15926077101,NULL,2026-01-27 16:00:00.000
13503,110,3057,1,1,NULL,2026-01-27 16:00:00.000
13504,110,5682,96.7913695682037,96.7913695682037,NULL,2026-01-27 16:00:00.000
13505,110,3058,1,1,NULL,2026-01-27 16:00:00.000
13506,110,4701,498.570948473982,498.570948473982,0,2026-01-27 16:00:00.000
13507,110,4699,30.6185210741096,30.6185210741096,0,2026-01-27 16:00:00.000
13508,110,4702,33.3976399226718,33.3976399226718,0,2026-01-27 16:00:00.000
13509,110,4700,0.130287315162002,0.130287315162002,0,2026-01-27 16:00:00.000
13510,110,4703,10,10,0,2026-01-27 16:00:00.000
13511,110,3076,1,1,NULL,2026-01-27 16:00:00.000
13512,110,4876,54.4286698745445,54.4286698745445,NULL,2026-01-27 16:00:00.000
13513,110,5231,145.784186359935,145.746438335695,0,2026-01-27 16:00:00.000
13514,110,4718,859846.735928819,859846.735928819,NULL,2026-01-27 16:00:00.000
13515,110,4719,261.408662393358,261.408662393358,NULL,2026-01-27 16:00:00.000
13516,110,4720,3.56586062666443,3.56586062666443,0,2026-01-27 16:00:00.000
13517,110,2871,0,0,NULL,2026-01-27 16:00:00.000
13518,110,917,2.93128782815403,2.93128782815403,NULL,2026-01-27 16:00:00.000
13519,110,136,981.516789840698,981.516789840698,NULL,2026-01-27 16:00:00.000
13520,110,1135,0.987011699974537,0.987011699974537,NULL,2026-01-27 16:00:00.000
13521,110,5256,0,0,NULL,2026-01-27 16:00:00.000
13522,110,2820,3.57289803948998,3.57289803948998,NULL,2026-01-27 16:00:00.000
13523,110,5255,0,0,NULL,2026-01-27 16:00:00.000
13524,110,393,1,1,NULL,2026-01-27 16:00:00.000
13525,110,400,6,6,NULL,2026-01-27 16:00:00.000
13526,110,201,42.8296530909008,42.8296530909008,NULL,2026-01-27 16:00:00.000
13527,110,1015,11.6252393821876,11.6252393821876,NULL,2026-01-27 16:00:00.000
13528,110,2453,135.462135850181,135.430658740997,NULL,2026-01-27 16:00:00.000
13529,110,2446,25.320418330622,33.0535101890564,NULL,2026-01-27 16:00:00.000
13530,110,2479,126.969111455201,165.746662017209,NULL,2026-01-27 16:00:00.000
13531,110,1014,42.1537153697287,42.1537153697287,NULL,2026-01-27 16:00:00.000
13532,110,2652,401.905242919922,401.905242919922,NULL,2026-01-27 16:00:00.000
13533,110,332,198.137135850181,270.483583934884,1,2026-01-27 16:00:00.000
13534,110,2498,362.780903155362,362.780903155362,NULL,2026-01-27 16:00:00.000
13535,110,805,5.01449501336428,5.01449501336428,NULL,2026-01-27 16:00:00.000
13536,110,2472,4.35723470031267,4.35632071594008,NULL,2026-01-27 16:00:00.000
13537,110,2473,4.79490689221437,4.79429937172012,NULL,2026-01-27 16:00:00.000
13538,110,32,0,12.1514672384262,NULL,2026-01-27 16:00:00.000
13539,110,318,0,8.79766228062058,1,2026-01-27 16:00:00.000
13540,110,2537,44.1158336354349,44.1158336354349,NULL,2026-01-27 16:00:00.000
13541,110,915,25.5687325039641,25.5687325039641,NULL,2026-01-27 16:00:00.000
13542,110,216,694.624724079084,694.624724079084,NULL,2026-01-27 16:00:00.000
13543,110,2494,1.72538210991082,1.72538210991082,NULL,2026-01-27 16:00:00.000
13544,110,3399,1.09751971769664,1.09751971769664,0,2026-01-27 16:00:00.000
13545,110,2450,198.408,274.861803160773,NULL,2026-01-27 16:00:00.000
13546,110,2451,6.207,6.74993855588966,NULL,2026-01-27 16:00:00.000
13547,110,2452,100.642379458805,101.050789630065,NULL,2026-01-27 16:00:00.000
13548,110,138,61.0490541138119,61.0490541138119,NULL,2026-01-27 16:00:00.000
13549,110,1017,177.427467032296,177.427467032296,NULL,2026-01-27 16:00:00.000
13550,110,331,207.149,282.785303216957,1,2026-01-27 16:00:00.000
13551,110,333,9.011,12.3017192820727,NULL,2026-01-27 16:00:00.000
13552,110,7,5.11371048012486,5.11371048012486,NULL,2026-01-27 16:00:00.000
13553,110,2734,3.88564244478279,3.88564244478279,0,2026-01-27 16:00:00.000
13554,110,2650,73.521782875061,73.521782875061,NULL,2026-01-27 16:00:00.000
13555,110,8,235.817860869302,235.817860869302,NULL,2026-01-27 16:00:00.000
13556,110,339,8.79766228062058,8.79766228062058,0,2026-01-27 16:00:00.000
13557,110,2649,-0.0851259029734259,-0.0851259029734259,NULL,2026-01-27 16:00:00.000
13558,110,340,0,41.4202907428055,1,2026-01-27 16:00:00.000
13559,110,2783,0,0,NULL,2026-01-27 16:00:00.000
13560,110,132,0,0,NULL,2026-01-27 16:00:00.000
13561,110,323,0,0,0,2026-01-27 16:00:00.000
13562,110,2542,0,0,NULL,2026-01-27 16:00:00.000
13563,110,1023,0,0,NULL,2026-01-27 16:00:00.000
13564,110,31,0,34.288320151329,NULL,2026-01-27 16:00:00.000
13565,110,320,0,41.4202907428055,1,2026-01-27 16:00:00.000
13566,110,2539,207.701841381897,207.701841381897,NULL,2026-01-27 16:00:00.000
13567,110,914,120.38019879123,120.38019879123,NULL,2026-01-27 16:00:00.000
13568,110,315,12.6108844220295,12.6108844220295,0,2026-01-27 16:00:00.000
13569,110,314,12.6108844220295,12.6108844220295,0,2026-01-27 16:00:00.000
13570,110,1022,36.6511375567982,36.6511375567982,NULL,2026-01-27 16:00:00.000
13571,110,127,31.8456677323977,31.8456677323977,NULL,2026-01-27 16:00:00.000
13572,110,285,204.615,281.656669185833,NULL,2026-01-27 16:00:00.000
13573,110,2443,1.9818,1.9818,NULL,2026-01-27 16:00:00.000
13574,110,2445,201.32734467835,325.603412438003,NULL,2026-01-27 16:00:00.000
13575,110,2442,96.7083027564368,156.404751867616,NULL,2026-01-27 16:00:00.000
13576,110,2489,40,40,NULL,2026-01-27 16:00:00.000
13577,110,4785,2.90303890324301,2.90303890324301,NULL,2026-01-27 16:00:00.000
13578,110,4786,5,5,NULL,2026-01-27 16:00:00.000
13579,110,5181,2.93181096814546,2.93181096814546,NULL,2026-01-27 16:00:00.000
13580,110,5182,1,1,NULL,2026-01-27 16:00:00.000
13581,110,3035,18.3508986618342,18.3508986618342,NULL,2026-01-27 16:00:00.000
13582,110,3037,168.034624580807,168.034624580807,NULL,2026-01-27 16:00:00.000
13583,110,3038,141.532559133572,141.532559133572,NULL,2026-01-27 16:00:00.000
13584,110,5216,10,10,NULL,2026-01-27 16:00:00.000
13585,110,5290,0,0,NULL,2026-01-27 16:00:00.000
13586,110,5009,15.499669022749,15.499669022749,0,2026-01-27 16:00:00.000
13587,110,345,0,4,NULL,2026-01-27 16:00:00.000
13588,110,2428,125.202464870827,155.427386841244,NULL,2026-01-27 16:00:00.000
13589,110,2661,400.935516357422,400.935516357422,NULL,2026-01-27 16:00:00.000
13590,110,329,133.065464870827,162.218544697211,1,2026-01-27 16:00:00.000
13591,110,2497,198.808522361031,198.808522361031,NULL,2026-01-27 16:00:00.000
13592,110,215,740,740,NULL,2026-01-27 16:00:00.000
13593,110,2493,2.20255701879178,2.20255701879178,NULL,2026-01-27 16:00:00.000
13594,110,328,141.269,172.218544697211,1,2026-01-27 16:00:00.000
13595,110,837,6.81946893930236,6.81946893930236,NULL,2026-01-27 16:00:00.000
13596,110,330,8.203,10,NULL,2026-01-27 16:00:00.000
13597,110,5267,21.0011912687302,21.0011912687302,NULL,2026-01-27 16:00:00.000
13598,110,2660,71.1408309131198,71.1408309131198,NULL,2026-01-27 16:00:00.000
13599,110,6,279.790485129462,279.790485129462,NULL,2026-01-27 16:00:00.000
13600,110,338,0.0310590687677243,0.0310590687677243,0,2026-01-27 16:00:00.000
13601,110,5653,0,0,NULL,2026-01-27 16:00:00.000
13602,110,5652,0,0,NULL,2026-01-27 16:00:00.000
13603,110,296,0.483,0.0310590687677243,0,2026-01-27 16:00:00.000
13604,110,297,0.675,0,0,2026-01-27 16:00:00.000
13605,110,298,0.249,0,0,2026-01-27 16:00:00.000
13606,110,299,0.249,0,0,2026-01-27 16:00:00.000
13607,110,292,0.483,0.0310590687677243,0,2026-01-27 16:00:00.000
13608,110,891,0.0902672773531551,0.0902672773531551,NULL,2026-01-27 16:00:00.000
13609,110,293,0.675,0,0,2026-01-27 16:00:00.000
13610,110,892,0,0,NULL,2026-01-27 16:00:00.000
13611,110,294,0.249,0,0,2026-01-27 16:00:00.000
13612,110,893,0,0,NULL,2026-01-27 16:00:00.000
13613,110,295,0.249,0,0,2026-01-27 16:00:00.000
13614,110,894,0,0,NULL,2026-01-27 16:00:00.000
13615,110,2784,0.13289866776496,0.13289866776496,NULL,2026-01-27 16:00:00.000
13616,110,114,6.62957645867988,0.628095785841994,NULL,2026-01-27 16:00:00.000
13617,110,115,8.44451109965377,0,NULL,2026-01-27 16:00:00.000
13618,110,116,0.367799113737075,0,NULL,2026-01-27 16:00:00.000
13619,110,117,0.367799113737075,0,NULL,2026-01-27 16:00:00.000
13620,110,2423,0.8,0.8,NULL,2026-01-27 16:00:00.000
13621,110,2431,0.942719926952375,1.02518150190774,NULL,2026-01-27 16:00:00.000
13622,110,416,38.4106149388336,45.0461446794162,1,2026-01-27 16:00:00.000
13623,110,2499,579.137195284194,579.137195284194,NULL,2026-01-27 16:00:00.000
13624,110,874,1645.11331283842,1929.31074970193,1,2026-01-27 16:00:00.000
13625,110,380,45046.1446794162,45046.1446794162,NULL,2026-01-27 16:00:00.000
13626,110,2899,0,0,NULL,2026-01-27 16:00:00.000
13627,110,5678,63393.8615719272,63393.8615719272,NULL,2026-01-27 16:00:00.000
13628,110,405,0,0,NULL,2026-01-27 16:00:00.000
13629,110,368,2,2,NULL,2026-01-27 16:00:00.000
13630,110,407,1.44780013666814,1.44780013666814,NULL,2026-01-27 16:00:00.000
13631,110,370,1.44780013666814,1.44780013666814,NULL,2026-01-27 16:00:00.000
13632,110,409,-9.04138983233943E-05,0,NULL,2026-01-27 16:00:00.000
13633,110,372,-0.0904138983233943,-0.0904138983233943,NULL,2026-01-27 16:00:00.000
13634,110,3398,4944.334,5873.48719606331,NULL,2026-01-27 16:00:00.000
13635,110,360,11378.8887600492,12522.5970536648,NULL,2026-01-27 16:00:00.000
13636,110,366,21.4361158262307,21.4361158262307,1,2026-01-27 16:00:00.000
13637,110,362,1143.70922321584,1143.70922321584,1,2026-01-27 16:00:00.000
13638,110,3361,206.665495993537,206.665495993537,1,2026-01-27 16:00:00.000
13639,110,364,7.10903737510576,7.10903737510576,NULL,2026-01-27 16:00:00.000
13640,110,1166,8.18256287416284,8.18256287416284,NULL,2026-01-27 16:00:00.000
13641,110,1167,313.654663210494,313.654663210494,1,2026-01-27 16:00:00.000
13642,110,3391,64.7730866336823,64.7730866336823,NULL,2026-01-27 16:00:00.000
13643,110,5605,9221.9142806248,9221.9142806248,NULL,2026-01-27 16:00:00.000
13644,110,5601,946.995702927475,946.995702927475,NULL,2026-01-27 16:00:00.000
13645,110,5602,47.788849947758,47.788849947758,NULL,2026-01-27 16:00:00.000
13646,110,5603,660.4112,660.4112,NULL,2026-01-27 16:00:00.000
13647,110,3135,0.373182343665924,0.373182343665924,0,2026-01-27 16:00:00.000
13648,110,4186,0,0,0,2026-01-27 16:00:00.000
13649,110,4191,0.373182343665924,0.373182343665924,0,2026-01-27 16:00:00.000
13650,110,4196,0.373182343665924,0.373182343665924,0,2026-01-27 16:00:00.000
13651,110,4201,0.373182343665924,0.373182343665924,0,2026-01-27 16:00:00.000
13652,110,4206,0.373182343665924,0.373182343665924,0,2026-01-27 16:00:00.000
13653,110,4211,0.373182343665924,0.373182343665924,0,2026-01-27 16:00:00.000
13654,110,4216,0,0,0,2026-01-27 16:00:00.000
13655,110,4221,0.373182343665924,0.373182343665924,0,2026-01-27 16:00:00.000
13656,110,4226,0,0,0,2026-01-27 16:00:00.000
13657,110,5604,1.74241375786934,1.74241375786934,NULL,2026-01-27 16:00:00.000
13658,110,2918,23.1467464036412,23.1467464036412,NULL,2026-01-27 16:00:00.000
13659,110,2919,10.7932647102409,10.7932647102409,NULL,2026-01-27 16:00:00.000
13660,110,2424,0.768500305791695,0.700749388254127,NULL,2026-01-27 16:00:00.000
13661,110,3032,18.0697586238259,18.0697586238259,NULL,2026-01-27 16:00:00.000
13662,110,2817,1,1,NULL,2026-01-27 16:00:00.000
13663,110,2818,0,0,NULL,2026-01-27 16:00:00.000
13664,110,4829,316.806640610872,316.806640610872,NULL,2026-01-27 16:00:00.000
13665,110,4830,66.9856856571303,66.9856856571303,NULL,2026-01-27 16:00:00.000
13666,110,4831,-0.818721567837405,-0.818721567837405,NULL,2026-01-27 16:00:00.000
13667,110,4832,0.553617298603058,0.553617298603058,NULL,2026-01-27 16:00:00.000
13668,110,2924,281.386066501266,280.912834883796,0,2026-01-27 16:00:00.000
13669,110,2981,-0.716399153418087,-0.716399153418087,0,2026-01-27 16:00:00.000
13670,110,2921,89.8423794588045,89.8419587478638,0,2026-01-27 16:00:00.000
13671,110,2978,0,0,0,2026-01-27 16:00:00.000
13672,110,4102,665.107892741721,665.107892741721,NULL,2026-01-27 16:00:00.000
13673,110,2923,136.462135850181,136.417670440972,0,2026-01-27 16:00:00.000
13674,110,2980,0,0,0,2026-01-27 16:00:00.000
13675,110,4104,684.065728161025,684.065728161025,NULL,2026-01-27 16:00:00.000
13676,110,2922,125.202464870827,155.427386841244,1,2026-01-27 16:00:00.000
13677,110,2979,206.1179165701,206.1179165701,1,2026-01-27 16:00:00.000
13678,110,4103,1059.9322368808,1059.9322368808,NULL,2026-01-27 16:00:00.000
13679,110,1232,0,0,NULL,2026-01-27 16:00:00.000
13680,110,383,313.342699936761,313.342699936761,NULL,2026-01-27 16:00:00.000
13681,110,421,2379.72492,2773.2216794353,1,2026-01-27 16:00:00.000
13682,110,1194,393.496759435299,393.496759435299,1,2026-01-27 16:00:00.000
13683,110,1198,8.18256287416284,8.18256287416284,1,2026-01-27 16:00:00.000
13684,110,3041,29.4572263469862,29.4572263469862,1,2026-01-27 16:00:00.000
13685,110,4080,45,45,NULL,2026-01-27 16:00:00.000
13686,110,4079,53.5,53.5,NULL,2026-01-27 16:00:00.000
13687,110,1165,0.568,0.568,NULL,2026-01-27 16:00:00.000
13688,110,1120,7,7,0,2026-01-27 16:00:00.000
13689,110,5511,-18.4375050268668,-18.4375050268668,NULL,2026-01-27 16:00:00.000
13690,110,5512,-32.7074982730951,-32.7074982730951,NULL,2026-01-27 16:00:00.000
13691,110,5513,-38.911473070501,-38.911473070501,NULL,2026-01-27 16:00:00.000
13692,110,5097,0,0,NULL,2026-01-27 16:00:00.000
13693,110,1134,336.016815185547,336.016815185547,NULL,2026-01-27 16:00:00.000
13694,110,1127,25.2000007629395,25.2000007629395,NULL,2026-01-27 16:00:00.000
13695,110,1116,0,0,0,2026-01-27 16:00:00.000
13696,110,5094,0,0,NULL,2026-01-27 16:00:00.000
13697,110,1130,0,0,NULL,2026-01-27 16:00:00.000
13698,110,1123,0,0,NULL,2026-01-27 16:00:00.000
13699,110,1117,13,13,0,2026-01-27 16:00:00.000
13700,110,5095,0,0,NULL,2026-01-27 16:00:00.000
13701,110,1131,624.031188964844,624.031188964844,NULL,2026-01-27 16:00:00.000
13702,110,1124,46.8,46.8,NULL,2026-01-27 16:00:00.000
13703,110,1118,24,24,0,2026-01-27 16:00:00.000
13704,110,5096,0,0,NULL,2026-01-27 16:00:00.000
13705,110,1132,1152.0576171875,1152.0576171875,NULL,2026-01-27 16:00:00.000
13706,110,1125,86.4,86.4,NULL,2026-01-27 16:00:00.000
13707,110,1115,3.5,3.5,0,2026-01-27 16:00:00.000
13708,110,1129,168.0084,168.0084,NULL,2026-01-27 16:00:00.000
13709,110,1122,12.6,12.6,NULL,2026-01-27 16:00:00.000
13710,110,1119,6,6,0,2026-01-27 16:00:00.000
13711,110,1133,280.014007568359,280.014007568359,NULL,2026-01-27 16:00:00.000
13712,110,1126,21,21,NULL,2026-01-27 16:00:00.000
13713,110,1114,45,45,NULL,2026-01-27 16:00:00.000
13714,110,1128,2159.4599609375,2159.4599609375,NULL,2026-01-27 16:00:00.000
13715,110,1121,162,162,NULL,2026-01-27 16:00:00.000
13716,110,519,8.48306426130401,8.48306426130401,NULL,2026-01-27 16:00:00.000
13717,110,1021,24.6544131830348,24.6544131830348,NULL,2026-01-27 16:00:00.000
13718,110,3270,0.375827342271805,0.375827342271805,NULL,2026-01-27 16:00:00.000
13719,110,3271,12.968213558197,12.968213558197,NULL,2026-01-27 16:00:00.000
13720,110,3275,261.670353220261,261.670353220261,NULL,2026-01-27 16:00:00.000
13721,110,3247,0.0490449623557894,0.0490449623557894,NULL,2026-01-27 16:00:00.000
13722,110,3249,0.00140925985760987,0.00140925985760987,NULL,2026-01-27 16:00:00.000
13723,110,3250,-0.2160999897538,-0.2160999897538,NULL,2026-01-27 16:00:00.000
13724,110,3251,48.268766002655,48.268766002655,NULL,2026-01-27 16:00:00.000
13725,110,3253,72.5054894765218,72.5054894765218,NULL,2026-01-27 16:00:00.000
13726,110,3254,627.45046403673,627.45046403673,NULL,2026-01-27 16:00:00.000
13727,110,3272,17.3837890625,17.3837890625,NULL,2026-01-27 16:00:00.000
13728,110,3255,72.8975847821766,72.8975847821766,NULL,2026-01-27 16:00:00.000
13729,110,3267,1548.59475220543,1548.59475220543,NULL,2026-01-27 16:00:00.000
13730,110,3257,14626.4903017307,14626.4903017307,NULL,2026-01-27 16:00:00.000
13731,110,5241,14.6264903017307,14.6264903017307,NULL,2026-01-27 16:00:00.000
13732,110,3258,0,0,0,2026-01-27 16:00:00.000
13733,110,3259,0,0,0,2026-01-27 16:00:00.000
13734,110,3260,0,0,0,2026-01-27 16:00:00.000
13735,110,3261,278.676847958869,278.676847958869,0,2026-01-27 16:00:00.000
13736,110,3262,278.676847958869,278.676847958869,0,2026-01-27 16:00:00.000
13737,110,3263,278.676847958869,278.676847958869,0,2026-01-27 16:00:00.000
13738,110,3264,11243.9089364813,11243.9089364813,0,2026-01-27 16:00:00.000
13739,110,3265,11243.9089364813,11243.9089364813,NULL,2026-01-27 16:00:00.000
13740,110,3266,11243.9089364813,11243.9089364813,NULL,2026-01-27 16:00:00.000
13741,110,4249,380.700004330105,380.700004330105,NULL,2026-01-27 16:00:00.000
13742,110,128,71.911944129626,71.911944129626,NULL,2026-01-27 16:00:00.000
13743,110,316,2.60004624307715,2.60004624307715,0,2026-01-27 16:00:00.000
13744,110,1018,7.55653999513231,7.55653999513231,NULL,2026-01-27 16:00:00.000
13745,110,129,0,0,NULL,2026-01-27 16:00:00.000
13746,110,317,0,0,0,2026-01-27 16:00:00.000
13747,110,1019,0,0,NULL,2026-01-27 16:00:00.000
13748,110,505,14.5042055424054,14.5042055424054,NULL,2026-01-27 16:00:00.000
13749,110,1030,46.5057160520554,46.5057160520554,NULL,2026-01-27 16:00:00.000
13750,110,2487,75,75,NULL,2026-01-27 16:00:00.000
13751,110,4259,-0.856995696617911,-0.856995696617911,0,2026-01-27 16:00:00.000
13752,110,4282,-0.0776475520266427,-0.0776475520266427,0,2026-01-27 16:00:00.000
13753,110,4271,10.7962086333169,10.7962086333169,0,2026-01-27 16:00:00.000
13754,110,4294,24.1820221683714,24.1820221683714,0,2026-01-27 16:00:00.000
13755,110,4260,0.0299999993294477,0.0299999993294477,0,2026-01-27 16:00:00.000
13756,110,4283,0.119999997317791,0.119999997317791,0,2026-01-27 16:00:00.000
13757,110,4299,0.0719999969005585,0.0719999969005585,0,2026-01-27 16:00:00.000
13758,110,766,0,0,NULL,2026-01-27 16:00:00.000
13759,110,2648,0,0,NULL,2026-01-27 16:00:00.000
13760,110,1054,0,0,NULL,2026-01-27 16:00:00.000
13761,110,4250,16.8076322758331,16.8076322758331,0,2026-01-27 16:00:00.000
13762,110,4273,106.714972056283,106.714972056283,0,2026-01-27 16:00:00.000
13763,110,4296,110.811256366895,110.811256366895,0,2026-01-27 16:00:00.000
13764,110,3414,7.01221047077068,7.01221047077068,NULL,2026-01-27 16:00:00.000
13765,110,225,782.931156610031,885.451525236017,NULL,2026-01-27 16:00:00.000
13766,110,2477,0.645807522262988,0.649469539490937,NULL,2026-01-27 16:00:00.000
13767,110,2478,207.329205617403,237.868213715178,NULL,2026-01-27 16:00:00.000
13768,110,2440,321.038697243563,366.249992111442,NULL,2026-01-27 16:00:00.000
13769,110,3390,60.9961501741409,60.9961501741409,NULL,2026-01-27 16:00:00.000
13770,110,4806,0,0,NULL,2026-01-27 16:00:00.000
13771,110,3297,10.6342474685775,10.6342474685775,NULL,2026-01-27 16:00:00.000
13772,110,5249,53119.588444992,53913.990878174,NULL,2026-01-27 16:00:00.000
13773,110,5250,16011.2408520534,16011.2408520534,NULL,2026-01-27 16:00:00.000
13774,110,3298,71135.0162937462,71135.0162937462,0,2026-01-27 16:00:00.000
13775,110,3291,46988264,46988264,NULL,2026-01-27 16:00:00.000
13776,110,5232,64200,64200,NULL,2026-01-27 16:00:00.000
13777,110,3363,243.041607331098,245.834472995334,NULL,2026-01-27 16:00:00.000
13778,110,5298,22.6505128982835,22.6505128982835,NULL,2026-01-27 16:00:00.000
13779,110,3362,13502.3115183943,13657.4705007595,1,2026-01-27 16:00:00.000
13780,110,5297,33.0208593130899,33.0208593130899,NULL,2026-01-27 16:00:00.000
13781,110,5302,611.847,612.0306,NULL,2026-01-27 16:00:00.000
13782,110,5296,21.2737683346404,21.2737683346404,NULL,2026-01-27 16:00:00.000
13783,110,3290,27.8496086032656,27.8496086032656,NULL,2026-01-27 16:00:00.000
13784,110,3288,17.19553996275,17.19553996275,NULL,2026-01-27 16:00:00.000
13785,110,3289,17.1806897896131,17.1806897896131,NULL,2026-01-27 16:00:00.000
13786,110,2895,10978.8819687771,10978.8819687771,NULL,2026-01-27 16:00:00.000
13787,110,2901,10978.8819687771,10988.9900759549,NULL,2026-01-27 16:00:00.000
13788,110,2907,2671.71095885552,2668.48084933811,NULL,2026-01-27 16:00:00.000
13789,110,2900,47524.599788954,47524.599788954,NULL,2026-01-27 16:00:00.000
13790,110,2908,24721.2265625,24721.2265625,NULL,2026-01-27 16:00:00.000
13791,110,2974,9.22192757049157,9.22192757049157,0,2026-01-27 16:00:00.000
13792,110,4805,0,0,NULL,2026-01-27 16:00:00.000
13793,110,5643,0.591529514890549,0.591529514890549,NULL,2026-01-27 16:00:00.000
13794,110,5644,0.442830665382588,0.442830665382588,NULL,2026-01-27 16:00:00.000
13795,110,3213,2.93181096814546,2.93181096814546,0,2026-01-27 16:00:00.000
13796,110,3214,2.87143158583006,2.87143158583006,0,2026-01-27 16:00:00.000
13797,110,3215,2.91934793752359,2.91934793752359,0,2026-01-27 16:00:00.000
13798,110,3216,2.8518838907767,2.8518838907767,0,2026-01-27 16:00:00.000
13799,110,3217,2.87756515677339,2.87756515677339,0,2026-01-27 16:00:00.000
13800,110,3244,0,0,0,2026-01-27 16:00:00.000
13801,110,3242,0,0,0,2026-01-27 16:00:00.000
13802,110,3245,10.255689912088,10.255689912088,0,2026-01-27 16:00:00.000
13803,110,3243,0.801006021577457,0.801006021577457,0,2026-01-27 16:00:00.000
13804,110,3219,1.02135207719639,1.02135207719639,0,2026-01-27 16:00:00.000
13805,110,3193,0,0,0,2026-01-27 16:00:00.000
13806,110,3194,0,0,0,2026-01-27 16:00:00.000
13807,110,3195,0,0,0,2026-01-27 16:00:00.000
13808,110,3196,0,0,0,2026-01-27 16:00:00.000
13809,110,3198,0.863693793401169,0.863693793401169,0,2026-01-27 16:00:00.000
13810,110,3199,2.59920285608506,2.59920285608506,0,2026-01-27 16:00:00.000
13811,110,3200,0.628317762249521,0.628317762249521,0,2026-01-27 16:00:00.000
13812,110,3201,0.128344787442164,0.128344787442164,0,2026-01-27 16:00:00.000
13813,110,3246,3.44029901260977,3.44029901260977,0,2026-01-27 16:00:00.000
13814,110,3202,2.21426637541058,2.21426637541058,0,2026-01-27 16:00:00.000
13815,110,3203,1.33856542138018,1.33856542138018,0,2026-01-27 16:00:00.000
13816,110,3204,0,0,0,2026-01-27 16:00:00.000
13817,110,3205,5.10340024662309,5.10340024662309,0,2026-01-27 16:00:00.000
13818,110,3206,5.24875793174321,5.24875793174321,0,2026-01-27 16:00:00.000
13819,110,3207,5.20780329979812,5.20780329979812,0,2026-01-27 16:00:00.000
13820,110,3208,5.21947170219188,5.21947170219188,0,2026-01-27 16:00:00.000
13821,110,3209,5.11804629807023,5.11804629807023,0,2026-01-27 16:00:00.000
13822,110,3210,0,0,0,2026-01-27 16:00:00.000
13823,110,3211,5.03789446922456,5.03789446922456,0,2026-01-27 16:00:00.000
13824,110,3212,0,0,0,2026-01-27 16:00:00.000
13825,110,3241,0.165935726674535,0.165935726674535,0,2026-01-27 16:00:00.000
13826,110,3192,0,0,0,2026-01-27 16:00:00.000
13827,110,3197,0.0369828339433298,0.0369828339433298,0,2026-01-27 16:00:00.000
13828,110,3240,0.0209181282773754,0.0209181282773754,0,2026-01-27 16:00:00.000
13829,110,3220,0.366997892587587,0.366997892587587,0,2026-01-27 16:00:00.000
13830,110,3221,0,0,0,2026-01-27 16:00:00.000
13831,110,3218,1.63787632507553,1.63787632507553,0,2026-01-27 16:00:00.000
13832,110,3224,0,0,0,2026-01-27 16:00:00.000
13833,110,3225,0.558280411288142,0.558280411288142,0,2026-01-27 16:00:00.000
13834,110,3222,0.918899335414171,0.918899335414171,0,2026-01-27 16:00:00.000
13835,110,3223,0,0,0,2026-01-27 16:00:00.000
13836,110,3228,0,0,0,2026-01-27 16:00:00.000
13837,110,3229,0,0,0,2026-01-27 16:00:00.000
13838,110,3230,0,0,0,2026-01-27 16:00:00.000
13839,110,3231,0,0,0,2026-01-27 16:00:00.000
13840,110,3232,0.0317085709189996,0.0317085709189996,0,2026-01-27 16:00:00.000
13841,110,3233,0.0320389051688835,0.0320389051688835,0,2026-01-27 16:00:00.000
13842,110,3234,0.0167969345315009,0.0167969345315009,0,2026-01-27 16:00:00.000
13843,110,3235,0.0178462635019628,0.0178462635019628,0,2026-01-27 16:00:00.000
13844,110,3236,0.0159511996729742,0.0159511996729742,0,2026-01-27 16:00:00.000
13845,110,3237,0.000914042097145446,0.000914042097145446,0,2026-01-27 16:00:00.000
13846,110,3238,0.000887480296951253,0.000887480296951253,0,2026-01-27 16:00:00.000
13847,110,3239,0.000959158930375896,0.000959158930375896,0,2026-01-27 16:00:00.000
13848,110,3226,0.17297078354905,0.17297078354905,0,2026-01-27 16:00:00.000
13849,110,3227,0.936044460030245,0.936044460030245,0,2026-01-27 16:00:00.000
13850,110,2997,0,0,0,2026-01-27 16:00:00.000
13851,110,2998,10.4781525166593,10.4781525166593,0,2026-01-27 16:00:00.000
13852,110,2999,5.39663254840413,5.39663254840413,0,2026-01-27 16:00:00.000
13853,110,2996,17.1079682839759,17.1079682839759,0,2026-01-27 16:00:00.000
13854,110,3000,12.1939434568645,12.1939434568645,0,2026-01-27 16:00:00.000
13855,110,5645,5.59461866970053,5.59461866970053,NULL,2026-01-27 16:00:00.000
13856,110,5641,2.41258388758936,2.41258388758936,NULL,2026-01-27 16:00:00.000
13857,110,5634,0,0,NULL,2026-01-27 16:00:00.000
13858,110,5635,2.56850912324993,2.56850912324993,NULL,2026-01-27 16:00:00.000
13859,110,5636,1.56326103163115,1.56326103163115,NULL,2026-01-27 16:00:00.000
13860,110,5637,1.30775451291983,1.30775451291983,NULL,2026-01-27 16:00:00.000
13861,110,5638,0,0,NULL,2026-01-27 16:00:00.000
13862,110,5639,6.63519011926262,6.63519011926262,NULL,2026-01-27 16:00:00.000
13863,110,5640,2.20648584565177,2.20648584565177,NULL,2026-01-27 16:00:00.000
13864,110,5647,9.79522875740309,9.79522875740309,NULL,2026-01-27 16:00:00.000
13865,110,5648,4.2125775426655,4.2125775426655,NULL,2026-01-27 16:00:00.000
13866,110,5649,9.31495707020972,9.31495707020972,NULL,2026-01-27 16:00:00.000
13867,110,5650,142.729296670389,142.729296670389,NULL,2026-01-27 16:00:00.000
13868,110,52,2.938,2.93181096814546,0,2026-01-27 16:00:00.000
13869,110,3303,-0.00181570031468143,-0.00181570031468143,NULL,2026-01-27 16:00:00.000
13870,110,53,2.874,2.87143158583006,0,2026-01-27 16:00:00.000
13871,110,3304,0.0187862568451665,0.0187862568451665,NULL,2026-01-27 16:00:00.000
13872,110,54,2.926,2.91934793752359,0,2026-01-27 16:00:00.000
13873,110,3305,0.0024349757530105,0.0024349757530105,NULL,2026-01-27 16:00:00.000
13874,110,55,2.855,2.8518838907767,0,2026-01-27 16:00:00.000
13875,110,3306,0.0254613457047697,0.0254613457047697,NULL,2026-01-27 16:00:00.000
13876,110,56,2.88,2.87756515677339,0,2026-01-27 16:00:00.000
13877,110,3307,0.016685388196069,0.016685388196069,NULL,2026-01-27 16:00:00.000
13878,110,350,8.32298540607976,9.62817459801466,1,2026-01-27 16:00:00.000
13879,110,4841,0.156334604698544,0.156334604698544,0,2026-01-27 16:00:00.000
13880,110,4902,0.156334604698544,0.156334604698544,0,2026-01-27 16:00:00.000
13881,110,4824,0.264194468879658,0.264194468879658,0,2026-01-27 16:00:00.000
13882,110,4918,0.264194468879658,0.264194468879658,0,2026-01-27 16:00:00.000
13883,110,349,22.4861107963358,26.3854318490059,1,2026-01-27 16:00:00.000
13884,110,4258,5.39917243624175,5.39917243624175,0,2026-01-27 16:00:00.000
13885,110,4281,19.6192615687847,19.6192615687847,0,2026-01-27 16:00:00.000
13886,110,342,417.745,522.629705810547,NULL,2026-01-27 16:00:00.000
13887,110,2495,776.470667322209,776.470667322209,NULL,2026-01-27 16:00:00.000
13888,110,4253,23.1334828631565,23.1334828631565,0,2026-01-27 16:00:00.000
13889,110,4276,95.9788914786445,95.9788914786445,0,2026-01-27 16:00:00.000
13890,110,406,0,0,NULL,2026-01-27 16:00:00.000
13891,110,369,0.266099661588669,0.266099661588669,NULL,2026-01-27 16:00:00.000
13892,110,408,0.846076561143663,0.846076561143663,NULL,2026-01-27 16:00:00.000
13893,110,371,846.076561143663,846.076561143663,NULL,2026-01-27 16:00:00.000
13894,110,410,0,0,NULL,2026-01-27 16:00:00.000
13895,110,373,0,0,NULL,2026-01-27 16:00:00.000
13896,110,5085,6.38254293302695,6.38254293302695,NULL,2026-01-27 16:00:00.000
13897,110,2985,31.9381133917018,31.9381133917018,1,2026-01-27 16:00:00.000
13898,110,3190,15.366,25.6879369390728,1,2026-01-27 16:00:00.000
13899,110,3191,0,10.2988527682557,1,2026-01-27 16:00:00.000
13900,110,3347,937.043727222307,937.043727222307,1,2026-01-27 16:00:00.000
13901,110,352,1121.371,1230.10444032874,1,2026-01-27 16:00:00.000
13902,110,2480,597.625661750955,791.218288170389,NULL,2026-01-27 16:00:00.000
13903,110,351,1008.993,1106.82946572036,1,2026-01-27 16:00:00.000
13904,110,229,417.747,522.654743979058,1,2026-01-27 16:00:00.000
13905,110,2502,776.641220902349,776.641220902349,1,2026-01-27 16:00:00.000
13906,110,63,5,5,NULL,2026-01-27 16:00:00.000
13907,110,3039,61800,61800,NULL,2026-01-27 16:00:00.000
13908,110,354,66469.4049344415,67463.4536188879,1,2026-01-27 16:00:00.000
13909,110,5084,87498.5796967207,87498.5796967207,0,2026-01-27 16:00:00.000
13910,110,2972,86504.5310122743,87498.5796967207,NULL,2026-01-27 16:00:00.000
13911,110,2983,0,0,0,2026-01-27 16:00:00.000
13912,110,2984,0,0,0,2026-01-27 16:00:00.000
13913,110,5661,67463.4536188879,67463.4536188879,NULL,2026-01-27 16:00:00.000
13914,110,2915,2,2,NULL,2026-01-27 16:00:00.000
13915,110,782,348.384,258.794202433692,NULL,2026-01-27 16:00:00.000
13916,110,358,13,19,NULL,2026-01-27 16:00:00.000
13917,110,424,5402.6017011331,6339.64542835541,1,2026-01-27 16:00:00.000
13918,110,348,1999.71331283842,2313.36797604891,1,2026-01-27 16:00:00.000
13919,110,5099,3670.85884208759,3670.85884208759,NULL,2026-01-27 16:00:00.000
13920,110,5217,108.901149749756,108.901149749756,NULL,2026-01-27 16:00:00.000
13921,110,151,118.863945600298,118.863945600298,NULL,2026-01-27 16:00:00.000
13922,110,382,746112.238377604,746112.238377604,0,2026-01-27 16:00:00.000
13923,110,5243,746.112238377604,746.112238377604,NULL,2026-01-27 16:00:00.000
13924,110,381,82828.4809926181,82828.4809926181,0,2026-01-27 16:00:00.000
13925,110,5244,82.8284809926181,82.8284809926181,NULL,2026-01-27 16:00:00.000
13926,110,419,42.0580267148095,49.1670640899152,1,2026-01-27 16:00:00.000
13927,110,4078,28.2583169920396,35.3673169920396,1,2026-01-27 16:00:00.000
13928,110,418,13.9000267148095,13.9000640899152,NULL,2026-01-27 16:00:00.000
13929,110,335,28.1579739122337,34.9451529449887,1,2026-01-27 16:00:00.000
13930,110,227,28.216,35.2673430585236,1,2026-01-27 16:00:00.000
13931,110,2508,620.460834663347,620.460834663347,NULL,2026-01-27 16:00:00.000
13932,110,2889,621.131047799357,621.131047799357,NULL,2026-01-27 16:00:00.000
13933,110,4053,28.158,35.267,1,2026-01-27 16:00:00.000
13934,110,420,-2.80133521483215,-3.27484284935532,NULL,2026-01-27 16:00:00.000
13935,110,417,39.2566914999773,45.8922212405599,1,2026-01-27 16:00:00.000
13936,110,2890,249.801221057387,249.801221057387,NULL,2026-01-27 16:00:00.000
13937,110,2821,26.1522893841929,26.1522893841929,NULL,2026-01-27 16:00:00.000
13938,110,2831,26.1522893841929,26.1522893841929,NULL,2026-01-27 16:00:00.000
13939,110,359,0,4,NULL,2026-01-27 16:00:00.000
13940,110,3397,9175.67473270308,10113.4921254815,1,2026-01-27 16:00:00.000
13941,110,3296,879.183184254047,879.183184254047,0,2026-01-27 16:00:00.000
13942,110,404,98.5,106.682562874163,1,2026-01-27 16:00:00.000
13943,110,2500,392.782656110714,392.782656110714,NULL,2026-01-27 16:00:00.000
13944,110,1041,354.6,384.057226346986,1,2026-01-27 16:00:00.000
13945,110,4081,49.59,57.7725630267507,1,2026-01-27 16:00:00.000
13946,110,403,98.5,98.5,NULL,2026-01-27 16:00:00.000
13947,110,336,0,8182.56287416285,1,2026-01-27 16:00:00.000
13948,110,269,0,8.18256287416285,NULL,2026-01-27 16:00:00.000
13949,110,224,240.263945600298,240.270671506719,NULL,2026-01-27 16:00:00.000
13950,110,5273,-0.324400291606102,-0.324400291606102,NULL,2026-01-27 16:00:00.000
13951,110,4268,-0.104775041214311,-0.104775041214311,0,2026-01-27 16:00:00.000
13952,110,5276,144.254595328467,144.254595328467,NULL,2026-01-27 16:00:00.000
13953,110,4291,46.5914537131372,46.5914537131372,0,2026-01-27 16:00:00.000
13954,110,5278,172.053713773388,172.053713773388,NULL,2026-01-27 16:00:00.000
13955,110,4309,55.5700331292272,55.5700331292272,0,2026-01-27 16:00:00.000
13956,110,5303,69130.8292970454,69925.2317302273,NULL,2026-01-27 16:00:00.000
13957,110,5528,0,0,NULL,2026-01-27 16:00:00.000
13958,110,4154,4.84790193825908,4.84790193825908,0,2026-01-27 16:00:00.000
13959,110,5271,14.0895051334082,14.0895051334082,NULL,2026-01-27 16:00:00.000
13960,110,4251,4.8517933593856,4.8517933593856,0,2026-01-27 16:00:00.000
13961,110,4157,62.5895310196612,62.5895310196612,0,2026-01-27 16:00:00.000
13962,110,5274,181.904570230604,181.904570230604,NULL,2026-01-27 16:00:00.000
13963,110,4274,62.434678524865,62.434678524865,0,2026-01-27 16:00:00.000
13964,110,4160,44.5218539954605,44.5218539954605,0,2026-01-27 16:00:00.000
13965,110,5277,129.394302609008,129.394302609008,NULL,2026-01-27 16:00:00.000
13966,110,4297,44.512340505388,44.512340505388,0,2026-01-27 16:00:00.000
13967,110,4155,-1.02998860941938,-1.02998860941938,0,2026-01-27 16:00:00.000
13968,110,5272,-2.99346603635669,-2.99346603635669,NULL,2026-01-27 16:00:00.000
13969,110,4255,0,0,0,2026-01-27 16:00:00.000
13970,110,4158,18.1952756585346,18.1952756585346,0,2026-01-27 16:00:00.000
13971,110,5275,52.8811087888388,52.8811087888388,NULL,2026-01-27 16:00:00.000
13972,110,4278,18.1970357227325,18.1970357227325,0,2026-01-27 16:00:00.000
13973,110,281,13,15,NULL,2026-01-27 16:00:00.000
13974,110,347,41.4202907428055,41.4202907428055,0,2026-01-27 16:00:00.000
13975,110,4261,0.00240324949845672,0.00240324949845672,0,2026-01-27 16:00:00.000
13976,110,4284,6.00121262272199,6.00121262272199,0,2026-01-27 16:00:00.000
13977,110,4300,3.49588915713363,3.49588915713363,0,2026-01-27 16:00:00.000
13978,110,4262,0.0015869140625,0.0015869140625,0,2026-01-27 16:00:00.000
13979,110,4285,5.00120000524653,5.00120000524653,0,2026-01-27 16:00:00.000
13980,110,4301,3.49263788925144,3.49263788925144,0,2026-01-27 16:00:00.000
13981,110,4263,0,0,0,2026-01-27 16:00:00.000
13982,110,4286,5.00130866832203,5.00130866832203,0,2026-01-27 16:00:00.000
13983,110,4302,2.99734219829109,2.99734219829109,0,2026-01-27 16:00:00.000
13984,110,4264,0,0,0,2026-01-27 16:00:00.000
13985,110,4287,4.99908782194058,4.99908782194058,0,2026-01-27 16:00:00.000
13986,110,4303,2.99739365762472,2.99739365762472,0,2026-01-27 16:00:00.000
13987,110,4265,0.0170994102954865,0.0170994102954865,0,2026-01-27 16:00:00.000
13988,110,4288,4.99894738892714,4.99894738892714,0,2026-01-27 16:00:00.000
13989,110,4304,2.29991331747505,2.29991331747505,0,2026-01-27 16:00:00.000
13990,110,4305,2.29596546493371,2.29596546493371,0,2026-01-27 16:00:00.000
13991,110,4306,3.29231321363317,3.29231321363317,0,2026-01-27 16:00:00.000
13992,110,2444,0.1,0.1,NULL,2026-01-27 16:00:00.000
13993,110,344,13,15,NULL,2026-01-27 16:00:00.000
13994,110,2736,126.319480936601,126.319480936601,NULL,2026-01-27 16:00:00.000
13995,110,2726,0.126319480936601,0.126319480936601,NULL,2026-01-27 16:00:00.000
13996,110,2737,126.329292812877,126.329292812877,NULL,2026-01-27 16:00:00.000
13997,110,2738,137.902699154324,137.902699154324,NULL,2026-01-27 16:00:00.000
13998,110,2739,1007.94187413482,1007.94187413482,NULL,2026-01-27 16:00:00.000
13999,110,2448,62,62,NULL,2026-01-27 16:00:00.000
14000,110,2430,1.656,0.0310590687677243,NULL,2026-01-27 16:00:00.000
14001,110,1100,66.5685888510673,80.0743055873447,NULL,2026-01-27 16:00:00.000
14002,110,1101,3439.79881833628,3439.79881833628,NULL,2026-01-27 16:00:00.000
14003,110,1112,536.957073843709,536.957073843709,NULL,2026-01-27 16:00:00.000
14004,110,1113,365.285230415811,365.285230415811,NULL,2026-01-27 16:00:00.000
14005,110,1110,522.628444035848,522.628444035848,NULL,2026-01-27 16:00:00.000
14006,110,1111,1675.82913080851,1675.82913080851,NULL,2026-01-27 16:00:00.000
14007,110,449,66.1532795461019,66.1532795461019,NULL,2026-01-27 16:00:00.000
14008,110,5136,7104.01496875996,7104.01496875996,NULL,2026-01-27 16:00:00.000
14009,110,2427,141.269,461.683163772867,NULL,2026-01-27 16:00:00.000
14010,110,2426,46.734,45.7523855991129,NULL,2026-01-27 16:00:00.000
14011,110,2425,94.535,415.930778173754,NULL,2026-01-27 16:00:00.000
14012,110,1102,270.983583934884,270.983583934884,NULL,2026-01-27 16:00:00.000
14013,110,1103,752.358689527134,752.358689527134,NULL,2026-01-27 16:00:00.000
14014,110,1104,281.632467163934,281.632467163934,NULL,2026-01-27 16:00:00.000
14015,110,1105,79.8896635214561,79.8896635214561,NULL,2026-01-27 16:00:00.000
14016,110,1108,162.218544697211,162.218544697211,NULL,2026-01-27 16:00:00.000
14017,110,1109,482.601731118608,482.601731118608,NULL,2026-01-27 16:00:00.000
14018,110,1106,461.683163772867,461.683163772867,NULL,2026-01-27 16:00:00.000
14019,110,1107,533.216169349717,533.216169349717,NULL,2026-01-27 16:00:00.000
14020,110,5140,1.74241375786934,1.74241375786934,NULL,2026-01-27 16:00:00.000
14021,110,5141,0,0,NULL,2026-01-27 16:00:00.000
14022,110,5142,0,0,NULL,2026-01-27 16:00:00.000
14023,110,5143,0,0,NULL,2026-01-27 16:00:00.000
14024,110,395,1,1,NULL,2026-01-27 16:00:00.000
14025,110,402,45,45,NULL,2026-01-27 16:00:00.000
14026,110,2483,1,1,NULL,2026-01-27 16:00:00.000
14027,110,890,533.216169349717,533.216169349717,NULL,2026-01-27 16:00:00.000
14028,110,916,1.45315492277344,1.45315492277344,NULL,2026-01-27 16:00:00.000
14029,110,3074,1,1,NULL,2026-01-27 16:00:00.000
14030,110,3075,1,1,NULL,2026-01-27 16:00:00.000
14031,110,2420,604.321586484321,837.439845607682,NULL,2026-01-27 16:00:00.000
14032,110,2476,207.329205617403,237.868213715178,NULL,2026-01-27 16:00:00.000
14033,110,2475,2198.19953233278,2404.15649253589,NULL,2026-01-27 16:00:00.000
14034,110,2432,12.5664566262752,13.6697701464378,NULL,2026-01-27 16:00:00.000
14035,110,92,1720.41598110849,1720.41598110849,0,2026-01-27 16:00:00.000
14036,110,4237,0,0,NULL,2026-01-27 16:00:00.000
14037,110,5245,1.72041598110849,1.72041598110849,NULL,2026-01-27 16:00:00.000
14038,110,260,0,0,0,2026-01-27 16:00:00.000
14039,110,2515,0,0,NULL,2026-01-27 16:00:00.000
14040,110,5619,0,0,NULL,2026-01-27 16:00:00.000
14041,110,2592,1.39401435689539,1.39401435689539,NULL,2026-01-27 16:00:00.000
14042,110,238,0,0,NULL,2026-01-27 16:00:00.000
14043,110,89,269320.864895399,269320.864895399,0,2026-01-27 16:00:00.000
14044,110,4233,269.402308883667,269.402308883667,NULL,2026-01-27 16:00:00.000
14045,110,5246,269.320864895399,269.320864895399,NULL,2026-01-27 16:00:00.000
14046,110,236,1,1,NULL,2026-01-27 16:00:00.000
14047,110,191,30.644,30.6441684949951,0,2026-01-27 16:00:00.000
14048,110,2516,0,0,NULL,2026-01-27 16:00:00.000
14049,110,5623,2.66000876852747E-05,2.66000876852747E-05,NULL,2026-01-27 16:00:00.000
14050,110,903,8.75259097363829,8.75259097363829,NULL,2026-01-27 16:00:00.000
14051,110,4234,30.6435661458969,30.6435661458969,0,2026-01-27 16:00:00.000
14052,110,41,30644.1684949951,30644.1684949951,NULL,2026-01-27 16:00:00.000
14053,110,2593,27.7325979869152,27.7325979869152,NULL,2026-01-27 16:00:00.000
14054,110,90,263478.466832031,263478.466832031,0,2026-01-27 16:00:00.000
14055,110,4235,263.577223930359,263.577223930359,NULL,2026-01-27 16:00:00.000
14056,110,5247,263.478466832031,263.478466832031,NULL,2026-01-27 16:00:00.000
14057,110,237,1,1,NULL,2026-01-27 16:00:00.000
14058,110,192,30.291,30.2905065057237,0,2026-01-27 16:00:00.000
14059,110,2517,0,0,NULL,2026-01-27 16:00:00.000
14060,110,5624,-0.000393644727209485,-0.000393644727209485,NULL,2026-01-27 16:00:00.000
14061,110,904,8.65157799508345,8.65157799508345,NULL,2026-01-27 16:00:00.000
14062,110,4236,30.2933865261078,30.2933865261078,0,2026-01-27 16:00:00.000
14063,110,42,30290.5065057237,30290.5065057237,NULL,2026-01-27 16:00:00.000
14064,110,2594,27.7325979869152,27.7325979869152,NULL,2026-01-27 16:00:00.000
14065,110,277,2,2,NULL,2026-01-27 16:00:00.000
14066,110,77,360.998070123662,368.23626512146,NULL,2026-01-27 16:00:00.000
14067,110,1138,0,0,NULL,2026-01-27 16:00:00.000
14068,110,2982,0,0,0,2026-01-27 16:00:00.000
14069,110,1139,2,2,NULL,2026-01-27 16:00:00.000
14070,110,78,31.3911365324923,24.1553851542649,NULL,2026-01-27 16:00:00.000
14071,110,357,392.389206656154,392.091688156128,0,2026-01-27 16:00:00.000
14072,110,1040,8.3,8.3,NULL,2026-01-27 16:00:00.000
14073,110,213,818.922739599885,818.922739599885,NULL,2026-01-27 16:00:00.000
14074,110,1208,102.476950035763,102.476950035763,NULL,2026-01-27 16:00:00.000
14075,110,1201,498.570948473982,498.570948473982,NULL,2026-01-27 16:00:00.000
14076,110,123,0,0,NULL,2026-01-27 16:00:00.000
14077,110,124,10,10,NULL,2026-01-27 16:00:00.000
14078,110,308,0,0,0,2026-01-27 16:00:00.000
14079,110,306,0,0,0,2026-01-27 16:00:00.000
14080,110,1038,3.2,3.2,NULL,2026-01-27 16:00:00.000
14081,110,1012,0,0,NULL,2026-01-27 16:00:00.000
14082,110,309,13.24,13.24,0,2026-01-27 16:00:00.000
14083,110,307,13.24,13.24,0,2026-01-27 16:00:00.000
14084,110,1039,3.2,3.2,NULL,2026-01-27 16:00:00.000
14085,110,1013,42.2611526966592,42.2611526966592,NULL,2026-01-27 16:00:00.000
14086,110,5115,16.2034225755599,16.2034225755599,0,2026-01-27 16:00:00.000
14087,110,5116,21.4511721158028,21.4511721158028,0,2026-01-27 16:00:00.000
14088,110,5117,22.2461680452029,22.2461680452029,0,2026-01-27 16:00:00.000
